o fat-distribution-reference-amplitude-0p25
v -0.0038707532106976167 -0.20966895934294594 -0.7097994921104478
v 0 -0.20999999999999996 -0.7071428571428572
v 0 -0.20999999999999996 -0.710031746031746
v 0 -0.20588235294117652 -0.7113734475659161
v -0.006164027675226197 -0.20588235294117652 -0.7113734475659161
v -0.03661297497974429 -0.20588235294117652 -0.7071428571428572
v -0.0038707532106976167 -0.20966895934294594 -0.7071428571428572
v 0.036612974979744285 -0.20588235294117652 -0.7071428571428572
v -0.14114538618993833 -0.14542994940575807 -0.7111587899005478
v -0.1352941176470588 -0.15145225986894234 -0.7071428571428572
v -0.1352941176470588 -0.14734162895927597 -0.7125
v -0.1352941176470588 -0.13970588235294112 -0.7125
v -0.14309954751131218 -0.13970588235294112 -0.7125
v -0.15928126121388084 -0.13970588235294112 -0.7071428571428572
v -0.14114538618993833 -0.14542994940575807 -0.7071428571428572
v -0.07545248868778276 -0.14734162895927597 -0.7125
v -0.0676470588235294 -0.1797762106118678 -0.7071428571428572
v -0.0676470588235294 -0.14734162895927597 -0.7125
v -0.0676470588235294 -0.13970588235294112 -0.7125
v -0.07545248868778276 -0.13970588235294112 -0.7125
v -0.07965446695099729 -0.15145225986894234 -0.7071428571428572
v 0 -0.14734162895927597 -0.7125
v -0.007805429864253373 -0.14734162895927597 -0.7125
v 0 -0.13970588235294112 -0.7125
v -0.007805429864253373 -0.13970588235294112 -0.7125
v -0.04096077999801387 -0.1797762106118678 -0.7071428571428572
v 0.05984162895927602 -0.14734162895927597 -0.7125
v 0.0676470588235294 -0.1797762106118678 -0.7071428571428572
v 0.0676470588235294 -0.14734162895927597 -0.7125
v 0.0676470588235294 -0.13970588235294112 -0.7125
v 0.05984162895927602 -0.13970588235294112 -0.7125
v 0.12748868778280542 -0.14734162895927597 -0.7125
v 0.1352941176470588 -0.15145225986894234 -0.7071428571428572
v 0.1352941176470588 -0.14734162895927597 -0.7125
v 0.1352941176470588 -0.13970588235294112 -0.7125
v 0.12748868778280542 -0.13970588235294112 -0.7125
v 0.09433333764904492 -0.1797762106118678 -0.7071428571428572
v 0.15928126121388073 -0.13970588235294112 -0.7071428571428572
v -0.2088781633669257 -0.07933733372851418 -0.7112176214412751
v -0.2029411764705883 -0.09699509568877086 -0.7071428571428572
v -0.2029411764705883 -0.08116515837104066 -0.7125
v -0.2029411764705883 -0.07352941176470584 -0.7125
v -0.21074660633484166 -0.07352941176470584 -0.7125
v -0.21378814331729143 -0.07352941176470584 -0.7071428571428572
v -0.2088781633669257 -0.07933733372851418 -0.7071428571428572
v -0.14309954751131218 -0.08116515837104066 -0.7125
v -0.1352941176470588 -0.08116515837104066 -0.7125
v -0.1352941176470588 -0.07352941176470584 -0.7125
v -0.14309954751131218 -0.07352941176470584 -0.7125
v -0.15928126121388084 -0.09699509568877086 -0.7071428571428572
v -0.07545248868778276 -0.08116515837104066 -0.7125
v -0.0676470588235294 -0.08116515837104066 -0.7125
v -0.0676470588235294 -0.07352941176470584 -0.7125
v -0.07545248868778276 -0.07352941176470584 -0.7125
v -0.007805429864253373 -0.08116515837104066 -0.7125
v 0 -0.08116515837104066 -0.7125
v 0 -0.07352941176470584 -0.7125
v -0.007805429864253373 -0.07352941176470584 -0.7125
v 0.05984162895927602 -0.08116515837104066 -0.7125
v 0.0676470588235294 -0.08116515837104066 -0.7125
v 0.0676470588235294 -0.07352941176470584 -0.7125
v 0.05984162895927602 -0.07352941176470584 -0.7125
v 0.12748868778280542 -0.08116515837104066 -0.7125
v 0.1352941176470588 -0.08116515837104066 -0.7125
v 0.1352941176470588 -0.07352941176470584 -0.7125
v 0.12748868778280542 -0.07352941176470584 -0.7125
v 0.195135746606335 -0.08116515837104066 -0.7125
v 0.2029411764705884 -0.09699509568877072 -0.7071428571428572
v 0.2029411764705884 -0.08116515837104066 -0.7125
v 0.2029411764705884 -0.07352941176470584 -0.7125
v 0.195135746606335 -0.07352941176470584 -0.7125
v 0.2137881433172915 -0.07352941176470584 -0.7071428571428572
v -0.2029411764705883 -0.014988687782805384 -0.7125
v -0.21074660633484166 -0.014988687782805384 -0.7125
v -0.2029411764705883 -0.007352941176470562 -0.7125
v -0.21074660633484166 -0.007352941176470562 -0.7125
v -0.21904919145776108 -0.007352941176470562 -0.7071428571428572
v -0.21378814331729143 -0.017964104396071476 -0.7071428571428572
v -0.14309954751131218 -0.014988687782805384 -0.7125
v -0.1352941176470588 -0.014988687782805384 -0.7125
v -0.1352941176470588 -0.007352941176470562 -0.7125
v -0.14309954751131218 -0.007352941176470562 -0.7125
v -0.0676470588235294 -0.014988687782805384 -0.7125
v -0.07545248868778276 -0.014988687782805384 -0.7125
v -0.0676470588235294 -0.007352941176470562 -0.7125
v -0.07545248868778276 -0.007352941176470562 -0.7125
v 0 -0.014988687782805384 -0.7125
v -0.007805429864253373 -0.014988687782805384 -0.7125
v 0 -0.007352941176470562 -0.7125
v -0.007805429864253373 -0.007352941176470562 -0.7125
v 0.05984162895927602 -0.014988687782805384 -0.7125
v 0.0676470588235294 -0.014988687782805384 -0.7125
v 0.0676470588235294 -0.007352941176470562 -0.7125
v 0.05984162895927602 -0.007352941176470562 -0.7125
v 0.1352941176470588 -0.014988687782805384 -0.7125
v 0.12748868778280542 -0.014988687782805384 -0.7125
v 0.1352941176470588 -0.007352941176470562 -0.7125
v 0.12748868778280542 -0.007352941176470562 -0.7125
v 0.195135746606335 -0.014988687782805384 -0.7125
v 0.2029411764705884 -0.014988687782805384 -0.7125
v 0.2029411764705884 -0.007352941176470562 -0.7125
v 0.195135746606335 -0.007352941176470562 -0.7125
v 0.2190491914577612 -0.007352941176470562 -0.7071428571428572
v 0.2190491914577612 -0.05777157101638459 -0.7071428571428572
v -0.21074660633484166 0.0511877828054299 -0.7125
v -0.2029411764705883 0.0511877828054299 -0.7125
v -0.2029411764705883 0.05882352941176472 -0.7125
v -0.21074660633484166 0.05882352941176472 -0.7125
v -0.2147582574451998 0.05882352941176472 -0.7071428571428572
v -0.21904919145776108 0.043065688663443465 -0.7071428571428572
v -0.14309954751131218 0.0511877828054299 -0.7125
v -0.1352941176470588 0.0511877828054299 -0.7125
v -0.1352941176470588 0.05882352941176472 -0.7125
v -0.14309954751131218 0.05882352941176472 -0.7125
v -0.07545248868778276 0.0511877828054299 -0.7125
v -0.0676470588235294 0.0511877828054299 -0.7125
v -0.0676470588235294 0.05882352941176472 -0.7125
v -0.07545248868778276 0.05882352941176472 -0.7125
v -0.007805429864253373 0.0511877828054299 -0.7125
v 0 0.0511877828054299 -0.7125
v 0 0.05882352941176472 -0.7125
v -0.007805429864253373 0.05882352941176472 -0.7125
v 0.05984162895927602 0.0511877828054299 -0.7125
v 0.0676470588235294 0.0511877828054299 -0.7125
v 0.0676470588235294 0.05882352941176472 -0.7125
v 0.05984162895927602 0.05882352941176472 -0.7125
v 0.12748868778280542 0.0511877828054299 -0.7125
v 0.1352941176470588 0.0511877828054299 -0.7125
v 0.1352941176470588 0.05882352941176472 -0.7125
v 0.12748868778280542 0.05882352941176472 -0.7125
v 0.195135746606335 0.0511877828054299 -0.7125
v 0.2029411764705884 0.0511877828054299 -0.7125
v 0.2029411764705884 0.05882352941176472 -0.7125
v 0.195135746606335 0.05882352941176472 -0.7125
v 0.2147582574451999 0.05882352941176472 -0.7071428571428572
v 0.2147582574451999 0.004207246733475507 -0.7071428571428572
v -0.2029411764705883 0.09772945533292465 -0.7071428571428572
v -0.14309954751131218 0.11736425339366519 -0.7125
v -0.1352941176470588 0.11736425339366519 -0.7125
v -0.1352941176470588 0.125 -0.7125
v -0.14309954751131218 0.125 -0.7125
v -0.1750646196998001 0.125 -0.7071428571428572
v -0.07545248868778276 0.11736425339366519 -0.7125
v -0.0676470588235294 0.11736425339366519 -0.7125
v -0.0676470588235294 0.125 -0.7125
v -0.07545248868778276 0.125 -0.7125
v -0.007805429864253373 0.11736425339366519 -0.7125
v 0 0.11736425339366519 -0.7125
v 0 0.125 -0.7125
v -0.007805429864253373 0.125 -0.7125
v 0.05984162895927602 0.11736425339366519 -0.7125
v 0.0676470588235294 0.11736425339366519 -0.7125
v 0.0676470588235294 0.125 -0.7125
v 0.05984162895927602 0.125 -0.7125
v 0.12748868778280542 0.11736425339366519 -0.7125
v 0.1352941176470588 0.11736425339366519 -0.7125
v 0.1352941176470588 0.125 -0.7125
v 0.12748868778280542 0.125 -0.7125
v 0.2029411764705884 0.09772945533292426 -0.7071428571428572
v 0.17506461969979978 0.125 -0.7071428571428572
v 0.17506461969979978 0.09772945533292426 -0.7071428571428572
v 0.20939947466878367 0.06514142982304272 -0.7071428571428572
v -0.1352941176470588 0.1413121306265392 -0.7071428571428572
v -0.07545248868778276 0.18354072398190047 -0.7125
v -0.0676470588235294 0.18354072398190047 -0.7125
v -0.0676470588235294 0.19117647058823528 -0.7125
v -0.07545248868778276 0.19117647058823528 -0.7125
v -0.08432168124176947 0.19117647058823528 -0.7071428571428572
v -0.007805429864253373 0.18354072398190047 -0.7125
v 0 0.18354072398190047 -0.7125
v 0 0.19117647058823528 -0.7125
v -0.007805429864253373 0.19117647058823528 -0.7125
v 0.05984162895927602 0.18354072398190047 -0.7125
v 0.0676470588235294 0.18354072398190047 -0.7125
v 0.0676470588235294 0.19117647058823528 -0.7125
v 0.05984162895927602 0.19117647058823528 -0.7125
v 0.1352941176470588 0.1413121306265392 -0.7071428571428572
v 0.08432168124176946 0.19117647058823528 -0.7071428571428572
v 0.08432168124176946 0.1413121306265392 -0.7071428571428572
v 0.14193942162632162 0.13150084084927882 -0.7071428571428572
v -0.0676470588235294 0.1967412890190002 -0.7071428571428572
v 0 0.19731953575023017 -0.7071428571428572
v -0.061367481102379065 0.19731953575023017 -0.7071428571428572
v 0.0676470588235294 0.1967412890190002 -0.7071428571428572
v 0.005688481062559693 0.1967412890190002 -0.7071428571428572
v 0.07212462014105345 0.19555669361624795 -0.7071428571428572
v -0.0038707532106976167 -0.20966895934294594 -0.6633709206818764
v 0 -0.20999999999999996 -0.6607142857142858
v 0 -0.20999999999999996 -0.6636031746031746
v -0.03661297497974429 -0.20588235294117652 -0.6858430666786445
v -0.03661297497974429 -0.20588235294117652 -0.6607142857142858
v -0.0038707532106976167 -0.20966895934294594 -0.6607142857142858
v 0.036612974979744285 -0.20588235294117652 -0.6820140761784985
v 0.036612974979744285 -0.20588235294117652 -0.6607142857142858
v -0.1588362770825938 -0.16273625571379058 -0.6768721032150722
v -0.1352941176470588 -0.17602685679002145 -0.6607142857142858
v -0.1352941176470588 -0.17602685679002145 -0.6861966201606183
v -0.18643046648903575 -0.13970588235294112 -0.6958109723418537
v -0.18643046648903575 -0.13970588235294112 -0.6607142857142858
v -0.1588362770825938 -0.16273625571379058 -0.6607142857142858
v -0.11337442136926498 -0.18443917179985644 -0.6920985935484708
v -0.0676470588235294 -0.2017038518119489 -0.6607142857142858
v -0.0676470588235294 -0.2017038518119489 -0.7042112738109229
v -0.11337442136926498 -0.18443917179985644 -0.6607142857142858
v -0.06337570211365226 -0.2017038518119489 -0.7042112738109229
v -0.06337570211365226 -0.2017038518119489 -0.6607142857142858
v 0.0676470588235294 -0.2017038518119489 -0.6607142857142858
v 0.0676470588235294 -0.2017038518119489 -0.7042112738109229
v 0.07465520114444267 -0.1990265615402831 -0.702332920953659
v 0.1352941176470588 -0.17602685679002145 -0.6607142857142858
v 0.1352941176470588 -0.17602685679002145 -0.6861966201606183
v 0.07465520114444267 -0.1990265615402831 -0.6607142857142858
v 0.15928126121388073 -0.13970588235294112 -0.690679631278672
v 0.18643046648903572 -0.13970588235294112 -0.6607142857142858
v -0.22372485361332695 -0.09386126983912413 -0.6749788591569729
v -0.2029411764705883 -0.1209730448103349 -0.6607142857142858
v -0.2029411764705883 -0.1209730448103349 -0.6940001362002668
v -0.23461178117534368 -0.07352941176470584 -0.6824509429805931
v -0.23461178117534368 -0.07352941176470584 -0.6607142857142858
v -0.22372485361332695 -0.09386126983912413 -0.6607142857142858
v -0.19222218238996508 -0.12921990988276627 -0.6997860320129885
v -0.19222218238996508 -0.12921990988276627 -0.6607142857142858
v 0.2029411764705884 -0.12097304481033473 -0.6607142857142858
v 0.2029411764705884 -0.12097304481033473 -0.6940001362002667
v 0.2137881433172915 -0.07352941176470584 -0.6996981997729149
v 0.23461178117534368 -0.07352941176470584 -0.6607142857142858
v -0.2422822281803088 -0.04583875263163201 -0.6877154423225101
v -0.24993040958891535 -0.007352941176470562 -0.6929646599973612
v -0.24993040958891535 -0.007352941176470562 -0.6607142857142858
v -0.2422822281803088 -0.04583875263163201 -0.6607142857142858
v 0.2190491914577612 -0.05777157101638459 -0.6960873561734
v 0.2190491914577612 -0.007352941176470562 -0.6960873561734
v 0.24993040958891535 -0.007352941176470562 -0.6607142857142858
v 0.2428723904848352 -0.03446626762033386 -0.6607142857142858
v -0.24503916095664882 0.01764071850148805 -0.6896076228926069
v -0.23861733511249253 0.05882352941176472 -0.6852000964591952
v -0.23861733511249253 0.05882352941176472 -0.6607142857142858
v -0.24503916095664882 0.01764071850148805 -0.6607142857142858
v 0.2147582574451999 0.004207246733475507 -0.699032376101276
v 0.2147582574451999 0.05882352941176472 -0.699032376101276
v 0.23861733511249253 0.05882352941176472 -0.6607142857142858
v 0.24396037260930353 0.032774533307055244 -0.6607142857142858
v -0.2029411764705883 0.09772945533292465 -0.6798469535600752
v -0.2029411764705883 0.11723414347689584 -0.6607142857142858
v -0.19679877058395762 0.125 -0.7029271065188032
v -0.19679877058395762 0.125 -0.6607142857142858
v 0.17506461969979978 0.09772945533292426 -0.6798469535600754
v 0.2029411764705884 0.11723414347689566 -0.6607142857142858
v 0.2029411764705884 0.09772945533292426 -0.6798469535600754
v 0.17506461969979978 0.125 -0.6798469535600754
v 0.19679877058395756 0.125 -0.6607142857142858
v 0.19836767680460404 0.12052592423979792 -0.6607142857142858
v 0.20939947466878367 0.06514142982304272 -0.7027102984416114
v 0.22712585827745507 0.08248245726630829 -0.6607142857142858
v -0.1352941176470588 0.17109853713576678 -0.6607142857142858
v -0.1352941176470588 0.1413121306265392 -0.6956984734334439
v -0.0854500574885224 0.19117647058823528 -0.6729331139905699
v -0.0854500574885224 0.19117647058823528 -0.6607142857142858
v 0.08432168124176946 0.1413121306265392 -0.6956984734334439
v 0.1352941176470588 0.17109853713576678 -0.6607142857142858
v 0.1352941176470588 0.1413121306265392 -0.6956984734334439
v 0.08432168124176946 0.19117647058823528 -0.6956984734334439
v 0.0854500574885224 0.19117647058823528 -0.6607142857142858
v 0.11904162877242816 0.1752772966891401 -0.6607142857142858
v 0.14193942162632162 0.13150084084927882 -0.7025819497533632
v 0.1646049978669698 0.15367368717165197 -0.6607142857142858
v -0.0676470588235294 0.19720579982671604 -0.6607142857142858
v -0.0676470588235294 0.1967412890190002 -0.7032386511961936
v -0.061367481102379065 0.19731953575023017 -0.7028329606323782
v 0 0.20500000000000002 -0.6607142857142858
v 0 0.19731953575023017 -0.7028329606323782
v -0.06084872118702305 0.19782701827612192 -0.6607142857142858
v 0.005688481062559693 0.1967412890190002 -0.7032386511961936
v 0.0676470588235294 0.19720579982671604 -0.6607142857142858
v 0.0676470588235294 0.1967412890190002 -0.7032386511961936
v 0.012956626658635246 0.20385143144994367 -0.6607142857142858
v 0.07212462014105345 0.19555669361624795 -0.7040697482882832
v 0.07250630192399643 0.19593007796912695 -0.6607142857142858
v -0.14566891723282427 -0.21603161340551227 -0.6214063065479943
v -0.1352941176470588 -0.22794985373707116 -0.6142857142857143
v -0.1352941176470588 -0.21854166274644504 -0.6231673252919503
v -0.1352941176470588 -0.20588235294117652 -0.6349968192680441
v -0.15295616805752466 -0.20588235294117652 -0.6264078047848229
v -0.1784355578151463 -0.20588235294117652 -0.6142857142857143
v -0.15110063158795828 -0.22134524701379557 -0.6142857142857143
v -0.08972740817236236 -0.22748269469546964 -0.6294402397704724
v -0.0676470588235294 -0.24794143566977 -0.6142857142857143
v -0.0676470588235294 -0.23079218670974794 -0.6317621373423946
v -0.0676470588235294 -0.20588235294117652 -0.6570681425877966
v -0.10976445351688696 -0.20588235294117652 -0.643192373376497
v -0.10188596987002266 -0.23937693983448516 -0.6142857142857143
v -0.0281669896002172 -0.23343701668051942 -0.6336177164647454
v 0 -0.2542857142857142 -0.6142857142857143
v 0 -0.23488018257892734 -0.6346302233331522
v -0.06309730091161017 -0.20588235294117652 -0.65759162578095
v -0.04554884863622062 -0.25044100921574014 -0.6142857142857143
v 0.040753580358276566 -0.2321911905702282 -0.6327436606857791
v 0.0676470588235294 -0.24794143566977 -0.6142857142857143
v 0.0676470588235294 -0.23079218670974794 -0.6317621373423946
v 0.0676470588235294 -0.20588235294117652 -0.6570681425877966
v 0.02047301382515769 -0.2520308752221923 -0.6142857142857143
v 0.11989763469145884 -0.22094412974556776 -0.6248528656310174
v 0.1352941176470588 -0.22794985373707116 -0.6142857142857143
v 0.1352941176470588 -0.21854166274644504 -0.6231673252919503
v 0.1352941176470588 -0.20588235294117652 -0.6349968192680441
v 0.0777018640750532 -0.20588235294117652 -0.6538133168925878
v 0.10418714346219632 -0.23631308855680283 -0.6142857142857143
v 0.1784355578151463 -0.20588235294117652 -0.6142857142857143
v -0.2215686007628273 -0.15792836263882717 -0.6270703750577169
v -0.2029411764705883 -0.1901090737120808 -0.6142857142857143
v -0.2029411764705883 -0.1655645187981869 -0.6324278052520613
v -0.2029411764705883 -0.13970588235294112 -0.6508807581505982
v -0.2296314559978327 -0.13970588235294112 -0.6326041980606244
v -0.256853100348434 -0.13970588235294112 -0.6142857142857143
v -0.23140834784640504 -0.16755420217710978 -0.6142857142857143
v -0.1352941176470588 -0.18952536288961952 -0.6492384292019237
v -0.1739870839605358 -0.17755769722482082 -0.6408420669418585
v -0.19521362888094337 -0.13970588235294112 -0.6554105962195295
v -0.19410776557819653 -0.19724097272035848 -0.6142857142857143
v -0.0676470588235294 -0.20361135663008956 -0.6591209835404755
v -0.12164584511161271 -0.19253078198258794 -0.6513469930734983
v -0.06532559592775163 -0.20361135663008956 -0.6591209835404755
v 0.0676470588235294 -0.20361135663008956 -0.6591209835404755
v 0.07063201983973855 -0.20296228238184147 -0.6586656012901174
v 0.1352941176470588 -0.18952536288961952 -0.6492384292019237
v 0.16277303334508286 -0.17900080497571821 -0.6418545330147103
v 0.2029411764705884 -0.19010907371208072 -0.6142857142857143
v 0.2029411764705884 -0.16556451879818684 -0.6324278052520613
v 0.2029411764705884 -0.13970588235294112 -0.6508807581505981
v 0.256853100348434 -0.13970588235294112 -0.6142857142857143
v -0.281314813332453 -0.08402280332394702 -0.6216477445542613
v -0.2705882352941176 -0.11862882557081138 -0.6142857142857143
v -0.2705882352941176 -0.09087623473857176 -0.6264560250070615
v -0.2705882352941176 -0.07352941176470584 -0.6334859533337996
v -0.2837250980549788 -0.07352941176470584 -0.6233020082923924
v -0.2953777314458116 -0.07352941176470584 -0.6142857142857143
v -0.28772079779343596 -0.09028952725316945 -0.6142857142857143
v -0.2029411764705883 -0.13183816261490164 -0.6551943934536295
v -0.24114798439326007 -0.11090563690645004 -0.6405083992264301
v -0.25167135491621073 -0.07352941176470584 -0.6477309609828652
v -0.26291563596711515 -0.13220007866348224 -0.6142857142857143
v -0.1968317082847185 -0.13372922869285112 -0.6565211414003814
v 0.2029411764705884 -0.13183816261490158 -0.6551943934536295
v 0.225276378821465 -0.1178562278792574 -0.6453848455914791
v 0.2705882352941176 -0.11862882557081138 -0.6142857142857143
v 0.2705882352941176 -0.09087623473857176 -0.6264560250070615
v 0.2705882352941176 -0.07352941176470584 -0.6334859533337996
v 0.2953777314458116 -0.07352941176470584 -0.6142857142857143
v -0.2705882352941176 -0.04292226748977583 -0.6392407019531444
v -0.289818244014193 -0.02616490622871824 -0.6274839500842754
v -0.2705882352941176 -0.007352941176470562 -0.6447151945845944
v -0.2914173244135916 -0.007352941176470562 -0.628581455575788
v -0.30966308528495873 -0.007352941176470562 -0.6142857142857143
v -0.3036022419533618 -0.039649252038774625 -0.6142857142857143
v -0.2543756768901789 -0.05766930028259195 -0.6495870328966757
v -0.25966363238901596 -0.007352941176470562 -0.6532163439688589
v 0.2705882352941176 -0.04292226748977583 -0.6392407019531444
v 0.2705882352941176 -0.007352941176470562 -0.6447151945845944
v 0.3096630852849587 -0.007352941176470562 -0.6142857142857143
v 0.3012661433480261 -0.04351841475544748 -0.6142857142857143
v -0.2705882352941176 0.018629993426143812 -0.6424849887391182
v -0.2885623161332986 0.04124018946039201 -0.6266219623150902
v -0.2705882352941176 0.05882352941176472 -0.6380399129542031
v -0.28745083227739265 0.05882352941176472 -0.6258591115941112
v -0.30305453284332107 0.05882352941176472 -0.6142857142857143
v -0.3062099996603914 0.023976151227366425 -0.6142857142857143
v -0.25877012248662756 0.004208256135204456 -0.6526030964892694
v -0.25447892191096283 0.05882352941176472 -0.6496578936096982
v 0.2705882352941176 0.018629993426143812 -0.6424849887391182
v 0.2705882352941176 0.05882352941176472 -0.6380399129542031
v 0.30305453284332107 0.05882352941176472 -0.6142857142857143
v 0.30654517074364196 0.02782232176328156 -0.6142857142857143
v -0.2729347309906627 0.12270451507946674 -0.6158961973569456
v -0.2705882352941176 0.11826128995189092 -0.6190135076845464
v -0.2705882352941176 0.125 -0.6167701022270876
v -0.2724600772524726 0.125 -0.6155704256919146
v -0.27439269998073945 0.125 -0.6142857142857143
v -0.2767307211986684 0.11899104639772208 -0.6142857142857143
v -0.24816266887530247 0.08076158351712735 -0.6453228255324281
v -0.2029411764705883 0.125 -0.6575324846486855
v -0.23685836408840089 0.125 -0.6375642809426603
v -0.2003382877259504 0.125 -0.658927831016879
v 0.2029411764705884 0.125 -0.6575324846486854
v 0.2705882352941176 0.11826128995189092 -0.6190135076845464
v 0.2705882352941176 0.125 -0.6167701022270876
v 0.24128601867807065 0.125 -0.6343968629569765
v 0.2743926999807395 0.125 -0.6142857142857143
v 0.2946102590144591 0.08232333522514229 -0.6142857142857143
v -0.2705882352941176 0.13013423136564728 -0.6142857142857143
v -0.2029411764705883 0.14836140598999964 -0.6443242199244765
v -0.21101817755751337 0.18327505648146072 -0.6198292460876101
v -0.2029411764705883 0.19117647058823528 -0.619985397997818
v -0.20779327378509377 0.19117647058823528 -0.6176158804549867
v -0.21429637403395282 0.19117647058823528 -0.6142857142857143
v -0.19724446093192533 0.13057287389651812 -0.6568044281551414
v -0.1352941176470588 0.19117647058823528 -0.647424483474672
v -0.16598297011067056 0.19117647058823528 -0.6353485602312366
v -0.12151574603841035 0.19117647058823528 -0.6512577014735674
v 0.1352941176470588 0.19117647058823528 -0.647424483474672
v 0.2029411764705884 0.1483614059900002 -0.6443242199244761
v 0.2029411764705884 0.19117647058823528 -0.619985397997818
v 0.1829248765367541 0.19117647058823528 -0.6280236095819174
v 0.2705882352941176 0.13013423136564728 -0.6142857142857143
v 0.2142963740339528 0.19117647058823528 -0.6142857142857143
v 0.24348606783288784 0.16466348068051045 -0.6142857142857143
v 0.2729417185960206 0.1273023206214269 -0.6142857142857143
v -0.2029411764705883 0.19989301874760054 -0.6142857142857143
v -0.1352941176470588 0.23718724045467304 -0.6142857142857143
v -0.1841535148272248 0.2095557048045691 -0.6142857142857143
v -0.0676470588235294 0.2571155118582565 -0.6144522916803978
v -0.0676470588235294 0.2573311794308698 -0.6142857142857143
v -0.06768193096283938 0.2573188271271456 -0.6142857142857143
v 0 0.25735294117647056 -0.6192150030744006
v -0.006515013684281264 0.25735294117647056 -0.6187571988330005
v -0.06741871996745168 0.25735294117647056 -0.6142857142857143
v 0.06754414993771013 0.257252269440343 -0.6143563442974102
v 0.0676470588235294 0.2573311794308698 -0.6142857142857143
v 0.0676470588235294 0.2571155118582565 -0.6144522916803978
v 0.06741871996745169 0.25735294117647056 -0.6142857142857143
v 0.06762738456616971 0.2573336946203578 -0.6142857142857143
v 0.08430974902901728 0.2074769283979517 -0.6492780915049292
v 0.1352941176470588 0.23718724045467304 -0.6142857142857143
v 0.12051560990787659 0.2428957053446619 -0.6142857142857143
v 0.2029411764705884 0.19989301874760043 -0.6142857142857143
v 0.1673397348191498 0.222525443908759 -0.6142857142857143
v 0.2082931140205246 0.19641206166969463 -0.6142857142857143
v 0 0.26357142857142857 -0.6142857142857143
v 0.005912869507575917 0.2631372700425774 -0.6142857142857143
v -0.14392160220579905 -0.28049875407600555 -0.5737784909549117
v -0.1352941176470588 -0.2912419373079291 -0.5678571428571428
v -0.1352941176470588 -0.28200681761462737 -0.5748365291835957
v -0.1352941176470588 -0.2720588235294118 -0.5823104205695565
v -0.14990468013248776 -0.2720588235294118 -0.5778848891592541
v -0.1838179497721645 -0.2720588235294118 -0.5678571428571428
v -0.14992710299118045 -0.28637370049648736 -0.5678571428571428
v -0.08462649506947317 -0.2886691415960959 -0.5795107310880546
v -0.0676470588235294 -0.3068146169004649 -0.5678571428571428
v -0.0676470588235294 -0.2904977906107025 -0.5807936880157627
v -0.0676470588235294 -0.2720588235294118 -0.5953884353394898
v -0.0988498935780751 -0.2720588235294118 -0.5892727530458217
v -0.09714457729961007 -0.30091509160383856 -0.5678571428571428
v -0.02097213654040552 -0.2925750440580694 -0.5822510626566137
v 0 -0.31185714285714294 -0.5678571428571428
v 0 -0.2933417085427136 -0.5827889447236181
v 0 -0.2720588235294118 -0.5999525616698292
v -0.04254392139011777 -0.2720588235294118 -0.5970565423205467
v -0.03806486258893413 -0.309296189105543 -0.5678571428571428
v 0.048060687069703255 -0.2912194045929374 -0.5812999632223466
v 0.0676470588235294 -0.3068146169004649 -0.5678571428571428
v 0.0676470588235294 -0.2904977906107025 -0.5807936880157627
v 0.0676470588235294 -0.2720588235294118 -0.5953884353394898
v 0.023127606110076273 -0.2720588235294118 -0.5984124194089229
v 0.02945024634536232 -0.30942527051892305 -0.5678571428571428
v 0.12383597986142636 -0.28326787136318266 -0.5757212684802011
v 0.1352941176470588 -0.2912419373079291 -0.5678571428571428
v 0.1352941176470588 -0.28200681761462737 -0.5748365291835957
v 0.1352941176470588 -0.2720588235294118 -0.5823104205695565
v 0.10588399350879407 -0.2720588235294118 -0.5880423522812314
v 0.11035406901439847 -0.2964566971917969 -0.5678571428571428
v 0.18381794977216445 -0.2720588235294118 -0.5678571428571428
v -0.27505767479090304 -0.21025463070977096 -0.5709246774186012
v -0.2705882352941176 -0.21889265593267035 -0.5678571428571428
v -0.2705882352941176 -0.21179994992409137 -0.5720088537562672
v -0.2705882352941176 -0.20588235294117652 -0.575380533917171
v -0.27692769653828214 -0.20588235294117652 -0.5722081395495664
v -0.2857815382410439 -0.20588235294117652 -0.5678571428571428
v -0.2781048202195479 -0.21323553384648877 -0.5678571428571428
v -0.22502349541678265 -0.22748462147549714 -0.5830130201463011
v -0.2029411764705883 -0.26345960426154896 -0.5678571428571428
v -0.2029411764705883 -0.23373843379189851 -0.5874006154539986
v -0.2029411764705883 -0.20588235294117652 -0.6053522139562634
v -0.23597425904703453 -0.20588235294117652 -0.5905289169235858
v -0.23994621492410548 -0.2420829340370086 -0.5678571428571428
v -0.1352941176470588 -0.2497085404325664 -0.5986050394780863
v -0.17212336186830435 -0.2419109614184819 -0.5931343570586809
v -0.19437833176264213 -0.20588235294117652 -0.608408730806037
v -0.1973074912044933 -0.26654760968214497 -0.5678571428571428
v -0.0676470588235294 -0.2593456654630681 -0.6053663240232954
v -0.11580706685255901 -0.25299540427392286 -0.6009110614112284
v 0 -0.2625543256824664 -0.6076174792883335
v -0.05537618045213023 -0.26005470338347786 -0.6058637760245987
v 0.0676470588235294 -0.2593456654630681 -0.6053663240232954
v 0.010317699263991807 -0.26196542207550677 -0.6072043119958317
v 0.1352941176470588 -0.2497085404325664 -0.5986050394780863
v 0.08324592427707526 -0.2567990638465952 -0.6035796606669763
v 0.166144432425557 -0.24187916776783755 -0.5931120510371177
v 0.2029411764705884 -0.26345960426154885 -0.5678571428571428
v 0.2029411764705884 -0.2337384337918985 -0.5874006154539986
v 0.2029411764705884 -0.20588235294117652 -0.6053522139562634
v 0.2619032090488814 -0.21437857426803802 -0.573817983851544
v 0.2705882352941176 -0.21889265593267035 -0.5678571428571428
v 0.2705882352941176 -0.21179994992409137 -0.5720088537562672
v 0.2705882352941176 -0.20588235294117652 -0.575380533917171
v 0.23949778493981227 -0.20588235294117652 -0.5891956196531103
v 0.23164468724553022 -0.24397930211914254 -0.5678571428571428
v 0.2857815382410439 -0.20588235294117652 -0.5678571428571428
v -0.3396034537273909 -0.14104429936247315 -0.568796159235259
v -0.3382352941176471 -0.14498886496491015 -0.5678571428571428
v -0.3382352941176471 -0.141693933077562 -0.5692519340004483
v -0.3382352941176471 -0.13970588235294112 -0.5700510478549236
v -0.33997578949018 -0.13970588235294112 -0.5690517064513346
v -0.34207701712264943 -0.13970588235294112 -0.5678571428571428
v -0.3406030382693784 -0.14202215380572175 -0.5678571428571428
v -0.2705882352941176 -0.17330747356302573 -0.5914315925632657
v -0.29463648611843124 -0.16323134511585666 -0.5843623087955693
v -0.2705882352941176 -0.13970588235294112 -0.6072216171774059
v -0.30231528154471266 -0.13970588235294112 -0.5896325379546009
v -0.3116555841968284 -0.1798804628012452 -0.5678571428571428
v -0.2029411764705883 -0.19890531278121548 -0.609390711506821
v -0.24749469158799237 -0.18329084279388003 -0.5984357976426904
v -0.2646658502189454 -0.13970588235294112 -0.610220971734121
v -0.19768216107693912 -0.20073766396912843 -0.6106762658323092
v 0.2029411764705884 -0.19890531278121543 -0.609390711506821
v 0.2705882352941176 -0.17330747356302573 -0.5914315925632657
v 0.2151593019617076 -0.19392983887377724 -0.6058999821939834
v 0.2705882352941176 -0.13970588235294112 -0.6072216171774059
v 0.33453160564068907 -0.14332905586300865 -0.5703991153832537
v 0.33823529411764697 -0.1449888649649104 -0.5678571428571428
v 0.33823529411764697 -0.14169393307756212 -0.5692519340004484
v 0.33823529411764697 -0.13970588235294112 -0.5700510478549237
v 0.3221130318921491 -0.13970588235294112 -0.5789224222106678
v 0.3420770171226495 -0.13970588235294112 -0.5678571428571428
v -0.3382352941176471 -0.09531492665971077 -0.5831415834660193
v -0.35225013666424354 -0.08723958382115893 -0.5774760254745274
v -0.3382352941176471 -0.07352941176470584 -0.5890111048612802
v -0.35469972031111474 -0.07352941176470584 -0.5791572614557651
v -0.3736458600427334 -0.07352941176470584 -0.5678571428571428
v -0.3634911854410419 -0.09823626197237473 -0.5678571428571428
v -0.2705882352941176 -0.13302537812417511 -0.6095987573506118
v -0.3101850515066495 -0.11226542762479137 -0.5950338396986632
v -0.31838261088530223 -0.07352941176470584 -0.6006601149243844
v -0.26623005329124394 -0.13544244343708647 -0.6112945396812576
v 0.2705882352941176 -0.13302537812417511 -0.6095987573506118
v 0.33823529411764697 -0.09531492665971084 -0.5831415834660194
v 0.28710285399595153 -0.12355027710114702 -0.6029511467915984
v 0.33823529411764697 -0.07352941176470584 -0.5890111048612803
v 0.3736458600427334 -0.07352941176470584 -0.5678571428571428
v 0.34499452510459044 -0.13309359117006164 -0.5678571428571428
v -0.3382352941176471 -0.04342900459674074 -0.5931676508440626
v -0.3595691144756781 -0.028222982831066133 -0.5824992990656052
v -0.3382352941176471 -0.007352941176470562 -0.5972130152719625
v -0.36109656341375146 -0.007352941176470562 -0.5835476413491897
v -0.3871657738679231 -0.007352941176470562 -0.5678571428571428
v -0.37959107704795236 -0.0478096853474214 -0.5678571428571428
v -0.3206809274500977 -0.05635666176384231 -0.6022375309517751
v -0.32495523217859706 -0.007352941176470562 -0.6051711376132607
v 0.33823529411764697 -0.04342900459674082 -0.5931676508440626
v 0.33823529411764697 -0.007352941176470562 -0.5972130152719625
v 0.38716577386792306 -0.007352941176470562 -0.5678571428571428
v 0.3819418564406965 -0.030772992100853193 -0.5678571428571428
v -0.3382352941176471 0.018051421960519298 -0.5964623357038896
v -0.3600651448710252 0.03746824063128614 -0.5828397422872564
v -0.3382352941176471 0.05882352941176472 -0.5943726039810158
v -0.3593371565336992 0.05882352941176472 -0.5823400981178495
v -0.3842718276264094 0.05882352941176472 -0.5678571428571428
v -0.38621832007365137 0.011883612715673578 -0.5678571428571428
v -0.32457283786664526 0.0060125051560311876 -0.6049086868587845
v -0.32242356112770737 0.05882352941176472 -0.6034335621404452
v 0.33823529411764697 0.018051421960519214 -0.5964623357038897
v 0.33823529411764697 0.05882352941176472 -0.5943726039810159
v 0.3842718276264094 0.05882352941176472 -0.5678571428571428
v 0.3852727846748389 0.03866199523817354 -0.5678571428571428
v -0.3382352941176471 0.09718124131540082 -0.5873744306961791
v -0.351631392306051 0.11189512133743094 -0.5770513593156437
v -0.3382352941176471 0.125 -0.5818803699078214
v -0.34982234992923117 0.125 -0.5758097494855903
v -0.3645853108708944 0.125 -0.5678571428571428
v -0.37456830821807585 0.08945683403218925 -0.5678571428571428
v -0.31910884769796166 0.0775341835179787 -0.6011585569604023
v -0.3113238867560967 0.125 -0.5958154626493707
v 0.33823529411764697 0.09718124131540065 -0.5873744306961792
v 0.33823529411764697 0.125 -0.5818803699078215
v 0.36458531087089446 0.125 -0.5678571428571428
v 0.374729921314885 0.09452479514819309 -0.5678571428571428
v -0.3382352941176471 0.1712349125149878 -0.5678571428571428
v -0.30026026989820576 0.16214948021467082 -0.5882221107065325
v -0.2705882352941176 0.19117647058823528 -0.5922066954168244
v -0.2922985838325527 0.19117647058823528 -0.5827577236863173
v -0.3251918447543494 0.19117647058823528 -0.5678571428571428
v -0.25034916147693387 0.19117647058823528 -0.6003949213863429
v 0.2705882352941176 0.19117647058823528 -0.5922066954168244
v 0.2869592949642771 0.14101516706863432 -0.6030496764375614
v 0.33823529411764697 0.171234912514988 -0.5678571428571428
v 0.3251918447543494 0.19117647058823528 -0.5678571428571428
v 0.3308096661582521 0.18391226932360982 -0.5678571428571428
v 0.35603575950081995 0.1424134987444083 -0.5678571428571428
v -0.2705882352941176 0.24673071813772068 -0.5678571428571428
v -0.23381706377186828 0.2271482688165227 -0.5890483574334873
v -0.2029411764705883 0.25735294117647056 -0.5858273308275675
v -0.22076049490736666 0.25735294117647056 -0.5800871719705839
v -0.25700997575053697 0.25735294117647056 -0.5678571428571428
v -0.1352941176470588 0.25735294117647056 -0.6032147722981429
v -0.17300819220154687 0.25735294117647056 -0.5937416474426765
v -0.0676470588235294 0.25735294117647056 -0.6142728213604265
v -0.12237588492694462 0.25735294117647056 -0.6054194738163192
v -0.06762976470125019 0.25735294117647056 -0.6142738447173177
v 0.0676470588235294 0.25735294117647056 -0.6142728213604265
v 0.1352941176470588 0.25735294117647056 -0.6032147722981429
v 0.06767197550216741 0.25735294117647056 -0.6142686130870217
v 0.2029411764705884 0.25735294117647056 -0.5858273308275675
v 0.16130604086549527 0.25735294117647056 -0.5964328104618807
v 0.23601481870540894 0.22353112060055982 -0.591586102689766
v 0.2705882352941176 0.24673071813772068 -0.5678571428571428
v 0.25700997575053697 0.25735294117647056 -0.5678571428571428
v 0.26500144760720834 0.25188760539579846 -0.5678571428571428
v 0.30022252297970203 0.22016653462848096 -0.5678571428571428
v -0.2029411764705883 0.29105045734400486 -0.5678571428571428
v -0.1352941176470588 0.31920265269429815 -0.5678571428571428
v -0.14357999692268997 0.3154236602994145 -0.5678571428571428
v -0.0676470588235294 0.2574792021875402 -0.6141971311636623
v -0.093423174508624 0.29831364642059155 -0.5855482036223786
v -0.0676470588235294 0.32352941176470584 -0.5745929301341275
v -0.07589105623453091 0.32352941176470584 -0.5735152901485445
v -0.11728073381446641 0.32352941176470584 -0.5678571428571428
v -0.06755914464998546 0.25743894417232877 -0.6142253756759217
v 0 0.32352941176470584 -0.577725968436155
v -0.013498462670742263 0.32352941176470584 -0.5771216156839567
v 0.0676470588235294 0.2574792021875402 -0.6141971311636623
v 0.0676470588235294 0.32352941176470584 -0.5745929301341275
v 0.05714610736940193 0.32352941176470584 -0.575064317612926
v 0.1352941176470588 0.31920265269429815 -0.5678571428571428
v 0.11728073381446641 0.32352941176470584 -0.5678571428571428
v 0.131905365191173 0.32021432784046977 -0.5678571428571428
v 0.2029411764705884 0.2910504573440048 -0.5678571428571428
v 0.18090755426012434 0.30197478134142586 -0.5678571428571428
v 0.2252454443967392 0.2791723337129225 -0.5678571428571428
v -0.0676470588235294 0.3346987452639471 -0.5678571428571428
v 0 0.33971428571428586 -0.5678571428571428
v -0.055430686423890825 0.3354802108513088 -0.5678571428571428
v 0.0676470588235294 0.3346987452639471 -0.5678571428571428
v 0.015542041613358837 0.33873358290820904 -0.5678571428571428
v 0.07722628643956994 0.33290039530213683 -0.5678571428571428
v -0.14153444860716097 -0.3443399657090514 -0.5257115314974614
v -0.1352941176470588 -0.3515595259756673 -0.5214285714285715
v -0.1352941176470588 -0.34526316456926065 -0.5263592360946241
v -0.1352941176470588 -0.3382352941176471 -0.5318441877484014
v -0.14635938763596534 -0.3382352941176471 -0.5290230579737526
v -0.17682998707196582 -0.3382352941176471 -0.5214285714285715
v -0.14591217370877227 -0.3486225228736711 -0.5214285714285715
v -0.08074959684699043 -0.3510529943579894 -0.5304213071527482
v -0.0676470588235294 -0.36437834427420407 -0.5214285714285715
v -0.0676470588235294 -0.35223881841733706 -0.5312532662547031
v -0.0676470588235294 -0.3382352941176471 -0.5425761554906289
v -0.0926071635158987 -0.3382352941176471 -0.5385595749596697
v -0.09048546177951687 -0.3605772100528522 -0.5214285714285715
v -0.016193196878899432 -0.35407646497744 -0.532542535746077
v 0 -0.36857142857142866 -0.5214285714285715
v 0 -0.3545712527352298 -0.5328896725539232
v 0 -0.3382352941176471 -0.5462629384247403
v -0.03349602282369147 -0.3382352941176471 -0.5444180777765087
v -0.0293352138231167 -0.3669327859011308 -0.5214285714285715
v 0.05286838294841301 -0.3526926944302609 -0.5315716999018656
v 0.0676470588235294 -0.36437834427420407 -0.5214285714285715
v 0.0676470588235294 -0.35223881841733706 -0.5312532662547031
v 0.0676470588235294 -0.3382352941176471 -0.5425761554906289
v 0.034150884427615776 -0.3382352941176471 -0.5444181818058911
v 0.03928672415805472 -0.3659790997686549 -0.5214285714285715
v 0.12736585531042824 -0.34599120292522045 -0.5268700185602341
v 0.1352941176470588 -0.3515595259756673 -0.5214285714285715
v 0.1352941176470588 -0.34526316456926065 -0.5263592360946241
v 0.1352941176470588 -0.3382352941176471 -0.5318441877484014
v 0.11549631799232166 -0.3382352941176471 -0.535016502247506
v 0.11877844967024329 -0.354391925834097 -0.5214285714285715
v 0.1768299870719659 -0.3382352941176471 -0.5214285714285715
v -0.2793216225294344 -0.2806023545204826 -0.5274226042826243
v -0.2705882352941176 -0.29494041476641897 -0.5214285714285715
v -0.2705882352941176 -0.28314206934463293 -0.5292044359529012
v -0.2705882352941176 -0.2720588235294118 -0.5363934513886968
v -0.2838111955977053 -0.2720588235294118 -0.5305039572269965
v -0.3046318731537526 -0.2720588235294118 -0.5214285714285715
v -0.28514959018618763 -0.286303627228176 -0.5214285714285715
v -0.22672471477953504 -0.2953253283968597 -0.537752055795892
v -0.2029411764705883 -0.32915623122198473 -0.5214285714285715
v -0.2029411764705883 -0.30091388822907833 -0.5416729184083375
v -0.2029411764705883 -0.2720588235294118 -0.5621305153139462
v -0.24094369928113632 -0.2720588235294118 -0.5475110482643823
v -0.2426864650925303 -0.3109400841378334 -0.5214285714285715
v -0.1352941176470588 -0.31373753451424624 -0.5506698258020585
v -0.17148320970447029 -0.3074611961942708 -0.546266426536298
v -0.1970971694785529 -0.2720588235294118 -0.5638461939588826
v -0.19640994129626732 -0.3318460423166809 -0.5214285714285715
v -0.0676470588235294 -0.32145728451357847 -0.5560859043730185
v -0.11317319262827037 -0.3165952587731802 -0.5526747688535645
v 0 -0.3240307029540482 -0.5578913820725226
v -0.05122954644574775 -0.3221746841828607 -0.5565892228711499
v 0.0676470588235294 -0.32145728451357847 -0.5560859043730185
v 0.015193978081167382 -0.32337161990780944 -0.5574289777765901
v 0.1352941176470588 -0.31373753451424624 -0.5506698258020585
v 0.08734681261635668 -0.31896379584205514 -0.5543365043844259
v 0.16685448838664055 -0.3073610183941433 -0.5461961430638275
v 0.2029411764705884 -0.32915623122198473 -0.5214285714285715
v 0.2029411764705884 -0.3009138882290783 -0.5416729184083374
v 0.2029411764705884 -0.2720588235294118 -0.5621305153139462
v 0.25550898577238584 -0.286810263278932 -0.531777994236965
v 0.2705882352941176 -0.29494041476641897 -0.5214285714285715
v 0.2705882352941176 -0.28314206934463293 -0.5292044359529012
v 0.2705882352941176 -0.2720588235294118 -0.5363934513886968
v 0.22154080446842836 -0.2720588235294118 -0.5550915596660787
v 0.22323547818592093 -0.3183821728743869 -0.5214285714285715
v 0.3046318731537526 -0.2720588235294118 -0.5214285714285715
v -0.3504190329782314 -0.21780122791348727 -0.5297907027583514
v -0.3382352941176471 -0.2446247183701601 -0.5214285714285715
v -0.3382352941176471 -0.22262443543453334 -0.5331746039080376
v -0.3382352941176471 -0.20588235294117652 -0.5418430598514388
v -0.3549464023261743 -0.20588235294117652 -0.5328979966275917
v -0.37675711539842527 -0.20588235294117652 -0.5214285714285715
v -0.35878970826724293 -0.22598993200056378 -0.5214285714285715
v -0.2705882352941176 -0.24788876554803901 -0.5508997370987829
v -0.3024013581341361 -0.23700388615423806 -0.5432630439367829
v -0.3161076487145919 -0.20588235294117652 -0.5526701564159155
v -0.3238481744069881 -0.25798446729072366 -0.5214285714285715
v -0.2029411764705883 -0.2678913386178709 -0.5649332883636491
v -0.25222429006148717 -0.2540940944974907 -0.5552533170918903
v -0.19957409459980488 -0.26876493909060195 -0.5655461953619778
v 0.2029411764705884 -0.26789133861787084 -0.564933288363649
v 0.20930151241818784 -0.26583675575458626 -0.5634918191167096
v 0.2705882352941176 -0.24788876554803901 -0.5508997370987829
v 0.31126622674620097 -0.23226513623933018 -0.5399383971710856
v 0.33823529411764697 -0.24462471837016023 -0.5214285714285715
v 0.33823529411764697 -0.22262443543453336 -0.5331746039080377
v 0.33823529411764697 -0.20588235294117652 -0.5418430598514388
v 0.3767571153984253 -0.20588235294117652 -0.5214285714285715
v -0.4120951836951876 -0.14578365156882162 -0.5256926571324114
v -0.40588235294117647 -0.16594583338319302 -0.5214285714285715
v -0.40588235294117647 -0.14897988855200034 -0.5279350964126733
v -0.40588235294117647 -0.13970588235294112 -0.5313150133944816
v -0.41363192618617906 -0.13970588235294112 -0.5267473779103901
v -0.42275289187044424 -0.13970588235294112 -0.5214285714285715
v -0.4167113827615875 -0.15029949848160412 -0.5214285714285715
v -0.3382352941176471 -0.18310044662314243 -0.5518736466784586
v -0.3682239893486328 -0.16904264942673158 -0.5420108746771672
v -0.3767482800901519 -0.13970588235294112 -0.5478613972047316
v -0.3898155105500015 -0.1901647897324184 -0.5214285714285715
v -0.3226675569116854 -0.1906530448049097 -0.5571724536567779
v 0.33823529411764697 -0.18310044662314248 -0.5518736466784587
v 0.3869078753161071 -0.15826787133398731 -0.5344514271898768
v 0.4058823529411766 -0.1659458333831929 -0.5214285714285715
v 0.4058823529411766 -0.14897988855200028 -0.5279350964126732
v 0.4058823529411766 -0.13970588235294112 -0.5313150133944815
v 0.42275289187044424 -0.13970588235294112 -0.5214285714285715
v -0.40588235294117647 -0.10202991913514667 -0.5414241654884681
v -0.423852931842153 -0.09110932590696552 -0.5337624159537758
v -0.40588235294117647 -0.07352941176470584 -0.5484692242625671
v -0.4267769160432333 -0.07352941176470584 -0.5357692498309148
v -0.4505032025333216 -0.07352941176470584 -0.5214285714285715
v -0.43846065524316064 -0.10539949010360344 -0.5214285714285715
v -0.38246681554087547 -0.11679937837438581 -0.5517862305420295
v -0.3907919127101602 -0.07352941176470584 -0.5575000394687746
v 0.4058823529411766 -0.10202991913514656 -0.541424165488468
v 0.4058823529411766 -0.07352941176470584 -0.548469224262567
v 0.4505032025333216 -0.07352941176470584 -0.5214285714285715
v 0.43357400578780225 -0.11261622195950285 -0.5214285714285715
v -0.40588235294117647 -0.050344930220884626 -0.5515912050121128
v -0.43109618000646566 -0.03201864156642744 -0.5387337136069221
v -0.40588235294117647 -0.007352941176470562 -0.5564828883256504
v -0.4329628198010655 -0.007352941176470562 -0.5400148545839611
v -0.46347856853297903 -0.007352941176470562 -0.5214285714285715
v -0.4546147612620559 -0.055025949316461376 -0.5214285714285715
v -0.392432063374815 -0.06037151979761311 -0.558625732937373
v -0.397093418266565 -0.007352941176470562 -0.5618249858289157
v 0.4058823529411766 -0.050344930220884515 -0.5515912050121127
v 0.4058823529411766 -0.007352941176470562 -0.5564828883256503
v 0.46347856853297903 -0.007352941176470562 -0.5214285714285715
v 0.46079009110199987 -0.01981532008563941 -0.5214285714285715
v -0.40588235294117647 0.00900812413516754 -0.5563784271940571
v -0.43276613010538667 0.032524182185906865 -0.5398798594822686
v -0.40588235294117647 0.05882352941176472 -0.5551652162960897
v -0.4323350632659915 0.05882352941176472 -0.5395840030490191
v -0.46286726452838944 0.05882352941176472 -0.5214285714285715
v -0.46337435293766976 0.002581355502151607 -0.5214285714285715
v -0.39704232628508673 0.0012949109870954833 -0.5617899195931806
v -0.39594538631922505 0.05882352941176472 -0.5610370508588469
v 0.4058823529411766 0.009008124135167675 -0.556378427194057
v 0.4058823529411766 0.05882352941176472 -0.5551652162960896
v 0.46286726452838944 0.05882352941176472 -0.5214285714285715
v 0.46297572880397964 0.04849927434148913 -0.5214285714285715
v -0.40588235294117647 0.08141095914591528 -0.5520100889801673
v -0.4273916162636208 0.10395832935847832 -0.5361911403548454
v -0.40588235294117647 0.125 -0.5453324684685813
v -0.4251476272177527 0.125 -0.5346510112270911
v -0.4486085223608947 0.125 -0.5214285714285715
v -0.4596678078843709 0.07238379407730973 -0.5214285714285715
v -0.39449886181886995 0.06995955333576026 -0.5600442498818952
v -0.3876879399538689 0.125 -0.5553696730739287
v 0.4058823529411766 0.08141095914591544 -0.5520100889801672
v 0.4058823529411766 0.125 -0.5453324684685812
v 0.4486085223608947 0.125 -0.5214285714285715
v 0.45340554795142907 0.10531361148701185 -0.5214285714285715
v -0.4130809307724306 0.1841343835793997 -0.5263692102506434
v -0.40588235294117647 0.17523343365320776 -0.532614003690924
v -0.40588235294117647 0.19117647058823528 -0.5284316533298155
v -0.41173029139888406 0.19117647058823528 -0.5254422186309111
v -0.41941749397982636 0.19117647058823528 -0.5214285714285715
v -0.42881122200829247 0.16874605519649133 -0.5214285714285715
v -0.38216115960153846 0.14820551522355896 -0.5515764480495031
v -0.3382352941176471 0.19117647058823528 -0.5618498687249998
v -0.3726630312386514 0.19117647058823528 -0.5450575462849129
v -0.3330379380969075 0.19117647058823528 -0.5642900134143372
v 0.33823529411764697 0.19117647058823528 -0.5618498687249998
v 0.4058823529411766 0.17523343365320793 -0.5326140036909239
v 0.4058823529411766 0.19117647058823528 -0.5284316533298155
v 0.3696514083137019 0.19117647058823528 -0.5462951514368691
v 0.41941749397982636 0.19117647058823528 -0.5214285714285715
v 0.43669216400698363 0.15514003256437658 -0.5214285714285715
v -0.40588235294117647 0.21162820851068537 -0.5214285714285715
v -0.3382352941176471 0.21015417783881704 -0.5545426244368934
v -0.3569713560108131 0.23902418497663427 -0.5342877940322661
v -0.3382352941176471 0.25735294117647056 -0.5361252436767616
v -0.35134112815934987 0.25735294117647056 -0.5304235693267587
v -0.3714490275946433 0.25735294117647056 -0.5214285714285715
v -0.32993742488584826 0.19929395135847325 -0.5621620214278648
v -0.2705882352941176 0.25735294117647056 -0.5631841671898424
v -0.30922636019062066 0.25735294117647056 -0.5479472844786558
v -0.2660924448844106 0.25735294117647056 -0.564771522731226
v 0.2705882352941176 0.25735294117647056 -0.5631841671898424
v 0.33823529411764697 0.2101541778388169 -0.5545426244368935
v 0.33823529411764697 0.25735294117647056 -0.5361252436767617
v 0.2870588633023469 0.25735294117647056 -0.5565527677334824
v 0.4058823529411766 0.21162820851068523 -0.5214285714285715
v 0.3714490275946434 0.25735294117647056 -0.5214285714285715
v 0.3871418129580515 0.23901980423645694 -0.5214285714285715
v 0.41447499370260976 0.19958231481137648 -0.5214285714285715
v -0.3382352941176471 0.2900442382820636 -0.5214285714285715
v -0.2705882352941176 0.27984546361108026 -0.5520766747363531
v -0.2857753331708343 0.3086724681896569 -0.5318520143812249
v -0.2705882352941176 0.32352941176470584 -0.5304122368891989
v -0.27931412608408673 0.32352941176470584 -0.5274174592067801
v -0.29622485297953677 0.32352941176470584 -0.5214285714285715
v -0.2613268248308136 0.26641301662970274 -0.5615007089677323
v -0.2029411764705883 0.32352941176470584 -0.5502876241313137
v -0.23255787025129754 0.32352941176470584 -0.5417555569116048
v -0.1352941176470588 0.32352941176470584 -0.5653359085517814
v -0.18373451518549044 0.32352941176470584 -0.5546749312297931
v -0.13225921292361772 0.32352941176470584 -0.5657741802985078
v 0.1352941176470588 0.32352941176470584 -0.5653359085517814
v 0.2029411764705884 0.32352941176470584 -0.5502876241313137
v 0.14077515541891558 0.32352941176470584 -0.5640953125851542
v 0.2705882352941176 0.27984546361108026 -0.5520766747363531
v 0.2705882352941176 0.32352941176470584 -0.5304122368891989
v 0.24785862357507668 0.32352941176470584 -0.5370287086643107
v 0.33823529411764697 0.29004423828206366 -0.5214285714285715
v 0.2962248529795367 0.32352941176470584 -0.5214285714285715
v 0.3204691409815372 0.3061494793489463 -0.5214285714285715
v 0.35576249855047476 0.27449911942597593 -0.5214285714285715
v -0.2705882352941176 0.3404602577766802 -0.5214285714285715
v -0.2029411764705883 0.3745133330380355 -0.5214285714285715
v -0.23620177835774714 0.35716833702854656 -0.5214285714285715
v -0.1352941176470588 0.34752104029772296 -0.5510249209339785
v -0.14902372166484393 0.37627474798771654 -0.5308516847451259
v -0.1352941176470588 0.3897058823529411 -0.5258506539179739
v -0.140361780715288 0.3897058823529411 -0.5249066880064555
v -0.1584437429398376 0.3897058823529411 -0.5214285714285715
v -0.12397717910786644 0.3346003299008723 -0.5600899272758959
v -0.0676470588235294 0.3897058823529411 -0.5338885304678687
v -0.08317799338711537 0.3897058823529411 -0.5320880016725233
v 0 0.3897058823529411 -0.5366123949579833
v -0.020920901659515538 0.3897058823529411 -0.5357873269153818
v 0.0676470588235294 0.3897058823529411 -0.5338885304678687
v 0.04838402801303523 0.3897058823529411 -0.534649471456892
v 0.1352941176470588 0.34752104029772296 -0.5510249209339785
v 0.1352941176470588 0.3897058823529411 -0.5258506539179739
v 0.12753419596268956 0.3897058823529411 -0.5267544804107006
v 0.2029411764705884 0.3745133330380355 -0.5214285714285715
v 0.15844374293983762 0.3897058823529411 -0.5214285714285715
v 0.1919465100046963 0.378950230375438 -0.5214285714285715
v 0.2705882352941176 0.3404602577766802 -0.5214285714285715
v 0.23861861793760433 0.3584312566780911 -0.5214285714285715
v 0.28143169250862643 0.33413714164846453 -0.5214285714285715
v -0.1352941176470588 0.3970177076255061 -0.5214285714285715
v -0.0676470588235294 0.40981084519870303 -0.5214285714285715
v -0.12625885362676642 0.39854472759018367 -0.5214285714285715
v 0 0.41400000000000003 -0.5214285714285715
v -0.045855783362673555 0.41102343443421313 -0.5214285714285715
v 0.0676470588235294 0.40981084519870303 -0.5214285714285715
v 0.023510110708582554 0.4127049036982936 -0.5214285714285715
v 0.1352941176470588 0.3970177076255061 -0.5214285714285715
v 0.08524562535975831 0.40692187135577373 -0.5214285714285715
v 0.14113854175835433 0.395423253766165 -0.5214285714285715
v -0.07147625711839449 -0.4081577195595547 -0.4776281143576559
v -0.0676470588235294 -0.4113627954056415 -0.47500000000000003
v -0.0676470588235294 -0.4084815599077482 -0.47785531663369
v -0.0676470588235294 -0.40441176470588236 -0.4818863285947318
v -0.07574167530212364 -0.40441176470588236 -0.48055562186884887
v -0.11053860408358389 -0.40441176470588236 -0.47500000000000003
v -0.07385651653205635 -0.4104862342033544 -0.47500000000000003
v -0.0061810515774893965 -0.4104584455969046 -0.4792422745298918
v 0 -0.41500000000000004 -0.47500000000000003
v 0 -0.41063432835820896 -0.4793656716417911
v 0 -0.40441176470588236 -0.4855882352941177
v -0.01426611660711928 -0.40441176470588236 -0.48479134090115955
v -0.010324309485987865 -0.41451163268130525 -0.47500000000000003
v 0.06336171482584017 -0.4086039490514479 -0.4779411833027619
v 0.0676470588235294 -0.4113627954056415 -0.47500000000000003
v 0.0676470588235294 -0.4084815599077482 -0.47785531663369
v 0.0676470588235294 -0.40441176470588236 -0.4818863285947318
v 0.05672650960228569 -0.40441176470588236 -0.4824951595586797
v 0.060177702031117906 -0.41171874417671966 -0.47500000000000003
v 0.11053860408358387 -0.40441176470588236 -0.47500000000000003
v -0.27683064835452187 -0.3443420025463035 -0.4792843890880415
v -0.2705882352941176 -0.35251701674623453 -0.47500000000000003
v -0.2705882352941176 -0.34604068254046005 -0.48047616140140215
v -0.2705882352941176 -0.3382352941176471 -0.48701882002778574
v -0.2809694966901396 -0.3382352941176471 -0.48212502723143125
v -0.2965980385650251 -0.3382352941176471 -0.47500000000000003
v -0.2803289604582138 -0.34776426438687164 -0.47500000000000003
v -0.22306696929578332 -0.3579235697075118 -0.4888130441440004
v -0.2029411764705883 -0.3809718786379188 -0.47500000000000003
v -0.2029411764705883 -0.3623051291628292 -0.4918870906190008
v -0.2029411764705883 -0.3382352941176471 -0.5135378381774547
v -0.23847075221962538 -0.3382352941176471 -0.49938520571595413
v -0.2344445801346988 -0.36905384118036394 -0.47500000000000003
v -0.16672584274751825 -0.3689837208463574 -0.49657270573665074
v -0.1352941176470588 -0.40027052770055793 -0.47500000000000003
v -0.1352941176470588 -0.3739883527373065 -0.5000838919204595
v -0.1949025057711127 -0.3382352941176471 -0.5159113471286209
v -0.18498908834919245 -0.3868499393697343 -0.47500000000000003
v -0.0676470588235294 -0.3810089788869471 -0.5050094740762391
v -0.10741595399322511 -0.3771396480880016 -0.5022948007220582
v -0.13176784088706453 -0.40096214613632275 -0.47500000000000003
v 0 -0.38334888059701494 -0.5066511194029851
v -0.044618826473333525 -0.3818841461024299 -0.5056234802813874
v 0.0676470588235294 -0.3810089788869471 -0.5050094740762391
v 0.02239659350662782 -0.3825020536667899 -0.5060569963820971
v 0.09464445648010604 -0.37800126699836173 -0.5028993016083745
v 0.1352941176470588 -0.40027052770055793 -0.47500000000000003
v 0.1352941176470588 -0.3739883527373065 -0.5000838919204595
v 0.17342619194175268 -0.36710864854802977 -0.49525717882258596
v 0.2029411764705884 -0.38097187863791876 -0.47500000000000003
v 0.2029411764705884 -0.3623051291628292 -0.4918870906190008
v 0.2029411764705884 -0.3382352941176471 -0.5135378381774547
v 0.14151950590079432 -0.39832171097940194 -0.47500000000000003
v 0.2602453722519969 -0.34835331231102606 -0.482098673081704
v 0.2705882352941176 -0.35251701674623453 -0.47500000000000003
v 0.2705882352941176 -0.34604068254046005 -0.48047616140140215
v 0.2705882352941176 -0.3382352941176471 -0.48701882002778574
v 0.22955227619303276 -0.3382352941176471 -0.5031644315569559
v 0.24587333662154617 -0.3624129123842931 -0.47500000000000003
v 0.29659803856502504 -0.3382352941176471 -0.47500000000000003
v -0.3533504220438286 -0.2868453617180676 -0.48537404742759666
v -0.3382352941176471 -0.31209513005239853 -0.47500000000000003
v -0.3382352941176471 -0.2924217251999818 -0.4892863532355428
v -0.3382352941176471 -0.2720588235294118 -0.5038528058626995
v -0.3610050105076406 -0.2720588235294118 -0.4906276624912689
v -0.38879193803516965 -0.2720588235294118 -0.47500000000000003
v -0.3619200238584243 -0.2952286678410417 -0.47500000000000003
v -0.2705882352941176 -0.31530828974552794 -0.5053432762976562
v -0.3040538326849724 -0.30479690793350883 -0.4979686242962078
v -0.3235805914492274 -0.2720588235294118 -0.5113705301561468
v -0.3227685587594433 -0.3231047921367956 -0.47500000000000003
v -0.2029411764705883 -0.33322183558574175 -0.5179111925855522
v -0.2526128312911871 -0.3206506597669542 -0.5090914152650695
v -0.19876450651936375 -0.3341494213392753 -0.5185619749713646
v 0.2029411764705884 -0.33322183558574175 -0.5179111925855522
v 0.21019300810400418 -0.3311411109980012 -0.5164513826366929
v 0.2705882352941176 -0.31530828974552794 -0.5053432762976562
v 0.30702836879869744 -0.3025873374283842 -0.4964184176878505
v 0.33823529411764697 -0.31209513005239853 -0.47500000000000003
v 0.33823529411764697 -0.29242172519998183 -0.4892863532355428
v 0.33823529411764697 -0.2720588235294118 -0.5038528058626995
v 0.3887919380351697 -0.2720588235294118 -0.47500000000000003
v -0.4211225137980948 -0.22079120595337925 -0.48545986195459306
v -0.40588235294117647 -0.2553236266044393 -0.47500000000000003
v -0.40588235294117647 -0.22813779363359016 -0.49061413458102676
v -0.40588235294117647 -0.20588235294117652 -0.5031171437931989
v -0.4267281045809876 -0.20588235294117652 -0.4893071773676965
v -0.44895693855193497 -0.20588235294117652 -0.47500000000000003
v -0.43021274823887007 -0.22968382660196374 -0.47500000000000003
v -0.3382352941176471 -0.25903013421880794 -0.5122878084519256
v -0.3759604218051409 -0.24278736915720306 -0.5008920907420377
v -0.3918493081694202 -0.20588235294117652 -0.5117971959796331
v -0.3977817116865073 -0.2641342831715832 -0.47500000000000003
v -0.3290032840423217 -0.2630275093252892 -0.515092316066314
v 0.33823529411764697 -0.259030134218808 -0.5122878084519257
v 0.3638641961938236 -0.24698707149836954 -0.5038385485750466
v 0.4058823529411766 -0.2553236266044393 -0.47500000000000003
v 0.4058823529411766 -0.2281377936335901 -0.4906141345810267
v 0.4058823529411766 -0.20588235294117652 -0.5031171437931989
v 0.44895693855193497 -0.20588235294117652 -0.47500000000000003
v -0.47989255206030035 -0.14593069351167498 -0.4793672484637466
v -0.47352941176470575 -0.1671671510750423 -0.47500000000000003
v -0.47352941176470575 -0.14981151396160666 -0.482089982811159
v -0.47352941176470575 -0.13970588235294112 -0.4860998472220901
v -0.4814769884916166 -0.13970588235294112 -0.48045470328151335
v -0.4893490795963111 -0.13970588235294112 -0.47500000000000003
v -0.4840384500921559 -0.1499864633254467 -0.47500000000000003
v -0.40588235294117647 -0.19020595412655716 -0.5104302090856163
v -0.43855975961905297 -0.1716729106247769 -0.49742766110500225
v -0.4477982330972084 -0.13970588235294112 -0.5037683525294506
v -0.4590676119424136 -0.19173494007154285 -0.47500000000000003
v -0.39584259743643546 -0.19606085299088635 -0.5145379317809076
v 0.4058823529411766 -0.19020595412655714 -0.5104302090856163
v 0.4476057815387302 -0.16506595540009128 -0.49279230521720696
v 0.47352941176470575 -0.1671671510750423 -0.47500000000000003
v 0.47352941176470575 -0.14981151396160666 -0.482089982811159
v 0.47352941176470575 -0.13970588235294112 -0.4860998472220901
v 0.4893490795963111 -0.13970588235294112 -0.47500000000000003
v -0.47352941176470575 -0.10391865570247627 -0.49632070765157865
v -0.49142884644793816 -0.09103972830265059 -0.4872850157297962
v -0.47352941176470575 -0.07352941176470584 -0.5046753903525815
v -0.4944310635326156 -0.07352941176470584 -0.48934554360468346
v -0.5144290162008206 -0.07352941176470584 -0.47500000000000003
v -0.504109082434593 -0.10344430698524762 -0.47500000000000003
v -0.45266120315182695 -0.11929133044903792 -0.5071059810451981
v -0.4616112614761013 -0.07352941176470584 -0.5132487229385665
v 0.47352941176470575 -0.10391865570247627 -0.49632070765157865
v 0.47352941176470575 -0.07352941176470584 -0.5046753903525815
v 0.5144290162008207 -0.07352941176470584 -0.47500000000000003
v 0.4979725515347968 -0.1157941151865477 -0.47500000000000003
v -0.47352941176470575 -0.05377722799919391 -0.5075706901200694
v -0.4987192066470083 -0.03199513182220127 -0.4922886480403381
v -0.47352941176470575 -0.007352941176470562 -0.5139732754831782
v -0.5008081377847888 -0.007352941176470562 -0.493722355436144
v -0.5265250625738398 -0.007352941176470562 -0.47500000000000003
v -0.5188428408805488 -0.05168129574631687 -0.47500000000000003
v -0.4628720612279853 -0.06310374276139233 -0.5141140544452943
v -0.46828291485854157 -0.007352941176470562 -0.5178277148563284
v 0.47352941176470575 -0.05377722799919391 -0.5075706901200694
v 0.47352941176470575 -0.007352941176470562 -0.5139732754831782
v 0.5265250625738398 -0.007352941176470562 -0.47500000000000003
v 0.5230211841449255 -0.02511354747970832 -0.47500000000000003
v -0.47352941176470575 0.0032813396156766723 -0.5139676950632872
v -0.5007936277818051 0.03215201374286315 -0.4937123967073881
v -0.47352941176470575 0.05882352941176472 -0.513600004773253
v -0.5006848510898425 0.05882352941176472 -0.49363773941259387
v -0.5264824355672538 0.05882352941176472 -0.47500000000000003
v -0.5265148280088687 0.00698997004247497 -0.47500000000000003
v -0.46828070547332723 -0.002218337195774145 -0.5178261984770353
v -0.4679950293945454 0.05882352941176472 -0.5176301288701695
v 0.47352941176470575 0.0032813396156766723 -0.5139676950632872
v 0.47352941176470575 0.05882352941176472 -0.513600004773253
v 0.5264824355672538 0.05882352941176472 -0.47500000000000003
v 0.5264926864774677 0.044458957999057414 -0.47500000000000003
v -0.47352941176470575 0.07288429870689984 -0.511563714240556
v -0.4962023833281669 0.10281991912270111 -0.4905612630916923
v -0.47352941176470575 0.125 -0.5038267623465301
v -0.4941343566754628 0.125 -0.489141903184091
v -0.514297942922334 0.125 -0.47500000000000003
v -0.5229376952792063 0.07666580960537993 -0.47500000000000003
v -0.4672677797090947 0.06494903903138423 -0.5171309916636956
v -0.4608416651747775 0.125 -0.5127205217503908
v 0.47352941176470575 0.07288429870689984 -0.511563714240556
v 0.47352941176470575 0.125 -0.5038267623465301
v 0.514297942922334 0.125 -0.47500000000000003
v 0.5187600065354375 0.10307085038313277 -0.47500000000000003
v -0.48287102947809457 0.18203793152078973 -0.4814114829647793
v -0.47352941176470575 0.16638472837125576 -0.4923935715236587
v -0.47352941176470575 0.19117647058823528 -0.4854997947296122
v -0.4812211822214387 0.19117647058823528 -0.48027913438179504
v -0.4891210208844524 0.19117647058823528 -0.47500000000000003
v -0.49766835450345726 0.16756228747423926 -0.47500000000000003
v -0.4571988915360616 0.14097550891932584 -0.5102203572343778
v -0.446822613422672 0.19117647058823528 -0.503098750206244
v 0.47352941176470575 0.16638472837125576 -0.4923935715236587
v 0.47352941176470575 0.19117647058823528 -0.4854997947296122
v 0.4891210208844524 0.19117647058823528 -0.47500000000000003
v 0.5039839481561853 0.15479248125253434 -0.47500000000000003
v -0.47352941176470575 0.21818035693813131 -0.47500000000000003
v -0.43435126717197164 0.22950291638547524 -0.4945392237422539
v -0.40588235294117647 0.25735294117647056 -0.5012367942267908
v -0.42598102055950343 0.25735294117647056 -0.4887944271541934
v -0.44860498092046036 0.25735294117647056 -0.47500000000000003
v -0.3899605328260158 0.25735294117647056 -0.5105008625917686
v 0.4058823529411766 0.25735294117647056 -0.5012367942267907
v 0.4309849466747013 0.21573335576233563 -0.5041997726238852
v 0.47352941176470575 0.21818035693813131 -0.47500000000000003
v 0.4486049809204603 0.25735294117647056 -0.47500000000000003
v 0.45887466221392553 0.2430167731376638 -0.47500000000000003
v 0.4838787161487075 0.20130079009432392 -0.47500000000000003
v -0.40588235294117647 0.30630750278530616 -0.47500000000000003
v -0.3764426376686509 0.28615266263872385 -0.5012230525614033
v -0.3382352941176471 0.32352941176470584 -0.5013606600792619
v -0.35988019373566904 0.32352941176470584 -0.48985566091795923
v -0.3882620476200922 0.32352941176470584 -0.47500000000000003
v -0.3209339813791048 0.32352941176470584 -0.509554067965162
v 0.33823529411764697 0.32352941176470584 -0.5013606600792619
v 0.38413197197319593 0.3022518651655944 -0.4899280565028687
v 0.4058823529411766 0.3063075027853061 -0.47500000000000003
v 0.3882620476200923 0.32352941176470584 -0.47500000000000003
v 0.39753806061018476 0.31536651709308344 -0.47500000000000003
v 0.429994930281948 0.2809413320533123 -0.47500000000000003
v -0.3382352941176471 0.3630922360036681 -0.47500000000000003
v -0.2938582236858987 0.36694176327402483 -0.49097101687758893
v -0.2705882352941176 0.3897058823529411 -0.48558811396425106
v -0.28012081225830254 0.3897058823529411 -0.48154254505926986
v -0.2957814415892514 0.3897058823529411 -0.47500000000000003
v -0.2029411764705883 0.3897058823529411 -0.5094492637161997
v -0.23600945463385897 0.3897058823529411 -0.4976959300437355
v -0.19036937101577017 0.3897058823529411 -0.5128000962561653
v 0.2029411764705884 0.3897058823529411 -0.5094492637161997
v 0.2705882352941176 0.3897058823529411 -0.48558811396425106
v 0.23876426326043496 0.3897058823529411 -0.49684191869392513
v 0.29822186955112057 0.3505623148422088 -0.5024626299043551
v 0.33823529411764697 0.3630922360036681 -0.47500000000000003
v 0.29578144158925135 0.3897058823529411 -0.47500000000000003
v 0.32247834684775023 0.3742914774149987 -0.47500000000000003
v 0.3616532396272395 0.3464382715023506 -0.47500000000000003
v -0.2705882352941176 0.403523180019473 -0.47500000000000003
v -0.2029411764705883 0.4319705744595089 -0.47500000000000003
v -0.24669677785869057 0.41307796027890237 -0.47500000000000003
v -0.1352941176470588 0.4302764602296708 -0.4929647691721992
v -0.1352941176470588 0.4512681816714695 -0.47500000000000003
v -0.14222650980265747 0.4491006649628734 -0.47500000000000003
v -0.0676470588235294 0.4558823529411764 -0.480739225363787
v -0.07455082885668246 0.4558823529411764 -0.47973830179294047
v -0.10768006343923808 0.4558823529411764 -0.47500000000000003
v 0 0.4558823529411764 -0.4840336134453783
v -0.012281940790289575 0.4558823529411764 -0.48342953079085094
v 0.0676470588235294 0.4558823529411764 -0.480739225363787
v 0.05863997815537987 0.4558823529411764 -0.48118187834677345
v 0.12296157041649436 0.4438179045634503 -0.48346426378246815
v 0.1352941176470588 0.4512681816714695 -0.47500000000000003
v 0.1352941176470588 0.4302764602296708 -0.4929647691721992
v 0.10768006343923808 0.4558823529411764 -0.47500000000000003
v 0.131364276613691 0.45203794323462093 -0.47500000000000003
v 0.15168415593556175 0.4057396154612592 -0.5101795078827356
v 0.2029411764705884 0.43197057445950887 -0.47500000000000003
v 0.18462169038409673 0.43796111655221726 -0.47500000000000003
v 0.2705882352941176 0.403523180019473 -0.47500000000000003
v 0.23410615280719171 0.4201933592039662 -0.47500000000000003
v 0.28001565823889846 0.39892836132066156 -0.47500000000000003
v -0.0676470588235294 0.46236322609839275 -0.47500000000000003
v 0 0.4660000000000001 -0.47500000000000003
v -0.060683259527162386 0.46269476529631803 -0.47500000000000003
v 0.0676470588235294 0.46236322609839275 -0.47500000000000003
v 0.009865879776750016 0.4655337570706058 -0.47500000000000003
v 0.07343719928723613 0.4615466207861069 -0.47500000000000003
v -0.27181242708100767 -0.40560934362784007 -0.42941163473572275
v -0.2705882352941176 -0.4070764174520497 -0.4285714285714286
v -0.2705882352941176 -0.4058970625526057 -0.4296134946797647
v -0.2705882352941176 -0.40441176470588236 -0.4309185349019194
v -0.27272041936151187 -0.40441176470588236 -0.43003482198414333
v -0.2763488036434361 -0.40441176470588236 -0.4285714285714286
v -0.27250144868857407 -0.40628338650480716 -0.4285714285714286
v -0.2162081566416295 -0.41739033226450967 -0.4376770267633544
v -0.2029411764705883 -0.4315327608975367 -0.4285714285714286
v -0.2029411764705883 -0.4198689184413607 -0.4394159713509229
v -0.2029411764705883 -0.40441176470588236 -0.45373639268912824
v -0.22738455414592118 -0.40441176470588236 -0.44534778405667264
v -0.22379988884375024 -0.42481702681006256 -0.4285714285714286
v -0.15816216474275202 -0.4267826803429735 -0.4442665789072926
v -0.1352941176470588 -0.4483739103695702 -0.4285714285714286
v -0.1352941176470588 -0.42988980474384714 -0.4464464979313975
v -0.1352941176470588 -0.40441176470588236 -0.47104246990086085
v -0.1802648692768566 -0.40441176470588236 -0.45943644754715934
v -0.17167591798948323 -0.4400026563452106 -0.4285714285714286
v -0.09733845152936998 -0.4334576923529003 -0.44894968257139994
v -0.0676470588235294 -0.45820172665468845 -0.4285714285714286
v -0.0676470588235294 -0.4359117561044089 -0.450671422536744
v -0.13059972061642014 -0.40441176470588236 -0.4717780691187232
v -0.11581572034216987 -0.4515332814089002 -0.4285714285714286
v -0.03330617570810389 -0.436993893115984 -0.4514306361226428
v 0 -0.4614285714285714 -0.4285714285714286
v 0 -0.437919776119403 -0.45208022388059704
v -0.0556454501316158 -0.4588475311389848 -0.4285714285714286
v 0.034501703775562685 -0.43683656855715414 -0.4513202592099399
v 0.0676470588235294 -0.45820172665468845 -0.4285714285714286
v 0.0676470588235294 -0.4359117561044089 -0.450671422536744
v 0.009904071448203718 -0.46089946974696183 -0.4285714285714286
v 0.10681826311621603 -0.4322685789208372 -0.44811541568731755
v 0.1352941176470588 -0.4483739103695702 -0.4285714285714286
v 0.1352941176470588 -0.42988980474384714 -0.4464464979313975
v 0.1352941176470588 -0.40441176470588236 -0.47104246990086085
v 0.08276285724114692 -0.4558010411899266 -0.4285714285714286
v 0.18454264499752143 -0.4224103281034478 -0.44119899209797453
v 0.2029411764705884 -0.4315327608975367 -0.4285714285714286
v 0.2029411764705884 -0.41986891844136065 -0.4394159713509229
v 0.2029411764705884 -0.40441176470588236 -0.4537363926891282
v 0.14443032918692467 -0.40441176470588236 -0.4687294945642536
v 0.16631075054520622 -0.4402458770241909 -0.4285714285714286
v 0.2687021528933289 -0.40625684531534956 -0.42986591369743576
v 0.2705882352941176 -0.4070764174520497 -0.4285714285714286
v 0.2705882352941176 -0.4058970625526057 -0.4296134946797647
v 0.2705882352941176 -0.40441176470588236 -0.4309185349019194
v 0.2638089618538497 -0.40441176470588236 -0.4332242839450286
v 0.2664385446287757 -0.4084712447045864 -0.4285714285714286
v 0.27634880364343617 -0.40441176470588236 -0.4285714285714286
v -0.3524331601052135 -0.35212451084461427 -0.4383159266560627
v -0.3382352941176471 -0.3728956363208973 -0.4285714285714286
v -0.3382352941176471 -0.3566142428225072 -0.44146586559928286
v -0.3382352941176471 -0.3382352941176471 -0.4558772535347321
v -0.36085280007869736 -0.3382352941176471 -0.4440946236564973
v -0.3914741688917958 -0.3382352941176471 -0.4285714285714286
v -0.36037995122083477 -0.35989854563163504 -0.4285714285714286
v -0.2705882352941176 -0.3760441028909594 -0.4550976086949271
v -0.3009572462976341 -0.36794410922978277 -0.4494147559993079
v -0.32142978883099294 -0.3382352941176471 -0.46346578674425293
v -0.3179210671529452 -0.384539151370848 -0.4285714285714286
v -0.2029411764705883 -0.39121027010723813 -0.4657379990276179
v -0.24740836814390715 -0.38173580771111126 -0.45909083652112886
v -0.1352941176470588 -0.4020251624721364 -0.473325590178864
v -0.1915513399603306 -0.39326953333715203 -0.46718275196035114
v -0.13310246920668362 -0.4022677607968197 -0.47349579408284814
v 0.1352941176470588 -0.4020251624721364 -0.473325590178864
v 0.1382722049153349 -0.4014984184651775 -0.4729560332723944
v 0.2029411764705884 -0.3912102701072381 -0.46573799902761787
v 0.2705882352941176 -0.3760441028909594 -0.4550976086949271
v 0.2207995619888127 -0.3869416049597933 -0.46274315776544234
v 0.3121128849504823 -0.363789824824656 -0.44650016281348887
v 0.33823529411764697 -0.3728956363208974 -0.4285714285714286
v 0.33823529411764697 -0.3566142428225073 -0.4414658655992829
v 0.33823529411764697 -0.3382352941176471 -0.45587725353473213
v 0.39147416889179565 -0.3382352941176471 -0.4285714285714286
v -0.42530429297809647 -0.2910585474785727 -0.44190139362782405
v -0.40588235294117647 -0.32732272326697165 -0.4285714285714286
v -0.40588235294117647 -0.299040550306767 -0.4475014654533191
v -0.40588235294117647 -0.2720588235294118 -0.4652866975058936
v -0.4341687463024441 -0.2720588235294118 -0.4479853817790067
v -0.4667319550459618 -0.2720588235294118 -0.4285714285714286
v -0.4364485413570779 -0.3019605295884459 -0.4285714285714286
v -0.3382352941176471 -0.3249360828264946 -0.465669442237001
v -0.37767930768058006 -0.31064535853662884 -0.45564325154474594
v -0.3980883058787779 -0.2720588235294118 -0.46965066956276375
v -0.39988985903796026 -0.3323730718210225 -0.4285714285714286
v -0.3282693128370417 -0.3284859646040114 -0.4681599942142429
v 0.33823529411764697 -0.3249360828264946 -0.465669442237001
v 0.3611119011109619 -0.3158560046676651 -0.459298974703346
v 0.4058823529411766 -0.32732272326697137 -0.4285714285714286
v 0.4058823529411766 -0.299040550306767 -0.4475014654533191
v 0.4058823529411766 -0.2720588235294118 -0.4652866975058936
v 0.4667319550459618 -0.2720588235294118 -0.4285714285714286
v -0.4902303713903562 -0.22222024822713887 -0.4400338884387228
v -0.47352941176470575 -0.2643349621456463 -0.4285714285714286
v -0.47352941176470575 -0.23089246850395895 -0.4461182080615077
v -0.47352941176470575 -0.20588235294117652 -0.45896834941236775
v -0.4958257746902762 -0.20588235294117652 -0.4438742118215872
v -0.5189495744197529 -0.20588235294117652 -0.4285714285714286
v -0.5003824998215994 -0.2321516782142247 -0.4285714285714286
v -0.40588235294117647 -0.26451933243395875 -0.46971038878699967
v -0.44623749725679873 -0.24536021151080709 -0.45626859283774085
v -0.4614811949716422 -0.20588235294117652 -0.46673088226314585
v -0.4700458236700158 -0.26865096561069335 -0.4285714285714286
v -0.40072356203285503 -0.26701218024953216 -0.4714593391591956
v 0.4058823529411766 -0.26451933243395875 -0.46971038878699967
v 0.42200609589717586 -0.2562855967246298 -0.46393370436870857
v 0.47352941176470575 -0.2643349621456463 -0.4285714285714286
v 0.47352941176470575 -0.23089246850395895 -0.4461182080615077
v 0.47352941176470575 -0.20588235294117652 -0.45896834941236775
v 0.518949574419753 -0.20588235294117652 -0.4285714285714286
v -0.5469376250699481 -0.1453417943459211 -0.43252551285856694
v -0.5411764705882353 -0.16651897785067576 -0.4285714285714286
v -0.5411764705882353 -0.1490240169025318 -0.4351089134459033
v -0.5411764705882353 -0.13970588235294112 -0.4384989425199766
v -0.5482613622249155 -0.13970588235294112 -0.4334340405332495
v -0.5551976706760282 -0.13970588235294112 -0.4285714285714286
v -0.5507599677227923 -0.14908104259326876 -0.4285714285714286
v -0.47352941176470575 -0.19160225097162983 -0.46498126179279425
v -0.5063487347692985 -0.17181174181395578 -0.45109649187582296
v -0.5147918711523949 -0.13970588235294112 -0.4568913152940351
v -0.5274179375490013 -0.19242291844627377 -0.4285714285714286
v -0.4645927124158777 -0.197139929665149 -0.4688664268444379
v 0.47352941176470575 -0.19160225097162983 -0.46498126179279425
v 0.5149791118139369 -0.1653337333277982 -0.44655160338236005
v 0.5411764705882351 -0.16651897785067596 -0.4285714285714286
v 0.5411764705882351 -0.14902401690253186 -0.43510891344590336
v 0.5411764705882351 -0.13970588235294112 -0.4384989425199767
v 0.5551976706760282 -0.13970588235294112 -0.4285714285714286
v -0.5411764705882353 -0.101769896775458 -0.44838459424563887
v -0.5575834123907064 -0.08957968091929722 -0.43983209359734826
v -0.5411764705882353 -0.07352941176470584 -0.4554905697496923
v -0.5601337757685179 -0.07352941176470584 -0.44158249827590834
v -0.5781825554874267 -0.07352941176470584 -0.4285714285714286
v -0.5693939717823003 -0.1011334890197695 -0.4285714285714286
v -0.5193322487492118 -0.11833653490172256 -0.46000753718501813
v -0.5273326292464009 -0.07352941176470584 -0.4654984815635237
v 0.5411764705882351 -0.10176989677545809 -0.4483845942456389
v 0.5411764705882351 -0.07352941176470584 -0.4554905697496924
v 0.5781825554874267 -0.07352941176470584 -0.4285714285714286
v 0.5618871531426279 -0.11944543202799168 -0.4285714285714286
v -0.5411764705882353 -0.05022914981001188 -0.45865283208892904
v -0.5642969668519149 -0.0299708179561571 -0.444439843708923
v -0.5411764705882353 -0.007352941176470562 -0.4641536380918894
v -0.5661092536035359 -0.007352941176470562 -0.44568368026826544
v -0.5895709864073941 -0.007352941176470562 -0.4285714285714286
v -0.5829118768592505 -0.04818105600681158 -0.4285714285714286
v -0.5286731590584517 -0.06129791135513501 -0.46641853463328525
v -0.5335435756079807 -0.007352941176470562 -0.46976127394212347
v 0.5411764705882351 -0.05022914981001198 -0.4586528320889291
v 0.5411764705882351 -0.007352941176470562 -0.46415363809188953
v 0.5895709864073941 -0.007352941176470562 -0.4285714285714286
v 0.5853741843929047 -0.030292517825355324 -0.4285714285714286
v -0.5411764705882353 0.007996335307671219 -0.46423114253017356
v -0.5662565878269754 0.03428863211299713 -0.4457848009619925
v -0.5411764705882353 0.05882352941176472 -0.4642078134744934
v -0.5662495410546403 0.05882352941176472 -0.4457799645126569
v -0.5899891861650468 0.05882352941176472 -0.4285714285714286
v -0.5896994667660557 0.011355380976940374 -0.4285714285714286
v -0.5335737540875523 0.00008449887854537503 -0.4697819865010841
v -0.5335547138026719 0.05882352941176472 -0.46976891847947366
v 0.5411764705882351 0.007996335307671095 -0.46423114253017367
v 0.5411764705882351 0.05882352941176472 -0.46420781347449347
v 0.5899891861650468 0.05882352941176472 -0.4285714285714286
v 0.58986189160499 0.04027410112252862 -0.4285714285714286
v -0.5411764705882353 0.07750076397637744 -0.4618962894007003
v -0.5622852579792176 0.10435009929143034 -0.4430591366875997
v -0.5411764705882353 0.125 -0.455845769285951
v -0.5606143266652661 0.125 -0.4419123173696392
v -0.5794615673443887 0.125 -0.4285714285714286
v -0.586244813177223 0.08091140398903368 -0.4285714285714286
v -0.5327327028933261 0.0670837369393933 -0.46920474329014
v -0.5274431797851586 0.125 -0.46557435631217414
v 0.5411764705882351 0.07750076397637728 -0.46189628940070043
v 0.5411764705882351 0.125 -0.45584576928595105
v 0.5794615673443887 0.125 -0.4285714285714286
v 0.5837038606606667 0.10042641100436063 -0.4285714285714286
v -0.5507570247611967 0.18180418933207737 -0.43514690208765366
v -0.5411764705882353 0.16681270736513673 -0.44566473546763424
v -0.5411764705882353 0.19117647058823528 -0.43968146595643826
v -0.549256004018159 0.19117647058823528 -0.4341166984099788
v -0.5574043149724719 0.19117647058823528 -0.4285714285714286
v -0.5647126839229665 0.1681519140651287 -0.4285714285714286
v -0.5241629369475461 0.14164367421371757 -0.4633230095198998
v -0.5152247155970564 0.19117647058823528 -0.45718839176071274
v 0.5411764705882351 0.16681270736513648 -0.4456647354676344
v 0.5411764705882351 0.19117647058823528 -0.43968146595643837
v 0.557404314972472 0.19117647058823528 -0.4285714285714286
v 0.5706315818816988 0.153814782787084 -0.4285714285714286
v -0.5411764705882353 0.22298993292084318 -0.4285714285714286
v -0.5051326656895893 0.22643671451082367 -0.4502618606130412
v -0.47352941176470575 0.25735294117647056 -0.45961609676437687
v -0.4969265411041084 0.25735294117647056 -0.44462970678263347
v -0.5222834150081823 0.25735294117647056 -0.4285714285714286
v -0.4616965659745371 0.25735294117647056 -0.4668786990073688
v 0.47352941176470575 0.25735294117647056 -0.45961609676437687
v 0.505223040845577 0.22218110773256589 -0.4532475402892157
v 0.5411764705882351 0.22298993292084351 -0.4285714285714286
v 0.5222834150081823 0.25735294117647056 -0.4285714285714286
v 0.5293676979603815 0.2458008809970485 -0.4285714285714286
v 0.5523576432901518 0.2021145743183711 -0.4285714285714286
v -0.47352941176470575 0.3212624841353324 -0.4285714285714286
v -0.45366209188732837 0.2767883627956441 -0.46136435499099254
v -0.40588235294117647 0.32352941176470584 -0.4656924348360749
v -0.4354636250393386 0.32352941176470584 -0.44887410289967034
v -0.47157417547386404 0.32352941176470584 -0.4285714285714286
v -0.39819931226371535 0.32352941176470584 -0.469726857174786
v 0.4058823529411766 0.32352941176470584 -0.4656924348360749
v 0.4708177158349095 0.32087666574642687 -0.4304325614921894
v 0.47352941176470575 0.3212624841353324 -0.4285714285714286
v 0.47157417547386404 0.32352941176470584 -0.4285714285714286
v 0.47251819395654904 0.32254017695237863 -0.4285714285714286
v 0.5025823776343971 0.28577432083160337 -0.4285714285714286
v -0.40588235294117647 0.3840767617727428 -0.4285714285714286
v -0.38921472508208166 0.3398346998877334 -0.46356041690416167
v -0.3382352941176471 0.3897058823529411 -0.457152856396993
v -0.3628057892115766 0.3897058823529411 -0.4454350292414858
v -0.3985682287743207 0.3897058823529411 -0.4285714285714286
v -0.32206863728950735 0.3897058823529411 -0.4639042510589476
v 0.33823529411764697 0.3897058823529411 -0.457152856396993
v 0.3980682260291009 0.38206162776504105 -0.4339345405203998
v 0.4058823529411766 0.38407676177274264 -0.4285714285714286
v 0.39856822877432063 0.3897058823529411 -0.4285714285714286
v 0.40281430014719966 0.38670452635883323 -0.4285714285714286
v 0.4391420972543392 0.35606611815801725 -0.4285714285714286
v -0.3382352941176471 0.42947695140191233 -0.4285714285714286
v -0.28783608092883767 0.4390094604724285 -0.4404092356685501
v -0.2705882352941176 0.4558823529411764 -0.4347039316481017
v -0.27636580021440194 0.4558823529411764 -0.4325367759235492
v -0.28705973040468163 0.4558823529411764 -0.4285714285714286
v -0.2029411764705883 0.4558823529411764 -0.4554591591708307
v -0.22995976739823148 0.4558823529411764 -0.4471152440838794
v -0.1352941176470588 0.4558823529411764 -0.4710463575761934
v -0.18158899248712407 0.4558823529411764 -0.4603452401852622
v -0.13052165880106553 0.4558823529411764 -0.47172449253116616
v 0.1352941176470588 0.4558823529411764 -0.4710463575761934
v 0.2029411764705884 0.4558823529411764 -0.4554591591708307
v 0.14394687456772104 0.4558823529411764 -0.46906130658550826
v 0.2705882352941176 0.4558823529411764 -0.4347039316481017
v 0.2543882555038991 0.4558823529411764 -0.43969004824111274
v 0.29481940293613634 0.413410285481003 -0.4583692917736455
v 0.33823529411764697 0.42947695140191233 -0.4285714285714286
v 0.2870597304046816 0.4558823529411764 -0.4285714285714286
v 0.32130190051879914 0.43931707659447744 -0.4285714285714286
v 0.3635295071049823 0.4144502211448995 -0.4285714285714286
v -0.2705882352941176 0.4635851519033457 -0.4285714285714286
v -0.2029411764705883 0.48809709020929976 -0.4285714285714286
v -0.2585228952019279 0.467685403031362 -0.4285714285714286
v -0.1352941176470588 0.5049522276474828 -0.4285714285714286
v -0.15927886259819554 0.4985954860772127 -0.4285714285714286
v -0.0676470588235294 0.5147765142384948 -0.4285714285714286
v -0.0676470588235294 0.4870436062815809 -0.45313766035482733
v -0.07655401560154516 0.5133454962465702 -0.4285714285714286
v -0.026169374659535498 0.49645834831899655 -0.44653239689365637
v 0 0.518 -0.4285714285714286
v 0 0.5031120331950213 -0.4418642560758739
v -0.004391685564990214 0.5177626093897474 -0.4285714285714286
v 0.039456553736470966 0.4944811555094632 -0.44791957026161466
v 0.0676470588235294 0.5147765142384948 -0.4285714285714286
v 0.0676470588235294 0.4870436062815809 -0.45313766035482733
v 0.06059544944014835 0.5151605100021911 -0.4285714285714286
v 0.1352941176470588 0.5049522276474828 -0.4285714285714286
v 0.08652482334964533 0.47434973128194197 -0.4620435218625105
v 0.12032007501503664 0.5074103035633031 -0.4285714285714286
v 0.2029411764705884 0.4880970902092997 -0.4285714285714286
v 0.17582450806461514 0.4955316479148727 -0.4285714285714286
v 0.2705882352941176 0.4635851519033457 -0.4285714285714286
v 0.22765496476583794 0.48005888496913796 -0.4285714285714286
v 0.276101901923339 0.46127615725237125 -0.4285714285714286
v -0.20708179611694194 -0.4746388414698984 -0.38498471099951603
v -0.2029411764705883 -0.4786673040200189 -0.3821428571428572
v -0.2029411764705883 -0.47533047288806185 -0.38546995081987834
v -0.2029411764705883 -0.47058823529411764 -0.3901942444704344
v -0.21097082929161792 -0.47058823529411764 -0.38765389215356383
v -0.228516769529457 -0.47058823529411764 -0.3821428571428572
v -0.20934565154161033 -0.4768534826462044 -0.3821428571428572
v -0.14785384399464427 -0.4828749241124078 -0.3907630419963242
v -0.1352941176470588 -0.49384361196891846 -0.3821428571428572
v -0.1352941176470588 -0.4843920543658627 -0.3918274413170021
v -0.1352941176470588 -0.47058823529411764 -0.40596574542696523
v -0.16117495659962539 -0.47058823529411764 -0.39990579319415287
v -0.15498948509401278 -0.4898554425791813 -0.3821428571428572
v -0.08594088181912701 -0.4884843664854631 -0.3946985555342456
v -0.0676470588235294 -0.5027701197486817 -0.3821428571428572
v -0.0676470588235294 -0.4898229828960581 -0.3956377118096154
v -0.0676470588235294 -0.47058823529411764 -0.41568400655040094
v -0.10803990899353991 -0.47058823529411764 -0.4098659002719638
v -0.0969016015901922 -0.49920680973976606 -0.3821428571428572
v -0.02098457088200746 -0.4911166198526032 -0.3965453110711915
v 0 -0.5057142857142857 -0.3821428571428572
v 0 -0.4916317991631799 -0.3969067543335326
v 0 -0.47058823529411764 -0.4189685551640011
v -0.050105482375299396 -0.47058823529411764 -0.41653202361782976
v -0.034470118675129724 -0.5043090035632662 -0.3821428571428572
v 0.04747708619832622 -0.4903197302535555 -0.39598622344773265
v 0.0676470588235294 -0.5027701197486817 -0.3821428571428572
v 0.0676470588235294 -0.4898229828960581 -0.3956377118096154
v 0.0676470588235294 -0.47058823529411764 -0.41568400655040094
v 0.015052153273830162 -0.47058823529411764 -0.4182406028772781
v 0.03331122078749805 -0.5041776420684961 -0.3821428571428572
v 0.12003132004624782 -0.4855192329470849 -0.3926182554962088
v 0.1352941176470588 -0.49384361196891846 -0.3821428571428572
v 0.1352941176470588 -0.4843920543658627 -0.3918274413170021
v 0.1352941176470588 -0.47058823529411764 -0.40596574542696523
v 0.09137768890695333 -0.47058823529411764 -0.41228425699243265
v 0.10807817803454282 -0.49721252404549193 -0.3821428571428572
v 0.1973991813116402 -0.47600975229743653 -0.38594652462772533
v 0.2029411764705884 -0.4786673040200189 -0.3821428571428572
v 0.2029411764705884 -0.47533047288806185 -0.38546995081987834
v 0.2029411764705884 -0.47058823529411764 -0.3901942444704344
v 0.18515202422397584 -0.47058823529411764 -0.39435218213199186
v 0.19245543267927603 -0.4808460281334449 -0.3821428571428572
v 0.22851676952945704 -0.47058823529411764 -0.3821428571428572
v -0.34802377503103843 -0.4139874525559391 -0.3888610381424208
v -0.3382352941176471 -0.4264888974797003 -0.3821428571428572
v -0.3382352941176471 -0.41676690885384926 -0.3908110693863514
v -0.3382352941176471 -0.40441176470588236 -0.4017984256779584
v -0.3548233505685342 -0.40441176470588236 -0.3935278275641182
v -0.37783178559485187 -0.40441176470588236 -0.3821428571428572
v -0.3531177560963669 -0.4189706949024561 -0.3821428571428572
v -0.2951402737067444 -0.42843006315301724 -0.39899379033910104
v -0.2705882352941176 -0.45652815547044323 -0.3821428571428572
v -0.2705882352941176 -0.4342523717489679 -0.4030786481159426
v -0.31426423279815635 -0.40441176470588236 -0.4121192405229583
v -0.3080686599262812 -0.4410773974982163 -0.3821428571428572
v -0.2029411764705883 -0.44780852631749385 -0.4125894740195751
v -0.24015804766562307 -0.4408195734836339 -0.4076861134599463
v -0.26021313248395006 -0.4604386781972146 -0.3821428571428572
v -0.1352941176470588 -0.45744115710457905 -0.41934760546067296
v -0.18287811786127905 -0.4509613301328369 -0.41480144114081574
v -0.0676470588235294 -0.463190563998031 -0.42338131632877735
v -0.12304952397915306 -0.4586098284450794 -0.420167530432897
v 0 -0.46510079878280713 -0.42472151279682663
v -0.06032414963336882 -0.46342451978200405 -0.42354545673594574
v 0.005797951753713276 -0.4649163259698329 -0.42459208901375584
v 0.0676470588235294 -0.463190563998031 -0.42338131632877735
v 0.07601592426926432 -0.4624013017058987 -0.4228275799269956
v 0.1352941176470588 -0.45744115710457905 -0.41934760546067296
v 0.2029411764705884 -0.44780852631749385 -0.4125894740195751
v 0.15124895684631715 -0.454980240425278 -0.41762105756821094
v 0.2326210602130061 -0.44155356641566545 -0.4082010735805145
v 0.2705882352941176 -0.45652815547044323 -0.3821428571428572
v 0.2705882352941176 -0.4342523717489679 -0.4030786481159426
v 0.3214160474567493 -0.420865375569804 -0.3936865015902435
v 0.33823529411764697 -0.4264888974797004 -0.3821428571428572
v 0.33823529411764697 -0.4167669088538493 -0.39081106938635146
v 0.33823529411764697 -0.40441176470588236 -0.40179842567795854
v 0.297717061086959 -0.4440491665837293 -0.3821428571428572
v 0.3778317855948519 -0.40441176470588236 -0.3821428571428572
v -0.425045190478198 -0.35698154822995076 -0.3952949909803782
v -0.40588235294117647 -0.3869058899608816 -0.3821428571428572
v -0.40588235294117647 -0.36405703113947424 -0.4002590599422978
v -0.40588235294117647 -0.3382352941176471 -0.42064603822577384
v -0.435754111478386 -0.3382352941176471 -0.40264490259851965
v -0.470029894133584 -0.3382352941176471 -0.3821428571428572
v -0.4350020833942767 -0.3667219869522017 -0.3821428571428572
v -0.3382352941176471 -0.3871659274129782 -0.4164719681214863
v -0.3758908643489665 -0.37507226499611174 -0.40798720814012923
v -0.3994597811486961 -0.3382352941176471 -0.42416339016727284
v -0.395403138387238 -0.394160359163986 -0.3821428571428572
v -0.3248704122084582 -0.3913374237077628 -0.41939863695052565
v 0.33823529411764697 -0.38716592741297823 -0.41647196812148635
v 0.36589194242950424 -0.3773563478790655 -0.40958969168658255
v 0.4058823529411766 -0.3869058899608816 -0.3821428571428572
v 0.4058823529411766 -0.3640570311394742 -0.4002590599422978
v 0.4058823529411766 -0.3382352941176471 -0.4206460382257736
v 0.470029894133584 -0.3382352941176471 -0.3821428571428572
v -0.4947726472047944 -0.29284024950341153 -0.3967228417150919
v -0.47352941176470575 -0.3351008401154148 -0.3821428571428572
v -0.47352941176470575 -0.30280245572135744 -0.40371219909339684
v -0.47352941176470575 -0.2720588235294118 -0.4241168082464123
v -0.5039994332484972 -0.2720588235294118 -0.4030555116394966
v -0.5344614373997809 -0.2720588235294118 -0.3821428571428572
v -0.5060851272110529 -0.3039068060312731 -0.3821428571428572
v -0.40588235294117647 -0.33269249468924394 -0.4246826708772156
v -0.44920101752603664 -0.31443577801460115 -0.4118739902896091
v -0.4702030520272659 -0.2720588235294118 -0.4262884301180926
v -0.47192922139590526 -0.33666989049599444 -0.3821428571428572
v -0.40193590239954413 -0.3343746359790937 -0.4258628398456499
v 0.4058823529411766 -0.3326924946892438 -0.4246826708772155
v 0.41656815748251513 -0.32778178967503324 -0.4212373825974043
v 0.47352941176470575 -0.3351008401154148 -0.3821428571428572
v 0.47352941176470575 -0.30280245572135744 -0.40371219909339684
v 0.47352941176470575 -0.2720588235294118 -0.4241168082464123
v 0.534461437399781 -0.2720588235294118 -0.3821428571428572
v -0.5569097142113815 -0.22127356952903687 -0.39294113925687985
v -0.5411764705882353 -0.26328302683498417 -0.3821428571428572
v -0.5411764705882353 -0.23045899371564266 -0.39938551622589535
v -0.5411764705882353 -0.20588235294117652 -0.41218880792261936
v -0.561989318224963 -0.20588235294117652 -0.3964274513283132
v -0.580963534407305 -0.20588235294117652 -0.3821428571428572
v -0.5657316205896248 -0.22990369533384014 -0.3821428571428572
v -0.47352941176470575 -0.2685810244734165 -0.42613144891627
v -0.5148355142066188 -0.24629049663435224 -0.4104926976387043
v -0.5296484238236485 -0.20588235294117652 -0.42065932194107564
v -0.5374922503776162 -0.2684546950625018 -0.3821428571428572
v -0.4712625127100699 -0.26984120488900715 -0.4270155754935574
v 0.47352941176470575 -0.2685810244734165 -0.42613144891627
v 0.4822109380107675 -0.2635660261147862 -0.4226129897503738
v 0.5411764705882351 -0.2632830268349844 -0.3821428571428572
v 0.5411764705882351 -0.23045899371564274 -0.39938551622589535
v 0.5411764705882351 -0.20588235294117652 -0.4121888079226194
v 0.5809635344073051 -0.20588235294117652 -0.3821428571428572
v -0.6110434221308573 -0.14187751653466218 -0.3836664481084456
v -0.6088235294117647 -0.1504260819557362 -0.3821428571428572
v -0.6088235294117647 -0.1434607494335886 -0.38477722420578764
v -0.6088235294117647 -0.13970588235294112 -0.38618215775387293
v -0.6115422964979471 -0.13970588235294112 -0.38400884324859114
v -0.6138880443164487 -0.13970588235294112 -0.3821428571428572
v -0.6123859586046875 -0.14319086743297432 -0.3821428571428572
v -0.5411764705882353 -0.19126283679919595 -0.41831456169086445
v -0.5723465861327384 -0.17019838668995513 -0.4035360109793019
v -0.580082346416666 -0.13970588235294112 -0.40884533713690435
v -0.5907654172025757 -0.18821680838870908 -0.3821428571428572
v -0.5324516294810913 -0.19734718229288348 -0.42258326122770556
v 0.5411764705882351 -0.19126283679919603 -0.41831456169086456
v 0.5953698726390331 -0.15286706832626554 -0.39137657809557047
v 0.6088235294117648 -0.15042608195573592 -0.3821428571428572
v 0.6088235294117648 -0.14346074943358852 -0.3847772242057876
v 0.6088235294117648 -0.13970588235294112 -0.3861821577538728
v 0.6138880443164486 -0.13970588235294112 -0.3821428571428572
v -0.6088235294117647 -0.09579598043477167 -0.39776479897169703
v -0.6211506191061251 -0.08558852124831935 -0.39060337522501143
v -0.6088235294117647 -0.07352941176470584 -0.4035531386759928
v -0.6230360801900393 -0.07352941176470584 -0.39189743391925064
v -0.6349807045160818 -0.07352941176470584 -0.3821428571428572
v -0.629186471352562 -0.09344968105461629 -0.3821428571428572
v -0.5847722266011308 -0.11617743395123407 -0.4120641679467389
v -0.5921575890376354 -0.07352941176470584 -0.4171330036562653
v 0.6088235294117648 -0.09579598043477155 -0.3977647989716969
v 0.6088235294117648 -0.07352941176470584 -0.4035531386759927
v 0.6349807045160819 -0.07352941176470584 -0.3821428571428572
v 0.6159888007315394 -0.13269637780098764 -0.3821428571428572
v -0.6088235294117647 -0.0437534298724518 -0.40768097778352974
v -0.6274492083038254 -0.025573714005660407 -0.3949263199849237
v -0.6088235294117647 -0.007352941176470562 -0.4126046856452519
v -0.6289153523786544 -0.007352941176470562 -0.39593258657044295
v -0.6455915477630056 -0.007352941176470562 -0.3821428571428572
v -0.6408778426833207 -0.03871042155081879 -0.3821428571428572
v -0.5936909006695698 -0.05872575321255867 -0.4181853697142079
v -0.5982797101085421 -0.007352941176470562 -0.4213348320931299
v 0.6088235294117648 -0.04375342987245166 -0.40768097778352963
v 0.6088235294117648 -0.007352941176470562 -0.41260468564525177
v 0.6455915477630056 -0.007352941176470562 -0.3821428571428572
v 0.6395764911612773 -0.0434449926619217 -0.3821428571428572
v -0.6088235294117647 0.015155749660709823 -0.4127796169047084
v -0.6291526324244088 0.03893636342113467 -0.39609544026644206
v -0.6088235294117647 0.05882352941176472 -0.41299996802546596
v -0.6292123337505653 0.05882352941176472 -0.39613641540023276
v -0.6461781725047426 0.05882352941176472 -0.3821428571428572
v -0.6458723384565359 0.022580129259271102 -0.3821428571428572
v -0.5983388946357936 0.0029037667565446137 -0.4213754525295354
v -0.5985255084940208 0.05882352941176472 -0.4215035322272627
v 0.6088235294117648 0.015155749660709986 -0.41277961690470827
v 0.6088235294117648 0.05882352941176472 -0.41299996802546585
v 0.6461781725047426 0.05882352941176472 -0.3821428571428572
v 0.6458978723922932 0.028915437826220462 -0.3821428571428572
v -0.6088235294117647 0.08571084747218635 -0.4097076276464979
v -0.6251503611220521 0.10902809941384924 -0.39334853977631534
v -0.6088235294117647 0.125 -0.4048172997029405
v -0.6239541728562542 0.125 -0.3925275534199758
v -0.6367671723049573 0.125 -0.3821428571428572
v -0.6410404021379558 0.09348349407220435 -0.3821428571428572
v -0.5975207132601804 0.0698806321687493 -0.4208139056847823
v -0.592930436596189 0.125 -0.41766343629738445
v 0.6088235294117648 0.08571084747218655 -0.4097076276464977
v 0.6088235294117648 0.125 -0.4048172997029404
v 0.6367671723049573 0.125 -0.3821428571428572
v 0.6418588799252899 0.0911407201315177 -0.3821428571428572
v -0.6139170873287861 0.18619364219114903 -0.3856387462722415
v -0.6088235294117647 0.1771166110066227 -0.39200707608741714
v -0.6088235294117647 0.19117647058823528 -0.38853192737365444
v -0.6131600273087657 0.19117647058823528 -0.3851191491777554
v -0.6169484222662993 0.19117647058823528 -0.3821428571428572
v -0.6200469134215393 0.18019707318736883 -0.3821428571428572
v -0.5894543703256181 0.14394809041036072 -0.4152776889501914
v -0.5814834990516431 0.19117647058823528 -0.4098069977963141
v 0.6088235294117648 0.17711661100662296 -0.3920070760874169
v 0.6088235294117648 0.19117647058823528 -0.38853192737365433
v 0.6169484222662993 0.19117647058823528 -0.3821428571428572
v 0.6308550479966416 0.14655257252868395 -0.3821428571428572
v -0.6088235294117647 0.20904594266999105 -0.3821428571428572
v -0.5716723635622658 0.22752000239752768 -0.4030732681591949
v -0.5411764705882353 0.25735294117647056 -0.414947950284572
v -0.5641729661963818 0.25735294117647056 -0.3979261662403739
v -0.5855204578704538 0.25735294117647056 -0.3821428571428572
v -0.5314949356471932 0.25735294117647056 -0.42192664837897426
v 0.5411764705882351 0.25735294117647056 -0.4149479502845721
v 0.6088235294117648 0.20904594266999071 -0.3821428571428572
v 0.569757859820752 0.2191365252722191 -0.408955009253459
v 0.5855204578704538 0.25735294117647056 -0.3821428571428572
v 0.5935108108803999 0.24237310783057017 -0.3821428571428572
v 0.614604525714202 0.19683179305801085 -0.3821428571428572
v -0.5411764705882353 0.3231709292865104 -0.3821428571428572
v -0.5255254172744701 0.272663754200806 -0.4178295565765774
v -0.47352941176470575 0.32352941176470584 -0.4273265267210271
v -0.5068229213801533 0.32352941176470584 -0.40499337150625436
v -0.5409104666923209 0.32352941176470584 -0.3821428571428572
v -0.4725884119257008 0.32352941176470584 -0.42792558706701833
v 0.47352941176470575 0.32352941176470584 -0.4273265267210271
v 0.5408343999685745 0.32319477746286396 -0.38237763231970495
v 0.5411764705882351 0.3231709292865107 -0.3821428571428572
v 0.540910466692321 0.32352941176470584 -0.3821428571428572
v 0.5410286109382614 0.32338476645494885 -0.3821428571428572
v 0.5688535171796442 0.2844283128419792 -0.3821428571428572
v -0.47352941176470575 0.3418465944936821 -0.4157203257679246
v -0.47794114166221296 0.38539005962711886 -0.385170783563196
v -0.47352941176470575 0.3897058823529411 -0.3853907771744316
v -0.4760145289587153 0.3897058823529411 -0.38384848105551594
v -0.4787648758188672 0.3897058823529411 -0.3821428571428572
v -0.5376596372271142 0.3269697922266721 -0.3821428571428572
v -0.4716086564355852 0.32540841154319333 -0.42725314618715643
v -0.40588235294117647 0.3897058823529411 -0.4246877953351395
v -0.43945182757224455 0.3897058823529411 -0.4051827760666648
v -0.40269197697257686 0.3897058823529411 -0.4263817605929798
v 0.4058823529411766 0.3897058823529411 -0.4246877953351394
v 0.47352941176470575 0.3418465944936821 -0.4157203257679246
v 0.47352941176470575 0.3897058823529411 -0.3853907771744316
v 0.44271773783419904 0.3897058823529411 -0.40328999980944724
v 0.4787648758188672 0.3897058823529411 -0.3821428571428572
v 0.5099346961169242 0.3591432768918761 -0.3821428571428572
v -0.47352941176470575 0.39434793890165565 -0.3821428571428572
v -0.40588235294117647 0.4463398826027026 -0.3821428571428572
v -0.4524338710577139 0.41034282434891145 -0.3821428571428572
v -0.3968476796981874 0.3985441496558652 -0.4223706124636628
v -0.3382352941176471 0.4558823529411764 -0.4073184344260641
v -0.35985464833915154 0.4558823529411764 -0.39698098535078413
v -0.39089849700138735 0.4558823529411764 -0.3821428571428572
v -0.31894242898794856 0.4558823529411764 -0.4153300521935921
v 0.33823529411764697 0.4558823529411764 -0.40731843442606414
v 0.4058823529411766 0.4463398826027026 -0.3821428571428572
v 0.3935129028144221 0.443781803904134 -0.39063244868948055
v 0.39089849700138746 0.4558823529411764 -0.3821428571428572
v 0.4002193453957056 0.45034245425538955 -0.3821428571428572
v 0.47352941176470575 0.39434793890165565 -0.3821428571428572
v 0.439501522243289 0.422594200148486 -0.3821428571428572
v 0.4761113302801716 0.3922316722050273 -0.3821428571428572
v -0.3382352941176471 0.48573456990234415 -0.3821428571428572
v -0.2705882352941176 0.49261244149460415 -0.4028020648561666
v -0.2705882352941176 0.5158816590737471 -0.3821428571428572
v -0.2826881606230971 0.51022194005541 -0.3821428571428572
v -0.2029411764705883 0.5220588235294117 -0.3970662434890022
v -0.21804488810283568 0.5220588235294117 -0.3925090691637475
v -0.2524126911069536 0.5220588235294117 -0.3821428571428572
v -0.1352941176470588 0.5220588235294117 -0.4121543508695472
v -0.16829556908676133 0.5220588235294117 -0.40479292164029274
v -0.0676470588235294 0.5220588235294117 -0.42143059030328894
v -0.11535723526290187 0.5220588235294117 -0.4148880403512464
v 0 0.5220588235294117 -0.42456195244055084
v -0.05790011005618867 0.5220588235294117 -0.42188175255409227
v 0.0676470588235294 0.5220588235294117 -0.42143059030328894
v 0.006264339496321518 0.5220588235294117 -0.4242719905941396
v 0.1352941176470588 0.5220588235294117 -0.4121543508695472
v 0.08064893740924736 0.5220588235294117 -0.41964777898309424
v 0.2029411764705884 0.5220588235294117 -0.39706624348900205
v 0.1707288768759423 0.5220588235294117 -0.40425129879011423
v 0.26010135331817436 0.5117999172485976 -0.38934037551765055
v 0.2705882352941176 0.5158816590737471 -0.3821428571428572
v 0.2705882352941176 0.49261244149460415 -0.4028020648561666
v 0.25241269110695347 0.5220588235294117 -0.3821428571428572
v 0.2660532348996148 0.5176224101000068 -0.3821428571428572
v 0.2829365160676584 0.4679621928283359 -0.4200963663013897
v 0.33823529411764697 0.4857345699023442 -0.3821428571428572
v 0.31353607108844533 0.49789654013127965 -0.3821428571428572
v 0.3582498250383022 0.4754617853635565 -0.3821428571428572
v -0.2029411764705883 0.5379218320445389 -0.3821428571428572
v -0.1352941176470588 0.5531243136561798 -0.3821428571428572
v -0.1822718016565631 0.5422788641083494 -0.3821428571428572
v -0.0676470588235294 0.5620559959198138 -0.3821428571428572
v -0.09886248862488686 0.557698460616319 -0.3821428571428572
v 0 0.5650000000000001 -0.3821428571428572
v -0.02494653999279034 0.5638310702116565 -0.3821428571428572
v 0.0676470588235294 0.5620559959198138 -0.3821428571428572
v 0.04211585105463272 0.5632591126045958 -0.3821428571428572
v 0.1352941176470588 0.5531243136561798 -0.3821428571428572
v 0.10395044570496319 0.5575730063482056 -0.3821428571428572
v 0.2029411764705884 0.5379218320445388 -0.3821428571428572
v 0.16154193715172882 0.5477360382622409 -0.3821428571428572
v 0.21547726855658605 0.5343223918744094 -0.3821428571428572
v -0.07180720317568033 -0.5408344123138049 -0.3385695400677806
v -0.0676470588235294 -0.5438105766367007 -0.33571428571428574
v -0.0676470588235294 -0.5411148950358438 -0.33876632318387767
v -0.0676470588235294 -0.5367647058823529 -0.3436923589146123
v -0.07732795616156768 -0.5367647058823529 -0.3423586282972251
v -0.12485790953500281 -0.5367647058823529 -0.33571428571428574
v -0.0741184115395768 -0.5430953770176167 -0.33571428571428574
v -0.00605818150470553 -0.5426911877891301 -0.3398722301631675
v 0 -0.5465714285714286 -0.33571428571428574
v 0 -0.5428279814713041 -0.33996820287351814
v 0 -0.5367647058823529 -0.34685828877005354
v -0.015210275111920156 -0.5367647058823529 -0.3461536360240198
v -0.00965964386375781 -0.546214357488203 -0.33571428571428574
v 0.06309480840478342 -0.541217994335474 -0.33883865634330085
v 0.0676470588235294 -0.5438105766367007 -0.33571428571428574
v 0.0676470588235294 -0.5411148950358438 -0.33876632318387767
v 0.0676470588235294 -0.5367647058823529 -0.3436923589146123
v 0.055180723013906224 -0.5367647058823529 -0.3442703733351762
v 0.06016046904078886 -0.5440885437132947 -0.33571428571428574
v 0.12485790953500281 -0.5367647058823529 -0.33571428571428574
v -0.33941952872476394 -0.471746725670645 -0.33652706785146846
v -0.3382352941176471 -0.4730697172457766 -0.33571428571428574
v -0.3382352941176471 -0.4720604768930202 -0.3367471917249444
v -0.3382352941176471 -0.47058823529411764 -0.3382596717259203
v -0.3403760166240892 -0.47058823529411764 -0.33718353936001155
v -0.343245762143127 -0.47058823529411764 -0.33571428571428574
v -0.3399710562906171 -0.4722862635068057 -0.33571428571428574
v -0.2856504938087024 -0.48532305340621146 -0.34605204699292935
v -0.2705882352941176 -0.5005722895693864 -0.33571428571428574
v -0.2705882352941176 -0.48862755648019784 -0.3483704443876944
v -0.2705882352941176 -0.47058823529411764 -0.3675355635670379
v -0.29913735889642074 -0.47058823529411764 -0.3553085599879161
v -0.292848104158768 -0.49236419396605824 -0.33571428571428574
v -0.22970298617152685 -0.4967682665232967 -0.35408186317983675
v -0.2029411764705883 -0.5211893101148893 -0.33571428571428574
v -0.2029411764705883 -0.5013839578104557 -0.3573201735749547
v -0.2565098196933446 -0.47058823529411764 -0.3724803420876682
v -0.2429438388277192 -0.5097212745565284 -0.33571428571428574
v -0.1714092804859586 -0.5059182858973892 -0.3605014005819778
v -0.1352941176470588 -0.5354567077095403 -0.33571428571428574
v -0.1352941176470588 -0.5104088899967277 -0.3636519513945296
v -0.1901171047443393 -0.5242194183240658 -0.33571428571428574
v -0.0676470588235294 -0.5157830430493606 -0.3674223889330435
v -0.11054922572234341 -0.5125577463907836 -0.36515956175353387
v -0.1341259755773183 -0.5356219582054329 -0.33571428571428574
v 0 -0.5175669309884587 -0.3686739420585695
v -0.04681638874717342 -0.5163868764598307 -0.36784603078610356
v 0.0676470588235294 -0.5157830430493606 -0.3674223889330435
v 0.020221338739757105 -0.5169829614630254 -0.36826423645501144
v 0.0911593142962372 -0.5137635863981822 -0.3660055637904708
v 0.1352941176470588 -0.5354567077095403 -0.33571428571428574
v 0.1352941176470588 -0.5104088899967277 -0.3636519513945296
v 0.16678429629280697 -0.5059590963375994 -0.3605300326686015
v 0.2029411764705884 -0.5211893101148893 -0.33571428571428574
v 0.2029411764705884 -0.5013839578104557 -0.35732017357495466
v 0.1370426170671086 -0.5350542173192607 -0.33571428571428574
v 0.2480895725459248 -0.49259779667821935 -0.3511559144948777
v 0.2705882352941176 -0.5005722895693864 -0.33571428571428574
v 0.2705882352941176 -0.48862755648019784 -0.3483704443876944
v 0.2705882352941176 -0.47058823529411764 -0.3675355635670379
v 0.22659404030172772 -0.5136260347431948 -0.33571428571428574
v 0.3362797586124583 -0.4725012591578892 -0.33705643896474136
v 0.33823529411764697 -0.47306971724577673 -0.33571428571428574
v 0.33823529411764697 -0.47206047689302033 -0.33674719172494444
v 0.33823529411764697 -0.47058823529411764 -0.3382596717259204
v 0.3282560449918342 -0.47058823529411764 -0.34256339769193983
v 0.33405835049835975 -0.47467437579124644 -0.33571428571428574
v 0.3432457621431272 -0.47058823529411764 -0.33571428571428574
v -0.4199052139358468 -0.4181297808963207 -0.3453386716764663
v -0.40588235294117647 -0.43671730729302827 -0.33571428571428574
v -0.40588235294117647 -0.4229673386949576 -0.3487326407986846
v -0.40588235294117647 -0.40441176470588236 -0.3664049599184518
v -0.4293198610510366 -0.40441176470588236 -0.3518002773052146
v -0.45465919282082773 -0.40441176470588236 -0.33571428571428574
v -0.42626550734476637 -0.4243518070572203 -0.33571428571428574
v -0.3382352941176471 -0.444694625227979 -0.36397622912820116
v -0.3698326579050132 -0.43532222928047964 -0.35740067514598733
v -0.3933240534140689 -0.40441176470588236 -0.37352365156679884
v -0.3843761657903908 -0.44954957395095774 -0.33571428571428574
v -0.2705882352941176 -0.46218877276446557 -0.3762499008918949
v -0.3177712640943141 -0.45056907548868325 -0.36809766883491746
v -0.26362370988429695 -0.46377511261059745 -0.377362856783943
v 0.2705882352941176 -0.46218877276446557 -0.3762499008918949
v 0.33823529411764697 -0.4446946252279791 -0.3639762291282012
v 0.2825796997918313 -0.4588574548072238 -0.3739126905155443
v 0.3782252685294829 -0.43146760815210433 -0.3546963219098891
v 0.4058823529411766 -0.4367173072930282 -0.33571428571428574
v 0.4058823529411766 -0.42296733869495756 -0.34873264079868455
v 0.4058823529411766 -0.40441176470588236 -0.36640495991845173
v 0.4546591928208277 -0.40441176470588236 -0.33571428571428574
v -0.49351992865696265 -0.3577912345557245 -0.34943448519623843
v -0.47352941176470575 -0.3902022623790659 -0.33571428571428574
v -0.47352941176470575 -0.36659835013290204 -0.35561344564879793
v -0.47352941176470575 -0.3382352941176471 -0.3797235890639513
v -0.5043939985060392 -0.3382352941176471 -0.35689774431625676
v -0.5325208254225161 -0.3382352941176471 -0.33571428571428574
v -0.5025142117669056 -0.36658998977197294 -0.33571428571428574
v -0.40588235294117647 -0.3945617099824793 -0.3752321838289776
v -0.44704856667621673 -0.37850659016279525 -0.3639681156380246
v -0.4717815085004535 -0.3382352941176471 -0.38094320925031133
v -0.4656448386945312 -0.3966985953981029 -0.33571428571428574
v -0.3987012830994147 -0.39738680507807195 -0.3772142346738219
v 0.4058823529411766 -0.3945617099824793 -0.3752321838289776
v 0.4238777754870485 -0.3868075469979641 -0.3697919615446034
v 0.47352941176470575 -0.3902022623790659 -0.33571428571428574
v 0.47352941176470575 -0.36659835013290204 -0.35561344564879793
v 0.47352941176470575 -0.3382352941176471 -0.3797235890639513
v 0.5325208254225162 -0.3382352941176471 -0.33571428571428574
v -0.5599565872146861 -0.2904306767509398 -0.3486037446411355
v -0.5411764705882353 -0.3291122692303663 -0.33571428571428574
v -0.5411764705882353 -0.3008468017429911 -0.35591156566730486
v -0.5411764705882353 -0.2720588235294118 -0.37670041865435977
v -0.5679759427232617 -0.2720588235294118 -0.35410771224174176
v -0.5894199884381974 -0.2720588235294118 -0.33571428571428574
v -0.5685195721248903 -0.29880750981527004 -0.33571428571428574
v -0.47352941176470575 -0.33658930589569297 -0.3809880527077719
v -0.5170891669099108 -0.3146716274758079 -0.3656108878481065
v -0.5375565689128702 -0.2720588235294118 -0.37965839046504446
v -0.5368644856720789 -0.3340170480040159 -0.33571428571428574
v -0.472430393080779 -0.33716016714424046 -0.3813885617107211
v 0.47352941176470575 -0.33658930589569297 -0.3809880527077719
v 0.477352959643116 -0.3344948668452892 -0.37951862086606003
v 0.5411764705882351 -0.3291122692303665 -0.33571428571428574
v 0.5411764705882351 -0.30084680174299117 -0.3559115656673049
v 0.5411764705882351 -0.2720588235294118 -0.3767004186543599
v 0.5894199884381974 -0.2720588235294118 -0.33571428571428574
v -0.6187329907717857 -0.21557639122815364 -0.34251549987753
v -0.6088235294117647 -0.24280276772663764 -0.33571428571428574
v -0.6088235294117647 -0.2224142999190073 -0.3473128897844464
v -0.6088235294117647 -0.20588235294117652 -0.3568353559100934
v -0.6219164007220638 -0.20588235294117652 -0.3447003868309817
v -0.6314565124643915 -0.20588235294117652 -0.33571428571428574
v -0.6234125502825101 -0.22015422118429703 -0.33571428571428574
v -0.5411764705882353 -0.2679287201193774 -0.3792452290361346
v -0.5795238130010253 -0.24339605747542759 -0.3620334244510143
v -0.5930184767362428 -0.20588235294117652 -0.371295289933881
v -0.5974730976670435 -0.2609551403008802 -0.33571428571428574
v -0.5386640749116888 -0.2696010451501816 -0.3804185110418734
v 0.5411764705882351 -0.2679287201193775 -0.3792452290361347
v 0.5552041427466211 -0.2583361007657734 -0.3725151691086855
v 0.6088235294117648 -0.24280276772663736 -0.33571428571428574
v 0.6088235294117648 -0.22241429991900719 -0.3473128897844463
v 0.6088235294117648 -0.20588235294117652 -0.35683535591009335
v 0.6314565124643915 -0.20588235294117652 -0.33571428571428574
v -0.6088235294117647 -0.18395313236481572 -0.3667575944527755
v -0.633662336481033 -0.16400471535548627 -0.35276203839226183
v -0.6397992832997211 -0.13970588235294112 -0.35697404226471546
v -0.6613533101705982 -0.13970588235294112 -0.33571428571428574
v -0.6459383952263216 -0.17601390325848593 -0.33571428571428574
v -0.5967161011295857 -0.19403812962165365 -0.37383310046471574
v 0.6088235294117648 -0.1839531323648157 -0.36675759445277545
v 0.6257190131924137 -0.13970588235294112 -0.37054688846110734
v 0.6613533101705981 -0.13970588235294112 -0.33571428571428574
v 0.648715223896253 -0.1668578692063509 -0.33571428571428574
v -0.678669009976355 -0.07568004172878717 -0.33722314038749834
v -0.6764705882352942 -0.08835903135694625 -0.33571428571428574
v -0.6764705882352942 -0.07787066968857777 -0.3387600571465895
v -0.6764705882352942 -0.07352941176470584 -0.3400414169217108
v -0.679009316585498 -0.07352941176470584 -0.33745670486147533
v -0.6806963625830021 -0.07352941176470584 -0.33571428571428574
v -0.6798385661206842 -0.07682417273954388 -0.33571428571428574
v -0.6455881701083865 -0.10949482114183587 -0.36094716022966905
v -0.6518068986389175 -0.07352941176470584 -0.3652152937863378
v -0.6649997090088776 -0.12848437006622926 -0.33571428571428574
v 0.6764705882352939 -0.07787066968857786 -0.33876005714658963
v 0.6764705882352939 -0.08835903135694645 -0.33571428571428574
v 0.6764705882352939 -0.07352941176470584 -0.3400414169217109
v 0.680696362583002 -0.07352941176470584 -0.33571428571428574
v -0.6764705882352942 -0.024217658679187244 -0.3475463573590489
v -0.6842397114536364 -0.014953170411805349 -0.3410465100349492
v -0.6764705882352942 -0.007352941176470562 -0.3501711910417728
v -0.6848651524484224 -0.007352941176470562 -0.3414757723326129
v -0.6903515108208466 -0.007352941176470562 -0.33571428571428574
v -0.6887471142463232 -0.019362586187259778 -0.33571428571428574
v -0.6539816885731279 -0.05152940122563022 -0.3667079291138549
v -0.6579620347214313 -0.007352941176470562 -0.36943978159452273
v 0.6764705882352939 -0.024217658679187536 -0.3475463573590491
v 0.6764705882352939 -0.007352941176470562 -0.3501711910417731
v 0.6903515108208467 -0.007352941176470562 -0.33571428571428574
v 0.6813411709223267 -0.0687647113099999 -0.33571428571428574
v -0.6764705882352942 0.03779082231490529 -0.35047056593144743
v -0.6850875186804529 0.05039392354150073 -0.3416283901502487
v -0.6764705882352942 0.05882352941176472 -0.35065505072374026
v -0.6851264726517878 0.05882352941176472 -0.34165512563989164
v -0.6907648114408964 0.05882352941176472 -0.33571428571428574
v -0.6906843445287373 0.044918767820352944 -0.33571428571428574
v -0.6580389167447518 0.010678041803407774 -0.3694925484490378
v -0.6582828423870849 0.05882352941176472 -0.36965996325324774
v 0.6764705882352939 0.03779082231490492 -0.3504705659314477
v 0.6764705882352939 0.05882352941176472 -0.35065505072374054
v 0.6907648114408964 0.05882352941176472 -0.33571428571428574
v 0.6904305857714288 0.0063035781523570235 -0.33571428571428574
v -0.680033085353645 0.1215149484711785 -0.33815935361228433
v -0.6764705882352942 0.11491641610545861 -0.3427888001291862
v -0.6764705882352942 0.125 -0.3413852969211695
v -0.6797757309134005 0.125 -0.3379827221486383
v -0.6819505632178207 0.125 -0.33571428571428574
v -0.6827042452678163 0.11890185725079365 -0.33571428571428574
v -0.656530424741232 0.0783302110907385 -0.3684572169807835
v -0.6527498859964653 0.125 -0.3658624993950896
v 0.6764705882352939 0.11491641610545816 -0.3427888001291865
v 0.6764705882352939 0.125 -0.3413852969211697
v 0.6819505632178207 0.125 -0.33571428571428574
v 0.6892391884095609 0.07131455132137364 -0.33571428571428574
v -0.6764705882352942 0.145102689822321 -0.33571428571428574
v -0.647635739391751 0.1532080043034661 -0.3623524795204254
v -0.6413053638117449 0.19117647058823528 -0.3580077186409802
v -0.6635134617268877 0.19117647058823528 -0.33571428571428574
v 0.6764705882352939 0.14510268982232177 -0.33571428571428574
v 0.6553770515852805 0.17054148908278727 -0.3501915267069969
v 0.6348095779681123 0.19117647058823528 -0.36430771201567447
v 0.6635134617268876 0.19117647058823528 -0.33571428571428574
v 0.6665326006388739 0.18145452620043298 -0.33571428571428574
v 0.6808772934854544 0.1293109073099397 -0.33571428571428574
v -0.6287788020524285 0.2378314788106037 -0.34941029581859234
v -0.6088235294117647 0.25735294117647056 -0.360385298878791
v -0.6238856668459628 0.25735294117647056 -0.3460519638911733
v -0.6346062206050893 0.25735294117647056 -0.33571428571428574
v -0.6532400622023722 0.21390198518565892 -0.33571428571428574
v -0.595436076139565 0.25735294117647056 -0.3729545739964096
v 0.6088235294117648 0.25735294117647056 -0.3603852988787909
v 0.6201409078209428 0.20224781903199643 -0.374375339663266
v 0.6346062206050893 0.25735294117647056 -0.33571428571428574
v 0.6478011746408032 0.22930677570359914 -0.33571428571428574
v -0.6088235294117647 0.30033730767089173 -0.33571428571428574
v -0.5872952126378944 0.2784132510639523 -0.36736721115830645
v -0.5411764705882353 0.32352941176470584 -0.3819193112271108
v -0.5708094663777354 0.32352941176470584 -0.3560524598431042
v -0.5937960418148607 0.32352941176470584 -0.33571428571428574
v -0.5410305351241186 0.32352941176470584 -0.3820426964671746
v 0.5411764705882351 0.32352941176470584 -0.3819193112271109
v 0.5923659605539195 0.30742961614290076 -0.347009697880695
v 0.6088235294117648 0.3003373076708917 -0.33571428571428574
v 0.5937960418148607 0.32352941176470584 -0.33571428571428574
v 0.599951541374789 0.31485029303288176 -0.33571428571428574
v 0.6255754147143446 0.2737406550594291 -0.33571428571428574
v -0.5411764705882353 0.3868448975506925 -0.33571428571428574
v -0.5408808244680309 0.3238186307953406 -0.38193994474358645
v -0.5081453753575904 0.3897058823529411 -0.3594724470621972
v -0.5385123557610433 0.3897058823529411 -0.33571428571428574
v 0.5411764705882351 0.3868448975506925 -0.33571428571428574
v 0.5387709853239059 0.38735269024653207 -0.3373652554143378
v 0.5182643966893756 0.3897058823529411 -0.35143965320387566
v 0.5385123557610432 0.3897058823529411 -0.33571428571428574
v 0.5398375804005574 0.38839609847369116 -0.33571428571428574
v 0.5712351426327236 0.35293463441692274 -0.33571428571428574
v -0.47352941176470575 0.4477843601516762 -0.33571428571428574
v -0.47352941176470575 0.4138410548593325 -0.365209926590754
v -0.40588235294117647 0.4558823529411764 -0.37330543547699935
v -0.4339257612676968 0.4558823529411764 -0.354961469689941
v -0.4629407298123733 0.4558823529411764 -0.33571428571428574
v -0.398980858942157 0.4558823529411764 -0.37740611747272274
v 0.4058823529411766 0.4558823529411764 -0.37330543547699935
v 0.46558826149374805 0.4481138363717612 -0.341164578291558
v 0.47352941176470575 0.4477843601516762 -0.33571428571428574
v 0.47352941176470575 0.4138410548593325 -0.365209926590754
v 0.46294072981237333 0.4558823529411764 -0.33571428571428574
v 0.4690680916580377 0.45151801805421854 -0.33571428571428574
v 0.47810964289763264 0.39418654324384783 -0.37899928235907815
v 0.5057089880373252 0.42118590261963407 -0.33571428571428574
v -0.40588235294117647 0.49414887350477227 -0.33571428571428574
v -0.37235170210717433 0.488684076583135 -0.35912958436548303
v -0.3382352941176471 0.5220588235294117 -0.34463732588210966
v -0.34557155092878106 0.5220588235294117 -0.34074941849459817
v -0.3549417776181839 0.5220588235294117 -0.33571428571428574
v -0.2705882352941176 0.5220588235294117 -0.37546442418435727
v -0.3054848071500149 0.5220588235294117 -0.3596650384476811
v -0.2642689612099866 0.5220588235294117 -0.3778057156130654
v 0.2705882352941176 0.5220588235294117 -0.37546442418435727
v 0.33823529411764697 0.5220588235294117 -0.3446373258821097
v 0.299634093556128 0.5220588235294117 -0.3622076562860115
v 0.4058823529411766 0.49414887350477227 -0.33571428571428574
v 0.37416604099377027 0.4910319966243404 -0.357482313479431
v 0.35494177761818396 0.5220588235294117 -0.33571428571428574
v 0.3882525182157728 0.5048122460806471 -0.33571428571428574
v 0.429913153088109 0.47939074438926255 -0.33571428571428574
v -0.3382352941176471 0.530425432505912 -0.33571428571428574
v -0.2705882352941176 0.5579976337026321 -0.33571428571428574
v -0.32404811608544887 0.5359375846478664 -0.33571428571428574
v -0.2029411764705883 0.5786373623007092 -0.33571428571428574
v -0.2029411764705883 0.5632941034841541 -0.3532127083492125
v -0.21759820970858504 0.5738968920369979 -0.33571428571428574
v -0.1352941176470588 0.588235294117647 -0.3411598565808245
v -0.14117516698330992 0.588235294117647 -0.33975065808481836
v -0.1578218783561336 0.588235294117647 -0.33571428571428574
v -0.0676470588235294 0.588235294117647 -0.3511328958123408
v -0.08616550311290719 0.588235294117647 -0.3484241496520264
v 0 0.588235294117647 -0.35448179271708696
v -0.025515119446586958 0.588235294117647 -0.3532262155207942
v 0.0676470588235294 0.588235294117647 -0.3511328958123408
v 0.04344560719852373 0.588235294117647 -0.3523245987861064
v 0.1352941176470588 0.588235294117647 -0.3411598565808245
v 0.12520567705682406 0.588235294117647 -0.34263833965975743
v 0.1872991202513578 0.5729332825988345 -0.3464499826846272
v 0.2029411764705884 0.5786373623007091 -0.33571428571428574
v 0.2029411764705884 0.5632941034841538 -0.3532127083492127
v 0.1578218783561334 0.588235294117647 -0.33571428571428574
v 0.19505739244496578 0.580522896701277 -0.33571428571428574
v 0.2705882352941176 0.5579976337026321 -0.33571428571428574
v 0.22676187963640074 0.5453616853220543 -0.3657938652184952
v 0.24756293992131634 0.5657105486442544 -0.33571428571428574
v 0.33823529411764697 0.530425432505912 -0.33571428571428574
v 0.2971917818675048 0.5480840321338122 -0.33571428571428574
v 0.34406797368171743 0.5277647057116545 -0.33571428571428574
v -0.1352941176470588 0.5928796668865693 -0.33571428571428574
v -0.0676470588235294 0.6012369340636434 -0.33571428571428574
v -0.1299262174115965 0.5934865008697296 -0.33571428571428574
v 0 0.604 -0.33571428571428574
v -0.05382694676506708 0.6017549689574471 -0.33571428571428574
v 0.0676470588235294 0.6012369340636434 -0.33571428571428574
v 0.015522910269172128 0.6034207498157501 -0.33571428571428574
v 0.1352941176470588 0.5928796668865693 -0.33571428571428574
v 0.0795771359279652 0.5999060217198124 -0.33571428571428574
v 0.1392849396398088 0.5921393591105546 -0.33571428571428574
v -0.274470402309876 -0.5405624779629862 -0.29195018295180936
v -0.2705882352941176 -0.5443283531019616 -0.28928571428571426
v -0.2705882352941176 -0.5413386926407359 -0.2924947653130242
v -0.2705882352941176 -0.5367647058823529 -0.29741405319716097
v -0.2781385934358059 -0.5367647058823529 -0.29446779238917115
v -0.29121355025041723 -0.5367647058823529 -0.28928571428571426
v -0.2763523697354024 -0.542403533053175 -0.28928571428571426
v -0.21733463548561263 -0.550845263614442 -0.29916445478981485
v -0.2029411764705883 -0.5635311830699085 -0.28928571428571426
v -0.2029411764705883 -0.5531043295363449 -0.30074938675407054
v -0.2029411764705883 -0.5367647058823529 -0.31873508521810656
v -0.2324242838018005 -0.5367647058823529 -0.3095210146589997
v -0.22456170766812306 -0.5579152255321153 -0.28928571428571426
v -0.15791624780064373 -0.5588950505978164 -0.3048120831178331
v -0.1352941176470588 -0.5769231428516037 -0.28928571428571426
v -0.1352941176470588 -0.5614512609823246 -0.3066054878637896
v -0.1352941176470588 -0.5367647058823529 -0.33425585203897007
v -0.1844480447237785 -0.5367647058823529 -0.32302179467066783
v -0.1697941071217759 -0.5705146955858805 -0.28928571428571426
v -0.09599733589646203 -0.5644986725841349 -0.30874351314632953
v -0.0676470588235294 -0.5848201695637137 -0.28928571428571426
v -0.0676470588235294 -0.5664331581180098 -0.3101007236320005
v -0.13353187612880899 -0.5367647058823529 -0.3345047969703938
v -0.11173584551963056 -0.5798950406937563 -0.28928571428571426
v -0.03128941815368584 -0.5673739192935674 -0.31076074972659806
v 0 -0.5874285714285714 -0.28928571428571426
v 0 -0.5680890319541493 -0.31126246368846666
v -0.049884364752443816 -0.5855646279227872 -0.28928571428571426
v 0.036591580051908296 -0.5671450655502431 -0.3106001888463611
v 0.0676470588235294 -0.5848201695637137 -0.28928571428571426
v 0.0676470588235294 -0.5664331581180098 -0.3101007236320005
v 0.01656380558322106 -0.5867374536174372 -0.28928571428571426
v 0.10814868723141018 -0.5633200182454875 -0.30791658422937374
v 0.1352941176470588 -0.5769231428516037 -0.28928571428571426
v 0.1352941176470588 -0.5614512609823246 -0.3066054878637896
v 0.1352941176470588 -0.5367647058823529 -0.33425585203897007
v 0.08887201305245584 -0.5821776342901167 -0.28928571428571426
v 0.18402186574966162 -0.5552727272397813 -0.30227070704759257
v 0.2029411764705884 -0.5635311830699085 -0.28928571428571426
v 0.2029411764705884 -0.5531043295363449 -0.30074938675407054
v 0.2029411764705884 -0.5367647058823529 -0.31873508521810656
v 0.13849695875186818 -0.5367647058823529 -0.3335160624715439
v 0.1689964109622843 -0.5699715417056939 -0.28928571428571426
v 0.26499880975729173 -0.5422326221683782 -0.293121934918132
v 0.2705882352941176 -0.5443283531019616 -0.28928571428571426
v 0.2705882352941176 -0.5413386926407359 -0.2924947653130242
v 0.2705882352941176 -0.5367647058823529 -0.29741405319716097
v 0.2487578018706306 -0.5367647058823529 -0.30426871362295227
v 0.25995128362856534 -0.5471704194682193 -0.28928571428571426
v 0.29121355025041734 -0.5367647058823529 -0.28928571428571426
v -0.41252489598326053 -0.4770863752265912 -0.29384472674627504
v -0.40588235294117647 -0.485295729982218 -0.28928571428571426
v -0.40588235294117647 -0.4791600543504173 -0.29529959368711817
v -0.40588235294117647 -0.47058823529411764 -0.30373861279398
v -0.4173616267022159 -0.47058823529411764 -0.2971643462769867
v -0.4308950902234907 -0.47058823529411764 -0.28928571428571426
v -0.4155660304306684 -0.4800613980555772 -0.28928571428571426
v -0.36101453585961996 -0.49287227612865636 -0.30491991436327953
v -0.3382352941176471 -0.5184949836580012 -0.28928571428571426
v -0.3382352941176471 -0.4989726645467126 -0.309199869412138
v -0.37927208493358744 -0.47058823529411764 -0.31745071667802116
v -0.371629799196362 -0.5032567728711214 -0.28928571428571426
v -0.2705882352941176 -0.5149882477338726 -0.32043619920376465
v -0.30758435446363463 -0.5067800910034278 -0.31467746067224617
v -0.325261241798256 -0.5240726981786008 -0.28928571428571426
v -0.2029411764705883 -0.5272848034763291 -0.3290633065659325
v -0.25212498624848056 -0.5187028318159689 -0.3230423042264417
v -0.1352941176470588 -0.5359617322138086 -0.3351509295849261
v -0.19450423075010564 -0.528511172025359 -0.329923711166998
v -0.1345409041088268 -0.5360278665514738 -0.33519732859643087
v 0.1352941176470588 -0.5359617322138086 -0.3351509295849261
v 0.1362552681298618 -0.535824449975263 -0.335054614109629
v 0.2029411764705884 -0.5272848034763291 -0.3290633065659325
v 0.2705882352941176 -0.5149882477338726 -0.32043619920376465
v 0.21506959343845625 -0.5248999501529169 -0.3273901237580783
v 0.3004056110245229 -0.5075955339721738 -0.31524956510428703
v 0.33823529411764697 -0.5184949836580013 -0.28928571428571426
v 0.33823529411764697 -0.4989726645467126 -0.309199869412138
v 0.39367752571309506 -0.48252774019115385 -0.2976623193087143
v 0.4058823529411766 -0.485295729982218 -0.28928571428571426
v 0.4058823529411766 -0.4791600543504173 -0.29529959368711817
v 0.4058823529411766 -0.47058823529411764 -0.30373861279398
v 0.37648516297517265 -0.4993463559130344 -0.28928571428571426
v 0.43089509022349076 -0.47058823529411764 -0.28928571428571426
v -0.48921338973760314 -0.41975478663589066 -0.3000501836397836
v -0.47352941176470575 -0.44284156948422776 -0.28928571428571426
v -0.47352941176470575 -0.42594931505145245 -0.30439618611546343
v -0.47352941176470575 -0.40441176470588236 -0.32378463023112214
v -0.49870608420187634 -0.40441176470588236 -0.3065653559273748
v -0.5235621889624192 -0.40441176470588236 -0.28928571428571426
v -0.49628276274014577 -0.42667047761663884 -0.28928571428571426
v -0.40588235294117647 -0.4511319314288422 -0.3220639899865846
v -0.4410966813701703 -0.4388605642559851 -0.31345455460499266
v -0.4645191138373609 -0.40441176470588236 -0.32953019924862353
v -0.4570975091341155 -0.4545135479381054 -0.28928571428571426
v -0.3911890108847397 -0.4562143137171686 -0.32562972486188657
v 0.4058823529411766 -0.4511319314288422 -0.3220639899865846
v 0.4386084971646553 -0.4385735289885406 -0.3132531743062459
v 0.47352941176470575 -0.44284156948422776 -0.28928571428571426
v 0.47352941176470575 -0.42594931505145245 -0.30439618611546343
v 0.47352941176470575 -0.40441176470588236 -0.32378463023112214
v 0.5235621889624192 -0.40441176470588236 -0.28928571428571426
v -0.5593549760281923 -0.35601861465673545 -0.30176226615599533
v -0.5411764705882353 -0.38883287149500695 -0.28928571428571426
v -0.5411764705882353 -0.3649698713350879 -0.30804235417477593
v -0.5411764705882353 -0.3382352941176471 -0.3292316610400612
v -0.5682790503820113 -0.3382352941176471 -0.3078871743305109
v -0.5915290180345444 -0.3382352941176471 -0.28928571428571426
v -0.5675650342442483 -0.36405019334635547 -0.28928571428571426
v -0.47352941176470575 -0.3966564130558188 -0.330273229477257
v -0.5145877135406268 -0.37840102411583065 -0.3174654804114241
v -0.5366781011520477 -0.3382352941176471 -0.3326268955111881
v -0.533122412612838 -0.39653279494734156 -0.28928571428571426
v -0.46811244339652114 -0.3991125565196148 -0.3319964285423329
v 0.47352941176470575 -0.3966564130558188 -0.330273229477257
v 0.48923719482019806 -0.38904545519507466 -0.3249334780892429
v 0.5411764705882351 -0.38883287149500695 -0.28928571428571426
v 0.5411764705882351 -0.36496987133508796 -0.308042354174776
v 0.5411764705882351 -0.3382352941176471 -0.3292316610400613
v 0.5915290180345445 -0.3382352941176471 -0.28928571428571426
v -0.6226244858174304 -0.28555975914364995 -0.2987577992722115
v -0.6088235294117647 -0.31723089406969474 -0.28928571428571426
v -0.6088235294117647 -0.29393367361246225 -0.3046328313281084
v -0.6088235294117647 -0.2720588235294118 -0.31918932914548337
v -0.6279531194459611 -0.2720588235294118 -0.3024150291849609
v -0.6427045155082657 -0.2720588235294118 -0.28928571428571426
v -0.6289897807187819 -0.29178667806888514 -0.28928571428571426
v -0.5411764705882353 -0.33363361500917593 -0.3324858060858028
v -0.5812303817709896 -0.3112419975125411 -0.31677613158816376
v -0.598119672248494 -0.2720588235294118 -0.3283678495866994
v -0.5995850827134094 -0.3291976832170821 -0.28928571428571426
v -0.5382194482967695 -0.33534255491947407 -0.33368477662604373
v 0.5411764705882351 -0.33363361500917604 -0.33248580608580286
v 0.553361517681935 -0.32631513935207124 -0.3273512564978024
v 0.6088235294117648 -0.3172308940696947 -0.28928571428571426
v 0.6088235294117648 -0.29393367361246214 -0.30463283132810837
v 0.6088235294117648 -0.2720588235294118 -0.3191893291454832
v 0.6427045155082657 -0.2720588235294118 -0.28928571428571426
v -0.6785539111873051 -0.20792038626379597 -0.29071557258507585
v -0.6764705882352942 -0.21429012058015579 -0.28928571428571426
v -0.6764705882352942 -0.20946225112243078 -0.2917973253906577
v -0.6764705882352942 -0.20588235294117652 -0.2936814109600881
v -0.6791604888998135 -0.20588235294117652 -0.29113188834428183
v -0.6810813715598885 -0.20588235294117652 -0.28928571428571426
v -0.679553347092696 -0.20889809530167835 -0.28928571428571426
v -0.6088235294117647 -0.25897329638686095 -0.3265336460364961
v -0.6405645494698922 -0.23693335082412725 -0.3110707001020067
v -0.6506164216788651 -0.20588235294117652 -0.3179696558727615
v -0.655654078859378 -0.2516948469660156 -0.28928571428571426
v -0.6011176002980474 -0.26452041461381887 -0.3304254337449332
v 0.6088235294117648 -0.25897329638686084 -0.326533646036496
v 0.6624062136779142 -0.21964098022556977 -0.29893859247571714
v 0.6764705882352939 -0.214290120580156 -0.28928571428571426
v 0.6764705882352939 -0.20946225112243083 -0.2917973253906578
v 0.6764705882352939 -0.20588235294117652 -0.29368141096008815
v 0.6810813715598883 -0.20588235294117652 -0.28928571428571426
v -0.6764705882352942 -0.1680547266932128 -0.3091749034895239
v -0.6919512003520705 -0.1548499594237006 -0.29991060645281853
v -0.6764705882352942 -0.13970588235294112 -0.32093866253730546
v -0.6954031681457148 -0.13970588235294112 -0.302279814162121
v -0.7084143369577338 -0.13970588235294112 -0.28928571428571426
v -0.6997347519089635 -0.1624643033380525 -0.28928571428571426
v -0.6561170219576948 -0.18597125549569887 -0.3217449125858713
v -0.667618650921491 -0.13970588235294112 -0.32963888774425315
v 0.6764705882352939 -0.16805472669321297 -0.30917490348952403
v 0.6764705882352939 -0.13970588235294112 -0.3209386625373055
v 0.7084143369577339 -0.13970588235294112 -0.28928571428571426
v 0.6839789281246085 -0.19853723783206445 -0.28928571428571426
v -0.6764705882352942 -0.1247239022250821 -0.3252031187039465
v -0.7023582050391228 -0.09885425429019043 -0.30705330221629235
v -0.706290742440804 -0.07352941176470584 -0.3097523418615456
v -0.726215514162289 -0.07352941176470584 -0.28928571428571426
v -0.7162464149201936 -0.11244054656515097 -0.28928571428571426
v -0.6689951909098484 -0.1323929936650051 -0.3305836558729084
v 0.6764705882352939 -0.12472390222508216 -0.3252031187039466
v 0.6893364221034607 -0.07352941176470584 -0.32688400843209675
v 0.7262155141622891 -0.07352941176470584 -0.28928571428571426
v 0.7194473158802864 -0.09766343139588321 -0.28928571428571426
v -0.7092600062210714 -0.03942954572777437 -0.3117902527169465
v -0.7118331011004947 -0.007352941176470562 -0.3135562588298426
v -0.7350824974846656 -0.007352941176470562 -0.28928571428571426
v -0.7284428765632974 -0.05819539714951728 -0.28928571428571426
v 0.6977681907603626 -0.05269480059887787 -0.3210969870868318
v 0.7173692594570514 -0.007352941176470562 -0.3076440796894149
v 0.7350824974846657 -0.007352941176470562 -0.28928571428571426
v 0.73360782530435 -0.017634288544977048 -0.28928571428571426
v -0.7119156183829466 0.02414904339775687 -0.3136128933622087
v -0.7120362772431346 0.05882352941176472 -0.313695705809729
v -0.7353471440042955 0.05882352941176472 -0.28928571428571426
v -0.735120709429692 0.0014484108520276921 -0.28928571428571426
v 0.7178423092203623 0.03311939456979195 -0.3073194088891301
v 0.7183212259398148 0.05882352941176472 -0.30699071138913314
v 0.7353471440042956 0.05882352941176472 -0.28928571428571426
v 0.7353097493482986 0.05020710773842538 -0.28928571428571426
v -0.7092579331543085 0.09292542344879029 -0.31178882989783285
v -0.7068836606839562 0.125 -0.31015928264333636
v -0.727019750232986 0.125 -0.28928571428571426
v -0.7340140902248847 0.06870744370583534 -0.28928571428571426
v 0.7073959440084852 0.08907659484206043 -0.31448911917430045
v 0.6928332468029549 0.125 -0.32448401384020786
v 0.7270197502329862 0.125 -0.28928571428571426
v 0.7290337294699524 0.11024399366306104 -0.28928571428571426
v -0.6997861626732741 0.16836775646412452 -0.30528801848072534
v -0.6764705882352942 0.19117647058823528 -0.3228290972766161
v -0.6963359684875623 0.19117647058823528 -0.3029200280613393
v -0.7097872488747732 0.19117647058823528 -0.28928571428571426
v -0.720820300753373 0.14779088225533205 -0.28928571428571426
v -0.6688251289299408 0.19117647058823528 -0.33046693631526997
v 0.6764705882352939 0.19117647058823528 -0.3228290972766162
v 0.6859343759892924 0.13425805323760717 -0.3292189531253613
v 0.7097872488747731 0.19117647058823528 -0.28928571428571426
v 0.7171364788638493 0.1647818495279346 -0.28928571428571426
v -0.6814590665760465 0.2524729080170389 -0.29270948358169646
v -0.6764705882352942 0.23533817854460298 -0.3047309921956912
v -0.6764705882352942 0.25735294117647056 -0.29570933623817697
v -0.6803503655321285 0.25735294117647056 -0.2919485428031068
v -0.6830661198537558 0.25735294117647056 -0.28928571428571426
v -0.6870718660148136 0.24698212595737545 -0.28928571428571426
v -0.6661253620089703 0.20129680059224772 -0.32861399069559766
v -0.6521732147892297 0.25735294117647056 -0.3190381381006825
v 0.6764705882352939 0.23533817854460223 -0.3047309921956917
v 0.6764705882352939 0.25735294117647056 -0.29570933623817725
v 0.6830661198537558 0.25735294117647056 -0.28928571428571426
v 0.7008694376453166 0.21504491022847486 -0.28928571428571426
v -0.6764705882352942 0.2695624226805523 -0.28928571428571426
v -0.6396419567109439 0.29338095027637834 -0.31043749202831866
v -0.6088235294117647 0.32352941176470584 -0.3225180664429724
v -0.6297280616562366 0.32352941176470584 -0.30363323486344196
v -0.6454261229782013 0.32352941176470584 -0.28928571428571426
v -0.6004126287637459 0.32352941176470584 -0.32994158682232255
v 0.6088235294117648 0.32352941176470584 -0.3225180664429723
v 0.6764705882352939 0.2695624226805528 -0.28928571428571426
v 0.640251797258391 0.28809798580903984 -0.3141439528133403
v 0.6454261229782015 0.32352941176470584 -0.28928571428571426
v 0.6572187226129548 0.30469606496024354 -0.28928571428571426
v 0.6809028914637016 0.2616888899868694 -0.28928571428571426
v -0.6088235294117647 0.3729176104197518 -0.28928571428571426
v -0.5934048907228984 0.3386128626559881 -0.3251319281048464
v -0.5411764705882353 0.3897058823529411 -0.33364240469703493
v -0.5706824108651269 0.3897058823529411 -0.30953668571799087
v -0.5951767664326691 0.3897058823529411 -0.28928571428571426
v -0.5397654498113851 0.3897058823529411 -0.33474585219973946
v 0.5411764705882351 0.3897058823529411 -0.33364240469703493
v 0.5955344045507293 0.37670565151062385 -0.29840651116238764
v 0.6088235294117648 0.3729176104197518 -0.28928571428571426
v 0.5951767664326693 0.3897058823529411 -0.28928571428571426
v 0.6014922325662587 0.3825339615258157 -0.28928571428571426
v 0.630719679532816 0.34494955862225607 -0.28928571428571426
v -0.5411764705882353 0.444512002611689 -0.28928571428571426
v -0.5378244339686213 0.39298504861125905 -0.33341366430765634
v -0.47352941176470575 0.4558823529411764 -0.32872176961762856
v -0.5016967640787907 0.4558823529411764 -0.3086179654081142
v -0.5284571900406302 0.4558823529411764 -0.28928571428571426
v -0.468352634625947 0.4558823529411764 -0.3321612802867525
v 0.47352941176470575 0.4558823529411764 -0.32872176961762856
v 0.5411764705882351 0.444512002611689 -0.28928571428571426
v 0.5307559352664999 0.44568835099600057 -0.29643769660280583
v 0.5284571900406301 0.4558823529411764 -0.28928571428571426
v 0.535329052807065 0.45016205293785777 -0.28928571428571426
v 0.5696186783079608 0.4175297812091943 -0.28928571428571426
v -0.47352941176470575 0.49843564369671783 -0.28928571428571426
v -0.4555246419441302 0.4734957147221742 -0.3233569747504746
v -0.40588235294117647 0.5220588235294117 -0.30842792902565536
v -0.4207587851764291 0.5220588235294117 -0.2994959364099094
v -0.43755920287533784 0.5220588235294117 -0.28928571428571426
v -0.3836179436164192 0.5220588235294117 -0.32043343335164176
v 0.4058823529411766 0.5220588235294117 -0.30842792902565536
v 0.47352941176470575 0.49843564369671783 -0.28928571428571426
v 0.448669448036632 0.4977392937954264 -0.30634798752765313
v 0.4375592028753379 0.5220588235294117 -0.28928571428571426
v 0.4595940033943061 0.508426358819238 -0.28928571428571426
v 0.4986337606620978 0.48044095512340773 -0.28928571428571426
v -0.40588235294117647 0.540826859383164 -0.28928571428571426
v -0.3382352941176471 0.5740927866143165 -0.28928571428571426
v -0.3382352941176471 0.5466664941580538 -0.31844985647958757
v -0.36808472658057556 0.5590347623604344 -0.28928571428571426
v -0.2705882352941176 0.588235294117647 -0.302344802803934
v -0.2824863814578545 0.588235294117647 -0.297451833236602
v -0.30211772285963356 0.588235294117647 -0.28928571428571426
v -0.2029411764705883 0.588235294117647 -0.3247827860917573
v -0.23786946129392092 0.588235294117647 -0.3132582327514178
v -0.19119234529538856 0.588235294117647 -0.3276506469263381
v 0.2029411764705884 0.588235294117647 -0.32478278609175715
v 0.2705882352941176 0.588235294117647 -0.302344802803934
v 0.23382448699899358 0.588235294117647 -0.3145179763143554
v 0.31970819245686527 0.5701109555364474 -0.30200152008395265
v 0.33823529411764697 0.5740927866143166 -0.28928571428571426
v 0.33823529411764697 0.5466664941580541 -0.31844985647958735
v 0.3021177228596337 0.588235294117647 -0.28928571428571426
v 0.3282175075131796 0.578435285482842 -0.28928571428571426
v 0.3487996352795502 0.5323935051008387 -0.32846360435782423
v 0.4058823529411766 0.540826859383164 -0.28928571428571426
v 0.37442237917398 0.5574592328236504 -0.28928571428571426
v 0.41820711955753276 0.5341156604367167 -0.28928571428571426
v -0.2705882352941176 0.599877923239201 -0.28928571428571426
v -0.2029411764705883 0.6190995149193512 -0.28928571428571426
v -0.25417283447987393 0.6042938383924505 -0.28928571428571426
v -0.1352941176470588 0.6324963424579461 -0.28928571428571426
v -0.1352941176470588 0.5998082603044016 -0.3275948395959595
v -0.16373614475004752 0.6265880425399151 -0.28928571428571426
v -0.11862715485222569 0.6045399316343315 -0.32427515907559595
v -0.0676470588235294 0.6403925382581043 -0.28928571428571426
v -0.0676470588235294 0.6200779086344702 -0.31337391171994305
v -0.08408489595325064 0.6383312718615898 -0.28928571428571426
v -0.03169663288198549 0.6234041890604617 -0.31104023561154903
v 0 0.643 -0.28928571428571426
v 0 0.6266233766233767 -0.30878169449598003
v -0.01218902825896176 0.6424877153221153 -0.28928571428571426
v 0.0358820509306531 0.6233373004628511 -0.3110871638022536
v 0.0676470588235294 0.6403925382581043 -0.28928571428571426
v 0.0676470588235294 0.6200779086344702 -0.31337391171994305
v 0.05390918335411126 0.6409725387031906 -0.28928571428571426
v 0.09304768893526198 0.6130837366182549 -0.3182809339916369
v 0.1352941176470588 0.6324963424579461 -0.28928571428571426
v 0.1352941176470588 0.5998082603044016 -0.3275948395959595
v 0.11546730603172395 0.635015970734359 -0.28928571428571426
v 0.14330828978925206 0.5960752451263143 -0.3302138756415382
v 0.2029411764705884 0.6190995149193511 -0.28928571428571426
v 0.17327948889737066 0.6253948964277346 -0.28928571428571426
v 0.2705882352941176 0.599877923239201 -0.28928571428571426
v 0.22783786919476695 0.6125907543913 -0.28928571428571426
v 0.279446264911226 0.5969007578735139 -0.28928571428571426
v -0.07190065212928742 -0.6071023003566559 -0.24577653453593953
v -0.0676470588235294 -0.6090558961057102 -0.24285714285714288
v -0.0676470588235294 -0.6074174162826729 -0.2459976158681609
v -0.0676470588235294 -0.6029411764705883 -0.2545782743769546
v -0.08066628558616865 -0.6029411764705883 -0.25179269911348845
v -0.12221360999289095 -0.6029411764705883 -0.24285714285714288
v -0.07330983777922376 -0.6084808515359414 -0.24285714285714288
v -0.0063041262563314285 -0.6091082565039561 -0.24718388789642626
v 0 -0.6115714285714287 -0.24285714285714288
v 0 -0.6092645143282471 -0.2472935164017226
v 0 -0.6029411764705883 -0.2594537815126049
v -0.02188976507553716 -0.6029411764705883 -0.2578808636077444
v -0.008526158649036775 -0.611281983844646 -0.24285714285714288
v 0.06295205851397428 -0.6075341115560227 -0.24607948779009842
v 0.0676470588235294 -0.6090558961057102 -0.24285714285714288
v 0.0676470588235294 -0.6074174162826729 -0.2459976158681609
v 0.0676470588235294 -0.6029411764705883 -0.2545782743769546
v 0.04857121042850677 -0.6029411764705883 -0.2559495729667702
v 0.06117089649424922 -0.6092765526622754 -0.24285714285714288
v 0.12221360999289095 -0.6029411764705883 -0.24285714285714288
v -0.34305558423098625 -0.5414802070801847 -0.2461654786181614
v -0.3382352941176471 -0.5453388861063964 -0.24285714285714288
v -0.3382352941176471 -0.5428875071424243 -0.24715282247135167
v -0.3382352941176471 -0.5367647058823529 -0.25791758726446595
v -0.34848193586572507 -0.5367647058823529 -0.24988977585815292
v -0.3573928080177776 -0.5367647058823529 -0.24285714285714288
v -0.34441101071156893 -0.5428061677677113 -0.24285714285714288
v -0.2902112280560303 -0.5559611118450936 -0.2563250975167165
v -0.2705882352941176 -0.5699659914991428 -0.24285714285714288
v -0.2705882352941176 -0.5606851880893673 -0.25963944942142914
v -0.31510158129360905 -0.5367647058823529 -0.27340822815493043
v -0.29586458260199944 -0.5614915673791939 -0.24285714285714288
v -0.2351370781968066 -0.5682606967014796 -0.26495433006675234
v -0.2029411764705883 -0.5885337765047661 -0.24285714285714288
v -0.2029411764705883 -0.5743317130105816 -0.26921367801694773
v -0.24472245616746502 -0.5776376968901673 -0.24285714285714288
v -0.1776649640960849 -0.5782144469737915 -0.2719377548609775
v -0.1352941176470588 -0.6014544833640747 -0.24285714285714288
v -0.1352941176470588 -0.5839571347166697 -0.2759667516583619
v -0.19083356358047646 -0.5910967725563485 -0.24285714285714288
v -0.0676470588235294 -0.5896779370304626 -0.27998039391661017
v -0.11756407809441391 -0.5855965725603922 -0.2771169604312592
v -0.13394870747281282 -0.6016250143436086 -0.24285714285714288
v 0 -0.5915751767770748 -0.2813114732309
v -0.05450317075315691 -0.5900830250973979 -0.2802645985603965
v 0.0676470588235294 -0.5896779370304626 -0.27998039391661017
v 0.011995189357944585 -0.591206752098686 -0.2810529911549511
v 0.08260472430123454 -0.5883086776337029 -0.27901973891126447
v 0.1352941176470588 -0.6014544833640747 -0.24285714285714288
v 0.1352941176470588 -0.5839571347166697 -0.2759667516583619
v 0.15824659214781042 -0.5804876688068096 -0.273532618432714
v 0.2029411764705884 -0.5885337765047661 -0.24285714285714288
v 0.2029411764705884 -0.5743317130105816 -0.26921367801694773
v 0.1372222394298653 -0.6010549703787124 -0.24285714285714288
v 0.24014094649660606 -0.56655009709731 -0.26375419510636666
v 0.2705882352941176 -0.5699659914991428 -0.24285714285714288
v 0.2705882352941176 -0.5606851880893673 -0.25963944942142914
v 0.22382161922699254 -0.5825146563828015 -0.24285714285714288
v 0.3298628086699415 -0.5449551807768475 -0.24860347603708982
v 0.33823529411764697 -0.5453388861063964 -0.24285714285714288
v 0.33823529411764697 -0.5428875071424243 -0.24715282247135167
v 0.33823529411764697 -0.5367647058823529 -0.257917587264466
v 0.32465267142010157 -0.55005205417343 -0.24285714285714288
v 0.35739280801777745 -0.5367647058823529 -0.24285714285714288
v -0.475025030213651 -0.4720513402985206 -0.24388363874912083
v -0.47352941176470575 -0.4736431167108459 -0.24285714285714288
v -0.47352941176470575 -0.4726990668354283 -0.2443380754623164
v -0.47352941176470575 -0.47058823529411764 -0.24767196768674976
v -0.4762772166578061 -0.47058823529411764 -0.24474305863781112
v -0.4780335587903705 -0.47058823529411764 -0.24285714285714288
v -0.4754307012165857 -0.4724481923666089 -0.24285714285714288
v -0.42801475620163615 -0.492239499353263 -0.2580473947843528
v -0.40588235294117647 -0.5134697567509001 -0.24285714285714288
v -0.40588235294117647 -0.5006369110196754 -0.2639389121757088
v -0.44854550450244757 -0.47058823529411764 -0.27213837420820164
v -0.4340683764308624 -0.49816151914272344 -0.24285714285714288
v -0.3382352941176471 -0.5237828269314372 -0.2801777928630083
v -0.37907569146592573 -0.5105407979174338 -0.27088735345953285
v -0.3904091239799376 -0.5216278514637497 -0.24285714285714288
v -0.3281329167879533 -0.5268819454511308 -0.28235209506253933
v 0.33823529411764697 -0.5237828269314373 -0.28017779286300837
v 0.3591333462992174 -0.5163209591829906 -0.27494264120457435
v 0.4058823529411766 -0.5134697567509 -0.24285714285714288
v 0.4058823529411766 -0.5006369110196754 -0.2639389121757088
v 0.46992051986896044 -0.47411867301821636 -0.2453340531334153
v 0.47352941176470575 -0.4736431167108459 -0.24285714285714288
v 0.47352941176470575 -0.4726990668354283 -0.2443380754623164
v 0.47352941176470575 -0.47058823529411764 -0.24767196768674976
v 0.466027681881716 -0.4779268840926946 -0.24285714285714288
v 0.4780335587903705 -0.47058823529411764 -0.24285714285714288
v -0.5491785930189939 -0.41223992795336356 -0.2483492827863281
v -0.5411764705882353 -0.42261941774890804 -0.24285714285714288
v -0.5411764705882353 -0.4165796702508874 -0.2513939908744321
v -0.5411764705882353 -0.40441176470588236 -0.26876615895280903
v -0.5546474654402961 -0.40441176470588236 -0.2521027635475324
v -0.5620690655038858 -0.40441176470588236 -0.24285714285714288
v -0.551338149521647 -0.4143525375755242 -0.24285714285714288
v -0.47352941176470575 -0.45164760796032827 -0.27599721066423033
v -0.5058072841012156 -0.4359879441655115 -0.26501058939866046
v -0.5301132240353849 -0.40441176470588236 -0.2816926164963356
v -0.5145177717595425 -0.44450907339648343 -0.24285714285714288
v -0.4605993111448962 -0.45793922381821695 -0.2804113284565903
v 0.47352941176470575 -0.45164760796032827 -0.27599721066423033
v 0.5153986669429138 -0.42962918131543587 -0.2605493621292423
v 0.5411764705882351 -0.4226194177489081 -0.24285714285714288
v 0.5411764705882351 -0.41657967025088743 -0.25139399087443215
v 0.5411764705882351 -0.40441176470588236 -0.2687661589528091
v 0.5620690655038858 -0.40441176470588236 -0.24285714285714288
v -0.6160418417367931 -0.3452966866095227 -0.2478113261609667
v -0.6088235294117647 -0.3569845288451992 -0.24285714285714288
v -0.6088235294117647 -0.3501677643835157 -0.2512288124722443
v -0.6088235294117647 -0.3382352941176471 -0.2660871820312634
v -0.619992578071593 -0.3382352941176471 -0.25052285637832944
v -0.6254597519257776 -0.3382352941176471 -0.24285714285714288
v -0.6180105134188583 -0.34722256108110827 -0.24285714285714288
v -0.5411764705882353 -0.39421694745253755 -0.2821331599587644
v -0.5763223588292151 -0.37261714130990997 -0.2669790102523495
v -0.5974014975136612 -0.3382352941176471 -0.2814463694115501
v -0.5858405689682461 -0.38192843383722297 -0.24285714285714288
v -0.534827584788067 -0.3982008981622395 -0.284928249186841
v 0.5411764705882351 -0.39421694745253755 -0.2821331599587644
v 0.5731300486427846 -0.3731528296525189 -0.2673548423911323
v 0.6088235294117648 -0.35698452884519916 -0.24285714285714288
v 0.6088235294117648 -0.3501677643835156 -0.2512288124722443
v 0.6088235294117648 -0.3382352941176471 -0.2660871820312633
v 0.6254597519257777 -0.3382352941176471 -0.24285714285714288
v -0.6088235294117647 -0.3253361435077307 -0.28023583401653485
v -0.6392137793852963 -0.30178841589482325 -0.2637150473420823
v -0.6533597278914738 -0.2720588235294118 -0.2734239126211668
v -0.6737741876035817 -0.2720588235294118 -0.24285714285714288
v -0.6476255834097675 -0.3100173546144145 -0.24285714285714288
v -0.6015587287905632 -0.33112842394473263 -0.2842996244183679
v 0.6088235294117648 -0.3253361435077307 -0.28023583401653485
v 0.6714753511291673 -0.2720588235294118 -0.24628555093308693
v 0.6737741876035817 -0.2720588235294118 -0.24285714285714288
v 0.6665805597594013 -0.2817338513862633 -0.24285714285714288
v -0.6938503602399946 -0.22288430381534002 -0.2547854956926671
v -0.6764705882352942 -0.26738980073262053 -0.24285714285714288
v -0.6764705882352942 -0.23983892246943686 -0.26668064084363663
v -0.6998940033022369 -0.20588235294117652 -0.25893346189377126
v -0.7098202369038928 -0.20588235294117652 -0.24285714285714288
v -0.6988542195493976 -0.22777938357453864 -0.24285714285714288
v -0.6602139276228786 -0.2561555685824835 -0.27812819256104393
v -0.6748008742507582 -0.27042540767497447 -0.24285714285714288
v 0.6764705882352939 -0.23983892246943714 -0.2666806408436368
v 0.6764705882352939 -0.26738980073262086 -0.24285714285714288
v 0.6844789967683217 -0.20588235294117652 -0.2837892599819903
v 0.7098202369038928 -0.20588235294117652 -0.24285714285714288
v -0.7098480835423662 -0.17235777993594642 -0.26576529957410844
v -0.71870990281854 -0.13970588235294112 -0.27184747988477426
v -0.7357834978045186 -0.13970588235294112 -0.24285714285714288
v -0.719854422519514 -0.18214658980489548 -0.24285714285714288
v 0.7000328083696653 -0.18283235498363926 -0.2731141284170929
v 0.730112449534527 -0.13970588235294112 -0.2524694057542531
v 0.7357834978045185 -0.13970588235294112 -0.24285714285714288
v 0.7302277797777601 -0.15329379599745951 -0.24285714285714288
v -0.7492979921914283 -0.07859714069877577 -0.24641259712517288
v -0.7441176470588236 -0.10713621863708503 -0.24285714285714288
v -0.7441176470588236 -0.0863821893827498 -0.251874488424088
v -0.7441176470588236 -0.07352941176470584 -0.25768677188650874
v -0.7501567099155646 -0.07352941176470584 -0.24700196550105524
v -0.752499133907826 -0.07352941176470584 -0.24285714285714288
v -0.75096274141327 -0.08022569972014265 -0.24285714285714288
v -0.7228590718443393 -0.11890945007790216 -0.2746952014832266
v -0.7312293237229918 -0.07352941176470584 -0.28044000168565575
v -0.7375762810648393 -0.13330671996752172 -0.24285714285714288
v 0.7441176470588233 -0.08638218938275022 -0.25187448842408827
v 0.7441176470588233 -0.10713621863708588 -0.24285714285714288
v 0.7441176470588233 -0.07352941176470584 -0.25768677188650924
v 0.7524991339078261 -0.07352941176470584 -0.24285714285714288
v -0.7441176470588236 -0.039307318640070726 -0.26527592831573216
v -0.7551576478570015 -0.018152941957296734 -0.25043428626210346
v -0.7441176470588236 -0.007352941176470562 -0.2728615963470151
v -0.7560970579833619 -0.007352941176470562 -0.25107903669044407
v -0.7606267759522036 -0.007352941176470562 -0.24285714285714288
v -0.7589721287636669 -0.0218844993659913 -0.24285714285714288
v -0.7323710409665287 -0.06203816667441743 -0.2812236026509405
v -0.7375567933682661 -0.007352941176470562 -0.28478276811921366
v 0.7441176470588233 -0.0393073186400712 -0.2652759283157325
v 0.7441176470588233 -0.007352941176470562 -0.2728615963470156
v 0.7606267759522036 -0.007352941176470562 -0.24285714285714288
v 0.7535617367344709 -0.06429062838635498 -0.24285714285714288
v -0.7441176470588236 0.016227662687711676 -0.27274186205084355
v -0.7559864381271253 0.0472127555406 -0.2510031143667537
v -0.7441176470588236 0.05882352941176472 -0.2730530001826826
v -0.7560170814377309 0.05882352941176472 -0.25102414595570977
v -0.7604455988246142 0.05882352941176472 -0.24285714285714288
v -0.760486627435689 0.0428103964343964 -0.24285714285714288
v -0.7375424461020805 -0.0009206793709610585 -0.2847729210824838
v -0.737714584670878 0.05882352941176472 -0.28489106587659635
v 0.7441176470588233 0.016227662687710972 -0.27274186205084405
v 0.7441176470588233 0.05882352941176472 -0.2730530001826831
v 0.7604455988246142 0.05882352941176472 -0.24285714285714288
v 0.7605855088739161 0.008756923642641894 -0.24285714285714288
v -0.7441176470588236 0.09396692637950527 -0.26462955323850584
v -0.75034147317896 0.11891147444769254 -0.24712877507003161
v -0.7441176470588236 0.125 -0.25745010573690746
v -0.7498350594936363 0.125 -0.24678120542886214
v -0.7519503349164736 0.125 -0.24285714285714288
v -0.7529940673141137 0.11631654540243357 -0.24285714285714288
v -0.7369905728766688 0.06579566719865522 -0.28439415094951487
v -0.7316088329563054 0.125 -0.28070047230852013
v 0.7441176470588233 0.0939669263795043 -0.2646295532385065
v 0.7441176470588233 0.125 -0.25745010573690785
v 0.7519503349164736 0.125 -0.24285714285714288
v 0.7587437335972753 0.07313165754720687 -0.24285714285714288
v -0.7441176470588236 0.15573437256997186 -0.24285714285714288
v -0.7284859269518148 0.14029190010468245 -0.2785571113551275
v -0.7190295364800747 0.19117647058823528 -0.27206685578290835
v -0.7348446403622844 0.19117647058823528 -0.24285714285714288
v 0.7441176470588233 0.15573437256997255 -0.24285714285714288
v 0.7338572315817701 0.18113910762155278 -0.24989922925598998
v 0.7294159105374535 0.19117647058823528 -0.2529474651280209
v 0.7348446403622843 0.19117647058823528 -0.24285714285714288
v 0.7368741074924072 0.18409039927326307 -0.24285714285714288
v 0.7504888351259361 0.13123268397869725 -0.24285714285714288
v -0.7084907639347382 0.22602885625310137 -0.26483372307322095
v -0.6996853151398734 0.25735294117647056 -0.25879023181960253
v -0.7084598554419587 0.25735294117647056 -0.24285714285714288
v -0.7285135184035486 0.20644137905535204 -0.24285714285714288
v 0.7097562581416849 0.22373853897492205 -0.26644058059219755
v 0.6870554900810593 0.25735294117647056 -0.2820209214039933
v 0.7084598554419587 0.25735294117647056 -0.24285714285714288
v 0.7190005991035053 0.23278191600278994 -0.24285714285714288
v -0.6764705882352942 0.29754580512978457 -0.2610869113216432
v -0.6764705882352942 0.31572651969467647 -0.24285714285714288
v -0.6541057906814051 0.32352941176470584 -0.27393596192729974
v -0.6719132135991477 0.32352941176470584 -0.24285714285714288
v 0.6727511395192999 0.3198908206294942 -0.24540993219327548
v 0.6764705882352939 0.3157265196946768 -0.24285714285714288
v 0.6764705882352939 0.29754580512978585 -0.2610869113216423
v 0.669005143759401 0.32352941176470584 -0.24798094170550417
v 0.6719132135991477 0.32352941176470584 -0.24285714285714288
v 0.6736602412348209 0.3207801592642431 -0.24285714285714288
v 0.6823753204263878 0.26312930962427983 -0.28523308753344173
v 0.6978638094960962 0.27828109240986404 -0.24285714285714288
v -0.6292381184796789 0.3697350886995468 -0.25686839808698464
v -0.6088235294117647 0.3897058823529411 -0.26694735899132765
v -0.6189204060761289 0.3897058823529411 -0.24978698677895805
v -0.623055083433082 0.3897058823529411 -0.24285714285714288
v -0.6593670779050909 0.3402611066529481 -0.24285714285714288
v -0.5991774753325552 0.3897058823529411 -0.28266528586489037
v 0.6088235294117648 0.3897058823529411 -0.2669473589913276
v 0.6372956949335694 0.35138261716647134 -0.26974425906733274
v 0.623055083433082 0.3897058823529411 -0.24285714285714288
v 0.6463797708142515 0.3602692131367039 -0.24285714285714288
v -0.6088235294117647 0.4056322553571252 -0.24285714285714288
v -0.5781999330159485 0.4196637483923265 -0.26826765588982804
v -0.5411764705882353 0.4558823529411764 -0.27050912502818447
v -0.5534502447895105 0.4558823529411764 -0.2512810686288256
v -0.5589110367733217 0.4558823529411764 -0.24285714285714288
v -0.5324626055559457 0.4558823529411764 -0.2833050802107578
v 0.5411764705882351 0.4558823529411764 -0.27050912502818464
v 0.6088235294117648 0.4056322553571251 -0.24285714285714288
v 0.5775480026379229 0.4252867289232877 -0.264322644152233
v 0.5589110367733217 0.4558823529411764 -0.24285714285714288
v 0.5843771595782099 0.4319674259300902 -0.24285714285714288
v 0.6166565167267507 0.39736858733499264 -0.24285714285714288
v -0.5411764705882353 0.471244421032553 -0.24285714285714288
v -0.4750901996047129 0.5205319658598395 -0.2439283668094459
v -0.47352941176470575 0.5220588235294117 -0.2433100673259302
v -0.47374702062189844 0.5220588235294117 -0.24300649551999876
v -0.4738557998979688 0.5220588235294117 -0.24285714285714288
v -0.4500375782311477 0.5220588235294117 -0.27316243723317907
v 0.47352941176470575 0.5220588235294117 -0.2433100673259302
v 0.5411764705882351 0.4712444210325531 -0.24285714285714288
v 0.5053181283602244 0.48698001048027073 -0.2674679926471751
v 0.47385579989796883 0.5220588235294117 -0.24285714285714288
v 0.5128528399134382 0.4943509239562408 -0.24285714285714288
v 0.549773680160467 0.46429266665314234 -0.24285714285714288
v -0.47352941176470575 0.5222790120331621 -0.24285714285714288
v -0.40588235294117647 0.5620301990568659 -0.24285714285714288
v -0.40588235294117647 0.5496406948244331 -0.269934623631112
v -0.4729928906515384 0.5225836811401189 -0.24285714285714288
v -0.3382352941176471 0.588235294117647 -0.2564363925907869
v -0.34597720665386045 0.588235294117647 -0.24817069152330173
v -0.3510319844522049 0.588235294117647 -0.24285714285714288
v -0.31757408469150383 0.588235294117647 -0.2751051947727402
v 0.33823529411764697 0.588235294117647 -0.256436392590787
v 0.38389394292884355 0.5667248930186256 -0.2579485671202658
v 0.4058823529411766 0.5620301990568659 -0.24285714285714288
v 0.4058823529411766 0.5496406948244331 -0.269934623631112
v 0.35103198445220485 0.588235294117647 -0.24285714285714288
v 0.3884408457711711 0.5711729501469894 -0.24285714285714288
v 0.47352941176470575 0.5222790120331621 -0.24285714285714288
v 0.4214302126619449 0.5372686862997286 -0.27861466770717447
v 0.4322043649775733 0.5478086179128434 -0.24285714285714288
v 0.4736667336276242 0.5221931601344406 -0.24285714285714288
v -0.3382352941176471 0.5939349414016151 -0.24285714285714288
v -0.2705882352941176 0.6185392281617444 -0.24285714285714288
v -0.2705882352941176 0.6044402110525348 -0.27791655034091994
v -0.3292302861337943 0.5970445410583726 -0.24285714285714288
v -0.2438592416474823 0.6143832226850076 -0.2709406596400422
v -0.2029411764705883 0.6370995141256419 -0.24285714285714288
v -0.2029411764705883 0.6306235734890637 -0.25954663574259335
v -0.2279799688317785 0.6299172939177613 -0.24285714285714288
v -0.14388031822237923 0.6460122206648079 -0.24875015629548392
v -0.1352941176470588 0.6500210875666713 -0.24285714285714288
v -0.1352941176470588 0.6484382679706665 -0.24704807231264347
v -0.14098083933240108 0.6488486674050039 -0.24285714285714288
v -0.0676470588235294 0.6544117647058822 -0.25152798207322774
v -0.07641301889187777 0.6544117647058822 -0.24887353159970496
v -0.09648159286675079 0.6544117647058822 -0.24285714285714288
v 0 0.6544117647058822 -0.2583788515406165
v -0.019692785344218963 0.6544117647058822 -0.2563729986368708
v 0.0676470588235294 0.6544117647058822 -0.25152798207322774
v 0.05281457738596598 0.6544117647058822 -0.25303719999286184
v 0.13010480418187859 0.6493352624029886 -0.24641875240933175
v 0.1352941176470588 0.6500210875666713 -0.24285714285714288
v 0.1352941176470588 0.6484382679706665 -0.24704807231264347
v 0.0964815928667508 0.6544117647058822 -0.24285714285714288
v 0.13131832958570602 0.6505224068197762 -0.24285714285714288
v 0.18420657293506898 0.6360844351602655 -0.25571536453835336
v 0.2029411764705884 0.6370995141256417 -0.24285714285714288
v 0.2029411764705884 0.6306235734890635 -0.2595466357425935
v 0.18837895259818982 0.6401661109176663 -0.24285714285714288
v 0.23469334676707737 0.6192971998424732 -0.2674930756660743
v 0.2705882352941176 0.6185392281617444 -0.24285714285714288
v 0.2705882352941176 0.6044402110525348 -0.27791655034091994
v 0.24241581035447848 0.6268517837866701 -0.24285714285714288
v 0.33823529411764697 0.5939349414016151 -0.24285714285714288
v 0.281816913401691 0.5992198705272297 -0.2815790749634356
v 0.2936857148079489 0.6108306545116124 -0.24285714285714288
v 0.3423461466923459 0.5922567803320263 -0.24285714285714288
v -0.0676470588235294 0.6576282818007149 -0.24285714285714288
v 0 0.6601428571428571 -0.24285714285714288
v -0.06424092654247472 0.657743850633001 -0.24285714285714288
v 0.0676470588235294 0.6576282818007149 -0.24285714285714288
v 0.005662755252189619 0.6599514165830243 -0.24285714285714288
v 0.07062699906508803 0.6573269236378417 -0.24285714285714288
v -0.20492863232218184 -0.6048854267601907 -0.19779263274286388
v -0.2029411764705883 -0.6058615768247616 -0.1964285714285714
v -0.2029411764705883 -0.6052578781737556 -0.1980539399250793
v -0.2029411764705883 -0.6029411764705883 -0.20429914146702272
v -0.20862687746710287 -0.6029411764705883 -0.2003308693174836
v -0.2142044546063059 -0.6029411764705883 -0.1964285714285714
v -0.20534550589403194 -0.6052932378630875 -0.1964285714285714
v -0.14635596489645047 -0.6137625487797759 -0.20402070882644582
v -0.1352941176470588 -0.6184030914279506 -0.1964285714285714
v -0.1352941176470588 -0.6152500583356356 -0.20506432664182683
v -0.1352941176470588 -0.6029411764705883 -0.23879652122229192
v -0.17072755023113595 -0.6029411764705883 -0.2207477906865871
v -0.14877082444411538 -0.6161249113807523 -0.1964285714285714
v -0.08488402278392773 -0.6198034238231519 -0.2082589100473541
v -0.0676470588235294 -0.6258279726211377 -0.1964285714285714
v -0.0676470588235294 -0.621199892318392 -0.2092386546106813
v -0.1312222772616726 -0.6029411764705883 -0.24006249464232815
v -0.0888405304608523 -0.6236739204636216 -0.1964285714285714
v -0.02012606202765116 -0.6226297154106818 -0.21024180033574813
v 0 -0.6282857142857144 -0.1964285714285714
v 0 -0.623175182481752 -0.21062449310624495
v -0.025038090181177107 -0.627434960343479 -0.1964285714285714
v 0.04844913963247798 -0.621721749592269 -0.2096047830472744
v 0.0676470588235294 -0.6258279726211377 -0.1964285714285714
v 0.0676470588235294 -0.621199892318392 -0.2092386546106813
v 0.04340660443813539 -0.6266546644562998 -0.1964285714285714
v 0.12156469127209961 -0.6163721370547875 -0.20585156282256514
v 0.1352941176470588 -0.6184030914279506 -0.1964285714285714
v 0.1352941176470588 -0.6152500583356356 -0.20506432664182683
v 0.1352941176470588 -0.6029411764705883 -0.23879652122229192
v 0.11763365563526082 -0.6202177153951733 -0.1964285714285714
v 0.20018934466198424 -0.6056331858485706 -0.19831725102391773
v 0.2029411764705884 -0.6058615768247616 -0.1964285714285714
v 0.2029411764705884 -0.6052578781737556 -0.1980539399250793
v 0.2029411764705884 -0.6029411764705883 -0.20429914146702272
v 0.15833265284336182 -0.6029411764705883 -0.2270449805019163
v 0.19931877973924902 -0.6064848254468985 -0.1964285714285714
v 0.214204454606306 -0.6029411764705883 -0.1964285714285714
v -0.3544663548733581 -0.5526429174912006 -0.20756852306525506
v -0.3382352941176471 -0.5637312911064067 -0.1964285714285714
v -0.3382352941176471 -0.5578532662610768 -0.21122403759904118
v -0.3757021468477021 -0.5367647058823529 -0.22214339892342286
v -0.398358341798179 -0.5367647058823529 -0.1964285714285714
v -0.3576490522648233 -0.5557564258089384 -0.1964285714285714
v -0.30293122563743424 -0.5684045877399453 -0.21862671076358067
v -0.2705882352941176 -0.587784158854413 -0.1964285714285714
v -0.2705882352941176 -0.5769512103194542 -0.2246229126368234
v -0.30941371163307135 -0.5747461501269816 -0.1964285714285714
v -0.2029411764705883 -0.5915228247248764 -0.23484617226729423
v -0.24915271909490827 -0.5819716497539704 -0.22814518919246812
v -0.25870604196678565 -0.5913172916938505 -0.1964285714285714
v -0.1352941176470588 -0.6017581570720058 -0.24202715146956594
v -0.19298092927604069 -0.5931974563889657 -0.23602107257765523
v -0.1341980800036462 -0.6018689657324673 -0.24210489341865163
v 0.1352941176470588 -0.6017581570720058 -0.24202715146956594
v 0.1367492044560044 -0.6015177219835763 -0.2418584652646678
v 0.2029411764705884 -0.5915228247248764 -0.23484617226729423
v 0.21817850481537687 -0.5880350943941647 -0.232399224955906
v 0.2705882352941176 -0.587784158854413 -0.1964285714285714
v 0.2705882352941176 -0.5769512103194542 -0.2246229126368234
v 0.3083922218667065 -0.5659590156930556 -0.21691092847036597
v 0.33823529411764697 -0.5637312911064067 -0.1964285714285714
v 0.33823529411764697 -0.5578532662610769 -0.2112240375990412
v 0.2954720583496574 -0.5785983060901689 -0.1964285714285714
v 0.38678954916434133 -0.5367647058823529 -0.20953263861702043
v 0.3983583417981791 -0.5367647058823529 -0.1964285714285714
v -0.4858682099913433 -0.4826587987766978 -0.20489712549095307
v -0.47352941176470575 -0.4942055069778647 -0.1964285714285714
v -0.47352941176470575 -0.48857862203187025 -0.20905039831442326
v -0.49754132686133323 -0.47058823529411764 -0.21290879887066666
v -0.5082467047224791 -0.47058823529411764 -0.1964285714285714
v -0.48821285577122653 -0.4849524739961488 -0.1964285714285714
v -0.4403705713499492 -0.5043267098244388 -0.2200990567339714
v -0.40588235294117647 -0.5331393235516546 -0.1964285714285714
v -0.40588235294117647 -0.5187843730736763 -0.23024236968026182
v -0.44695870790541237 -0.5107716260200007 -0.1964285714285714
v -0.39290888722437106 -0.5240732720289564 -0.2339529940266646
v -0.4034772224933 -0.5344118608789955 -0.1964285714285714
v 0.4058823529411766 -0.5187843730736762 -0.23024236968026174
v 0.4058823529411766 -0.5331393235516546 -0.1964285714285714
v 0.44035759424579035 -0.5030389263452306 -0.219195564197765
v 0.47352941176470575 -0.4942055069778647 -0.1964285714285714
v 0.47352941176470575 -0.48857862203187025 -0.20905039831442326
v 0.41528640993144106 -0.5275650849136159 -0.1964285714285714
v 0.4816628001627344 -0.47058823529411764 -0.23727491044731577
v 0.508246704722479 -0.47058823529411764 -0.1964285714285714
v -0.5604046953346385 -0.4232219845664943 -0.20962558282284202
v -0.5411764705882353 -0.4454616536681797 -0.1964285714285714
v -0.5411764705882353 -0.4348698868794321 -0.21779760317572858
v -0.5750656580097994 -0.40441176470588236 -0.2196879205595207
v -0.5880834916532118 -0.40441176470588236 -0.1964285714285714
v -0.5640448205033631 -0.426782976579377 -0.1964285714285714
v -0.5187171388938301 -0.44861714994089524 -0.22744250837123128
v -0.5272421244404966 -0.45695680971480807 -0.1964285714285714
v 0.5411764705882351 -0.44546165366817975 -0.1964285714285714
v 0.5411764705882351 -0.4348698868794322 -0.2177976031757286
v 0.575113376085056 -0.40441176470588236 -0.21956504312174724
v 0.5880834916532119 -0.40441176470588236 -0.1964285714285714
v -0.627277573450078 -0.3562881632855622 -0.20909423519399756
v -0.6088235294117647 -0.38324237345291123 -0.1964285714285714
v -0.6088235294117647 -0.3703649753234399 -0.2189703477666039
v -0.6384348833750716 -0.3382352941176471 -0.21675189200587214
v -0.6485279699948916 -0.3382352941176471 -0.1964285714285714
v -0.6308103806805299 -0.35974417035883044 -0.1964285714285714
v -0.5894560156413905 -0.38546528384355977 -0.2295645324743705
v -0.598598850401715 -0.3944093613264859 -0.1964285714285714
v 0.6088235294117648 -0.3703649753234399 -0.21897034776660385
v 0.6088235294117648 -0.3832423734529112 -0.1964285714285714
v 0.6340652150419596 -0.3382352941176471 -0.2255328803594004
v 0.6485279699948917 -0.3382352941176471 -0.1964285714285714
v -0.6860088579150055 -0.2813897395204338 -0.20297502360005035
v -0.6764705882352942 -0.2995067207569094 -0.1964285714285714
v -0.6764705882352942 -0.2905681779275312 -0.20941449943487106
v -0.6764705882352942 -0.2720588235294118 -0.2370194525725173
v -0.6904728049448655 -0.2720588235294118 -0.20603878848700394
v -0.6948227525346407 -0.2720588235294118 -0.1964285714285714
v -0.687883688642509 -0.28322381305820893 -0.1964285714285714
v -0.6522196134188313 -0.31451151440589 -0.22621284026571964
v -0.6744233596433501 -0.2720588235294118 -0.24145205739497005
v -0.660613620372026 -0.3227230429470587 -0.1964285714285714
v 0.6764705882352939 -0.29056817792753153 -0.20941449943487128
v 0.6764705882352939 -0.29950672075691 -0.1964285714285714
v 0.6764705882352939 -0.2720588235294118 -0.23701945257251777
v 0.6948227525346408 -0.2720588235294118 -0.1964285714285714
v -0.6764705882352942 -0.26904446034312696 -0.2407423039232732
v -0.7062536325181548 -0.23501793973962706 -0.21686972915065894
v -0.7175543884534439 -0.20588235294117652 -0.22462583803792263
v -0.7295506523939717 -0.20588235294117652 -0.1964285714285714
v -0.7122374155926992 -0.2408716405734206 -0.1964285714285714
v -0.6750696941964637 -0.27068838370881676 -0.24189565968142382
v 0.6764705882352939 -0.2690444603431272 -0.24074230392327334
v 0.723561723142929 -0.20588235294117652 -0.21053682976836227
v 0.7295506523939718 -0.20588235294117652 -0.1964285714285714
v 0.7134966376091426 -0.23583768827238585 -0.1964285714285714
v -0.7504671329163974 -0.14591733590926348 -0.20078644836808646
v -0.7441176470588236 -0.16764625276643802 -0.1964285714285714
v -0.7441176470588236 -0.1553721478124619 -0.20741982433826694
v -0.7441176470588236 -0.13970588235294112 -0.22207918477914804
v -0.7521476102612474 -0.13970588235294112 -0.20193981946501766
v -0.7543592869984497 -0.13970588235294112 -0.1964285714285714
v -0.7518118174924551 -0.14723278821192856 -0.1964285714285714
v -0.7239075418638209 -0.18611159785910864 -0.22898623214877145
v -0.7375768733323222 -0.13970588235294112 -0.2383679782808796
v -0.7337581251465851 -0.19574803802703022 -0.1964285714285714
v 0.7441176470588233 -0.15537214781246228 -0.2074198243382672
v 0.7441176470588233 -0.16764625276643885 -0.1964285714285714
v 0.7441176470588233 -0.13970588235294112 -0.2220791847791486
v 0.7543592869984497 -0.13970588235294112 -0.1964285714285714
v -0.7441176470588236 -0.12395950880914375 -0.2318096871327644
v -0.76163451525228 -0.09066547847569585 -0.2084510182321549
v -0.7647532633464567 -0.07352941176470584 -0.21059152546449353
v -0.7701824944181769 -0.07352941176470584 -0.1964285714285714
v -0.7655210605052183 -0.09446753361443987 -0.1964285714285714
v -0.7387049156977699 -0.13441081906495378 -0.23914219369318984
v 0.7441176470588233 -0.12395950880914412 -0.23180968713276465
v 0.7554837980083081 -0.07352941176470584 -0.2350561510564095
v 0.7701824944181769 -0.07352941176470584 -0.1964285714285714
v 0.757281814194486 -0.12682789276370582 -0.1964285714285714
v -0.7686590516200931 -0.03136083694292989 -0.2132722062361508
v -0.7708464184512175 -0.007352941176470562 -0.21477347353328902
v -0.7776086087726837 -0.007352941176470562 -0.1964285714285714
v -0.7744528059760483 -0.03702864011723389 -0.1964285714285714
v 0.7573669683228968 -0.0605681192237644 -0.23376366459826015
v 0.7661987009823499 -0.007352941176470562 -0.22770213379782805
v 0.7776086087726837 -0.007352941176470562 -0.1964285714285714
v 0.7732407997676873 -0.04503937107125193 -0.1964285714285714
v -0.7704657414030432 0.03304821972720191 -0.21451220139774088
v -0.7704125264467834 0.05882352941176472 -0.21447567808925197
v -0.7768587444539625 0.05882352941176472 -0.1964285714285714
v -0.777209510818286 0.026451053994899158 -0.1964285714285714
v 0.765891105655537 0.013947181363792766 -0.22791324736064064
v 0.7657251503479569 0.05882352941176472 -0.22802714836366925
v 0.7768587444539624 0.05882352941176472 -0.1964285714285714
v 0.7772576691587006 0.025066645660365913 -0.1964285714285714
v -0.7653328021136457 0.10424604396810867 -0.21098928343824755
v -0.7633120668747535 0.125 -0.20960238130223763
v -0.7679100117665781 0.125 -0.1964285714285714
v -0.7713539269723292 0.09835581312809222 -0.1964285714285714
v 0.7626662825402715 0.07696893368709445 -0.2301265576354036
v 0.7544044481644496 0.125 -0.23579694706725654
v 0.7679100117665781 0.125 -0.1964285714285714
v 0.773220046386813 0.08729326788479808 -0.1964285714285714
v -0.750493229801317 0.18493948747057856 -0.20080435958413373
v -0.7441176470588236 0.19117647058823528 -0.21536943353787585
v -0.7492801453040213 0.19117647058823528 -0.19997177674592764
v -0.7504989141407565 0.19117647058823528 -0.1964285714285714
v -0.7525552074567681 0.18292233541633302 -0.1964285714285714
v -0.73655618997497 0.19117647058823528 -0.23766744715673407
v 0.7441176470588233 0.19117647058823528 -0.21536943353787652
v 0.7519571521618478 0.13266908107904563 -0.237476612957241
v 0.7504989141407566 0.19117647058823528 -0.1964285714285714
v 0.7633255973545868 0.14379038615889905 -0.1964285714285714
v -0.7441176470588236 0.20756781613102604 -0.1964285714285714
v -0.7326866115937943 0.20235900528228565 -0.2350116185162377
v -0.7149948858313843 0.25735294117647056 -0.22286916077247182
v -0.7239232066841226 0.25735294117647056 -0.1964285714285714
v 0.7441176470588233 0.20756781613102668 -0.1964285714285714
v 0.7272389163909359 0.2408411394361459 -0.2080130418559103
v 0.7180352234312019 0.25735294117647056 -0.21432986217920602
v 0.7239232066841225 0.25735294117647056 -0.1964285714285714
v 0.7300151341458827 0.24355700463120253 -0.1964285714285714
v 0.748837741415335 0.1957939541978663 -0.1964285714285714
v -0.6916329372487229 0.3086966790341777 -0.2068350283601483
v -0.6764705882352942 0.32352941176470584 -0.2292379039791395
v -0.6852398635354261 0.32352941176470584 -0.2024472355320781
v -0.6872818564664105 0.32352941176470584 -0.1964285714285714
v -0.6994120737953813 0.3010866541515771 -0.1964285714285714
v -0.6727423179812315 0.32352941176470584 -0.24029829898711855
v 0.6764705882352939 0.32352941176470584 -0.22923790397914018
v 0.701591192213888 0.2819274450685734 -0.22561598298363575
v 0.6872818564664105 0.32352941176470584 -0.1964285714285714
v 0.7079622804132887 0.28816003135059587 -0.1964285714285714
v -0.6764705882352942 0.33913187264021205 -0.1964285714285714
v -0.6669800527239073 0.3328136312867148 -0.23634345233535245
v -0.632896887555396 0.3897058823529411 -0.21295096940913827
v -0.638567673729466 0.3897058823529411 -0.1964285714285714
v 0.6764705882352939 0.33913187264021244 -0.1964285714285714
v 0.6520741091123502 0.3658397614718004 -0.21317273877692727
v 0.627395646835683 0.3897058823529411 -0.23011044114693804
v 0.6385676737294659 0.3897058823529411 -0.1964285714285714
v 0.6553014096526595 0.3689969033047117 -0.1964285714285714
v 0.6830996504905316 0.33001436397091655 -0.1964285714285714
v -0.6088235294117647 0.42243719044704914 -0.1964285714285714
v -0.6088235294117647 0.4109242107174846 -0.2279706331156695
v -0.5683546274210136 0.4558823529411764 -0.21508190267094413
v -0.5750008339161986 0.4558823529411764 -0.1964285714285714
v 0.5901955416012709 0.43765932138743247 -0.2092136189631029
v 0.6088235294117648 0.4224371904470488 -0.1964285714285714
v 0.6088235294117648 0.4109242107174844 -0.22797063311566965
v 0.5645836146326133 0.4558823529411764 -0.22679199119935545
v 0.5750008339161985 0.4558823529411764 -0.1964285714285714
v 0.5924025637862339 0.4398183648292441 -0.1964285714285714
v 0.6177681772173566 0.398456081293194 -0.2367181143942988
v 0.6250655550713294 0.40559482049816753 -0.1964285714285714
v -0.5411764705882353 0.48473848285160764 -0.1964285714285714
v -0.5411764705882353 0.4750944179003375 -0.22937820204452505
v -0.48730971012761676 0.5220588235294117 -0.2058864780689544
v -0.4909246957013125 0.5220588235294117 -0.1964285714285714
v 0.5176768551354938 0.4990700692821647 -0.2125571894877511
v 0.5411764705882351 0.48473848285160775 -0.1964285714285714
v 0.5411764705882351 0.4750944179003378 -0.2293782020445249
v 0.4739703089961497 0.5220588235294117 -0.2425545394777978
v 0.4909246957013125 0.5220588235294117 -0.1964285714285714
v 0.5202222410889967 0.5015601207584176 -0.1964285714285714
v 0.5508785418448804 0.46537350960528584 -0.23619826786422798
v 0.5574384352108588 0.4717907965937429 -0.1964285714285714
v -0.47352941176470575 0.533629431442182 -0.1964285714285714
v -0.47352941176470575 0.5223235078101655 -0.2426714437268363
v -0.4726556534702548 0.5229135870783311 -0.24225745160536133
v -0.40588235294117647 0.5722786803621424 -0.1964285714285714
v -0.40588235294117647 0.5693095561544688 -0.20970662885670596
v -0.44589923919871655 0.5490883401700534 -0.1964285714285714
v -0.36382185621784324 0.588235294117647 -0.21398953485758804
v -0.37198600083537064 0.588235294117647 -0.1964285714285714
v 0.3940383640903683 0.5766487832853345 -0.20455752029822552
v 0.4058823529411766 0.5722786803621424 -0.1964285714285714
v 0.4058823529411766 0.5693095561544688 -0.20970662885670596
v 0.35692892269844045 0.588235294117647 -0.23002704373802685
v 0.37198600083537064 0.588235294117647 -0.1964285714285714
v 0.39520639715760464 0.5777914243293701 -0.1964285714285714
v 0.4352281306927858 0.5507666495907687 -0.2227160966363178
v 0.47352941176470575 0.533629431442182 -0.1964285714285714
v 0.47352941176470575 0.5223235078101655 -0.2426714437268363
v 0.4391183772090468 0.5545723255305892 -0.1964285714285714
v 0.4736830934328203 0.5222091642916976 -0.2427516656874121
v 0.4807852344657033 0.5291569109543006 -0.1964285714285714
v -0.3382352941176471 0.6030682012707367 -0.1964285714285714
v -0.3382352941176471 0.5948360011909559 -0.2382261705930118
v -0.3269134862390663 0.5993109757379977 -0.23508658527588092
v -0.2705882352941176 0.6270434422377676 -0.1964285714285714
v -0.2705882352941176 0.6229858800315439 -0.21847657305723422
v -0.3149725271932198 0.6109923487176301 -0.1964285714285714
v -0.21916367203374976 0.638541932089746 -0.2075626444703686
v -0.2029411764705883 0.64512556190992 -0.1964285714285714
v -0.2029411764705883 0.6438368465527446 -0.2038477997201378
v -0.21629714762890714 0.6413461407466573 -0.1964285714285714
v -0.1352941176470588 0.6544117647058822 -0.21635756590246233
v -0.14632420014514497 0.6544117647058822 -0.20399890755303426
v -0.15330706568475783 0.6544117647058822 -0.1964285714285714
v -0.11581357629132272 0.6544117647058822 -0.2294869576409389
v 0.1352941176470588 0.6544117647058822 -0.21635756590246233
v 0.19425813568823802 0.6459174856796699 -0.2023880497295013
v 0.2029411764705884 0.64512556190992 -0.1964285714285714
v 0.2029411764705884 0.6438368465527445 -0.20384779972013783
v 0.15330706568475785 0.6544117647058822 -0.1964285714285714
v 0.19511061897453935 0.6467514367206169 -0.1964285714285714
v 0.24671956599893488 0.6310619795258121 -0.21281048420569998
v 0.2705882352941176 0.6270434422377676 -0.1964285714285714
v 0.2705882352941176 0.6229858800315439 -0.21847657305723422
v 0.24902455697926335 0.6333168620065682 -0.1964285714285714
v 0.2962057683832018 0.6132959243134902 -0.22527492294196394
v 0.33823529411764697 0.6030682012707367 -0.1964285714285714
v 0.33823529411764697 0.594836001190956 -0.2382261705930118
v 0.3002653968314805 0.6172672999694151 -0.1964285714285714
v 0.3428007890443534 0.5927015391546424 -0.2397236820534096
v 0.3489746013729799 0.598741138171777 -0.1964285714285714
v -0.1352941176470588 0.6577019668171281 -0.1964285714285714
v -0.0676470588235294 0.6651160660562437 -0.1964285714285714
v -0.0676470588235294 0.6580384180100349 -0.24031272895168973
v -0.13154383218877716 0.6580805222194186 -0.1964285714285714
v -0.06379087434793197 0.6581841190841841 -0.24021050692823906
v 0 0.6675714285714286 -0.1964285714285714
v 0 0.6608675439851237 -0.23832785009297666
v -0.05631678765329447 0.6654957256332861 -0.1964285714285714
v 0.006354910508477824 0.660628524985915 -0.23849554278765964
v 0.0676470588235294 0.6651160660562437 -0.1964285714285714
v 0.0676470588235294 0.6580384180100349 -0.24031272895168973
v 0.013008112736074813 0.6671370923824772 -0.1964285714285714
v 0.1352941176470588 0.6577019668171281 -0.1964285714285714
v 0.07097154662266207 0.6576639810311208 -0.24057542918134064
v 0.07757548800483655 0.6641243584702045 -0.1964285714285714
v 0.13816916207244148 0.6572243081654958 -0.1964285714285714
v -0.2722982429509383 -0.6046140100479129 -0.15117363879551984
v -0.2705882352941176 -0.6055798218973832 -0.15000000000000002
v -0.2705882352941176 -0.6050243451129934 -0.1514615246665763
v -0.2705882352941176 -0.6029411764705883 -0.15695458931708883
v -0.2750437362285825 -0.6029411764705883 -0.15305796803266075
v -0.2785305080047991 -0.6029411764705883 -0.15000000000000002
v -0.27264578362937275 -0.6049539954942075 -0.15000000000000002
v -0.21665013129986313 -0.616352110542705 -0.1594089410474216
v -0.2029411764705883 -0.6230880256983377 -0.15000000000000002
v -0.2029411764705883 -0.6189235045931543 -0.16121299846059386
v -0.24213771241556692 -0.6029411764705883 -0.17690197032248536
v -0.21952411324113405 -0.6191636146156875 -0.15000000000000002
v -0.15847645596013965 -0.6256195509072978 -0.16591085952543747
v -0.1352941176470588 -0.6353480510757603 -0.15000000000000002
v -0.1352941176470588 -0.6287396851048527 -0.16809990605769023
v -0.16353539543619824 -0.6305685134382247 -0.15000000000000002
v -0.09751402818528096 -0.6321588638896931 -0.170498758474991
v -0.0676470588235294 -0.64260040042172 -0.15000000000000002
v -0.0676470588235294 -0.6345807007463546 -0.1721978884601408
v -0.10436803292369927 -0.6388638685251024 -0.15000000000000002
v -0.03339804293848201 -0.6356131749973641 -0.17292225928386498
v 0 -0.6450000000000001 -0.15000000000000002
v 0 -0.6365191605839418 -0.17355788726682891
v -0.04154864294038722 -0.6435865880427063 -0.15000000000000002
v 0.03437915378715761 -0.6354858661800824 -0.17283294103428
v 0.0676470588235294 -0.64260040042172 -0.15000000000000002
v 0.0676470588235294 -0.6345807007463546 -0.1721978884601408
v 0.025640329268085325 -0.644034716253088 -0.15000000000000002
v 0.10651568139589686 -0.6310939945423771 -0.16975165966306455
v 0.1352941176470588 -0.6353480510757603 -0.15000000000000002
v 0.1352941176470588 -0.6287396851048527 -0.16809990605769023
v 0.09827385931008548 -0.6391566465828449 -0.15000000000000002
v 0.18395380485599733 -0.621515779137036 -0.16303170536280936
v 0.2029411764705884 -0.6230880256983375 -0.15000000000000002
v 0.2029411764705884 -0.6189235045931542 -0.1612129984605938
v 0.17794459890176173 -0.6273943501792231 -0.15000000000000002
v 0.2679415285322838 -0.605530346128904 -0.1518165285539294
v 0.2705882352941176 -0.6055798218973832 -0.15000000000000002
v 0.2705882352941176 -0.6050243451129934 -0.1514615246665763
v 0.2705882352941176 -0.6029411764705883 -0.15695458931708883
v 0.2670025740479202 -0.6064488885592596 -0.15000000000000002
v 0.2785305080047991 -0.6029411764705883 -0.15000000000000002
v -0.41478432160851975 -0.5454731534917105 -0.1561097362592636
v -0.40588235294117647 -0.5523288334647164 -0.15000000000000002
v -0.40588235294117647 -0.5488338665149719 -0.15846756984066285
v -0.40588235294117647 -0.5367647058823529 -0.18787572128407468
v -0.4250989486818093 -0.5367647058823529 -0.1631890299959002
v -0.4353330355510452 -0.5367647058823529 -0.15000000000000002
v -0.41650309370229743 -0.5471545609747539 -0.15000000000000002
v -0.36553440236625034 -0.5634703552559867 -0.16873634448118424
v -0.3382352941176471 -0.582138730582106 -0.15000000000000002
v -0.3382352941176471 -0.5722484788302848 -0.17489496451267603
v -0.40119520963852345 -0.5367647058823529 -0.1932116190376201
v -0.370882282069057 -0.5687019767043844 -0.15000000000000002
v -0.2705882352941176 -0.5909945974557618 -0.1880470032943598
v -0.3142184747160126 -0.5794464618385546 -0.1799449779883192
v -0.3229562595438208 -0.58799429482228 -0.15000000000000002
v -0.2607405381349699 -0.5933075596844656 -0.18966974822306942
v 0.2705882352941176 -0.5909945974557618 -0.1880470032943598
v 0.2879835811404631 -0.5859239903165546 -0.18448952971415417
v 0.33823529411764697 -0.582138730582106 -0.15000000000000002
v 0.33823529411764697 -0.5722484788302848 -0.17489496451267603
v 0.38721430569212073 -0.5550269260172989 -0.16281254174547
v 0.4058823529411766 -0.5523288334647164 -0.15000000000000002
v 0.4058823529411766 -0.5488338665149719 -0.15846756984066282
v 0.4058823529411766 -0.5367647058823529 -0.18787572128407468
v 0.3775856547266288 -0.5644462584835409 -0.15000000000000002
v 0.43533303555104524 -0.5367647058823529 -0.15000000000000002
v -0.49661302893812476 -0.4931700347028971 -0.1658431037121913
v -0.47352941176470575 -0.5148139870797255 -0.15000000000000002
v -0.47352941176470575 -0.5042749079850635 -0.17363414179269532
v -0.5183984937633382 -0.47058823529411764 -0.18079523950837817
v -0.5383272437244481 -0.47058823529411764 -0.15000000000000002
v -0.5009935050795348 -0.49745528310210246 -0.15000000000000002
v -0.40588235294117647 -0.5339664180204022 -0.1944653281984409
v -0.4511987981104285 -0.5149195403509947 -0.1811022806906979
v -0.4598450863627249 -0.5233778658151977 -0.15000000000000002
v -0.40386551937778065 -0.534791716526857 -0.19504434715058855
v 0.4058823529411766 -0.5339664180204022 -0.1944653281984409
v 0.41126318257593886 -0.5315008508048681 -0.19273551754881219
v 0.47352941176470575 -0.5148139870797255 -0.15000000000000002
v 0.47352941176470575 -0.5042749079850635 -0.17363414179269532
v 0.5360407632239312 -0.47058823529411764 -0.15352481778730176
v 0.5383272437244483 -0.47058823529411764 -0.15000000000000002
v -0.6109533559527187 -0.4064952906698591 -0.15146177535885358
v -0.6088235294117647 -0.40922619058241133 -0.15000000000000002
v -0.6088235294117647 -0.40792659690714894 -0.15246596163961879
v -0.6088235294117647 -0.40441176470588236 -0.15923838837133727
v -0.6124268057459583 -0.40441176470588236 -0.1524730561175677
v -0.6137421679648204 -0.40441176470588236 -0.15000000000000002
v -0.6113587465123127 -0.40689186839120106 -0.15000000000000002
v -0.5710991351197894 -0.43368393653022874 -0.17053698404184303
v -0.5411764705882353 -0.46840383878416736 -0.15000000000000002
v -0.5411764705882353 -0.4518807119745409 -0.18330361062340803
v -0.5938332089419571 -0.40441176470588236 -0.1861401837769333
v -0.5767554221865046 -0.43921726083462403 -0.15000000000000002
v -0.5294349121915148 -0.4591019281668912 -0.18836992420597762
v -0.5399678521246778 -0.4694058911449853 -0.15000000000000002
v 0.5411764705882351 -0.4518807119745409 -0.18330361062340803
v 0.5411764705882351 -0.4684038387841676 -0.15000000000000002
v 0.5985317279384111 -0.4144798313645978 -0.15706362771928928
v 0.6088235294117648 -0.40922619058241116 -0.15000000000000002
v 0.6088235294117648 -0.40792659690714883 -0.15246596163961873
v 0.6088235294117648 -0.40441176470588236 -0.1592383883713371
v 0.5631993975651877 -0.4490440675992728 -0.15000000000000002
v 0.6137421679648204 -0.40441176470588236 -0.15000000000000002
v -0.6088235294117647 -0.3892212965695013 -0.18577113187891992
v -0.6380393037163662 -0.36681594289388764 -0.17005182025253704
v -0.6556128433869337 -0.3382352941176471 -0.18211316269724334
v -0.6714831492441257 -0.3382352941176471 -0.15000000000000002
v -0.6436239071426294 -0.3722791418978408 -0.15000000000000002
v -0.600205520662534 -0.39598110397293923 -0.19051372691434781
v 0.6088235294117648 -0.3892212965695012 -0.1857711318789199
v 0.668918990378578 -0.3382352941176471 -0.1551829289637709
v 0.6714831492441257 -0.3382352941176471 -0.15000000000000002
v 0.6414170049839926 -0.3725268429504421 -0.15000000000000002
v -0.6969416739979568 -0.29208488568853835 -0.1640500309116412
v -0.6764705882352942 -0.3312593624196243 -0.15000000000000002
v -0.6764705882352942 -0.31192550094719995 -0.1779699546327974
v -0.7064517589478032 -0.2720588235294118 -0.17057713890516923
v -0.7157167845794862 -0.2720588235294118 -0.15000000000000002
v -0.7009598169198558 -0.2960156776773525 -0.15000000000000002
v -0.6631363828979954 -0.32519096280942 -0.18727683422502162
v -0.6736297257090742 -0.33545618947243194 -0.15000000000000002
v 0.6764705882352939 -0.3119255009472003 -0.17796995463279763
v 0.6764705882352939 -0.3312593624196246 -0.15000000000000002
v 0.7030279137742287 -0.2720588235294118 -0.178201338682905
v 0.7157167845794863 -0.2720588235294118 -0.15000000000000002
v -0.7470125953730349 -0.20871436759638323 -0.1519869055200022
v -0.7441176470588236 -0.21625659557663446 -0.15000000000000002
v -0.7441176470588236 -0.21228354426700619 -0.15449099454923287
v -0.7441176470588236 -0.20588235294117652 -0.16198114861989193
v -0.7480119844153839 -0.20588235294117652 -0.15267282160186285
v -0.7491345766079226 -0.20588235294117652 -0.15000000000000002
v -0.7476045099548947 -0.20929341446994174 -0.15000000000000002
v -0.7174442865969041 -0.2459653187297079 -0.17812169980719186
v -0.7328227858240707 -0.20588235294117652 -0.18867650828298016
v -0.7256692020304062 -0.2540114316537861 -0.15000000000000002
v 0.7441176470588233 -0.21228354426700652 -0.15449099454923312
v 0.7441176470588233 -0.21625659557663504 -0.15000000000000002
v 0.7441176470588233 -0.20588235294117652 -0.16198114861989266
v 0.7491345766079226 -0.20588235294117652 -0.15000000000000002
v -0.7441176470588236 -0.18414696061248859 -0.18117929617574594
v -0.7619911263307328 -0.15719080772763505 -0.16226720161208683
v -0.7666426213224227 -0.13970588235294112 -0.16545968730514105
v -0.7728116329200687 -0.13970588235294112 -0.15000000000000002
v -0.7657745028690035 -0.16089193694985632 -0.15000000000000002
v -0.7354880608000873 -0.19744036638371718 -0.19050578085968722
v 0.7441176470588233 -0.18414696061248903 -0.18117929617574624
v 0.7582152604902552 -0.13970588235294112 -0.1867528802225265
v 0.7728116329200687 -0.13970588235294112 -0.15000000000000002
v 0.7516503673962088 -0.19851338739373414 -0.15000000000000002
v -0.7736386888771719 -0.10240869180439453 -0.17026133615482922
v -0.7787442517613336 -0.07352941176470584 -0.17376546471818236
v -0.7878033127049909 -0.07352941176470584 -0.15000000000000002
v -0.7801919032320086 -0.10881944497760429 -0.15000000000000002
v 0.7641286565791114 -0.12012989477874625 -0.18269430713048548
v 0.779394626517053 -0.07352941176470584 -0.17221673148984856
v 0.7878033127049908 -0.07352941176470584 -0.15000000000000002
v 0.7806685651776955 -0.10394954941056625 -0.15000000000000002
v -0.7813072706657476 -0.04373409470498321 -0.17552455533270253
v -0.7844061860805311 -0.007352941176470562 -0.17765145069502294
v -0.7945432626325286 -0.007352941176470562 -0.15000000000000002
v -0.7901030545615424 -0.05233866590739126 -0.15000000000000002
v 0.7847398772177077 -0.0337902735657972 -0.16854809669219425
v 0.7888306202911053 -0.007352941176470562 -0.1657404748933717
v 0.7945432626325285 -0.007352941176470562 -0.15000000000000002
v 0.792517618181463 -0.02618161392734087 -0.15000000000000002
v -0.7839515890727387 0.019855542659021622 -0.17733944467414675
v -0.7836110355183152 0.05882352941176472 -0.177105710712881
v -0.7932429065802908 0.05882352941176472 -0.15000000000000002
v -0.7941836021360289 0.009845964662324676 -0.15000000000000002
v 0.787740942750448 0.03532202200011886 -0.1664883591681706
v 0.7873740145274439 0.05882352941176472 -0.16674019499824488
v 0.7932429065802907 0.05882352941176472 -0.15000000000000002
v 0.793614834766665 0.041068220711635364 -0.15000000000000002
v -0.779875318384021 0.09001966935578504 -0.17454175578530637
v -0.7762095935839143 0.125 -0.17202583907467414
v -0.7838605934077918 0.125 -0.15000000000000002
v -0.7900836176644687 0.08003328962491235 -0.15000000000000002
v 0.7808955583124328 0.09480192085551312 -0.17118658886010032
v 0.7753187021002841 0.125 -0.17501418271999122
v 0.7838605934077917 0.125 -0.15000000000000002
v 0.7874469487068755 0.1012108897196418 -0.15000000000000002
v -0.7663253402718443 0.169451553314628 -0.1652419260871975
v -0.7619223010235511 0.19117647058823528 -0.16221996436709565
v -0.7661078096587387 0.19117647058823528 -0.15000000000000002
v -0.7735719989734966 0.16236243067170728 -0.15000000000000002
v 0.7676850095729769 0.14805502854645458 -0.18025345616264613
v 0.7524478318327861 0.19117647058823528 -0.1907112706986156
v 0.7661078096587387 0.19117647058823528 -0.15000000000000002
v 0.7759630980009096 0.1561531585303018 -0.15000000000000002
v -0.7441176470588236 0.23009636561957494 -0.1691228672954728
v -0.7441176470588236 0.24613122618135516 -0.15000000000000002
v -0.7276159444362743 0.25735294117647056 -0.18510286869694603
v -0.7394335856700922 0.25735294117647056 -0.15000000000000002
v 0.7402447104355858 0.2535641988276513 -0.15265813352091767
v 0.7441176470588233 0.24613122618135602 -0.15000000000000002
v 0.7441176470588233 0.23009636561957691 -0.1691228672954714
v 0.7380728346887763 0.25735294117647056 -0.15414876873844846
v 0.7394335856700924 0.25735294117647056 -0.15000000000000002
v 0.7408745352905239 0.2541803318379169 -0.15000000000000002
v 0.749783901284919 0.19671954537463324 -0.19253962054668586
v 0.760264658477442 0.20697246001949263 -0.15000000000000002
v -0.7138249643994645 0.28698708725627825 -0.17563763084559522
v -0.6976914069104957 0.32352941176470584 -0.16456459915285573
v -0.7026214275017043 0.32352941176470584 -0.15000000000000002
v -0.7334611634303045 0.26777776211741305 -0.15000000000000002
v 0.7133813593409837 0.29346130421464534 -0.17109540243988375
v 0.6905256601809305 0.32352941176470584 -0.18678207795035495
v 0.7026214275017042 0.32352941176470584 -0.15000000000000002
v 0.7179382828729092 0.2979191641915289 -0.15000000000000002
v -0.6764705882352942 0.3605707878720209 -0.15000000000000002
v -0.6764705882352942 0.34642745147801673 -0.18036359753447073
v -0.6455507171817234 0.3897058823529411 -0.1752071692458412
v -0.6541969749504315 0.3897058823529411 -0.15000000000000002
v 0.6622749257314902 0.3758188212079156 -0.15974298575571633
v 0.6764705882352939 0.3605707878720212 -0.15000000000000002
v 0.6764705882352939 0.3464274514780173 -0.18036359753447034
v 0.6476334257037532 0.3897058823529411 -0.16979196558841778
v 0.6541969749504314 0.3897058823529411 -0.15000000000000002
v 0.6641358927748269 0.37763933244596243 -0.15000000000000002
v 0.6841482687932252 0.33104018622355164 -0.19115910744315895
v 0.6923855180641463 0.3390983648581483 -0.15000000000000002
v -0.6088235294117647 0.4330771401217264 -0.1659998477241221
v -0.6088235294117647 0.43882062951359824 -0.15000000000000002
v -0.5814108743130849 0.4558823529411764 -0.17761429572419804
v -0.5912630289918046 0.4558823529411764 -0.15000000000000002
v 0.5992447801638411 0.44651183737255545 -0.15657423473227058
v 0.6088235294117648 0.438820629513598 -0.15000000000000002
v 0.6088235294117648 0.433077140121726 -0.16599984772412235
v 0.5858408012819792 0.4558823529411764 -0.1657738599896975
v 0.5912630289918045 0.4558823529411764 -0.15000000000000002
v 0.6003714536328527 0.4476140179400668 -0.15000000000000002
v 0.6273493829837802 0.40782899997773886 -0.18371362223784027
v 0.6334069048633862 0.4137548365990927 -0.15000000000000002
v -0.5411764705882353 0.4979786304466643 -0.15000000000000002
v -0.5411764705882353 0.49185682231957184 -0.171189340531348
v -0.501002218952195 0.5220588235294117 -0.16885556021253137
v -0.508233638284171 0.5220588235294117 -0.15000000000000002
v 0.5259157958190744 0.5071299025595805 -0.16047394137883395
v 0.5411764705882351 0.4979786304466643 -0.15000000000000002
v 0.5411764705882351 0.49185682231957184 -0.171189340531348
v 0.4970569713547181 0.5220588235294117 -0.1802807743186561
v 0.5082336382841709 0.5220588235294117 -0.15000000000000002
v 0.5275601615047923 0.5087385211651742 -0.15000000000000002
v 0.5595133512233466 0.47382060573639406 -0.1838433210547838
v 0.5650609880914638 0.4792476418030304 -0.15000000000000002
v -0.47352941176470575 0.5448253238938788 -0.15000000000000002
v -0.47352941176470575 0.5359417175499287 -0.18668850927449437
v -0.4293147381098282 0.5653123086265746 -0.16608247553500632
v -0.40588235294117647 0.582415260461639 -0.15000000000000002
v -0.40588235294117647 0.581342564517274 -0.1548358515608967
v -0.42019142748887095 0.5742372864079458 -0.15000000000000002
v -0.37993915099434183 0.588235294117647 -0.17862283344642713
v -0.393338884771262 0.588235294117647 -0.15000000000000002
v 0.40154137157923353 0.5839886819157462 -0.15297936919561933
v 0.4058823529411766 0.582415260461639 -0.15000000000000002
v 0.4058823529411766 0.581342564517274 -0.1548358515608967
v 0.3877028831311607 0.588235294117647 -0.16247721375159474
v 0.39333888477126205 0.588235294117647 -0.15000000000000002
v 0.40196861971319847 0.5844066420467988 -0.15000000000000002
v 0.4429214544288169 0.5582927271586252 -0.1710073247553772
v 0.47352941176470575 0.5448253238938788 -0.15000000000000002
v 0.47352941176470575 0.5359417175499287 -0.18668850927449437
v 0.4460203468153101 0.561324252319325 -0.15000000000000002
v 0.4816452229021483 0.5299982039899532 -0.19085840291498507
v 0.487882364523668 0.5360997555762226 -0.15000000000000002
v -0.3382352941176471 0.6121373812356146 -0.15000000000000002
v -0.3382352941176471 0.6053999935519643 -0.18438603626989164
v -0.3090721468172889 0.6167644599549539 -0.17641287095223865
v -0.2705882352941176 0.6355071135019814 -0.15000000000000002
v -0.2705882352941176 0.632716038367484 -0.16522144609773337
v -0.3010129224371247 0.6246484838051145 -0.15000000000000002
v -0.20516599331491198 0.6522353134451309 -0.1515269705670669
v -0.2029411764705883 0.6531290522387883 -0.15000000000000002
v -0.2029411764705883 0.6529514883078144 -0.1510245113776921
v -0.2047761865493118 0.6526166461506092 -0.15000000000000002
v -0.17230263749497013 0.6544117647058822 -0.17540025741114407
v -0.1959944626753851 0.6544117647058822 -0.15000000000000002
v 0.2017387637051512 0.6532354913483893 -0.15082525845081252
v 0.2029411764705884 0.6531290522387883 -0.15000000000000002
v 0.2029411764705884 0.6529514883078144 -0.1510245113776921
v 0.18428157827377364 0.6544117647058822 -0.16280674286178898
v 0.1959944626753852 0.6544117647058822 -0.15000000000000002
v 0.20185692699421304 0.6533510858702977 -0.15000000000000002
v 0.25404821263331523 0.6382313077550973 -0.16135200313055073
v 0.2705882352941176 0.6355071135019814 -0.15000000000000002
v 0.2705882352941176 0.632716038367484 -0.16522144609773337
v 0.25564614768052846 0.6397945050838928 -0.15000000000000002
v 0.30349993323359026 0.6204315203627833 -0.17384010793595195
v 0.33823529411764697 0.6121373812356146 -0.15000000000000002
v 0.33823529411764697 0.6053999935519643 -0.18438603626989164
v 0.306853546014612 0.6237122285181307 -0.15000000000000002
v 0.3501597914605779 0.5999005632574707 -0.18824436673047287
v 0.35560534735253674 0.6052277374996043 -0.15000000000000002
v -0.1352941176470588 0.6653597857437765 -0.15000000000000002
v -0.1352941176470588 0.6581315881293744 -0.19381879055050227
v -0.1309962528738785 0.6586161976361673 -0.19347879467430792
v -0.0676470588235294 0.6726017144406542 -0.15000000000000002
v -0.0676470588235294 0.6664806596689259 -0.1879611879783091
v -0.12283271386835175 0.6666022684024435 -0.15000000000000002
v -0.05482059454875929 0.6669593928007661 -0.18762531489216086
v 0 0.6750000000000002 -0.15000000000000002
v 0 0.6692354455728795 -0.18602846516950355
v -0.04840168033626123 0.673238765399949 -0.15000000000000002
v 0.014598594601374805 0.6686929985550533 -0.18640903910899428
v 0.0676470588235294 0.6726017144406542 -0.15000000000000002
v 0.0676470588235294 0.6664806596689259 -0.1879611879783091
v 0.020359249181830946 0.6743284215141951 -0.15000000000000002
v 0.07872418493581064 0.6652480837287661 -0.1888259476061672
v 0.1352941176470588 0.6653597857437765 -0.15000000000000002
v 0.1352941176470588 0.6581315881293744 -0.19381879055050227
v 0.08453738097146211 0.6709349059375556 -0.15000000000000002
v 0.13849014506472282 0.6575383132666406 -0.19423502466054732
v 0.1448774138870872 0.6637867284189535 -0.15000000000000002
v -0.2705882352941176 -0.6029411764705883 -0.14421479071438426
v -0.2029411764705883 -0.6029411764705883 -0.10515184366713992
v -0.21755520376315268 -0.6029411764705883 -0.11360155289334395
v -0.1492800734505974 -0.6166230897566587 -0.11317048519435419
v -0.1352941176470588 -0.6147247656515366 -0.10357142857142865
v -0.1352941176470588 -0.6200615264360746 -0.11558284870594443
v -0.19916159660732566 -0.6029411764705883 -0.10357142857142865
v -0.14557925644540842 -0.6130027252950607 -0.10357142857142865
v -0.09232454356084085 -0.6270821941483931 -0.12050846002157098
v -0.0676470588235294 -0.6221224527008807 -0.10357142857142865
v -0.0676470588235294 -0.630718409269718 -0.12305958237653235
v -0.08542518566718127 -0.6203328222958999 -0.10357142857142865
v -0.030452639437944774 -0.6327318020077082 -0.12447215315461432
v 0 -0.6245714285714287 -0.10357142857142865
v 0 -0.6342303453343132 -0.12552351212343876
v -0.02137559022439777 -0.6238520799509775 -0.10357142857142865
v 0.037740996780179135 -0.6321971067303875 -0.12409701773782741
v 0.0676470588235294 -0.6221224527008807 -0.10357142857142865
v 0.0676470588235294 -0.630718409269718 -0.12305958237653235
v 0.04733832513982345 -0.6228084159437789 -0.10357142857142865
v 0.11463762289291171 -0.6231486169909496 -0.1177487122380948
v 0.1352941176470588 -0.6147247656515366 -0.10357142857142865
v 0.1352941176470588 -0.6200615264360746 -0.11558284870594443
v 0.12185014405149995 -0.6160928897705915 -0.10357142857142865
v 0.2029411764705884 -0.6029411764705883 -0.10515184366713994
v 0.20151598463215545 -0.6029411764705883 -0.10454958818724754
v 0.19916159660732574 -0.6029411764705883 -0.10357142857142865
v 0.2705882352941176 -0.6029411764705883 -0.14421479071438426
v 0.2385747466423151 -0.6029411764705883 -0.12554341922996393
v 0.2746986100197962 -0.6029411764705883 -0.14717890430318334
v -0.40588235294117647 -0.5367647058823529 -0.11787219260866433
v -0.3602501430169197 -0.5583009711099023 -0.1186809987786934
v -0.3382352941176471 -0.5602090693210449 -0.10357142857142865
v -0.3382352941176471 -0.5718452535675024 -0.12818349536005727
v -0.3909310799569797 -0.5367647058823529 -0.10357142857142865
v -0.3551572808200926 -0.5533188233086583 -0.10357142857142865
v -0.2705882352941176 -0.5841813018155354 -0.10357142857142865
v -0.318115088346192 -0.5832583664767735 -0.13619079044878402
v -0.3067533329488825 -0.5721436057620143 -0.10357142857142865
v -0.2029411764705883 -0.6022261779461433 -0.10357142857142865
v -0.2558540051490474 -0.5885272556764979 -0.10357142857142865
v -0.2023397225983318 -0.6023527976825113 -0.10357142857142865
v 0.2029411764705884 -0.6022261779461433 -0.10357142857142865
v 0.2705882352941176 -0.5841813018155354 -0.10357142857142865
v 0.20397492167042833 -0.601929903992484 -0.10357142857142865
v 0.33823529411764697 -0.5602090693210449 -0.10357142857142865
v 0.33823529411764697 -0.5718452535675024 -0.12818349536005727
v 0.3012374636334511 -0.572958235703849 -0.10357142857142865
v 0.4058823529411766 -0.5367647058823529 -0.11787219260866458
v 0.39722563610965445 -0.5367647058823529 -0.10951283981293913
v 0.39093107995697945 -0.5367647058823529 -0.10357142857142865
v 0.4240616568221625 -0.5367647058823529 -0.137522900131373
v -0.4896552240417592 -0.48636348643471333 -0.11463914445102119
v -0.47352941176470575 -0.4908013102045729 -0.10357142857142865
v -0.47352941176470575 -0.5023453551387722 -0.12585182058942435
v -0.5352501429072917 -0.47058823529411764 -0.14593255149848283
v -0.5034565362273274 -0.47058823529411764 -0.10357142857142865
v -0.48613483607346 -0.48291962863963805 -0.10357142857142865
v -0.40588235294117647 -0.5296168373108004 -0.10357142857142865
v -0.4558865460710916 -0.5195053807472956 -0.13789107665127723
v -0.44475429489331625 -0.5086151350299066 -0.10357142857142865
v -0.4011286486683209 -0.5321143430067333 -0.10357142857142865
v 0.4058823529411766 -0.5296168373108003 -0.10357142857142865
v 0.47352941176470575 -0.4908013102045729 -0.10357142857142865
v 0.47352941176470575 -0.5023453551387722 -0.12585182058942435
v 0.42422305131454313 -0.5188227183431899 -0.10357142857142865
v 0.5164203192164109 -0.47058823529411764 -0.12056245171792915
v 0.5034565362273273 -0.47058823529411764 -0.10357142857142865
v -0.6088235294117647 -0.40441176470588236 -0.14187255587600403
v -0.567906968281399 -0.4305611646231077 -0.12191751549748196
v -0.5411764705882353 -0.4419912835399309 -0.10357142857142865
v -0.5411764705882353 -0.4669620776967837 -0.14745593387615621
v -0.5843746207954615 -0.40441176470588236 -0.10357142857142865
v -0.5621736090084193 -0.42495244359519274 -0.10357142857142865
v -0.5396291151636189 -0.469074518030906 -0.14893799518993725
v -0.5252756175995243 -0.4550330530225527 -0.10357142857142865
v 0.5411764705882351 -0.44199128353993095 -0.10357142857142865
v 0.5411764705882351 -0.46696207769678405 -0.14745593387615646
v 0.6088235294117648 -0.40441176470588236 -0.14187255587600425
v 0.5919145775960847 -0.40441176470588236 -0.11517664084243887
v 0.5843746207954614 -0.40441176470588236 -0.10357142857142865
v 0.6123171105347129 -0.40441176470588236 -0.1476022315895294
v -0.6088235294117647 -0.37957106160666965 -0.10357142857142865
v -0.6345811147151729 -0.36343293191445936 -0.12124977127966838
v -0.6683120025004634 -0.3382352941176471 -0.14440047376584603
v -0.6454473755968475 -0.3382352941176471 -0.10357142857142865
v -0.6290668876377312 -0.35803857933870126 -0.10357142857142865
v -0.5967997519337276 -0.3926493736947591 -0.10357142857142865
v 0.6088235294117648 -0.37957106160666954 -0.10357142857142865
v 0.6176747662629478 -0.3957529460471163 -0.14392508278226257
v 0.6541748954314509 -0.3382352941176471 -0.11887375189332094
v 0.6454473755968476 -0.3382352941176471 -0.10357142857142865
v -0.6888460379824207 -0.2841652417602965 -0.11206513786992237
v -0.6764705882352942 -0.2953236985049144 -0.10357142857142865
v -0.6764705882352942 -0.3230175103176686 -0.1393233961276342
v -0.7003407156377175 -0.2720588235294118 -0.11995434209917877
v -0.6920568771019328 -0.2720588235294118 -0.10357142857142865
v -0.6861570753367304 -0.28153473482429514 -0.10357142857142865
v -0.672829678743122 -0.3346735348318265 -0.14750111491375767
v -0.6588827331568549 -0.3210297837148261 -0.10357142857142865
v 0.6764705882352939 -0.2953236985049147 -0.10357142857142865
v 0.6764705882352939 -0.3230175103176693 -0.13932339612763464
v 0.7056541205282852 -0.2720588235294118 -0.12997030858151842
v 0.6920568771019328 -0.2720588235294118 -0.10357142857142865
v -0.7441176470588236 -0.20588235294117652 -0.139419443024638
v -0.7202645326291318 -0.24872425506558296 -0.1336287630777582
v -0.7268377857020774 -0.20588235294117652 -0.10357142857142865
v -0.7104300858100976 -0.2391036005687016 -0.10357142857142865
v 0.7229371571825847 -0.22660239738532306 -0.11810834864176636
v 0.7441176470588233 -0.20588235294117652 -0.13941944302463746
v 0.7311926418814317 -0.20588235294117652 -0.1124423172180235
v 0.7268377857020772 -0.20588235294117652 -0.10357142857142865
v 0.7078586217737032 -0.24135313854618534 -0.10357142857142865
v 0.747919864139826 -0.20588235294117652 -0.14739040380465346
v -0.7441176470588236 -0.1601505438012432 -0.10357142857142865
v -0.7514372544918797 -0.14686636788527868 -0.10859513429411624
v -0.7549087921504047 -0.13970588235294112 -0.1109777734945325
v -0.7515531642538729 -0.13970588235294112 -0.10357142857142865
v -0.7497148373983814 -0.14518139464163907 -0.10357142857142865
v -0.7318005854247074 -0.19383305351649768 -0.10357142857142865
v 0.7441176470588233 -0.16015054380124383 -0.10357142857142865
v 0.7492171045735148 -0.20089375319854363 -0.14650006176786712
v 0.7660349662128801 -0.13970588235294112 -0.13495736790979335
v 0.7515531642538729 -0.13970588235294112 -0.10357142857142865
v -0.7694285605230382 -0.09829008797969849 -0.1209432045825822
v -0.7771445623104102 -0.07352941176470584 -0.12623896978447413
v -0.7671026241582357 -0.07352941176470584 -0.10357142857142865
v -0.7630622941785069 -0.09206221872961351 -0.10357142857142865
v 0.7703675709542405 -0.11402660897698953 -0.13198374788544354
v 0.7776605312036123 -0.07352941176470584 -0.1269783310683281
v 0.7671026241582357 -0.07352941176470584 -0.10357142857142865
v 0.7536177343683667 -0.13041231868056177 -0.10357142857142865
v -0.7817701837483416 -0.04418694445969479 -0.1294136975415637
v -0.7869985557404516 -0.007352941176470562 -0.13300211434360196
v -0.7740973330937936 -0.007352941176470562 -0.10357142857142865
v -0.7714314263382822 -0.034072942645506255 -0.10357142857142865
v 0.7803876867785072 -0.038047851169362934 -0.1251065876458071
v 0.7829293710488494 -0.007352941176470562 -0.12336213974597597
v 0.7740973330937937 -0.007352941176470562 -0.10357142857142865
v 0.7696130999080543 -0.04858820789045817 -0.10357142857142865
v -0.7862436800307447 0.017613279765320046 -0.1324840164186168
v -0.7851043763802674 0.05882352941176472 -0.13170207198769915
v -0.7727476238642259 0.05882352941176472 -0.10357142857142865
v -0.7733019416464296 0.030273676010845692 -0.10357142857142865
v 0.7823740722851809 0.03007182263192263 -0.12374326094712737
v 0.7819107299765932 0.05882352941176472 -0.12406126917755557
v 0.7727476238642259 0.05882352941176472 -0.10357142857142865
v 0.7735394642029253 0.021429271247107463 -0.10357142857142865
v -0.7779806086998033 0.0918731896990414 -0.1268127780206726
v -0.7713388881768917 0.125 -0.12225433008414
v -0.763012053002491 0.125 -0.10357142857142865
v -0.766008104563398 0.1035854220063945 -0.10357142857142865
v 0.7783673238037567 0.09232864796659088 -0.12649323428375694
v 0.7745907433280053 0.125 -0.12908523516928821
v 0.763012053002491 0.125 -0.10357142857142865
v 0.7693375728681624 0.08349519596437903 -0.10357142857142865
v -0.7452448756556134 0.19007374696094087 -0.1043450854654987
v -0.7448260669841693 0.19117647058823528 -0.10405764224689888
v -0.7446036437091463 0.19117647058823528 -0.10357142857142865
v -0.7447710490147399 0.19053727302266488 -0.10357142857142865
v 0.7697008817095519 0.1500270773757127 -0.13244132031735717
v 0.7608764052218167 0.19117647058823528 -0.13849787095024374
v 0.7446036437091464 0.19117647058823528 -0.10357142857142865
v 0.7592250871356389 0.1397790174664499 -0.10357142857142865
v -0.7441176470588236 0.22142071447546424 -0.1287810225426108
v -0.7441176470588236 0.19237816822078452 -0.10357142857142865
v -0.7370227308379973 0.25735294117647056 -0.14513050781117207
v -0.7166955432949248 0.25735294117647056 -0.10357142857142865
v 0.7287893383660222 0.24235785658568681 -0.11409178950654993
v 0.7441176470588233 0.19237816822078518 -0.10357142857142865
v 0.7441176470588233 0.22142071447546458 -0.1287810225426106
v 0.7236825509531057 0.25735294117647056 -0.11759675850734043
v 0.7166955432949248 0.25735294117647056 -0.10357142857142865
v 0.7251953380849823 0.23884198674553905 -0.10357142857142865
v 0.757239701538723 0.20401326301422412 -0.1409938694408142
v 0.7444734883557224 0.19152457620476698 -0.10357142857142865
v -0.6959810612745729 0.3044430794436722 -0.1169621569617411
v -0.6795542509027261 0.32352941176470584 -0.10568785543323755
v -0.6784656016086094 0.32352941176470584 -0.10357142857142865
v -0.6808762061200474 0.31921956818179503 -0.10357142857142865
v 0.7104252637218247 0.2905694715437289 -0.1266957040915426
v 0.6958312104082057 0.32352941176470584 -0.13671211956455434
v 0.6784656016086094 0.32352941176470584 -0.10357142857142865
v 0.7028660048059647 0.28317454434343114 -0.10357142857142865
v -0.6764705882352942 0.34787854638256716 -0.13291695634746878
v -0.6764705882352942 0.326325689346045 -0.10357142857142865
v -0.6395316435165961 0.3897058823529411 -0.12464749446325388
v -0.6274739176112312 0.3897058823529411 -0.10357142857142865
v 0.6543149909704247 0.3680319285068733 -0.1187775993650191
v 0.6764705882352939 0.3263256893460454 -0.10357142857142865
v 0.6764705882352939 0.3478785463825673 -0.13291695634746864
v 0.6414701102837259 0.3897058823529411 -0.1275934957369459
v 0.6274739176112312 0.3897058823529411 -0.10357142857142865
v 0.6494693068113583 0.3632915853077866 -0.10357142857142865
v 0.6895685995505632 0.3363426837035562 -0.14101037111591772
v 0.6776796216488611 0.32471216184319546 -0.10357142857142865
v -0.6088235294117647 0.42375247018469786 -0.1261133463148628
v -0.6088235294117647 0.4096838058863789 -0.10357142857142865
v -0.5766916772062369 0.4558823529411764 -0.12794677224403225
v -0.5607401009526826 0.4558823529411764 -0.10357142857142865
v 0.589917581166578 0.437387403570885 -0.11654725019312513
v 0.6088235294117648 0.4096838058863788 -0.10357142857142865
v 0.6088235294117648 0.42375247018469775 -0.12611334631486287
v 0.5758238137897539 0.4558823529411764 -0.12622030171572796
v 0.5607401009526825 0.4558823529411764 -0.10357142857142865
v 0.5858108025534212 0.4333699027536665 -0.10357142857142865
v 0.6290928626219767 0.40953457788467024 -0.13608843900789802
v 0.6188785956388659 0.39954236018380096 -0.10357142857142865
v -0.5411764705882353 0.4721539116511305 -0.10357142857142865
v -0.5411764705882353 0.48612028152528375 -0.12878545327908664
v -0.4751125622425211 0.5205100893663315 -0.10465800079378017
v -0.47352941176470575 0.5211097320975405 -0.10357142857142865
v -0.47352941176470575 0.5213674660725408 -0.10405647618402691
v -0.47352941176470575 0.5220588235294117 -0.1053471286705315
v -0.4774690271855225 0.518204851922091 -0.10357142857142865
v -0.4720062887773868 0.5220588235294117 -0.10357142857142865
v 0.4730616983148399 0.5216012777632386 -0.10389243687087071
v 0.47352941176470575 0.5211097320975405 -0.10357142857142865
v 0.47352941176470575 0.5213674660725408 -0.10405647618402691
v 0.47352941176470575 0.5220588235294117 -0.1053471286705315
v 0.47257610573783515 0.5220588235294117 -0.10422571624825597
v 0.4720062887773868 0.5220588235294117 -0.10357142857142865
v 0.47295719863986413 0.5214990498203275 -0.10357142857142865
v 0.5179285155527109 0.4993162588207467 -0.11952732317655548
v 0.5411764705882351 0.4721539116511305 -0.10357142857142865
v 0.5411764705882351 0.48612028152528375 -0.12878545327908664
v 0.4962886529875711 0.5220588235294117 -0.13437952698679123
v 0.5128213286942145 0.4943200977635219 -0.10357142857142865
v 0.5608507064214574 0.47512888799541547 -0.13649687540639105
v 0.5504530918874644 0.4649573085599875 -0.10357142857142865
v -0.47352941176470575 0.5388040981702328 -0.13825172795040808
v -0.44447859889700225 0.5504780969869477 -0.13006139862185567
v -0.40588235294117647 0.5594559437828108 -0.10357142857142865
v -0.40588235294117647 0.5668469678500415 -0.11857720668298671
v -0.3571845027473785 0.588235294117647 -0.11657694132661697
v -0.3431632761515997 0.588235294117647 -0.10357142857142865
v 0.39010733662147556 0.5728032129353308 -0.11439838076600602
v 0.4058823529411766 0.5594559437828106 -0.10357142857142865
v 0.4058823529411766 0.5668469678500415 -0.11857720668298677
v 0.3700343957296393 0.588235294117647 -0.12817515075698674
v 0.3431632761515996 0.588235294117647 -0.10357142857142865
v 0.3864575847789925 0.5692328035242061 -0.10357142857142865
v 0.47352941176470575 0.5388040981702328 -0.13825172795040808
v 0.4387040035355574 0.5541669599804365 -0.12747333918832868
v 0.43084549951041246 0.5464792929993164 -0.10357142857142865
v 0.48530997833382045 0.5335832908252848 -0.14191458008765734
v -0.3382352941176471 0.6062047969876799 -0.13739282497054833
v -0.3382352941176471 0.5903504440430759 -0.10357142857142865
v -0.3135554508578852 0.6123786190456748 -0.13306134981239953
v -0.2705882352941176 0.6141717029978597 -0.10357142857142865
v -0.2705882352941176 0.6239715339917193 -0.12492790789787306
v -0.3349602201870479 0.5914391707888853 -0.10357142857142865
v -0.22499170765759488 0.6328405928925062 -0.1187054887960512
v -0.2029411764705883 0.6321727462270915 -0.10357142857142865
v -0.2029411764705883 0.6375165881316446 -0.11542486991398906
v -0.2346218259690963 0.6234198249790809 -0.10357142857142865
v -0.14423858897860067 0.6456617384032869 -0.1097103359138844
v -0.1352941176470588 0.6447250525745691 -0.10357142857142865
v -0.1352941176470588 0.6470292955967071 -0.10875087515278645
v -0.1352941176470588 0.6544117647058822 -0.12533261050262834
v -0.14771710326840837 0.6422588439893446 -0.10357142857142865
v -0.06961694201699857 0.6524847050600971 -0.10492342914831276
v -0.0676470588235294 0.6521266682990442 -0.10357142857142865
v -0.0676470588235294 0.6526668333626612 -0.10479565024397425
v -0.0676470588235294 0.6544117647058822 -0.10874956765862633
v -0.07942094892766009 0.6544117647058822 -0.11165226618948107
v -0.07030887940420526 0.6518078097900037 -0.10357142857142865
v -0.004435467083341305 0.6544117647058822 -0.10357142857142865
v 0.06591832910934023 0.6527206160724364 -0.10475791697775103
v 0.0676470588235294 0.6521266682990442 -0.10357142857142865
v 0.0676470588235294 0.6526668333626612 -0.10479565024397425
v 0.0676470588235294 0.6544117647058822 -0.10874956765862633
v 0.06091470367002185 0.6544117647058822 -0.10819208226374283
v 0.004435467083341304 0.6544117647058822 -0.10357142857142865
v 0.06540361300703038 0.6522170894506115 -0.10357142857142865
v 0.12840554283973193 0.6476729415248016 -0.10829930134291693
v 0.1352941176470588 0.6447250525745691 -0.10357142857142865
v 0.1352941176470588 0.6470292955967071 -0.10875087515278645
v 0.1352941176470588 0.6544117647058822 -0.12533261050262834
v 0.11199071575073316 0.6544117647058822 -0.11956537832014902
v 0.12648447126847226 0.6457936323790041 -0.10357142857142865
v 0.1880394696530604 0.6398340080365614 -0.11379899753625372
v 0.2029411764705884 0.6321727462270915 -0.10357142857142865
v 0.2029411764705884 0.6375165881316446 -0.11542486991398906
v 0.15795707430400754 0.6544117647058822 -0.13444561049321227
v 0.18410769801999416 0.6359877096998662 -0.10357142857142865
v 0.2451189747044233 0.6294961836942247 -0.12105188382087725
v 0.2705882352941176 0.6141717029978597 -0.10357142857142865
v 0.2705882352941176 0.6239715339917193 -0.12492790789787306
v 0.23870445252355485 0.623221107647723 -0.10357142857142865
v 0.29984030214555496 0.6168514464723139 -0.1299232708876781
v 0.33823529411764697 0.5903504440430759 -0.10357142857142865
v 0.33823529411764697 0.6062047969876799 -0.13739282497054833
v 0.2905389144060817 0.6077522628141336 -0.10357142857142865
v 0.3523356205050078 0.6020290916704999 -0.14032244679625241
v 0.3397771745393485 0.5897436553997464 -0.10357142857142865
v -0.1352941176470588 0.6627592907350113 -0.1441434817382936
v -0.0676470588235294 0.6683034579496893 -0.140253764422599
v -0.12605040965124048 0.6634545225278784 -0.14365571594075827
v -0.05307412143581724 0.668667899106905 -0.13999807713452056
v 0 0.6545714285714287 -0.10357142857142865
v 0 0.6701436056666021 -0.13896274015136806
v 0.0676470588235294 0.6683034579496893 -0.140253764422599
v 0.01568172871765133 0.6697525862774978 -0.1392370743894381
v 0.00015794340578488108 0.6545662745593674 -0.10357142857142865
v 0.1352941176470588 0.6627592907350113 -0.1441434817382936
v 0.08084178724416238 0.6673196512043276 -0.1409439907423606
v 0.14286834209823923 0.6618213321037761 -0.1448015416033824
v -0.1352941176470588 -0.6029411764705883 -0.07703004756105622
v -0.0676470588235294 -0.6029411764705883 -0.060076556197633295
v -0.07440532466458125 -0.6029411764705883 -0.06178129425736792
v -0.0016926841729651282 -0.6045970631615325 -0.058304606218091
v 0 -0.6041428571428572 -0.05714285714285716
v 0 -0.6046794636296842 -0.05836241734019105
v -0.03263752061355805 -0.6029411764705883 -0.05714285714285716
v -0.0011879825607847977 -0.60410333332353 -0.05714285714285716
v 0.0676470588235294 -0.6029411764705883 -0.060076556197633295
v 0.06384248098482699 -0.6029411764705883 -0.05975407360979267
v 0.03263752061355804 -0.6029411764705883 -0.05714285714285716
v 0.1352941176470588 -0.6029411764705883 -0.07703004756105622
v 0.11412923174306755 -0.6029411764705883 -0.07166906765460271
v 0.15948236803883337 -0.6029411764705883 -0.08697017597334737
v -0.3397394496099884 -0.538236162342252 -0.05817521230996101
v -0.3382352941176471 -0.5383611665164589 -0.05714285714285716
v -0.3382352941176471 -0.5391504427256212 -0.058816659817023116
v -0.3513396377136074 -0.5367647058823529 -0.06613683209536408
v -0.3418639739380309 -0.5367647058823529 -0.05714285714285716
v -0.3393914585872987 -0.5378957363417948 -0.05714285714285716
v -0.2967661581867886 -0.5623735434947484 -0.07510969242012516
v -0.2705882352941176 -0.5628020373993508 -0.05714285714285716
v -0.2705882352941176 -0.5752399644127231 -0.08413660995305336
v -0.29050437492471065 -0.5562478859557592 -0.05714285714285716
v -0.25092958885217304 -0.5837098919078164 -0.09007900352897598
v -0.2029411764705883 -0.5812428445442357 -0.05714285714285716
v -0.2029411764705883 -0.601894648515646 -0.10283719784748498
v -0.23897837379766393 -0.5720184858762314 -0.05714285714285716
v -0.20212548376919995 -0.6021432162192302 -0.10301158979190435
v -0.1352941176470588 -0.5940833298456282 -0.05714285714285716
v -0.1846514404100294 -0.5850490433678677 -0.05714285714285716
v -0.0676470588235294 -0.601646343374133 -0.05714285714285716
v -0.12726250430264624 -0.5950841634162717 -0.05714285714285716
v -0.06637719226418523 -0.6016989157060125 -0.05714285714285716
v 0.0676470588235294 -0.601646343374133 -0.05714285714285716
v 0.1352941176470588 -0.5940833298456282 -0.05714285714285716
v 0.0691609672371604 -0.6014601791094275 -0.05714285714285716
v 0.2029411764705884 -0.5812428445442357 -0.05714285714285716
v 0.2029411764705884 -0.601894648515646 -0.10283719784748498
v 0.1467302034222755 -0.5917537012557024 -0.05714285714285716
v 0.2047990853422056 -0.6011236569222671 -0.10229627993593983
v 0.2705882352941176 -0.5628020373993508 -0.05714285714285716
v 0.2705882352941176 -0.5752399644127231 -0.08413660995305336
v 0.2341677939680951 -0.5723933984838968 -0.05714285714285716
v 0.33309197446863803 -0.5417962142346443 -0.06067289951065522
v 0.33823529411764697 -0.5383611665164589 -0.05714285714285716
v 0.33823529411764697 -0.5391504427256212 -0.058816659817023116
v 0.3357317550015941 -0.5392138202350134 -0.05714285714285716
v 0.3689470573880097 -0.5367647058823529 -0.0824928581281052
v 0.3418639739380308 -0.5367647058823529 -0.05714285714285716
v -0.47352941176470575 -0.47058823529411764 -0.06420833976992382
v -0.4364350268014771 -0.5004767205922379 -0.0781122388916971
v -0.40588235294117647 -0.5065178871723264 -0.05714285714285716
v -0.40588235294117647 -0.5257994355916447 -0.09587833417699519
v -0.4676133191064949 -0.47058823529411764 -0.05714285714285716
v -0.4296390171878784 -0.4938284503180652 -0.05714285714285716
v -0.3997094039058728 -0.530725951391295 -0.09933471510309907
v -0.3856858463520053 -0.5170072537842507 -0.05714285714285716
v 0.4058823529411766 -0.5065178871723264 -0.05714285714285716
v 0.4058823529411766 -0.5257994355916444 -0.09587833417699504
v 0.47352941176470575 -0.47058823529411764 -0.06420833976992382
v 0.46979485048409114 -0.47058823529411764 -0.05970601876712995
v 0.46761331910649495 -0.47058823529411764 -0.05714285714285716
v 0.49331173296355924 -0.47058823529411764 -0.08999412116476209
v -0.5493448309612425 -0.41240255202730247 -0.06274909205725035
v -0.5411764705882353 -0.41584553412114794 -0.05714285714285716
v -0.5411764705882353 -0.4233515520145163 -0.0704307714133591
v -0.5648712016164525 -0.40441176470588236 -0.07340538992930445
v -0.5544661662035847 -0.40441176470588236 -0.05714285714285716
v -0.5475982458037422 -0.4106939361123565 -0.05714285714285716
v -0.47352941176470575 -0.4667679591102993 -0.05714285714285716
v -0.5208284966531445 -0.4506826086184854 -0.08960589366566761
v -0.5105790467296226 -0.44065597282373575 -0.05714285714285716
v -0.471261243128026 -0.4683693746712787 -0.05714285714285716
v 0.47352941176470575 -0.4667679591102993 -0.05714285714285716
v 0.5411764705882351 -0.4233515520145164 -0.07043077141335918
v 0.5411764705882351 -0.415845534121148 -0.05714285714285716
v 0.49125914894109013 -0.4532439271867851 -0.05714285714285716
v 0.5712688482071618 -0.40441176470588236 -0.08291796442924605
v 0.5544661662035847 -0.40441176470588236 -0.05714285714285716
v -0.6160853471876462 -0.345339246289705 -0.06212689977785658
v -0.6088235294117647 -0.34983398478596944 -0.05714285714285716
v -0.6088235294117647 -0.35935097694447826 -0.07195735207850701
v -0.6257015159975905 -0.3382352941176471 -0.06872681688033389
v -0.6192147557658257 -0.3382352941176471 -0.05714285714285716
v -0.6145379158600153 -0.3438254547735445 -0.05714285714285716
v -0.5934760699967304 -0.38939794571291403 -0.09303792381763182
v -0.5822476161632609 -0.3784135887019114 -0.05714285714285716
v 0.6088235294117648 -0.35935097694447815 -0.07195735207850691
v 0.6088235294117648 -0.34983398478596944 -0.05714285714285716
v 0.6353345076552477 -0.3382352941176471 -0.08537600561549771
v 0.6192147557658259 -0.3382352941176471 -0.05714285714285716
v -0.6764705882352942 -0.2720588235294118 -0.07306523894003189
v -0.653958653208044 -0.31621274898229373 -0.08812069055583151
v -0.6681038723182154 -0.2720588235294118 -0.05714285714285716
v -0.6441735694079631 -0.3066403843952581 -0.05714285714285716
v 0.6633907887234639 -0.2848542795735934 -0.06611998662147345
v 0.6764705882352939 -0.2720588235294118 -0.07306523894003128
v 0.6703532818043867 -0.2720588235294118 -0.06134138112183391
v 0.6681038723182156 -0.2720588235294118 -0.05714285714285716
v 0.6453660709281056 -0.30248715567774825 -0.05714285714285716
v 0.6880689222974494 -0.2720588235294118 -0.09561108128032193
v -0.6764705882352942 -0.257536225499236 -0.05714285714285716
v -0.7006368068392443 -0.22952321896677996 -0.07372898854494724
v -0.7181698038484108 -0.20588235294117652 -0.08576250512577262
v -0.7044197365021838 -0.20588235294117652 -0.05714285714285716
v -0.6952452510706008 -0.22424887093223733 -0.05714285714285716
v -0.6712860464905057 -0.26698698921385783 -0.05714285714285716
v 0.6764705882352939 -0.2575362254992366 -0.05714285714285716
v 0.6950712812038635 -0.25386249345146333 -0.0908051144532489
v 0.714408446376318 -0.20588235294117652 -0.07753333338768228
v 0.7044197365021838 -0.20588235294117652 -0.05714285714285716
v -0.7441176470588236 -0.13970588235294112 -0.08729196737353323
v -0.7279824398095421 -0.19009791106687943 -0.09249726458977894
v -0.7301870227692053 -0.13970588235294112 -0.05714285714285716
v -0.715915428229983 -0.17829322582600635 -0.05714285714285716
v 0.7291533313857987 -0.15434488681568254 -0.06741339678179638
v 0.7441176470588233 -0.13970588235294112 -0.08729196737353258
v 0.7335901045983441 -0.13970588235294112 -0.06436828224772032
v 0.7301870227692054 -0.13970588235294112 -0.05714285714285716
v 0.7211164442494044 -0.16220705901432925 -0.05714285714285716
v 0.7498047027430751 -0.13970588235294112 -0.09966820091236148
v -0.7466106398709764 -0.07596820908094237 -0.0588538863710739
v -0.7441176470588236 -0.08301429917461642 -0.05714285714285716
v -0.7473771437592344 -0.07352941176470584 -0.05937996512667953
v -0.7463918259723296 -0.07352941176470584 -0.05714285714285716
v -0.7459883043352022 -0.07535940257855457 -0.05714285714285716
v -0.7330905026827078 -0.128918458506741 -0.05714285714285716
v 0.7441176470588233 -0.08301429917461753 -0.05714285714285716
v 0.7509460022279717 -0.13302596968746985 -0.09888488666962181
v 0.7617911853775794 -0.07352941176470584 -0.09144145351414577
v 0.7463918259723296 -0.07352941176470584 -0.05714285714285716
v -0.7560472012893766 -0.0190231572715769 -0.06533053256196353
v -0.7577178773880182 -0.007352941176470562 -0.0664771767166212
v -0.7536507602707077 -0.007352941176470562 -0.05714285714285716
v -0.752794176271482 -0.01584085018885386 -0.05714285714285716
v 0.7632478504675031 -0.05481508234317124 -0.09044169269155833
v 0.7672263044662156 -0.007352941176470562 -0.08771113886014381
v 0.7536507602707077 -0.007352941176470562 -0.05714285714285716
v 0.7466434147081475 -0.07105855210775822 -0.05714285714285716
v -0.7560554013949999 0.047145291474200886 -0.06533616058476704
v -0.7557297624048022 0.05882352941176472 -0.06511266301696056
v -0.7522498676536967 0.05882352941176472 -0.05714285714285716
v -0.7524091727366574 0.050712254292144626 -0.05714285714285716
v 0.7668915462150105 0.014925873215451663 -0.08794089529963557
v 0.7661753798694495 0.05882352941176472 -0.08843242561755162
v 0.7522498676536967 0.05882352941176472 -0.05714285714285716
v 0.7534713597656677 0.0017974299497902236 -0.05714285714285716
v -0.7441176470588236 0.120811483263362 -0.06008146729776828
v -0.7441176470588236 0.11222359782124072 -0.05714285714285716
v -0.7441176470588236 0.125 -0.061502760350609
v -0.7421422121349405 0.125 -0.05714285714285716
v 0.742784742561175 0.1236960716870832 -0.05805767668937974
v 0.7441176470588233 0.11222359782124106 -0.05714285714285716
v 0.7441176470588233 0.12081148326336202 -0.06008146729776826
v 0.7441176470588233 0.125 -0.06150276035060894
v 0.7426176063585147 0.125 -0.05817238818250997
v 0.7421422121349402 0.125 -0.05714285714285716
v 0.7424235371667202 0.12334271858381211 -0.05714285714285716
v 0.7640836740201025 0.0783555123086682 -0.08986803739614078
v 0.758625310882586 0.125 -0.09361430526381509
v 0.7512714822317574 0.06582184642876547 -0.05714285714285716
v -0.7441176470588236 0.1567579893952349 -0.08129042648778763
v -0.7441176470588236 0.19117647058823528 -0.1025177961918509
v -0.7229106450330949 0.19117647058823528 -0.05714285714285716
v -0.7412872174484628 0.12776889853187465 -0.05714285714285716
v 0.7441176470588233 0.1567579893952354 -0.08129042648778728
v 0.731150578216835 0.17849129454715978 -0.0660426155716752
v 0.7441176470588233 0.19117647058823528 -0.10251779619185032
v 0.7281365550153405 0.19117647058823528 -0.06811124640251465
v 0.722910645033095 0.19117647058823528 -0.05714285714285716
v 0.727930377642137 0.17534109833278122 -0.05714285714285716
v 0.7562729377205653 0.13689104521257361 -0.09522882224768651
v 0.7444885070530212 0.19117647058823528 -0.10331689422758482
v -0.7441176470588236 0.1918421138140891 -0.103104421736782
v -0.7026291133913285 0.25735294117647056 -0.07509637906671929
v -0.693874295444239 0.25735294117647056 -0.05714285714285716
v -0.706359821071679 0.22811347427131146 -0.05714285714285716
v 0.7441176470588233 0.19184211381408947 -0.10310442173678175
v 0.7161025517770487 0.22994686970516937 -0.07637060887351613
v 0.7066584079061099 0.25735294117647056 -0.08285245917003009
v 0.6938742954442388 0.25735294117647056 -0.05714285714285716
v 0.709572609443313 0.22355888263955834 -0.05714285714285716
v 0.744407251731958 0.1914597795076061 -0.10337266263117166
v -0.6764705882352942 0.30068834013911905 -0.07316786295001489
v -0.6764705882352942 0.2870783138547209 -0.05714285714285716
v -0.6764705882352942 0.32352941176470584 -0.09973387367363445
v -0.6536382870272749 0.32352941176470584 -0.05714285714285716
v 0.6652658991491016 0.3125683028760394 -0.06483303195046122
v 0.6764705882352939 0.28707831385472093 -0.05714285714285716
v 0.6764705882352939 0.3006883401391192 -0.07316786295001479
v 0.6764705882352939 0.32352941176470584 -0.09973387367363393
v 0.659867077602307 0.32352941176470584 -0.06853843431642898
v 0.6536382870272748 0.32352941176470584 -0.05714285714285716
v 0.6627617402300974 0.31011858219440486 -0.05714285714285716
v 0.6981093813579828 0.2785213257530141 -0.08871995875740922
v 0.6779485481817191 0.32352941176470584 -0.102557052334907
v 0.6878462188433753 0.2684812754669849 -0.05714285714285716
v -0.6764705882352942 0.3253746645156413 -0.10227682267315331
v -0.662400863256428 0.33729327315707486 -0.09391487819773481
v -0.6088235294117647 0.3798590280589562 -0.05714285714285716
v -0.6088235294117647 0.3830616699060817 -0.061804352224622036
v -0.6088235294117647 0.3897058823529411 -0.07135996744011103
v -0.6001882614364848 0.3897058823529411 -0.05714285714285716
v 0.6051460880177124 0.3861083853370204 -0.05966681536672537
v 0.6088235294117648 0.3798590280589562 -0.05714285714285716
v 0.6088235294117648 0.3830616699060817 -0.061804352224622036
v 0.6088235294117648 0.3897058823529411 -0.07135996744011108
v 0.6027630362297154 0.3897058823529411 -0.06130238817774194
v 0.600188261436485 0.3897058823529411 -0.05714285714285716
v 0.6043415515355794 0.385321338778412 -0.05714285714285716
v 0.6764705882352939 0.32537466451564157 -0.10227682267315312
v 0.642282525893774 0.3562610387579758 -0.08060733471265824
v 0.6222433363151327 0.3897058823529411 -0.0943609399824711
v 0.6348375310242981 0.3489778916030537 -0.05714285714285716
v 0.6774667109576127 0.3245038796452351 -0.10288775428064464
v -0.6088235294117647 0.4035930642765416 -0.0938283580789978
v -0.564872415399355 0.432701537365081 -0.07340622299148283
v -0.5411764705882353 0.4458472222452367 -0.05714285714285716
v -0.5411764705882353 0.4487811647593644 -0.06212496059739826
v -0.5411764705882353 0.4558823529411764 -0.07405592388842086
v -0.5291442822771006 0.4558823529411764 -0.05714285714285716
v 0.5367997552256817 0.45160078356476546 -0.06014675184821215
v 0.5411764705882351 0.4458472222452369 -0.05714285714285716
v 0.5411764705882351 0.4487811647593646 -0.06212496059739817
v 0.5411764705882351 0.4558823529411764 -0.07405592388842064
v 0.5331392715817043 0.4558823529411764 -0.06265907136783647
v 0.5291442822771008 0.4558823529411764 -0.05714285714285716
v 0.5358418905415993 0.45066374202598913 -0.05714285714285716
v 0.6088235294117648 0.4035930642765416 -0.09382835807899781
v 0.5779512089572741 0.42568116988787047 -0.07833162366597024
v 0.5547007335703308 0.4558823529411764 -0.0942892480775059
v 0.5712639572335395 0.41913929320160837 -0.05714285714285716
v 0.6171207567889578 0.3978227352219344 -0.09787674766969051
v -0.5411764705882353 0.46759296478711015 -0.09535541200650369
v -0.5158707128835743 0.4806379854783447 -0.08620319114058993
v -0.47352941176470575 0.49643855516369295 -0.05714285714285716
v -0.47352941176470575 0.5033651201562201 -0.07025812204912807
v -0.4697576328604707 0.5220588235294117 -0.1009827231744226
v -0.43192351181980293 0.5220588235294117 -0.05714285714285716
v 0.46084318111079475 0.5096483804984118 -0.06584986638047934
v 0.47352941176470575 0.49643855516369295 -0.05714285714285716
v 0.47352941176470575 0.5033651201562201 -0.07025812204912807
v 0.4475563688775628 0.5220588235294117 -0.07496907601881564
v 0.43192351181980304 0.5220588235294117 -0.05714285714285716
v 0.45801017348175477 0.5068769599917422 -0.05714285714285716
v 0.5411764705882351 0.46759296478711015 -0.09535541200650369
v 0.5058290821797846 0.4874798566081014 -0.08140302123685583
v 0.49807472394217883 0.4798940713756609 -0.05714285714285716
v 0.5488219854905222 0.46336166099776155 -0.0983240410142689
v -0.40588235294117647 0.536623834906554 -0.05714285714285716
v -0.40588235294117647 0.5498373719613183 -0.08408235173507508
v -0.362537613919844 0.5644612856154978 -0.0738223996157936
v -0.3382352941176471 0.5682033070857309 -0.05714285714285716
v -0.3382352941176471 0.5732204490211138 -0.06767708179788524
v -0.3382352941176471 0.588235294117647 -0.09905175392043969
v -0.3781274755767644 0.5492103339945974 -0.05714285714285716
v -0.28390911360656595 0.588235294117647 -0.05714285714285716
v 0.3265699464645703 0.5768235409787676 -0.06514919823394393
v 0.33823529411764697 0.5682033070857309 -0.05714285714285716
v 0.33823529411764697 0.5732204490211138 -0.06767708179788524
v 0.33823529411764697 0.588235294117647 -0.09905175392043969
v 0.3096469118583139 0.588235294117647 -0.07676407602271001
v 0.2839091136065659 0.588235294117647 -0.05714285714285716
v 0.3237832750762703 0.5740974494032568 -0.05714285714285716
v 0.37748416891327247 0.5604544619164364 -0.07663353624275407
v 0.4058823529411766 0.536623834906554 -0.05714285714285716
v 0.4058823529411766 0.5498373719613182 -0.08408235173507515
v 0.3410703995805988 0.588235294117647 -0.10162559531890582
v 0.37091085914406946 0.5540240501856944 -0.05714285714285716
v 0.4262985292897123 0.5420311699573271 -0.08955908393470066
v 0.4156431776020465 0.531607456349828 -0.05714285714285716
v -0.3382352941176471 0.5898264280618388 -0.10245510920105913
v -0.33605819661668435 0.5903650634120671 -0.10207720947915297
v -0.2705882352941176 0.5928869626865776 -0.05714285714285716
v -0.2705882352941176 0.6078503312869816 -0.08980976757326052
v -0.2456301970429211 0.6126507663199044 -0.08644184331206704
v -0.2029411764705883 0.6112451323019249 -0.05714285714285716
v -0.2029411764705883 0.6216096291604203 -0.08015641890649873
v -0.26416424209192413 0.5945196352937058 -0.05714285714285716
v -0.16326062035211608 0.6270532294509349 -0.07633725806775674
v -0.1352941176470588 0.6240688200487449 -0.05714285714285716
v -0.1352941176470588 0.6312841392885954 -0.07336890545149333
v -0.17409698757337505 0.6164524354301382 -0.05714285714285716
v -0.08725612440588418 0.6352289831579265 -0.07060125308602616
v -0.0676470588235294 0.6316402663774467 -0.05714285714285716
v -0.0676470588235294 0.637022647444303 -0.06934284099939375
v -0.09413086381737908 0.6285036946032032 -0.05714285714285716
v -0.016344386475680303 0.6384226909796733 -0.06836058823330857
v 0 0.6341428571428572 -0.05714285714285716
v 0 0.6389239278090434 -0.06800892683873463
v 0 0.6544117647058822 -0.10320855614973214
v -0.021595214081994878 0.6332860117995829 -0.05714285714285716
v 0.05041368622352672 0.6375530306406623 -0.0689707308838528
v 0.0676470588235294 0.6316402663774467 -0.05714285714285716
v 0.0676470588235294 0.637022647444303 -0.06934284099939375
v 0.00047297307605806714 0.6544117647058822 -0.10324681040432047
v 0.04528050731392097 0.6325314425769175 -0.05714285714285716
v 0.11369357871271257 0.6332808027048914 -0.07196807175307617
v 0.1352941176470588 0.6240688200487449 -0.05714285714285716
v 0.1352941176470588 0.6312841392885954 -0.07336890545149333
v 0.10766359443968643 0.6273819050464963 -0.05714285714285716
v 0.17396722625612607 0.6260676829743431 -0.07702870496085767
v 0.2029411764705884 0.6112451323019249 -0.05714285714285716
v 0.2029411764705884 0.6216096291604203 -0.08015641890649873
v 0.16631268611170158 0.6185795458765365 -0.05714285714285716
v 0.2315564331010301 0.6162284799517749 -0.08393176485923098
v 0.2705882352941176 0.5928869626865776 -0.05714285714285716
v 0.2705882352941176 0.6078503312869816 -0.08980976757326052
v 0.2217135100487832 0.6065995334876202 -0.05714285714285716
v 0.33823529411764697 0.5898264280618388 -0.10245510920105913
v 0.28667913610962775 0.6039763927415156 -0.09252767366388902
v 0.27417642052942676 0.5917454753261017 -0.05714285714285716
v 0.33948693220708365 0.5894597226834002 -0.1027123850379954
v 0 0.6545337667378227 -0.10348583349505137
v 0.00012164783097103891 0.6545307680187887 -0.10348793735824666
v 0 -0.6029411764705883 -0.055140056022409005
v 0.002679542569832742 -0.6029411764705883 -0.055303792211388106
v -0.3382352941176471 -0.5367647058823529 -0.05471639899189985
v -0.2705882352941176 -0.5367647058823529 -0.016318578219212627
v -0.3178419507352773 -0.5367647058823529 -0.04314618357918103
v -0.22228056854587924 -0.5556836763907897 -0.02398759518210964
v -0.2029411764705883 -0.5523800138471487 -0.010714285714285676
v -0.2029411764705883 -0.5644622604512745 -0.030146538284862377
v -0.25827911742462145 -0.5367647058823529 -0.010714285714285676
v -0.2156040631322377 -0.5491523123991839 -0.010714285714285676
v -0.1743482917163002 -0.5749698761674804 -0.03751854804131162
v -0.1352941176470588 -0.5657726728344384 -0.010714285714285676
v -0.1352941176470588 -0.5874618907318627 -0.04628278683092585
v -0.16028952576728417 -0.5612167355651821 -0.010714285714285676
v -0.12234161991878359 -0.5902702547798843 -0.048253099385252116
v -0.0676470588235294 -0.5736748018461736 -0.010714285714285676
v -0.0676470588235294 -0.6006983941061597 -0.05556934951575004
v -0.10157572427840786 -0.5699557916534297 -0.010714285714285676
v 0 -0.5762857142857142 -0.010714285714285676
v -0.06551037449837509 -0.6008509418046765 -0.05567637504391585
v -0.03893985124919293 -0.5748580386261287 -0.010714285714285676
v 0.0676470588235294 -0.5736748018461736 -0.010714285714285676
v 0.0676470588235294 -0.6006983941061597 -0.05556934951575004
v 0.02844075771626578 -0.5751186960959804 -0.010714285714285676
v 0.07057426029502065 -0.6000776098136947 -0.05513381513913179
v 0.1352941176470588 -0.5657726728344384 -0.010714285714285676
v 0.1352941176470588 -0.5874618907318627 -0.04628278683092585
v 0.10184368193830792 -0.569487958206131 -0.010714285714285676
v 0.16010957458201558 -0.5786651859907394 -0.040111130488740876
v 0.2029411764705884 -0.5523800138471487 -0.010714285714285676
v 0.2029411764705884 -0.5644622604512745 -0.030146538284862377
v 0.1832267994871391 -0.5560505094531185 -0.010714285714285676
v 0.2705882352941176 -0.5367647058823529 -0.016318578219212627
v 0.2656871931506452 -0.5367647058823529 -0.014078044452507404
v 0.2582791174246215 -0.5367647058823529 -0.010714285714285676
v 0.33823529411764697 -0.5367647058823529 -0.05471639899189985
v 0.30319906647248085 -0.5367647058823529 -0.03476088916019164
v 0.3400292815151903 -0.5367647058823529 -0.05591158007808364
v -0.409088639404999 -0.47372481987829185 -0.01291487362889679
v -0.40588235294117647 -0.4738880368164014 -0.010714285714285676
v -0.40588235294117647 -0.4771029438457582 -0.01528492250765888
v -0.43900091172013106 -0.47058823529411764 -0.03344472512468627
v -0.4115766666900258 -0.47058823529411764 -0.010714285714285676
v -0.40806757849785547 -0.4727259559473906 -0.010714285714285676
v -0.3382352941176471 -0.5071169894721437 -0.010714285714285676
v -0.3760352196225859 -0.5075664232880795 -0.03665771284655739
v -0.3638310203921432 -0.49562753273655946 -0.010714285714285676
v -0.2705882352941176 -0.5331310959831792 -0.010714285714285676
v -0.3170910220868248 -0.5160800919391573 -0.010714285714285676
v -0.2678109260109893 -0.5340477728879883 -0.010714285714285676
v 0.2705882352941176 -0.5331310959831792 -0.010714285714285676
v 0.33823529411764697 -0.5071169894721437 -0.010714285714285676
v 0.2769444530687398 -0.5305466667550051 -0.010714285714285676
v 0.4058823529411766 -0.47388803681640124 -0.010714285714285676
v 0.4058823529411766 -0.4771029438457579 -0.015284922507658685
v 0.39938618831421374 -0.4769431789509291 -0.010714285714285676
v 0.4397041389074995 -0.47058823529411764 -0.03392976801690249
v 0.4115766666900256 -0.47058823529411764 -0.010714285714285676
v -0.5411764705882353 -0.40441176470588236 -0.04318953581908797
v -0.49645761271150746 -0.42684152650166657 -0.026450721767835902
v -0.47352941176470575 -0.4307779557792313 -0.010714285714285676
v -0.47352941176470575 -0.4622235209219382 -0.051274279757931265
v -0.5082538628122804 -0.40441176470588236 -0.010714285714285676
v -0.48922585325717133 -0.4197669792093813 -0.010714285714285676
v -0.47020862204927194 -0.4673396366594541 -0.0548636815928234
v -0.44984545641729756 -0.4474191485412183 -0.010714285714285676
v 0.47352941176470575 -0.4307779557792313 -0.010714285714285676
v 0.47352941176470575 -0.4622235209219382 -0.051274279757931265
v 0.5411764705882351 -0.40441176470588236 -0.04318953581908782
v 0.5217985048456746 -0.40441176470588236 -0.02401406965560831
v 0.5082538628122804 -0.40441176470588236 -0.010714285714285676
v 0.5492272364078363 -0.40441176470588236 -0.05161733153375203
v -0.6088235294117647 -0.3382352941176471 -0.044917283069013374
v -0.5411764705882353 -0.37552646062721096 -0.010714285714285676
v -0.5698252465580509 -0.366261270609858 -0.030376954935805153
v -0.5785643073957109 -0.3382352941176471 -0.010714285714285676
v -0.5607070690987265 -0.3573413143996494 -0.010714285714285676
v -0.5261944653269945 -0.3897554552111903 -0.010714285714285676
v 0.5411764705882351 -0.37552646062721123 -0.010714285714285676
v 0.5608881882259831 -0.3851285626689551 -0.04361400745980662
v 0.6088235294117648 -0.3382352941176471 -0.04491728306901343
v 0.5900291567137097 -0.3382352941176471 -0.023613529087795473
v 0.5785643073957109 -0.3382352941176471 -0.010714285714285676
v 0.6153971891554002 -0.3382352941176471 -0.05263112172874711
v -0.6088235294117647 -0.30154150214214953 -0.010714285714285676
v -0.628424396733325 -0.2912335850396338 -0.02416705490082239
v -0.6578905949205136 -0.2720588235294118 -0.0443907499299177
v -0.6309727598951327 -0.2720588235294118 -0.010714285714285676
v -0.6220021340384281 -0.2849509367511478 -0.010714285714285676
v -0.5926777894981439 -0.3224405485499745 -0.010714285714285676
v 0.6088235294117648 -0.3015415021421494 -0.010714285714285676
v 0.6208658577784952 -0.32645475549801944 -0.0488777808414676
v 0.6471367254810474 -0.2720588235294118 -0.03084715425058541
v 0.6309727598951328 -0.2720588235294118 -0.010714285714285676
v -0.6764705882352942 -0.20588235294117652 -0.019668069266438985
v -0.6686250653388502 -0.26438385547854276 -0.05175819701827919
v -0.6696851339086624 -0.20588235294117652 -0.010714285714285676
v -0.6483443342724811 -0.24454400987013822 -0.010714285714285676
v 0.6692258318256887 -0.21296961464622507 -0.015686618529573718
v 0.6764705882352939 -0.20588235294117652 -0.019668069266438735
v 0.6720133677573977 -0.20588235294117652 -0.013773433930481568
v 0.6696851339086622 -0.20588235294117652 -0.010714285714285676
v 0.660001644872037 -0.2219932757965366 -0.010714285714285676
v 0.6949826154991126 -0.20588235294117652 -0.0444373974369444
v -0.6764705882352942 -0.18994157426716626 -0.010714285714285676
v -0.6999072449351174 -0.16263304651581167 -0.02679969295236312
v -0.7166356771025847 -0.13970588235294112 -0.03828100819773664
v -0.6968687683646513 -0.13970588235294112 -0.010714285714285676
v -0.6914200034018665 -0.15433031023328359 -0.010714285714285676
v -0.6718135698103889 -0.20132657404724738 -0.010714285714285676
v 0.6764705882352939 -0.18994157426716676 -0.010714285714285676
v 0.7011224453655103 -0.18176640574857356 -0.040223414826776986
v 0.712492555801795 -0.13970588235294112 -0.03241970549007219
v 0.6968687683646513 -0.13970588235294112 -0.010714285714285676
v -0.7441176470588236 -0.07352941176470584 -0.05387331092535541
v -0.7260805964120497 -0.1220609415028363 -0.04476339070516456
v -0.7139905858733836 -0.07352941176470584 -0.010714285714285676
v -0.7067943401306112 -0.10319395166229854 -0.010714285714285676
v 0.7194826901048653 -0.09762882617618655 -0.02762212884107058
v 0.7441176470588233 -0.07352941176470584 -0.05387331092535506
v 0.7237721903398112 -0.07352941176470584 -0.02467809296553313
v 0.7139905858733835 -0.07352941176470584 -0.010714285714285676
v 0.7034096649004514 -0.11335243778920011 -0.010714285714285676
v 0.745658676237884 -0.07352941176470584 -0.05608519425909196
v -0.7441176470588236 -0.06746747231240269 -0.052889877400130174
v -0.7441176470588236 -0.007352941176470562 -0.04326154437102198
v -0.7217295300829051 -0.007352941176470562 -0.010714285714285676
v -0.7172596670915302 -0.04725530092713626 -0.010714285714285676
v 0.7441176470588233 -0.06746747231240202 -0.052889877400129716
v 0.7275971846682533 -0.023514263080289047 -0.022052863938869453
v 0.7441176470588233 -0.007352941176470562 -0.04326154437102166
v 0.7289247800967268 -0.007352941176470562 -0.0211416881944824
v 0.7217295300829051 -0.007352941176470562 -0.010714285714285676
v 0.7186650119879815 -0.03225225809359842 -0.010714285714285676
v 0.7457722304657819 -0.07191079756224633 -0.05600725797224271
v 0.7506033269286307 -0.007352941176470562 -0.05269150543097074
v -0.7441176470588236 0.011655306930746966 -0.043806911645412464
v -0.7441176470588236 0.05882352941176472 -0.04528065747452714
v -0.7203778338302194 0.05882352941176472 -0.010714285714285676
v -0.7212439186036383 0.015023532312297597 -0.010714285714285676
v 0.7441176470588233 0.011655306930747414 -0.04380691164541215
v 0.728246429598207 0.043297338417683504 -0.021607264157752194
v 0.7441176470588233 0.05882352941176472 -0.04528065747452681
v 0.7279976617213854 0.05882352941176472 -0.021778002358924818
v 0.7203778338302194 0.05882352941176472 -0.010714285714285676
v 0.720872286200904 0.0360835024855393 -0.010714285714285676
v 0.7505262696755945 -0.0010836364426725772 -0.05274439255184333
v 0.7496528548635312 0.05882352941176472 -0.05334384805950179
v -0.7441176470588236 0.0716948979479741 -0.04811246842380231
v -0.7403371242299585 0.125 -0.05454815048080999
v -0.7098830869609273 0.125 -0.010714285714285676
v -0.7157787462007524 0.08654636720770387 -0.010714285714285676
v 0.7441176470588233 0.07169489794797447 -0.048112468423802054
v 0.7232976202337942 0.1046325824537758 -0.025003807230843
v 0.7209556338399642 0.125 -0.02661119540797475
v 0.7098830869609273 0.125 -0.010714285714285676
v 0.7147234912887692 0.09624484761625138 -0.010714285714285676
v 0.7491856189980677 0.06378132804798202 -0.05366452857586025
v -0.7352094334707292 0.13371455677096186 -0.05102883477338868
v -0.7026301845347381 0.19117647058823528 -0.02866854280179232
v -0.6898577366045635 0.19117647058823528 -0.010714285714285676
v -0.6951314350467668 0.17292129435962075 -0.010714285714285676
v 0.7139707009705201 0.16168489289315602 -0.031405202128928625
v 0.7076866983820448 0.19117647058823528 -0.035718135582509525
v 0.6898577366045635 0.19117647058823528 -0.010714285714285676
v 0.7026701499970143 0.15063000607124813 -0.010714285714285676
v -0.6764705882352942 0.24022975528930868 -0.022727695495437357
v -0.6764705882352942 0.2210892296896048 -0.010714285714285676
v -0.6764705882352942 0.25735294117647056 -0.033522963017249725
v -0.6593734825518868 0.25735294117647056 -0.010714285714285676
v 0.668014012654879 0.24908020419562982 -0.016518332929415215
v 0.6764705882352939 0.22108922968960545 -0.010714285714285676
v 0.6764705882352939 0.24022975528930904 -0.022727695495437114
v 0.6764705882352939 0.25735294117647056 -0.03352296301724943
v 0.6651892994213666 0.25735294117647056 -0.018457033626950135
v 0.6593734825518869 0.25735294117647056 -0.010714285714285676
v 0.6651109077875067 0.2462402103036352 -0.010714285714285676
v 0.7010463912627367 0.2152180170281249 -0.040275613450109174
v 0.6880376375027276 0.25735294117647056 -0.04920398171396631
v 0.6860162767453677 0.20051464413069872 -0.010714285714285676
v -0.6764705882352942 0.2731510378354139 -0.046059113137693716
v -0.6266964359693598 0.32352941176470584 -0.02298109425226247
v -0.6170310281725909 0.32352941176470584 -0.010714285714285676
v -0.6300092814478591 0.3028042195554831 -0.010714285714285676
v 0.6764705882352939 0.273151037835414 -0.04605911313769365
v 0.6495517641147066 0.2971957794728268 -0.02918962773493731
v 0.6379202287208298 0.32352941176470584 -0.037172762275455296
v 0.6170310281725908 0.32352941176470584 -0.010714285714285676
v 0.6407790618409241 0.28861378811803967 -0.010714285714285676
v 0.6850279970931437 0.2657243194069757 -0.05126960447955035
v -0.6088235294117647 0.3567674002679915 -0.033823506478647195
v -0.6088235294117647 0.33384229135567567 -0.010714285714285676
v -0.5873906458765108 0.3897058823529411 -0.04243271036866118
v -0.5598164458556387 0.3897058823529411 -0.010714285714285676
v 0.5894181161969172 0.3707223259471121 -0.024032907827581648
v 0.6088235294117648 0.3338422913556754 -0.010714285714285676
v 0.6088235294117648 0.3567674002679914 -0.033823506478647264
v 0.5781510687820008 0.3897058823529411 -0.03176588136390621
v 0.5598164458556387 0.3897058823529411 -0.010714285714285676
v 0.5833922708496894 0.36482747723786746 -0.010714285714285676
v 0.6286325064101547 0.34290775882834823 -0.043547254917254065
v 0.6135872249646306 0.3281895487185963 -0.010714285714285676
v -0.5411764705882353 0.4074263629103274 -0.010714285714285676
v -0.5411764705882353 0.42523139857151554 -0.03221860608157158
v -0.5033605391872973 0.4558823529411764 -0.03118844459749289
v -0.48303196296440787 0.4558823529411764 -0.010714285714285676
v 0.5213965025237607 0.4365323841824514 -0.02428997808151817
v 0.5411764705882351 0.40742636291032747 -0.010714285714285676
v 0.5411764705882351 0.42523139857151554 -0.03221860608157158
v 0.5066203058363892 0.4558823529411764 -0.034431405000490564
v 0.48303196296440787 0.4558823529411764 -0.010714285714285676
v 0.5154094411734966 0.43067547633980174 -0.010714285714285676
v 0.5642554009115832 0.41228309679969455 -0.041302970181801554
v 0.5506769792761472 0.39899985824328993 -0.010714285714285676
v -0.47352941176470575 0.48277460116384036 -0.03827559727870244
v -0.47352941176470575 0.46280502420057507 -0.010714285714285676
v -0.42638753621473413 0.501999405109627 -0.024787718954833053
v -0.40588235294117647 0.5053845144699829 -0.010714285714285676
v -0.40588235294117647 0.5108010724850205 -0.018612580891461734
v -0.40588235294117647 0.5220588235294117 -0.03503487575227801
v -0.45446659134938566 0.47453076421703305 -0.010714285714285676
v -0.37363968980343076 0.5220588235294117 -0.010714285714285676
v 0.39762915999068926 0.5139850478169784 -0.01637874422999281
v 0.4058823529411766 0.5053845144699827 -0.010714285714285676
v 0.4058823529411766 0.5108010724850204 -0.018612580891461804
v 0.4058823529411766 0.5220588235294117 -0.03503487575227812
v 0.38901138363884846 0.5220588235294117 -0.022293429241659925
v 0.3736396898034306 0.5220588235294117 -0.010714285714285676
v 0.3951181417655376 0.5115286169445475 -0.010714285714285676
v 0.4459472041620628 0.49507622913552174 -0.029644931304919613
v 0.47352941176470575 0.46280502420057507 -0.010714285714285676
v 0.47352941176470575 0.48277460116384036 -0.03827559727870244
v 0.4202921128511347 0.5220588235294117 -0.04725292875745106
v 0.43762293389351453 0.4869329212641158 -0.010714285714285676
v 0.4924059410559464 0.47434852289999874 -0.044187226790794495
v 0.47772103338324995 0.4599828523506218 -0.010714285714285676
v -0.40588235294117647 0.53202006193833 -0.050154178767076354
v -0.39098234338813775 0.5366349198312974 -0.04691645307074053
v -0.3382352941176471 0.5388949404172666 -0.010714285714285676
v -0.3382352941176471 0.5540401718924602 -0.03470514924370241
v -0.29400418926898547 0.5653283826204936 -0.02678548393927266
v -0.2705882352941176 0.5647448563940312 -0.010714285714285676
v -0.2705882352941176 0.5717665319805204 -0.022268560102555443
v -0.2705882352941176 0.588235294117647 -0.04937034454298111
v -0.31063587576805285 0.5490582545235799 -0.010714285714285676
v -0.20676296001028344 0.5844965928288147 -0.013337311062958428
v -0.2029411764705883 0.5841267491636043 -0.010714285714285676
v -0.2029411764705883 0.5853275909790452 -0.012754293313114236
v -0.2029411764705883 0.588235294117647 -0.017694187066037217
v -0.2349631551200557 0.588235294117647 -0.03269210335879598
v -0.2090606153993837 0.5822488864699124 -0.010714285714285676
v -0.18258128272692312 0.588235294117647 -0.010714285714285676
v 0.2003875658818411 0.5857371968025681 -0.012466919068674358
v 0.2029411764705884 0.5841267491636042 -0.010714285714285676
v 0.2029411764705884 0.5853275909790451 -0.012754293313114305
v 0.2029411764705884 0.588235294117647 -0.017694187066037412
v 0.1961621287144799 0.588235294117647 -0.015366986192857035
v 0.1825812827269227 0.588235294117647 -0.010714285714285676
v 0.19953057662475915 0.584898837746727 -0.010714285714285676
v 0.25687384698156407 0.5748190446814533 -0.020126955953646976
v 0.2705882352941176 0.5647448563940312 -0.010714285714285676
v 0.2705882352941176 0.5717665319805204 -0.022268560102555443
v 0.2705882352941176 0.588235294117647 -0.04937034454298111
v 0.2371236974064234 0.588235294117647 -0.033682182835964095
v 0.2524539057335791 0.5704951891127723 -0.010714285714285676
v 0.31111619428605697 0.5617057399345697 -0.029327084045904932
v 0.33823529411764697 0.5388949404172666 -0.010714285714285676
v 0.33823529411764697 0.5540401718924602 -0.03470514924370241
v 0.2767130468324851 0.588235294117647 -0.05293918214292166
v 0.3026264861739716 0.5534005906944862 -0.010714285714285676
v 0.4058823529411766 0.53202006193833 -0.050154178767076354
v 0.3632480928517996 0.5465278657693435 -0.03997568782531767
v 0.35016208983946073 0.5337263410833599 -0.010714285714285676
v 0.4133761661824398 0.5293897277871692 -0.0519995878064622
v -0.2705882352941176 0.5915113829193751 -0.05484439484069232
v -0.2029411764705883 0.6045632876879385 -0.04568734419354145
v -0.26649074319023897 0.5922437103062239 -0.054330603245474625
v -0.1837396050398349 0.6070194400825144 -0.04396413886274383
v -0.1352941176470588 0.5975043773045801 -0.010714285714285676
v -0.1352941176470588 0.6138047628182588 -0.039203642594173915
v -0.10693082655945337 0.6159819919207392 -0.03767612630322732
v -0.0676470588235294 0.6053913020400674 -0.010714285714285676
v -0.0676470588235294 0.619313186994129 -0.03533900214062689
v -0.12464837992242976 0.5986496027613059 -0.010714285714285676
v -0.035026611830917646 0.6201466009582455 -0.03475428948643726
v 0 0.608 -0.010714285714285676
v 0 0.6211428181321682 -0.034055356167589826
v -0.04944590581780432 0.6060407698841171 -0.010714285714285676
v 0.03278516610612681 0.6203077392214666 -0.034641236927161395
v 0.0676470588235294 0.6053913020400674 -0.010714285714285676
v 0.0676470588235294 0.619313186994129 -0.03533900214062689
v 0.019495772125761077 0.6073072451102394 -0.010714285714285676
v 0.09712325021044155 0.6170706987352784 -0.03691230342699506
v 0.1352941176470588 0.5975043773045801 -0.010714285714285676
v 0.1352941176470588 0.6138047628182588 -0.039203642594173915
v 0.08346611575673743 0.6037104585088288 -0.010714285714285676
v 0.2029411764705884 0.6045632876879385 -0.04568734419354145
v 0.15844757402502702 0.6108854144873984 -0.04125182031201565
v 0.14331956623568487 0.5960862764326073 -0.010714285714285676
v 0.2705882352941176 0.5915113829193751 -0.05484439484069232
v 0.21709507389522634 0.6020814981200102 -0.04742853623961183
v 0.27331382608828697 0.59090163293803 -0.05527218768474713
v -0.2029411764705883 -0.5367647058823529 0.004806036765235883
v -0.1352941176470588 -0.5367647058823529 0.018865219991929468
v -0.17043224036083457 -0.5367647058823529 0.011597748075327853
v -0.0676470588235294 -0.5367647058823529 0.02752669215050995
v -0.08228118529521498 -0.5367647058823529 0.025670366614153672
v 0 -0.5367647058823529 0.03045343137254896
v -0.00817420232958306 -0.5367647058823529 0.030104041258267517
v 0.0676470588235294 -0.5367647058823529 0.02752669215050995
v 0.05641639286416039 -0.5367647058823529 0.028006282058942386
v 0.1352941176470588 -0.5367647058823529 0.018865219991929468
v 0.11456548490348478 -0.5367647058823529 0.02148749119152219
v 0.2029411764705884 -0.5367647058823529 0.004806036765235883
v 0.16830072041310556 -0.5367647058823529 0.011939314320796028
v 0.21892817050816027 -0.5367647058823529 0.0002581542928677093
v -0.40588235294117647 -0.47058823529411764 -0.007907916638438827
v -0.3382352941176471 -0.47058823529411764 0.022106831348190074
v -0.3942362081653659 -0.47058823529411764 -0.0027211242377200608
v -0.29219268087671174 -0.4917230190162206 0.02088638983306426
v -0.2705882352941176 -0.4839412412930204 0.0357142857142857
v -0.2705882352941176 -0.5226010851327264 -0.000777269251849285
v -0.3029763365291277 -0.47058823529411764 0.0357142857142857
v -0.2804769886909697 -0.48026201579103817 0.0357142857142857
v -0.26438228904903394 -0.5306936715121624 -0.006454925092659952
v -0.2029411764705883 -0.5053390764321055 0.0357142857142857
v -0.23035808631639249 -0.4974091253606653 0.0357142857142857
v -0.1352941176470588 -0.5201600610905611 0.0357142857142857
v -0.17712508668915775 -0.511509835443997 0.0357142857142857
v -0.0676470588235294 -0.5288520790102262 0.0357142857142857
v -0.12048664610246562 -0.522279135893077 0.0357142857142857
v 0 -0.5317142857142857 0.0357142857142857
v -0.05993323686588267 -0.5292185757063942 0.0357142857142857
v 0.0676470588235294 -0.5288520790102262 0.0357142857142857
v 0.005424603471549135 -0.5314580285732288 0.0357142857142857
v 0.1352941176470588 -0.5201600610905611 0.0357142857142857
v 0.07709451262013423 -0.5275226315161091 0.0357142857142857
v 0.2029411764705884 -0.5053390764321055 0.0357142857142857
v 0.1575653878732101 -0.5149775937045963 0.0357142857142857
v 0.2705882352941176 -0.4839412412930204 0.0357142857142857
v 0.2705882352941176 -0.5226010851327264 -0.000777269251849285
v 0.2509119421288064 -0.48983678295583516 0.0357142857142857
v 0.33823529411764697 -0.47058823529411764 0.022106831348190074
v 0.32548482258548356 -0.47058823529411764 0.02696318568755244
v 0.30297633652912764 -0.47058823529411764 0.0357142857142857
v 0.4058823529411766 -0.47058823529411764 -0.007907916638438952
v 0.36714167866817066 -0.47058823529411764 0.009125189396477381
v 0.40824978377905 -0.47058823529411764 -0.00908943411437874
v -0.47352941176470575 -0.40441176470588236 0.009290969583175449
v -0.40588235294117647 -0.41692974954734785 0.0357142857142857
v -0.42279297583489917 -0.420954765362785 0.02410792652325243
v -0.42454589966892164 -0.40441176470588236 0.0357142857142857
v -0.4137446419126239 -0.4121031343518636 0.0357142857142857
v -0.3382352941176471 -0.4549077504438434 0.0357142857142857
v -0.37199447383331014 -0.4374370492103353 0.0357142857142857
v -0.3276057864852543 -0.46018980391460296 0.0357142857142857
v 0.33823529411764697 -0.4549077504438434 0.0357142857142857
v 0.4058823529411766 -0.4169297495473478 0.0357142857142857
v 0.37679975711117875 -0.4328621301917497 0.0357142857142857
v 0.41231432188368344 -0.46429609176340436 -0.006299797713372558
v 0.47352941176470575 -0.40441176470588236 0.009290969583175449
v 0.4518613259042006 -0.40441176470588236 0.02084271125723087
v 0.42454589966892164 -0.40441176470588236 0.0357142857142857
v 0.48929232988469556 -0.40441176470588236 0.00010436305750856356
v -0.5411764705882353 -0.3382352941176471 0.013502040049892305
v -0.508402788154372 -0.37235055362927705 0.011779452850570749
v -0.47352941176470575 -0.3668926813416737 0.0357142857142857
v -0.5055460784676609 -0.3382352941176471 0.0357142857142857
v -0.4893991330958122 -0.3537600215067729 0.0357142857142857
v -0.45287836916996643 -0.3842096578197243 0.0357142857142857
v 0.47352941176470575 -0.3668926813416737 0.0357142857142857
v 0.5053974902217222 -0.37323647056314885 0.011157904779505113
v 0.5411764705882351 -0.3382352941176471 0.013502040049892399
v 0.5241305358160371 -0.3382352941176471 0.024015057190510038
v 0.5055460784676609 -0.3382352941176471 0.0357142857142857
v 0.5592354562613023 -0.3382352941176471 0.0016802355085336843
v -0.6088235294117647 -0.2720588235294118 0.00486597748140033
v -0.5716407183185042 -0.3018608050046748 0.014805593949101175
v -0.5411764705882353 -0.29982585324069805 0.0357142857142857
v -0.5641723585566163 -0.2720588235294118 0.0357142857142857
v -0.5543347439745235 -0.284931047494259 0.0357142857142857
v -0.5232404517419101 -0.3206891887245029 0.0357142857142857
v 0.5411764705882351 -0.2998258532406981 0.0357142857142857
v 0.5707485303938103 -0.30930610517741053 0.009582065891404062
v 0.6088235294117648 -0.2720588235294118 0.00486597748140033
v 0.5863125517702809 -0.2720588235294118 0.020264204786434974
v 0.5641723585566164 -0.2720588235294118 0.0357142857142857
v 0.619977898866531 -0.2720588235294118 -0.0030586470512317847
v -0.6088235294117647 -0.21146305541391136 0.03179893572547808
v -0.6088235294117647 -0.20588235294117652 0.03427864763097172
v -0.6068638543744641 -0.20588235294117652 0.0357142857142857
v -0.5823901210087099 -0.24620005443946688 0.0357142857142857
v 0.6072897972329082 -0.20738274311614485 0.03466163102010156
v 0.6088235294117648 -0.21146305541391178 0.03179893572547778
v 0.6088235294117648 -0.20588235294117652 0.03427864763097161
v 0.6078068347306145 -0.20588235294117652 0.03501649215983166
v 0.606863854374464 -0.20588235294117652 0.0357142857142857
v 0.6032199110172937 -0.21136415354446347 0.0357142857142857
v 0.6244434730142229 -0.2567784439183114 0.00000623458429585208
v 0.6402289048523595 -0.20588235294117652 0.010840335317923843
v -0.6764705882352942 -0.13970588235294112 0.004963272313156398
v -0.6088235294117647 -0.2017431521366388 0.0357142857142857
v -0.663681527588258 -0.19337131535168472 -0.001936700611816852
v -0.6365356761347015 -0.13970588235294112 0.0357142857142857
v -0.6286436099079648 -0.15909509153400642 0.0357142857142857
v -0.6075277729564241 -0.20461476510443036 0.0357142857142857
v 0.6088235294117648 -0.20174315213663846 0.0357142857142857
v 0.6488713049498342 -0.16670518121915187 0.016771920477991857
v 0.6764705882352939 -0.13970588235294112 0.004963272313156606
v 0.6552524079574082 -0.13970588235294112 0.0211514973869169
v 0.6365356761347015 -0.13970588235294112 0.0357142857142857
v 0.6871929631897283 -0.13970588235294112 -0.003355140171024836
v -0.6764705882352942 -0.10771877992289225 0.011727459165208908
v -0.6764705882352942 -0.07352941176470584 0.018896638589320263
v -0.6553039016503827 -0.07352941176470584 0.0357142857142857
v -0.6456744420849915 -0.10957921764068851 0.0357142857142857
v 0.6764705882352939 -0.10771877992289186 0.011727459165209175
v 0.6629831190737713 -0.08672367507489112 0.026457358122060487
v 0.6764705882352939 -0.07352941176470584 0.01889663858932041
v 0.6650573739607282 -0.07352941176470584 0.027880992687332178
v 0.6553039016503825 -0.07352941176470584 0.0357142857142857
v 0.646715359141699 -0.10263778805191834 0.0357142857142857
v 0.6887836869204023 -0.12766045972620468 -0.0022633701571150387
v 0.6964376684083724 -0.07352941176470584 0.0029898283175476964
v -0.6764705882352942 -0.024143739349609908 0.023934074932495886
v -0.6764705882352942 -0.007352941176470562 0.025591834503456957
v -0.6639711134389061 -0.007352941176470562 0.0357142857142857
v -0.6578920624347055 -0.055354766959782184 0.0357142857142857
v 0.6691420407235958 -0.01452217243791442 0.03068444409911398
v 0.6764705882352939 -0.02414373934960968 0.023934074932496045
v 0.6764705882352939 -0.007352941176470562 0.025591834503457096
v 0.6696696043833272 -0.007352941176470562 0.031046529716507336
v 0.663971113438906 -0.007352941176470562 0.0357142857142857
v 0.6619797246482292 -0.021528785989903536 0.0357142857142857
v 0.6977403456200486 -0.052722040410054544 0.0038839018075490315
v 0.7007338484565164 -0.007352941176470562 0.005938448785373238
v -0.6764705882352942 0.04349844026069652 0.02496239777020294
v -0.6764705882352942 0.05882352941176472 0.024693676994758926
v -0.6629372413306206 0.05882352941176472 0.0357142857142857
v -0.6637600334987691 0.005081297152738723 0.0357142857142857
v 0.6764705882352939 0.04349844026069671 0.024962397770203072
v 0.6691785793027569 0.051690042412543755 0.030709521819594174
v 0.6764705882352939 0.05882352941176472 0.024693676994759065
v 0.6690854873912757 0.05882352941176472 0.03064562954494402
v 0.6629372413306205 0.05882352941176472 0.0357142857142857
v 0.6631586741597113 0.04580100477260774 0.0357142857142857
v 0.7005565999398682 0.01620946157800421 0.005816796853139464
v 0.7000588107017888 0.05882352941176472 0.0054751464754514735
v -0.6764705882352942 0.10151912671275742 0.019240403185775846
v -0.6764705882352942 0.125 0.01607171742495188
v -0.6521528569759601 0.125 0.0357142857142857
v -0.6601636768888663 0.07477594268544405 0.0357142857142857
v 0.6764705882352939 0.1015191267127576 0.01924040318577597
v 0.6644296051612036 0.11322077742752033 0.027450132734863464
v 0.6764705882352939 0.125 0.016071717424952028
v 0.6632432677181525 0.125 0.02663590734693081
v 0.6521528569759601 0.125 0.0357142857142857
v 0.6557387384974832 0.10471884264779378 0.0357142857142857
v 0.6983967341853372 0.08027302001506792 0.004334404518507978
v 0.694364605083728 0.125 0.001567011563676798
v -0.6764705882352942 0.15344772535972756 0.009244277157142208
v -0.6764705882352942 0.19117647058823528 -0.00015731666756668358
v -0.6311297787193575 0.19117647058823528 0.0357142857142857
v -0.6406739039009879 0.16001849554443 0.0357142857142857
v 0.6764705882352939 0.15344772535972773 0.009244277157142333
v 0.6558139640174833 0.1709689034186378 0.02153691319212367
v 0.6764705882352939 0.19117647058823528 -0.00015731666756650317
v 0.6520304319823013 0.19117647058823528 0.018940141205244114
v 0.6311297787193575 0.19117647058823528 0.0357142857142857
v 0.6423948999821357 0.15784155816666734 0.0357142857142857
v 0.6921211468688135 0.14031032909800828 0.000027246763999476398
v 0.6835823572617585 0.19117647058823528 -0.005833226848295978
v -0.6764705882352942 0.2012561488338903 -0.0036425114530483508
v -0.6367526583134109 0.23003096725094707 0.01654553575383909
v -0.6088235294117647 0.23775826188821422 0.0357142857142857
v -0.6088235294117647 0.2504180917541851 0.0308488834211902
v -0.6088235294117647 0.25735294117647056 0.02809971746136062
v -0.5988371436075008 0.25735294117647056 0.0357142857142857
v 0.6047424699308553 0.2533606003799288 0.03291331010782306
v 0.6088235294117648 0.23775826188821414 0.0357142857142857
v 0.6088235294117648 0.2504180917541851 0.030848883421190194
v 0.6088235294117648 0.25735294117647056 0.028099717461360606
v 0.6035283474889545 0.25735294117647056 0.03208001489148732
v 0.598837143607501 0.25735294117647056 0.0357142857142857
v 0.6023823753073472 0.2510518121612795 0.0357142857142857
v 0.6764705882352939 0.20125614883389048 -0.003642511453048226
v 0.6439380706158847 0.2255276522009614 0.013386067099722163
v 0.6353241047915366 0.25735294117647056 0.007473997387980127
v 0.6244492200429579 0.20646247229266335 0.0357142857142857
v 0.6823512141852162 0.196929256843594 -0.0066782039287800335
v -0.6088235294117647 0.28996888609017846 0.012168647066442707
v -0.6088235294117647 0.32352941176470584 -0.004662454987919268
v -0.5532185115987974 0.32352941176470584 0.0357142857142857
v -0.5771516084046819 0.28833634216166015 0.0357142857142857
v 0.6088235294117648 0.2899688860901784 0.012168647066442648
v 0.5879773221031654 0.30313638287585876 0.021406795604967575
v 0.6088235294117648 0.32352941176470584 -0.004662454987919405
v 0.580010045087044 0.32352941176470584 0.015938571317505427
v 0.5532185115987974 0.32352941176470584 0.0357142857142857
v 0.5766237271524969 0.2920296052067265 0.0357142857142857
v 0.629206195450551 0.27729250577963105 0.003275059610471344
v 0.6130421022684123 0.32352941176470584 -0.007818929809567946
v -0.6088235294117647 0.32825308547241183 -0.0074002162241173335
v -0.5982665343150303 0.33385690696803294 -0.0034686462224276194
v -0.5411764705882353 0.3374826280976026 0.0357142857142857
v -0.5411764705882353 0.36485352192895865 0.018278185226348814
v -0.5411764705882353 0.3897058823529411 0.0020945458913411725
v -0.4905254675844234 0.3897058823529411 0.0357142857142857
v 0.5246019604371817 0.373491687639954 0.024338612598189993
v 0.5411764705882351 0.33748262809760277 0.0357142857142857
v 0.5411764705882351 0.36485352192895876 0.018278185226348873
v 0.5411764705882351 0.3897058823529411 0.0020945458913412575
v 0.5160595269815557 0.3897058823529411 0.01847563808361436
v 0.49052546758442345 0.3897058823529411 0.0357142857142857
v 0.5162091032197753 0.36528128384031733 0.0357142857142857
v 0.6088235294117648 0.3282530854724118 -0.007400216224117405
v 0.5688237314405258 0.350575645207164 0.008261008224708759
v 0.5504250522445806 0.3897058823529411 -0.004366656689278415
v 0.5479385323208399 0.33014447215529746 0.0357142857142857
v 0.611910202507859 0.3265489832717545 -0.008595792688705497
v -0.5411764705882353 0.39874011183986136 -0.00437598502663687
v -0.5246153080087708 0.405907019658939 0.0006522264908747199
v -0.47352941176470575 0.40440393835695376 0.0357142857142857
v -0.47352941176470575 0.42876976395050376 0.0166924375652741
v -0.47352941176470575 0.4558823529411764 -0.004839113943861308
v -0.40725963778364027 0.45453500907354877 0.03476900636588664
v -0.40588235294117647 0.4544434599570528 0.0357142857142857
v -0.40588235294117647 0.4550937112415356 0.035160984712315456
v -0.40588235294117647 0.4558823529411764 0.03447971599362927
v -0.41746939548973866 0.4558823529411764 0.027761688188719706
v -0.41230350793860265 0.4496007882697812 0.0357142857142857
v -0.403561978040879 0.4558823529411764 0.0357142857142857
v 0.40529714304749676 0.455309865001707 0.03531263544564209
v 0.4058823529411766 0.4544434599570528 0.0357142857142857
v 0.4058823529411766 0.4550937112415356 0.035160984712315456
v 0.4058823529411766 0.4558823529411764 0.03447971599362926
v 0.40485989224743035 0.4558823529411764 0.035012534741248685
v 0.4035619780408791 0.4558823529411764 0.0357142857142857
v 0.40501863948751077 0.45503741586693813 0.0357142857142857
v 0.4541058510636721 0.43688104355973034 0.022383208338731496
v 0.47352941176470575 0.40440393835695376 0.0357142857142857
v 0.47352941176470575 0.42876976395050376 0.0166924375652741
v 0.47352941176470575 0.4558823529411764 -0.004839113943861308
v 0.4412576670549415 0.4558823529411764 0.01356504477994433
v 0.4447094161596544 0.4276888789797131 0.0357142857142857
v 0.5411764705882351 0.3987401118398614 -0.004375985026636833
v 0.5014463706632581 0.41701595084065546 0.008446111542174211
v 0.4779935443236203 0.4558823529411764 -0.007650393492173531
v 0.4817976059759865 0.3977943332118027 0.0357142857142857
v 0.5474573401240129 0.39585021124663683 -0.006403502585692839
v -0.47352941176470575 0.45968544951409074 -0.008046081452018782
v -0.40588235294117647 0.4839577269183104 0.00898304015538608
v -0.46752607924564293 0.461755178231564 -0.006593986066109009
v -0.3645156544170668 0.49634977541041414 0.017677144018100117
v -0.3382352941176471 0.4921223239544854 0.0357142857142857
v -0.3382352941176471 0.5046523622638379 0.023502133524787923
v -0.3382352941176471 0.5220588235294117 0.006369906187659081
v -0.2712024371106032 0.5214579739263279 0.03529273726259835
v -0.2705882352941176 0.5213274637161688 0.0357142857142857
v -0.2705882352941176 0.5216221387304314 0.035407913204524945
v -0.2705882352941176 0.5220588235294117 0.03495061344377188
v -0.2734451996392191 0.5220588235294117 0.03375344993705765
v -0.2719930337989182 0.5206845641225415 0.0357142857142857
v -0.26838876342081114 0.5220588235294117 0.0357142857142857
v 0.2702233792553197 0.5217018991436311 0.03546387209759521
v 0.2705882352941176 0.5213274637161688 0.0357142857142857
v 0.2705882352941176 0.5216221387304314 0.035407913204524945
v 0.2705882352941176 0.5220588235294117 0.03495061344377188
v 0.2698435964826738 0.5220588235294117 0.03520321373500286
v 0.26838876342081114 0.5220588235294117 0.0357142857142857
v 0.2700477108505124 0.5215300496171892 0.0357142857142857
v 0.32432985205095693 0.5084556736815627 0.026170488519445645
v 0.33823529411764697 0.49212232395448546 0.0357142857142857
v 0.33823529411764697 0.504652362263838 0.02350213352478797
v 0.33823529411764697 0.5220588235294117 0.006369906187659129
v 0.31155128487989864 0.5220588235294117 0.01740010546104851
v 0.3177192060838869 0.501988737409429 0.0357142857142857
v 0.4058823529411766 0.4839577269183103 0.008983040155386014
v 0.37661854354769986 0.49343118390535845 0.015629497279632493
v 0.3527234745890817 0.5220588235294117 -0.0007705345211581425
v 0.36270437484963713 0.4798194971355145 0.0357142857142857
v 0.47352941176470575 0.45968544951409074 -0.008046081452018782
v 0.42723834881950934 0.4767740880395455 0.003943090338855801
v 0.4763356162893757 0.4586275530196579 -0.008788288198906598
v -0.3382352941176471 0.5320315921209466 -0.003717517908796093
v -0.2705882352941176 0.5478727080550382 0.0073964078735347695
v -0.32503032286820416 0.5349767301864754 -0.0016512464405997254
v -0.2384094362006343 0.5535380835121672 0.011371163352980818
v -0.2029411764705883 0.5426425965905227 0.0357142857142857
v -0.2029411764705883 0.5602320539861435 0.016067568034723
v -0.15809290795318423 0.5659321296877416 0.020066668765050578
v -0.1352941176470588 0.5574371008348143 0.0357142857142857
v -0.1352941176470588 0.5690674882494909 0.022266396517896886
v -0.1352941176470588 0.588235294117647 0.00006658776090662233
v -0.17625515279511653 0.5481647162554166 0.0357142857142857
v -0.08315095748292478 0.5730684367334559 0.025073411168551607
v -0.0676470588235294 0.5661329712286253 0.0357142857142857
v -0.0676470588235294 0.5743669277194059 0.025984415955519723
v -0.0676470588235294 0.588235294117647 0.009589423206832284
v -0.11546303577322184 0.588235294117647 0.0028964878699315934
v -0.09391473490540944 0.5625386544723295 0.0357142857142857
v -0.012738538853377349 0.5757736800219517 0.026971375507464604
v 0 0.5690000000000001 0.0357142857142857
v 0 0.5761325503355704 0.02722315436241616
v 0 0.588235294117647 0.012815126050420306
v -0.03582671753159159 0.588235294117647 0.011125141073038074
v -0.020631115223205508 0.5680526813992938 0.0357142857142857
v 0.053868371829327584 0.5747561437972322 0.02625748501329627
v 0.0676470588235294 0.5661329712286253 0.0357142857142857
v 0.0676470588235294 0.5743669277194059 0.025984415955519723
v 0.0676470588235294 0.588235294117647 0.009589423206832284
v 0.032026745605981954 0.588235294117647 0.011266803661248503
v 0.04607178390187098 0.5671290469116768 0.0357142857142857
v 0.11725673150071941 0.5705900250614454 0.023334589011363344
v 0.1352941176470588 0.5574371008348143 0.0357142857142857
v 0.1352941176470588 0.5690674882494909 0.022266396517896886
v 0.1352941176470588 0.588235294117647 0.00006658776090662233
v 0.09211668254108066 0.588235294117647 0.0060800833589404815
v 0.10772923291607653 0.5612696460112513 0.0357142857142857
v 0.1778821095241422 0.5637209894961236 0.018515360884582024
v 0.2029411764705884 0.5426425965905227 0.0357142857142857
v 0.2029411764705884 0.5602320539861435 0.016067568034723
v 0.1470148669066976 0.588235294117647 -0.002669920539191994
v 0.16527635769157295 0.5513892757468711 0.0357142857142857
v 0.2705882352941176 0.5478727080550382 0.0073964078735347695
v 0.2360909270723306 0.5544879273789421 0.012037561748400781
v 0.21927259405784214 0.5380352102995513 0.0357142857142857
v 0.33823529411764697 0.5320315921209466 -0.003717517908796093
v 0.29215001925180395 0.5431518730532353 0.004084329983381046
v 0.34627465052937506 0.5299234113234935 -0.005196590785739387
v -0.1352941176470588 0.5940186193905558 -0.0066567781418639125
v -0.12893545200101003 0.5944557279018251 -0.006350108360941655
v -0.0676470588235294 0.5990069662185383 -0.0031570173514380963
v 0 0.6006711409395973 -0.001989453499520538
v -0.05637148991178654 0.5992657419660911 -0.002975463572996332
v 0.0676470588235294 0.5990069662185383 -0.0031570173514380963
v 0.012421395660342803 0.6003866594375475 -0.002189042108895126
v 0.1352941176470588 0.5940186193905558 -0.0066567781418639125
v 0.07793925801676055 0.5983037498501557 -0.0036503850257636767
v 0.1405944332150063 0.5934203854341173 -0.007076491489079467
v -0.2705882352941176 -0.47058823529411764 0.04825768466315664
v -0.2029411764705883 -0.47058823529411764 0.06979459121593387
v -0.2363681977390904 -0.47058823529411764 0.05920070900515839
v -0.14268989660964135 -0.47782323645316577 0.0770668722026995
v -0.1352941176470588 -0.4743445883369647 0.08214285714285707
v -0.1352941176470588 -0.4827941974311729 0.07357930910384372
v -0.1511583641449454 -0.47058823529411764 0.08214285714285707
v -0.13845381387584452 -0.4736792424744515 0.08214285714285707
v -0.09811340293980932 -0.5003922675817828 0.0612327265537333
v -0.0676470588235294 -0.48396818887145876 0.08214285714285707
v -0.0676470588235294 -0.5121714682388974 0.0529685889498529
v -0.0797563183678415 -0.4824342500657273 0.08214285714285707
v -0.045855089017429844 -0.515446474550299 0.05067088610915525
v 0 -0.4871428571428572 0.08214285714285707
v 0 -0.5212952158693115 0.04656748346946714
v -0.01621939462981986 -0.4864550343885066 0.08214285714285707
v 0.01861543005174944 -0.518553959092598 0.048490714414399436
v 0.0676470588235294 -0.48396818887145876 0.08214285714285707
v 0.0676470588235294 -0.5121714682388974 0.0529685889498529
v 0.053346221135949404 -0.4845781852058807 0.08214285714285707
v 0.11376976072731158 -0.49164467141126167 0.06736992894638463
v 0.1352941176470588 -0.4743445883369647 0.08214285714285707
v 0.1352941176470588 -0.4827941974311729 0.07357930910384372
v 0.13087180609747404 -0.4749144096361027 0.08214285714285707
v 0.2029411764705884 -0.47058823529411764 0.06979459121593387
v 0.18953009407098265 -0.47058823529411764 0.07293835648971156
v 0.15115836414494543 -0.47058823529411764 0.08214285714285707
v 0.2705882352941176 -0.47058823529411764 0.04825768466315664
v 0.23673044720862346 -0.47058823529411764 0.0589050584879061
v 0.28220256654503384 -0.47058823529411764 0.04368561244239903
v -0.40588235294117647 -0.40441176470588236 0.04578958387545063
v -0.3382352941176471 -0.40441176470588236 0.0792025254489523
v -0.3533906637331588 -0.40441176470588236 0.07174119041916735
v -0.3153755960444611 -0.4482254871790444 0.05140370582041642
v -0.2705882352941176 -0.43360865033648344 0.08214285714285707
v -0.33146947518398273 -0.40441176470588236 0.08214285714285707
v -0.2913266079836644 -0.42469930320652594 0.08214285714285707
v -0.2029411764705883 -0.45780474132524757 0.08214285714285707
v -0.24364021533928937 -0.4442260418600465 0.08214285714285707
v -0.19279391352082992 -0.46066156501718014 0.08214285714285707
v 0.2029411764705884 -0.45780474132524757 0.08214285714285707
v 0.2705882352941176 -0.43360865033648344 0.08214285714285707
v 0.2241904969312366 -0.44980085658261393 0.08214285714285707
v 0.32527323355175786 -0.4170920413464261 0.07324653607123753
v 0.33823529411764697 -0.40441176470588236 0.0792025254489523
v 0.33559656121327486 -0.40441176470588236 0.0803318013296079
v 0.3314694751839826 -0.40441176470588236 0.08214285714285707
v 0.4058823529411766 -0.40441176470588236 0.045789583875450554
v 0.374901239835644 -0.40441176470588236 0.060879422371668636
v 0.4140465833184869 -0.40441176470588236 0.04131768606641487
v -0.47352941176470575 -0.3382352941176471 0.05563715544692621
v -0.40588235294117647 -0.3563029595237355 0.08214285714285707
v -0.4289163521856914 -0.36076855424815085 0.06633380797193222
v -0.4286731193884386 -0.3382352941176471 0.08214285714285707
v -0.41649087940695045 -0.34861320044286076 0.08214285714285707
v -0.3382352941176471 -0.4008231840222845 0.08214285714285707
v -0.3776441951984504 -0.37678747995756334 0.08214285714285707
v -0.3359572340487974 -0.40218322768200765 0.08214285714285707
v 0.33823529411764697 -0.4008231840222845 0.08214285714285707
v 0.4058823529411766 -0.35630295952373536 0.08214285714285707
v 0.35011696750398447 -0.392788388567074 0.08214285714285707
v 0.42432973443601696 -0.38636541324353846 0.04837537674024758
v 0.47352941176470575 -0.3382352941176471 0.05563715544692621
v 0.452647341493517 -0.3382352941176471 0.06781075301263122
v 0.4286731193884386 -0.3382352941176471 0.08214285714285707
v 0.4886580508815827 -0.3382352941176471 0.046097606350403095
v -0.5411764705882353 -0.2720588235294118 0.05152556126194678
v -0.5007695609029292 -0.29870679551245644 0.0634469783864988
v -0.47352941176470575 -0.295920577271485 0.08214285714285707
v -0.4955175384504074 -0.2720588235294118 0.08214285714285707
v -0.4855509634523702 -0.2838190371369096 0.08214285714285707
v -0.45247174238230914 -0.31763540015660685 0.08214285714285707
v 0.47352941176470575 -0.295920577271485 0.08214285714285707
v 0.4999758765899887 -0.3123637524407399 0.05386543082729043
v 0.5411764705882351 -0.2720588235294118 0.051525561261946816
v 0.5184750818378593 -0.2720588235294118 0.06656209032971096
v 0.49551753845040736 -0.2720588235294118 0.08214285714285707
v 0.5526144815631129 -0.2720588235294118 0.04356459759455892
v -0.5441641219804506 -0.20880505539008284 0.08009232621838629
v -0.5411764705882353 -0.20881267289727065 0.08214285714285707
v -0.5748873910314138 -0.20588235294117652 0.05900585895048921
v -0.5431008742298561 -0.20588235294117652 0.08214285714285707
v -0.5423893475308135 -0.20706886299369862 0.08214285714285707
v -0.5154959744525432 -0.24693659904884352 0.08214285714285707
v 0.5411764705882351 -0.2088126728972709 0.08214285714285707
v 0.5578215893318498 -0.2557755551932671 0.047138420007263405
v 0.5747963727806649 -0.20588235294117652 0.05878881485877931
v 0.5431008742298562 -0.20588235294117652 0.08214285714285707
v -0.6088235294117647 -0.13970588235294112 0.05687431822046481
v -0.6053937497068392 -0.202527133664619 0.03806826495275938
v -0.5757625528857054 -0.13970588235294112 0.08214285714285707
v -0.5652336327208792 -0.1632400627000929 0.08214285714285707
v 0.5852763292961831 -0.16274118681383615 0.06598158004489585
v 0.6088235294117648 -0.13970588235294112 0.056874318220464695
v 0.5913031697331074 -0.13970588235294112 0.07011801400936868
v 0.5757625528857053 -0.13970588235294112 0.08214285714285707
v 0.5447335870812555 -0.20240256506756965 0.08214285714285707
v 0.6233319440596804 -0.13970588235294112 0.04567192433909739
v -0.6088235294117647 -0.09446137571562924 0.06745725703760608
v -0.6088235294117647 -0.07352941176470584 0.07232141335540797
v -0.5964441739643945 -0.07352941176470584 0.08214285714285707
v -0.5840410461409148 -0.11546214871841405 0.08214285714285707
v 0.6007558242403597 -0.0814217320410804 0.07660570545689271
v 0.6088235294117648 -0.09446137571562949 0.06745725703760591
v 0.6088235294117648 -0.07352941176470584 0.07232141335540784
v 0.6021470827835167 -0.07352941176470584 0.07756057545079863
v 0.5964441739643945 -0.07352941176470584 0.08214285714285707
v 0.5905418187282618 -0.09141369395508911 0.08214285714285707
v 0.6257340820644658 -0.12316295041008139 0.04732059669641902
v 0.633512992645998 -0.07352941176470584 0.05265953843094897
v -0.6088235294117647 -0.011012093205847187 0.07957564254446903
v -0.6088235294117647 -0.007352941176470562 0.07998831944713497
v -0.6061693053728348 -0.007352941176470562 0.08214285714285707
v -0.5981568962835584 -0.06309466196537362 0.08214285714285707
v 0.6072452228553987 -0.008896936720741697 0.08105960947528906
v 0.6088235294117648 -0.011012093205847395 0.07957564254446889
v 0.6088235294117648 -0.007352941176470562 0.07998831944713486
v 0.6073764860305999 -0.007352941176470562 0.0811497000396352
v 0.6061693053728348 -0.007352941176470562 0.08214285714285707
v 0.6056719633862555 -0.010435994897077375 0.08214285714285707
v 0.6353434956896968 -0.04758596649281566 0.053915877476468956
v 0.6383717678366254 -0.007352941176470562 0.05599428786302553
v -0.6088235294117647 0.05502522126243748 0.07947801237777352
v -0.6088235294117647 0.05882352941176472 0.07942584176259962
v -0.6054982892853266 0.05882352941176472 0.08214285714285707
v -0.606139552924625 -0.004727312004268729 0.08214285714285707
v 0.6088235294117648 0.05502522126243733 0.07947801237777341
v 0.6070225611136942 0.057061712598434886 0.08090678883890187
v 0.6088235294117648 0.05882352941176472 0.07942584176259951
v 0.6070043441770399 0.05882352941176472 0.08089428591032852
v 0.6054982892853266 0.05882352941176472 0.08214285714285707
v 0.6055347904087466 0.05560628473489916 0.08214285714285707
v 0.6382303504848932 0.021414601177676882 0.05589722812783039
v 0.6378886956486296 0.05882352941176472 0.05566273831784824
v -0.6088235294117647 0.11115600329825667 0.07243008485369748
v -0.6088235294117647 0.125 0.07046686138382297
v -0.5943905667457334 0.125 0.08214285714285707
v -0.6047707544660996 0.0627882005542631 0.08214285714285707
v 0.6088235294117648 0.11115600329825653 0.07243008485369738
v 0.6017045405475173 0.11803577176323621 0.07725684304658788
v 0.6088235294117648 0.125 0.07046686138382288
v 0.6009585708918674 0.125 0.07674485766180952
v 0.5943905667457334 0.125 0.08214285714285707
v 0.5966240412069073 0.11306571806046548 0.08214285714285707
v 0.6357749392897771 0.08518903907503778 0.05421199249391534
v 0.6320085038002182 0.125 0.05162695447157831
v -0.6088235294117647 0.16132038985273017 0.061196210023661456
v -0.6088235294117647 0.19117647058823528 0.05325999122020834
v -0.572215132893559 0.19117647058823528 0.08214285714285707
v -0.5868203685903146 0.1465248312383751 0.08214285714285707
v 0.6088235294117648 0.16132038985273012 0.061196210023661414
v 0.5923511664870216 0.17506220250968219 0.07083729128457063
v 0.6088235294117648 0.19117647058823528 0.05325999122020822
v 0.5890909256477669 0.19117647058823528 0.06859967257191446
v 0.572215132893559 0.19117647058823528 0.08214285714285707
v 0.581839608635132 0.16477915678500762 0.08214285714285707
v 0.6289679823853366 0.14470653008284207 0.04954013697875584
v 0.6206452851184071 0.19117647058823528 0.04382797518996259
v -0.6088235294117647 0.20757194547791893 0.04721714270038121
v -0.5494907640503939 0.24921939322435888 0.07643646318280412
v -0.5411764705882353 0.25131496275690834 0.08214285714285707
v -0.5411764705882353 0.2551115464916791 0.08057032309416212
v -0.5411764705882353 0.25735294117647056 0.07961028206535938
v -0.537814047631443 0.25735294117647056 0.08214285714285707
v 0.5398386853610825 0.25604423823686473 0.08122468777887965
v 0.5411764705882351 0.25131496275690834 0.08214285714285707
v 0.5411764705882351 0.2551115464916791 0.08057032309416212
v 0.5411764705882351 0.25735294117647056 0.07961028206535939
v 0.539401288611873 0.25735294117647056 0.08092448690442218
v 0.5378140476314429 0.25735294117647056 0.08214285714285707
v 0.5390842150044948 0.255306169409768 0.08214285714285707
v 0.6088235294117648 0.20757194547791882 0.04721714270038113
v 0.5796209216129864 0.2287851726776657 0.06210007352940988
v 0.5712404368907136 0.25735294117647056 0.05634825016412327
v 0.5624796540178433 0.212016541334591 0.08214285714285707
v 0.6185009411936729 0.2006435038531455 0.04235623603665127
v -0.5411764705882353 0.2931603912203767 0.06083633796731188
v -0.5411764705882353 0.32352941176470584 0.04445587936519842
v -0.4881498888165004 0.32352941176470584 0.08214285714285707
v -0.5277892452781803 0.27044913984935043 0.08214285714285707
v 0.5411764705882351 0.29316039122037674 0.0608363379673119
v 0.5219818841995123 0.30475209899312916 0.06896893294438583
v 0.5411764705882351 0.32352941176470584 0.04445587936519847
v 0.5139434871806774 0.32352941176470584 0.0634518964811482
v 0.48814988881650034 0.32352941176470584 0.08214285714285707
v 0.511772036756268 0.29476420475517273 0.08214285714285707
v 0.563931392049957 0.27961319043250277 0.051331793922486046
v 0.54731028183642 0.32352941176470584 0.0399241375336921
v -0.5411764705882353 0.33015122332237895 0.04036006461665318
v -0.5273551237101036 0.33705029458026936 0.04520036540393501
v -0.47352941176470575 0.33900493293943995 0.08214285714285707
v -0.47352941176470575 0.3646660975348398 0.0645752620799987
v -0.47352941176470575 0.3897058823529411 0.047035803814101065
v -0.418306979449479 0.3897058823529411 0.08214285714285707
v 0.4564278846277573 0.3729761275450567 0.0704054736109763
v 0.47352941176470575 0.33900493293943995 0.08214285714285707
v 0.47352941176470575 0.3646660975348398 0.0645752620799987
v 0.47352941176470575 0.3897058823529411 0.047035803814101065
v 0.44670295847648067 0.3897058823529411 0.06373091249472741
v 0.418306979449479 0.3897058823529411 0.08214285714285707
v 0.44795069125076553 0.3646832209806082 0.08214285714285707
v 0.5411764705882351 0.330151223322379 0.040360064616653216
v 0.5016485938738307 0.35103730730624105 0.055013475919616736
v 0.4818182162840814 0.3897058823529411 0.04140318571050313
v 0.48142650623922256 0.33125483027238534 0.08214285714285707
v 0.5455820994203796 0.32783926605702113 0.03873802475746561
v -0.47352941176470575 0.39743446225561546 0.04113655923330483
v -0.460236101690782 0.4027102074252578 0.04483795505073647
v -0.40588235294117647 0.3993518159532211 0.08214285714285707
v -0.40588235294117647 0.4251598985440793 0.06058837326425883
v -0.34965470736045706 0.44471118781234054 0.07430530954453098
v -0.3382352941176471 0.4435086333178505 0.08214285714285707
v -0.3382352941176471 0.44888848519022156 0.07723604833980621
v -0.3382352941176471 0.4558823529411764 0.07076646783530127
v -0.377381896677733 0.4175867634802228 0.08214285714285707
v -0.31438347566480596 0.4558823529411764 0.08214285714285707
v 0.33285513004637457 0.45061914895840993 0.07845026006288441
v 0.33823529411764697 0.4435086333178507 0.08214285714285707
v 0.33823529411764697 0.4488884851902216 0.07723604833980627
v 0.33823529411764697 0.4558823529411764 0.07076646783530138
v 0.3283555332556297 0.4558823529411764 0.07536202748290112
v 0.31438347566480607 0.4558823529411764 0.08214285714285707
v 0.33031143945264363 0.4481307559862818 0.08214285714285707
v 0.3832068181369643 0.43369976454575143 0.06657983480828908
v 0.4058823529411766 0.39935181595322106 0.08214285714285707
v 0.4058823529411766 0.4251598985440793 0.0605883732642588
v 0.3666012608291577 0.4558823529411764 0.05518285292932871
v 0.37237842558674833 0.42310677183358364 0.08214285714285707
v 0.47352941176470575 0.39743446225561546 0.04113655923330483
v 0.4318730561054836 0.4151315702310676 0.053552625463701424
v 0.41159599974025823 0.39529531943899926 0.08214285714285707
v 0.4790204420692402 0.39507754243346394 0.03948297421522394
v -0.3382352941176471 0.47694353981288556 0.050490546979834
v -0.30903461714818753 0.4844482325852129 0.05575574413121287
v -0.2705882352941176 0.4765021457054708 0.08214285714285707
v -0.2705882352941176 0.49495205869104175 0.0631250951451436
v -0.2201383505767147 0.505235501034288 0.07033982770977032
v -0.2029411764705883 0.5006308805446054 0.08214285714285707
v -0.2029411764705883 0.509006555691408 0.0729855517707973
v -0.2029411764705883 0.5220588235294117 0.05864080132851815
v -0.2381512758143657 0.48761416112789024 0.08214285714285707
v -0.13898270693692652 0.5184504209632368 0.0796112477234137
v -0.1352941176470588 0.5171955304665119 0.08214285714285707
v -0.1352941176470588 0.5190436857598353 0.08002747477118599
v -0.1352941176470588 0.5220588235294117 0.07656759572267721
v -0.1484144761390827 0.5220588235294117 0.07313789060019471
v -0.14212942334323947 0.5153721114353219 0.08214285714285707
v -0.10153763006999988 0.5220588235294117 0.08214285714285707
v 0.1324964928103191 0.5193220166239055 0.0802227481710575
v 0.1352941176470588 0.5171955304665119 0.08214285714285707
v 0.1352941176470588 0.5190436857598353 0.08002747477118599
v 0.1352941176470588 0.5220588235294117 0.07656759572267721
v 0.12871089664880345 0.5220588235294117 0.07762455950119736
v 0.1015376300699999 0.5220588235294117 0.08214285714285707
v 0.13104091537712165 0.5178980821783862 0.08214285714285707
v 0.19150879054298298 0.5108749677306673 0.07429640593167451
v 0.2029411764705884 0.5006308805446054 0.08214285714285707
v 0.2029411764705884 0.5090065556914078 0.07298555177079728
v 0.2029411764705884 0.5220588235294117 0.05864080132851815
v 0.178071015846668 0.5220588235294117 0.06507358541029068
v 0.18585565609539229 0.5053447275101981 0.08214285714285707
v 0.24803699392966538 0.4999978265424475 0.06666514179644731
v 0.2705882352941176 0.4765021457054708 0.08214285714285707
v 0.2705882352941176 0.49495205869104175 0.0631250951451436
v 0.22485859324939805 0.5220588235294117 0.05075698480781659
v 0.2371991687720039 0.4893956062795177 0.08214285714285707
v 0.33823529411764697 0.47694353981288556 0.050490546979834
v 0.3023653653067107 0.48696867577958275 0.05752405507075489
v 0.28531152135074583 0.470285567561791 0.08214285714285707
v 0.3547205419486501 0.4720092258193316 0.04702869493991203
v -0.2029411764705883 0.5346995955989052 0.04458289088050177
v -0.1352941176470588 0.5440760544798365 0.051161295365218705
v -0.18802901177207845 0.5366468107344756 0.04594903229307659
v -0.1108134981428549 0.5460072556530894 0.05251620158518337
v -0.0676470588235294 0.5268301645096182 0.08214285714285707
v -0.0676470588235294 0.5497134165596735 0.055116397014882065
v -0.03859541445508137 0.5504789104115891 0.0556534577808292
v 0 0.5300000000000001 0.08214285714285707
v 0 0.5515939597315437 0.05643576222435286
v -0.06255088269154663 0.5270442132237426 0.08214285714285707
v 0.02940165443971717 0.5508213115682654 0.055893682084402124
v 0.0676470588235294 0.5268301645096182 0.08214285714285707
v 0.0676470588235294 0.5497134165596735 0.055116397014882065
v 0.007785260490373824 0.5296748392265165 0.08214285714285707
v 0.1352941176470588 0.5440760544798365 0.051161295365218705
v 0.09382182472708647 0.5476645727828915 0.0536789542381556
v 0.0719727081500515 0.5262904370010094 0.08214285714285707
v 0.2029411764705884 0.5346995955989052 0.04458289088050177
v 0.1551786672810225 0.5415111003452457 0.0493617561152359
v 0.21387476191335247 0.5327547223321157 0.04321839249332565
v -0.1352941176470588 -0.47058823529411764 0.08529536984271138
v -0.0676470588235294 -0.47058823529411764 0.09362148398581345
v -0.12967172963609083 -0.47058823529411764 0.08600170108827297
v 0 -0.47058823529411764 0.09645203826211336
v -0.049814467024779645 -0.47058823529411764 0.09438199623454559
v 0.0676470588235294 -0.47058823529411764 0.09362148398581345
v 0.019627023068666146 -0.47058823529411764 0.09561357794464348
v 0.1352941176470588 -0.47058823529411764 0.08529536984271138
v 0.08177310356185832 -0.47058823529411764 0.09183806176139961
v 0.13883458363444087 -0.47058823529411764 0.08457280429568764
v -0.2705882352941176 -0.40441176470588236 0.1041503801095241
v -0.2029411764705883 -0.40441176470588236 0.1247095847847641
v -0.21294479509556136 -0.40441176470588236 0.12170559094372964
v -0.1352941176470588 -0.4186261354685447 0.12857142857142856
v -0.17148392972388285 -0.439814841737558 0.10373307928888784
v -0.18618040086659474 -0.40441176470588236 0.12857142857142856
v -0.1469137017219103 -0.41577874912693275 0.12857142857142856
v -0.0676470588235294 -0.4297677924634702 0.12857142857142856
v -0.0901713811725411 -0.4264464278733938 0.12857142857142856
v 0 -0.4334285714285715 0.12857142857142856
v -0.028235137733352088 -0.43203309509720506 0.12857142857142856
v 0.0676470588235294 -0.4297677924634702 0.12857142857142856
v 0.04033699998441146 -0.43112812661371513 0.12857142857142856
v 0.1352941176470588 -0.4186261354685447 0.12857142857142856
v 0.11811491491669385 -0.4212175065073263 0.12857142857142856
v 0.16553591161238004 -0.4410038716323904 0.10289887101346573
v 0.2029411764705884 -0.40441176470588236 0.1247095847847641
v 0.19870105417776057 -0.40441176470588236 0.12566128252572997
v 0.18618040086659482 -0.40441176470588236 0.12857142857142856
v 0.2705882352941176 -0.40441176470588236 0.1041503801095241
v 0.24575279036338663 -0.40441176470588236 0.11152598344816282
v 0.291416591989927 -0.40441176470588236 0.09643809574463934
v -0.40588235294117647 -0.3382352941176471 0.09326608669177253
v -0.3382352941176471 -0.3382352941176471 0.12407704005261552
v -0.35750341155922954 -0.3382352941176471 0.11534703740810642
v -0.33188128126906496 -0.3981958825713999 0.08650384111657336
v -0.2705882352941176 -0.37075243373975564 0.12857142857142856
v -0.3272545477900524 -0.3382352941176471 0.12857142857142856
v -0.292432165427993 -0.35960435620513387 0.12857142857142856
v -0.2029411764705883 -0.3994507267694195 0.12857142857142856
v -0.24749858147098025 -0.38182405987890017 0.12857142857142856
v -0.19918706359241792 -0.40073926297723744 0.12857142857142856
v 0.2029411764705884 -0.3994507267694195 0.12857142857142856
v 0.2705882352941176 -0.37075243373975564 0.12857142857142856
v 0.21236642744016743 -0.3951914104965115 0.12857142857142856
v 0.3265998049101292 -0.34961783790761014 0.12058558038862907
v 0.33823529411764697 -0.3382352941176471 0.12407704005261559
v 0.33409811207674145 -0.3382352941176471 0.1257319340650928
v 0.3272545477900525 -0.3382352941176471 0.12857142857142856
v 0.4058823529411766 -0.3382352941176471 0.09326608669177248
v 0.37471962722066804 -0.3382352941176471 0.1071833466328187
v 0.4152723205954277 -0.3382352941176471 0.08858752438381826
v -0.47352941176470575 -0.2720588235294118 0.0942403463245396
v -0.4109110360500488 -0.2769781874402652 0.12512006531968697
v -0.40588235294117647 -0.27519792580806013 0.12857142857142856
v -0.4091148160975708 -0.2720588235294118 0.12857142857142856
v -0.4075629190769657 -0.27370285561877084 0.12857142857142856
v -0.3382352941176471 -0.3309896620580576 0.12857142857142856
v -0.37240303824843923 -0.30548379061388237 0.12857142857142856
v -0.3340358178690065 -0.33412711083093344 0.12857142857142856
v 0.33823529411764697 -0.3309896620580577 0.12857142857142856
v 0.4058823529411766 -0.27519792580805996 0.12857142857142856
v 0.3866633445596297 -0.290860027380925 0.12857142857142856
v 0.4221840723517548 -0.32228795991164655 0.09333130431595586
v 0.47352941176470575 -0.2720588235294118 0.0942403463245396
v 0.4451364215381104 -0.2720588235294118 0.10908431416124967
v 0.4091148160975707 -0.2720588235294118 0.12857142857142856
v 0.4832325987356547 -0.2720588235294118 0.08880249788999907
v -0.5411764705882353 -0.20588235294117652 0.08328371440288704
v -0.47352941176470575 -0.22689369231157694 0.11383013967981426
v -0.47352941176470575 -0.20588235294117652 0.12297381946154978
v -0.5295839299486373 -0.20588235294117652 0.09009922820295374
v -0.4638109881938788 -0.20588235294117652 0.12857142857142856
v -0.4393147662646003 -0.23858797467061293 0.12857142857142856
v 0.466358582650253 -0.21289729446618466 0.12364983467610538
v 0.47352941176470575 -0.22689369231157694 0.11383013967981426
v 0.47352941176470575 -0.20588235294117652 0.12297381946154978
v 0.4690592089873628 -0.20588235294117652 0.12550337014350063
v 0.4638109881938788 -0.20588235294117652 0.12857142857142856
v 0.42173701803913144 -0.25654882506402116 0.12857142857142856
v 0.4875665252171774 -0.2583268647172113 0.09177702507141683
v 0.5411764705882351 -0.20588235294117652 0.08328371440288714
v 0.5053564329138271 -0.20588235294117652 0.10398686855265779
v 0.5420614879118125 -0.20588235294117652 0.08275027586493967
v -0.5411764705882353 -0.20300816192960824 0.08415935305890974
v -0.5411764705882353 -0.13970588235294112 0.1035533779088335
v -0.47352941176470575 -0.18966815776135698 0.12857142857142856
v -0.5008265744375515 -0.13970588235294112 0.12857142857142856
v -0.4919909224067066 -0.1577660558070724 0.12857142857142856
v -0.4676802041048087 -0.20016030196953807 0.12857142857142856
v 0.47352941176470575 -0.18966815776135698 0.12857142857142856
v 0.5411764705882351 -0.20300816192960802 0.08415935305890988
v 0.5151729444898066 -0.16514411440575175 0.11072428798834555
v 0.5411764705882351 -0.13970588235294112 0.1035533779088335
v 0.5218821804429702 -0.13970588235294112 0.11532907415495786
v 0.5008265744375515 -0.13970588235294112 0.12857142857142856
v 0.5422952299574676 -0.2047879144277969 0.0829107013062123
v 0.5574575536307399 -0.13970588235294112 0.09331714084594264
v -0.5411764705882353 -0.0962089817039356 0.11265973029660384
v -0.5411764705882353 -0.07352941176470584 0.11744005575876679
v -0.5239114979149172 -0.07352941176470584 0.12857142857142856
v -0.5117921547184039 -0.11096035595854097 0.12857142857142856
v 0.5309520068438868 -0.08353160455809014 0.1215540171195621
v 0.5411764705882351 -0.0962089817039355 0.11265973029660392
v 0.5411764705882351 -0.07352941176470584 0.11744005575876687
v 0.5327538092109493 -0.07352941176470584 0.12279065787459573
v 0.5239114979149172 -0.07352941176470584 0.12857142857142856
v 0.5142906779348624 -0.0998307306647444 0.12857142857142856
v 0.5600982122029192 -0.12119548294727202 0.09512951831318367
v 0.5676270262190782 -0.07352941176470584 0.10029680992054749
v -0.5411764705882353 -0.014444870577515916 0.12359582095990149
v -0.5411764705882353 -0.007352941176470562 0.12433856858181083
v -0.534746394759634 -0.007352941176470562 0.12857142857142856
v -0.5265455879467013 -0.059216591789292165 0.12857142857142856
v 0.5377028221958451 -0.010751075473373867 0.12618734069963292
v 0.5411764705882351 -0.014444870577515784 0.12359582095990158
v 0.5411764705882351 -0.007352941176470562 0.12433856858181092
v 0.5380063609480517 -0.007352941176470562 0.1263956700916753
v 0.534746394759634 -0.007352941176470562 0.12857142857142856
v 0.5333713845009557 -0.01498835147924401 0.12857142857142856
v 0.5695585202106426 -0.04576436322104652 0.10162246262904348
v 0.5725495907191649 -0.007352941176470562 0.10367534021408521
v -0.5411764705882353 0.05224570662046236 0.12395651162895928
v -0.5411764705882353 0.05882352941176472 0.1239080541820507
v -0.534092382857249 0.05882352941176472 0.12857142857142856
v -0.5346756750447526 -0.0009934672752375364 0.12857142857142856
v 0.5411764705882351 0.052245706620462476 0.12395651162895935
v 0.5377049518931905 0.05542747851443837 0.12618880238632024
v 0.5411764705882351 0.05882352941176472 0.12390805418205078
v 0.5376835538233411 0.05882352941176472 0.12617411613341117
v 0.534092382857249 0.05882352941176472 0.12857142857142856
v 0.5341687207638868 0.05196812197490222 0.12857142857142856
v 0.5724200275279705 0.023211408003705195 0.10358641640894867
v 0.5722249969702946 0.05882352941176472 0.10345256003240719
v -0.5411764705882353 0.1098642589301297 0.11795238483669415
v -0.5411764705882353 0.125 0.11614255891396719
v -0.5219006743025724 0.125 0.12857142857142856
v -0.5323505986727137 0.06745753454651401 0.12857142857142856
v 0.5411764705882351 0.1098642589301298 0.11795238483669421
v 0.5326305225748357 0.11663983346515264 0.12270604189142453
v 0.5411764705882351 0.125 0.11614255891396727
v 0.531769576819324 0.125 0.12211514433872864
v 0.5219006743025724 0.125 0.12857142857142856
v 0.5251425960786191 0.10931468797972342 0.12857142857142856
v 0.5700414436093346 0.08706100301936197 0.10195391005485391
v 0.5666434587553035 0.125 0.09962175274820523
v -0.5411764705882353 0.1618514692326265 0.107997380001303
v -0.5411764705882353 0.19117647058823528 0.1013731172491989
v -0.49732792930453595 0.19117647058823528 0.12857142857142856
v -0.5101665721593299 0.15533577020218992 0.12857142857142856
v 0.5411764705882351 0.1618514692326266 0.10799738000130307
v 0.5235789816883978 0.17396153579491608 0.11649364892278238
v 0.5411764705882351 0.19117647058823528 0.10137311724919898
v 0.5201953733297225 0.19117647058823528 0.11417135871387794
v 0.49732792930453595 0.19117647058823528 0.12857142857142856
v 0.5097534288486693 0.16043653845170341 0.12857142857142856
v 0.5634134502192306 0.14675356703032155 0.09740488353555889
v 0.5557885597893993 0.19117647058823528 0.09217165128402872
v -0.5411764705882353 0.21008721664749563 0.09541039644157626
v -0.4942758928269473 0.23705747057210386 0.11433238411566651
v -0.47352941176470575 0.23315982363035104 0.12857142857142856
v -0.47352941176470575 0.24919461142646365 0.12284764801666179
v -0.47352941176470575 0.25735294117647056 0.11987592886611192
v -0.45843600344400237 0.25735294117647056 0.12857142857142856
v 0.4682669638058055 0.2522048942601551 0.12495962422696595
v 0.47352941176470575 0.23315982363035104 0.12857142857142856
v 0.47352941176470575 0.24919461142646365 0.12284764801666179
v 0.47352941176470575 0.25735294117647056 0.11987592886611192
v 0.4665815428240334 0.25735294117647056 0.12380286013699193
v 0.45843600344400237 0.25735294117647056 0.12857142857142856
v 0.46458331083990706 0.24860132070655877 0.12857142857142856
v 0.5411764705882351 0.21008721664749572 0.09541039644157631
v 0.5112257214639545 0.22805329529402213 0.10801516907929803
v 0.5029143677870896 0.25735294117647056 0.10231079279797149
v 0.48942387919930475 0.20672540612208212 0.12857142857142856
v 0.5532323090811603 0.20297022563566203 0.09041720592216283
v -0.47352941176470575 0.2902814303287999 0.10524506699258657
v -0.47352941176470575 0.32352941176470584 0.09019948580819004
v -0.4097044060657763 0.31979044675151036 0.12594821819709143
v -0.40588235294117647 0.3189335999573861 0.12857142857142856
v -0.40588235294117647 0.32161790233161003 0.12723033782630422
v -0.40588235294117647 0.32352941176470584 0.1262587233514973
v -0.42078194628997423 0.32352941176470584 0.11834531015501765
v -0.4012943179054176 0.32352941176470584 0.12857142857142856
v 0.4045464055275965 0.3222225066862036 0.12765452056397142
v 0.4058823529411766 0.3189335999573861 0.12857142857142856
v 0.4058823529411766 0.32161790233161003 0.12723033782630422
v 0.4058823529411766 0.32352941176470584 0.12625872335149727
v 0.40392144110884026 0.32352941176470584 0.12722558535730952
v 0.4012943179054177 0.32352941176470584 0.12857142857142856
v 0.4036820343200806 0.32137692615711194 0.12857142857142856
v 0.47352941176470575 0.2902814303287999 0.10524506699258657
v 0.45093468497834555 0.3014258746910925 0.11306386764041729
v 0.47352941176470575 0.32352941176470584 0.09019948580819004
v 0.44178995477887467 0.32352941176470584 0.1067875155469916
v 0.43583639248645895 0.2866558059490295 0.12857142857142856
v 0.49600269724615403 0.2793376769735395 0.09756706860683247
v 0.4799832294767726 0.32352941176470584 0.08657234072784703
v -0.47352941176470575 0.3301474964183628 0.08678602129669256
v -0.40588235294117647 0.35820131070132566 0.10646822115870784
v -0.46205607149902916 0.33475333158982423 0.09001741676619412
v -0.40588235294117647 0.3897058823529411 0.08821823421360345
v -0.3500800980962843 0.3781185741129699 0.12044192025068684
v -0.3382352941176471 0.3746467922229475 0.12857142857142856
v -0.3382352941176471 0.38256944390123726 0.12356459397515376
v -0.3382352941176471 0.3897058823529411 0.1189967928605167
v -0.3793709182364276 0.3897058823529411 0.1003385933843152
v -0.3148626557009844 0.3897058823529411 0.12857142857142856
v 0.33281104886036095 0.3843995554708135 0.12484857701285645
v 0.33823529411764697 0.37464679222294756 0.12857142857142856
v 0.33823529411764697 0.38256944390123726 0.12356459397515379
v 0.33823529411764697 0.3897058823529411 0.1189967928605167
v 0.3294180391714625 0.3897058823529411 0.12251983433817773
v 0.31486265570098426 0.3897058823529411 0.12857142857142856
v 0.3294147201094711 0.38107705995363866 0.12857142857142856
v 0.4058823529411766 0.3582013107013256 0.1064682211587078
v 0.38281520305128847 0.36714019224326805 0.11273962693892775
v 0.4058823529411766 0.3897058823529411 0.0882182342136034
v 0.3702630771823096 0.3897058823529411 0.10412465856301367
v 0.36815304245032204 0.3527967742640618 0.12857142857142856
v 0.47352941176470575 0.3301474964183628 0.08678602129669256
v 0.4312166230668917 0.34831293688768805 0.0995306636577113
v 0.41100372674662755 0.3897058823529411 0.08565783730125669
v 0.4782334891921864 0.3281312266394152 0.08537143202320871
v -0.40588235294117647 0.39428316876293434 0.08535422316383647
v -0.39902090101582416 0.3964181722799162 0.08685211452019516
v -0.3382352941176471 0.4163541438224444 0.10083893899923878
v -0.30094329579553614 0.42618718505935393 0.10773767586703882
v -0.2705882352941176 0.41464062662434575 0.12857142857142856
v -0.2705882352941176 0.4347366406228962 0.11373586532590496
v -0.2705882352941176 0.4558823529411764 0.09800184061612303
v -0.21189051020473212 0.4471275699403835 0.12242918398991989
v -0.2029411764705883 0.4432402509037379 0.12857142857142856
v -0.2029411764705883 0.44917709202308115 0.12386710265746331
v -0.2029411764705883 0.4558823529411764 0.11852641734489466
v -0.2289810529277073 0.4558823529411764 0.11069933945023813
v -0.22657633120563264 0.43276100591776345 0.12857142857142856
v -0.15941318321274917 0.4558823529411764 0.12857142857142856
v 0.1971185497483825 0.45018630506075763 0.12457515370929345
v 0.2029411764705884 0.44324025090373786 0.12857142857142856
v 0.2029411764705884 0.4491770920230811 0.12386710265746328
v 0.2029411764705884 0.4558823529411764 0.1185264173448946
v 0.19191068280496043 0.4558823529411764 0.1210008102481249
v 0.15941318321274905 0.4558823529411764 0.12857142857142856
v 0.19332249521825284 0.446472773455196 0.12857142857142856
v 0.25315208467579575 0.43882524907542675 0.1166043810973629
v 0.2705882352941176 0.41464062662434575 0.12857142857142856
v 0.2705882352941176 0.4347366406228962 0.11373586532590496
v 0.2705882352941176 0.4558823529411764 0.09800184061612303
v 0.23950058029780844 0.4558823529411764 0.10723487032862
v 0.24210401278425311 0.42801735265978713 0.12857142857142856
v 0.33823529411764697 0.41635414382244446 0.1008389389992388
v 0.3070413413900184 0.4253665296206702 0.10716191443227972
v 0.2855787166503142 0.4558823529411764 0.09243135521651999
v 0.2874406807687774 0.4061919703172822 0.12857142857142856
v 0.4058823529411766 0.39428316876293434 0.08535422316383644
v 0.359028614698301 0.41004717422532 0.09641404921839908
v 0.40934182219674164 0.39309014575512435 0.08451721337105549
v -0.2705882352941176 0.46668245632598115 0.08972007253346612
v -0.2029411764705883 0.4799270408831812 0.09901230487359697
v -0.25698280308857746 0.4691920148813787 0.09148074694852283
v -0.1744601574991048 0.4837442193263233 0.10169038879719823
v -0.1352941176470588 0.4625072092870452 0.12857142857142856
v -0.1352941176470588 0.4894672869551024 0.10570562037167501
v -0.0978527872384449 0.49250974138438564 0.10784016776491819
v -0.0676470588235294 0.47362841830638 0.12857142857142856
v -0.0676470588235294 0.4952172377241658 0.10973971281600206
v -0.0676470588235294 0.5220588235294117 0.08631407182100964
v -0.12731027638159073 0.46369263244000386 0.12857142857142856
v -0.02628887332272451 0.4963414474528334 0.11052844408595612
v 0 0.47728571428571437 0.12857142857142856
v 0 0.4971374045801527 0.11108687749909127
v 0 0.5220588235294117 0.08913711826193904
v -0.061165404611630655 0.5220588235294117 0.08659144590319752
v -0.04854916324943642 0.47456507687235433 0.12857142857142856
v 0.04103532021740828 0.49602560097994536 0.11030685021132677
v 0.0676470588235294 0.47362841830638 0.12857142857142856
v 0.0676470588235294 0.4952172377241658 0.10973971281600206
v 0.0676470588235294 0.5220588235294117 0.08631407182100964
v 0.009591596283460027 0.5220588235294117 0.08872590925044921
v 0.020841944930018175 0.47627121211184636 0.12857142857142856
v 0.10479885418016122 0.49222650057266404 0.10764144960812305
v 0.1352941176470588 0.4625072092870452 0.12857142857142856
v 0.1352941176470588 0.4894672869551024 0.10570562037167501
v 0.07277726723510883 0.5220588235294117 0.08566390080422061
v 0.08344228331687484 0.47133420298901435 0.12857142857142856
v 0.2029411764705884 0.4799270408831812 0.09901230487359697
v 0.1655408515881309 0.48547154918787727 0.10290226149371709
v 0.14072591209163354 0.4611960648978256 0.12857142857142856
v 0.2705882352941176 0.46668245632598115 0.08972007253346612
v 0.22367979502292593 0.47617013195976754 0.09637650527970991
v 0.27954832744980984 0.4646476604847884 0.08829248560996263
v -0.0676470588235294 0.5247061078849243 0.08400015823037547
v -0.06487287801174754 0.5247726960626765 0.08404687565032226
v 0 0.5264790076335878 0.0852440021810251
v 0.0676470588235294 0.5247061078849243 0.08400015823037547
v 0.004410455287180767 0.5263733993538277 0.08516990875300288
v 0.0701693771105539 0.5245263088101966 0.0838740134827093
v -0.1352941176470588 -0.40441176470588236 0.13923178163069835
v -0.0676470588235294 -0.40441176470588236 0.1481743940146726
v -0.11595058755320242 -0.40441176470588236 0.14184757810789517
v 0 -0.40441176470588236 0.15124080882352947
v -0.03702075959482707 -0.40441176470588236 0.1495913420172149
v 0.0676470588235294 -0.40441176470588236 0.1481743940146726
v 0.030938465702634328 -0.40441176470588236 0.149805592920131
v 0.1352941176470588 -0.40441176470588236 0.13923178163069835
v 0.09147737223827959 -0.40441176470588236 0.14492701634987512
v 0.14708656902592854 -0.40441176470588236 0.1366650054494727
v -0.2705882352941176 -0.3382352941176471 0.1495808919658913
v -0.2029411764705883 -0.3382352941176471 0.17123735727744238
v -0.2130730530535345 -0.3382352941176471 0.16804613439493438
v -0.18876659530075304 -0.3905453266049566 0.1382999454612844
v -0.1352941176470588 -0.35611936912922776 0.17499999999999993
v -0.1877965245703031 -0.3382352941176471 0.17499999999999993
v -0.14935240316902168 -0.3519879647369586 0.17499999999999993
v -0.0676470588235294 -0.36959865650743073 0.17499999999999993
v -0.09479896265960175 -0.3647969391746744 0.17499999999999993
v 0 -0.37400000000000017 0.17499999999999993
v -0.034467379168996705 -0.37195338243514386 0.17499999999999993
v 0.0676470588235294 -0.36959865650743073 0.17499999999999993
v 0.03349033255163725 -0.3716494828618894 0.17499999999999993
v 0.1352941176470588 -0.35611936912922776 0.17499999999999993
v 0.11281771761948903 -0.36022307675331317 0.17499999999999993
v 0.18509241670590224 -0.3556960373657096 0.16274976426088308
v 0.2029411764705884 -0.3382352941176471 0.17123735727744233
v 0.1988759248110205 -0.3382352941176471 0.17220987386097975
v 0.187796524570303 -0.3382352941176471 0.17499999999999993
v 0.2705882352941176 -0.3382352941176471 0.1495808919658913
v 0.24507078934736537 -0.3382352941176471 0.15748647343406125
v 0.290228968078863 -0.3382352941176471 0.1420515588367352
v -0.40588235294117647 -0.2720588235294118 0.13011552786102265
v -0.3382352941176471 -0.2720588235294118 0.16084122593490557
v -0.399112307690004 -0.2720588235294118 0.1332179503121401
v -0.3236272201220286 -0.3239447869480203 0.13859746693488098
v -0.2705882352941176 -0.2963916763394664 0.17499999999999993
v -0.3047040657973836 -0.2720588235294118 0.17499999999999993
v -0.2857082260698173 -0.2868501188534658 0.17499999999999993
v -0.2029411764705883 -0.33261649487739 0.17499999999999993
v -0.2442585743459887 -0.31247801710317313 0.17499999999999993
v -0.19897659201596618 -0.3343568962816037 0.17499999999999993
v 0.2029411764705884 -0.33261649487738987 0.17499999999999993
v 0.2705882352941176 -0.2963916763394664 0.17499999999999993
v 0.21648700023218007 -0.3249839447856552 0.17499999999999993
v 0.3105801900651285 -0.2991127296677451 0.15601932299501056
v 0.33823529411764697 -0.2720588235294118 0.16084122593490557
v 0.3253101091200108 -0.2720588235294118 0.16612898793640496
v 0.3047040657973835 -0.2720588235294118 0.17499999999999993
v 0.4058823529411766 -0.2720588235294118 0.13011552786102257
v 0.36620750245454897 -0.2720588235294118 0.14776974547346372
v 0.40719380832552454 -0.2720588235294118 0.12947152683211458
v -0.40588235294117647 -0.2664808279319881 0.1324848794508909
v -0.40588235294117647 -0.20588235294117652 0.15837294073581223
v -0.3382352941176471 -0.24277288236568495 0.17499999999999993
v -0.3727648707599239 -0.20588235294117652 0.17499999999999993
v -0.35720383479751305 -0.2244385340410454 0.17499999999999993
v -0.32335484789919167 -0.2575018652722272 0.17499999999999993
v 0.33823529411764697 -0.242772882365685 0.17499999999999993
v 0.4058823529411766 -0.26648082793198835 0.1324848794508907
v 0.38244640230832316 -0.22880882638635913 0.15891507736068136
v 0.4058823529411766 -0.20588235294117652 0.1583729407358121
v 0.39173182666114736 -0.20588235294117652 0.16528799283265072
v 0.37276487075992387 -0.20588235294117652 0.17499999999999993
v 0.4078048515881593 -0.2701781183312765 0.12989090745646953
v 0.430430223668978 -0.20588235294117652 0.14541950133802523
v -0.47352941176470575 -0.13970588235294112 0.1435614915585407
v -0.4427197467588663 -0.17574246326155082 0.14971719244189605
v -0.40588235294117647 -0.15720612943394416 0.17499999999999993
v -0.4164437972481211 -0.13970588235294112 0.17499999999999993
v -0.41281846629811136 -0.1464912106368992 0.17499999999999993
v -0.38706855854893935 -0.18747755407920538 0.17499999999999993
v 0.4058823529411766 -0.15720612943394394 0.17499999999999993
v 0.4383395007793349 -0.17413079527341274 0.15084791823674848
v 0.47352941176470575 -0.13970588235294112 0.1435614915585407
v 0.4478551903209447 -0.13970588235294112 0.15737887286002725
v 0.4164437972481211 -0.13970588235294112 0.17499999999999993
v 0.4855425739805888 -0.13970588235294112 0.13681648711090108
v -0.47352941176470575 -0.10954870929978754 0.14972931823729185
v -0.47352941176470575 -0.07352941176470584 0.15722175832391116
v -0.44267476485643487 -0.07352941176470584 0.17499999999999993
v -0.43324135054306917 -0.10029364854916614 0.17499999999999993
v 0.47352941176470575 -0.10954870929978754 0.14972931823729185
v 0.45605262626140275 -0.09062626714837187 0.16300506336574538
v 0.47352941176470575 -0.07352941176470584 0.15722175832391116
v 0.45931368313118104 -0.07352941176470584 0.1652432421490404
v 0.44267476485643487 -0.07352941176470584 0.17499999999999993
v 0.422470043783088 -0.1234787934858538 0.17499999999999993
v 0.4875283381473643 -0.12601128045686213 0.13817938736201096
v 0.4961461714435599 -0.07352941176470584 0.14409411145660483
v -0.47352941176470575 -0.02580744486533848 0.1620525545547942
v -0.47352941176470575 -0.007352941176470562 0.16397451821184209
v -0.45481817636089084 -0.007352941176470562 0.17499999999999993
v -0.4478066902889966 -0.04836587988629466 0.17499999999999993
v 0.46390839558347885 -0.016764804832018664 0.16839675597499634
v 0.47352941176470575 -0.02580744486533848 0.1620525545547942
v 0.47352941176470575 -0.007352941176470562 0.16397451821184209
v 0.4648081886740285 -0.007352941176470562 0.16901431582906926
v 0.45481817636089084 -0.007352941176470562 0.17499999999999993
v 0.45031037655995 -0.03006721474634043 0.17499999999999993
v 0.4978126292234702 -0.04977409033765366 0.1452378604297731
v 0.5012750403439842 -0.007352941176470562 0.1476142357640389
v -0.47352941176470575 0.04255020291567284 0.16358284077575772
v -0.47352941176470575 0.05882352941176472 0.16347839563089028
v -0.4538944156858367 0.05882352941176472 0.17499999999999993
v -0.4545296815929981 0.011233751382808684 0.17499999999999993
v 0.47352941176470575 0.04255020291567284 0.16358284077575772
v 0.46445246627647846 0.049943908825455394 0.16877017095373212
v 0.47352941176470575 0.05882352941176472 0.16347839563089028
v 0.46439984546942775 0.05882352941176472 0.16873405543088055
v 0.4538944156858367 0.05882352941176472 0.17499999999999993
v 0.4541887214830259 0.03990328891881702 0.17499999999999993
v 0.5011296067147248 0.019647249535504653 0.14751441951538574
v 0.5009322199327946 0.05882352941176472 0.14737894597871928
v -0.47352941176470575 0.10153880699884262 0.15853992491029906
v -0.47352941176470575 0.125 0.15580939625421097
v -0.43981999804935 0.125 0.17499999999999993
v -0.44824377083873035 0.08355948249152331 0.17499999999999993
v 0.47352941176470575 0.10153880699884262 0.15853992491029906
v 0.4595868874117581 0.11136057400255117 0.16543075191925014
v 0.47352941176470575 0.125 0.15580939625421097
v 0.4581080277360837 0.125 0.164415758166691
v 0.43981999804935 0.125 0.17499999999999993
v 0.4461357905719297 0.09820189231141466 0.17499999999999993
v 0.4989492911830924 0.0836908027558386 0.14601799177473115
v 0.49513559004080027 0.125 0.1434005136615431
v -0.47352941176470575 0.15470305042192026 0.14941071156585511
v -0.47352941176470575 0.19117647058823528 0.1414391977832448
v -0.411440191567074 0.19117647058823528 0.17499999999999993
v -0.41501167899212554 0.18224560814708943 0.17499999999999993
v 0.47352941176470575 0.15470305042192026 0.14941071156585511
v 0.4505445856827184 0.16869131463846496 0.15922470011143094
v 0.47352941176470575 0.19117647058823528 0.1414391977832448
v 0.44591569717324053 0.19117647058823528 0.15604773004747252
v 0.411440191567074 0.19117647058823528 0.17499999999999993
v 0.43065119561080717 0.14923038956811696 0.17499999999999993
v 0.4923484863653804 0.14340996428326871 0.14148762573524565
v 0.48391919556495405 0.19117647058823528 0.13570230503060518
v -0.47352941176470575 0.20398608287854678 0.13755848989256772
v -0.44670777642517767 0.2174150268986432 0.1469800664907941
v -0.40588235294117647 0.1999769012057715 0.17499999999999993
v -0.40588235294117647 0.23835945320370178 0.16167441002545424
v -0.40588235294117647 0.25735294117647056 0.15497223844122732
v -0.36483427729759366 0.25735294117647056 0.17499999999999993
v 0.3930023035750849 0.24475289288355487 0.16615996611830353
v 0.4058823529411766 0.19997690120577133 0.17499999999999993
v 0.4058823529411766 0.23835945320370172 0.16167441002545418
v 0.4058823529411766 0.25735294117647056 0.15497223844122726
v 0.3886527361373567 0.25735294117647056 0.16317470399489378
v 0.36483427729759366 0.25735294117647056 0.17499999999999993
v 0.3830363414932667 0.23500358215134143 0.17499999999999993
v 0.47352941176470575 0.20398608287854678 0.13755848989256772
v 0.43806738752854574 0.22266183051066174 0.1506611572789087
v 0.42787157829561195 0.25735294117647056 0.14366341243270253
v 0.4094720061292954 0.19468808783748195 0.17499999999999993
v 0.4820844354048135 0.1995455154535581 0.13444304417535344
v -0.40588235294117647 0.2807970780920528 0.1450195373280751
v -0.3659131859324692 0.2964532132502059 0.15600368294696987
v -0.3382352941176471 0.2848268035768357 0.17499999999999993
v -0.3382352941176471 0.3077941756192974 0.16396035813290386
v -0.3382352941176471 0.32352941176470584 0.15628828847654186
v -0.2922225941134115 0.32352941176470584 0.17499999999999993
v 0.32662996006716477 0.3121763675848863 0.16703484836907895
v 0.33823529411764697 0.28482680357683576 0.17499999999999993
v 0.33823529411764697 0.3077941756192974 0.16396035813290388
v 0.33823529411764697 0.32352941176470584 0.1562882884765419
v 0.320935552156196 0.32352941176470584 0.16312657461651964
v 0.29222259411341145 0.32352941176470584 0.17499999999999993
v 0.31819779075183785 0.30392750629815346 0.17499999999999993
v 0.4058823529411766 0.28079707809205273 0.1450195373280751
v 0.375381326947515 0.2936914515535153 0.15406606601056147
v 0.3625951812707319 0.32352941176470584 0.1452904815553781
v 0.3526039522915981 0.2714092372162053 0.17499999999999993
v 0.42263910150281203 0.2737454125954618 0.1400721783606256
v -0.3382352941176471 0.3458815531810477 0.14425340715241758
v -0.30574076541795747 0.35531753766657603 0.15087357404543905
v -0.2705882352941176 0.33854192968193647 0.17499999999999993
v -0.2705882352941176 0.3662072506653078 0.15851365840327944
v -0.2705882352941176 0.3897058823529411 0.14437139482809175
v -0.21311379930008564 0.37975440349799805 0.16801816880335735
v -0.2029411764705883 0.37448796700741344 0.17499999999999993
v -0.2029411764705883 0.3823636716022669 0.16984879817174914
v -0.2029411764705883 0.3897058823529411 0.16501391162657594
v -0.22891170120622392 0.3897058823529411 0.15717550942057298
v -0.2383068052868232 0.3551090715544504 0.17499999999999993
v -0.1607299710352166 0.3897058823529411 0.17499999999999993
v 0.19670265892259414 0.3836029847516424 0.17071828454004118
v 0.2029411764705884 0.3744879670074134 0.17499999999999993
v 0.2029411764705884 0.38236367160226686 0.1698487981717491
v 0.2029411764705884 0.3897058823529411 0.1650139116265759
v 0.19202868978838067 0.3897058823529411 0.1675103740473046
v 0.16072997103521655 0.3897058823529411 0.17499999999999993
v 0.19209819332934414 0.37909861623650654 0.17499999999999993
v 0.25167050876908237 0.3711994107523631 0.1620160945278484
v 0.2705882352941176 0.33854192968193647 0.17499999999999993
v 0.2705882352941176 0.3662072506653078 0.15851365840327944
v 0.2705882352941176 0.3897058823529411 0.14437139482809175
v 0.23945877525604992 0.3897058823529411 0.15363474947697828
v 0.2380094700112412 0.3578353510979533 0.17499999999999993
v 0.33823529411764697 0.34588155318104774 0.1442534071524176
v 0.30444720281122944 0.35665231477057613 0.151810036712055
v 0.28557646510893114 0.3897058823529411 0.1388583813325273
v 0.2800140918402324 0.33275035838590517 0.17499999999999993
v 0.35533835687053095 0.34026066880557054 0.14030986605089238
v -0.2705882352941176 0.4015627222250339 0.13689003686264284
v -0.2029411764705883 0.4161039899104944 0.14709200561974373
v -0.25530662746755073 0.4046552813137131 0.13905973704866853
v -0.17113714247236292 0.42081852430772676 0.15039966308573846
v -0.1352941176470588 0.3981627051641978 0.17499999999999993
v -0.1352941176470588 0.4266540406963323 0.15449378728218868
v -0.1352941176470588 0.4558823529411764 0.13340130183432936
v -0.09368146028012542 0.4304139167336368 0.15713166856550392
v -0.0676470588235294 0.41160334692482425 0.17499999999999993
v -0.0676470588235294 0.4330396496635729 0.1589738494465067
v -0.0676470588235294 0.4558823529411764 0.14188398828670307
v -0.12663440209381116 0.4558823529411764 0.13451489794182522
v -0.12472085307671546 0.4000492933456683 0.17499999999999993
v -0.021934914283552417 0.4344242846203099 0.15994529174948727
v 0 0.4160000000000001 0.17499999999999993
v 0 0.43517602848101267 0.16047270569620253
v 0 0.4558823529411764 0.14478609625668457
v -0.046924615181950666 0.4558823529411764 0.14279397529437543
v -0.04383369466407281 0.4130015646828443 0.17499999999999993
v 0.045090306929771735 0.43381596521902216 0.1595185025822346
v 0.0676470588235294 0.41160334692482425 0.17499999999999993
v 0.0676470588235294 0.4330396496635729 0.1589738494465067
v 0.0676470588235294 0.4558823529411764 0.14188398828670307
v 0.022201281421555384 0.4558823529411764 0.143808954019142
v 0.02537165831006816 0.41452598287366 0.17499999999999993
v 0.1082389910157066 0.42941538123659273 0.15643110874059363
v 0.1352941176470588 0.3981627051641978 0.17499999999999993
v 0.1352941176470588 0.4266540406963323 0.15449378728218868
v 0.1352941176470588 0.4558823529411764 0.13340130183432936
v 0.08396594602637455 0.4558823529411764 0.1397716586081639
v 0.08666626121107347 0.40831162381901687 0.17499999999999993
v 0.2029411764705884 0.4161039899104944 0.1470920056197437
v 0.16816919675623954 0.4218662858293135 0.1511347592643755
v 0.1406990326555493 0.4558823529411764 0.13228101309588944
v 0.14197482011436943 0.3962413521579189 0.17499999999999993
v 0.2705882352941176 0.4015627222250339 0.13689003686264284
v 0.22538108086452424 0.41165796273831323 0.14397272941322928
v 0.28027263726525564 0.3991797538464458 0.13521817650814133
v -0.1352941176470588 0.4592600982339496 0.1309412117768345
v -0.1315401816780631 0.45955468160649826 0.13114788773027342
v -0.0676470588235294 0.46505355918428565 0.13500583041183217
v 0 0.4669946598101266 0.13636768196202534
v -0.05801318557021894 0.46530679416724097 0.13518349686019132
v 0.0676470588235294 0.46505355918428565 0.13500583041183217
v 0.011062864568324065 0.46670472045366734 0.13616426419130315
v 0.1352941176470588 0.4592600982339496 0.1309412117768345
v 0.07633132043931935 0.46437782626097096 0.1345317447735701
v 0.13834887938238305 0.45887070681268927 0.13066801970033123
v -0.1352941176470588 -0.3382352941176471 0.18815275743031
v -0.0676470588235294 -0.3382352941176471 0.19912177420190502
v -0.10999903072259126 -0.3382352941176471 0.1923609136966066
v 0 -0.3382352941176471 0.2029411764705883
v -0.02927520975967128 -0.3382352941176471 0.2013359585189834
v 0.0676470588235294 -0.3382352941176471 0.19912177420190502
v 0.037540090328934024 -0.3382352941176471 0.20076509305184606
v 0.1352941176470588 -0.3382352941176471 0.18815275743031
v 0.09586459649432204 -0.3382352941176471 0.19436669510945706
v 0.14913737344367525 -0.3382352941176471 0.1845011165560628
v -0.2705882352941176 -0.2720588235294118 0.18940007862765365
v -0.2029411764705883 -0.2720588235294118 0.21485845731483322
v -0.22376756435739176 -0.2720588235294118 0.20713468409011318
v -0.18879348005601643 -0.3243951563207833 0.18471006493049802
v -0.1352941176470588 -0.29199531425425745 0.22142857142857153
v -0.1813187126190221 -0.2720588235294118 0.22142857142857153
v -0.15011882040331942 -0.2865612501387972 0.22142857142857153
v -0.0676470588235294 -0.3090602938407271 0.22142857142857153
v -0.09851605641054692 -0.30225675595149415 0.22142857142857153
v 0 -0.3145714285714285 0.22142857142857153
v -0.040393615460044496 -0.3115743169142379 0.22142857142857153
v 0.0676470588235294 -0.3090602938407271 0.22142857142857153
v 0.026661406446813075 -0.312153483463156 0.22142857142857153
v 0.1352941176470588 -0.29199531425425745 0.22142857142857153
v 0.10860837105568752 -0.2981644451948837 0.22142857142857153
v 0.1800206918646512 -0.29448103673087206 0.2056974313729438
v 0.2029411764705884 -0.2720588235294118 0.21485845731483316
v 0.19620447963879722 -0.2720588235294118 0.2168049378887397
v 0.18131871261902205 -0.2720588235294118 0.22142857142857153
v 0.2705882352941176 -0.2720588235294118 0.18940007862765365
v 0.24002372972459274 -0.2720588235294118 0.20045106915880434
v 0.28336596459284324 -0.2720588235294118 0.18376980799695145
v -0.3382352941176471 -0.20588235294117652 0.19216367401121495
v -0.28327823073296265 -0.21829647891395976 0.21271897828576167
v -0.2705882352941176 -0.21200962340212703 0.22142857142857153
v -0.27715493393360385 -0.20588235294117652 0.22142857142857153
v -0.27398399837833387 -0.2092042950887794 0.22142857142857153
v -0.2029411764705883 -0.2613384171955972 0.22142857142857153
v -0.2373387343487763 -0.23953213782201266 0.22142857142857153
v -0.19614684095273127 -0.26541219095759516 0.22142857142857153
v 0.2029411764705884 -0.2613384171955971 0.22142857142857153
v 0.2705882352941176 -0.21200962340212703 0.22142857142857153
v 0.24773410845687585 -0.22823965093413046 0.22142857142857153
v 0.2923327863951836 -0.2507869800609776 0.1899240552588062
v 0.33823529411764697 -0.20588235294117652 0.192163674011215
v 0.3127178680970073 -0.20588235294117652 0.20391505853862935
v 0.27715493393360385 -0.20588235294117652 0.22142857142857153
v 0.35251457371465666 -0.20588235294117652 0.18480037512714015
v -0.40588235294117647 -0.13970588235294112 0.18069816388220608
v -0.3382352941176471 -0.15286091357432674 0.21219916857166288
v -0.3382352941176471 -0.13970588235294112 0.21722071835822732
v -0.3665418456426933 -0.13970588235294112 0.202000782959518
v -0.33031389294993374 -0.13970588235294112 0.22142857142857153
v -0.3059784978612706 -0.17432679138602564 0.22142857142857153
v 0.3327560759360293 -0.14506598709582796 0.21766799000578424
v 0.33823529411764697 -0.15286091357432668 0.2121991685716629
v 0.33823529411764697 -0.13970588235294112 0.21722071835822732
v 0.33472610238798384 -0.13970588235294112 0.21902008890603875
v 0.33031389294993363 -0.13970588235294112 0.22142857142857153
v 0.29933141395096596 -0.17776402599425956 0.22142857142857153
v 0.3577595257835005 -0.18678256109414593 0.1884001714228373
v 0.4058823529411766 -0.13970588235294112 0.18069816388220603
v 0.37222736715909943 -0.13970588235294112 0.19832996317441298
v 0.41046609827441344 -0.13970588235294112 0.1781459867038675
v -0.40588235294117647 -0.12779611309976713 0.18335574287286172
v -0.40588235294117647 -0.07352941176470584 0.19571432816891066
v -0.3382352941176471 -0.12401338723221514 0.22142857142857153
v -0.3610240743720778 -0.07352941176470584 0.22142857142857153
v -0.35478306736949466 -0.0897174508154263 0.22142857142857153
v -0.33325902741207764 -0.1348377953583623 0.22142857142857153
v 0.33823529411764697 -0.12401338723221518 0.22142857142857153
v 0.4058823529411766 -0.12779611309976724 0.18335574287286163
v 0.3797078361797558 -0.0991349172921826 0.2034640738997703
v 0.4058823529411766 -0.07352941176470584 0.1957143281689106
v 0.38519332741066514 -0.07352941176470584 0.20722896073837577
v 0.3610240743720778 -0.07352941176470584 0.22142857142857153
v 0.4112932179213224 -0.13441264487236365 0.17871366820065906
v 0.4222473613745501 -0.07352941176470584 0.1862318846701104
v -0.40588235294117647 -0.038499235694549154 0.19957672670318932
v -0.40588235294117647 -0.007352941176470562 0.20312987239594044
v -0.3748672271096429 -0.007352941176470562 0.22142857142857153
v -0.3692362566048334 -0.03767996969654414 0.22142857142857153
v 0.4058823529411766 -0.03849923569454925 0.19957672670318927
v 0.38965576080469644 -0.023226781309983673 0.21029168676347182
v 0.4058823529411766 -0.007352941176470562 0.20312987239594038
v 0.39136569547627503 -0.007352941176470562 0.21146527546663596
v 0.3748672271096429 -0.007352941176470562 0.22142857142857153
v 0.3663059903069415 -0.046068948101265626 0.22142857142857153
v 0.42354334267356153 -0.05625235659172054 0.18712136251818967
v 0.4279120262708075 -0.007352941176470562 0.19011974473865975
v -0.40588235294117647 0.03215641216298611 0.2027192605968887
v -0.40588235294117647 0.05882352941176472 0.20248182629559044
v -0.37359148891134564 0.05882352941176472 0.22142857142857153
v -0.37421359228559864 0.023627368160507773 0.22142857142857153
v 0.4058823529411766 0.03215641216298603 0.20271926059688863
v 0.3909405995578752 0.04420659675418732 0.21117351708785845
v 0.4058823529411766 0.05882352941176472 0.2024818262955904
v 0.3908166612504979 0.05882352941176472 0.2110884538396275
v 0.37359148891134564 0.05882352941176472 0.22142857142857153
v 0.37424667354289587 0.027875582174316287 0.22142857142857153
v 0.4277625320009208 0.014051581816757554 0.19001714152858226
v 0.427449690527615 0.05882352941176472 0.18980242734969843
v -0.40588235294117647 0.09190783965443677 0.19821153194803343
v -0.40588235294117647 0.125 0.19387409414798468
v -0.35705583648045713 0.125 0.22142857142857153
v -0.36249743738664375 0.10126529462815545 0.22142857142857153
v 0.4058823529411766 0.09190783965443669 0.19821153194803337
v 0.38601904899358597 0.10556850700779183 0.20779568269435558
v 0.4058823529411766 0.125 0.19387409414798462
v 0.38356899664459304 0.125 0.20611412502625798
v 0.35705583648045713 0.125 0.22142857142857153
v 0.367330334361704 0.08728606878095085 0.22142857142857153
v 0.42575181856025524 0.07826105012608087 0.18863711770750433
v 0.4208829375735567 0.125 0.18529543230980128
v -0.40588235294117647 0.14511125163982957 0.1891097987695312
v -0.40588235294117647 0.19117647058823528 0.17794199481217657
v -0.3577785307699539 0.17205808690663077 0.20801535621068387
v -0.3382352941176471 0.1634308500385741 0.22142857142857153
v -0.3382352941176471 0.1832040894137989 0.21583525003317328
v -0.3382352941176471 0.19117647058823528 0.21352785325335313
v -0.3872045023052586 0.19117647058823528 0.1878192701569498
v -0.32290017289939615 0.19117647058823528 0.22142857142857153
v 0.3330434060968127 0.18609744969828873 0.21786519486768838
v 0.33823529411764697 0.16343085003857427 0.22142857142857153
v 0.33823529411764697 0.18320408941379895 0.21583525003317333
v 0.33823529411764697 0.19117647058823528 0.21352785325335322
v 0.33156731181931176 0.19117647058823528 0.21685209910580108
v 0.32290017289939615 0.19117647058823528 0.22142857142857153
v 0.3289089243873923 0.1820528480260296 0.22142857142857153
v 0.4058823529411766 0.14511125163982952 0.18910979876953116
v 0.3764056885242647 0.16234060322386507 0.2011976930554736
v 0.4058823529411766 0.19117647058823528 0.17794199481217648
v 0.36960950308745905 0.19117647058823528 0.19653323037990203
v 0.35157699241082535 0.13805166137376143 0.22142857142857153
v 0.4188058510175546 0.13764255246602197 0.18386985426981223
v 0.40827052767580224 0.19117647058823528 0.17663908887065916
v -0.40588235294117647 0.19403171892520102 0.17700320597609337
v -0.40027074709220856 0.1966660850057039 0.1788514437659065
v -0.3382352941176471 0.22666618893323937 0.1998991357277648
v -0.3382352941176471 0.25735294117647056 0.18783727504516307
v -0.2744211388680361 0.25360336159328944 0.21879791400672063
v -0.2705882352941176 0.2521201413053423 0.22142857142857153
v -0.2705882352941176 0.2552992046082536 0.21998769593150502
v -0.2705882352941176 0.25735294117647056 0.21903710576850996
v -0.2809930239353612 0.25735294117647056 0.21428739661579252
v -0.26486122989395733 0.25735294117647056 0.22142857142857153
v 0.26910327314313126 0.25590026081137524 0.22040938933115545
v 0.2705882352941176 0.2521201413053423 0.22142857142857153
v 0.2705882352941176 0.2552992046082536 0.21998769593150502
v 0.2705882352941176 0.25735294117647056 0.21903710576850996
v 0.26838962640764463 0.25735294117647056 0.219919588310837
v 0.26486122989395733 0.25735294117647056 0.22142857142857153
v 0.2680314174994784 0.254851706377367 0.22142857142857153
v 0.33823529411764697 0.22666618893323942 0.19989913572776483
v 0.31688779275216183 0.23646951592762644 0.2067770254603348
v 0.33823529411764697 0.25735294117647056 0.1878372750451631
v 0.3085542989769346 0.25735294117647056 0.20105745364566016
v 0.3008408940347394 0.22077146283449575 0.22142857142857153
v 0.4058823529411766 0.19403171892520096 0.17700320597609331
v 0.3629726952797516 0.2153761021598593 0.19197815421374256
v 0.3490599285315326 0.25735294117647056 0.1824293298306482
v 0.4078216768651509 0.19307363529647106 0.17633102666831774
v -0.3382352941176471 0.2683916037552485 0.1827445854917775
v -0.2705882352941176 0.293156553923333 0.200119360054148
v -0.3206162173897042 0.2745889944972842 0.18709259613936446
v -0.2705882352941176 0.32352941176470584 0.18378181936390323
v -0.21843963736180222 0.30836787393634435 0.21079142901565756
v -0.2029411764705883 0.3012898466498491 0.22142857142857153
v -0.2029411764705883 0.3132526015273586 0.2142184918652263
v -0.2029411764705883 0.32352941176470584 0.20794226468907778
v -0.24354955444272125 0.32352941176470584 0.19355760393838073
v -0.15606974825557443 0.32352941176470584 0.22142857142857153
v 0.1945943778278288 0.3153640652663541 0.2156998680122676
v 0.2029411764705884 0.301289846649849 0.22142857142857153
v 0.2029411764705884 0.31325260152735857 0.21421849186522626
v 0.2029411764705884 0.32352941176470584 0.20794226468907773
v 0.1889107635919772 0.32352941176470584 0.2117990023410775
v 0.1560697482555744 0.32352941176470584 0.22142857142857153
v 0.18859059986238214 0.30949080421319974 0.22142857142857153
v 0.2705882352941176 0.293156553923333 0.200119360054148
v 0.24730683944973997 0.3007541332212929 0.2054497252123992
v 0.2705882352941176 0.32352941176470584 0.18378181936390323
v 0.23413558120034098 0.32352941176470584 0.19640982436420915
v 0.2306108746639453 0.2844211241917111 0.22142857142857153
v 0.33823529411764697 0.2683916037552485 0.18274458549177752
v 0.297730437936701 0.28390509593551955 0.19362865460872963
v 0.27850823100740835 0.32352941176470584 0.1804357734553952
v 0.3463054107806069 0.26524762052067047 0.18053880677799417
v -0.2705882352941176 0.3303800356940507 0.17980631075677844
v -0.2612458594805542 0.3326686924518874 0.18141200327576862
v -0.2029411764705883 0.3480283212852041 0.1921881238223178
v -0.17218364136860748 0.35361830479925227 0.19610998527185639
v -0.1352941176470588 0.33222601829479054 0.22142857142857153
v -0.1352941176470588 0.3609886834275119 0.20128094932533377
v -0.1352941176470588 0.3897058823529411 0.18105728107487673
v -0.09206544563603687 0.3658183300363577 0.20466936805725422
v -0.0676470588235294 0.34920857894184076 0.22142857142857153
v -0.0676470588235294 0.3688882973277877 0.2068232181252099
v -0.0676470588235294 0.3897058823529411 0.1913501422499993
v -0.12384957311485768 0.3897058823529411 0.1828547960919765
v -0.12376990091273182 0.33480310204828656 0.22142857142857153
v -0.019427850169911783 0.37070037675194045 0.20809455003866306
v 0 0.35471428571428554 0.22142857142857153
v 0 0.3715387658227847 0.208682753164557
v 0 0.3897058823529411 0.19491978609625674
v -0.041778121195384765 0.3897058823529411 0.19275476775099368
v -0.03927714390521071 0.35128258940219154 0.22142857142857153
v 0.047271064004258866 0.3697728439427852 0.20744380479795413
v 0.0676470588235294 0.34920857894184076 0.22142857142857153
v 0.0676470588235294 0.3688882973277877 0.2068232181252099
v 0.0676470588235294 0.3897058823529411 0.1913501422499993
v 0.026887895000316457 0.3897058823529411 0.19345411427040354
v 0.029693808514385564 0.35257770270269173 0.22142857142857153
v 0.10933035249429733 0.3643065468774136 0.2036087201901855
v 0.1352941176470588 0.33222601829479054 0.22142857142857153
v 0.1352941176470588 0.3609886834275119 0.20128094932533377
v 0.1352941176470588 0.3897058823529411 0.18105728107487673
v 0.08699287366944244 0.3897058823529411 0.18827771764269186
v 0.08918837306336035 0.3446024365645405 0.22142857142857153
v 0.2029411764705884 0.34802832128520406 0.19218812382231779
v 0.16770154621460032 0.3552323310155616 0.19724236556964803
v 0.14176526813398563 0.3897058823529411 0.17944137968202117
v 0.1418143342986578 0.3299078845760527 0.22142857142857153
v 0.2705882352941176 0.3303800356940507 0.17980631075677844
v 0.22307060738417894 0.34322124635408796 0.18881554109286808
v 0.2759788947182391 0.3288028829404769 0.17869980041220757
v -0.1352941176470588 0.3939822923532115 0.17800027495257062
v -0.13045320553347053 0.3944415572466688 0.17832248936988507
v -0.0676470588235294 0.4009984704989582 0.18292273644530083
v 0 0.4033573971518987 0.18457772943037976
v -0.05571484739732055 0.4013786978785802 0.18318949914655946
v 0.0676470588235294 0.4009984704989582 0.18292273644530083
v 0.013516302750629426 0.40292835243507863 0.18427671710524562
v 0.1352941176470588 0.3939822923532115 0.17800027495257062
v 0.07818011651987329 0.4000099605341471 0.18222921040649687
v 0.13907540467433596 0.39340496748832093 0.17759523115847278
v -0.1352941176470588 -0.2720588235294118 0.23754258504921466
v -0.0676470588235294 -0.2720588235294118 0.25260597483095
v -0.10064387589141396 -0.2720588235294118 0.24521025909316
v 0 -0.2720588235294118 0.2577880362671384
v -0.01654005959868548 -0.2720588235294118 0.2565051143748152
v 0.0676470588235294 -0.2720588235294118 0.25260597483095
v 0.04768641305739374 -0.2720588235294118 0.2541574449865963
v 0.1352941176470588 -0.2720588235294118 0.23754258504921466
v 0.10204900118715418 -0.2720588235294118 0.24503984242969282
v 0.1509430996576558 -0.2720588235294118 0.23216902181472654
v -0.2705882352941176 -0.20588235294117652 0.22536740449821105
v -0.2029411764705883 -0.20588235294117652 0.2608710364621516
v -0.2463921284088368 -0.20588235294117652 0.23803521621629525
v -0.18520198470918597 -0.25470526637151825 0.23360360676791903
v -0.1352941176470588 -0.2331907382244971 0.2678571428571428
v -0.18632281374640697 -0.20588235294117652 0.2678571428571428
v -0.15454530467294647 -0.224715035901284 0.2678571428571428
v -0.0676470588235294 -0.25377464527564136 0.2678571428571428
v -0.10620977818646649 -0.2436067523179628 0.2678571428571428
v 0 -0.2602857142857144 0.2678571428571428
v -0.05097384529616569 -0.25574807116568643 0.2678571428571428
v 0.0676470588235294 -0.25377464527564136 0.2678571428571428
v 0.013640990540037095 -0.2587143762619842 0.2678571428571428
v 0.1352941176470588 -0.2331907382244971 0.2678571428571428
v 0.0959751571827642 -0.24434655339537775 0.2678571428571428
v 0.18258482442494345 -0.22579617559452478 0.2538858577574922
v 0.2029411764705884 -0.20588235294117652 0.26087103646215154
v 0.1966631231489222 -0.20588235294117652 0.26354829259599927
v 0.18632281374640697 -0.20588235294117652 0.2678571428571428
v 0.2705882352941176 -0.20588235294117652 0.22536740449821105
v 0.23571621778265953 -0.20588235294117652 0.2439232426396514
v 0.27367605541172685 -0.20588235294117652 0.22354785169562635
v -0.2705882352941176 -0.18126578845328664 0.2386992404819799
v -0.2705882352941176 -0.13970588235294112 0.261266512646306
v -0.2029411764705883 -0.19472317711983642 0.2678571428571428
v -0.2597545381681101 -0.13970588235294112 0.2678571428571428
v -0.2334345830161456 -0.16953638875620383 0.2678571428571428
v -0.19678616401765078 -0.1998611451067811 0.2678571428571428
v 0.2029411764705884 -0.19472317711983633 0.2678571428571428
v 0.2705882352941176 -0.18126578845328664 0.2386992404819799
v 0.26093169699308116 -0.14915249590830285 0.2612295187436986
v 0.2705882352941176 -0.13970588235294112 0.261266512646306
v 0.2655287269806274 -0.13970588235294112 0.26438462317614486
v 0.2597545381681101 -0.13970588235294112 0.2678571428571428
v 0.2753978122763708 -0.20117733198027662 0.22472955438844097
v 0.30025474308434635 -0.13970588235294112 0.24178974602993966
v -0.3382352941176471 -0.07352941176470584 0.2384054963623326
v -0.32367101449390456 -0.12545821750362782 0.23142455216412147
v -0.2705882352941176 -0.12283260645631841 0.2678571428571428
v -0.29731294903777444 -0.07352941176470584 0.2678571428571428
v -0.28912963205153136 -0.0916677346795671 0.2678571428571428
v -0.2644901870054678 -0.1337404003314359 0.2678571428571428
v 0.2705882352941176 -0.12283260645631841 0.2678571428571428
v 0.3094612317109192 -0.10167795107563517 0.24810848511836386
v 0.33823529411764697 -0.07352941176470584 0.23840549636233266
v 0.3174628277370612 -0.07352941176470584 0.253600263757424
v 0.2973129490377744 -0.07352941176470584 0.2678571428571428
v 0.3502092397971926 -0.07352941176470584 0.2296467142707441
v -0.3382352941176471 -0.042600954280468416 0.24312758445719518
v -0.3382352941176471 -0.007352941176470562 0.2489925018765356
v -0.3126044432041679 -0.007352941176470562 0.2678571428571428
v -0.305664292627441 -0.0416664755242869 0.2678571428571428
v 0.33823529411764697 -0.042600954280468305 0.24312758445719526
v 0.32298220807661077 -0.022274438390527694 0.25738840989109
v 0.33823529411764697 -0.007352941176470562 0.24899250187653568
v 0.3251120870615135 -0.007352941176470562 0.2588502212440823
v 0.3126044432041679 -0.007352941176470562 0.2678571428571428
v 0.3043115594325071 -0.040539203368455234 0.2678571428571428
v 0.35136978744758524 -0.060680450898461934 0.23044323921092041
v 0.3576051944087307 -0.007352941176470562 0.23472281976499845
v -0.3382352941176471 0.029890038009533833 0.2475577726987523
v -0.3382352941176471 0.05882352941176472 0.2471127996579797
v -0.3087711804949633 0.05882352941176472 0.2678571428571428
v -0.3108593698113858 0.019427854340524145 0.2678571428571428
v 0.33823529411764697 0.02989003800953391 0.24755777269875237
v 0.32371918927294213 0.044622992063683906 0.2578942261780131
v 0.33823529411764697 0.05882352941176472 0.24711279965797975
v 0.3235262874475636 0.05882352941176472 0.25776183082581233
v 0.3087711804949633 0.05882352941176472 0.2678571428571428
v 0.3105578808757161 0.031747799066397575 0.2678571428571428
v 0.357186039202434 0.011185831189081941 0.2344351387072607
v 0.3566604713661865 0.05882352941176472 0.234074422894184
v -0.3382352941176471 0.08688624815875147 0.2411170185494733
v -0.3382352941176471 0.125 0.23411682322517582
v -0.2851649405563281 0.125 0.2678571428571428
v -0.29196117772588914 0.10409168675152784 0.2678571428571428
v 0.33823529411764697 0.08688624815875151 0.24111701854947332
v 0.31669340445747385 0.1039264122889611 0.25307218132019177
v 0.33823529411764697 0.125 0.23411682322517588
v 0.31316005265112773 0.125 0.2506471168816747
v 0.285164940556328 0.125 0.2678571428571428
v 0.30003064949074815 0.08762589112585982 0.2678571428571428
v 0.35459195078129985 0.07482460658272944 0.2326547239834388
v 0.34771026041728814 0.125 0.22793157624913266
v -0.3382352941176471 0.13704595561989524 0.22987986092697418
v -0.31054336655289 0.15208992913943623 0.24043452171369975
v -0.2705882352941176 0.14724087736195735 0.2678571428571428
v -0.2705882352941176 0.1751492183274288 0.2566126261916246
v -0.2705882352941176 0.19117647058823528 0.2507052231225665
v -0.2354316604263429 0.19117647058823528 0.2678571428571428
v 0.26012483170513917 0.1809405322946694 0.2606757385305458
v 0.2705882352941176 0.14724087736195735 0.2678571428571428
v 0.2705882352941176 0.1751492183274288 0.2566126261916246
v 0.2705882352941176 0.19117647058823528 0.2507052231225665
v 0.25628968529698515 0.19117647058823528 0.2580435417721544
v 0.2354316604263429 0.19117647058823528 0.2678571428571428
v 0.2525182154929636 0.17349927730449766 0.2678571428571428
v 0.33823529411764697 0.1370459556198953 0.2298798609269742
v 0.3044905639665224 0.15816532152735258 0.24469693986522198
v 0.29453730319190413 0.19117647058823528 0.23786566461307718
v 0.2800461588375672 0.13425231650989639 0.2678571428571428
v 0.3459948275480096 0.1325908479210069 0.2267542139382303
v -0.2705882352941176 0.21559937033259996 0.2385633677571575
v -0.23190979792951738 0.22901407235795293 0.24797495235272257
v -0.2029411764705883 0.218943151633028 0.2678571428571428
v -0.2029411764705883 0.24046481331822872 0.2560086468042176
v -0.2029411764705883 0.25735294117647056 0.2471255750066755
v -0.13691716454543462 0.25735294117647056 0.2678571428571428
v 0.19008594682841834 0.24477717304826074 0.2590341436306845
v 0.2029411764705884 0.21894315163302785 0.2678571428571428
v 0.2029411764705884 0.24046481331822864 0.25600864680421753
v 0.2029411764705884 0.25735294117647056 0.24712557500667542
v 0.18262741318990847 0.25735294117647056 0.25391508793468864
v 0.13691716454543462 0.25735294117647056 0.2678571428571428
v 0.1802880650925113 0.2351922887413952 0.2678571428571428
v 0.2705882352941176 0.21559937033259996 0.2385633677571575
v 0.24089987953059788 0.22830998445128817 0.24748097321820536
v 0.22674744131566957 0.25735294117647056 0.23776765382224524
v 0.21921192314090832 0.20709350537441784 0.2678571428571428
v 0.2883595745561709 0.20856147638807002 0.23362567073575713
v -0.2029411764705883 0.27718835792460456 0.2353448479407544
v -0.17740778854089417 0.2823312554555191 0.23895303954180871
v -0.1352941176470588 0.2581392203530423 0.2678571428571428
v -0.1352941176470588 0.29260228121633214 0.24615906078987118
v -0.1352941176470588 0.32352941176470584 0.22698792756718625
v -0.09415328831461102 0.29759940465386514 0.24966497913810856
v -0.0676470588235294 0.2783556107002576 0.2678571428571428
v -0.0676470588235294 0.3017144213961482 0.2525520226303135
v -0.0676470588235294 0.32352941176470584 0.23832314486823342
v -0.12472147813892777 0.32352941176470584 0.22868494823384156
v -0.13420425218203144 0.2584191139139973 0.2678571428571428
v -0.020355290347596908 0.3036166277290132 0.2538865864384505
v 0 0.284857142857143 0.2678571428571428
v 0 0.3047164566345441 0.2546582124324897
v 0 0.32352941176470584 0.24215471464659488
v -0.04091007119000492 0.32352941176470584 0.2397791126304625
v -0.044179570755941346 0.2803102664599806 0.2678571428571428
v 0.04653100458248036 0.3028724021810709 0.25336444724449736
v 0.0676470588235294 0.2783556107002576 0.2678571428571428
v 0.0676470588235294 0.3017144213961482 0.2525520226303135
v 0.0676470588235294 0.32352941176470584 0.23832314486823342
v 0.02799017731912233 0.32352941176470584 0.24063922107927344
v 0.02595405890395631 0.28274278140860176 0.2678571428571428
v 0.1081622153902942 0.29698733347004486 0.24923555776787276
v 0.1352941176470588 0.2581392203530423 0.2678571428571428
v 0.1352941176470588 0.29260228121633214 0.24615906078987118
v 0.1352941176470588 0.32352941176470584 0.22698792756718625
v 0.08765735458393217 0.32352941176470584 0.23516234584797835
v 0.0848642400910119 0.27419583589465996 0.2678571428571428
v 0.2029411764705884 0.2771883579246045 0.23534484794075433
v 0.16545609851630988 0.2868592268094335 0.2421298067456661
v 0.1412212381852608 0.32352941176470584 0.22549656409609525
v 0.13586353672970813 0.25790998158341016 0.2678571428571428
v 0.21895569497169662 0.273019317971033 0.2324199024495185
v -0.1352941176470588 0.32766564181768726 0.22433049791018703
v -0.13058570275071132 0.32813546981548053 0.224660123267369
v -0.0676470588235294 0.335948240094471 0.23014146368532737
v 0 0.3386999629355077 0.23207203748808647
v -0.05450764238973287 0.33638318871081113 0.23044661811139458
v 0.0676470588235294 0.335948240094471 0.23014146368532737
v 0.015004983257443672 0.3382081997339442 0.2317270226704816
v 0.1352941176470588 0.32766564181768726 0.22433049791018703
v 0.0791964498690215 0.3348277290918177 0.22935532739457695
v 0.13893046565924141 0.3270867087331454 0.2239243258096037
v -0.1352941176470588 -0.20588235294117652 0.28966359942914216
v -0.0676470588235294 -0.20588235294117652 0.3082902105176111
v -0.08243784062699674 -0.20588235294117652 0.30413427708519786
v -0.0020145936596212694 -0.2078531510864582 0.31290302733299286
v 0 -0.20642857142857143 0.3142857142857143
v 0 -0.20881650750341046 0.3122271487039565
v -0.004954560724777443 -0.20588235294117652 0.3142857142857143
v -0.0005139971984689795 -0.20638517628750486 0.3142857142857143
v 0.0676470588235294 -0.20588235294117652 0.3082902105176111
v 0.060021714203420354 -0.20588235294117652 0.30905217030731646
v 0.004954560724777439 -0.20588235294117652 0.3142857142857143
v 0.1352941176470588 -0.20588235294117652 0.28966359942914216
v 0.10997086834614152 -0.20588235294117652 0.2969054717530971
v 0.1551977175067552 -0.20588235294117652 0.28151768810246236
v -0.2029411764705883 -0.13970588235294112 0.30372882259065265
v -0.1877092409459521 -0.19098154644968457 0.27831135947498314
v -0.1352941176470588 -0.1726697416767235 0.3142857142857143
v -0.18287767096931265 -0.13970588235294112 0.3142857142857143
v -0.15683461641638863 -0.16077810940989423 0.3142857142857143
v -0.0676470588235294 -0.19861591094806663 0.3142857142857143
v -0.11281398723526709 -0.18389092101659762 0.3142857142857143
v -0.06129746707310215 -0.19967079579401942 0.3142857142857143
v 0.0676470588235294 -0.19861591094806663 0.3142857142857143
v 0.1352941176470588 -0.1726697416767235 0.3142857142857143
v 0.08116349757147473 -0.19265974981818648 0.3142857142857143
v 0.18123360051935014 -0.16094155447915245 0.299387036381293
v 0.2029411764705884 -0.13970588235294112 0.30372882259065265
v 0.19436256481438077 -0.13970588235294112 0.3083979093912364
v 0.18287767096931268 -0.13970588235294112 0.3142857142857143
v 0.23063586519449614 -0.13970588235294112 0.2868649882235516
v -0.2705882352941176 -0.07352941176470584 0.28821085828272813
v -0.25446740176279825 -0.12393550172447654 0.27892144164727195
v -0.2029411764705883 -0.11815713442356846 0.3142857142857143
v -0.23409840440614646 -0.07352941176470584 0.3142857142857143
v -0.22303299860254683 -0.09318445515466531 0.3142857142857143
v -0.19366746232778 -0.13063377069149826 0.3142857142857143
v 0.2029411764705884 -0.11815713442356834 0.3142857142857143
v 0.24241301078026234 -0.10109213139782518 0.29494806019390674
v 0.2705882352941176 -0.07352941176470584 0.28821085828272813
v 0.2522871950711709 -0.07352941176470584 0.3017250624556794
v 0.23409840440614646 -0.07352941176470584 0.3142857142857143
v 0.28491149803503796 -0.07352941176470584 0.27768770517311614
v -0.2705882352941176 -0.03481098464817822 0.29502149965953206
v -0.2705882352941176 -0.007352941176470562 0.30032340929976903
v -0.25177393350922483 -0.007352941176470562 0.3142857142857143
v -0.24282764161970927 -0.04637230925713244 0.3142857142857143
v 0.2705882352941176 -0.03481098464817822 0.29502149965953206
v 0.25906565732340747 -0.018625028321730484 0.30637736108221447
v 0.2705882352941176 -0.007352941176470562 0.30032340929976903
v 0.2610094031670218 -0.007352941176470562 0.30771142267053364
v 0.25177393350922483 -0.007352941176470562 0.3142857142857143
v 0.2439812811796811 -0.03338148324494112 0.3142857142857143
v 0.28646519870569537 -0.05799759973164062 0.27875406495018223
v 0.29330876513965276 -0.007352941176470562 0.2834510468815629
v -0.2705882352941176 0.03393336227281428 0.29682308908664107
v -0.2705882352941176 0.05882352941176472 0.29562847758566413
v -0.2432406868401969 0.05882352941176472 0.3142857142857143
v -0.24852283832579164 0.014232773249065727 0.3142857142857143
v 0.2705882352941176 0.03393336227281428 0.29682308908664107
v 0.257883204417267 0.04639469485832385 0.30556580178949067
v 0.2705882352941176 0.05882352941176472 0.29562847758566413
v 0.2573225335841644 0.05882352941176472 0.30518099354689543
v 0.2432406868401969 0.05882352941176472 0.3142857142857143
v 0.24686499561088346 0.035616012330339966 0.3142857142857143
v 0.29229541022287325 0.01388233864513826 0.28275554552563664
v 0.2907309494082557 0.05882352941176472 0.2816818006808215
v -0.2705882352941176 0.08638711860379408 0.2871954070204396
v -0.2705882352941176 0.125 0.27727377381069873
v -0.2060589666900163 0.125 0.3142857142857143
v -0.2091326935233796 0.1189430811440085 0.3142857142857143
v 0.2705882352941176 0.08638711860379408 0.2871954070204396
v 0.24778039736518664 0.10268798463474142 0.2986318876326281
v 0.2705882352941176 0.125 0.27727377381069873
v 0.24215224163263072 0.125 0.2947690850956875
v 0.20605896669001633 0.125 0.3142857142857143
v 0.23095207616218372 0.08622549650136892 0.3142857142857143
v 0.28768204658660096 0.07554573611093328 0.2795892307317976
v 0.27786387774389054 0.125 0.2728506738552789
v -0.2705882352941176 0.13315297532188747 0.2735771668131337
v -0.2559183345354125 0.1393509898726463 0.2779256151169994
v -0.2029411764705883 0.12830613620362 0.3142857142857143
v -0.2029411764705883 0.16471443191034116 0.2957202839751917
v -0.2029411764705883 0.19117647058823528 0.28344716330334047
v -0.1431339505169568 0.1835070688676829 0.30890495942780294
v -0.1352941176470588 0.1808601041027844 0.3142857142857143
v -0.1352941176470588 0.1865297750934996 0.3110256517322648
v -0.1352941176470588 0.19117647058823528 0.308525508416713
v -0.1542447143478957 0.19117647058823528 0.30127924884818336
v -0.18867305768023054 0.13895794229491515 0.3142857142857143
v -0.11101477355242063 0.19117647058823528 0.3142857142857143
v 0.1316315082607441 0.18759348314510138 0.31177193579386475
v 0.1352941176470588 0.1808601041027844 0.3142857142857143
v 0.1352941176470588 0.1865297750934996 0.3110256517322648
v 0.1352941176470588 0.19117647058823528 0.308525508416713
v 0.12924135843669535 0.19117647058823528 0.3101314913494089
v 0.11101477355242063 0.19117647058823528 0.3142857142857143
v 0.12870923437262893 0.18473473695020606 0.3142857142857143
v 0.18417675076566917 0.17281996718124915 0.30140702459382873
v 0.2029411764705884 0.12830613620361989 0.3142857142857143
v 0.2029411764705884 0.16471443191034107 0.2957202839751917
v 0.2029411764705884 0.19117647058823528 0.2834471633033404
v 0.17462491790361162 0.19117647058823528 0.2948512635301184
v 0.17018633934847235 0.15913369514268708 0.3142857142857143
v 0.2705882352941176 0.13315297532188747 0.2735771668131337
v 0.23218623992353352 0.15360930120396815 0.28792906528913315
v 0.21675153307139275 0.19117647058823528 0.2773356795303657
v 0.20469934651633592 0.1267199489577965 0.3142857142857143
v 0.2762212098388048 0.1305105185763245 0.271723252715453
v -0.2029411764705883 0.20334591263747384 0.2763950688662911
v -0.1352941176470588 0.2219949094782953 0.2894789682371532
v -0.18664954122445387 0.20711393985075807 0.27903866891116674
v -0.1352941176470588 0.25735294117647056 0.2683526511024649
v -0.09858807468301187 0.22708455609654205 0.29304979967408185
v -0.0676470588235294 0.206453174619792 0.3142857142857143
v -0.0676470588235294 0.23293270300273225 0.297152785281282
v -0.0676470588235294 0.25735294117647056 0.28151764687395997
v -0.13431524862344574 0.25735294117647056 0.2685289753236598
v -0.02288171424110747 0.23496865550582194 0.2985811837040846
v 0 0.21428571428571427 0.3142857142857143
v 0 0.2365113992502919 0.29966355312480797
v 0 0.25735294117647056 0.28595201238390094
v -0.04580100953893325 0.25735294117647056 0.2828508599127197
v -0.05035524499944201 0.20809237541614684 0.3142857142857143
v 0.04432990021785785 0.23454267732309622 0.298282322820331
v 0.0676470588235294 0.206453174619792 0.3142857142857143
v 0.0676470588235294 0.23293270300273225 0.297152785281282
v 0.0676470588235294 0.25735294117647056 0.28151764687395997
v 0.024232762946691733 0.25735294117647056 0.2844889459975741
v 0.021596784079872262 0.21230375936202336 0.3142857142857143
v 0.1352941176470588 0.2219949094782953 0.2894789682371532
v 0.10531261409203285 0.22802320943785823 0.29370834693894177
v 0.1352941176470588 0.25735294117647056 0.2683526511024649
v 0.08350855494312596 0.25735294117647056 0.27874344920009575
v 0.07986899685084291 0.2031327143106072 0.3142857142857143
v 0.2029411764705884 0.20334591263747379 0.2763950688662911
v 0.16116066004172563 0.21648069684388754 0.28561026667460043
v 0.1358085181012623 0.25735294117647056 0.26821019410055574
v 0.21251652591677786 0.20054366026385545 0.2744290441851176
v -0.1352941176470588 0.2577231915259014 0.26811690580071174
v -0.1348682065309452 0.2577695933552773 0.2681494607349723
v -0.0676470588235294 0.26744274367904636 0.27493602016847374
v 0 0.27066306151293557 0.27719535426780556
v -0.056940090271788334 0.2678271495423042 0.27520571444079117
v 0.0676470588235294 0.26744274367904636 0.27493602016847374
v 0.01313109629588336 0.27019857885722603 0.2768694791347522
v 0.1352941176470588 0.2577231915259014 0.26811690580071174
v 0.07696507299176496 0.2664683898193097 0.27425242587322995
v 0.13561601393877395 0.2576678397227137 0.26807807167847525
v 0 -0.20588235294117652 0.3148978556940017
v 0.0007637666807158387 -0.20588235294117652 0.3148099143988764
v -0.1352941176470588 -0.13970588235294112 0.34696429341455526
v -0.09149822371378388 -0.1630385436586249 0.34434438682998064
v -0.0676470588235294 -0.15565441485194131 0.36071428571428577
v -0.0676470588235294 -0.18518580786865416 0.3288061474953252
v -0.10593434437578897 -0.13970588235294112 0.36071428571428577
v -0.08008345556648716 -0.15187192264496505 0.36071428571428577
v 0 -0.16499999999999998 0.36071428571428577
v -0.05312951535238921 -0.19168040824114804 0.32424961834509936
v -0.02339875791865398 -0.16259597162118963 0.36071428571428577
v 0.0676470588235294 -0.15565441485194131 0.36071428571428577
v 0.0676470588235294 -0.18518580786865416 0.3288061474953252
v 0.04932328826072828 -0.1576313100774205 0.36071428571428577
v 0.1352941176470588 -0.13970588235294112 0.34696429341455526
v 0.12365317730539516 -0.13970588235294112 0.35272469622513153
v 0.10593434437578897 -0.13970588235294112 0.36071428571428577
v 0.15973440601072583 -0.13970588235294112 0.33105994946698886
v -0.2029411764705883 -0.07352941176470584 0.3441937905497527
v -0.1352941176470588 -0.12277145056030928 0.36071428571428577
v -0.18560340054995872 -0.12274501460449919 0.32618524372192276
v -0.18381300813878704 -0.07352941176470584 0.36071428571428577
v -0.16296264497279472 -0.1005964493659692 0.36071428571428577
v -0.12287371665796135 -0.12755549008099798 0.36071428571428577
v 0.1352941176470588 -0.12277145056030928 0.36071428571428577
v 0.1809289603366269 -0.09506310146097247 0.34560652246706375
v 0.2029411764705884 -0.07352941176470584 0.3441937905497526
v 0.19253760458256886 -0.07352941176470584 0.35357394600232206
v 0.18381300813878704 -0.07352941176470584 0.36071428571428577
v 0.22160298716663515 -0.07352941176470584 0.327093975664057
v -0.20647186334568457 -0.010806873989064741 0.35829105031243397
v -0.2029411764705883 -0.014271491827336794 0.36071428571428577
v -0.20906157810187137 -0.007352941176470562 0.3565136373897095
v -0.20490834752317844 -0.007352941176470562 0.36071428571428577
v -0.20456335771103867 -0.008939857607345933 0.36071428571428577
v -0.18907535596686867 -0.05996502214150189 0.36071428571428577
v 0.2029411764705884 -0.014271491827336481 0.36071428571428577
v 0.22439432862279826 -0.05254263248537003 0.3290097721293118
v 0.23261578053251059 -0.007352941176470562 0.334652445644984
v 0.20490834752317846 -0.007352941176470562 0.36071428571428577
v -0.2029411764705883 0.04612259853626128 0.35180347389369443
v -0.2029411764705883 0.001841967804126144 0.36071428571428577
v -0.2029411764705883 0.05882352941176472 0.3500435128011159
v -0.1895007231702712 0.05882352941176472 0.36071428571428577
v 0.19680997568989334 0.052825615604563024 0.3565062255511379
v 0.2029411764705884 0.0018419678041257173 0.36071428571428577
v 0.2029411764705884 0.04612259853626119 0.3518034738936944
v 0.2029411764705884 0.05882352941176472 0.35004351280111584
v 0.19602633495480848 0.05882352941176472 0.3559683851708468
v 0.1895007231702712 0.05882352941176472 0.36071428571428577
v 0.19230618388086537 0.04841973231312266 0.36071428571428577
v 0.23011326121296533 0.019228446071506967 0.33293487803746996
v 0.2264986130307885 0.05882352941176472 0.33045401701802557
v 0.20463803624739607 -0.005692969655680433 0.36071428571428577
v -0.2029411764705883 0.08733347936018684 0.3342879331384168
v -0.2029411764705883 0.125 0.31657009838512873
v -0.1429100098291124 0.1175496706914693 0.3554872292787769
v -0.1352941176470588 0.11868954127649231 0.36071428571428577
v -0.1352941176470588 0.12194467868417858 0.35857071107683647
v -0.1352941176470588 0.125 0.35681817201706273
v -0.1792520904480446 0.125 0.3305443727049135
v -0.12547388873050255 0.125 0.36071428571428577
v 0.13257903389287828 0.12234393980569297 0.35885082760970843
v 0.1352941176470588 0.11868954127649231 0.36071428571428577
v 0.1352941176470588 0.12194467868417858 0.35857071107683647
v 0.1352941176470588 0.125 0.35681817201706273
v 0.13185947963224484 0.125 0.35835697204573336
v 0.12547388873050255 0.125 0.36071428571428577
v 0.13032367729000388 0.12013761269418542 0.36071428571428577
v 0.2029411764705884 0.08733347936018679 0.33428793313841676
v 0.18026990720371586 0.10282158441284214 0.3451541909690099
v 0.2029411764705884 0.125 0.3165700983851286
v 0.1699147655288195 0.125 0.3380470906269227
v 0.16754185655819032 0.09037023052048024 0.36071428571428577
v 0.22128189284995192 0.07676553456548997 0.32687359726658183
v 0.20461886184826786 0.125 0.3154371691567303
v -0.2029411764705883 0.12660089708747724 0.3154088833534364
v -0.20049088545559665 0.12739702381901355 0.3159674357587365
v -0.1352941176470588 0.15360447841069674 0.33435425310718725
v -0.09888415726342861 0.16061843950572516 0.33927515914528655
v -0.0676470588235294 0.15054590541014198 0.36071428571428577
v -0.0676470588235294 0.16908949027661274 0.3452183407972426
v -0.0676470588235294 0.19117647058823528 0.3271799120734848
v -0.019535963702571622 0.17206520174876305 0.34730606217929094
v 0 0.15999999999999998 0.36071428571428577
v 0 0.17404952912452037 0.3486982410683143
v 0 0.19117647058823528 0.33405019902697924
v -0.045882058020845454 0.19117647058823528 0.3292238048987365
v -0.03809651972786174 0.1539081360718488 0.36071428571428577
v 0.04727981021754774 0.1712519882562967 0.3467355219194971
v 0.0676470588235294 0.15054590541014198 0.36071428571428577
v 0.0676470588235294 0.16908949027661274 0.3452183407972426
v 0.0676470588235294 0.19117647058823528 0.3271799120734848
v 0.025389404011657592 0.19117647058823528 0.3317113611384358
v 0.032229285639987934 0.15652864899564037 0.36071428571428577
v 0.1352941176470588 0.15360447841069674 0.33435425310718725
v 0.1059311740376036 0.16245185183985522 0.34056145795748577
v 0.08122599403907835 0.19117647058823528 0.32360541826905687
v 0.08734013007626748 0.14426496100811334 0.36071428571428577
v 0.2029411764705884 0.12660089708747718 0.31540888335343636
v 0.1579090677815919 0.1471233207837823 0.3298071552165584
v 0.2041043923450283 0.12613792857282166 0.3150840705225193
v -0.0676470588235294 0.19949747583022598 0.3201236258999363
v -0.058725862920425795 0.19990372744996707 0.32040864687759596
v 0 0.2038716428322288 0.3231924859235637
v 0.0676470588235294 0.19949747583022598 0.3201236258999363
v 0.012413107205602313 0.20331972763719408 0.32280526923117425
v 0.07514644028304002 0.19851282201601742 0.3194328052874281
v -0.0726261676958449 -0.1445767497280324 0.40372551844477733
v -0.0676470588235294 -0.14637102626436416 0.40714285714285725
v -0.0676470588235294 -0.14637102626436416 0.40246667681135095
v -0.08895979536766777 -0.13970588235294112 0.3925151715023151
v -0.08895979536766777 -0.13970588235294112 0.40714285714285725
v -0.0726261676958449 -0.1445767497280324 0.40714285714285725
v -0.006813258220565756 -0.14637102626436416 0.40246667681135095
v 0 -0.1473728519122322 0.40714285714285725
v 0 -0.1473728519122322 0.4017638086584022
v -0.006813258220565756 -0.14637102626436416 0.40714285714285725
v 0.05980971216292076 -0.1473728519122322 0.4017638086584022
v 0.0676470588235294 -0.14637102626436416 0.40714285714285725
v 0.0676470588235294 -0.14637102626436416 0.40246667681135095
v 0.05980971216292076 -0.1473728519122322 0.40714285714285725
v 0.10593434437578897 -0.13970588235294112 0.3869922053013956
v 0.08895979536766778 -0.13970588235294112 0.40714285714285725
v -0.1419692534262813 -0.08005943589655395 0.402561475132894
v -0.1352941176470588 -0.09437882794918905 0.40714285714285725
v -0.1352941176470588 -0.09437882794918905 0.3925151715023151
v -0.15466474354958398 -0.07352941176470584 0.3938481107936086
v -0.15466474354958398 -0.07352941176470584 0.40714285714285725
v -0.1419692534262813 -0.08005943589655395 0.40714285714285725
v -0.08895979536766777 -0.09437882794918905 0.3925151715023151
v -0.08895979536766777 -0.09437882794918905 0.40714285714285725
v 0.1352941176470588 -0.09437882794918905 0.3925151715023151
v 0.1352941176470588 -0.09437882794918905 0.40714285714285725
v 0.18381300813878704 -0.07352941176470584 0.39401451800829795
v 0.15466474354958393 -0.07352941176470584 0.40714285714285725
v -0.20456335771103867 -0.008939857607345933 0.40602949672627486
v -0.2029411764705883 -0.014271491827336794 0.40714285714285725
v -0.2029411764705883 -0.014271491827336794 0.40228888986082095
v -0.20490834752317844 -0.007352941176470562 0.4057927180042783
v -0.20490834752317844 -0.007352941176470562 0.40714285714285725
v -0.20456335771103867 -0.008939857607345933 0.40714285714285725
v -0.15466474354958398 -0.026302466515897356 0.3938481107936086
v -0.15466474354958398 -0.026302466515897356 0.40714285714285725
v 0.2029411764705884 -0.014271491827336481 0.4022888898608212
v 0.2029411764705884 -0.014271491827336481 0.40714285714285725
v 0.20490834752317846 -0.007352941176470562 0.36206442485286466
v 0.20490834752317846 -0.007352941176470562 0.40714285714285725
v -0.2029411764705883 0.001841967804126144 0.3671653170943235
v -0.2029411764705883 0.001841967804126144 0.40714285714285725
v -0.15942608563829008 0.05882352941176472 0.3905802331488755
v -0.15942608563829008 0.05882352941176472 0.40714285714285725
v 0.19230618388086537 0.04841973231312266 0.39984368521015917
v 0.2029411764705884 0.0018419678041257173 0.40714285714285725
v 0.2029411764705884 0.0018419678041257173 0.36716531709432315
v 0.1895007231702712 0.05882352941176472 0.3979181982007141
v 0.15942608563829003 0.05882352941176472 0.40714285714285725
v 0.15942608563829003 0.016254418814951217 0.40714285714285725
v 0.20463803624739607 -0.005692969655680433 0.3618789006542687
v 0.20463803624739607 -0.005692969655680433 0.40714285714285725
v -0.1352941176470588 0.11868954127649231 0.4027155194352534
v -0.1352941176470588 0.09628342595593241 0.40714285714285725
v -0.10593939751312303 0.125 0.38086146940869514
v -0.10593939751312303 0.125 0.40714285714285725
v 0.13032367729000388 0.12013761269418542 0.40373146795369846
v 0.1352941176470588 0.09628342595593241 0.40714285714285725
v 0.1352941176470588 0.11868954127649231 0.4027155194352534
v 0.12547388873050255 0.125 0.40040288636472393
v 0.10593939751312303 0.125 0.40714285714285725
v 0.10593939751312303 0.09628342595593241 0.40714285714285725
v 0.16754185655819032 0.09037023052048024 0.38284705061913066
v 0.1428244512391492 0.06619016009967922 0.40714285714285725
v -0.0676470588235294 0.13309034464324743 0.40714285714285725
v -0.0676470588235294 0.15054590541014198 0.37863696855759177
v -0.03809651972786174 0.1539081360718488 0.3809958668948527
v 0 0.13470385278895897 0.40714285714285725
v 0 0.15999999999999998 0.3852698412698413
v -0.05772756486148246 0.13470385278895897 0.40714285714285725
v 0.032229285639987934 0.15652864899564037 0.3828343854858303
v 0.0676470588235294 0.13309034464324743 0.40714285714285725
v 0.0676470588235294 0.15054590541014198 0.37863696855759177
v 0.008270130079764031 0.13309034464324743 0.40714285714285725
v 0.08734013007626748 0.14426496100811334 0.3742303377231526
v 0.07328797463050366 0.13051828720247483 0.40714285714285725
v -0.0676470588235294 -0.13970588235294112 0.4125
v 0 -0.13970588235294112 0.4125
v -0.059841628959276166 -0.13970588235294112 0.4125
v 0.0676470588235294 -0.13970588235294112 0.4125
v 0.00780542986425323 -0.13970588235294112 0.4125
v 0.07545248868778262 -0.13970588235294112 0.4125
v -0.1352941176470588 -0.07352941176470584 0.4125
v -0.0676470588235294 -0.13207013574660645 0.4125
v -0.0676470588235294 -0.07352941176470584 0.4125
v -0.12748868778280556 -0.07352941176470584 0.4125
v 0 -0.13207013574660645 0.4125
v -0.059841628959276166 -0.13207013574660645 0.4125
v 0 -0.07352941176470584 0.4125
v -0.059841628959276166 -0.07352941176470584 0.4125
v 0.0676470588235294 -0.13207013574660645 0.4125
v 0.00780542986425323 -0.13207013574660645 0.4125
v 0.0676470588235294 -0.07352941176470584 0.4125
v 0.00780542986425323 -0.07352941176470584 0.4125
v 0.07545248868778262 -0.13207013574660645 0.4125
v 0.1352941176470588 -0.07352941176470584 0.4125
v 0.07545248868778262 -0.07352941176470584 0.4125
v 0.14309954751131204 -0.07352941176470584 0.4125
v -0.2029411764705883 -0.007352941176470562 0.408840557407588
v -0.1352941176470588 -0.06589366515837117 0.4125
v -0.1352941176470588 -0.007352941176470562 0.4125
v -0.20046760413917059 -0.007352941176470562 0.408840557407588
v -0.12748868778280556 -0.06589366515837117 0.4125
v -0.0676470588235294 -0.06589366515837117 0.4125
v -0.0676470588235294 -0.007352941176470562 0.4125
v -0.12748868778280556 -0.007352941176470562 0.4125
v -0.059841628959276166 -0.06589366515837117 0.4125
v 0 -0.06589366515837117 0.4125
v 0 -0.007352941176470562 0.4125
v -0.059841628959276166 -0.007352941176470562 0.4125
v 0.00780542986425323 -0.06589366515837117 0.4125
v 0.0676470588235294 -0.06589366515837117 0.4125
v 0.0676470588235294 -0.007352941176470562 0.4125
v 0.00780542986425323 -0.007352941176470562 0.4125
v 0.07545248868778262 -0.06589366515837117 0.4125
v 0.1352941176470588 -0.06589366515837117 0.4125
v 0.1352941176470588 -0.007352941176470562 0.4125
v 0.07545248868778262 -0.007352941176470562 0.4125
v 0.14309954751131204 -0.06589366515837117 0.4125
v 0.2029411764705884 -0.007352941176470562 0.40884055740758796
v 0.14309954751131204 -0.007352941176470562 0.4125
v 0.20490834752317846 -0.007352941176470562 0.40849299628143615
v -0.2029411764705883 -0.004933142156605407 0.408840557407588
v -0.20046760413917059 -0.004933142156605407 0.408840557407588
v -0.1352941176470588 0.0002828054298641197 0.4125
v -0.1352941176470588 0.05882352941176472 0.4125
v -0.0676470588235294 0.0002828054298641197 0.4125
v -0.12748868778280556 0.0002828054298641197 0.4125
v -0.0676470588235294 0.05882352941176472 0.4125
v -0.12748868778280556 0.05882352941176472 0.4125
v 0 0.0002828054298641197 0.4125
v -0.059841628959276166 0.0002828054298641197 0.4125
v 0 0.05882352941176472 0.4125
v -0.059841628959276166 0.05882352941176472 0.4125
v 0.0676470588235294 0.0002828054298641197 0.4125
v 0.00780542986425323 0.0002828054298641197 0.4125
v 0.0676470588235294 0.05882352941176472 0.4125
v 0.00780542986425323 0.05882352941176472 0.4125
v 0.1352941176470588 0.0002828054298641197 0.4125
v 0.07545248868778262 0.0002828054298641197 0.4125
v 0.1352941176470588 0.05882352941176472 0.4125
v 0.07545248868778262 0.05882352941176472 0.4125
v 0.2029411764705884 -0.004933142156605515 0.40884055740758796
v 0.14309954751131204 0.0002828054298641197 0.4125
v 0.14309954751131204 0.05882352941176472 0.4125
v 0.20463803624739607 -0.005692969655680433 0.4083074720828402
v -0.1352941176470588 0.0664592760180994 0.4125
v -0.12748868778280556 0.0664592760180994 0.4125
v -0.0676470588235294 0.0664592760180994 0.4125
v -0.0676470588235294 0.125 0.4125
v -0.059841628959276166 0.0664592760180994 0.4125
v 0 0.0664592760180994 0.4125
v 0 0.125 0.4125
v -0.059841628959276166 0.125 0.4125
v 0.00780542986425323 0.0664592760180994 0.4125
v 0.0676470588235294 0.0664592760180994 0.4125
v 0.0676470588235294 0.125 0.4125
v 0.00780542986425323 0.125 0.4125
v 0.07545248868778262 0.0664592760180994 0.4125
v 0.1352941176470588 0.0664592760180994 0.4125
v 0.07545248868778262 0.125 0.4125
v 0.1428244512391492 0.06619016009967922 0.4123111916889814
v -0.0676470588235294 0.13263574660633468 0.4125
v 0 0.13263574660633468 0.4125
v -0.059841628959276166 0.13263574660633468 0.4125
v 0.0676470588235294 0.13263574660633468 0.4125
v 0.00780542986425323 0.13263574660633468 0.4125
v 0.07328797463050366 0.13051828720247483 0.4110144173706253
f 1 2 3
f 1 3 4
f 1 4 5
f 1 5 6
f 1 6 7
f 1 7 2
f 3 4 8
f 3 2 8
f 9 10 11
f 9 11 12
f 9 12 13
f 9 13 14
f 9 14 15
f 9 15 10
f 16 17 18
f 16 18 19
f 16 19 20
f 12 11 16
f 12 16 20
f 21 10 11
f 21 11 16
f 16 21 17
f 22 4 5
f 22 5 23
f 23 22 24
f 23 24 25
f 19 18 23
f 19 23 25
f 26 17 18
f 26 18 23
f 26 6 5
f 26 5 23
f 27 28 29
f 27 29 30
f 27 30 31
f 24 22 27
f 24 27 31
f 22 4 27
f 28 8 4
f 28 4 27
f 32 33 34
f 32 34 35
f 32 35 36
f 30 29 32
f 30 32 36
f 37 28 29
f 37 29 32
f 32 37 33
f 34 35 38
f 34 33 38
f 39 40 41
f 39 41 42
f 39 42 43
f 39 43 44
f 39 44 45
f 39 45 40
f 12 13 46
f 12 46 47
f 46 47 48
f 46 48 49
f 49 42 41
f 49 41 46
f 50 40 41
f 50 41 46
f 50 14 13
f 50 13 46
f 19 20 51
f 19 51 52
f 51 52 53
f 51 53 54
f 48 47 51
f 48 51 54
f 47 12 51
f 12 20 51
f 24 25 55
f 24 55 56
f 55 56 57
f 55 57 58
f 58 53 52
f 58 52 55
f 52 19 55
f 19 25 55
f 30 31 59
f 30 59 60
f 59 60 61
f 59 61 62
f 57 56 59
f 57 59 62
f 56 24 59
f 24 31 59
f 35 36 63
f 35 63 64
f 63 64 65
f 63 65 66
f 61 60 63
f 61 63 66
f 60 30 63
f 30 36 63
f 67 68 69
f 67 69 70
f 67 70 71
f 71 65 64
f 71 64 67
f 64 35 67
f 68 38 35
f 68 35 67
f 69 70 72
f 69 68 72
f 73 42 43
f 73 43 74
f 74 73 75
f 74 75 76
f 74 76 77
f 74 77 78
f 78 44 43
f 78 43 74
f 48 49 79
f 48 79 80
f 79 80 81
f 79 81 82
f 82 75 73
f 82 73 79
f 73 42 79
f 42 49 79
f 83 53 54
f 83 54 84
f 84 83 85
f 84 85 86
f 81 80 84
f 81 84 86
f 80 48 84
f 48 54 84
f 87 57 58
f 87 58 88
f 88 87 89
f 88 89 90
f 90 85 83
f 90 83 88
f 83 53 88
f 53 58 88
f 61 62 91
f 61 91 92
f 91 92 93
f 91 93 94
f 94 89 87
f 94 87 91
f 87 57 91
f 57 62 91
f 95 65 66
f 95 66 96
f 96 95 97
f 96 97 98
f 93 92 96
f 93 96 98
f 92 61 96
f 61 66 96
f 70 71 99
f 70 99 100
f 99 100 101
f 99 101 102
f 102 97 95
f 102 95 99
f 95 65 99
f 65 71 99
f 100 101 103
f 104 103 100
f 104 100 70
f 70 72 104
f 75 76 105
f 75 105 106
f 105 106 107
f 105 107 108
f 105 108 109
f 105 109 110
f 110 77 76
f 110 76 105
f 81 82 111
f 81 111 112
f 111 112 113
f 111 113 114
f 107 106 111
f 107 111 114
f 106 75 111
f 75 82 111
f 85 86 115
f 85 115 116
f 115 116 117
f 115 117 118
f 113 112 115
f 113 115 118
f 112 81 115
f 81 86 115
f 89 90 119
f 89 119 120
f 119 120 121
f 119 121 122
f 117 116 119
f 117 119 122
f 116 85 119
f 85 90 119
f 93 94 123
f 93 123 124
f 123 124 125
f 123 125 126
f 121 120 123
f 121 123 126
f 120 89 123
f 89 94 123
f 97 98 127
f 97 127 128
f 127 128 129
f 127 129 130
f 125 124 127
f 125 127 130
f 124 93 127
f 93 98 127
f 101 102 131
f 101 131 132
f 131 132 133
f 131 133 134
f 129 128 131
f 129 131 134
f 128 97 131
f 97 102 131
f 132 133 135
f 136 135 132
f 136 132 101
f 101 103 136
f 108 107 137
f 108 109 137
f 113 114 138
f 113 138 139
f 138 139 140
f 138 140 141
f 138 141 142
f 142 137 107
f 142 107 138
f 107 114 138
f 117 118 143
f 117 143 144
f 143 144 145
f 143 145 146
f 140 139 143
f 140 143 146
f 139 113 143
f 113 118 143
f 121 122 147
f 121 147 148
f 147 148 149
f 147 149 150
f 150 145 144
f 150 144 147
f 144 117 147
f 117 122 147
f 125 126 151
f 125 151 152
f 151 152 153
f 151 153 154
f 149 148 151
f 149 151 154
f 148 121 151
f 121 126 151
f 129 130 155
f 129 155 156
f 155 156 157
f 155 157 158
f 153 152 155
f 153 155 158
f 152 125 155
f 125 130 155
f 134 133 159
f 156 157 160
f 161 160 156
f 161 156 129
f 159 161 129
f 159 129 134
f 133 159 162
f 133 135 162
f 141 140 163
f 141 142 163
f 145 146 164
f 145 164 165
f 164 165 166
f 164 166 167
f 164 167 168
f 168 163 140
f 168 140 164
f 140 146 164
f 149 150 169
f 149 169 170
f 169 170 171
f 169 171 172
f 172 166 165
f 172 165 169
f 165 145 169
f 145 150 169
f 153 154 173
f 153 173 174
f 173 174 175
f 173 175 176
f 171 170 173
f 171 173 176
f 170 149 173
f 149 154 173
f 158 157 177
f 174 175 178
f 179 178 174
f 179 174 153
f 177 179 153
f 177 153 158
f 157 177 180
f 157 160 180
f 167 166 181
f 167 168 181
f 172 171 182
f 166 181 183
f 183 166 172
f 183 172 182
f 176 175 184
f 171 182 185
f 185 171 176
f 185 176 184
f 175 184 186
f 175 178 186
f 187 188 189
f 189 2 7
f 189 7 187
f 190 6 7
f 190 7 187
f 187 190 191
f 187 191 192
f 187 192 188
f 2 8 193
f 194 193 2
f 194 2 189
f 189 188 194
f 195 196 197
f 197 10 15
f 197 15 195
f 198 14 15
f 198 15 195
f 195 198 199
f 195 199 200
f 195 200 196
f 201 202 203
f 203 17 21
f 203 21 201
f 21 10 201
f 10 197 201
f 204 196 197
f 204 197 201
f 201 204 202
f 190 6 205
f 6 26 205
f 26 17 205
f 17 203 205
f 206 202 203
f 206 203 205
f 206 191 190
f 206 190 205
f 207 193 8
f 207 8 208
f 8 28 208
f 193 194 207
f 209 210 211
f 33 37 209
f 33 209 211
f 37 28 209
f 28 208 209
f 207 208 209
f 207 209 212
f 209 212 210
f 33 38 213
f 214 213 33
f 214 33 211
f 211 210 214
f 215 216 217
f 217 40 45
f 217 45 215
f 218 44 45
f 218 45 215
f 215 218 219
f 215 219 220
f 215 220 216
f 198 14 221
f 14 50 221
f 50 40 221
f 40 217 221
f 222 216 217
f 222 217 221
f 222 199 198
f 222 198 221
f 223 213 38
f 223 38 224
f 38 68 224
f 213 214 223
f 68 72 225
f 226 225 68
f 226 68 224
f 224 223 226
f 218 44 227
f 44 78 227
f 228 77 78
f 228 78 227
f 227 228 229
f 227 229 230
f 230 219 218
f 230 218 227
f 225 72 231
f 72 104 231
f 103 104 231
f 103 231 232
f 231 232 233
f 231 233 234
f 226 225 231
f 226 231 234
f 228 77 235
f 77 110 235
f 236 109 110
f 236 110 235
f 235 236 237
f 235 237 238
f 229 228 235
f 229 235 238
f 232 103 239
f 103 136 239
f 240 135 136
f 240 136 239
f 239 240 241
f 239 241 242
f 233 232 239
f 233 239 242
f 243 244 236
f 243 236 109
f 109 137 243
f 236 237 244
f 137 142 245
f 245 137 243
f 245 243 246
f 243 244 246
f 247 248 249
f 159 161 247
f 159 247 249
f 160 161 247
f 160 247 250
f 247 250 251
f 247 251 252
f 247 252 248
f 240 135 253
f 135 162 253
f 162 159 253
f 159 249 253
f 254 248 249
f 254 249 253
f 241 240 253
f 241 253 254
f 255 245 142
f 255 142 256
f 142 163 256
f 245 246 255
f 163 168 257
f 257 163 256
f 257 256 258
f 256 255 258
f 259 260 261
f 261 177 179
f 261 179 259
f 262 178 179
f 262 179 259
f 259 262 263
f 259 263 264
f 259 264 260
f 250 160 265
f 160 180 265
f 180 177 265
f 177 261 265
f 260 261 265
f 260 265 266
f 266 251 250
f 266 250 265
f 267 257 168
f 267 168 268
f 168 181 268
f 257 258 267
f 269 270 271
f 271 182 183
f 271 183 269
f 183 181 269
f 181 268 269
f 267 268 269
f 267 269 272
f 269 272 270
f 273 274 275
f 184 185 273
f 184 273 275
f 185 182 273
f 182 271 273
f 270 271 273
f 270 273 276
f 273 276 274
f 262 178 277
f 178 186 277
f 186 184 277
f 184 275 277
f 274 275 277
f 274 277 278
f 278 263 262
f 278 262 277
f 279 280 281
f 279 281 282
f 279 282 283
f 279 283 284
f 279 284 285
f 279 285 280
f 286 287 288
f 286 288 289
f 286 289 290
f 290 282 281
f 290 281 286
f 291 280 281
f 291 281 286
f 286 291 287
f 292 293 294
f 294 188 192
f 294 192 292
f 295 191 192
f 295 192 292
f 295 289 288
f 295 288 292
f 296 287 288
f 296 288 292
f 292 296 293
f 297 298 299
f 297 299 300
f 300 194 188
f 300 188 297
f 188 294 297
f 301 293 294
f 301 294 297
f 297 301 298
f 302 303 304
f 302 304 305
f 302 305 306
f 306 300 299
f 306 299 302
f 307 298 299
f 307 299 302
f 302 307 303
f 304 305 308
f 304 303 308
f 309 310 311
f 309 311 312
f 309 312 313
f 309 313 314
f 309 314 315
f 309 315 310
f 316 282 283
f 316 283 317
f 316 196 200
f 316 200 317
f 318 199 200
f 318 200 317
f 318 312 311
f 318 311 317
f 319 310 311
f 319 311 317
f 319 284 283
f 319 283 317
f 320 289 290
f 320 290 321
f 320 202 204
f 320 204 321
f 204 196 321
f 196 316 321
f 316 282 321
f 282 290 321
f 295 191 322
f 191 206 322
f 206 202 322
f 202 320 322
f 320 289 322
f 289 295 322
f 194 300 323
f 194 207 323
f 305 306 324
f 305 324 325
f 210 212 324
f 210 324 325
f 212 207 324
f 207 323 324
f 323 300 324
f 300 306 324
f 326 327 328
f 326 328 329
f 329 214 210
f 329 210 326
f 210 325 326
f 325 305 326
f 327 308 305
f 327 305 326
f 328 329 330
f 328 327 330
f 331 332 333
f 331 333 334
f 331 334 335
f 331 335 336
f 331 336 337
f 331 337 332
f 338 312 313
f 338 313 339
f 338 216 220
f 338 220 339
f 340 219 220
f 340 220 339
f 340 334 333
f 340 333 339
f 341 332 333
f 341 333 339
f 341 314 313
f 341 313 339
f 318 199 342
f 199 222 342
f 222 216 342
f 216 338 342
f 338 312 342
f 312 318 342
f 214 329 343
f 214 223 343
f 344 345 346
f 344 346 347
f 226 223 344
f 226 344 347
f 223 343 344
f 343 329 344
f 330 329 344
f 330 344 345
f 346 347 348
f 346 345 348
f 349 334 335
f 349 335 350
f 350 349 351
f 350 351 352
f 350 352 353
f 350 353 354
f 354 336 335
f 354 335 350
f 340 219 355
f 219 230 355
f 356 229 230
f 356 230 355
f 356 351 349
f 356 349 355
f 349 334 355
f 334 340 355
f 226 347 357
f 357 226 234
f 357 234 358
f 234 233 358
f 357 358 359
f 359 357 347
f 359 347 360
f 347 348 360
f 361 351 352
f 361 352 362
f 362 361 363
f 362 363 364
f 362 364 365
f 362 365 366
f 366 353 352
f 366 352 362
f 356 229 367
f 229 238 367
f 368 237 238
f 368 238 367
f 368 363 361
f 368 361 367
f 361 351 367
f 351 356 367
f 233 358 369
f 370 369 233
f 370 233 242
f 242 241 370
f 369 370 371
f 371 369 358
f 371 358 372
f 358 359 372
f 363 364 373
f 363 373 374
f 373 374 375
f 373 375 376
f 373 376 377
f 373 377 378
f 365 364 373
f 365 373 378
f 368 237 379
f 380 244 237
f 380 237 379
f 379 380 381
f 381 375 374
f 381 374 379
f 374 363 379
f 363 368 379
f 244 246 382
f 244 380 382
f 252 248 383
f 252 251 383
f 241 370 384
f 385 384 241
f 385 241 254
f 386 385 254
f 386 254 248
f 248 383 386
f 384 385 387
f 388 387 384
f 388 384 370
f 370 371 388
f 376 375 389
f 376 377 389
f 390 380 381
f 390 381 391
f 391 390 392
f 391 392 393
f 391 393 394
f 394 389 375
f 394 375 391
f 375 381 391
f 382 246 395
f 255 246 395
f 255 395 396
f 395 396 397
f 392 390 395
f 392 395 397
f 390 380 395
f 380 382 395
f 255 258 398
f 255 396 398
f 264 260 399
f 264 263 399
f 251 383 400
f 401 400 251
f 401 251 266
f 402 401 266
f 402 266 260
f 260 399 402
f 386 385 403
f 400 401 404
f 404 400 383
f 404 383 405
f 405 383 386
f 405 386 403
f 385 403 406
f 385 387 406
f 393 392 407
f 393 394 407
f 397 396 408
f 392 407 409
f 408 409 392
f 408 392 397
f 410 411 398
f 410 398 258
f 258 267 410
f 396 408 412
f 411 412 396
f 411 396 398
f 272 270 413
f 413 272 267
f 413 267 414
f 414 267 410
f 414 410 415
f 410 411 415
f 416 417 418
f 274 276 416
f 274 416 418
f 276 270 416
f 413 270 416
f 413 416 419
f 416 419 420
f 416 420 417
f 399 263 421
f 399 421 422
f 263 278 421
f 278 274 421
f 274 418 421
f 423 417 418
f 423 418 421
f 421 423 422
f 402 401 424
f 399 422 425
f 425 399 402
f 425 402 424
f 401 424 426
f 401 404 426
f 414 413 427
f 414 415 427
f 413 427 428
f 413 419 428
f 429 430 431
f 429 431 432
f 429 432 433
f 429 433 434
f 429 434 435
f 429 435 430
f 436 437 438
f 436 438 439
f 436 439 440
f 440 432 431
f 440 431 436
f 441 430 431
f 441 431 436
f 436 441 437
f 442 443 444
f 442 444 445
f 442 445 446
f 446 439 438
f 446 438 442
f 447 437 438
f 447 438 442
f 442 447 443
f 448 449 450
f 448 450 451
f 448 451 452
f 452 445 444
f 452 444 448
f 453 443 444
f 453 444 448
f 448 453 449
f 454 455 456
f 454 456 457
f 454 457 458
f 458 451 450
f 458 450 454
f 449 450 454
f 449 454 459
f 454 459 455
f 456 457 460
f 456 455 460
f 461 462 463
f 461 463 464
f 461 464 465
f 461 465 466
f 461 466 467
f 461 467 462
f 468 469 470
f 468 470 471
f 468 471 472
f 472 464 463
f 472 463 468
f 473 462 463
f 473 463 468
f 468 473 469
f 474 432 433
f 474 433 475
f 474 280 285
f 474 285 475
f 476 284 285
f 476 285 475
f 476 471 470
f 476 470 475
f 477 469 470
f 477 470 475
f 477 434 433
f 477 433 475
f 478 439 440
f 478 440 479
f 478 287 291
f 478 291 479
f 291 280 479
f 280 474 479
f 474 432 479
f 432 440 479
f 480 445 446
f 480 446 481
f 480 293 296
f 480 296 481
f 296 287 481
f 287 478 481
f 478 439 481
f 439 446 481
f 482 451 452
f 482 452 483
f 482 298 301
f 482 301 483
f 301 293 483
f 293 480 483
f 480 445 483
f 445 452 483
f 484 457 458
f 484 458 485
f 484 303 307
f 484 307 485
f 307 298 485
f 298 482 485
f 482 451 485
f 451 458 485
f 486 487 488
f 486 488 489
f 489 308 303
f 489 303 486
f 303 484 486
f 484 457 486
f 487 460 457
f 487 457 486
f 490 491 492
f 490 492 493
f 490 493 494
f 489 488 490
f 489 490 494
f 495 487 488
f 495 488 490
f 490 495 491
f 492 493 496
f 492 491 496
f 497 498 499
f 497 499 500
f 497 500 501
f 497 501 502
f 497 502 503
f 497 503 498
f 504 464 465
f 504 465 505
f 505 504 506
f 505 506 507
f 507 500 499
f 507 499 505
f 508 498 499
f 508 499 505
f 508 466 465
f 508 465 505
f 509 471 472
f 509 472 510
f 509 310 315
f 509 315 510
f 511 314 315
f 511 315 510
f 511 506 504
f 511 504 510
f 504 464 510
f 464 472 510
f 476 284 512
f 284 319 512
f 319 310 512
f 310 509 512
f 509 471 512
f 471 476 512
f 308 489 513
f 308 327 513
f 514 493 494
f 514 494 515
f 515 514 516
f 516 330 327
f 516 327 515
f 327 513 515
f 513 489 515
f 489 494 515
f 517 518 519
f 517 519 520
f 517 520 521
f 516 514 517
f 516 517 521
f 514 493 517
f 496 493 517
f 496 517 518
f 519 520 522
f 519 518 522
f 523 500 501
f 523 501 524
f 524 523 525
f 524 525 526
f 524 526 527
f 524 527 528
f 528 502 501
f 528 501 524
f 529 506 507
f 529 507 530
f 529 332 337
f 529 337 530
f 531 336 337
f 531 337 530
f 531 525 523
f 531 523 530
f 523 500 530
f 500 507 530
f 511 314 532
f 314 341 532
f 341 332 532
f 332 529 532
f 529 506 532
f 506 511 532
f 330 516 533
f 330 345 533
f 534 520 521
f 534 521 535
f 535 534 536
f 348 345 535
f 348 535 536
f 345 533 535
f 533 516 535
f 516 521 535
f 534 536 537
f 537 534 520
f 537 520 538
f 520 522 538
f 539 525 526
f 539 526 540
f 540 539 541
f 540 541 542
f 540 542 543
f 540 543 544
f 544 527 526
f 544 526 540
f 531 336 545
f 336 354 545
f 546 353 354
f 546 354 545
f 546 541 539
f 546 539 545
f 539 525 545
f 525 531 545
f 348 536 547
f 547 348 360
f 547 360 548
f 360 359 548
f 547 548 549
f 550 549 547
f 550 547 536
f 536 537 550
f 551 541 542
f 551 542 552
f 552 551 553
f 552 553 554
f 552 554 555
f 552 555 556
f 556 543 542
f 556 542 552
f 546 353 557
f 353 366 557
f 558 365 366
f 558 366 557
f 558 553 551
f 558 551 557
f 551 541 557
f 541 546 557
f 359 548 559
f 560 559 359
f 560 359 372
f 372 371 560
f 559 560 561
f 562 561 559
f 562 559 548
f 548 549 562
f 563 553 554
f 563 554 564
f 564 563 565
f 564 565 566
f 564 566 567
f 564 567 568
f 568 555 554
f 568 554 564
f 558 365 569
f 365 378 569
f 570 377 378
f 570 378 569
f 570 565 563
f 570 563 569
f 563 553 569
f 553 558 569
f 371 560 571
f 572 571 371
f 572 371 388
f 388 387 572
f 571 572 573
f 574 573 571
f 574 571 560
f 560 561 574
f 566 565 575
f 566 567 575
f 570 377 576
f 577 389 377
f 577 377 576
f 576 577 578
f 576 578 579
f 579 575 565
f 579 565 576
f 565 570 576
f 389 394 580
f 389 577 580
f 405 403 581
f 405 404 581
f 572 387 582
f 572 582 583
f 387 406 582
f 406 403 582
f 581 403 582
f 581 582 584
f 582 584 585
f 582 585 583
f 572 583 586
f 572 573 586
f 578 577 587
f 578 579 587
f 580 394 588
f 589 407 394
f 589 394 588
f 588 589 590
f 588 590 591
f 591 587 577
f 591 577 588
f 577 580 588
f 409 408 592
f 592 409 407
f 592 407 593
f 407 589 593
f 412 411 594
f 595 594 412
f 595 412 408
f 408 592 595
f 411 415 596
f 411 594 596
f 420 417 597
f 420 419 597
f 423 422 598
f 598 423 417
f 598 417 599
f 417 597 599
f 425 424 600
f 600 425 422
f 600 422 601
f 422 598 601
f 581 404 602
f 581 602 603
f 404 426 602
f 426 424 602
f 600 424 602
f 600 602 604
f 602 604 605
f 602 605 603
f 581 603 606
f 581 584 606
f 590 589 607
f 590 591 607
f 593 592 608
f 589 607 609
f 608 609 589
f 608 589 593
f 610 594 595
f 610 595 611
f 611 610 612
f 611 612 613
f 611 613 614
f 614 608 592
f 614 592 611
f 592 595 611
f 596 415 615
f 427 415 615
f 427 615 616
f 615 616 617
f 612 610 615
f 612 615 617
f 610 594 615
f 594 596 615
f 419 597 618
f 619 618 419
f 619 419 428
f 619 428 427
f 619 427 620
f 427 616 620
f 599 598 621
f 618 619 622
f 622 618 597
f 622 597 623
f 623 597 599
f 623 599 621
f 601 600 624
f 598 621 625
f 625 598 601
f 625 601 624
f 600 624 626
f 600 604 626
f 613 612 627
f 613 614 627
f 617 616 628
f 612 627 629
f 628 629 612
f 628 612 617
f 620 619 630
f 616 628 631
f 631 616 620
f 631 620 630
f 619 630 632
f 619 622 632
f 633 634 635
f 633 635 636
f 633 636 637
f 633 637 638
f 633 638 639
f 633 639 634
f 640 641 642
f 640 642 643
f 640 643 644
f 644 636 635
f 644 635 640
f 645 634 635
f 645 635 640
f 640 645 641
f 646 647 648
f 646 648 649
f 646 649 650
f 650 643 642
f 650 642 646
f 651 641 642
f 651 642 646
f 646 651 647
f 652 653 654
f 652 654 655
f 652 655 656
f 656 649 648
f 656 648 652
f 657 647 648
f 657 648 652
f 652 657 653
f 658 659 660
f 658 660 661
f 658 661 662
f 655 654 658
f 655 658 662
f 653 654 658
f 653 658 663
f 658 663 659
f 660 661 664
f 660 659 664
f 665 666 667
f 665 667 668
f 665 668 669
f 665 669 670
f 665 670 671
f 665 671 666
f 672 673 674
f 672 674 675
f 672 675 676
f 676 668 667
f 676 667 672
f 677 666 667
f 677 667 672
f 672 677 673
f 678 636 637
f 678 637 679
f 678 430 435
f 678 435 679
f 680 434 435
f 680 435 679
f 680 675 674
f 680 674 679
f 681 673 674
f 681 674 679
f 681 638 637
f 681 637 679
f 682 643 644
f 682 644 683
f 682 437 441
f 682 441 683
f 441 430 683
f 430 678 683
f 678 636 683
f 636 644 683
f 684 649 650
f 684 650 685
f 684 443 447
f 684 447 685
f 447 437 685
f 437 682 685
f 682 643 685
f 643 650 685
f 686 655 656
f 686 656 687
f 686 449 453
f 686 453 687
f 453 443 687
f 443 684 687
f 684 649 687
f 649 656 687
f 688 661 662
f 688 662 689
f 688 455 459
f 688 459 689
f 459 449 689
f 449 686 689
f 686 655 689
f 655 662 689
f 690 691 692
f 690 692 693
f 693 460 455
f 693 455 690
f 455 688 690
f 688 661 690
f 691 664 661
f 691 661 690
f 694 695 696
f 694 696 697
f 694 697 698
f 698 693 692
f 698 692 694
f 699 691 692
f 699 692 694
f 694 699 695
f 696 697 700
f 696 695 700
f 701 702 703
f 701 703 704
f 701 704 705
f 701 705 706
f 701 706 707
f 701 707 702
f 708 668 669
f 708 669 709
f 708 462 467
f 708 467 709
f 710 466 467
f 710 467 709
f 710 704 703
f 710 703 709
f 711 702 703
f 711 703 709
f 711 670 669
f 711 669 709
f 712 675 676
f 712 676 713
f 712 469 473
f 712 473 713
f 473 462 713
f 462 708 713
f 708 668 713
f 668 676 713
f 680 434 714
f 434 477 714
f 477 469 714
f 469 712 714
f 712 675 714
f 675 680 714
f 460 693 715
f 460 487 715
f 697 698 716
f 697 716 717
f 491 495 716
f 491 716 717
f 495 487 716
f 487 715 716
f 715 693 716
f 693 698 716
f 718 719 720
f 718 720 721
f 721 496 491
f 721 491 718
f 491 717 718
f 717 697 718
f 719 700 697
f 719 697 718
f 720 721 722
f 720 719 722
f 723 724 725
f 723 725 726
f 723 726 727
f 723 727 728
f 723 728 729
f 723 729 724
f 730 704 705
f 730 705 731
f 730 498 503
f 730 503 731
f 732 502 503
f 732 503 731
f 732 726 725
f 732 725 731
f 733 724 725
f 733 725 731
f 733 706 705
f 733 705 731
f 710 466 734
f 466 508 734
f 508 498 734
f 498 730 734
f 730 704 734
f 704 710 734
f 496 721 735
f 496 518 735
f 736 737 738
f 736 738 739
f 739 522 518
f 739 518 736
f 518 735 736
f 735 721 736
f 722 721 736
f 722 736 737
f 738 739 740
f 738 737 740
f 741 726 727
f 741 727 742
f 742 741 743
f 742 743 744
f 742 744 745
f 742 745 746
f 746 728 727
f 746 727 742
f 732 502 747
f 502 528 747
f 748 527 528
f 748 528 747
f 748 743 741
f 748 741 747
f 741 726 747
f 726 732 747
f 522 739 749
f 749 522 538
f 749 538 750
f 538 537 750
f 749 750 751
f 751 749 739
f 751 739 752
f 739 740 752
f 753 743 744
f 753 744 754
f 754 753 755
f 754 755 756
f 754 756 757
f 754 757 758
f 758 745 744
f 758 744 754
f 748 527 759
f 527 544 759
f 760 543 544
f 760 544 759
f 760 755 753
f 760 753 759
f 753 743 759
f 743 748 759
f 537 750 761
f 761 537 550
f 761 550 762
f 550 549 762
f 761 762 763
f 764 763 761
f 764 761 750
f 750 751 764
f 765 755 756
f 765 756 766
f 766 765 767
f 766 767 768
f 766 768 769
f 766 769 770
f 770 757 756
f 770 756 766
f 760 543 771
f 543 556 771
f 772 555 556
f 772 556 771
f 772 767 765
f 772 765 771
f 765 755 771
f 755 760 771
f 549 762 773
f 774 773 549
f 774 549 562
f 562 561 774
f 773 774 775
f 776 775 773
f 776 773 762
f 762 763 776
f 777 767 768
f 777 768 778
f 778 777 779
f 778 779 780
f 778 780 781
f 778 781 782
f 782 769 768
f 782 768 778
f 772 555 783
f 555 568 783
f 784 567 568
f 784 568 783
f 779 777 783
f 779 783 784
f 777 767 783
f 767 772 783
f 561 774 785
f 786 785 561
f 786 561 574
f 574 573 786
f 785 786 787
f 788 787 785
f 788 785 774
f 774 775 788
f 779 780 789
f 779 789 790
f 789 790 791
f 789 791 792
f 789 792 793
f 789 793 794
f 781 780 789
f 781 789 794
f 784 567 795
f 796 575 567
f 796 567 795
f 795 796 797
f 797 791 790
f 797 790 795
f 790 779 795
f 779 784 795
f 575 579 798
f 575 796 798
f 585 583 799
f 585 584 799
f 573 786 800
f 801 800 573
f 801 573 586
f 801 586 583
f 801 583 802
f 583 799 802
f 800 801 803
f 804 803 800
f 804 800 786
f 786 787 804
f 792 791 805
f 792 793 805
f 806 796 797
f 806 797 807
f 807 806 808
f 807 808 809
f 807 809 810
f 810 805 791
f 810 791 807
f 791 797 807
f 798 579 811
f 812 587 579
f 812 579 811
f 811 812 813
f 808 806 811
f 808 811 813
f 806 796 811
f 796 798 811
f 587 591 814
f 587 812 814
f 605 603 815
f 605 604 815
f 584 799 816
f 817 816 584
f 817 584 606
f 817 606 603
f 817 603 818
f 603 815 818
f 802 801 819
f 816 817 820
f 820 816 799
f 820 799 821
f 821 799 802
f 821 802 819
f 801 819 822
f 801 803 822
f 809 808 823
f 809 810 823
f 824 812 813
f 824 813 825
f 825 824 826
f 825 826 827
f 825 827 828
f 823 808 825
f 823 825 828
f 808 813 825
f 814 591 829
f 607 591 829
f 607 829 830
f 829 830 831
f 826 824 829
f 826 829 831
f 824 812 829
f 812 814 829
f 609 608 832
f 833 832 609
f 833 609 607
f 607 830 833
f 608 614 834
f 608 832 834
f 623 621 835
f 623 622 835
f 625 624 836
f 836 625 621
f 836 621 837
f 621 835 837
f 604 815 838
f 839 838 604
f 839 604 626
f 840 839 626
f 840 626 624
f 624 836 840
f 818 817 841
f 838 839 842
f 842 838 815
f 842 815 843
f 843 815 818
f 843 818 841
f 817 841 844
f 817 820 844
f 827 826 845
f 827 828 845
f 831 830 846
f 826 845 847
f 846 847 826
f 846 826 831
f 848 832 833
f 848 833 849
f 849 848 850
f 849 850 851
f 849 851 852
f 846 830 849
f 846 849 852
f 830 833 849
f 834 614 853
f 627 614 853
f 627 853 854
f 853 854 855
f 850 848 853
f 850 853 855
f 848 832 853
f 832 834 853
f 629 628 856
f 856 629 627
f 856 627 857
f 627 854 857
f 631 630 858
f 858 631 628
f 858 628 859
f 628 856 859
f 622 835 860
f 861 860 622
f 861 622 632
f 862 861 632
f 862 632 630
f 630 858 862
f 837 836 863
f 860 861 864
f 864 860 835
f 864 835 865
f 865 835 837
f 865 837 863
f 840 839 866
f 836 863 867
f 867 836 840
f 867 840 866
f 839 866 868
f 839 842 868
f 851 850 869
f 851 852 869
f 855 854 870
f 850 869 871
f 870 871 850
f 870 850 855
f 857 856 872
f 854 870 873
f 872 873 854
f 872 854 857
f 859 858 874
f 856 872 875
f 875 856 859
f 875 859 874
f 862 861 876
f 858 874 877
f 877 858 862
f 877 862 876
f 861 876 878
f 861 864 878
f 879 880 881
f 879 881 882
f 879 882 883
f 879 883 884
f 879 884 885
f 879 885 880
f 886 887 888
f 886 888 889
f 886 889 890
f 890 882 881
f 890 881 886
f 891 880 881
f 891 881 886
f 886 891 887
f 892 893 894
f 892 894 895
f 892 895 896
f 889 888 892
f 889 892 896
f 887 888 892
f 887 892 897
f 892 897 893
f 894 895 898
f 894 893 898
f 899 900 901
f 899 901 902
f 899 902 903
f 899 903 904
f 899 904 905
f 899 905 900
f 906 907 908
f 906 908 909
f 906 909 910
f 910 902 901
f 910 901 906
f 911 900 901
f 911 901 906
f 906 911 907
f 912 913 914
f 914 634 639
f 914 639 912
f 915 638 639
f 915 639 912
f 915 909 908
f 915 908 912
f 916 907 908
f 916 908 912
f 912 916 913
f 917 882 883
f 917 883 918
f 917 641 645
f 917 645 918
f 645 634 918
f 634 914 918
f 919 913 914
f 919 914 918
f 919 884 883
f 919 883 918
f 920 889 890
f 920 890 921
f 920 647 651
f 920 651 921
f 651 641 921
f 641 917 921
f 917 882 921
f 882 890 921
f 922 895 896
f 922 896 923
f 922 653 657
f 922 657 923
f 657 647 923
f 647 920 923
f 920 889 923
f 889 896 923
f 924 925 926
f 926 659 663
f 926 663 924
f 663 653 924
f 653 922 924
f 922 895 924
f 925 898 895
f 925 895 924
f 927 928 929
f 927 929 930
f 930 664 659
f 930 659 927
f 659 926 927
f 931 925 926
f 931 926 927
f 927 931 928
f 932 933 934
f 932 934 935
f 932 935 936
f 936 930 929
f 936 929 932
f 928 929 932
f 928 932 937
f 932 937 933
f 934 935 938
f 934 933 938
f 939 940 941
f 939 941 942
f 939 942 943
f 939 943 944
f 939 944 945
f 939 945 940
f 946 902 903
f 946 903 947
f 946 666 671
f 946 671 947
f 948 670 671
f 948 671 947
f 948 942 941
f 948 941 947
f 949 940 941
f 949 941 947
f 949 904 903
f 949 903 947
f 950 909 910
f 950 910 951
f 950 673 677
f 950 677 951
f 677 666 951
f 666 946 951
f 946 902 951
f 902 910 951
f 915 638 952
f 638 681 952
f 681 673 952
f 673 950 952
f 950 909 952
f 909 915 952
f 664 930 953
f 664 691 953
f 935 936 954
f 935 954 955
f 695 699 954
f 695 954 955
f 699 691 954
f 691 953 954
f 953 930 954
f 930 936 954
f 956 957 958
f 956 958 959
f 959 700 695
f 959 695 956
f 695 955 956
f 955 935 956
f 957 938 935
f 957 935 956
f 958 959 960
f 958 957 960
f 961 962 963
f 961 963 964
f 961 964 965
f 961 965 966
f 961 966 967
f 961 967 962
f 968 942 943
f 968 943 969
f 968 702 707
f 968 707 969
f 970 706 707
f 970 707 969
f 970 964 963
f 970 963 969
f 971 962 963
f 971 963 969
f 971 944 943
f 971 943 969
f 948 670 972
f 670 711 972
f 711 702 972
f 702 968 972
f 968 942 972
f 942 948 972
f 700 959 973
f 700 719 973
f 974 975 976
f 974 976 977
f 977 722 719
f 977 719 974
f 719 973 974
f 973 959 974
f 975 960 959
f 975 959 974
f 976 977 978
f 976 975 978
f 979 980 981
f 979 981 982
f 979 982 983
f 979 983 984
f 979 984 985
f 979 985 980
f 986 964 965
f 986 965 987
f 986 724 729
f 986 729 987
f 988 728 729
f 988 729 987
f 988 982 981
f 988 981 987
f 989 980 981
f 989 981 987
f 989 966 965
f 989 965 987
f 970 706 990
f 706 733 990
f 733 724 990
f 724 986 990
f 986 964 990
f 964 970 990
f 722 977 991
f 722 737 991
f 992 993 994
f 992 994 995
f 740 737 992
f 740 992 995
f 737 991 992
f 991 977 992
f 978 977 992
f 978 992 993
f 994 995 996
f 994 993 996
f 997 982 983
f 997 983 998
f 998 997 999
f 998 999 1000
f 998 1000 1001
f 998 1001 1002
f 1002 984 983
f 1002 983 998
f 988 728 1003
f 728 746 1003
f 1004 745 746
f 1004 746 1003
f 1004 999 997
f 1004 997 1003
f 997 982 1003
f 982 988 1003
f 740 995 1005
f 1005 740 752
f 1005 752 1006
f 752 751 1006
f 1005 1006 1007
f 1007 1005 995
f 1007 995 1008
f 995 996 1008
f 1009 999 1000
f 1009 1000 1010
f 1010 1009 1011
f 1010 1011 1012
f 1010 1012 1013
f 1010 1013 1014
f 1014 1001 1000
f 1014 1000 1010
f 1004 745 1015
f 745 758 1015
f 1016 757 758
f 1016 758 1015
f 1016 1011 1009
f 1016 1009 1015
f 1009 999 1015
f 999 1004 1015
f 751 1006 1017
f 1017 751 764
f 1017 764 1018
f 764 763 1018
f 1017 1018 1019
f 1020 1019 1017
f 1020 1017 1006
f 1006 1007 1020
f 1021 1011 1012
f 1021 1012 1022
f 1022 1021 1023
f 1022 1023 1024
f 1022 1024 1025
f 1022 1025 1026
f 1026 1013 1012
f 1026 1012 1022
f 1016 757 1027
f 757 770 1027
f 1028 769 770
f 1028 770 1027
f 1028 1023 1021
f 1028 1021 1027
f 1021 1011 1027
f 1011 1016 1027
f 763 1018 1029
f 1030 1029 763
f 1030 763 776
f 776 775 1030
f 1029 1030 1031
f 1031 1029 1018
f 1031 1018 1032
f 1018 1019 1032
f 1033 1023 1024
f 1033 1024 1034
f 1034 1033 1035
f 1034 1035 1036
f 1034 1036 1037
f 1034 1037 1038
f 1038 1025 1024
f 1038 1024 1034
f 1028 769 1039
f 769 782 1039
f 781 782 1039
f 781 1039 1040
f 1035 1033 1039
f 1035 1039 1040
f 1033 1023 1039
f 1023 1028 1039
f 775 1030 1041
f 1042 1041 775
f 1042 775 788
f 788 787 1042
f 1041 1042 1043
f 1043 1041 1030
f 1043 1030 1044
f 1030 1031 1044
f 1035 1036 1045
f 1035 1045 1046
f 1045 1046 1047
f 1045 1047 1048
f 1045 1048 1049
f 1045 1049 1050
f 1037 1036 1045
f 1037 1045 1050
f 1040 781 1051
f 781 794 1051
f 1052 793 794
f 1052 794 1051
f 1052 1047 1046
f 1052 1046 1051
f 1046 1035 1051
f 1035 1040 1051
f 787 1042 1053
f 1054 1053 787
f 1054 787 804
f 804 803 1054
f 1053 1054 1055
f 1056 1055 1053
f 1056 1053 1042
f 1042 1043 1056
f 1048 1047 1057
f 1048 1049 1057
f 1052 793 1058
f 1059 805 793
f 1059 793 1058
f 1058 1059 1060
f 1058 1060 1061
f 1061 1057 1047
f 1061 1047 1058
f 1047 1052 1058
f 805 810 1062
f 805 1059 1062
f 821 819 1063
f 821 820 1063
f 1054 803 1064
f 1054 1064 1065
f 803 822 1064
f 822 819 1064
f 1063 819 1064
f 1063 1064 1066
f 1064 1066 1067
f 1064 1067 1065
f 1054 1065 1068
f 1054 1055 1068
f 1060 1059 1069
f 1060 1061 1069
f 1062 810 1070
f 1071 823 810
f 1071 810 1070
f 1070 1071 1072
f 1070 1072 1073
f 1073 1069 1059
f 1073 1059 1070
f 1059 1062 1070
f 823 828 1074
f 823 1071 1074
f 843 841 1075
f 843 842 1075
f 1063 820 1076
f 1063 1076 1077
f 820 844 1076
f 844 841 1076
f 1075 841 1076
f 1075 1076 1078
f 1076 1078 1079
f 1076 1079 1077
f 1063 1077 1080
f 1063 1066 1080
f 1072 1071 1081
f 1072 1073 1081
f 1074 828 1082
f 845 828 1082
f 845 1082 1083
f 1082 1083 1084
f 1082 1084 1085
f 1081 1071 1082
f 1081 1082 1085
f 1071 1074 1082
f 847 846 1086
f 1087 1086 847
f 1087 847 845
f 845 1083 1087
f 846 852 1088
f 846 1086 1088
f 865 863 1089
f 865 864 1089
f 867 866 1090
f 1091 1090 867
f 1091 867 863
f 863 1089 1091
f 1075 842 1092
f 1075 1092 1093
f 842 868 1092
f 868 866 1092
f 1090 866 1092
f 1090 1092 1094
f 1092 1094 1095
f 1092 1095 1093
f 1075 1093 1096
f 1075 1078 1096
f 1084 1083 1097
f 1084 1085 1097
f 1087 1086 1098
f 1083 1097 1099
f 1098 1099 1083
f 1098 1083 1087
f 1100 1101 1088
f 1100 1088 852
f 852 869 1100
f 1086 1098 1102
f 1101 1102 1086
f 1101 1086 1088
f 871 870 1103
f 1104 1103 871
f 1104 871 869
f 1104 869 1100
f 1104 1100 1105
f 1100 1101 1105
f 873 872 1106
f 1107 1106 873
f 1107 873 870
f 870 1103 1107
f 875 874 1108
f 1109 1108 875
f 1109 875 872
f 872 1106 1109
f 1110 1111 1112
f 876 877 1110
f 876 1110 1112
f 877 874 1110
f 1108 874 1110
f 1108 1110 1113
f 1110 1113 1114
f 1110 1114 1111
f 1089 864 1115
f 1089 1115 1116
f 864 878 1115
f 878 876 1115
f 876 1112 1115
f 1117 1111 1112
f 1117 1112 1115
f 1115 1117 1116
f 1091 1090 1118
f 1089 1116 1119
f 1119 1089 1091
f 1119 1091 1118
f 1090 1118 1120
f 1090 1094 1120
f 1104 1103 1121
f 1104 1105 1121
f 1107 1106 1122
f 1103 1121 1123
f 1122 1123 1103
f 1122 1103 1107
f 1109 1108 1124
f 1106 1122 1125
f 1125 1106 1109
f 1125 1109 1124
f 1108 1124 1126
f 1108 1113 1126
f 1127 1128 1129
f 1127 1129 1130
f 1127 1130 1131
f 1127 1131 1132
f 1127 1132 1133
f 1127 1133 1128
f 1134 1135 1136
f 1134 1136 1137
f 1134 1137 1138
f 1138 1130 1129
f 1138 1129 1134
f 1139 1128 1129
f 1139 1129 1134
f 1134 1139 1135
f 1140 1141 1142
f 1140 1142 1143
f 1140 1143 1144
f 1144 1137 1136
f 1144 1136 1140
f 1145 1135 1136
f 1145 1136 1140
f 1140 1145 1141
f 1146 1147 1148
f 1148 880 885
f 1148 885 1146
f 1149 884 885
f 1149 885 1146
f 1149 1143 1142
f 1149 1142 1146
f 1150 1141 1142
f 1150 1142 1146
f 1146 1150 1147
f 1151 1152 1153
f 1153 887 891
f 1153 891 1151
f 891 880 1151
f 880 1148 1151
f 1154 1147 1148
f 1154 1148 1151
f 1151 1154 1152
f 1155 1156 1157
f 1157 893 897
f 1157 897 1155
f 897 887 1155
f 887 1153 1155
f 1158 1152 1153
f 1158 1153 1155
f 1155 1158 1156
f 1159 1160 1161
f 1159 1161 1162
f 1162 898 893
f 1162 893 1159
f 893 1157 1159
f 1163 1156 1157
f 1163 1157 1159
f 1159 1163 1160
f 1164 1165 1166
f 1164 1166 1167
f 1164 1167 1168
f 1168 1162 1161
f 1168 1161 1164
f 1169 1160 1161
f 1169 1161 1164
f 1164 1169 1165
f 1170 1171 1172
f 1170 1172 1173
f 1170 1173 1174
f 1167 1166 1170
f 1167 1170 1174
f 1165 1166 1170
f 1165 1170 1175
f 1170 1175 1171
f 1172 1173 1176
f 1172 1171 1176
f 1177 1178 1179
f 1177 1179 1180
f 1177 1180 1181
f 1177 1181 1182
f 1177 1182 1183
f 1177 1183 1178
f 1184 1130 1131
f 1184 1131 1185
f 1184 900 905
f 1184 905 1185
f 1186 904 905
f 1186 905 1185
f 1186 1180 1179
f 1186 1179 1185
f 1187 1178 1179
f 1187 1179 1185
f 1187 1132 1131
f 1187 1131 1185
f 1188 1137 1138
f 1188 1138 1189
f 1188 907 911
f 1188 911 1189
f 911 900 1189
f 900 1184 1189
f 1184 1130 1189
f 1130 1138 1189
f 1190 1143 1144
f 1190 1144 1191
f 1190 913 916
f 1190 916 1191
f 916 907 1191
f 907 1188 1191
f 1188 1137 1191
f 1137 1144 1191
f 1149 884 1192
f 884 919 1192
f 919 913 1192
f 913 1190 1192
f 1190 1143 1192
f 1143 1149 1192
f 898 1162 1193
f 898 925 1193
f 1167 1168 1194
f 1167 1194 1195
f 928 931 1194
f 928 1194 1195
f 931 925 1194
f 925 1193 1194
f 1193 1162 1194
f 1162 1168 1194
f 1196 1173 1174
f 1196 1174 1197
f 1196 933 937
f 1196 937 1197
f 937 928 1197
f 928 1195 1197
f 1195 1167 1197
f 1167 1174 1197
f 1198 1199 1200
f 1198 1200 1201
f 1201 938 933
f 1201 933 1198
f 933 1196 1198
f 1196 1173 1198
f 1199 1176 1173
f 1199 1173 1198
f 1200 1201 1202
f 1200 1199 1202
f 1203 1204 1205
f 1203 1205 1206
f 1203 1206 1207
f 1203 1207 1208
f 1203 1208 1209
f 1203 1209 1204
f 1210 1180 1181
f 1210 1181 1211
f 1210 940 945
f 1210 945 1211
f 1212 944 945
f 1212 945 1211
f 1212 1206 1205
f 1212 1205 1211
f 1213 1204 1205
f 1213 1205 1211
f 1213 1182 1181
f 1213 1181 1211
f 1186 904 1214
f 904 949 1214
f 949 940 1214
f 940 1210 1214
f 1210 1180 1214
f 1180 1186 1214
f 938 1201 1215
f 938 957 1215
f 1216 1217 1218
f 1216 1218 1219
f 1219 960 957
f 1219 957 1216
f 957 1215 1216
f 1215 1201 1216
f 1217 1202 1201
f 1217 1201 1216
f 1218 1219 1220
f 1218 1217 1220
f 1221 1222 1223
f 1221 1223 1224
f 1221 1224 1225
f 1221 1225 1226
f 1221 1226 1227
f 1221 1227 1222
f 1228 1206 1207
f 1228 1207 1229
f 1228 962 967
f 1228 967 1229
f 1230 966 967
f 1230 967 1229
f 1230 1224 1223
f 1230 1223 1229
f 1231 1222 1223
f 1231 1223 1229
f 1231 1208 1207
f 1231 1207 1229
f 1212 944 1232
f 944 971 1232
f 971 962 1232
f 962 1228 1232
f 1228 1206 1232
f 1206 1212 1232
f 960 1219 1233
f 960 975 1233
f 1234 1235 1236
f 1234 1236 1237
f 978 975 1234
f 978 1234 1237
f 975 1233 1234
f 1233 1219 1234
f 1235 1220 1219
f 1235 1219 1234
f 1236 1237 1238
f 1236 1235 1238
f 1239 1240 1241
f 1239 1241 1242
f 1239 1242 1243
f 1239 1243 1244
f 1239 1244 1245
f 1239 1245 1240
f 1246 1224 1225
f 1246 1225 1247
f 1246 980 985
f 1246 985 1247
f 1248 984 985
f 1248 985 1247
f 1248 1242 1241
f 1248 1241 1247
f 1249 1240 1241
f 1249 1241 1247
f 1249 1226 1225
f 1249 1225 1247
f 1230 966 1250
f 966 989 1250
f 989 980 1250
f 980 1246 1250
f 1246 1224 1250
f 1224 1230 1250
f 978 1237 1251
f 978 993 1251
f 1252 1253 1254
f 1252 1254 1255
f 996 993 1252
f 996 1252 1255
f 993 1251 1252
f 1251 1237 1252
f 1238 1237 1252
f 1238 1252 1253
f 1254 1255 1256
f 1254 1253 1256
f 1257 1242 1243
f 1257 1243 1258
f 1258 1257 1259
f 1258 1259 1260
f 1258 1260 1261
f 1258 1261 1262
f 1262 1244 1243
f 1262 1243 1258
f 1248 984 1263
f 984 1002 1263
f 1264 1001 1002
f 1264 1002 1263
f 1264 1259 1257
f 1264 1257 1263
f 1257 1242 1263
f 1242 1248 1263
f 996 1255 1265
f 1265 996 1008
f 1265 1008 1266
f 1008 1007 1266
f 1265 1266 1267
f 1267 1265 1255
f 1267 1255 1268
f 1255 1256 1268
f 1269 1259 1260
f 1269 1260 1270
f 1270 1269 1271
f 1270 1271 1272
f 1270 1272 1273
f 1270 1273 1274
f 1274 1261 1260
f 1274 1260 1270
f 1264 1001 1275
f 1001 1014 1275
f 1276 1013 1014
f 1276 1014 1275
f 1276 1271 1269
f 1276 1269 1275
f 1269 1259 1275
f 1259 1264 1275
f 1007 1266 1277
f 1277 1007 1020
f 1277 1020 1278
f 1020 1019 1278
f 1277 1278 1279
f 1280 1279 1277
f 1280 1277 1266
f 1266 1267 1280
f 1281 1271 1272
f 1281 1272 1282
f 1282 1281 1283
f 1282 1283 1284
f 1282 1284 1285
f 1282 1285 1286
f 1286 1273 1272
f 1286 1272 1282
f 1276 1013 1287
f 1013 1026 1287
f 1288 1025 1026
f 1288 1026 1287
f 1288 1283 1281
f 1288 1281 1287
f 1281 1271 1287
f 1271 1276 1287
f 1019 1278 1289
f 1290 1289 1019
f 1290 1019 1032
f 1032 1031 1290
f 1289 1290 1291
f 1291 1289 1278
f 1291 1278 1292
f 1278 1279 1292
f 1293 1283 1284
f 1293 1284 1294
f 1294 1293 1295
f 1294 1295 1296
f 1294 1296 1297
f 1294 1297 1298
f 1298 1285 1284
f 1298 1284 1294
f 1288 1025 1299
f 1025 1038 1299
f 1037 1038 1299
f 1037 1299 1300
f 1295 1293 1299
f 1295 1299 1300
f 1293 1283 1299
f 1283 1288 1299
f 1031 1290 1301
f 1302 1301 1031
f 1302 1031 1044
f 1044 1043 1302
f 1301 1302 1303
f 1303 1301 1290
f 1303 1290 1304
f 1290 1291 1304
f 1295 1296 1305
f 1295 1305 1306
f 1305 1306 1307
f 1305 1307 1308
f 1305 1308 1309
f 1305 1309 1310
f 1297 1296 1305
f 1297 1305 1310
f 1300 1037 1311
f 1037 1050 1311
f 1312 1049 1050
f 1312 1050 1311
f 1312 1307 1306
f 1312 1306 1311
f 1306 1295 1311
f 1295 1300 1311
f 1043 1302 1313
f 1314 1313 1043
f 1314 1043 1056
f 1056 1055 1314
f 1313 1314 1315
f 1316 1315 1313
f 1316 1313 1302
f 1302 1303 1316
f 1308 1307 1317
f 1308 1309 1317
f 1312 1049 1318
f 1319 1057 1049
f 1319 1049 1318
f 1318 1319 1320
f 1318 1320 1321
f 1321 1317 1307
f 1321 1307 1318
f 1307 1312 1318
f 1057 1061 1322
f 1057 1319 1322
f 1067 1065 1323
f 1067 1066 1323
f 1314 1055 1324
f 1314 1324 1325
f 1055 1068 1324
f 1068 1065 1324
f 1323 1065 1324
f 1323 1324 1326
f 1324 1326 1327
f 1324 1327 1325
f 1314 1325 1328
f 1314 1315 1328
f 1320 1319 1329
f 1320 1321 1329
f 1322 1061 1330
f 1331 1069 1061
f 1331 1061 1330
f 1330 1331 1332
f 1330 1332 1333
f 1333 1329 1319
f 1333 1319 1330
f 1319 1322 1330
f 1069 1073 1334
f 1069 1331 1334
f 1079 1077 1335
f 1079 1078 1335
f 1323 1066 1336
f 1323 1336 1337
f 1066 1080 1336
f 1080 1077 1336
f 1335 1077 1336
f 1335 1336 1338
f 1336 1338 1339
f 1336 1339 1337
f 1323 1337 1340
f 1323 1326 1340
f 1332 1331 1341
f 1332 1333 1341
f 1334 1073 1342
f 1081 1073 1342
f 1081 1342 1343
f 1342 1343 1344
f 1342 1344 1345
f 1345 1341 1331
f 1345 1331 1342
f 1331 1334 1342
f 1081 1085 1346
f 1081 1343 1346
f 1095 1093 1347
f 1095 1094 1347
f 1335 1078 1348
f 1335 1348 1349
f 1078 1096 1348
f 1096 1093 1348
f 1347 1093 1348
f 1347 1348 1350
f 1348 1350 1351
f 1348 1351 1349
f 1335 1349 1352
f 1335 1338 1352
f 1344 1343 1353
f 1344 1345 1353
f 1346 1085 1354
f 1097 1085 1354
f 1097 1354 1355
f 1354 1355 1356
f 1354 1356 1357
f 1353 1343 1354
f 1353 1354 1357
f 1343 1346 1354
f 1099 1098 1358
f 1358 1099 1097
f 1358 1097 1359
f 1097 1355 1359
f 1102 1101 1360
f 1361 1360 1102
f 1361 1102 1098
f 1098 1358 1361
f 1101 1105 1362
f 1101 1360 1362
f 1114 1111 1363
f 1114 1113 1363
f 1117 1116 1364
f 1364 1117 1111
f 1364 1111 1365
f 1111 1363 1365
f 1119 1118 1366
f 1367 1366 1119
f 1367 1119 1116
f 1116 1364 1367
f 1347 1094 1368
f 1347 1368 1369
f 1094 1120 1368
f 1120 1118 1368
f 1370 1366 1118
f 1370 1118 1368
f 1368 1370 1371
f 1368 1371 1369
f 1347 1369 1372
f 1347 1350 1372
f 1356 1355 1373
f 1356 1357 1373
f 1359 1358 1374
f 1355 1373 1375
f 1374 1375 1355
f 1374 1355 1359
f 1361 1360 1376
f 1358 1374 1377
f 1376 1377 1358
f 1376 1358 1361
f 1378 1362 1105
f 1378 1105 1379
f 1105 1121 1379
f 1360 1376 1380
f 1380 1360 1362
f 1380 1362 1378
f 1381 1382 1383
f 1122 1123 1381
f 1122 1381 1383
f 1123 1121 1381
f 1121 1379 1381
f 1378 1379 1381
f 1378 1381 1384
f 1381 1384 1382
f 1385 1386 1387
f 1124 1125 1385
f 1124 1385 1387
f 1125 1122 1385
f 1122 1383 1385
f 1388 1382 1383
f 1388 1383 1385
f 1385 1388 1386
f 1389 1363 1113
f 1389 1113 1390
f 1113 1126 1390
f 1126 1124 1390
f 1124 1387 1390
f 1386 1387 1390
f 1386 1390 1391
f 1390 1391 1389
f 1365 1364 1392
f 1363 1389 1393
f 1393 1363 1365
f 1393 1365 1392
f 1367 1366 1394
f 1364 1392 1395
f 1395 1364 1367
f 1395 1367 1394
f 1366 1394 1396
f 1366 1370 1396
f 1397 1398 1399
f 1397 1399 1400
f 1397 1400 1401
f 1397 1401 1402
f 1397 1402 1403
f 1397 1403 1398
f 1404 1405 1406
f 1404 1406 1407
f 1404 1407 1408
f 1408 1400 1399
f 1408 1399 1404
f 1409 1398 1399
f 1409 1399 1404
f 1404 1409 1405
f 1410 1411 1412
f 1410 1412 1413
f 1410 1413 1414
f 1414 1407 1406
f 1414 1406 1410
f 1415 1405 1406
f 1415 1406 1410
f 1410 1415 1411
f 1416 1417 1418
f 1416 1418 1419
f 1416 1419 1420
f 1420 1413 1412
f 1420 1412 1416
f 1421 1411 1412
f 1421 1412 1416
f 1416 1421 1417
f 1422 1423 1424
f 1422 1424 1425
f 1422 1425 1426
f 1426 1419 1418
f 1426 1418 1422
f 1427 1417 1418
f 1427 1418 1422
f 1422 1427 1423
f 1428 1429 1430
f 1428 1430 1431
f 1428 1431 1432
f 1432 1425 1424
f 1432 1424 1428
f 1433 1423 1424
f 1433 1424 1428
f 1428 1433 1429
f 1434 1435 1436
f 1434 1436 1437
f 1434 1437 1438
f 1431 1430 1434
f 1431 1434 1438
f 1429 1430 1434
f 1429 1434 1439
f 1434 1439 1435
f 1436 1437 1440
f 1436 1435 1440
f 1441 1442 1443
f 1441 1443 1444
f 1441 1444 1445
f 1441 1445 1446
f 1441 1446 1447
f 1441 1447 1442
f 1448 1449 1450
f 1450 1128 1133
f 1450 1133 1448
f 1451 1132 1133
f 1451 1133 1448
f 1451 1444 1443
f 1451 1443 1448
f 1452 1442 1443
f 1452 1443 1448
f 1448 1452 1449
f 1453 1400 1401
f 1453 1401 1454
f 1453 1135 1139
f 1453 1139 1454
f 1139 1128 1454
f 1128 1450 1454
f 1455 1449 1450
f 1455 1450 1454
f 1455 1402 1401
f 1455 1401 1454
f 1456 1407 1408
f 1456 1408 1457
f 1456 1141 1145
f 1456 1145 1457
f 1145 1135 1457
f 1135 1453 1457
f 1453 1400 1457
f 1400 1408 1457
f 1458 1413 1414
f 1458 1414 1459
f 1458 1147 1150
f 1458 1150 1459
f 1150 1141 1459
f 1141 1456 1459
f 1456 1407 1459
f 1407 1414 1459
f 1460 1419 1420
f 1460 1420 1461
f 1460 1152 1154
f 1460 1154 1461
f 1154 1147 1461
f 1147 1458 1461
f 1458 1413 1461
f 1413 1420 1461
f 1425 1426 1462
f 1425 1462 1463
f 1156 1158 1462
f 1156 1462 1463
f 1158 1152 1462
f 1152 1460 1462
f 1460 1419 1462
f 1419 1426 1462
f 1431 1432 1464
f 1431 1464 1465
f 1160 1163 1464
f 1160 1464 1465
f 1163 1156 1464
f 1156 1463 1464
f 1463 1425 1464
f 1425 1432 1464
f 1466 1437 1438
f 1466 1438 1467
f 1466 1165 1169
f 1466 1169 1467
f 1169 1160 1467
f 1160 1465 1467
f 1465 1431 1467
f 1431 1438 1467
f 1468 1469 1470
f 1470 1171 1175
f 1470 1175 1468
f 1175 1165 1468
f 1165 1466 1468
f 1466 1437 1468
f 1469 1440 1437
f 1469 1437 1468
f 1471 1472 1473
f 1471 1473 1474
f 1474 1176 1171
f 1474 1171 1471
f 1171 1470 1471
f 1475 1469 1470
f 1475 1470 1471
f 1471 1475 1472
f 1473 1474 1476
f 1473 1472 1476
f 1477 1478 1479
f 1477 1479 1480
f 1477 1480 1481
f 1477 1481 1482
f 1477 1482 1483
f 1477 1483 1478
f 1484 1444 1445
f 1484 1445 1485
f 1484 1178 1183
f 1484 1183 1485
f 1486 1182 1183
f 1486 1183 1485
f 1486 1480 1479
f 1486 1479 1485
f 1487 1478 1479
f 1487 1479 1485
f 1487 1446 1445
f 1487 1445 1485
f 1451 1132 1488
f 1132 1187 1488
f 1187 1178 1488
f 1178 1484 1488
f 1484 1444 1488
f 1444 1451 1488
f 1176 1474 1489
f 1176 1199 1489
f 1490 1491 1492
f 1490 1492 1493
f 1493 1202 1199
f 1493 1199 1490
f 1199 1489 1490
f 1489 1474 1490
f 1491 1476 1474
f 1491 1474 1490
f 1492 1493 1494
f 1492 1491 1494
f 1495 1496 1497
f 1495 1497 1498
f 1495 1498 1499
f 1495 1499 1500
f 1495 1500 1501
f 1495 1501 1496
f 1502 1480 1481
f 1502 1481 1503
f 1502 1204 1209
f 1502 1209 1503
f 1504 1208 1209
f 1504 1209 1503
f 1504 1498 1497
f 1504 1497 1503
f 1505 1496 1497
f 1505 1497 1503
f 1505 1482 1481
f 1505 1481 1503
f 1486 1182 1506
f 1182 1213 1506
f 1213 1204 1506
f 1204 1502 1506
f 1502 1480 1506
f 1480 1486 1506
f 1202 1493 1507
f 1202 1217 1507
f 1508 1509 1510
f 1508 1510 1511
f 1511 1220 1217
f 1511 1217 1508
f 1217 1507 1508
f 1507 1493 1508
f 1509 1494 1493
f 1509 1493 1508
f 1510 1511 1512
f 1510 1509 1512
f 1513 1514 1515
f 1513 1515 1516
f 1513 1516 1517
f 1513 1517 1518
f 1513 1518 1519
f 1513 1519 1514
f 1520 1498 1499
f 1520 1499 1521
f 1520 1222 1227
f 1520 1227 1521
f 1522 1226 1227
f 1522 1227 1521
f 1522 1516 1515
f 1522 1515 1521
f 1523 1514 1515
f 1523 1515 1521
f 1523 1500 1499
f 1523 1499 1521
f 1504 1208 1524
f 1208 1231 1524
f 1231 1222 1524
f 1222 1520 1524
f 1520 1498 1524
f 1498 1504 1524
f 1220 1511 1525
f 1220 1235 1525
f 1526 1527 1528
f 1526 1528 1529
f 1238 1235 1526
f 1238 1526 1529
f 1235 1525 1526
f 1525 1511 1526
f 1512 1511 1526
f 1512 1526 1527
f 1528 1529 1530
f 1528 1527 1530
f 1531 1532 1533
f 1531 1533 1534
f 1531 1534 1535
f 1531 1535 1536
f 1531 1536 1537
f 1531 1537 1532
f 1538 1516 1517
f 1538 1517 1539
f 1538 1240 1245
f 1538 1245 1539
f 1540 1244 1245
f 1540 1245 1539
f 1540 1534 1533
f 1540 1533 1539
f 1541 1532 1533
f 1541 1533 1539
f 1541 1518 1517
f 1541 1517 1539
f 1522 1226 1542
f 1226 1249 1542
f 1249 1240 1542
f 1240 1538 1542
f 1538 1516 1542
f 1516 1522 1542
f 1238 1529 1543
f 1238 1253 1543
f 1544 1545 1546
f 1544 1546 1547
f 1256 1253 1544
f 1256 1544 1547
f 1253 1543 1544
f 1543 1529 1544
f 1530 1529 1544
f 1530 1544 1545
f 1546 1547 1548
f 1546 1545 1548
f 1549 1534 1535
f 1549 1535 1550
f 1550 1549 1551
f 1550 1551 1552
f 1550 1552 1553
f 1550 1553 1554
f 1554 1536 1535
f 1554 1535 1550
f 1540 1244 1555
f 1244 1262 1555
f 1556 1261 1262
f 1556 1262 1555
f 1556 1551 1549
f 1556 1549 1555
f 1549 1534 1555
f 1534 1540 1555
f 1256 1547 1557
f 1557 1256 1268
f 1557 1268 1558
f 1268 1267 1558
f 1557 1558 1559
f 1559 1557 1547
f 1559 1547 1560
f 1547 1548 1560
f 1561 1551 1552
f 1561 1552 1562
f 1562 1561 1563
f 1562 1563 1564
f 1562 1564 1565
f 1562 1565 1566
f 1566 1553 1552
f 1566 1552 1562
f 1556 1261 1567
f 1261 1274 1567
f 1568 1273 1274
f 1568 1274 1567
f 1568 1563 1561
f 1568 1561 1567
f 1561 1551 1567
f 1551 1556 1567
f 1267 1558 1569
f 1569 1267 1280
f 1569 1280 1570
f 1280 1279 1570
f 1569 1570 1571
f 1571 1569 1558
f 1571 1558 1572
f 1558 1559 1572
f 1573 1563 1564
f 1573 1564 1574
f 1574 1573 1575
f 1574 1575 1576
f 1574 1576 1577
f 1574 1577 1578
f 1578 1565 1564
f 1578 1564 1574
f 1568 1273 1579
f 1273 1286 1579
f 1580 1285 1286
f 1580 1286 1579
f 1580 1575 1573
f 1580 1573 1579
f 1573 1563 1579
f 1563 1568 1579
f 1279 1570 1581
f 1582 1581 1279
f 1582 1279 1292
f 1292 1291 1582
f 1581 1582 1583
f 1583 1581 1570
f 1583 1570 1584
f 1570 1571 1584
f 1585 1575 1576
f 1585 1576 1586
f 1586 1585 1587
f 1586 1587 1588
f 1586 1588 1589
f 1586 1589 1590
f 1590 1577 1576
f 1590 1576 1586
f 1580 1285 1591
f 1285 1298 1591
f 1297 1298 1591
f 1297 1591 1592
f 1592 1587 1585
f 1592 1585 1591
f 1585 1575 1591
f 1575 1580 1591
f 1291 1582 1593
f 1594 1593 1291
f 1594 1291 1304
f 1304 1303 1594
f 1593 1594 1595
f 1595 1593 1582
f 1595 1582 1596
f 1582 1583 1596
f 1587 1588 1597
f 1587 1597 1598
f 1597 1598 1599
f 1597 1599 1600
f 1597 1600 1601
f 1597 1601 1602
f 1589 1588 1597
f 1589 1597 1602
f 1592 1297 1603
f 1297 1310 1603
f 1604 1309 1310
f 1604 1310 1603
f 1604 1599 1598
f 1604 1598 1603
f 1598 1587 1603
f 1587 1592 1603
f 1303 1594 1605
f 1606 1605 1303
f 1606 1303 1316
f 1316 1315 1606
f 1605 1606 1607
f 1608 1607 1605
f 1608 1605 1594
f 1594 1595 1608
f 1600 1599 1609
f 1600 1601 1609
f 1604 1309 1610
f 1611 1317 1309
f 1611 1309 1610
f 1610 1611 1612
f 1610 1612 1613
f 1613 1609 1599
f 1613 1599 1610
f 1599 1604 1610
f 1317 1321 1614
f 1317 1611 1614
f 1327 1325 1615
f 1327 1326 1615
f 1616 1606 1315
f 1616 1315 1617
f 1315 1328 1617
f 1328 1325 1617
f 1615 1325 1617
f 1615 1617 1618
f 1617 1618 1619
f 1617 1619 1616
f 1606 1616 1620
f 1606 1607 1620
f 1612 1611 1621
f 1612 1613 1621
f 1614 1321 1622
f 1623 1329 1321
f 1623 1321 1622
f 1622 1623 1624
f 1622 1624 1625
f 1625 1621 1611
f 1625 1611 1622
f 1611 1614 1622
f 1329 1333 1626
f 1329 1623 1626
f 1339 1337 1627
f 1339 1338 1627
f 1615 1326 1628
f 1615 1628 1629
f 1326 1340 1628
f 1340 1337 1628
f 1627 1337 1628
f 1627 1628 1630
f 1628 1630 1631
f 1628 1631 1629
f 1615 1629 1632
f 1615 1618 1632
f 1633 1623 1624
f 1633 1624 1634
f 1634 1633 1635
f 1634 1635 1636
f 1634 1636 1637
f 1634 1637 1638
f 1638 1625 1624
f 1638 1624 1634
f 1626 1333 1639
f 1341 1333 1639
f 1341 1639 1640
f 1639 1640 1641
f 1635 1633 1639
f 1635 1639 1641
f 1633 1623 1639
f 1623 1626 1639
f 1341 1345 1642
f 1341 1640 1642
f 1351 1349 1643
f 1351 1350 1643
f 1338 1627 1644
f 1645 1644 1338
f 1645 1338 1352
f 1646 1645 1352
f 1646 1352 1349
f 1349 1643 1646
f 1644 1645 1647
f 1647 1644 1627
f 1647 1627 1648
f 1627 1630 1648
f 1636 1635 1649
f 1636 1637 1649
f 1641 1640 1650
f 1635 1649 1651
f 1650 1651 1635
f 1650 1635 1641
f 1642 1345 1652
f 1353 1345 1652
f 1353 1652 1653
f 1652 1653 1654
f 1652 1654 1655
f 1650 1640 1652
f 1650 1652 1655
f 1640 1642 1652
f 1353 1357 1656
f 1353 1653 1656
f 1371 1369 1657
f 1371 1370 1657
f 1658 1643 1350
f 1658 1350 1659
f 1350 1372 1659
f 1372 1369 1659
f 1657 1369 1659
f 1657 1659 1660
f 1659 1660 1661
f 1659 1661 1658
f 1646 1645 1662
f 1643 1658 1663
f 1663 1643 1646
f 1663 1646 1662
f 1645 1662 1664
f 1645 1647 1664
f 1654 1653 1665
f 1654 1655 1665
f 1666 1667 1656
f 1666 1656 1357
f 1357 1373 1666
f 1653 1665 1668
f 1667 1668 1653
f 1667 1653 1656
f 1375 1374 1669
f 1669 1375 1373
f 1669 1373 1670
f 1670 1373 1666
f 1670 1666 1671
f 1666 1667 1671
f 1377 1376 1672
f 1673 1672 1377
f 1673 1377 1374
f 1374 1669 1673
f 1380 1378 1674
f 1675 1674 1380
f 1675 1380 1376
f 1376 1672 1675
f 1384 1382 1676
f 1677 1676 1384
f 1677 1384 1378
f 1378 1674 1677
f 1388 1386 1678
f 1678 1388 1382
f 1678 1382 1679
f 1382 1676 1679
f 1391 1389 1680
f 1680 1391 1386
f 1680 1386 1681
f 1386 1678 1681
f 1393 1392 1682
f 1683 1682 1393
f 1683 1393 1389
f 1389 1680 1683
f 1684 1685 1686
f 1394 1395 1684
f 1394 1684 1686
f 1395 1392 1684
f 1682 1392 1684
f 1682 1684 1687
f 1684 1687 1688
f 1684 1688 1685
f 1657 1370 1689
f 1657 1689 1690
f 1370 1396 1689
f 1396 1394 1689
f 1394 1686 1689
f 1691 1685 1686
f 1691 1686 1689
f 1689 1691 1690
f 1657 1690 1692
f 1657 1660 1692
f 1670 1669 1693
f 1670 1671 1693
f 1673 1672 1694
f 1669 1693 1695
f 1694 1695 1669
f 1694 1669 1673
f 1675 1674 1696
f 1672 1694 1697
f 1697 1672 1675
f 1697 1675 1696
f 1677 1676 1698
f 1674 1696 1699
f 1699 1674 1677
f 1699 1677 1698
f 1679 1678 1700
f 1676 1698 1701
f 1701 1676 1679
f 1701 1679 1700
f 1681 1680 1702
f 1678 1700 1703
f 1703 1678 1681
f 1703 1681 1702
f 1683 1682 1704
f 1680 1702 1705
f 1705 1680 1683
f 1705 1683 1704
f 1682 1704 1706
f 1682 1687 1706
f 1707 1708 1709
f 1707 1709 1710
f 1707 1710 1711
f 1707 1711 1712
f 1707 1712 1713
f 1707 1713 1708
f 1714 1715 1716
f 1714 1716 1717
f 1714 1717 1718
f 1718 1710 1709
f 1718 1709 1714
f 1719 1708 1709
f 1719 1709 1714
f 1714 1719 1715
f 1720 1721 1722
f 1720 1722 1723
f 1720 1723 1724
f 1717 1716 1720
f 1717 1720 1724
f 1715 1716 1720
f 1715 1720 1725
f 1720 1725 1721
f 1722 1723 1726
f 1722 1721 1726
f 1727 1728 1729
f 1727 1729 1730
f 1727 1730 1731
f 1727 1731 1732
f 1727 1732 1733
f 1727 1733 1728
f 1734 1735 1736
f 1734 1736 1737
f 1734 1737 1738
f 1738 1730 1729
f 1738 1729 1734
f 1739 1728 1729
f 1739 1729 1734
f 1734 1739 1735
f 1740 1741 1742
f 1742 1398 1403
f 1742 1403 1740
f 1743 1402 1403
f 1743 1403 1740
f 1743 1737 1736
f 1743 1736 1740
f 1744 1735 1736
f 1744 1736 1740
f 1740 1744 1741
f 1745 1746 1747
f 1747 1405 1409
f 1747 1409 1745
f 1409 1398 1745
f 1398 1742 1745
f 1748 1741 1742
f 1748 1742 1745
f 1745 1748 1746
f 1749 1710 1711
f 1749 1711 1750
f 1749 1411 1415
f 1749 1415 1750
f 1415 1405 1750
f 1405 1747 1750
f 1751 1746 1747
f 1751 1747 1750
f 1751 1712 1711
f 1751 1711 1750
f 1752 1717 1718
f 1752 1718 1753
f 1752 1417 1421
f 1752 1421 1753
f 1421 1411 1753
f 1411 1749 1753
f 1749 1710 1753
f 1710 1718 1753
f 1754 1723 1724
f 1754 1724 1755
f 1754 1423 1427
f 1754 1427 1755
f 1427 1417 1755
f 1417 1752 1755
f 1752 1717 1755
f 1717 1724 1755
f 1756 1757 1758
f 1758 1429 1433
f 1758 1433 1756
f 1433 1423 1756
f 1423 1754 1756
f 1754 1723 1756
f 1757 1726 1723
f 1757 1723 1756
f 1759 1760 1761
f 1761 1435 1439
f 1761 1439 1759
f 1439 1429 1759
f 1429 1758 1759
f 1762 1757 1758
f 1762 1758 1759
f 1759 1762 1760
f 1763 1764 1765
f 1763 1765 1766
f 1766 1440 1435
f 1766 1435 1763
f 1435 1761 1763
f 1767 1760 1761
f 1767 1761 1763
f 1763 1767 1764
f 1768 1769 1770
f 1768 1770 1771
f 1768 1771 1772
f 1766 1765 1768
f 1766 1768 1772
f 1764 1765 1768
f 1764 1768 1773
f 1768 1773 1769
f 1770 1771 1774
f 1770 1769 1774
f 1775 1776 1777
f 1775 1777 1778
f 1775 1778 1779
f 1775 1779 1780
f 1775 1780 1781
f 1775 1781 1776
f 1782 1730 1731
f 1782 1731 1783
f 1782 1442 1447
f 1782 1447 1783
f 1784 1446 1447
f 1784 1447 1783
f 1784 1778 1777
f 1784 1777 1783
f 1785 1776 1777
f 1785 1777 1783
f 1785 1732 1731
f 1785 1731 1783
f 1786 1737 1738
f 1786 1738 1787
f 1786 1449 1452
f 1786 1452 1787
f 1452 1442 1787
f 1442 1782 1787
f 1782 1730 1787
f 1730 1738 1787
f 1743 1402 1788
f 1402 1455 1788
f 1455 1449 1788
f 1449 1786 1788
f 1786 1737 1788
f 1737 1743 1788
f 1440 1766 1789
f 1440 1469 1789
f 1790 1771 1772
f 1790 1772 1791
f 1472 1475 1791
f 1472 1791 1790
f 1475 1469 1791
f 1469 1789 1791
f 1789 1766 1791
f 1766 1772 1791
f 1792 1793 1794
f 1792 1794 1795
f 1795 1476 1472
f 1795 1472 1792
f 1472 1790 1792
f 1790 1771 1792
f 1793 1774 1771
f 1793 1771 1792
f 1794 1795 1796
f 1794 1793 1796
f 1797 1798 1799
f 1797 1799 1800
f 1797 1800 1801
f 1797 1801 1802
f 1797 1802 1803
f 1797 1803 1798
f 1804 1778 1779
f 1804 1779 1805
f 1804 1478 1483
f 1804 1483 1805
f 1806 1482 1483
f 1806 1483 1805
f 1806 1800 1799
f 1806 1799 1805
f 1807 1798 1799
f 1807 1799 1805
f 1807 1780 1779
f 1807 1779 1805
f 1784 1446 1808
f 1446 1487 1808
f 1487 1478 1808
f 1478 1804 1808
f 1804 1778 1808
f 1778 1784 1808
f 1476 1795 1809
f 1476 1491 1809
f 1810 1811 1812
f 1810 1812 1813
f 1813 1494 1491
f 1813 1491 1810
f 1491 1809 1810
f 1809 1795 1810
f 1811 1796 1795
f 1811 1795 1810
f 1812 1813 1814
f 1812 1811 1814
f 1815 1816 1817
f 1815 1817 1818
f 1815 1818 1819
f 1815 1819 1820
f 1815 1820 1821
f 1815 1821 1816
f 1822 1800 1801
f 1822 1801 1823
f 1822 1496 1501
f 1822 1501 1823
f 1824 1500 1501
f 1824 1501 1823
f 1824 1818 1817
f 1824 1817 1823
f 1825 1816 1817
f 1825 1817 1823
f 1825 1802 1801
f 1825 1801 1823
f 1806 1482 1826
f 1482 1505 1826
f 1505 1496 1826
f 1496 1822 1826
f 1822 1800 1826
f 1800 1806 1826
f 1494 1813 1827
f 1494 1509 1827
f 1828 1829 1830
f 1828 1830 1831
f 1512 1509 1828
f 1512 1828 1831
f 1509 1827 1828
f 1827 1813 1828
f 1814 1813 1828
f 1814 1828 1829
f 1830 1831 1832
f 1830 1829 1832
f 1833 1834 1835
f 1833 1835 1836
f 1833 1836 1837
f 1833 1837 1838
f 1833 1838 1839
f 1833 1839 1834
f 1840 1818 1819
f 1840 1819 1841
f 1840 1514 1519
f 1840 1519 1841
f 1842 1518 1519
f 1842 1519 1841
f 1842 1836 1835
f 1842 1835 1841
f 1843 1834 1835
f 1843 1835 1841
f 1843 1820 1819
f 1843 1819 1841
f 1824 1500 1844
f 1500 1523 1844
f 1523 1514 1844
f 1514 1840 1844
f 1840 1818 1844
f 1818 1824 1844
f 1512 1831 1845
f 1512 1527 1845
f 1846 1847 1848
f 1846 1848 1849
f 1530 1527 1846
f 1530 1846 1849
f 1527 1845 1846
f 1845 1831 1846
f 1832 1831 1846
f 1832 1846 1847
f 1848 1849 1850
f 1848 1847 1850
f 1851 1836 1837
f 1851 1837 1852
f 1851 1532 1537
f 1851 1537 1852
f 1853 1536 1537
f 1853 1537 1852
f 1852 1853 1854
f 1852 1854 1855
f 1855 1838 1837
f 1855 1837 1852
f 1842 1518 1856
f 1518 1541 1856
f 1541 1532 1856
f 1532 1851 1856
f 1851 1836 1856
f 1836 1842 1856
f 1530 1849 1857
f 1530 1545 1857
f 1545 1548 1858
f 1859 1858 1545
f 1859 1545 1857
f 1860 1859 1857
f 1860 1857 1849
f 1849 1850 1860
f 1861 1862 1863
f 1861 1863 1864
f 1861 1864 1865
f 1861 1865 1866
f 1861 1866 1867
f 1861 1867 1862
f 1853 1536 1868
f 1536 1554 1868
f 1869 1553 1554
f 1869 1554 1868
f 1869 1864 1863
f 1869 1863 1868
f 1870 1862 1863
f 1870 1863 1868
f 1870 1854 1853
f 1870 1853 1868
f 1871 1872 1858
f 1871 1858 1548
f 1873 1871 1548
f 1873 1548 1560
f 1560 1559 1873
f 1858 1859 1872
f 1871 1873 1874
f 1871 1872 1874
f 1875 1864 1865
f 1875 1865 1876
f 1876 1875 1877
f 1876 1877 1878
f 1876 1878 1879
f 1876 1879 1880
f 1880 1866 1865
f 1880 1865 1876
f 1869 1553 1881
f 1553 1566 1881
f 1882 1565 1566
f 1882 1566 1881
f 1882 1877 1875
f 1882 1875 1881
f 1875 1864 1881
f 1864 1869 1881
f 1559 1873 1883
f 1884 1883 1559
f 1884 1559 1572
f 1572 1571 1884
f 1883 1884 1885
f 1885 1883 1873
f 1885 1873 1886
f 1873 1874 1886
f 1887 1877 1878
f 1887 1878 1888
f 1888 1887 1889
f 1888 1889 1890
f 1888 1890 1891
f 1888 1891 1892
f 1892 1879 1878
f 1892 1878 1888
f 1882 1565 1893
f 1565 1578 1893
f 1894 1577 1578
f 1894 1578 1893
f 1894 1889 1887
f 1894 1887 1893
f 1887 1877 1893
f 1877 1882 1893
f 1571 1884 1895
f 1896 1895 1571
f 1896 1571 1584
f 1584 1583 1896
f 1895 1896 1897
f 1897 1895 1884
f 1897 1884 1898
f 1884 1885 1898
f 1889 1890 1899
f 1889 1899 1900
f 1899 1900 1901
f 1899 1901 1902
f 1899 1902 1903
f 1899 1903 1904
f 1891 1890 1899
f 1891 1899 1904
f 1894 1577 1905
f 1577 1590 1905
f 1906 1589 1590
f 1906 1590 1905
f 1906 1901 1900
f 1906 1900 1905
f 1900 1889 1905
f 1889 1894 1905
f 1583 1896 1907
f 1908 1907 1583
f 1908 1583 1596
f 1596 1595 1908
f 1907 1908 1909
f 1910 1909 1907
f 1910 1907 1896
f 1896 1897 1910
f 1902 1901 1911
f 1902 1903 1911
f 1906 1589 1912
f 1589 1602 1912
f 1913 1601 1602
f 1913 1602 1912
f 1912 1913 1914
f 1914 1911 1901
f 1914 1901 1912
f 1901 1906 1912
f 1915 1908 1595
f 1915 1595 1916
f 1595 1608 1916
f 1917 1607 1608
f 1917 1608 1916
f 1916 1917 1918
f 1916 1918 1919
f 1916 1919 1915
f 1908 1915 1920
f 1908 1909 1920
f 1913 1601 1921
f 1922 1609 1601
f 1922 1601 1921
f 1921 1922 1923
f 1921 1923 1924
f 1921 1924 1925
f 1925 1914 1913
f 1925 1913 1921
f 1609 1613 1926
f 1609 1922 1926
f 1619 1616 1927
f 1619 1618 1927
f 1917 1607 1928
f 1607 1620 1928
f 1620 1616 1928
f 1927 1616 1928
f 1927 1928 1929
f 1928 1929 1930
f 1918 1917 1928
f 1918 1928 1930
f 1923 1922 1931
f 1923 1924 1931
f 1926 1613 1932
f 1933 1621 1613
f 1933 1613 1932
f 1932 1933 1934
f 1932 1934 1935
f 1935 1931 1922
f 1935 1922 1932
f 1922 1926 1932
f 1621 1625 1936
f 1621 1933 1936
f 1631 1629 1937
f 1631 1630 1937
f 1927 1618 1938
f 1927 1938 1939
f 1618 1632 1938
f 1632 1629 1938
f 1940 1937 1629
f 1940 1629 1938
f 1938 1940 1941
f 1938 1941 1939
f 1927 1939 1942
f 1927 1929 1942
f 1934 1933 1943
f 1934 1935 1943
f 1936 1625 1944
f 1625 1638 1944
f 1637 1638 1944
f 1637 1944 1945
f 1944 1945 1946
f 1943 1933 1944
f 1943 1944 1946
f 1933 1936 1944
f 1947 1937 1630
f 1947 1630 1948
f 1630 1648 1948
f 1647 1648 1948
f 1647 1948 1949
f 1948 1949 1950
f 1948 1950 1951
f 1948 1951 1947
f 1937 1947 1952
f 1937 1940 1952
f 1953 1945 1637
f 1953 1637 1954
f 1637 1649 1954
f 1945 1946 1953
f 1651 1650 1955
f 1955 1651 1649
f 1955 1649 1956
f 1956 1649 1954
f 1956 1954 1957
f 1954 1953 1957
f 1650 1655 1958
f 1650 1955 1958
f 1661 1658 1959
f 1661 1660 1959
f 1960 1961 1962
f 1962 1662 1663
f 1962 1663 1960
f 1663 1658 1960
f 1959 1658 1960
f 1959 1960 1963
f 1960 1963 1964
f 1960 1964 1961
f 1949 1647 1965
f 1647 1664 1965
f 1664 1662 1965
f 1662 1962 1965
f 1961 1962 1965
f 1961 1965 1966
f 1966 1950 1949
f 1966 1949 1965
f 1956 1955 1967
f 1956 1957 1967
f 1958 1655 1968
f 1665 1655 1968
f 1665 1968 1969
f 1968 1969 1970
f 1968 1970 1971
f 1967 1955 1968
f 1967 1968 1971
f 1955 1958 1968
f 1668 1667 1972
f 1973 1972 1668
f 1973 1668 1665
f 1665 1969 1973
f 1667 1671 1974
f 1667 1972 1974
f 1688 1685 1975
f 1688 1687 1975
f 1691 1690 1976
f 1976 1691 1685
f 1976 1685 1977
f 1685 1975 1977
f 1978 1959 1660
f 1978 1660 1979
f 1660 1692 1979
f 1692 1690 1979
f 1980 1976 1690
f 1980 1690 1979
f 1979 1980 1981
f 1979 1981 1978
f 1959 1978 1982
f 1959 1963 1982
f 1970 1969 1983
f 1970 1971 1983
f 1973 1972 1984
f 1969 1983 1985
f 1984 1985 1969
f 1984 1969 1973
f 1986 1974 1671
f 1986 1671 1987
f 1671 1693 1987
f 1972 1984 1988
f 1988 1972 1974
f 1988 1974 1986
f 1695 1694 1989
f 1990 1989 1695
f 1990 1695 1693
f 1991 1990 1693
f 1991 1693 1987
f 1987 1986 1991
f 1697 1696 1992
f 1993 1992 1697
f 1993 1697 1694
f 1694 1989 1993
f 1699 1698 1994
f 1995 1994 1699
f 1995 1699 1696
f 1696 1992 1995
f 1701 1700 1996
f 1997 1996 1701
f 1997 1701 1698
f 1698 1994 1997
f 1703 1702 1998
f 1999 1998 1703
f 1999 1703 1700
f 1700 1996 1999
f 2000 2001 2002
f 1704 1705 2000
f 1704 2000 2002
f 1705 1702 2000
f 2003 1998 1702
f 2003 1702 2000
f 2000 2003 2004
f 2000 2004 2001
f 2005 1975 1687
f 2005 1687 2006
f 1687 1706 2006
f 1706 1704 2006
f 1704 2002 2006
f 2007 2001 2002
f 2007 2002 2006
f 2006 2007 2005
f 1977 1976 2008
f 1975 2005 2009
f 2009 1975 1977
f 2009 1977 2008
f 1976 2008 2010
f 1976 1980 2010
f 1990 1989 2011
f 1990 1991 2011
f 1993 1992 2012
f 1989 2011 2013
f 2012 2013 1989
f 2012 1989 1993
f 1995 1994 2014
f 1992 2012 2015
f 2015 1992 1995
f 2015 1995 2014
f 1997 1996 2016
f 1994 2014 2017
f 2017 1994 1997
f 2017 1997 2016
f 1999 1998 2018
f 1996 2016 2019
f 2019 1996 1999
f 2019 1999 2018
f 1998 2018 2020
f 1998 2003 2020
f 2021 2022 2023
f 2021 2023 2024
f 2021 2024 2025
f 2021 2025 2026
f 2021 2026 2027
f 2021 2027 2022
f 2028 2029 2030
f 2028 2030 2031
f 2028 2031 2032
f 2032 2024 2023
f 2032 2023 2028
f 2033 2022 2023
f 2033 2023 2028
f 2028 2033 2029
f 2034 2035 2036
f 2034 2036 2037
f 2034 2037 2038
f 2038 2031 2030
f 2038 2030 2034
f 2039 2029 2030
f 2039 2030 2034
f 2034 2039 2035
f 2040 2041 2042
f 2042 1708 1713
f 2042 1713 2040
f 2043 1712 1713
f 2043 1713 2040
f 2043 2037 2036
f 2043 2036 2040
f 2044 2035 2036
f 2044 2036 2040
f 2040 2044 2041
f 2045 2046 2047
f 2047 1715 1719
f 2047 1719 2045
f 1719 1708 2045
f 1708 2042 2045
f 2048 2041 2042
f 2048 2042 2045
f 2045 2048 2046
f 2049 2050 2051
f 2051 1721 1725
f 2051 1725 2049
f 1725 1715 2049
f 1715 2047 2049
f 2052 2046 2047
f 2052 2047 2049
f 2049 2052 2050
f 2053 2054 2055
f 2053 2055 2056
f 2056 1726 1721
f 2056 1721 2053
f 1721 2051 2053
f 2057 2050 2051
f 2057 2051 2053
f 2053 2057 2054
f 2058 2059 2060
f 2058 2060 2061
f 2058 2061 2062
f 2062 2056 2055
f 2062 2055 2058
f 2063 2054 2055
f 2063 2055 2058
f 2058 2063 2059
f 2064 2065 2066
f 2064 2066 2067
f 2064 2067 2068
f 2061 2060 2064
f 2061 2064 2068
f 2059 2060 2064
f 2059 2064 2069
f 2064 2069 2065
f 2066 2067 2070
f 2066 2065 2070
f 2071 2072 2073
f 2071 2073 2074
f 2071 2074 2075
f 2071 2075 2076
f 2071 2076 2077
f 2071 2077 2072
f 2078 2079 2080
f 2080 1728 1733
f 2080 1733 2078
f 2081 1732 1733
f 2081 1733 2078
f 2081 2074 2073
f 2081 2073 2078
f 2082 2072 2073
f 2082 2073 2078
f 2078 2082 2079
f 2083 2024 2025
f 2083 2025 2084
f 2083 1735 1739
f 2083 1739 2084
f 1739 1728 2084
f 1728 2080 2084
f 2085 2079 2080
f 2085 2080 2084
f 2085 2026 2025
f 2085 2025 2084
f 2086 2031 2032
f 2086 2032 2087
f 2086 1741 1744
f 2086 1744 2087
f 1744 1735 2087
f 1735 2083 2087
f 2083 2024 2087
f 2024 2032 2087
f 2088 2037 2038
f 2088 2038 2089
f 2088 1746 1748
f 2088 1748 2089
f 1748 1741 2089
f 1741 2086 2089
f 2086 2031 2089
f 2031 2038 2089
f 2043 1712 2090
f 1712 1751 2090
f 1751 1746 2090
f 1746 2088 2090
f 2088 2037 2090
f 2037 2043 2090
f 1726 2056 2091
f 1726 1757 2091
f 2061 2062 2092
f 2061 2092 2093
f 1760 1762 2092
f 1760 2092 2093
f 1762 1757 2092
f 1757 2091 2092
f 2091 2056 2092
f 2056 2062 2092
f 2094 2067 2068
f 2094 2068 2095
f 1764 1767 2095
f 1764 2095 2094
f 1767 1760 2095
f 1760 2093 2095
f 2093 2061 2095
f 2061 2068 2095
f 2096 2097 2098
f 2098 1769 1773
f 2098 1773 2096
f 1773 1764 2096
f 1764 2094 2096
f 2094 2067 2096
f 2097 2070 2067
f 2097 2067 2096
f 2099 2100 2101
f 2099 2101 2102
f 2102 1774 1769
f 2102 1769 2099
f 1769 2098 2099
f 2097 2098 2099
f 2097 2099 2103
f 2099 2103 2100
f 2101 2102 2104
f 2101 2100 2104
f 2105 2106 2107
f 2105 2107 2108
f 2105 2108 2109
f 2105 2109 2110
f 2105 2110 2111
f 2105 2111 2106
f 2112 2074 2075
f 2112 2075 2113
f 2112 1776 1781
f 2112 1781 2113
f 2114 1780 1781
f 2114 1781 2113
f 2114 2108 2107
f 2114 2107 2113
f 2115 2106 2107
f 2115 2107 2113
f 2115 2076 2075
f 2115 2075 2113
f 2081 1732 2116
f 1732 1785 2116
f 1785 1776 2116
f 1776 2112 2116
f 2112 2074 2116
f 2074 2081 2116
f 1774 2102 2117
f 1774 1793 2117
f 2118 2119 2120
f 2118 2120 2121
f 2121 1796 1793
f 2121 1793 2118
f 1793 2117 2118
f 2117 2102 2118
f 2119 2104 2102
f 2119 2102 2118
f 2120 2121 2122
f 2120 2119 2122
f 2123 2124 2125
f 2123 2125 2126
f 2123 2126 2127
f 2123 2127 2128
f 2123 2128 2129
f 2123 2129 2124
f 2130 2108 2109
f 2130 2109 2131
f 2130 1798 1803
f 2130 1803 2131
f 2132 1802 1803
f 2132 1803 2131
f 2132 2126 2125
f 2132 2125 2131
f 2133 2124 2125
f 2133 2125 2131
f 2133 2110 2109
f 2133 2109 2131
f 2114 1780 2134
f 1780 1807 2134
f 1807 1798 2134
f 1798 2130 2134
f 2130 2108 2134
f 2108 2114 2134
f 1796 2121 2135
f 1796 1811 2135
f 2136 2137 2138
f 2136 2138 2139
f 2139 1814 1811
f 2139 1811 2136
f 1811 2135 2136
f 2135 2121 2136
f 2137 2122 2121
f 2137 2121 2136
f 2138 2139 2140
f 2138 2137 2140
f 2141 2142 2143
f 2141 2143 2144
f 2141 2144 2145
f 2141 2145 2146
f 2141 2146 2147
f 2141 2147 2142
f 2148 2126 2127
f 2148 2127 2149
f 2148 1816 1821
f 2148 1821 2149
f 2150 1820 1821
f 2150 1821 2149
f 2150 2144 2143
f 2150 2143 2149
f 2151 2142 2143
f 2151 2143 2149
f 2151 2128 2127
f 2151 2127 2149
f 2132 1802 2152
f 1802 1825 2152
f 1825 1816 2152
f 1816 2148 2152
f 2148 2126 2152
f 2126 2132 2152
f 1814 2139 2153
f 1814 1829 2153
f 2154 2155 2156
f 2154 2156 2157
f 1832 1829 2154
f 1832 2154 2157
f 1829 2153 2154
f 2153 2139 2154
f 2140 2139 2154
f 2140 2154 2155
f 2156 2157 2158
f 2156 2155 2158
f 2159 2160 2161
f 2159 2161 2162
f 2159 2162 2163
f 2159 2163 2164
f 2159 2164 2165
f 2159 2165 2160
f 2166 2144 2145
f 2166 2145 2167
f 2166 1834 1839
f 2166 1839 2167
f 2168 1838 1839
f 2168 1839 2167
f 2168 2162 2161
f 2168 2161 2167
f 2169 2160 2161
f 2169 2161 2167
f 2169 2146 2145
f 2169 2145 2167
f 2150 1820 2170
f 1820 1843 2170
f 1843 1834 2170
f 1834 2166 2170
f 2166 2144 2170
f 2144 2150 2170
f 1832 2157 2171
f 1832 1847 2171
f 2172 2173 2174
f 2172 2174 2175
f 1850 1847 2172
f 1850 2172 2175
f 1847 2171 2172
f 2171 2157 2172
f 2158 2157 2172
f 2158 2172 2173
f 2174 2175 2176
f 2174 2173 2176
f 2177 2162 2163
f 2177 2163 2178
f 2178 2177 2179
f 2178 2179 2180
f 2178 2180 2181
f 2178 2181 2182
f 2182 2164 2163
f 2182 2163 2178
f 2168 1838 2183
f 1838 1855 2183
f 2184 1854 1855
f 2184 1855 2183
f 2184 2179 2177
f 2184 2177 2183
f 2177 2162 2183
f 2162 2168 2183
f 1850 2175 2185
f 2185 1850 1860
f 2185 1860 2186
f 1860 1859 2186
f 2185 2186 2187
f 2187 2185 2175
f 2187 2175 2188
f 2175 2176 2188
f 2189 2179 2180
f 2189 2180 2190
f 2189 1862 1867
f 2189 1867 2190
f 2191 1866 1867
f 2191 1867 2190
f 2190 2191 2192
f 2190 2192 2193
f 2193 2181 2180
f 2193 2180 2190
f 2184 1854 2194
f 1854 1870 2194
f 1870 1862 2194
f 1862 2189 2194
f 2189 2179 2194
f 2179 2184 2194
f 1859 2186 2195
f 1859 1872 2195
f 1872 1874 2196
f 2197 2196 1872
f 2197 1872 2195
f 2197 2195 2186
f 2197 2186 2198
f 2186 2187 2198
f 2191 1866 2199
f 1866 1880 2199
f 2200 1879 1880
f 2200 1880 2199
f 2199 2200 2201
f 2199 2201 2202
f 2202 2192 2191
f 2202 2191 2199
f 2196 1874 2203
f 1874 1886 2203
f 1885 1886 2203
f 1885 2203 2204
f 2203 2204 2205
f 2203 2205 2206
f 2197 2196 2203
f 2197 2203 2206
f 2200 1879 2207
f 1879 1892 2207
f 2208 1891 1892
f 2208 1892 2207
f 2207 2208 2209
f 2207 2209 2210
f 2210 2201 2200
f 2210 2200 2207
f 2204 1885 2211
f 1885 1898 2211
f 1897 1898 2211
f 1897 2211 2212
f 2211 2212 2213
f 2211 2213 2214
f 2205 2204 2211
f 2205 2211 2214
f 2208 1891 2215
f 1891 1904 2215
f 2216 1903 1904
f 2216 1904 2215
f 2215 2216 2217
f 2215 2217 2218
f 2218 2209 2208
f 2218 2208 2215
f 2212 1897 2219
f 1897 1910 2219
f 2220 1909 1910
f 2220 1910 2219
f 2219 2220 2221
f 2219 2221 2222
f 2222 2213 2212
f 2222 2212 2219
f 2216 1903 2223
f 2224 1911 1903
f 2224 1903 2223
f 2223 2224 2225
f 2223 2225 2226
f 2223 2226 2227
f 2227 2217 2216
f 2227 2216 2223
f 1911 1914 2228
f 1911 2224 2228
f 1919 1915 2229
f 1919 1918 2229
f 2220 1909 2230
f 1909 1920 2230
f 1920 1915 2230
f 2229 1915 2230
f 2229 2230 2231
f 2230 2231 2232
f 2221 2220 2230
f 2221 2230 2232
f 2224 2225 2233
f 2224 2233 2234
f 2233 2234 2235
f 2233 2235 2236
f 2233 2236 2237
f 2233 2237 2238
f 2226 2225 2233
f 2226 2233 2238
f 2228 1914 2239
f 1914 1925 2239
f 1924 1925 2239
f 1924 2239 2240
f 2240 2235 2234
f 2240 2234 2239
f 2234 2224 2239
f 2224 2228 2239
f 1918 2229 2241
f 2242 2241 1918
f 2242 1918 1930
f 1930 1929 2242
f 2241 2242 2243
f 2244 2243 2241
f 2244 2241 2229
f 2229 2231 2244
f 2236 2235 2245
f 2236 2237 2245
f 2240 1924 2246
f 2247 1931 1924
f 2247 1924 2246
f 2246 2247 2248
f 2246 2248 2249
f 2249 2245 2235
f 2249 2235 2246
f 2235 2240 2246
f 1931 1935 2250
f 1931 2247 2250
f 1941 1939 2251
f 1941 1940 2251
f 2252 2242 1929
f 2252 1929 2253
f 1929 1942 2253
f 1942 1939 2253
f 2254 2251 1939
f 2254 1939 2253
f 2253 2254 2255
f 2253 2255 2252
f 2242 2252 2256
f 2242 2243 2256
f 2248 2247 2257
f 2248 2249 2257
f 2250 1935 2258
f 2259 1943 1935
f 2259 1935 2258
f 2258 2259 2260
f 2258 2260 2261
f 2261 2257 2247
f 2261 2247 2258
f 2247 2250 2258
f 1943 1946 2262
f 1943 2259 2262
f 1951 1947 2263
f 1951 1950 2263
f 2251 1940 2264
f 2251 2264 2265
f 1940 1952 2264
f 1952 1947 2264
f 2266 2263 1947
f 2266 1947 2264
f 2264 2266 2267
f 2264 2267 2265
f 2251 2265 2268
f 2251 2254 2268
f 2260 2259 2269
f 2260 2261 2269
f 2262 1946 2270
f 1953 1946 2270
f 1953 2270 2271
f 2270 2271 2272
f 2270 2272 2273
f 2269 2259 2270
f 2269 2270 2273
f 2259 2262 2270
f 1953 1957 2274
f 1953 2271 2274
f 1964 1961 2275
f 1964 1963 2275
f 2276 2263 1950
f 2276 1950 2277
f 1950 1966 2277
f 1966 1961 2277
f 2278 2275 1961
f 2278 1961 2277
f 2277 2278 2279
f 2277 2279 2276
f 2263 2276 2280
f 2263 2266 2280
f 2272 2271 2281
f 2272 2273 2281
f 2274 1957 2282
f 1967 1957 2282
f 1967 2282 2283
f 2282 2283 2284
f 2282 2284 2285
f 2281 2271 2282
f 2281 2282 2285
f 2271 2274 2282
f 1967 1971 2286
f 1967 2283 2286
f 1981 1978 2287
f 1981 1980 2287
f 2288 2275 1963
f 2288 1963 2289
f 1963 1982 2289
f 1982 1978 2289
f 2290 2287 1978
f 2290 1978 2289
f 2289 2290 2291
f 2289 2291 2288
f 2275 2288 2292
f 2275 2278 2292
f 2284 2283 2293
f 2284 2285 2293
f 2294 2286 1971
f 2294 1971 2295
f 1971 1983 2295
f 2283 2293 2296
f 2294 2296 2283
f 2294 2283 2286
f 1985 1984 2297
f 2297 1985 1983
f 2297 1983 2298
f 2298 1983 2295
f 2298 2295 2299
f 2295 2294 2299
f 1988 1986 2300
f 2301 2300 1988
f 2301 1988 1984
f 1984 2297 2301
f 1986 1991 2302
f 1986 2300 2302
f 2004 2001 2303
f 2004 2003 2303
f 2007 2005 2304
f 2304 2007 2001
f 2304 2001 2305
f 2001 2303 2305
f 2306 2307 2308
f 2308 2008 2009
f 2308 2009 2306
f 2009 2005 2306
f 2309 2304 2005
f 2309 2005 2306
f 2306 2309 2310
f 2306 2310 2307
f 2287 1980 2311
f 2287 2311 2312
f 1980 2010 2311
f 2010 2008 2311
f 2008 2308 2311
f 2307 2308 2311
f 2307 2311 2313
f 2311 2313 2312
f 2287 2312 2314
f 2287 2290 2314
f 2298 2297 2315
f 2298 2299 2315
f 2301 2300 2316
f 2297 2315 2317
f 2316 2317 2297
f 2316 2297 2301
f 2318 2302 1991
f 2318 1991 2319
f 1991 2011 2319
f 2300 2316 2320
f 2320 2300 2302
f 2320 2302 2318
f 2321 2322 2323
f 2012 2013 2321
f 2012 2321 2323
f 2013 2011 2321
f 2011 2319 2321
f 2318 2319 2321
f 2318 2321 2324
f 2321 2324 2322
f 2325 2326 2327
f 2014 2015 2325
f 2014 2325 2327
f 2015 2012 2325
f 2012 2323 2325
f 2322 2323 2325
f 2322 2325 2328
f 2325 2328 2326
f 2329 2330 2331
f 2016 2017 2329
f 2016 2329 2331
f 2017 2014 2329
f 2014 2327 2329
f 2326 2327 2329
f 2326 2329 2332
f 2329 2332 2330
f 2333 2334 2335
f 2335 2018 2019
f 2335 2019 2333
f 2019 2016 2333
f 2016 2331 2333
f 2330 2331 2333
f 2330 2333 2336
f 2333 2336 2334
f 2303 2003 2337
f 2303 2337 2338
f 2003 2020 2337
f 2020 2018 2337
f 2018 2335 2337
f 2334 2335 2337
f 2334 2337 2339
f 2337 2339 2338
f 2305 2304 2340
f 2303 2338 2341
f 2341 2303 2305
f 2341 2305 2340
f 2304 2340 2342
f 2304 2309 2342
f 2343 2344 2345
f 2343 2345 2346
f 2343 2346 2347
f 2343 2347 2348
f 2343 2348 2349
f 2343 2349 2344
f 2350 2351 2352
f 2350 2352 2353
f 2350 2353 2354
f 2354 2346 2345
f 2354 2345 2350
f 2355 2344 2345
f 2355 2345 2350
f 2350 2355 2351
f 2356 2357 2358
f 2356 2358 2359
f 2356 2359 2360
f 2360 2353 2352
f 2360 2352 2356
f 2351 2352 2356
f 2351 2356 2361
f 2356 2361 2357
f 2358 2359 2362
f 2358 2357 2362
f 2363 2364 2365
f 2363 2365 2366
f 2363 2366 2367
f 2363 2367 2368
f 2363 2368 2369
f 2363 2369 2364
f 2370 2371 2372
f 2372 2022 2027
f 2372 2027 2370
f 2373 2026 2027
f 2373 2027 2370
f 2373 2366 2365
f 2373 2365 2370
f 2374 2364 2365
f 2374 2365 2370
f 2370 2374 2371
f 2375 2376 2377
f 2377 2029 2033
f 2377 2033 2375
f 2033 2022 2375
f 2022 2372 2375
f 2378 2371 2372
f 2378 2372 2375
f 2375 2378 2376
f 2379 2380 2381
f 2381 2035 2039
f 2381 2039 2379
f 2039 2029 2379
f 2029 2377 2379
f 2382 2376 2377
f 2382 2377 2379
f 2379 2382 2380
f 2383 2346 2347
f 2383 2347 2384
f 2383 2041 2044
f 2383 2044 2384
f 2044 2035 2384
f 2035 2381 2384
f 2385 2380 2381
f 2385 2381 2384
f 2385 2348 2347
f 2385 2347 2384
f 2386 2353 2354
f 2386 2354 2387
f 2386 2046 2048
f 2386 2048 2387
f 2048 2041 2387
f 2041 2383 2387
f 2383 2346 2387
f 2346 2354 2387
f 2388 2359 2360
f 2388 2360 2389
f 2050 2052 2389
f 2050 2389 2388
f 2052 2046 2389
f 2046 2386 2389
f 2386 2353 2389
f 2353 2360 2389
f 2390 2391 2392
f 2054 2057 2390
f 2054 2390 2392
f 2057 2050 2390
f 2050 2388 2390
f 2388 2359 2390
f 2391 2362 2359
f 2391 2359 2390
f 2393 2394 2395
f 2395 2059 2063
f 2395 2063 2393
f 2063 2054 2393
f 2054 2392 2393
f 2396 2391 2392
f 2396 2392 2393
f 2393 2396 2394
f 2397 2398 2399
f 2399 2065 2069
f 2399 2069 2397
f 2069 2059 2397
f 2059 2395 2397
f 2400 2394 2395
f 2400 2395 2397
f 2397 2400 2398
f 2401 2402 2403
f 2401 2403 2404
f 2404 2070 2065
f 2404 2065 2401
f 2065 2399 2401
f 2398 2399 2401
f 2398 2401 2405
f 2401 2405 2402
f 2403 2404 2406
f 2403 2402 2406
f 2407 2408 2409
f 2407 2409 2410
f 2407 2410 2411
f 2407 2411 2412
f 2407 2412 2413
f 2407 2413 2408
f 2414 2415 2416
f 2416 2072 2077
f 2416 2077 2414
f 2417 2076 2077
f 2417 2077 2414
f 2417 2410 2409
f 2417 2409 2414
f 2418 2408 2409
f 2418 2409 2414
f 2414 2418 2415
f 2419 2366 2367
f 2419 2367 2420
f 2419 2079 2082
f 2419 2082 2420
f 2082 2072 2420
f 2072 2416 2420
f 2421 2415 2416
f 2421 2416 2420
f 2421 2368 2367
f 2421 2367 2420
f 2373 2026 2422
f 2026 2085 2422
f 2085 2079 2422
f 2079 2419 2422
f 2419 2366 2422
f 2366 2373 2422
f 2070 2404 2423
f 2070 2097 2423
f 2424 2425 2426
f 2426 2100 2103
f 2426 2103 2424
f 2103 2097 2424
f 2097 2423 2424
f 2423 2404 2424
f 2425 2406 2404
f 2425 2404 2424
f 2427 2428 2429
f 2427 2429 2430
f 2104 2100 2427
f 2104 2427 2430
f 2100 2426 2427
f 2425 2426 2427
f 2425 2427 2431
f 2427 2431 2428
f 2429 2430 2432
f 2429 2428 2432
f 2433 2434 2435
f 2433 2435 2436
f 2433 2436 2437
f 2433 2437 2438
f 2433 2438 2439
f 2433 2439 2434
f 2440 2410 2411
f 2440 2411 2441
f 2440 2106 2111
f 2440 2111 2441
f 2442 2110 2111
f 2442 2111 2441
f 2442 2436 2435
f 2442 2435 2441
f 2443 2434 2435
f 2443 2435 2441
f 2443 2412 2411
f 2443 2411 2441
f 2417 2076 2444
f 2076 2115 2444
f 2115 2106 2444
f 2106 2440 2444
f 2440 2410 2444
f 2410 2417 2444
f 2104 2430 2445
f 2104 2119 2445
f 2446 2447 2448
f 2446 2448 2449
f 2449 2122 2119
f 2449 2119 2446
f 2119 2445 2446
f 2445 2430 2446
f 2447 2432 2430
f 2447 2430 2446
f 2448 2449 2450
f 2448 2447 2450
f 2451 2452 2453
f 2451 2453 2454
f 2451 2454 2455
f 2451 2455 2456
f 2451 2456 2457
f 2451 2457 2452
f 2458 2436 2437
f 2458 2437 2459
f 2458 2124 2129
f 2458 2129 2459
f 2460 2128 2129
f 2460 2129 2459
f 2460 2454 2453
f 2460 2453 2459
f 2461 2452 2453
f 2461 2453 2459
f 2461 2438 2437
f 2461 2437 2459
f 2442 2110 2462
f 2110 2133 2462
f 2133 2124 2462
f 2124 2458 2462
f 2458 2436 2462
f 2436 2442 2462
f 2122 2449 2463
f 2122 2137 2463
f 2464 2465 2466
f 2464 2466 2467
f 2140 2137 2464
f 2140 2464 2467
f 2137 2463 2464
f 2463 2449 2464
f 2450 2449 2464
f 2450 2464 2465
f 2466 2467 2468
f 2466 2465 2468
f 2469 2454 2455
f 2469 2455 2470
f 2469 2142 2147
f 2469 2147 2470
f 2471 2146 2147
f 2471 2147 2470
f 2470 2471 2472
f 2470 2472 2473
f 2473 2456 2455
f 2473 2455 2470
f 2460 2128 2474
f 2128 2151 2474
f 2151 2142 2474
f 2142 2469 2474
f 2469 2454 2474
f 2454 2460 2474
f 2140 2467 2475
f 2140 2155 2475
f 2155 2158 2476
f 2477 2476 2155
f 2477 2155 2475
f 2478 2477 2475
f 2478 2475 2467
f 2467 2468 2478
f 2479 2480 2481
f 2481 2160 2165
f 2481 2165 2479
f 2482 2164 2165
f 2482 2165 2479
f 2479 2482 2483
f 2479 2483 2484
f 2479 2484 2480
f 2471 2146 2485
f 2146 2169 2485
f 2169 2160 2485
f 2160 2481 2485
f 2486 2480 2481
f 2486 2481 2485
f 2486 2472 2471
f 2486 2471 2485
f 2487 2488 2476
f 2487 2476 2158
f 2158 2173 2487
f 2476 2477 2488
f 2173 2176 2489
f 2490 2489 2173
f 2490 2173 2487
f 2487 2488 2490
f 2482 2164 2491
f 2164 2182 2491
f 2492 2181 2182
f 2492 2182 2491
f 2491 2492 2493
f 2491 2493 2494
f 2494 2483 2482
f 2494 2482 2491
f 2489 2176 2495
f 2176 2188 2495
f 2187 2188 2495
f 2187 2495 2496
f 2495 2496 2497
f 2495 2497 2498
f 2490 2489 2495
f 2490 2495 2498
f 2499 2500 2501
f 2499 2501 2502
f 2499 2502 2503
f 2499 2503 2504
f 2499 2504 2505
f 2499 2505 2500
f 2492 2181 2506
f 2181 2193 2506
f 2507 2192 2193
f 2507 2193 2506
f 2507 2502 2501
f 2507 2501 2506
f 2508 2500 2501
f 2508 2501 2506
f 2508 2493 2492
f 2508 2492 2506
f 2509 2510 2496
f 2509 2496 2187
f 2511 2509 2187
f 2511 2187 2198
f 2198 2197 2511
f 2496 2497 2510
f 2509 2511 2512
f 2509 2510 2512
f 2513 2502 2503
f 2513 2503 2514
f 2514 2513 2515
f 2514 2515 2516
f 2514 2516 2517
f 2514 2517 2518
f 2518 2504 2503
f 2518 2503 2514
f 2507 2192 2519
f 2192 2202 2519
f 2520 2201 2202
f 2520 2202 2519
f 2520 2515 2513
f 2520 2513 2519
f 2513 2502 2519
f 2502 2507 2519
f 2197 2511 2521
f 2521 2197 2206
f 2521 2206 2522
f 2206 2205 2522
f 2521 2522 2523
f 2523 2521 2511
f 2523 2511 2524
f 2511 2512 2524
f 2525 2515 2516
f 2525 2516 2526
f 2526 2525 2527
f 2526 2527 2528
f 2526 2528 2529
f 2526 2529 2530
f 2530 2517 2516
f 2530 2516 2526
f 2520 2201 2531
f 2201 2210 2531
f 2532 2209 2210
f 2532 2210 2531
f 2532 2527 2525
f 2532 2525 2531
f 2525 2515 2531
f 2515 2520 2531
f 2205 2522 2533
f 2534 2533 2205
f 2534 2205 2214
f 2214 2213 2534
f 2533 2534 2535
f 2535 2533 2522
f 2535 2522 2536
f 2522 2523 2536
f 2537 2527 2528
f 2537 2528 2538
f 2538 2537 2539
f 2538 2539 2540
f 2538 2540 2541
f 2538 2541 2542
f 2529 2528 2538
f 2529 2538 2542
f 2532 2209 2543
f 2209 2218 2543
f 2217 2218 2543
f 2217 2543 2544
f 2544 2539 2537
f 2544 2537 2543
f 2537 2527 2543
f 2527 2532 2543
f 2213 2534 2545
f 2546 2545 2213
f 2546 2213 2222
f 2222 2221 2546
f 2545 2546 2547
f 2547 2545 2534
f 2547 2534 2548
f 2534 2535 2548
f 2540 2539 2549
f 2540 2541 2549
f 2544 2217 2550
f 2217 2227 2550
f 2226 2227 2550
f 2226 2550 2551
f 2550 2551 2552
f 2552 2549 2539
f 2552 2539 2550
f 2539 2544 2550
f 2553 2546 2221
f 2553 2221 2554
f 2221 2232 2554
f 2231 2232 2554
f 2231 2554 2555
f 2554 2555 2556
f 2554 2556 2557
f 2554 2557 2553
f 2546 2553 2558
f 2546 2547 2558
f 2551 2226 2559
f 2226 2238 2559
f 2560 2237 2238
f 2560 2238 2559
f 2559 2560 2561
f 2559 2561 2562
f 2562 2552 2551
f 2562 2551 2559
f 2555 2231 2563
f 2231 2244 2563
f 2564 2243 2244
f 2564 2244 2563
f 2563 2564 2565
f 2563 2565 2566
f 2566 2556 2555
f 2566 2555 2563
f 2567 2568 2560
f 2567 2560 2237
f 2237 2245 2567
f 2560 2561 2568
f 2245 2249 2569
f 2569 2245 2567
f 2569 2567 2570
f 2567 2568 2570
f 2571 2572 2573
f 2252 2255 2571
f 2252 2571 2573
f 2254 2255 2571
f 2254 2571 2574
f 2571 2574 2575
f 2571 2575 2576
f 2571 2576 2572
f 2564 2243 2577
f 2243 2256 2577
f 2256 2252 2577
f 2252 2573 2577
f 2578 2572 2573
f 2578 2573 2577
f 2565 2564 2577
f 2565 2577 2578
f 2569 2249 2579
f 2580 2257 2249
f 2580 2249 2579
f 2579 2580 2581
f 2579 2581 2582
f 2579 2582 2583
f 2583 2570 2569
f 2583 2569 2579
f 2257 2261 2584
f 2257 2580 2584
f 2267 2265 2585
f 2267 2266 2585
f 2574 2254 2586
f 2254 2268 2586
f 2268 2265 2586
f 2587 2585 2265
f 2587 2265 2586
f 2586 2587 2588
f 2588 2575 2574
f 2588 2574 2586
f 2581 2580 2589
f 2581 2582 2589
f 2584 2261 2590
f 2269 2261 2590
f 2269 2590 2591
f 2590 2591 2592
f 2590 2592 2593
f 2589 2580 2590
f 2589 2590 2593
f 2580 2584 2590
f 2269 2273 2594
f 2269 2591 2594
f 2279 2276 2595
f 2279 2278 2595
f 2596 2585 2266
f 2596 2266 2597
f 2266 2280 2597
f 2280 2276 2597
f 2598 2595 2276
f 2598 2276 2597
f 2597 2598 2599
f 2597 2599 2596
f 2585 2596 2600
f 2585 2587 2600
f 2592 2591 2601
f 2592 2593 2601
f 2594 2273 2602
f 2281 2273 2602
f 2281 2602 2603
f 2602 2603 2604
f 2602 2604 2605
f 2601 2591 2602
f 2601 2602 2605
f 2591 2594 2602
f 2281 2285 2606
f 2281 2603 2606
f 2291 2288 2607
f 2291 2290 2607
f 2608 2595 2278
f 2608 2278 2609
f 2278 2292 2609
f 2292 2288 2609
f 2610 2607 2288
f 2610 2288 2609
f 2609 2610 2611
f 2609 2611 2608
f 2595 2608 2612
f 2595 2598 2612
f 2604 2603 2613
f 2604 2605 2613
f 2614 2606 2285
f 2614 2285 2615
f 2285 2293 2615
f 2603 2613 2616
f 2614 2616 2603
f 2614 2603 2606
f 2296 2294 2617
f 2618 2617 2296
f 2618 2296 2293
f 2619 2618 2293
f 2619 2293 2615
f 2615 2614 2619
f 2294 2299 2620
f 2294 2617 2620
f 2310 2307 2621
f 2310 2309 2621
f 2622 2623 2624
f 2624 2312 2313
f 2624 2313 2622
f 2313 2307 2622
f 2625 2621 2307
f 2625 2307 2622
f 2622 2625 2626
f 2622 2626 2623
f 2627 2607 2290
f 2627 2290 2628
f 2290 2314 2628
f 2314 2312 2628
f 2312 2624 2628
f 2623 2624 2628
f 2623 2628 2629
f 2628 2629 2627
f 2607 2627 2630
f 2607 2610 2630
f 2618 2617 2631
f 2618 2619 2631
f 2632 2620 2299
f 2632 2299 2633
f 2299 2315 2633
f 2617 2631 2634
f 2632 2634 2617
f 2632 2617 2620
f 2635 2636 2637
f 2316 2317 2635
f 2316 2635 2637
f 2317 2315 2635
f 2315 2633 2635
f 2632 2633 2635
f 2632 2635 2638
f 2635 2638 2636
f 2639 2640 2641
f 2318 2320 2639
f 2318 2639 2641
f 2320 2316 2639
f 2316 2637 2639
f 2636 2637 2639
f 2636 2639 2642
f 2639 2642 2640
f 2324 2322 2643
f 2644 2643 2324
f 2644 2324 2318
f 2645 2644 2318
f 2645 2318 2641
f 2641 2640 2645
f 2328 2326 2646
f 2647 2646 2328
f 2647 2328 2322
f 2322 2643 2647
f 2332 2330 2648
f 2649 2648 2332
f 2649 2332 2326
f 2326 2646 2649
f 2650 2651 2652
f 2334 2336 2650
f 2334 2650 2652
f 2336 2330 2650
f 2653 2648 2330
f 2653 2330 2650
f 2650 2653 2654
f 2650 2654 2651
f 2655 2656 2657
f 2338 2339 2655
f 2338 2655 2657
f 2339 2334 2655
f 2334 2652 2655
f 2658 2651 2652
f 2658 2652 2655
f 2655 2658 2656
f 2659 2660 2661
f 2661 2340 2341
f 2661 2341 2659
f 2341 2338 2659
f 2338 2657 2659
f 2662 2656 2657
f 2662 2657 2659
f 2659 2662 2660
f 2663 2621 2309
f 2663 2309 2664
f 2309 2342 2664
f 2342 2340 2664
f 2340 2661 2664
f 2660 2661 2664
f 2660 2664 2665
f 2664 2665 2663
f 2621 2663 2666
f 2621 2625 2666
f 2644 2643 2667
f 2644 2645 2667
f 2647 2646 2668
f 2643 2667 2669
f 2668 2669 2643
f 2668 2643 2647
f 2649 2648 2670
f 2646 2668 2671
f 2671 2646 2649
f 2671 2649 2670
f 2648 2670 2672
f 2648 2653 2672
f 2673 2674 2675
f 2673 2675 2676
f 2673 2676 2677
f 2673 2677 2678
f 2673 2678 2679
f 2673 2679 2674
f 2680 2681 2682
f 2680 2682 2683
f 2680 2683 2684
f 2684 2676 2675
f 2684 2675 2680
f 2685 2674 2675
f 2685 2675 2680
f 2680 2685 2681
f 2686 2687 2688
f 2688 2344 2349
f 2688 2349 2686
f 2689 2348 2349
f 2689 2349 2686
f 2689 2683 2682
f 2689 2682 2686
f 2690 2681 2682
f 2690 2682 2686
f 2686 2690 2687
f 2691 2692 2693
f 2693 2351 2355
f 2693 2355 2691
f 2355 2344 2691
f 2344 2688 2691
f 2694 2687 2688
f 2694 2688 2691
f 2691 2694 2692
f 2695 2696 2697
f 2697 2357 2361
f 2697 2361 2695
f 2361 2351 2695
f 2351 2693 2695
f 2698 2692 2693
f 2698 2693 2695
f 2695 2698 2696
f 2699 2700 2701
f 2699 2701 2702
f 2702 2362 2357
f 2702 2357 2699
f 2357 2697 2699
f 2696 2697 2699
f 2696 2699 2703
f 2699 2703 2700
f 2704 2705 2706
f 2704 2706 2707
f 2704 2707 2708
f 2708 2702 2701
f 2708 2701 2704
f 2700 2701 2704
f 2700 2704 2709
f 2704 2709 2705
f 2706 2707 2710
f 2706 2705 2710
f 2711 2712 2713
f 2713 2364 2369
f 2713 2369 2711
f 2714 2368 2369
f 2714 2369 2711
f 2711 2714 2715
f 2711 2715 2716
f 2711 2716 2712
f 2717 2718 2719
f 2719 2371 2374
f 2719 2374 2717
f 2374 2364 2717
f 2364 2713 2717
f 2720 2712 2713
f 2720 2713 2717
f 2717 2720 2718
f 2721 2676 2677
f 2721 2677 2722
f 2721 2376 2378
f 2721 2378 2722
f 2378 2371 2722
f 2371 2719 2722
f 2723 2718 2719
f 2723 2719 2722
f 2723 2678 2677
f 2723 2677 2722
f 2724 2683 2684
f 2724 2684 2725
f 2724 2380 2382
f 2724 2382 2725
f 2382 2376 2725
f 2376 2721 2725
f 2721 2676 2725
f 2676 2684 2725
f 2689 2348 2726
f 2348 2385 2726
f 2385 2380 2726
f 2380 2724 2726
f 2724 2683 2726
f 2683 2689 2726
f 2362 2702 2727
f 2362 2391 2727
f 2707 2708 2728
f 2707 2728 2729
f 2394 2396 2728
f 2394 2728 2729
f 2396 2391 2728
f 2391 2727 2728
f 2727 2702 2728
f 2702 2708 2728
f 2730 2731 2732
f 2398 2400 2730
f 2398 2730 2732
f 2400 2394 2730
f 2394 2729 2730
f 2729 2707 2730
f 2731 2710 2707
f 2731 2707 2730
f 2733 2734 2735
f 2735 2402 2405
f 2735 2405 2733
f 2405 2398 2733
f 2398 2732 2733
f 2736 2731 2732
f 2736 2732 2733
f 2733 2736 2734
f 2402 2406 2737
f 2738 2737 2402
f 2738 2402 2735
f 2735 2734 2738
f 2739 2740 2741
f 2741 2408 2413
f 2741 2413 2739
f 2742 2412 2413
f 2742 2413 2739
f 2739 2742 2743
f 2739 2743 2744
f 2739 2744 2740
f 2745 2746 2747
f 2747 2415 2418
f 2747 2418 2745
f 2418 2408 2745
f 2408 2741 2745
f 2748 2740 2741
f 2748 2741 2745
f 2745 2748 2746
f 2714 2368 2749
f 2368 2421 2749
f 2421 2415 2749
f 2415 2747 2749
f 2750 2746 2747
f 2750 2747 2749
f 2750 2715 2714
f 2750 2714 2749
f 2751 2752 2737
f 2751 2737 2406
f 2406 2425 2751
f 2737 2738 2752
f 2753 2754 2755
f 2755 2428 2431
f 2755 2431 2753
f 2431 2425 2753
f 2425 2751 2753
f 2756 2752 2751
f 2756 2751 2753
f 2753 2756 2754
f 2428 2432 2757
f 2758 2757 2428
f 2758 2428 2755
f 2755 2754 2758
f 2759 2760 2761
f 2761 2434 2439
f 2761 2439 2759
f 2762 2438 2439
f 2762 2439 2759
f 2759 2762 2763
f 2759 2763 2764
f 2759 2764 2760
f 2742 2412 2765
f 2412 2443 2765
f 2443 2434 2765
f 2434 2761 2765
f 2766 2760 2761
f 2766 2761 2765
f 2766 2743 2742
f 2766 2742 2765
f 2767 2757 2432
f 2767 2432 2768
f 2432 2447 2768
f 2757 2758 2767
f 2447 2450 2769
f 2770 2769 2447
f 2770 2447 2768
f 2768 2767 2770
f 2771 2772 2773
f 2773 2452 2457
f 2773 2457 2771
f 2774 2456 2457
f 2774 2457 2771
f 2771 2774 2775
f 2771 2775 2776
f 2771 2776 2772
f 2762 2438 2777
f 2438 2461 2777
f 2461 2452 2777
f 2452 2773 2777
f 2778 2772 2773
f 2778 2773 2777
f 2778 2763 2762
f 2778 2762 2777
f 2779 2780 2769
f 2779 2769 2450
f 2450 2465 2779
f 2769 2770 2780
f 2465 2468 2781
f 2782 2781 2465
f 2782 2465 2779
f 2779 2780 2782
f 2783 2784 2785
f 2783 2785 2786
f 2783 2786 2787
f 2783 2787 2788
f 2783 2788 2789
f 2783 2789 2784
f 2774 2456 2790
f 2456 2473 2790
f 2791 2472 2473
f 2791 2473 2790
f 2791 2786 2785
f 2791 2785 2790
f 2792 2784 2785
f 2792 2785 2790
f 2792 2775 2774
f 2792 2774 2790
f 2793 2794 2781
f 2793 2781 2468
f 2793 2468 2478
f 2793 2478 2795
f 2478 2477 2795
f 2781 2782 2794
f 2793 2795 2796
f 2793 2794 2796
f 2797 2786 2787
f 2797 2787 2798
f 2797 2480 2484
f 2797 2484 2798
f 2799 2483 2484
f 2799 2484 2798
f 2798 2799 2800
f 2798 2800 2801
f 2801 2788 2787
f 2801 2787 2798
f 2791 2472 2802
f 2472 2486 2802
f 2486 2480 2802
f 2480 2797 2802
f 2797 2786 2802
f 2786 2791 2802
f 2477 2795 2803
f 2477 2488 2803
f 2488 2490 2804
f 2804 2488 2803
f 2804 2803 2805
f 2805 2803 2795
f 2805 2795 2806
f 2795 2796 2806
f 2807 2808 2809
f 2807 2809 2810
f 2807 2810 2811
f 2807 2811 2812
f 2807 2812 2813
f 2807 2813 2808
f 2799 2483 2814
f 2483 2494 2814
f 2815 2493 2494
f 2815 2494 2814
f 2815 2810 2809
f 2815 2809 2814
f 2816 2808 2809
f 2816 2809 2814
f 2816 2800 2799
f 2816 2799 2814
f 2817 2818 2804
f 2817 2804 2490
f 2817 2490 2498
f 2817 2498 2819
f 2498 2497 2819
f 2804 2805 2818
f 2817 2819 2820
f 2817 2818 2820
f 2821 2810 2811
f 2821 2811 2822
f 2821 2500 2505
f 2821 2505 2822
f 2823 2504 2505
f 2823 2505 2822
f 2822 2823 2824
f 2822 2824 2825
f 2825 2812 2811
f 2825 2811 2822
f 2815 2493 2826
f 2493 2508 2826
f 2508 2500 2826
f 2500 2821 2826
f 2821 2810 2826
f 2810 2815 2826
f 2497 2819 2827
f 2497 2510 2827
f 2510 2512 2828
f 2828 2510 2827
f 2828 2827 2829
f 2829 2827 2819
f 2829 2819 2830
f 2819 2820 2830
f 2823 2504 2831
f 2504 2518 2831
f 2832 2517 2518
f 2832 2518 2831
f 2831 2832 2833
f 2831 2833 2834
f 2834 2824 2823
f 2834 2823 2831
f 2828 2512 2835
f 2512 2524 2835
f 2523 2524 2835
f 2523 2835 2836
f 2835 2836 2837
f 2835 2837 2838
f 2829 2828 2835
f 2829 2835 2838
f 2832 2517 2839
f 2517 2530 2839
f 2840 2529 2530
f 2840 2530 2839
f 2839 2840 2841
f 2839 2841 2842
f 2842 2833 2832
f 2842 2832 2839
f 2836 2523 2843
f 2523 2536 2843
f 2535 2536 2843
f 2535 2843 2844
f 2843 2844 2845
f 2843 2845 2846
f 2837 2836 2843
f 2837 2843 2846
f 2840 2529 2847
f 2529 2542 2847
f 2848 2541 2542
f 2848 2542 2847
f 2847 2848 2849
f 2847 2849 2850
f 2841 2840 2847
f 2841 2847 2850
f 2844 2535 2851
f 2535 2548 2851
f 2852 2547 2548
f 2852 2548 2851
f 2851 2852 2853
f 2851 2853 2854
f 2845 2844 2851
f 2845 2851 2854
f 2848 2541 2855
f 2856 2549 2541
f 2856 2541 2855
f 2855 2856 2857
f 2855 2857 2858
f 2855 2858 2859
f 2849 2848 2855
f 2849 2855 2859
f 2549 2552 2860
f 2549 2856 2860
f 2557 2553 2861
f 2557 2556 2861
f 2852 2547 2862
f 2547 2558 2862
f 2558 2553 2862
f 2863 2861 2553
f 2863 2553 2862
f 2862 2863 2864
f 2853 2852 2862
f 2853 2862 2864
f 2857 2856 2865
f 2857 2858 2865
f 2860 2552 2866
f 2552 2562 2866
f 2561 2562 2866
f 2561 2866 2867
f 2866 2867 2868
f 2868 2865 2856
f 2868 2856 2866
f 2856 2860 2866
f 2869 2861 2556
f 2869 2556 2870
f 2556 2566 2870
f 2565 2566 2870
f 2565 2870 2871
f 2870 2871 2872
f 2870 2872 2873
f 2870 2873 2869
f 2861 2869 2874
f 2861 2863 2874
f 2867 2561 2875
f 2876 2568 2561
f 2876 2561 2875
f 2875 2876 2877
f 2875 2877 2878
f 2875 2878 2879
f 2868 2867 2875
f 2868 2875 2879
f 2568 2570 2880
f 2568 2876 2880
f 2576 2572 2881
f 2576 2575 2881
f 2871 2565 2882
f 2565 2578 2882
f 2578 2572 2882
f 2883 2881 2572
f 2883 2572 2882
f 2882 2883 2884
f 2884 2872 2871
f 2884 2871 2882
f 2877 2876 2885
f 2877 2878 2885
f 2880 2570 2886
f 2570 2583 2886
f 2582 2583 2886
f 2582 2886 2887
f 2886 2887 2888
f 2885 2876 2886
f 2885 2886 2888
f 2876 2880 2886
f 2889 2881 2575
f 2889 2575 2890
f 2575 2588 2890
f 2891 2587 2588
f 2891 2588 2890
f 2890 2891 2892
f 2890 2892 2893
f 2890 2893 2889
f 2881 2889 2894
f 2881 2883 2894
f 2895 2887 2582
f 2895 2582 2896
f 2582 2589 2896
f 2887 2888 2895
f 2589 2593 2897
f 2897 2589 2896
f 2897 2896 2898
f 2896 2895 2898
f 2899 2900 2901
f 2901 2596 2599
f 2901 2599 2899
f 2902 2598 2599
f 2902 2599 2899
f 2899 2902 2903
f 2899 2903 2904
f 2899 2904 2900
f 2891 2587 2905
f 2587 2600 2905
f 2600 2596 2905
f 2596 2901 2905
f 2900 2901 2905
f 2900 2905 2906
f 2892 2891 2905
f 2892 2905 2906
f 2907 2897 2593
f 2907 2593 2908
f 2593 2601 2908
f 2897 2898 2907
f 2601 2605 2909
f 2910 2909 2601
f 2910 2601 2908
f 2908 2907 2910
f 2911 2912 2913
f 2913 2608 2611
f 2913 2611 2911
f 2914 2610 2611
f 2914 2611 2911
f 2911 2914 2915
f 2911 2915 2916
f 2911 2916 2912
f 2902 2598 2917
f 2598 2612 2917
f 2612 2608 2917
f 2608 2913 2917
f 2912 2913 2917
f 2912 2917 2918
f 2903 2902 2917
f 2903 2917 2918
f 2919 2909 2605
f 2919 2605 2920
f 2605 2613 2920
f 2909 2910 2919
f 2921 2922 2923
f 2614 2616 2921
f 2614 2921 2923
f 2616 2613 2921
f 2613 2920 2921
f 2919 2920 2921
f 2919 2921 2924
f 2921 2924 2922
f 2614 2619 2925
f 2926 2925 2614
f 2926 2614 2923
f 2923 2922 2926
f 2927 2928 2929
f 2623 2626 2927
f 2623 2927 2929
f 2930 2625 2626
f 2930 2626 2927
f 2927 2930 2931
f 2927 2931 2932
f 2927 2932 2928
f 2933 2934 2935
f 2935 2627 2629
f 2935 2629 2933
f 2629 2623 2933
f 2623 2929 2933
f 2936 2928 2929
f 2936 2929 2933
f 2933 2936 2934
f 2914 2610 2937
f 2610 2630 2937
f 2630 2627 2937
f 2627 2935 2937
f 2934 2935 2937
f 2934 2937 2938
f 2915 2914 2937
f 2915 2937 2938
f 2939 2925 2619
f 2939 2619 2940
f 2619 2631 2940
f 2925 2926 2939
f 2941 2942 2943
f 2632 2634 2941
f 2632 2941 2943
f 2634 2631 2941
f 2631 2940 2941
f 2939 2940 2941
f 2939 2941 2944
f 2941 2944 2942
f 2945 2946 2947
f 2636 2638 2945
f 2636 2945 2947
f 2638 2632 2945
f 2632 2943 2945
f 2942 2943 2945
f 2942 2945 2948
f 2945 2948 2946
f 2642 2640 2949
f 2950 2949 2642
f 2950 2642 2636
f 2951 2950 2636
f 2951 2636 2947
f 2947 2946 2951
f 2640 2645 2952
f 2640 2949 2952
f 2654 2651 2953
f 2654 2653 2953
f 2954 2955 2956
f 2656 2658 2954
f 2656 2954 2956
f 2658 2651 2954
f 2957 2953 2651
f 2957 2651 2954
f 2954 2957 2958
f 2954 2958 2955
f 2959 2960 2961
f 2961 2660 2662
f 2961 2662 2959
f 2662 2656 2959
f 2656 2956 2959
f 2962 2955 2956
f 2962 2956 2959
f 2959 2962 2960
f 2963 2964 2965
f 2965 2663 2665
f 2965 2665 2963
f 2665 2660 2963
f 2660 2961 2963
f 2966 2960 2961
f 2966 2961 2963
f 2963 2966 2964
f 2930 2625 2967
f 2625 2666 2967
f 2666 2663 2967
f 2663 2965 2967
f 2964 2965 2967
f 2964 2967 2968
f 2931 2930 2967
f 2931 2967 2968
f 2950 2949 2969
f 2950 2951 2969
f 2970 2952 2645
f 2970 2645 2971
f 2645 2667 2971
f 2949 2969 2972
f 2970 2972 2949
f 2970 2949 2952
f 2973 2974 2975
f 2668 2669 2973
f 2668 2973 2975
f 2669 2667 2973
f 2667 2971 2973
f 2970 2971 2973
f 2970 2973 2976
f 2973 2976 2974
f 2977 2978 2979
f 2979 2670 2671
f 2979 2671 2977
f 2671 2668 2977
f 2668 2975 2977
f 2974 2975 2977
f 2974 2977 2980
f 2977 2980 2978
f 2981 2953 2653
f 2981 2653 2982
f 2653 2672 2982
f 2672 2670 2982
f 2670 2979 2982
f 2978 2979 2982
f 2978 2982 2983
f 2982 2983 2981
f 2953 2981 2984
f 2953 2957 2984
f 2985 2986 2987
f 2985 2987 2988
f 2985 2988 2989
f 2985 2989 2990
f 2985 2990 2991
f 2985 2991 2986
f 2992 2993 2994
f 2994 2674 2679
f 2994 2679 2992
f 2995 2678 2679
f 2995 2679 2992
f 2995 2988 2987
f 2995 2987 2992
f 2996 2986 2987
f 2996 2987 2992
f 2992 2996 2993
f 2997 2998 2999
f 2999 2681 2685
f 2999 2685 2997
f 2685 2674 2997
f 2674 2994 2997
f 3000 2993 2994
f 3000 2994 2997
f 2997 3000 2998
f 3001 3002 3003
f 3003 2687 2690
f 3003 2690 3001
f 2690 2681 3001
f 2681 2999 3001
f 3004 2998 2999
f 3004 2999 3001
f 3001 3004 3002
f 3005 3006 3007
f 3007 2692 2694
f 3007 2694 3005
f 2694 2687 3005
f 2687 3003 3005
f 3008 3002 3003
f 3008 3003 3005
f 3005 3008 3006
f 3009 3010 3011
f 3011 2696 2698
f 3011 2698 3009
f 2698 2692 3009
f 2692 3007 3009
f 3012 3006 3007
f 3012 3007 3009
f 3009 3012 3010
f 3013 3014 3015
f 3015 2700 2703
f 3015 2703 3013
f 2703 2696 3013
f 2696 3011 3013
f 3016 3010 3011
f 3016 3011 3013
f 3013 3016 3014
f 3017 3018 3019
f 3019 2705 2709
f 3019 2709 3017
f 2709 2700 3017
f 2700 3015 3017
f 3014 3015 3017
f 3014 3017 3020
f 3017 3020 3018
f 3021 3022 3023
f 3021 3023 3024
f 3024 2710 2705
f 3024 2705 3021
f 2705 3019 3021
f 3018 3019 3021
f 3018 3021 3025
f 3021 3025 3022
f 3023 3024 3026
f 3023 3022 3026
f 3027 3028 3029
f 3027 3029 3030
f 3027 3030 3031
f 3027 3031 3032
f 3027 3032 3033
f 3027 3033 3028
f 3034 3035 3036
f 3036 2712 2716
f 3036 2716 3034
f 3037 2715 2716
f 3037 2716 3034
f 3037 3030 3029
f 3037 3029 3034
f 3038 3028 3029
f 3038 3029 3034
f 3034 3038 3035
f 3039 2988 2989
f 3039 2989 3040
f 3039 2718 2720
f 3039 2720 3040
f 2720 2712 3040
f 2712 3036 3040
f 3041 3035 3036
f 3041 3036 3040
f 3041 2990 2989
f 3041 2989 3040
f 2995 2678 3042
f 2678 2723 3042
f 2723 2718 3042
f 2718 3039 3042
f 3039 2988 3042
f 2988 2995 3042
f 2710 3024 3043
f 2710 2731 3043
f 3044 3045 3046
f 2734 2736 3044
f 2734 3044 3046
f 2736 2731 3044
f 2731 3043 3044
f 3043 3024 3044
f 3045 3026 3024
f 3045 3024 3044
f 3047 3048 3049
f 3047 3049 3050
f 3050 2738 2734
f 3050 2734 3047
f 2734 3046 3047
f 3045 3046 3047
f 3045 3047 3051
f 3047 3051 3048
f 3049 3050 3052
f 3049 3048 3052
f 3053 3054 3055
f 3055 2740 2744
f 3055 2744 3053
f 3056 2743 2744
f 3056 2744 3053
f 3053 3056 3057
f 3053 3057 3058
f 3053 3058 3054
f 3059 3030 3031
f 3059 3031 3060
f 3059 2746 2748
f 3059 2748 3060
f 2748 2740 3060
f 2740 3055 3060
f 3061 3054 3055
f 3061 3055 3060
f 3061 3032 3031
f 3061 3031 3060
f 3037 2715 3062
f 2715 2750 3062
f 2750 2746 3062
f 2746 3059 3062
f 3059 3030 3062
f 3030 3037 3062
f 2738 3050 3063
f 2738 2752 3063
f 3064 3065 3066
f 2754 2756 3064
f 2754 3064 3066
f 2756 2752 3064
f 2752 3063 3064
f 3063 3050 3064
f 3052 3050 3064
f 3052 3064 3065
f 2754 2758 3067
f 3068 3067 2754
f 3068 2754 3066
f 3066 3065 3068
f 3069 3070 3071
f 3069 3071 3072
f 3069 3072 3073
f 3069 3073 3074
f 3069 3074 3075
f 3069 3075 3070
f 3076 3077 3078
f 3078 2760 2764
f 3078 2764 3076
f 3079 2763 2764
f 3079 2764 3076
f 3079 3072 3071
f 3079 3071 3076
f 3080 3070 3071
f 3080 3071 3076
f 3076 3080 3077
f 3056 2743 3081
f 2743 2766 3081
f 2766 2760 3081
f 2760 3078 3081
f 3082 3077 3078
f 3082 3078 3081
f 3082 3057 3056
f 3082 3056 3081
f 3083 3084 3067
f 3083 3067 2758
f 2758 2767 3083
f 3067 3068 3084
f 3085 3086 3087
f 3085 3087 3088
f 2770 2767 3085
f 2770 3085 3088
f 2767 3083 3085
f 3089 3084 3083
f 3089 3083 3085
f 3085 3089 3086
f 3087 3088 3090
f 3087 3086 3090
f 3091 3072 3073
f 3091 3073 3092
f 3091 2772 2776
f 3091 2776 3092
f 3093 2775 2776
f 3093 2776 3092
f 3092 3093 3094
f 3092 3094 3095
f 3095 3074 3073
f 3095 3073 3092
f 3079 2763 3096
f 2763 2778 3096
f 2778 2772 3096
f 2772 3091 3096
f 3091 3072 3096
f 3072 3079 3096
f 2770 3088 3097
f 2770 2780 3097
f 2780 2782 3098
f 3099 3098 2780
f 3099 2780 3097
f 3099 3097 3088
f 3099 3088 3100
f 3088 3090 3100
f 3101 3102 3103
f 3103 2784 2789
f 3103 2789 3101
f 3104 2788 2789
f 3104 2789 3101
f 3101 3104 3105
f 3101 3105 3106
f 3101 3106 3102
f 3093 2775 3107
f 2775 2792 3107
f 2792 2784 3107
f 2784 3103 3107
f 3108 3102 3103
f 3108 3103 3107
f 3108 3094 3093
f 3108 3093 3107
f 3109 3110 3098
f 3109 3098 2782
f 2782 2794 3109
f 3098 3099 3110
f 2794 2796 3111
f 3112 3111 2794
f 3112 2794 3109
f 3109 3110 3112
f 3113 3114 3115
f 3113 3115 3116
f 3113 3116 3117
f 3113 3117 3118
f 3113 3118 3119
f 3113 3119 3114
f 3104 2788 3120
f 2788 2801 3120
f 3121 2800 2801
f 3121 2801 3120
f 3121 3116 3115
f 3121 3115 3120
f 3122 3114 3115
f 3122 3115 3120
f 3122 3105 3104
f 3122 3104 3120
f 3123 3124 3111
f 3123 3111 2796
f 3125 3123 2796
f 3125 2796 2806
f 2806 2805 3125
f 3111 3112 3124
f 3123 3125 3126
f 3123 3124 3126
f 3127 3116 3117
f 3127 3117 3128
f 3127 2808 2813
f 3127 2813 3128
f 3129 2812 2813
f 3129 2813 3128
f 3128 3129 3130
f 3128 3130 3131
f 3131 3118 3117
f 3131 3117 3128
f 3121 2800 3132
f 2800 2816 3132
f 2816 2808 3132
f 2808 3127 3132
f 3127 3116 3132
f 3116 3121 3132
f 2805 3125 3133
f 2805 2818 3133
f 2818 2820 3134
f 3135 3134 2818
f 3135 2818 3133
f 3135 3133 3125
f 3135 3125 3136
f 3125 3126 3136
f 3129 2812 3137
f 2812 2825 3137
f 3138 2824 2825
f 3138 2825 3137
f 3137 3138 3139
f 3137 3139 3140
f 3140 3130 3129
f 3140 3129 3137
f 3134 2820 3141
f 2820 2830 3141
f 2829 2830 3141
f 2829 3141 3142
f 3141 3142 3143
f 3141 3143 3144
f 3135 3134 3141
f 3135 3141 3144
f 3138 2824 3145
f 2824 2834 3145
f 3146 2833 2834
f 3146 2834 3145
f 3145 3146 3147
f 3145 3147 3148
f 3148 3139 3138
f 3148 3138 3145
f 3142 2829 3149
f 2829 2838 3149
f 2837 2838 3149
f 2837 3149 3150
f 3149 3150 3151
f 3149 3151 3152
f 3143 3142 3149
f 3143 3149 3152
f 3146 2833 3153
f 2833 2842 3153
f 3154 2841 2842
f 3154 2842 3153
f 3153 3154 3155
f 3153 3155 3156
f 3156 3147 3146
f 3156 3146 3153
f 3150 2837 3157
f 2837 2846 3157
f 2845 2846 3157
f 2845 3157 3158
f 3157 3158 3159
f 3157 3159 3160
f 3151 3150 3157
f 3151 3157 3160
f 3154 2841 3161
f 2841 2850 3161
f 3162 2849 2850
f 3162 2850 3161
f 3161 3162 3163
f 3161 3163 3164
f 3164 3155 3154
f 3164 3154 3161
f 3158 2845 3165
f 2845 2854 3165
f 2853 2854 3165
f 2853 3165 3166
f 3165 3166 3167
f 3165 3167 3168
f 3168 3159 3158
f 3168 3158 3165
f 3162 2849 3169
f 2849 2859 3169
f 3170 2858 2859
f 3170 2859 3169
f 3169 3170 3171
f 3169 3171 3172
f 3163 3162 3169
f 3163 3169 3172
f 3166 2853 3173
f 2853 2864 3173
f 3174 2863 2864
f 3174 2864 3173
f 3173 3174 3175
f 3173 3175 3176
f 3167 3166 3173
f 3167 3173 3176
f 3177 3178 3170
f 3177 3170 2858
f 2858 2865 3177
f 3170 3171 3178
f 2865 2868 3179
f 3179 2865 3177
f 3179 3177 3180
f 3177 3178 3180
f 3181 3182 3183
f 2869 2873 3181
f 2869 3181 3183
f 2872 2873 3181
f 2872 3181 3184
f 3181 3184 3185
f 3181 3185 3186
f 3181 3186 3182
f 3174 2863 3187
f 2863 2874 3187
f 2874 2869 3187
f 2869 3183 3187
f 3188 3182 3183
f 3188 3183 3187
f 3175 3174 3187
f 3175 3187 3188
f 3179 2868 3189
f 2868 2879 3189
f 3190 2878 2879
f 3190 2879 3189
f 3189 3190 3191
f 3189 3191 3192
f 3192 3180 3179
f 3192 3179 3189
f 3184 2872 3193
f 2872 2884 3193
f 3194 2883 2884
f 3194 2884 3193
f 3193 3194 3195
f 3193 3195 3196
f 3196 3185 3184
f 3196 3184 3193
f 3197 3190 2878
f 3197 2878 3198
f 2878 2885 3198
f 3190 3191 3197
f 2885 2888 3199
f 3199 2885 3198
f 3199 3198 3200
f 3198 3197 3200
f 3201 3202 3203
f 3203 2889 2893
f 3203 2893 3201
f 3204 2892 2893
f 3204 2893 3201
f 3201 3204 3205
f 3201 3205 3206
f 3201 3206 3202
f 3194 2883 3207
f 2883 2894 3207
f 2894 2889 3207
f 2889 3203 3207
f 3202 3203 3207
f 3202 3207 3208
f 3195 3194 3207
f 3195 3207 3208
f 3209 3210 3199
f 3209 3199 2888
f 2888 2895 3209
f 3199 3200 3210
f 2895 2898 3211
f 3211 2895 3209
f 3211 3209 3212
f 3209 3210 3212
f 3213 3214 3215
f 2900 2904 3213
f 2900 3213 3215
f 2903 2904 3213
f 2903 3213 3216
f 3213 3216 3217
f 3213 3217 3218
f 3213 3218 3214
f 3204 2892 3219
f 2892 2906 3219
f 2906 2900 3219
f 2900 3215 3219
f 3220 3214 3215
f 3220 3215 3219
f 3220 3205 3204
f 3220 3204 3219
f 3221 3211 2898
f 3221 2898 3222
f 2898 2907 3222
f 3211 3212 3221
f 2907 2910 3223
f 3223 2907 3222
f 3223 3222 3224
f 3222 3221 3224
f 3225 3226 3227
f 3227 2912 2916
f 3227 2916 3225
f 3228 2915 2916
f 3228 2916 3225
f 3225 3228 3229
f 3225 3229 3230
f 3225 3230 3226
f 3216 2903 3231
f 2903 2918 3231
f 2918 2912 3231
f 2912 3227 3231
f 3232 3226 3227
f 3232 3227 3231
f 3232 3217 3216
f 3232 3216 3231
f 3233 3223 2910
f 3233 2910 3234
f 2910 2919 3234
f 3223 3224 3233
f 3235 3236 3237
f 2922 2924 3235
f 2922 3235 3237
f 2924 2919 3235
f 2919 3234 3235
f 3233 3234 3235
f 3233 3235 3238
f 3235 3238 3236
f 2922 2926 3239
f 3239 2922 3237
f 3239 3237 3240
f 3237 3236 3240
f 3241 3242 3243
f 2928 2932 3241
f 2928 3241 3243
f 2931 2932 3241
f 2931 3241 3244
f 3241 3244 3245
f 3241 3245 3246
f 3241 3246 3242
f 3247 3248 3249
f 3249 2934 2936
f 3249 2936 3247
f 2936 2928 3247
f 2928 3243 3247
f 3250 3242 3243
f 3250 3243 3247
f 3247 3250 3248
f 3228 2915 3251
f 2915 2938 3251
f 2938 2934 3251
f 2934 3249 3251
f 3248 3249 3251
f 3248 3251 3252
f 3229 3228 3251
f 3229 3251 3252
f 3253 3239 2926
f 3253 2926 3254
f 2926 2939 3254
f 3239 3240 3253
f 3255 3256 3257
f 2942 2944 3255
f 2942 3255 3257
f 2944 2939 3255
f 2939 3254 3255
f 3253 3254 3255
f 3253 3255 3258
f 3255 3258 3256
f 3259 3260 3261
f 2946 2948 3259
f 2946 3259 3261
f 2948 2942 3259
f 2942 3257 3259
f 3256 3257 3259
f 3256 3259 3262
f 3259 3262 3260
f 2946 2951 3263
f 3263 2946 3261
f 3263 3261 3264
f 3261 3260 3264
f 3265 3266 3267
f 2955 2958 3265
f 2955 3265 3267
f 2957 2958 3265
f 2957 3265 3268
f 3265 3268 3269
f 3265 3269 3270
f 3265 3270 3266
f 3271 3272 3273
f 2960 2962 3271
f 2960 3271 3273
f 2962 2955 3271
f 2955 3267 3271
f 3274 3266 3267
f 3274 3267 3271
f 3271 3274 3272
f 3275 3276 3277
f 3277 2964 2966
f 3277 2966 3275
f 2966 2960 3275
f 2960 3273 3275
f 3278 3272 3273
f 3278 3273 3275
f 3275 3278 3276
f 3244 2931 3279
f 2931 2968 3279
f 2968 2964 3279
f 2964 3277 3279
f 3276 3277 3279
f 3276 3279 3280
f 3280 3245 3244
f 3280 3244 3279
f 3281 3263 2951
f 3281 2951 3282
f 2951 2969 3282
f 3263 3264 3281
f 3283 3284 3285
f 2970 2972 3283
f 2970 3283 3285
f 2972 2969 3283
f 2969 3282 3283
f 3281 3282 3283
f 3281 3283 3286
f 3283 3286 3284
f 3287 3288 3289
f 2974 2976 3287
f 2974 3287 3289
f 2976 2970 3287
f 2970 3285 3287
f 3284 3285 3287
f 3284 3287 3290
f 3287 3290 3288
f 3291 3292 3293
f 3293 2978 2980
f 3293 2980 3291
f 2980 2974 3291
f 2974 3289 3291
f 3288 3289 3291
f 3288 3291 3294
f 3291 3294 3292
f 3295 3296 3297
f 3297 2981 2983
f 3297 2983 3295
f 2983 2978 3295
f 2978 3293 3295
f 3292 3293 3295
f 3292 3295 3298
f 3295 3298 3296
f 3268 2957 3299
f 2957 2984 3299
f 2984 2981 3299
f 2981 3297 3299
f 3296 3297 3299
f 3296 3299 3300
f 3300 3269 3268
f 3300 3268 3299
f 2991 2986 3301
f 2991 2990 3301
f 2996 2993 3302
f 3303 3302 2996
f 3303 2996 2986
f 2986 3301 3303
f 3304 3305 3306
f 2998 3000 3304
f 2998 3304 3306
f 3000 2993 3304
f 3307 3302 2993
f 3307 2993 3304
f 3304 3307 3308
f 3304 3308 3305
f 3309 3310 3311
f 3002 3004 3309
f 3002 3309 3311
f 3004 2998 3309
f 2998 3306 3309
f 3312 3305 3306
f 3312 3306 3309
f 3309 3312 3310
f 3313 3314 3315
f 3006 3008 3313
f 3006 3313 3315
f 3008 3002 3313
f 3002 3311 3313
f 3310 3311 3313
f 3310 3313 3316
f 3313 3316 3314
f 3317 3318 3319
f 3010 3012 3317
f 3010 3317 3319
f 3012 3006 3317
f 3006 3315 3317
f 3314 3315 3317
f 3314 3317 3320
f 3317 3320 3318
f 3321 3322 3323
f 3014 3016 3321
f 3014 3321 3323
f 3016 3010 3321
f 3010 3319 3321
f 3318 3319 3321
f 3318 3321 3324
f 3321 3324 3322
f 3020 3018 3325
f 3326 3325 3020
f 3326 3020 3014
f 3327 3326 3014
f 3327 3014 3323
f 3323 3322 3327
f 3025 3022 3328
f 3329 3328 3025
f 3329 3025 3018
f 3018 3325 3329
f 3022 3026 3330
f 3022 3328 3330
f 3033 3028 3331
f 3033 3032 3331
f 3332 3333 3334
f 3334 3035 3038
f 3334 3038 3332
f 3038 3028 3332
f 3335 3331 3028
f 3335 3028 3332
f 3332 3335 3336
f 3332 3336 3333
f 3337 3301 2990
f 3337 2990 3338
f 2990 3041 3338
f 3041 3035 3338
f 3035 3334 3338
f 3333 3334 3338
f 3333 3338 3339
f 3338 3339 3337
f 3303 3302 3340
f 3301 3337 3341
f 3341 3301 3303
f 3341 3303 3340
f 3302 3340 3342
f 3302 3307 3342
f 3326 3325 3343
f 3326 3327 3343
f 3329 3328 3344
f 3325 3343 3345
f 3344 3345 3325
f 3344 3325 3329
f 3346 3330 3026
f 3346 3026 3347
f 3026 3045 3347
f 3328 3344 3348
f 3348 3328 3330
f 3348 3330 3346
f 3051 3048 3349
f 3350 3349 3051
f 3350 3051 3045
f 3351 3350 3045
f 3351 3045 3347
f 3347 3346 3351
f 3048 3052 3352
f 3048 3349 3352
f 3353 3354 3355
f 3355 3054 3058
f 3355 3058 3353
f 3356 3057 3058
f 3356 3058 3353
f 3353 3356 3357
f 3353 3357 3358
f 3353 3358 3354
f 3359 3331 3032
f 3359 3032 3360
f 3032 3061 3360
f 3061 3054 3360
f 3054 3355 3360
f 3361 3354 3355
f 3361 3355 3360
f 3360 3361 3359
f 3331 3359 3362
f 3331 3335 3362
f 3350 3349 3363
f 3350 3351 3363
f 3364 3352 3052
f 3364 3052 3365
f 3052 3065 3365
f 3349 3363 3366
f 3364 3366 3349
f 3364 3349 3352
f 3065 3068 3367
f 3367 3065 3365
f 3367 3365 3368
f 3365 3364 3368
f 3075 3070 3369
f 3075 3074 3369
f 3370 3371 3372
f 3372 3077 3080
f 3372 3080 3370
f 3080 3070 3370
f 3373 3369 3070
f 3373 3070 3370
f 3370 3373 3374
f 3370 3374 3371
f 3356 3057 3375
f 3057 3082 3375
f 3082 3077 3375
f 3077 3372 3375
f 3371 3372 3375
f 3371 3375 3376
f 3357 3356 3375
f 3357 3375 3376
f 3377 3367 3068
f 3377 3068 3378
f 3068 3084 3378
f 3367 3368 3377
f 3089 3086 3379
f 3379 3089 3084
f 3379 3084 3380
f 3380 3084 3378
f 3380 3378 3381
f 3378 3377 3381
f 3086 3090 3382
f 3086 3379 3382
f 3383 3369 3074
f 3383 3074 3384
f 3074 3095 3384
f 3385 3094 3095
f 3385 3095 3384
f 3384 3385 3386
f 3384 3386 3387
f 3384 3387 3383
f 3369 3383 3388
f 3369 3373 3388
f 3380 3379 3389
f 3380 3381 3389
f 3382 3090 3390
f 3090 3100 3390
f 3099 3100 3390
f 3099 3390 3391
f 3390 3391 3392
f 3389 3379 3390
f 3389 3390 3392
f 3379 3382 3390
f 3393 3394 3395
f 3395 3102 3106
f 3395 3106 3393
f 3105 3106 3393
f 3105 3393 3396
f 3393 3396 3397
f 3393 3397 3398
f 3393 3398 3394
f 3385 3094 3399
f 3094 3108 3399
f 3108 3102 3399
f 3102 3395 3399
f 3394 3395 3399
f 3394 3399 3400
f 3386 3385 3399
f 3386 3399 3400
f 3401 3391 3099
f 3401 3099 3402
f 3099 3110 3402
f 3391 3392 3401
f 3110 3112 3403
f 3403 3110 3402
f 3403 3402 3404
f 3402 3401 3404
f 3119 3114 3405
f 3119 3118 3405
f 3396 3105 3406
f 3105 3122 3406
f 3122 3114 3406
f 3407 3405 3114
f 3407 3114 3406
f 3406 3407 3408
f 3408 3397 3396
f 3408 3396 3406
f 3403 3112 3409
f 3410 3124 3112
f 3410 3112 3409
f 3409 3410 3411
f 3409 3411 3412
f 3409 3412 3413
f 3413 3404 3403
f 3413 3403 3409
f 3124 3126 3414
f 3124 3410 3414
f 3415 3405 3118
f 3415 3118 3416
f 3118 3131 3416
f 3130 3131 3416
f 3130 3416 3417
f 3416 3417 3418
f 3416 3418 3419
f 3416 3419 3415
f 3405 3415 3420
f 3405 3407 3420
f 3411 3410 3421
f 3411 3412 3421
f 3414 3126 3422
f 3126 3136 3422
f 3135 3136 3422
f 3135 3422 3423
f 3422 3423 3424
f 3421 3410 3422
f 3421 3422 3424
f 3410 3414 3422
f 3417 3130 3425
f 3130 3140 3425
f 3139 3140 3425
f 3139 3425 3426
f 3425 3426 3427
f 3425 3427 3428
f 3428 3418 3417
f 3428 3417 3425
f 3423 3135 3429
f 3135 3144 3429
f 3430 3143 3144
f 3430 3144 3429
f 3429 3430 3431
f 3429 3431 3432
f 3432 3424 3423
f 3432 3423 3429
f 3426 3139 3433
f 3139 3148 3433
f 3434 3147 3148
f 3434 3148 3433
f 3433 3434 3435
f 3433 3435 3436
f 3427 3426 3433
f 3427 3433 3436
f 3430 3143 3437
f 3143 3152 3437
f 3438 3151 3152
f 3438 3152 3437
f 3437 3438 3439
f 3437 3439 3440
f 3440 3431 3430
f 3440 3430 3437
f 3434 3147 3441
f 3147 3156 3441
f 3155 3156 3441
f 3155 3441 3442
f 3441 3442 3443
f 3441 3443 3444
f 3435 3434 3441
f 3435 3441 3444
f 3438 3151 3445
f 3151 3160 3445
f 3446 3159 3160
f 3446 3160 3445
f 3445 3446 3447
f 3445 3447 3448
f 3448 3439 3438
f 3448 3438 3445
f 3442 3155 3449
f 3155 3164 3449
f 3163 3164 3449
f 3163 3449 3450
f 3449 3450 3451
f 3449 3451 3452
f 3443 3442 3449
f 3443 3449 3452
f 3446 3159 3453
f 3159 3168 3453
f 3454 3167 3168
f 3454 3168 3453
f 3453 3454 3455
f 3453 3455 3456
f 3456 3447 3446
f 3456 3446 3453
f 3450 3163 3457
f 3163 3172 3457
f 3171 3172 3457
f 3171 3457 3458
f 3457 3458 3459
f 3457 3459 3460
f 3451 3450 3457
f 3451 3457 3460
f 3454 3167 3461
f 3167 3176 3461
f 3462 3175 3176
f 3462 3176 3461
f 3461 3462 3463
f 3461 3463 3464
f 3464 3455 3454
f 3464 3454 3461
f 3465 3466 3458
f 3465 3458 3171
f 3171 3178 3465
f 3458 3459 3466
f 3178 3180 3467
f 3468 3467 3178
f 3468 3178 3465
f 3465 3466 3468
f 3469 3470 3471
f 3471 3182 3186
f 3471 3186 3469
f 3472 3185 3186
f 3472 3186 3469
f 3469 3472 3473
f 3469 3473 3474
f 3469 3474 3470
f 3462 3175 3475
f 3175 3188 3475
f 3188 3182 3475
f 3182 3471 3475
f 3476 3470 3471
f 3476 3471 3475
f 3476 3463 3462
f 3476 3462 3475
f 3467 3180 3477
f 3180 3192 3477
f 3191 3192 3477
f 3191 3477 3478
f 3477 3478 3479
f 3477 3479 3480
f 3468 3467 3477
f 3468 3477 3480
f 3472 3185 3481
f 3185 3196 3481
f 3482 3195 3196
f 3482 3196 3481
f 3481 3482 3483
f 3481 3483 3484
f 3484 3473 3472
f 3484 3472 3481
f 3485 3486 3478
f 3485 3478 3191
f 3191 3197 3485
f 3478 3479 3486
f 3197 3200 3487
f 3488 3487 3197
f 3488 3197 3485
f 3485 3486 3488
f 3489 3490 3491
f 3491 3202 3206
f 3491 3206 3489
f 3492 3205 3206
f 3492 3206 3489
f 3489 3492 3493
f 3489 3493 3494
f 3489 3494 3490
f 3482 3195 3495
f 3195 3208 3495
f 3208 3202 3495
f 3202 3491 3495
f 3496 3490 3491
f 3496 3491 3495
f 3496 3483 3482
f 3496 3482 3495
f 3497 3498 3487
f 3497 3487 3200
f 3200 3210 3497
f 3487 3488 3498
f 3210 3212 3499
f 3500 3499 3210
f 3500 3210 3497
f 3497 3498 3500
f 3501 3502 3503
f 3503 3214 3218
f 3503 3218 3501
f 3504 3217 3218
f 3504 3218 3501
f 3501 3504 3505
f 3501 3505 3506
f 3501 3506 3502
f 3492 3205 3507
f 3205 3220 3507
f 3220 3214 3507
f 3214 3503 3507
f 3508 3502 3503
f 3508 3503 3507
f 3508 3493 3492
f 3508 3492 3507
f 3509 3499 3212
f 3509 3212 3510
f 3212 3221 3510
f 3499 3500 3509
f 3511 3512 3513
f 3511 3513 3514
f 3224 3221 3511
f 3224 3511 3514
f 3221 3510 3511
f 3509 3510 3511
f 3509 3511 3515
f 3511 3515 3512
f 3513 3514 3516
f 3513 3512 3516
f 3517 3518 3519
f 3517 3519 3520
f 3517 3520 3521
f 3517 3521 3522
f 3517 3522 3523
f 3517 3523 3518
f 3524 3525 3526
f 3526 3226 3230
f 3526 3230 3524
f 3527 3229 3230
f 3527 3230 3524
f 3527 3520 3519
f 3527 3519 3524
f 3528 3518 3519
f 3528 3519 3524
f 3524 3528 3525
f 3504 3217 3529
f 3217 3232 3529
f 3232 3226 3529
f 3226 3526 3529
f 3530 3525 3526
f 3530 3526 3529
f 3530 3505 3504
f 3530 3504 3529
f 3224 3514 3531
f 3224 3233 3531
f 3532 3533 3534
f 3534 3236 3238
f 3534 3238 3532
f 3238 3233 3532
f 3233 3531 3532
f 3531 3514 3532
f 3533 3516 3514
f 3533 3514 3532
f 3236 3240 3535
f 3536 3535 3236
f 3536 3236 3534
f 3534 3533 3536
f 3537 3538 3539
f 3539 3242 3246
f 3539 3246 3537
f 3540 3245 3246
f 3540 3246 3537
f 3537 3540 3541
f 3537 3541 3542
f 3537 3542 3538
f 3543 3520 3521
f 3543 3521 3544
f 3543 3248 3250
f 3543 3250 3544
f 3250 3242 3544
f 3242 3539 3544
f 3545 3538 3539
f 3545 3539 3544
f 3545 3522 3521
f 3545 3521 3544
f 3527 3229 3546
f 3229 3252 3546
f 3252 3248 3546
f 3248 3543 3546
f 3543 3520 3546
f 3520 3527 3546
f 3547 3548 3535
f 3547 3535 3240
f 3240 3253 3547
f 3535 3536 3548
f 3549 3550 3551
f 3551 3256 3258
f 3551 3258 3549
f 3258 3253 3549
f 3253 3547 3549
f 3552 3548 3547
f 3552 3547 3549
f 3549 3552 3550
f 3553 3554 3555
f 3555 3260 3262
f 3555 3262 3553
f 3262 3256 3553
f 3256 3551 3553
f 3550 3551 3553
f 3550 3553 3556
f 3553 3556 3554
f 3557 3558 3559
f 3557 3559 3560
f 3560 3264 3260
f 3560 3260 3557
f 3260 3555 3557
f 3554 3555 3557
f 3554 3557 3561
f 3557 3561 3558
f 3562 3563 3564
f 3562 3564 3565
f 3562 3565 3566
f 3560 3559 3562
f 3560 3562 3566
f 3558 3559 3562
f 3558 3562 3567
f 3562 3567 3563
f 3564 3565 3568
f 3564 3563 3568
f 3569 3570 3571
f 3569 3571 3572
f 3569 3572 3573
f 3569 3573 3574
f 3569 3574 3575
f 3569 3575 3570
f 3576 3577 3578
f 3576 3578 3579
f 3576 3579 3580
f 3580 3572 3571
f 3580 3571 3576
f 3581 3570 3571
f 3581 3571 3576
f 3576 3581 3577
f 3582 3583 3584
f 3584 3266 3270
f 3584 3270 3582
f 3585 3269 3270
f 3585 3270 3582
f 3585 3579 3578
f 3585 3578 3582
f 3586 3577 3578
f 3586 3578 3582
f 3582 3586 3583
f 3587 3588 3589
f 3589 3272 3274
f 3589 3274 3587
f 3274 3266 3587
f 3266 3584 3587
f 3590 3583 3584
f 3590 3584 3587
f 3587 3590 3588
f 3591 3592 3593
f 3593 3276 3278
f 3593 3278 3591
f 3278 3272 3591
f 3272 3589 3591
f 3594 3588 3589
f 3594 3589 3591
f 3591 3594 3592
f 3540 3245 3595
f 3245 3280 3595
f 3280 3276 3595
f 3276 3593 3595
f 3596 3592 3593
f 3596 3593 3595
f 3596 3541 3540
f 3596 3540 3595
f 3264 3560 3597
f 3264 3281 3597
f 3598 3565 3566
f 3598 3566 3599
f 3284 3286 3599
f 3284 3599 3598
f 3286 3281 3599
f 3281 3597 3599
f 3597 3560 3599
f 3560 3566 3599
f 3600 3601 3602
f 3602 3288 3290
f 3602 3290 3600
f 3290 3284 3600
f 3284 3598 3600
f 3598 3565 3600
f 3601 3568 3565
f 3601 3565 3600
f 3603 3572 3573
f 3603 3573 3604
f 3603 3292 3294
f 3603 3294 3604
f 3294 3288 3604
f 3288 3602 3604
f 3605 3601 3602
f 3605 3602 3604
f 3605 3574 3573
f 3605 3573 3604
f 3606 3579 3580
f 3606 3580 3607
f 3606 3296 3298
f 3606 3298 3607
f 3298 3292 3607
f 3292 3603 3607
f 3603 3572 3607
f 3572 3580 3607
f 3585 3269 3608
f 3269 3300 3608
f 3300 3296 3608
f 3296 3606 3608
f 3606 3579 3608
f 3579 3585 3608
f 3308 3305 3609
f 3308 3307 3609
f 3312 3310 3610
f 3611 3610 3312
f 3611 3312 3305
f 3305 3609 3611
f 3612 3613 3614
f 3314 3316 3612
f 3314 3612 3614
f 3316 3310 3612
f 3610 3310 3612
f 3610 3612 3615
f 3612 3615 3616
f 3612 3616 3613
f 3320 3318 3617
f 3618 3617 3320
f 3618 3320 3314
f 3618 3314 3614
f 3618 3614 3619
f 3614 3613 3619
f 3324 3322 3620
f 3621 3620 3324
f 3621 3324 3318
f 3318 3617 3621
f 3322 3327 3622
f 3322 3620 3622
f 3623 3624 3625
f 3333 3336 3623
f 3333 3623 3625
f 3335 3336 3623
f 3335 3623 3626
f 3623 3626 3627
f 3623 3627 3628
f 3623 3628 3624
f 3629 3630 3631
f 3631 3337 3339
f 3631 3339 3629
f 3339 3333 3629
f 3333 3625 3629
f 3632 3624 3625
f 3632 3625 3629
f 3629 3632 3630
f 3633 3634 3635
f 3635 3340 3341
f 3635 3341 3633
f 3341 3337 3633
f 3337 3631 3633
f 3630 3631 3633
f 3630 3633 3636
f 3633 3636 3634
f 3609 3307 3637
f 3609 3637 3638
f 3307 3342 3637
f 3342 3340 3637
f 3340 3635 3637
f 3634 3635 3637
f 3634 3637 3639
f 3637 3639 3638
f 3611 3610 3640
f 3609 3638 3641
f 3641 3609 3611
f 3641 3611 3640
f 3610 3640 3642
f 3610 3615 3642
f 3618 3617 3643
f 3618 3619 3643
f 3621 3620 3644
f 3617 3643 3645
f 3644 3645 3617
f 3644 3617 3621
f 3646 3622 3327
f 3646 3327 3647
f 3327 3343 3647
f 3620 3644 3648
f 3646 3648 3620
f 3646 3620 3622
f 3649 3650 3651
f 3344 3345 3649
f 3344 3649 3651
f 3345 3343 3649
f 3343 3647 3649
f 3646 3647 3649
f 3646 3649 3652
f 3649 3652 3650
f 3653 3654 3655
f 3346 3348 3653
f 3346 3653 3655
f 3348 3344 3653
f 3344 3651 3653
f 3650 3651 3653
f 3650 3653 3656
f 3653 3656 3654
f 3346 3351 3657
f 3657 3346 3655
f 3657 3655 3658
f 3655 3654 3658
f 3358 3354 3659
f 3358 3357 3659
f 3660 3661 3662
f 3662 3359 3361
f 3662 3361 3660
f 3361 3354 3660
f 3663 3659 3354
f 3663 3354 3660
f 3660 3663 3664
f 3660 3664 3661
f 3626 3335 3665
f 3335 3362 3665
f 3362 3359 3665
f 3359 3662 3665
f 3661 3662 3665
f 3661 3665 3666
f 3666 3627 3626
f 3666 3626 3665
f 3667 3657 3351
f 3667 3351 3668
f 3351 3363 3668
f 3657 3658 3667
f 3366 3364 3669
f 3670 3669 3366
f 3670 3366 3363
f 3671 3670 3363
f 3671 3363 3668
f 3668 3667 3671
f 3364 3368 3672
f 3364 3669 3672
f 3673 3674 3675
f 3371 3374 3673
f 3371 3673 3675
f 3373 3374 3673
f 3373 3673 3676
f 3673 3676 3677
f 3673 3677 3678
f 3673 3678 3674
f 3679 3659 3357
f 3679 3357 3680
f 3357 3376 3680
f 3376 3371 3680
f 3371 3675 3680
f 3681 3674 3675
f 3681 3675 3680
f 3680 3681 3679
f 3659 3679 3682
f 3659 3663 3682
f 3670 3669 3683
f 3670 3671 3683
f 3684 3685 3672
f 3684 3672 3368
f 3368 3377 3684
f 3669 3683 3686
f 3685 3686 3669
f 3685 3669 3672
f 3377 3381 3687
f 3687 3377 3684
f 3687 3684 3688
f 3684 3685 3688
f 3689 3690 3691
f 3383 3387 3689
f 3383 3689 3691
f 3386 3387 3689
f 3386 3689 3692
f 3689 3692 3693
f 3689 3693 3694
f 3689 3694 3690
f 3676 3373 3695
f 3373 3388 3695
f 3388 3383 3695
f 3383 3691 3695
f 3696 3690 3691
f 3696 3691 3695
f 3696 3677 3676
f 3696 3676 3695
f 3697 3698 3687
f 3697 3687 3381
f 3381 3389 3697
f 3687 3688 3698
f 3389 3392 3699
f 3699 3389 3697
f 3699 3697 3700
f 3697 3698 3700
f 3398 3394 3701
f 3398 3397 3701
f 3692 3386 3702
f 3386 3400 3702
f 3400 3394 3702
f 3703 3701 3394
f 3703 3394 3702
f 3702 3703 3704
f 3704 3693 3692
f 3704 3692 3702
f 3699 3392 3705
f 3401 3392 3705
f 3401 3705 3706
f 3705 3706 3707
f 3705 3707 3708
f 3705 3708 3709
f 3700 3699 3705
f 3700 3705 3709
f 3401 3404 3710
f 3401 3706 3710
f 3711 3701 3397
f 3711 3397 3712
f 3397 3408 3712
f 3713 3407 3408
f 3713 3408 3712
f 3712 3713 3714
f 3712 3714 3715
f 3712 3715 3711
f 3701 3711 3716
f 3701 3703 3716
f 3707 3706 3717
f 3707 3708 3717
f 3710 3404 3718
f 3404 3413 3718
f 3412 3413 3718
f 3412 3718 3719
f 3718 3719 3720
f 3720 3717 3706
f 3720 3706 3718
f 3706 3710 3718
f 3419 3415 3721
f 3419 3418 3721
f 3713 3407 3722
f 3407 3420 3722
f 3420 3415 3722
f 3723 3721 3415
f 3723 3415 3722
f 3722 3723 3724
f 3714 3713 3722
f 3714 3722 3724
f 3719 3412 3725
f 3726 3421 3412
f 3726 3412 3725
f 3725 3726 3727
f 3725 3727 3728
f 3725 3728 3729
f 3720 3719 3725
f 3720 3725 3729
f 3421 3424 3730
f 3421 3726 3730
f 3721 3418 3731
f 3721 3731 3732
f 3418 3428 3731
f 3427 3428 3731
f 3427 3731 3733
f 3731 3733 3734
f 3731 3734 3735
f 3731 3735 3732
f 3721 3732 3736
f 3721 3723 3736
f 3727 3726 3737
f 3727 3728 3737
f 3730 3424 3738
f 3424 3432 3738
f 3431 3432 3738
f 3431 3738 3739
f 3738 3739 3740
f 3740 3737 3726
f 3740 3726 3738
f 3726 3730 3738
f 3733 3427 3741
f 3427 3436 3741
f 3435 3436 3741
f 3435 3741 3742
f 3741 3742 3743
f 3741 3743 3744
f 3744 3734 3733
f 3744 3733 3741
f 3739 3431 3745
f 3431 3440 3745
f 3439 3440 3745
f 3439 3745 3746
f 3745 3746 3747
f 3745 3747 3748
f 3748 3740 3739
f 3748 3739 3745
f 3742 3435 3749
f 3435 3444 3749
f 3443 3444 3749
f 3443 3749 3750
f 3749 3750 3751
f 3749 3751 3752
f 3743 3742 3749
f 3743 3749 3752
f 3746 3439 3753
f 3439 3448 3753
f 3754 3447 3448
f 3754 3448 3753
f 3753 3754 3755
f 3753 3755 3756
f 3756 3747 3746
f 3756 3746 3753
f 3757 3758 3750
f 3757 3750 3443
f 3759 3757 3443
f 3759 3443 3452
f 3452 3451 3759
f 3750 3751 3758
f 3757 3759 3760
f 3757 3758 3760
f 3761 3762 3763
f 3761 3763 3764
f 3761 3764 3765
f 3761 3765 3766
f 3761 3766 3767
f 3761 3767 3762
f 3754 3447 3768
f 3447 3456 3768
f 3769 3455 3456
f 3769 3456 3768
f 3769 3764 3763
f 3769 3763 3768
f 3770 3762 3763
f 3770 3763 3768
f 3770 3755 3754
f 3770 3754 3768
f 3451 3759 3771
f 3771 3451 3460
f 3771 3460 3772
f 3460 3459 3772
f 3771 3772 3773
f 3773 3771 3759
f 3773 3759 3774
f 3759 3760 3774
f 3775 3764 3765
f 3775 3765 3776
f 3776 3775 3777
f 3776 3777 3778
f 3776 3778 3779
f 3776 3779 3780
f 3780 3766 3765
f 3780 3765 3776
f 3769 3455 3781
f 3455 3464 3781
f 3782 3463 3464
f 3782 3464 3781
f 3782 3777 3775
f 3782 3775 3781
f 3775 3764 3781
f 3764 3769 3781
f 3459 3772 3783
f 3459 3466 3783
f 3466 3468 3784
f 3784 3466 3783
f 3784 3783 3785
f 3785 3783 3772
f 3785 3772 3786
f 3772 3773 3786
f 3787 3777 3778
f 3787 3778 3788
f 3787 3470 3474
f 3787 3474 3788
f 3789 3473 3474
f 3789 3474 3788
f 3788 3789 3790
f 3788 3790 3791
f 3791 3779 3778
f 3791 3778 3788
f 3782 3463 3792
f 3463 3476 3792
f 3476 3470 3792
f 3470 3787 3792
f 3787 3777 3792
f 3777 3782 3792
f 3793 3794 3784
f 3793 3784 3468
f 3793 3468 3480
f 3793 3480 3795
f 3480 3479 3795
f 3784 3785 3794
f 3793 3795 3796
f 3793 3794 3796
f 3797 3798 3799
f 3797 3799 3800
f 3797 3800 3801
f 3797 3801 3802
f 3797 3802 3803
f 3797 3803 3798
f 3789 3473 3804
f 3473 3484 3804
f 3805 3483 3484
f 3805 3484 3804
f 3805 3800 3799
f 3805 3799 3804
f 3806 3798 3799
f 3806 3799 3804
f 3806 3790 3789
f 3806 3789 3804
f 3479 3795 3807
f 3479 3486 3807
f 3808 3809 3810
f 3808 3810 3811
f 3488 3486 3808
f 3488 3808 3811
f 3486 3807 3808
f 3807 3795 3808
f 3796 3795 3808
f 3796 3808 3809
f 3810 3811 3812
f 3810 3809 3812
f 3813 3814 3815
f 3813 3815 3816
f 3813 3816 3817
f 3813 3817 3818
f 3813 3818 3819
f 3813 3819 3814
f 3820 3800 3801
f 3820 3801 3821
f 3820 3490 3494
f 3820 3494 3821
f 3822 3493 3494
f 3822 3494 3821
f 3822 3816 3815
f 3822 3815 3821
f 3823 3814 3815
f 3823 3815 3821
f 3823 3802 3801
f 3823 3801 3821
f 3805 3483 3824
f 3483 3496 3824
f 3496 3490 3824
f 3490 3820 3824
f 3820 3800 3824
f 3800 3805 3824
f 3488 3811 3825
f 3488 3498 3825
f 3826 3827 3828
f 3826 3828 3829
f 3500 3498 3826
f 3500 3826 3829
f 3498 3825 3826
f 3825 3811 3826
f 3812 3811 3826
f 3812 3826 3827
f 3828 3829 3830
f 3828 3827 3830
f 3831 3832 3833
f 3831 3833 3834
f 3831 3834 3835
f 3831 3835 3836
f 3831 3836 3837
f 3831 3837 3832
f 3838 3816 3817
f 3838 3817 3839
f 3838 3502 3506
f 3838 3506 3839
f 3840 3505 3506
f 3840 3506 3839
f 3840 3834 3833
f 3840 3833 3839
f 3841 3832 3833
f 3841 3833 3839
f 3841 3818 3817
f 3841 3817 3839
f 3822 3493 3842
f 3493 3508 3842
f 3508 3502 3842
f 3502 3838 3842
f 3838 3816 3842
f 3816 3822 3842
f 3500 3829 3843
f 3500 3509 3843
f 3844 3845 3846
f 3846 3512 3515
f 3846 3515 3844
f 3515 3509 3844
f 3509 3843 3844
f 3843 3829 3844
f 3845 3830 3829
f 3845 3829 3844
f 3512 3516 3847
f 3848 3847 3512
f 3848 3512 3846
f 3846 3845 3848
f 3849 3850 3851
f 3851 3518 3523
f 3851 3523 3849
f 3852 3522 3523
f 3852 3523 3849
f 3849 3852 3853
f 3849 3853 3854
f 3849 3854 3850
f 3855 3834 3835
f 3855 3835 3856
f 3855 3525 3528
f 3855 3528 3856
f 3528 3518 3856
f 3518 3851 3856
f 3857 3850 3851
f 3857 3851 3856
f 3857 3836 3835
f 3857 3835 3856
f 3840 3505 3858
f 3505 3530 3858
f 3530 3525 3858
f 3525 3855 3858
f 3855 3834 3858
f 3834 3840 3858
f 3859 3847 3516
f 3859 3516 3860
f 3516 3533 3860
f 3847 3848 3859
f 3861 3862 3863
f 3861 3863 3864
f 3864 3536 3533
f 3864 3533 3861
f 3533 3860 3861
f 3865 3859 3860
f 3865 3860 3861
f 3861 3865 3862
f 3863 3864 3866
f 3863 3862 3866
f 3867 3868 3869
f 3867 3869 3870
f 3867 3870 3871
f 3867 3871 3872
f 3867 3872 3873
f 3867 3873 3868
f 3874 3875 3876
f 3876 3538 3542
f 3876 3542 3874
f 3877 3541 3542
f 3877 3542 3874
f 3877 3870 3869
f 3877 3869 3874
f 3878 3868 3869
f 3878 3869 3874
f 3874 3878 3875
f 3852 3522 3879
f 3522 3545 3879
f 3545 3538 3879
f 3538 3876 3879
f 3880 3875 3876
f 3880 3876 3879
f 3880 3853 3852
f 3880 3852 3879
f 3536 3864 3881
f 3536 3548 3881
f 3882 3883 3884
f 3550 3552 3882
f 3550 3882 3884
f 3552 3548 3882
f 3548 3881 3882
f 3881 3864 3882
f 3866 3864 3882
f 3866 3882 3883
f 3885 3886 3887
f 3887 3554 3556
f 3887 3556 3885
f 3556 3550 3885
f 3550 3884 3885
f 3888 3883 3884
f 3888 3884 3885
f 3885 3888 3886
f 3889 3890 3891
f 3891 3558 3561
f 3891 3561 3889
f 3561 3554 3889
f 3554 3887 3889
f 3892 3886 3887
f 3892 3887 3889
f 3889 3892 3890
f 3893 3894 3895
f 3895 3563 3567
f 3895 3567 3893
f 3567 3558 3893
f 3558 3891 3893
f 3890 3891 3893
f 3890 3893 3896
f 3893 3896 3894
f 3897 3898 3899
f 3897 3899 3900
f 3900 3568 3563
f 3900 3563 3897
f 3563 3895 3897
f 3901 3894 3895
f 3901 3895 3897
f 3897 3901 3898
f 3902 3903 3904
f 3904 3570 3575
f 3904 3575 3902
f 3905 3574 3575
f 3905 3575 3902
f 3905 3900 3899
f 3905 3899 3902
f 3906 3898 3899
f 3906 3899 3902
f 3902 3906 3903
f 3907 3908 3909
f 3909 3577 3581
f 3909 3581 3907
f 3581 3570 3907
f 3570 3904 3907
f 3910 3903 3904
f 3910 3904 3907
f 3907 3910 3908
f 3911 3912 3913
f 3913 3583 3586
f 3913 3586 3911
f 3586 3577 3911
f 3577 3909 3911
f 3914 3908 3909
f 3914 3909 3911
f 3911 3914 3912
f 3915 3916 3917
f 3917 3588 3590
f 3917 3590 3915
f 3590 3583 3915
f 3583 3913 3915
f 3918 3912 3913
f 3918 3913 3915
f 3915 3918 3916
f 3919 3870 3871
f 3919 3871 3920
f 3919 3592 3594
f 3919 3594 3920
f 3594 3588 3920
f 3588 3917 3920
f 3921 3916 3917
f 3921 3917 3920
f 3921 3872 3871
f 3921 3871 3920
f 3877 3541 3922
f 3541 3596 3922
f 3596 3592 3922
f 3592 3919 3922
f 3919 3870 3922
f 3870 3877 3922
f 3568 3900 3923
f 3568 3601 3923
f 3905 3574 3924
f 3574 3605 3924
f 3605 3601 3924
f 3601 3923 3924
f 3923 3900 3924
f 3900 3905 3924
f 3616 3613 3925
f 3616 3615 3925
f 3613 3619 3926
f 3613 3925 3926
f 3628 3624 3927
f 3628 3627 3927
f 3632 3630 3928
f 3928 3632 3624
f 3928 3624 3929
f 3624 3927 3929
f 3930 3931 3932
f 3634 3636 3930
f 3634 3930 3932
f 3636 3630 3930
f 3933 3928 3630
f 3933 3630 3930
f 3930 3933 3934
f 3930 3934 3931
f 3935 3936 3937
f 3937 3638 3639
f 3937 3639 3935
f 3639 3634 3935
f 3634 3932 3935
f 3938 3931 3932
f 3938 3932 3935
f 3935 3938 3936
f 3939 3940 3941
f 3941 3640 3641
f 3941 3641 3939
f 3641 3638 3939
f 3638 3937 3939
f 3936 3937 3939
f 3936 3939 3942
f 3939 3942 3940
f 3943 3925 3615
f 3943 3615 3944
f 3615 3642 3944
f 3642 3640 3944
f 3640 3941 3944
f 3940 3941 3944
f 3940 3944 3945
f 3944 3945 3943
f 3946 3926 3619
f 3946 3619 3947
f 3619 3643 3947
f 3925 3943 3948
f 3948 3925 3926
f 3948 3926 3946
f 3949 3950 3951
f 3644 3645 3949
f 3644 3949 3951
f 3645 3643 3949
f 3643 3947 3949
f 3946 3947 3949
f 3946 3949 3952
f 3949 3952 3950
f 3953 3954 3955
f 3646 3648 3953
f 3646 3953 3955
f 3648 3644 3953
f 3644 3951 3953
f 3950 3951 3953
f 3950 3953 3956
f 3953 3956 3954
f 3652 3650 3957
f 3958 3957 3652
f 3958 3652 3646
f 3959 3958 3646
f 3959 3646 3955
f 3955 3954 3959
f 3656 3654 3960
f 3961 3960 3656
f 3961 3656 3650
f 3650 3957 3961
f 3654 3658 3962
f 3654 3960 3962
f 3963 3964 3965
f 3661 3664 3963
f 3661 3963 3965
f 3966 3663 3664
f 3966 3664 3963
f 3963 3966 3967
f 3963 3967 3968
f 3963 3968 3964
f 3969 3927 3627
f 3969 3627 3970
f 3627 3666 3970
f 3666 3661 3970
f 3661 3965 3970
f 3971 3964 3965
f 3971 3965 3970
f 3970 3971 3969
f 3929 3928 3972
f 3927 3969 3973
f 3973 3927 3929
f 3973 3929 3972
f 3928 3972 3974
f 3928 3933 3974
f 3958 3957 3975
f 3958 3959 3975
f 3961 3960 3976
f 3957 3975 3977
f 3976 3977 3957
f 3976 3957 3961
f 3978 3962 3658
f 3978 3658 3979
f 3658 3667 3979
f 3960 3976 3980
f 3980 3960 3962
f 3980 3962 3978
f 3667 3671 3981
f 3981 3667 3979
f 3981 3979 3982
f 3979 3978 3982
f 3678 3674 3983
f 3678 3677 3983
f 3984 3985 3986
f 3986 3679 3681
f 3986 3681 3984
f 3681 3674 3984
f 3987 3983 3674
f 3987 3674 3984
f 3984 3987 3988
f 3984 3988 3985
f 3966 3663 3989
f 3663 3682 3989
f 3682 3679 3989
f 3679 3986 3989
f 3985 3986 3989
f 3985 3989 3990
f 3990 3967 3966
f 3990 3966 3989
f 3991 3981 3671
f 3991 3671 3992
f 3671 3683 3992
f 3981 3982 3991
f 3686 3685 3993
f 3993 3686 3683
f 3993 3683 3994
f 3994 3683 3992
f 3994 3992 3995
f 3992 3991 3995
f 3685 3688 3996
f 3685 3993 3996
f 3694 3690 3997
f 3694 3693 3997
f 3998 3983 3677
f 3998 3677 3999
f 3677 3696 3999
f 3696 3690 3999
f 4000 3997 3690
f 4000 3690 3999
f 3999 4000 4001
f 3999 4001 3998
f 3983 3998 4002
f 3983 3987 4002
f 3994 3993 4003
f 3994 3995 4003
f 3996 3688 4004
f 3698 3688 4004
f 3698 4004 4005
f 4004 4005 4006
f 4004 4006 4007
f 4003 3993 4004
f 4003 4004 4007
f 3993 3996 4004
f 3698 3700 4008
f 3698 4005 4008
f 4009 3997 3693
f 4009 3693 4010
f 3693 3704 4010
f 4011 3703 3704
f 4011 3704 4010
f 4010 4011 4012
f 4010 4012 4013
f 4010 4013 4009
f 3997 4009 4014
f 3997 4000 4014
f 4006 4005 4015
f 4006 4007 4015
f 4008 3700 4016
f 3700 3709 4016
f 4017 3708 3709
f 4017 3709 4016
f 4016 4017 4018
f 4015 4005 4016
f 4015 4016 4018
f 4005 4008 4016
f 3715 3711 4019
f 3715 3714 4019
f 4011 3703 4020
f 3703 3716 4020
f 3716 3711 4020
f 4021 4019 3711
f 4021 3711 4020
f 4020 4021 4022
f 4012 4011 4020
f 4012 4020 4022
f 4017 3708 4023
f 3717 3708 4023
f 3717 4023 4024
f 4023 4024 4025
f 4023 4025 4026
f 4023 4026 4027
f 4018 4017 4023
f 4018 4023 4027
f 3717 3720 4028
f 3717 4024 4028
f 4029 4019 3714
f 4029 3714 4030
f 3714 3724 4030
f 4031 3723 3724
f 4031 3724 4030
f 4030 4031 4032
f 4030 4032 4033
f 4030 4033 4029
f 4019 4029 4034
f 4019 4021 4034
f 4025 4024 4035
f 4025 4026 4035
f 4028 3720 4036
f 3720 3729 4036
f 4037 3728 3729
f 4037 3729 4036
f 4036 4037 4038
f 4038 4035 4024
f 4038 4024 4036
f 4024 4028 4036
f 3735 3732 4039
f 3735 3734 4039
f 4031 3723 4040
f 3723 3736 4040
f 3736 3732 4040
f 4041 4039 3732
f 4041 3732 4040
f 4040 4041 4042
f 4032 4031 4040
f 4032 4040 4042
f 4037 3728 4043
f 4044 3737 3728
f 4044 3728 4043
f 4043 4044 4045
f 4043 4045 4046
f 4043 4046 4047
f 4047 4038 4037
f 4047 4037 4043
f 3737 3740 4048
f 3737 4044 4048
f 3734 4039 4049
f 4050 4049 3734
f 4050 3734 3744
f 3744 3743 4050
f 4049 4050 4051
f 4051 4049 4039
f 4051 4039 4052
f 4039 4041 4052
f 4053 4044 4045
f 4053 4045 4054
f 4054 4053 4055
f 4054 4055 4056
f 4054 4056 4057
f 4054 4057 4058
f 4058 4046 4045
f 4058 4045 4054
f 4048 3740 4059
f 3740 3748 4059
f 3747 3748 4059
f 3747 4059 4060
f 4055 4053 4059
f 4055 4059 4060
f 4053 4044 4059
f 4044 4048 4059
f 3743 4050 4061
f 4062 4061 3743
f 4062 3743 3752
f 3752 3751 4062
f 4061 4062 4063
f 4063 4061 4050
f 4063 4050 4064
f 4050 4051 4064
f 4065 4055 4056
f 4065 4056 4066
f 4066 4065 4067
f 4066 4067 4068
f 4066 4068 4069
f 4066 4069 4070
f 4070 4057 4056
f 4070 4056 4066
f 4060 3747 4071
f 3747 3756 4071
f 4072 3755 3756
f 4072 3756 4071
f 4072 4067 4065
f 4072 4065 4071
f 4065 4055 4071
f 4055 4060 4071
f 3751 4062 4073
f 3751 3758 4073
f 3758 3760 4074
f 4075 4074 3758
f 4075 3758 4073
f 4075 4073 4062
f 4075 4062 4076
f 4062 4063 4076
f 4077 4067 4068
f 4077 4068 4078
f 4077 3762 3767
f 4077 3767 4078
f 4079 3766 3767
f 4079 3767 4078
f 4078 4079 4080
f 4078 4080 4081
f 4081 4069 4068
f 4081 4068 4078
f 4072 3755 4082
f 3755 3770 4082
f 3770 3762 4082
f 3762 4077 4082
f 4077 4067 4082
f 4067 4072 4082
f 4074 3760 4083
f 3760 3774 4083
f 3773 3774 4083
f 3773 4083 4084
f 4083 4084 4085
f 4083 4085 4086
f 4075 4074 4083
f 4075 4083 4086
f 4079 3766 4087
f 3766 3780 4087
f 4088 3779 3780
f 4088 3780 4087
f 4087 4088 4089
f 4087 4089 4090
f 4090 4080 4079
f 4090 4079 4087
f 4091 4092 4084
f 4091 4084 3773
f 4091 3773 3786
f 4091 3786 4093
f 3786 3785 4093
f 4084 4085 4092
f 4091 4093 4094
f 4091 4092 4094
f 4095 4096 4097
f 4095 4097 4098
f 4095 4098 4099
f 4095 4099 4100
f 4095 4100 4101
f 4095 4101 4096
f 4088 3779 4102
f 3779 3791 4102
f 4103 3790 3791
f 4103 3791 4102
f 4103 4098 4097
f 4103 4097 4102
f 4104 4096 4097
f 4104 4097 4102
f 4104 4089 4088
f 4104 4088 4102
f 3785 4093 4105
f 3785 3794 4105
f 3794 3796 4106
f 4107 4106 3794
f 4107 3794 4105
f 4108 4107 4105
f 4108 4105 4093
f 4093 4094 4108
f 4109 4098 4099
f 4109 4099 4110
f 4109 3798 3803
f 4109 3803 4110
f 4111 3802 3803
f 4111 3803 4110
f 4110 4111 4112
f 4110 4112 4113
f 4113 4100 4099
f 4113 4099 4110
f 4103 3790 4114
f 3790 3806 4114
f 3806 3798 4114
f 3798 4109 4114
f 4109 4098 4114
f 4098 4103 4114
f 4115 4116 4106
f 4115 4106 3796
f 3796 3809 4115
f 4106 4107 4116
f 3809 3812 4117
f 4118 4117 3809
f 4118 3809 4115
f 4115 4116 4118
f 4119 4120 4121
f 4121 3814 3819
f 4121 3819 4119
f 4122 3818 3819
f 4122 3819 4119
f 4119 4122 4123
f 4119 4123 4124
f 4119 4124 4120
f 4111 3802 4125
f 3802 3823 4125
f 3823 3814 4125
f 3814 4121 4125
f 4126 4120 4121
f 4126 4121 4125
f 4126 4112 4111
f 4126 4111 4125
f 4127 4117 3812
f 4127 3812 4128
f 3812 3827 4128
f 4117 4118 4127
f 3827 3830 4129
f 4130 4129 3827
f 4130 3827 4128
f 4128 4127 4130
f 4131 4132 4133
f 4133 3832 3837
f 4133 3837 4131
f 4134 3836 3837
f 4134 3837 4131
f 4131 4134 4135
f 4131 4135 4136
f 4131 4136 4132
f 4122 3818 4137
f 3818 3841 4137
f 3841 3832 4137
f 3832 4133 4137
f 4138 4132 4133
f 4138 4133 4137
f 4138 4123 4122
f 4138 4122 4137
f 4139 4140 4129
f 4139 4129 3830
f 3830 3845 4139
f 4129 4130 4140
f 4141 4142 4143
f 4141 4143 4144
f 4144 3848 3845
f 4144 3845 4141
f 3845 4139 4141
f 4145 4140 4139
f 4145 4139 4141
f 4141 4145 4142
f 4143 4144 4146
f 4143 4142 4146
f 4147 4148 4149
f 4147 4149 4150
f 4147 4150 4151
f 4147 4151 4152
f 4147 4152 4153
f 4147 4153 4148
f 4154 4155 4156
f 4156 3850 3854
f 4156 3854 4154
f 4157 3853 3854
f 4157 3854 4154
f 4157 4150 4149
f 4157 4149 4154
f 4158 4148 4149
f 4158 4149 4154
f 4154 4158 4155
f 4134 3836 4159
f 3836 3857 4159
f 3857 3850 4159
f 3850 4156 4159
f 4160 4155 4156
f 4160 4156 4159
f 4160 4135 4134
f 4160 4134 4159
f 3848 4144 4161
f 3848 3859 4161
f 4162 4163 4164
f 3862 3865 4162
f 3862 4162 4164
f 3865 3859 4162
f 3859 4161 4162
f 4161 4144 4162
f 4163 4146 4144
f 4163 4144 4162
f 4165 4166 4167
f 4165 4167 4168
f 4168 3866 3862
f 4168 3862 4165
f 3862 4164 4165
f 4169 4163 4164
f 4169 4164 4165
f 4165 4169 4166
f 4170 4171 4172
f 4170 4172 4173
f 4170 4173 4174
f 4174 4168 4167
f 4174 4167 4170
f 4166 4167 4170
f 4166 4170 4175
f 4170 4175 4171
f 4172 4173 4176
f 4172 4171 4176
f 4177 4178 4179
f 4177 4179 4180
f 4177 4180 4181
f 4177 4181 4182
f 4177 4182 4183
f 4177 4183 4178
f 4184 4185 4186
f 4184 4186 4187
f 4184 4187 4188
f 4188 4180 4179
f 4188 4179 4184
f 4189 4178 4179
f 4189 4179 4184
f 4184 4189 4185
f 4190 4191 4192
f 4192 3868 3873
f 4192 3873 4190
f 4193 3872 3873
f 4193 3873 4190
f 4193 4187 4186
f 4193 4186 4190
f 4194 4185 4186
f 4194 4186 4190
f 4190 4194 4191
f 4195 4150 4151
f 4195 4151 4196
f 4195 3875 3878
f 4195 3878 4196
f 3878 3868 4196
f 3868 4192 4196
f 4197 4191 4192
f 4197 4192 4196
f 4197 4152 4151
f 4197 4151 4196
f 4157 3853 4198
f 3853 3880 4198
f 3880 3875 4198
f 3875 4195 4198
f 4195 4150 4198
f 4150 4157 4198
f 3866 4168 4199
f 3866 3883 4199
f 4200 4173 4174
f 4200 4174 4201
f 3886 3888 4201
f 3886 4201 4200
f 3888 3883 4201
f 3883 4199 4201
f 4199 4168 4201
f 4168 4174 4201
f 4202 4203 4204
f 3890 3892 4202
f 3890 4202 4204
f 3892 3886 4202
f 3886 4200 4202
f 4200 4173 4202
f 4203 4176 4173
f 4203 4173 4202
f 4205 4206 4207
f 4207 3894 3896
f 4207 3896 4205
f 3896 3890 4205
f 3890 4204 4205
f 4208 4203 4204
f 4208 4204 4205
f 4205 4208 4206
f 4209 4210 4211
f 4211 3898 3901
f 4211 3901 4209
f 3901 3894 4209
f 3894 4207 4209
f 4212 4206 4207
f 4212 4207 4209
f 4209 4212 4210
f 4213 4214 4215
f 4215 3903 3906
f 4215 3906 4213
f 3906 3898 4213
f 3898 4211 4213
f 4216 4210 4211
f 4216 4211 4213
f 4213 4216 4214
f 4217 4218 4219
f 4219 3908 3910
f 4219 3910 4217
f 3910 3903 4217
f 3903 4215 4217
f 4220 4214 4215
f 4220 4215 4217
f 4217 4220 4218
f 4221 4180 4181
f 4221 4181 4222
f 4221 3912 3914
f 4221 3914 4222
f 3914 3908 4222
f 3908 4219 4222
f 4223 4218 4219
f 4223 4219 4222
f 4223 4182 4181
f 4223 4181 4222
f 4224 4187 4188
f 4224 4188 4225
f 4224 3916 3918
f 4224 3918 4225
f 3918 3912 4225
f 3912 4221 4225
f 4221 4180 4225
f 4180 4188 4225
f 4193 3872 4226
f 3872 3921 4226
f 3921 3916 4226
f 3916 4224 4226
f 4224 4187 4226
f 4187 4193 4226
f 3934 3931 4227
f 3934 3933 4227
f 3938 3936 4228
f 4229 4228 3938
f 4229 3938 3931
f 3931 4227 4229
f 3942 3940 4230
f 4231 4230 3942
f 4231 3942 3936
f 3936 4228 4231
f 3945 3943 4232
f 4233 4232 3945
f 4233 3945 3940
f 3940 4230 4233
f 3948 3946 4234
f 4235 4234 3948
f 4235 3948 3943
f 3943 4232 4235
f 3952 3950 4236
f 4237 4236 3952
f 4237 3952 3946
f 3946 4234 4237
f 3956 3954 4238
f 4239 4238 3956
f 4239 3956 3950
f 3950 4236 4239
f 3954 3959 4240
f 3954 4238 4240
f 3968 3964 4241
f 3968 3967 4241
f 3971 3969 4242
f 4242 3971 3964
f 4242 3964 4243
f 3964 4241 4243
f 4244 4245 4246
f 4246 3972 3973
f 4246 3973 4244
f 3973 3969 4244
f 4242 3969 4244
f 4242 4244 4247
f 4244 4247 4248
f 4244 4248 4245
f 4227 3933 4249
f 4227 4249 4250
f 3933 3974 4249
f 3974 3972 4249
f 3972 4246 4249
f 4245 4246 4249
f 4245 4249 4251
f 4249 4251 4250
f 4229 4228 4252
f 4227 4250 4253
f 4253 4227 4229
f 4253 4229 4252
f 4231 4230 4254
f 4228 4252 4255
f 4255 4228 4231
f 4255 4231 4254
f 4233 4232 4256
f 4230 4254 4257
f 4257 4230 4233
f 4257 4233 4256
f 4235 4234 4258
f 4232 4256 4259
f 4258 4259 4232
f 4258 4232 4235
f 4237 4236 4260
f 4234 4258 4261
f 4260 4261 4234
f 4260 4234 4237
f 4239 4238 4262
f 4236 4260 4263
f 4262 4263 4236
f 4262 4236 4239
f 4264 4240 3959
f 4264 3959 4265
f 3959 3975 4265
f 4238 4262 4266
f 4264 4266 4238
f 4264 4238 4240
f 3977 3976 4267
f 4267 3977 3975
f 4267 3975 4268
f 4268 3975 4265
f 4268 4265 4269
f 4265 4264 4269
f 3980 3978 4270
f 4271 4270 3980
f 4271 3980 3976
f 3976 4267 4271
f 3978 3982 4272
f 3978 4270 4272
f 3988 3985 4273
f 3988 3987 4273
f 4274 4241 3967
f 4274 3967 4275
f 3967 3990 4275
f 3990 3985 4275
f 4273 3985 4275
f 4273 4275 4276
f 4275 4276 4277
f 4275 4277 4274
f 4243 4242 4278
f 4241 4274 4279
f 4279 4241 4243
f 4279 4243 4278
f 4242 4278 4280
f 4242 4247 4280
f 4268 4267 4281
f 4268 4269 4281
f 4271 4270 4282
f 4267 4281 4283
f 4282 4283 4267
f 4282 4267 4271
f 4272 3982 4284
f 3991 3982 4284
f 3991 4284 4285
f 4284 4285 4286
f 4284 4286 4287
f 4282 4270 4284
f 4282 4284 4287
f 4270 4272 4284
f 3991 3995 4288
f 3991 4285 4288
f 4001 3998 4289
f 4001 4000 4289
f 4273 3987 4290
f 4273 4290 4291
f 3987 4002 4290
f 4002 3998 4290
f 4289 3998 4290
f 4289 4290 4292
f 4290 4292 4293
f 4290 4293 4291
f 4273 4291 4294
f 4273 4276 4294
f 4286 4285 4295
f 4286 4287 4295
f 4288 3995 4296
f 4003 3995 4296
f 4003 4296 4297
f 4296 4297 4298
f 4296 4298 4299
f 4295 4285 4296
f 4295 4296 4299
f 4285 4288 4296
f 4003 4007 4300
f 4003 4297 4300
f 4013 4009 4301
f 4013 4012 4301
f 4289 4000 4302
f 4289 4302 4303
f 4000 4014 4302
f 4014 4009 4302
f 4301 4009 4302
f 4301 4302 4304
f 4302 4304 4305
f 4302 4305 4303
f 4289 4303 4306
f 4289 4292 4306
f 4298 4297 4307
f 4298 4299 4307
f 4300 4007 4308
f 4309 4015 4007
f 4309 4007 4308
f 4308 4309 4310
f 4308 4310 4311
f 4311 4307 4297
f 4311 4297 4308
f 4297 4300 4308
f 4015 4018 4312
f 4015 4309 4312
f 4012 4301 4313
f 4314 4313 4012
f 4314 4012 4022
f 4022 4021 4314
f 4313 4314 4315
f 4316 4315 4313
f 4316 4313 4301
f 4301 4304 4316
f 4309 4310 4317
f 4309 4317 4318
f 4317 4318 4319
f 4317 4319 4320
f 4317 4320 4321
f 4317 4321 4322
f 4311 4310 4317
f 4311 4317 4322
f 4312 4018 4323
f 4018 4027 4323
f 4324 4026 4027
f 4324 4027 4323
f 4324 4319 4318
f 4324 4318 4323
f 4318 4309 4323
f 4309 4312 4323
f 4033 4029 4325
f 4033 4032 4325
f 4326 4314 4021
f 4326 4021 4327
f 4021 4034 4327
f 4034 4029 4327
f 4325 4029 4327
f 4325 4327 4328
f 4327 4328 4329
f 4327 4329 4326
f 4314 4326 4330
f 4314 4315 4330
f 4320 4319 4331
f 4320 4321 4331
f 4324 4026 4332
f 4333 4035 4026
f 4333 4026 4332
f 4332 4333 4334
f 4332 4334 4335
f 4335 4331 4319
f 4335 4319 4332
f 4319 4324 4332
f 4035 4038 4336
f 4035 4333 4336
f 4032 4325 4337
f 4338 4337 4032
f 4338 4032 4042
f 4042 4041 4338
f 4337 4338 4339
f 4339 4337 4325
f 4339 4325 4340
f 4325 4328 4340
f 4341 4333 4334
f 4341 4334 4342
f 4342 4341 4343
f 4342 4343 4344
f 4342 4344 4345
f 4342 4345 4346
f 4346 4335 4334
f 4346 4334 4342
f 4336 4038 4347
f 4038 4047 4347
f 4046 4047 4347
f 4046 4347 4348
f 4348 4343 4341
f 4348 4341 4347
f 4341 4333 4347
f 4333 4336 4347
f 4041 4338 4349
f 4350 4349 4041
f 4350 4041 4052
f 4052 4051 4350
f 4349 4350 4351
f 4352 4351 4349
f 4352 4349 4338
f 4338 4339 4352
f 4343 4344 4353
f 4343 4353 4354
f 4353 4354 4355
f 4353 4355 4356
f 4353 4356 4357
f 4353 4357 4358
f 4345 4344 4353
f 4345 4353 4358
f 4348 4046 4359
f 4046 4058 4359
f 4360 4057 4058
f 4360 4058 4359
f 4360 4355 4354
f 4360 4354 4359
f 4354 4343 4359
f 4343 4348 4359
f 4051 4350 4361
f 4362 4361 4051
f 4362 4051 4064
f 4064 4063 4362
f 4361 4362 4363
f 4363 4361 4350
f 4363 4350 4364
f 4350 4351 4364
f 4365 4355 4356
f 4365 4356 4366
f 4366 4365 4367
f 4366 4367 4368
f 4366 4368 4369
f 4366 4369 4370
f 4370 4357 4356
f 4370 4356 4366
f 4360 4057 4371
f 4057 4070 4371
f 4372 4069 4070
f 4372 4070 4371
f 4372 4367 4365
f 4372 4365 4371
f 4365 4355 4371
f 4355 4360 4371
f 4063 4362 4373
f 4373 4063 4076
f 4373 4076 4374
f 4076 4075 4374
f 4373 4374 4375
f 4375 4373 4362
f 4375 4362 4376
f 4362 4363 4376
f 4377 4367 4368
f 4377 4368 4378
f 4378 4377 4379
f 4378 4379 4380
f 4378 4380 4381
f 4378 4381 4382
f 4382 4369 4368
f 4382 4368 4378
f 4372 4069 4383
f 4069 4081 4383
f 4384 4080 4081
f 4384 4081 4383
f 4384 4379 4377
f 4384 4377 4383
f 4377 4367 4383
f 4367 4372 4383
f 4075 4374 4385
f 4385 4075 4086
f 4385 4086 4386
f 4086 4085 4386
f 4385 4386 4387
f 4387 4385 4374
f 4387 4374 4388
f 4374 4375 4388
f 4389 4379 4380
f 4389 4380 4390
f 4390 4389 4391
f 4390 4391 4392
f 4390 4392 4393
f 4390 4393 4394
f 4394 4381 4380
f 4394 4380 4390
f 4384 4080 4395
f 4080 4090 4395
f 4396 4089 4090
f 4396 4090 4395
f 4396 4391 4389
f 4396 4389 4395
f 4389 4379 4395
f 4379 4384 4395
f 4085 4386 4397
f 4085 4092 4397
f 4398 4399 4400
f 4398 4400 4401
f 4094 4092 4398
f 4094 4398 4401
f 4092 4397 4398
f 4397 4386 4398
f 4387 4386 4398
f 4387 4398 4399
f 4400 4401 4402
f 4400 4399 4402
f 4403 4404 4405
f 4403 4405 4406
f 4403 4406 4407
f 4403 4407 4408
f 4403 4408 4409
f 4403 4409 4404
f 4410 4391 4392
f 4410 4392 4411
f 4410 4096 4101
f 4410 4101 4411
f 4412 4100 4101
f 4412 4101 4411
f 4412 4406 4405
f 4412 4405 4411
f 4413 4404 4405
f 4413 4405 4411
f 4413 4393 4392
f 4413 4392 4411
f 4396 4089 4414
f 4089 4104 4414
f 4104 4096 4414
f 4096 4410 4414
f 4410 4391 4414
f 4391 4396 4414
f 4094 4401 4415
f 4415 4094 4108
f 4415 4108 4416
f 4108 4107 4416
f 4415 4416 4417
f 4417 4415 4401
f 4417 4401 4418
f 4401 4402 4418
f 4419 4406 4407
f 4419 4407 4420
f 4420 4419 4421
f 4420 4421 4422
f 4420 4422 4423
f 4420 4423 4424
f 4424 4408 4407
f 4424 4407 4420
f 4412 4100 4425
f 4100 4113 4425
f 4426 4112 4113
f 4426 4113 4425
f 4426 4421 4419
f 4426 4419 4425
f 4419 4406 4425
f 4406 4412 4425
f 4107 4416 4427
f 4107 4116 4427
f 4428 4429 4430
f 4428 4430 4431
f 4118 4116 4428
f 4118 4428 4431
f 4116 4427 4428
f 4427 4416 4428
f 4417 4416 4428
f 4417 4428 4429
f 4430 4431 4432
f 4430 4429 4432
f 4433 4434 4435
f 4433 4435 4436
f 4433 4436 4437
f 4433 4437 4438
f 4433 4438 4439
f 4433 4439 4434
f 4440 4421 4422
f 4440 4422 4441
f 4440 4120 4124
f 4440 4124 4441
f 4442 4123 4124
f 4442 4124 4441
f 4442 4436 4435
f 4442 4435 4441
f 4443 4434 4435
f 4443 4435 4441
f 4443 4423 4422
f 4443 4422 4441
f 4426 4112 4444
f 4112 4126 4444
f 4126 4120 4444
f 4120 4440 4444
f 4440 4421 4444
f 4421 4426 4444
f 4118 4431 4445
f 4118 4127 4445
f 4446 4447 4448
f 4446 4448 4449
f 4449 4130 4127
f 4449 4127 4446
f 4127 4445 4446
f 4445 4431 4446
f 4447 4432 4431
f 4447 4431 4446
f 4450 4451 4452
f 4450 4452 4453
f 4450 4453 4454
f 4449 4448 4450
f 4449 4450 4454
f 4447 4448 4450
f 4447 4450 4455
f 4450 4455 4451
f 4452 4453 4456
f 4452 4451 4456
f 4457 4458 4459
f 4457 4459 4460
f 4457 4460 4461
f 4457 4461 4462
f 4457 4462 4463
f 4457 4463 4458
f 4464 4465 4466
f 4464 4466 4467
f 4464 4467 4468
f 4468 4460 4459
f 4468 4459 4464
f 4469 4458 4459
f 4469 4459 4464
f 4464 4469 4465
f 4470 4436 4437
f 4470 4437 4471
f 4470 4132 4136
f 4470 4136 4471
f 4472 4135 4136
f 4472 4136 4471
f 4472 4467 4466
f 4472 4466 4471
f 4473 4465 4466
f 4473 4466 4471
f 4473 4438 4437
f 4473 4437 4471
f 4442 4123 4474
f 4123 4138 4474
f 4138 4132 4474
f 4132 4470 4474
f 4470 4436 4474
f 4436 4442 4474
f 4130 4449 4475
f 4130 4140 4475
f 4476 4453 4454
f 4476 4454 4477
f 4142 4145 4477
f 4142 4477 4476
f 4145 4140 4477
f 4140 4475 4477
f 4475 4449 4477
f 4449 4454 4477
f 4478 4479 4480
f 4478 4480 4481
f 4481 4146 4142
f 4481 4142 4478
f 4142 4476 4478
f 4476 4453 4478
f 4479 4456 4453
f 4479 4453 4478
f 4482 4483 4484
f 4482 4484 4485
f 4482 4485 4486
f 4481 4480 4482
f 4481 4482 4486
f 4479 4480 4482
f 4479 4482 4487
f 4482 4487 4483
f 4484 4485 4488
f 4484 4483 4488
f 4489 4490 4491
f 4489 4491 4492
f 4489 4492 4493
f 4489 4493 4494
f 4489 4494 4495
f 4489 4495 4490
f 4496 4497 4498
f 4496 4498 4499
f 4496 4499 4500
f 4500 4492 4491
f 4500 4491 4496
f 4501 4490 4491
f 4501 4491 4496
f 4496 4501 4497
f 4502 4460 4461
f 4502 4461 4503
f 4502 4148 4153
f 4502 4153 4503
f 4504 4152 4153
f 4504 4153 4503
f 4504 4499 4498
f 4504 4498 4503
f 4505 4497 4498
f 4505 4498 4503
f 4505 4462 4461
f 4505 4461 4503
f 4506 4467 4468
f 4506 4468 4507
f 4506 4155 4158
f 4506 4158 4507
f 4158 4148 4507
f 4148 4502 4507
f 4502 4460 4507
f 4460 4468 4507
f 4472 4135 4508
f 4135 4160 4508
f 4160 4155 4508
f 4155 4506 4508
f 4506 4467 4508
f 4467 4472 4508
f 4146 4481 4509
f 4146 4163 4509
f 4510 4485 4486
f 4510 4486 4511
f 4166 4169 4511
f 4166 4511 4510
f 4169 4163 4511
f 4163 4509 4511
f 4509 4481 4511
f 4481 4486 4511
f 4512 4513 4514
f 4514 4171 4175
f 4514 4175 4512
f 4175 4166 4512
f 4166 4510 4512
f 4510 4485 4512
f 4513 4488 4485
f 4513 4485 4512
f 4515 4516 4517
f 4515 4517 4518
f 4518 4176 4171
f 4518 4171 4515
f 4171 4514 4515
f 4519 4513 4514
f 4519 4514 4515
f 4515 4519 4516
f 4520 4521 4522
f 4520 4522 4523
f 4520 4523 4524
f 4524 4518 4517
f 4524 4517 4520
f 4525 4516 4517
f 4525 4517 4520
f 4520 4525 4521
f 4526 4527 4528
f 4526 4528 4529
f 4526 4529 4530
f 4530 4523 4522
f 4530 4522 4526
f 4531 4521 4522
f 4531 4522 4526
f 4526 4531 4527
f 4532 4533 4534
f 4532 4534 4535
f 4532 4535 4536
f 4536 4529 4528
f 4536 4528 4532
f 4537 4527 4528
f 4537 4528 4532
f 4532 4537 4533
f 4538 4539 4540
f 4538 4540 4541
f 4538 4541 4542
f 4542 4535 4534
f 4542 4534 4538
f 4543 4533 4534
f 4543 4534 4538
f 4538 4543 4539
f 4544 4545 4546
f 4546 4178 4183
f 4546 4183 4544
f 4547 4182 4183
f 4547 4183 4544
f 4547 4541 4540
f 4547 4540 4544
f 4548 4539 4540
f 4548 4540 4544
f 4544 4548 4545
f 4549 4492 4493
f 4549 4493 4550
f 4549 4185 4189
f 4549 4189 4550
f 4189 4178 4550
f 4178 4546 4550
f 4551 4545 4546
f 4551 4546 4550
f 4551 4494 4493
f 4551 4493 4550
f 4552 4499 4500
f 4552 4500 4553
f 4552 4191 4194
f 4552 4194 4553
f 4194 4185 4553
f 4185 4549 4553
f 4549 4492 4553
f 4492 4500 4553
f 4504 4152 4554
f 4152 4197 4554
f 4197 4191 4554
f 4191 4552 4554
f 4552 4499 4554
f 4499 4504 4554
f 4176 4518 4555
f 4176 4203 4555
f 4523 4524 4556
f 4523 4556 4557
f 4206 4208 4556
f 4206 4556 4557
f 4208 4203 4556
f 4203 4555 4556
f 4555 4518 4556
f 4518 4524 4556
f 4558 4529 4530
f 4558 4530 4559
f 4558 4210 4212
f 4558 4212 4559
f 4212 4206 4559
f 4206 4557 4559
f 4557 4523 4559
f 4523 4530 4559
f 4560 4535 4536
f 4560 4536 4561
f 4560 4214 4216
f 4560 4216 4561
f 4216 4210 4561
f 4210 4558 4561
f 4558 4529 4561
f 4529 4536 4561
f 4562 4541 4542
f 4562 4542 4563
f 4562 4218 4220
f 4562 4220 4563
f 4220 4214 4563
f 4214 4560 4563
f 4560 4535 4563
f 4535 4542 4563
f 4547 4182 4564
f 4182 4223 4564
f 4223 4218 4564
f 4218 4562 4564
f 4562 4541 4564
f 4541 4547 4564
f 4248 4245 4565
f 4248 4247 4565
f 4251 4250 4566
f 4567 4566 4251
f 4567 4251 4245
f 4245 4565 4567
f 4568 4569 4570
f 4252 4253 4568
f 4252 4568 4570
f 4253 4250 4568
f 4566 4250 4568
f 4566 4568 4571
f 4568 4571 4572
f 4568 4572 4569
f 4573 4574 4575
f 4575 4254 4255
f 4575 4255 4573
f 4255 4252 4573
f 4252 4570 4573
f 4576 4569 4570
f 4576 4570 4573
f 4573 4576 4574
f 4577 4578 4579
f 4579 4256 4257
f 4579 4257 4577
f 4257 4254 4577
f 4254 4575 4577
f 4574 4575 4577
f 4574 4577 4580
f 4577 4580 4578
f 4581 4582 4583
f 4258 4259 4581
f 4258 4581 4583
f 4259 4256 4581
f 4256 4579 4581
f 4578 4579 4581
f 4578 4581 4584
f 4581 4584 4582
f 4585 4586 4587
f 4260 4261 4585
f 4260 4585 4587
f 4261 4258 4585
f 4258 4583 4585
f 4582 4583 4585
f 4582 4585 4588
f 4585 4588 4586
f 4263 4262 4589
f 4590 4589 4263
f 4590 4263 4260
f 4590 4260 4587
f 4590 4587 4591
f 4587 4586 4591
f 4266 4264 4592
f 4593 4592 4266
f 4593 4266 4262
f 4262 4589 4593
f 4264 4269 4594
f 4264 4592 4594
f 4277 4274 4595
f 4277 4276 4595
f 4279 4278 4596
f 4597 4596 4279
f 4597 4279 4274
f 4274 4595 4597
f 4565 4247 4598
f 4565 4598 4599
f 4247 4280 4598
f 4280 4278 4598
f 4600 4596 4278
f 4600 4278 4598
f 4598 4600 4601
f 4598 4601 4599
f 4567 4566 4602
f 4565 4599 4603
f 4603 4565 4567
f 4603 4567 4602
f 4566 4602 4604
f 4566 4571 4604
f 4590 4589 4605
f 4590 4591 4605
f 4593 4592 4606
f 4589 4605 4607
f 4606 4607 4589
f 4606 4589 4593
f 4594 4269 4608
f 4281 4269 4608
f 4281 4608 4609
f 4608 4609 4610
f 4608 4610 4611
f 4606 4592 4608
f 4606 4608 4611
f 4592 4594 4608
f 4283 4282 4612
f 4613 4612 4283
f 4613 4283 4281
f 4281 4609 4613
f 4282 4287 4614
f 4282 4612 4614
f 4293 4291 4615
f 4293 4292 4615
f 4616 4595 4276
f 4616 4276 4617
f 4276 4294 4617
f 4294 4291 4617
f 4615 4291 4617
f 4615 4617 4618
f 4617 4618 4619
f 4617 4619 4616
f 4597 4596 4620
f 4595 4616 4621
f 4621 4595 4597
f 4621 4597 4620
f 4596 4620 4622
f 4596 4600 4622
f 4610 4609 4623
f 4610 4611 4623
f 4613 4612 4624
f 4609 4623 4625
f 4624 4625 4609
f 4624 4609 4613
f 4614 4287 4626
f 4295 4287 4626
f 4295 4626 4627
f 4626 4627 4628
f 4626 4628 4629
f 4624 4612 4626
f 4624 4626 4629
f 4612 4614 4626
f 4295 4299 4630
f 4295 4627 4630
f 4305 4303 4631
f 4305 4304 4631
f 4615 4292 4632
f 4615 4632 4633
f 4292 4306 4632
f 4306 4303 4632
f 4631 4303 4632
f 4631 4632 4634
f 4632 4634 4635
f 4632 4635 4633
f 4615 4633 4636
f 4615 4618 4636
f 4628 4627 4637
f 4628 4629 4637
f 4630 4299 4638
f 4639 4307 4299
f 4639 4299 4638
f 4638 4639 4640
f 4638 4640 4641
f 4641 4637 4627
f 4641 4627 4638
f 4627 4630 4638
f 4307 4311 4642
f 4307 4639 4642
f 4631 4304 4643
f 4631 4643 4644
f 4304 4316 4643
f 4315 4316 4643
f 4315 4643 4645
f 4643 4645 4646
f 4643 4646 4647
f 4643 4647 4644
f 4631 4644 4648
f 4631 4634 4648
f 4640 4639 4649
f 4640 4641 4649
f 4642 4311 4650
f 4311 4322 4650
f 4651 4321 4322
f 4651 4322 4650
f 4650 4651 4652
f 4652 4649 4639
f 4652 4639 4650
f 4639 4642 4650
f 4329 4326 4653
f 4329 4328 4653
f 4645 4315 4654
f 4315 4330 4654
f 4330 4326 4654
f 4653 4326 4654
f 4653 4654 4655
f 4654 4655 4656
f 4646 4645 4654
f 4646 4654 4656
f 4651 4321 4657
f 4658 4331 4321
f 4658 4321 4657
f 4657 4658 4659
f 4657 4659 4660
f 4657 4660 4661
f 4661 4652 4651
f 4661 4651 4657
f 4331 4335 4662
f 4331 4658 4662
f 4328 4653 4663
f 4664 4663 4328
f 4664 4328 4340
f 4340 4339 4664
f 4663 4664 4665
f 4666 4665 4663
f 4666 4663 4653
f 4653 4655 4666
f 4658 4659 4667
f 4658 4667 4668
f 4667 4668 4669
f 4667 4669 4670
f 4667 4670 4671
f 4667 4671 4672
f 4660 4659 4667
f 4660 4667 4672
f 4662 4335 4673
f 4335 4346 4673
f 4674 4345 4346
f 4674 4346 4673
f 4674 4669 4668
f 4674 4668 4673
f 4668 4658 4673
f 4658 4662 4673
f 4339 4664 4675
f 4676 4675 4339
f 4676 4339 4352
f 4352 4351 4676
f 4675 4676 4677
f 4678 4677 4675
f 4678 4675 4664
f 4664 4665 4678
f 4669 4670 4679
f 4669 4679 4680
f 4679 4680 4681
f 4679 4681 4682
f 4679 4682 4683
f 4679 4683 4684
f 4671 4670 4679
f 4671 4679 4684
f 4674 4345 4685
f 4345 4358 4685
f 4686 4357 4358
f 4686 4358 4685
f 4686 4681 4680
f 4686 4680 4685
f 4680 4669 4685
f 4669 4674 4685
f 4351 4676 4687
f 4688 4687 4351
f 4688 4351 4364
f 4364 4363 4688
f 4687 4688 4689
f 4689 4687 4676
f 4689 4676 4690
f 4676 4677 4690
f 4691 4681 4682
f 4691 4682 4692
f 4692 4691 4693
f 4692 4693 4694
f 4692 4694 4695
f 4692 4695 4696
f 4696 4683 4682
f 4696 4682 4692
f 4686 4357 4697
f 4357 4370 4697
f 4698 4369 4370
f 4698 4370 4697
f 4698 4693 4691
f 4698 4691 4697
f 4691 4681 4697
f 4681 4686 4697
f 4363 4688 4699
f 4699 4363 4376
f 4699 4376 4700
f 4376 4375 4700
f 4699 4700 4701
f 4701 4699 4688
f 4701 4688 4702
f 4688 4689 4702
f 4703 4693 4694
f 4703 4694 4704
f 4704 4703 4705
f 4704 4705 4706
f 4704 4706 4707
f 4704 4707 4708
f 4708 4695 4694
f 4708 4694 4704
f 4698 4369 4709
f 4369 4382 4709
f 4710 4381 4382
f 4710 4382 4709
f 4710 4705 4703
f 4710 4703 4709
f 4703 4693 4709
f 4693 4698 4709
f 4375 4700 4711
f 4711 4375 4388
f 4711 4388 4712
f 4388 4387 4712
f 4711 4712 4713
f 4713 4711 4700
f 4713 4700 4714
f 4700 4701 4714
f 4715 4705 4706
f 4715 4706 4716
f 4716 4715 4717
f 4716 4717 4718
f 4716 4718 4719
f 4716 4719 4720
f 4720 4707 4706
f 4720 4706 4716
f 4710 4381 4721
f 4381 4394 4721
f 4722 4393 4394
f 4722 4394 4721
f 4722 4717 4715
f 4722 4715 4721
f 4715 4705 4721
f 4705 4710 4721
f 4387 4712 4723
f 4387 4399 4723
f 4724 4725 4726
f 4724 4726 4727
f 4402 4399 4724
f 4402 4724 4727
f 4399 4723 4724
f 4723 4712 4724
f 4713 4712 4724
f 4713 4724 4725
f 4726 4727 4728
f 4726 4725 4728
f 4729 4730 4731
f 4729 4731 4732
f 4729 4732 4733
f 4729 4733 4734
f 4729 4734 4735
f 4729 4735 4730
f 4736 4717 4718
f 4736 4718 4737
f 4736 4404 4409
f 4736 4409 4737
f 4738 4408 4409
f 4738 4409 4737
f 4738 4732 4731
f 4738 4731 4737
f 4739 4730 4731
f 4739 4731 4737
f 4739 4719 4718
f 4739 4718 4737
f 4722 4393 4740
f 4393 4413 4740
f 4413 4404 4740
f 4404 4736 4740
f 4736 4717 4740
f 4717 4722 4740
f 4402 4727 4741
f 4741 4402 4418
f 4741 4418 4742
f 4418 4417 4742
f 4741 4742 4743
f 4743 4741 4727
f 4743 4727 4744
f 4727 4728 4744
f 4745 4732 4733
f 4745 4733 4746
f 4746 4745 4747
f 4746 4747 4748
f 4746 4748 4749
f 4746 4749 4750
f 4750 4734 4733
f 4750 4733 4746
f 4738 4408 4751
f 4408 4424 4751
f 4752 4423 4424
f 4752 4424 4751
f 4752 4747 4745
f 4752 4745 4751
f 4745 4732 4751
f 4732 4738 4751
f 4417 4742 4753
f 4417 4429 4753
f 4754 4755 4756
f 4754 4756 4757
f 4432 4429 4754
f 4432 4754 4757
f 4429 4753 4754
f 4753 4742 4754
f 4743 4742 4754
f 4743 4754 4755
f 4756 4757 4758
f 4756 4755 4758
f 4759 4760 4761
f 4759 4761 4762
f 4759 4762 4763
f 4759 4763 4764
f 4759 4764 4765
f 4759 4765 4760
f 4766 4747 4748
f 4766 4748 4767
f 4766 4434 4439
f 4766 4439 4767
f 4768 4438 4439
f 4768 4439 4767
f 4768 4762 4761
f 4768 4761 4767
f 4769 4760 4761
f 4769 4761 4767
f 4769 4749 4748
f 4769 4748 4767
f 4752 4423 4770
f 4423 4443 4770
f 4443 4434 4770
f 4434 4766 4770
f 4766 4747 4770
f 4747 4752 4770
f 4432 4757 4771
f 4432 4447 4771
f 4772 4773 4774
f 4774 4451 4455
f 4774 4455 4772
f 4455 4447 4772
f 4447 4771 4772
f 4771 4757 4772
f 4773 4758 4757
f 4773 4757 4772
f 4775 4776 4777
f 4775 4777 4778
f 4778 4456 4451
f 4778 4451 4775
f 4451 4774 4775
f 4779 4773 4774
f 4779 4774 4775
f 4775 4779 4776
f 4777 4778 4780
f 4777 4776 4780
f 4781 4782 4783
f 4781 4783 4784
f 4781 4784 4785
f 4781 4785 4786
f 4781 4786 4787
f 4781 4787 4782
f 4788 4789 4790
f 4790 4458 4463
f 4790 4463 4788
f 4791 4462 4463
f 4791 4463 4788
f 4791 4784 4783
f 4791 4783 4788
f 4792 4782 4783
f 4792 4783 4788
f 4788 4792 4789
f 4793 4762 4763
f 4793 4763 4794
f 4793 4465 4469
f 4793 4469 4794
f 4469 4458 4794
f 4458 4790 4794
f 4795 4789 4790
f 4795 4790 4794
f 4795 4764 4763
f 4795 4763 4794
f 4768 4438 4796
f 4438 4473 4796
f 4473 4465 4796
f 4465 4793 4796
f 4793 4762 4796
f 4762 4768 4796
f 4456 4778 4797
f 4456 4479 4797
f 4798 4799 4800
f 4800 4483 4487
f 4800 4487 4798
f 4487 4479 4798
f 4479 4797 4798
f 4797 4778 4798
f 4799 4780 4778
f 4799 4778 4798
f 4801 4802 4803
f 4801 4803 4804
f 4804 4488 4483
f 4804 4483 4801
f 4483 4800 4801
f 4805 4799 4800
f 4805 4800 4801
f 4801 4805 4802
f 4806 4807 4808
f 4806 4808 4809
f 4806 4809 4810
f 4804 4803 4806
f 4804 4806 4810
f 4802 4803 4806
f 4802 4806 4811
f 4806 4811 4807
f 4808 4809 4812
f 4808 4807 4812
f 4813 4814 4815
f 4813 4815 4816
f 4813 4816 4817
f 4813 4817 4818
f 4813 4818 4819
f 4813 4819 4814
f 4820 4821 4822
f 4820 4822 4823
f 4820 4823 4824
f 4824 4816 4815
f 4824 4815 4820
f 4825 4814 4815
f 4825 4815 4820
f 4820 4825 4821
f 4826 4827 4828
f 4828 4490 4495
f 4828 4495 4826
f 4829 4494 4495
f 4829 4495 4826
f 4829 4823 4822
f 4829 4822 4826
f 4830 4821 4822
f 4830 4822 4826
f 4826 4830 4827
f 4831 4784 4785
f 4831 4785 4832
f 4831 4497 4501
f 4831 4501 4832
f 4501 4490 4832
f 4490 4828 4832
f 4833 4827 4828
f 4833 4828 4832
f 4833 4786 4785
f 4833 4785 4832
f 4791 4462 4834
f 4462 4505 4834
f 4505 4497 4834
f 4497 4831 4834
f 4831 4784 4834
f 4784 4791 4834
f 4488 4804 4835
f 4488 4513 4835
f 4836 4809 4810
f 4836 4810 4837
f 4516 4519 4837
f 4516 4837 4836
f 4519 4513 4837
f 4513 4835 4837
f 4835 4804 4837
f 4804 4810 4837
f 4838 4839 4840
f 4840 4521 4525
f 4840 4525 4838
f 4525 4516 4838
f 4516 4836 4838
f 4836 4809 4838
f 4839 4812 4809
f 4839 4809 4838
f 4841 4842 4843
f 4843 4527 4531
f 4843 4531 4841
f 4531 4521 4841
f 4521 4840 4841
f 4844 4839 4840
f 4844 4840 4841
f 4841 4844 4842
f 4845 4846 4847
f 4847 4533 4537
f 4847 4537 4845
f 4537 4527 4845
f 4527 4843 4845
f 4848 4842 4843
f 4848 4843 4845
f 4845 4848 4846
f 4849 4816 4817
f 4849 4817 4850
f 4849 4539 4543
f 4849 4543 4850
f 4543 4533 4850
f 4533 4847 4850
f 4851 4846 4847
f 4851 4847 4850
f 4851 4818 4817
f 4851 4817 4850
f 4852 4823 4824
f 4852 4824 4853
f 4852 4545 4548
f 4852 4548 4853
f 4548 4539 4853
f 4539 4849 4853
f 4849 4816 4853
f 4816 4824 4853
f 4829 4494 4854
f 4494 4551 4854
f 4551 4545 4854
f 4545 4852 4854
f 4852 4823 4854
f 4823 4829 4854
f 4572 4569 4855
f 4572 4571 4855
f 4576 4574 4856
f 4856 4576 4569
f 4856 4569 4857
f 4569 4855 4857
f 4580 4578 4858
f 4858 4580 4574
f 4858 4574 4859
f 4574 4856 4859
f 4584 4582 4860
f 4861 4860 4584
f 4861 4584 4578
f 4578 4858 4861
f 4588 4586 4862
f 4863 4862 4588
f 4863 4588 4582
f 4582 4860 4863
f 4586 4591 4864
f 4586 4862 4864
f 4601 4599 4865
f 4601 4600 4865
f 4603 4602 4866
f 4867 4866 4603
f 4867 4603 4599
f 4599 4865 4867
f 4868 4855 4571
f 4868 4571 4869
f 4571 4604 4869
f 4604 4602 4869
f 4870 4866 4602
f 4870 4602 4869
f 4869 4870 4871
f 4869 4871 4868
f 4857 4856 4872
f 4855 4868 4873
f 4873 4855 4857
f 4873 4857 4872
f 4859 4858 4874
f 4856 4872 4875
f 4875 4856 4859
f 4875 4859 4874
f 4861 4860 4876
f 4858 4874 4877
f 4877 4858 4861
f 4877 4861 4876
f 4863 4862 4878
f 4860 4876 4879
f 4878 4879 4860
f 4878 4860 4863
f 4864 4591 4880
f 4605 4591 4880
f 4605 4880 4881
f 4880 4881 4882
f 4880 4882 4883
f 4878 4862 4880
f 4878 4880 4883
f 4862 4864 4880
f 4607 4606 4884
f 4884 4607 4605
f 4884 4605 4885
f 4605 4881 4885
f 4606 4611 4886
f 4606 4884 4886
f 4619 4616 4887
f 4619 4618 4887
f 4621 4620 4888
f 4889 4888 4621
f 4889 4621 4616
f 4616 4887 4889
f 4865 4600 4890
f 4865 4890 4891
f 4600 4622 4890
f 4622 4620 4890
f 4888 4620 4890
f 4888 4890 4892
f 4890 4892 4893
f 4890 4893 4891
f 4867 4866 4894
f 4865 4891 4895
f 4895 4865 4867
f 4895 4867 4894
f 4866 4894 4896
f 4866 4870 4896
f 4882 4881 4897
f 4882 4883 4897
f 4885 4884 4898
f 4881 4897 4899
f 4898 4899 4881
f 4898 4881 4885
f 4886 4611 4900
f 4901 4623 4611
f 4901 4611 4900
f 4900 4901 4902
f 4900 4902 4903
f 4898 4884 4900
f 4898 4900 4903
f 4884 4886 4900
f 4625 4624 4904
f 4904 4625 4623
f 4904 4623 4905
f 4623 4901 4905
f 4624 4629 4906
f 4624 4904 4906
f 4635 4633 4907
f 4635 4634 4907
f 4887 4618 4908
f 4887 4908 4909
f 4618 4636 4908
f 4636 4633 4908
f 4907 4633 4908
f 4907 4908 4910
f 4908 4910 4911
f 4908 4911 4909
f 4889 4888 4912
f 4887 4909 4913
f 4913 4887 4889
f 4913 4889 4912
f 4888 4912 4914
f 4888 4892 4914
f 4902 4901 4915
f 4902 4903 4915
f 4905 4904 4916
f 4901 4915 4917
f 4916 4917 4901
f 4916 4901 4905
f 4906 4629 4918
f 4919 4637 4629
f 4919 4629 4918
f 4918 4919 4920
f 4918 4920 4921
f 4921 4916 4904
f 4921 4904 4918
f 4904 4906 4918
f 4637 4641 4922
f 4637 4919 4922
f 4647 4644 4923
f 4647 4646 4923
f 4634 4907 4924
f 4925 4924 4634
f 4925 4634 4648
f 4925 4648 4644
f 4925 4644 4926
f 4644 4923 4926
f 4924 4925 4927
f 4928 4927 4924
f 4928 4924 4907
f 4907 4910 4928
f 4919 4920 4929
f 4919 4929 4930
f 4929 4930 4931
f 4929 4931 4932
f 4929 4932 4933
f 4929 4933 4934
f 4934 4921 4920
f 4934 4920 4929
f 4922 4641 4935
f 4936 4649 4641
f 4936 4641 4935
f 4935 4936 4937
f 4937 4931 4930
f 4937 4930 4935
f 4930 4919 4935
f 4919 4922 4935
f 4649 4652 4938
f 4649 4936 4938
f 4646 4923 4939
f 4940 4939 4646
f 4940 4646 4656
f 4656 4655 4940
f 4926 4925 4941
f 4939 4940 4942
f 4942 4939 4923
f 4942 4923 4943
f 4943 4923 4926
f 4943 4926 4941
f 4925 4941 4944
f 4925 4927 4944
f 4932 4931 4945
f 4932 4933 4945
f 4946 4936 4937
f 4946 4937 4947
f 4947 4946 4948
f 4947 4948 4949
f 4947 4949 4950
f 4950 4945 4931
f 4950 4931 4947
f 4931 4937 4947
f 4938 4652 4951
f 4652 4661 4951
f 4660 4661 4951
f 4660 4951 4952
f 4948 4946 4951
f 4948 4951 4952
f 4946 4936 4951
f 4936 4938 4951
f 4655 4940 4953
f 4954 4953 4655
f 4954 4655 4666
f 4666 4665 4954
f 4953 4954 4955
f 4956 4955 4953
f 4956 4953 4940
f 4940 4942 4956
f 4948 4949 4957
f 4948 4957 4958
f 4957 4958 4959
f 4957 4959 4960
f 4957 4960 4961
f 4957 4961 4962
f 4950 4949 4957
f 4950 4957 4962
f 4952 4660 4963
f 4660 4672 4963
f 4964 4671 4672
f 4964 4672 4963
f 4964 4959 4958
f 4964 4958 4963
f 4958 4948 4963
f 4948 4952 4963
f 4665 4954 4965
f 4966 4965 4665
f 4966 4665 4678
f 4678 4677 4966
f 4965 4966 4967
f 4968 4967 4965
f 4968 4965 4954
f 4954 4955 4968
f 4959 4960 4969
f 4959 4969 4970
f 4969 4970 4971
f 4969 4971 4972
f 4969 4972 4973
f 4969 4973 4974
f 4961 4960 4969
f 4961 4969 4974
f 4964 4671 4975
f 4671 4684 4975
f 4976 4683 4684
f 4976 4684 4975
f 4976 4971 4970
f 4976 4970 4975
f 4970 4959 4975
f 4959 4964 4975
f 4677 4966 4977
f 4977 4677 4690
f 4977 4690 4978
f 4690 4689 4978
f 4977 4978 4979
f 4979 4977 4966
f 4979 4966 4980
f 4966 4967 4980
f 4981 4971 4972
f 4981 4972 4982
f 4982 4981 4983
f 4982 4983 4984
f 4982 4984 4985
f 4982 4985 4986
f 4986 4973 4972
f 4986 4972 4982
f 4976 4683 4987
f 4683 4696 4987
f 4988 4695 4696
f 4988 4696 4987
f 4988 4983 4981
f 4988 4981 4987
f 4981 4971 4987
f 4971 4976 4987
f 4689 4978 4989
f 4989 4689 4702
f 4989 4702 4990
f 4702 4701 4990
f 4989 4990 4991
f 4991 4989 4978
f 4991 4978 4992
f 4978 4979 4992
f 4993 4983 4984
f 4993 4984 4994
f 4994 4993 4995
f 4994 4995 4996
f 4994 4996 4997
f 4994 4997 4998
f 4998 4985 4984
f 4998 4984 4994
f 4988 4695 4999
f 4695 4708 4999
f 5000 4707 4708
f 5000 4708 4999
f 5000 4995 4993
f 5000 4993 4999
f 4993 4983 4999
f 4983 4988 4999
f 4701 4990 5001
f 5001 4701 4714
f 5001 4714 5002
f 4714 4713 5002
f 5001 5002 5003
f 5003 5001 4990
f 5003 4990 5004
f 4990 4991 5004
f 5005 4995 4996
f 5005 4996 5006
f 5006 5005 5007
f 5006 5007 5008
f 5006 5008 5009
f 5006 5009 5010
f 5010 4997 4996
f 5010 4996 5006
f 5000 4707 5011
f 4707 4720 5011
f 5012 4719 4720
f 5012 4720 5011
f 5012 5007 5005
f 5012 5005 5011
f 5005 4995 5011
f 4995 5000 5011
f 4713 5002 5013
f 4713 4725 5013
f 5014 5015 5016
f 5014 5016 5017
f 5017 4728 4725
f 5017 4725 5014
f 4725 5013 5014
f 5013 5002 5014
f 5003 5002 5014
f 5003 5014 5015
f 5016 5017 5018
f 5016 5015 5018
f 5019 5020 5021
f 5019 5021 5022
f 5019 5022 5023
f 5019 5023 5024
f 5019 5024 5025
f 5019 5025 5020
f 5026 5007 5008
f 5026 5008 5027
f 5026 4730 4735
f 5026 4735 5027
f 5028 4734 4735
f 5028 4735 5027
f 5028 5022 5021
f 5028 5021 5027
f 5029 5020 5021
f 5029 5021 5027
f 5029 5009 5008
f 5029 5008 5027
f 5012 4719 5030
f 4719 4739 5030
f 4739 4730 5030
f 4730 5026 5030
f 5026 5007 5030
f 5007 5012 5030
f 4728 5017 5031
f 5031 4728 4744
f 5031 4744 5032
f 4744 4743 5032
f 5033 5034 5035
f 5033 5035 5036
f 5033 5036 5037
f 5032 5031 5033
f 5032 5033 5037
f 5031 5017 5033
f 5018 5017 5033
f 5018 5033 5034
f 5035 5036 5038
f 5035 5034 5038
f 5039 5040 5041
f 5039 5041 5042
f 5039 5042 5043
f 5039 5043 5044
f 5039 5044 5045
f 5039 5045 5040
f 5046 5022 5023
f 5046 5023 5047
f 5047 5046 5048
f 5047 5048 5049
f 5049 5042 5041
f 5049 5041 5047
f 5050 5040 5041
f 5050 5041 5047
f 5050 5024 5023
f 5050 5023 5047
f 5028 4734 5051
f 4734 4750 5051
f 5052 4749 4750
f 5052 4750 5051
f 5052 5048 5046
f 5052 5046 5051
f 5046 5022 5051
f 5022 5028 5051
f 4743 5032 5053
f 4743 4755 5053
f 5054 5036 5037
f 5054 5037 5055
f 5055 5054 5056
f 5056 4758 4755
f 5056 4755 5055
f 4755 5053 5055
f 5053 5032 5055
f 5032 5037 5055
f 5057 5058 5059
f 5057 5059 5060
f 5057 5060 5061
f 5061 5056 5054
f 5061 5054 5057
f 5054 5036 5057
f 5058 5038 5036
f 5058 5036 5057
f 5059 5060 5062
f 5059 5058 5062
f 5063 5064 5065
f 5063 5065 5066
f 5063 5066 5067
f 5063 5067 5068
f 5063 5068 5069
f 5063 5069 5064
f 5070 5042 5043
f 5070 5043 5071
f 5071 5070 5072
f 5071 5072 5073
f 5073 5066 5065
f 5073 5065 5071
f 5074 5064 5065
f 5074 5065 5071
f 5074 5044 5043
f 5074 5043 5071
f 5075 5048 5049
f 5075 5049 5076
f 5075 4760 4765
f 5075 4765 5076
f 5077 4764 4765
f 5077 4765 5076
f 5077 5072 5070
f 5077 5070 5076
f 5070 5042 5076
f 5042 5049 5076
f 5052 4749 5078
f 4749 4769 5078
f 4769 4760 5078
f 4760 5075 5078
f 5075 5048 5078
f 5048 5052 5078
f 4758 5056 5079
f 4758 4773 5079
f 5060 5061 5080
f 5060 5080 5081
f 4776 4779 5080
f 4776 5080 5081
f 4779 4773 5080
f 4773 5079 5080
f 5079 5056 5080
f 5056 5061 5080
f 5082 5083 5084
f 5082 5084 5085
f 5085 4780 4776
f 5085 4776 5082
f 4776 5081 5082
f 5081 5060 5082
f 5083 5062 5060
f 5083 5060 5082
f 5086 5087 5088
f 5086 5088 5089
f 5086 5089 5090
f 5085 5084 5086
f 5085 5086 5090
f 5083 5084 5086
f 5083 5086 5091
f 5086 5091 5087
f 5088 5089 5092
f 5088 5087 5092
f 5093 5094 5095
f 5093 5095 5096
f 5093 5096 5097
f 5093 5097 5098
f 5093 5098 5099
f 5093 5099 5094
f 5100 5101 5102
f 5100 5102 5103
f 5100 5103 5104
f 5104 5096 5095
f 5104 5095 5100
f 5105 5094 5095
f 5105 5095 5100
f 5100 5105 5101
f 5106 5066 5067
f 5106 5067 5107
f 5106 4782 4787
f 5106 4787 5107
f 5108 4786 4787
f 5108 4787 5107
f 5108 5103 5102
f 5108 5102 5107
f 5109 5101 5102
f 5109 5102 5107
f 5109 5068 5067
f 5109 5067 5107
f 5110 5072 5073
f 5110 5073 5111
f 5110 4789 4792
f 5110 4792 5111
f 4792 4782 5111
f 4782 5106 5111
f 5106 5066 5111
f 5066 5073 5111
f 5077 4764 5112
f 4764 4795 5112
f 4795 4789 5112
f 4789 5110 5112
f 5110 5072 5112
f 5072 5077 5112
f 4780 5085 5113
f 4780 4799 5113
f 5114 5089 5090
f 5114 5090 5115
f 5114 4802 4805
f 5114 4805 5115
f 4805 4799 5115
f 4799 5113 5115
f 5113 5085 5115
f 5085 5090 5115
f 5116 5117 5118
f 5118 4807 4811
f 5118 4811 5116
f 4811 4802 5116
f 4802 5114 5116
f 5114 5089 5116
f 5117 5092 5089
f 5117 5089 5116
f 5119 5120 5121
f 5119 5121 5122
f 5122 4812 4807
f 5122 4807 5119
f 4807 5118 5119
f 5123 5117 5118
f 5123 5118 5119
f 5119 5123 5120
f 5124 5125 5126
f 5124 5126 5127
f 5124 5127 5128
f 5128 5122 5121
f 5128 5121 5124
f 5129 5120 5121
f 5129 5121 5124
f 5124 5129 5125
f 5130 5131 5132
f 5130 5132 5133
f 5130 5133 5134
f 5134 5127 5126
f 5134 5126 5130
f 5135 5125 5126
f 5135 5126 5130
f 5130 5135 5131
f 5136 5137 5138
f 5138 4814 4819
f 5138 4819 5136
f 5139 4818 4819
f 5139 4819 5136
f 5139 5133 5132
f 5139 5132 5136
f 5140 5131 5132
f 5140 5132 5136
f 5136 5140 5137
f 5141 5096 5097
f 5141 5097 5142
f 5141 4821 4825
f 5141 4825 5142
f 4825 4814 5142
f 4814 5138 5142
f 5143 5137 5138
f 5143 5138 5142
f 5143 5098 5097
f 5143 5097 5142
f 5144 5103 5104
f 5144 5104 5145
f 5144 4827 4830
f 5144 4830 5145
f 4830 4821 5145
f 4821 5141 5145
f 5141 5096 5145
f 5096 5104 5145
f 5108 4786 5146
f 4786 4833 5146
f 4833 4827 5146
f 4827 5144 5146
f 5144 5103 5146
f 5103 5108 5146
f 4812 5122 5147
f 4812 4839 5147
f 5127 5128 5148
f 5127 5148 5149
f 4842 4844 5148
f 4842 5148 5149
f 4844 4839 5148
f 4839 5147 5148
f 5147 5122 5148
f 5122 5128 5148
f 5150 5133 5134
f 5150 5134 5151
f 5150 4846 4848
f 5150 4848 5151
f 4848 4842 5151
f 4842 5149 5151
f 5149 5127 5151
f 5127 5134 5151
f 5139 4818 5152
f 4818 4851 5152
f 4851 4846 5152
f 4846 5150 5152
f 5150 5133 5152
f 5133 5139 5152
f 4871 4868 5153
f 4871 4870 5153
f 4873 4872 5154
f 5154 4873 4868
f 5154 4868 5155
f 4868 5153 5155
f 4875 4874 5156
f 5157 5156 4875
f 5157 4875 4872
f 4872 5154 5157
f 4877 4876 5158
f 5159 5158 4877
f 5159 4877 4874
f 4874 5156 5159
f 4879 4878 5160
f 5161 5160 4879
f 5161 4879 4876
f 4876 5158 5161
f 4878 4883 5162
f 4878 5160 5162
f 4893 4891 5163
f 4893 4892 5163
f 4895 4894 5164
f 5165 5164 4895
f 5165 4895 4891
f 4891 5163 5165
f 5153 4870 5166
f 5153 5166 5167
f 4870 4896 5166
f 4896 4894 5166
f 5164 4894 5166
f 5164 5166 5168
f 5166 5168 5169
f 5166 5169 5167
f 5155 5154 5170
f 5153 5167 5171
f 5171 5153 5155
f 5171 5155 5170
f 5157 5156 5172
f 5154 5170 5173
f 5173 5154 5157
f 5173 5157 5172
f 5159 5158 5174
f 5156 5172 5175
f 5174 5175 5156
f 5174 5156 5159
f 5161 5160 5176
f 5158 5174 5177
f 5176 5177 5158
f 5176 5158 5161
f 5162 4883 5178
f 4897 4883 5178
f 4897 5178 5179
f 5178 5179 5180
f 5178 5180 5181
f 5176 5160 5178
f 5176 5178 5181
f 5160 5162 5178
f 4899 4898 5182
f 5182 4899 4897
f 5182 4897 5183
f 4897 5179 5183
f 4898 4903 5184
f 4898 5182 5184
f 4911 4909 5185
f 4911 4910 5185
f 4913 4912 5186
f 5186 4913 4909
f 5186 4909 5187
f 4909 5185 5187
f 5163 4892 5188
f 5163 5188 5189
f 4892 4914 5188
f 4914 4912 5188
f 5186 4912 5188
f 5186 5188 5190
f 5188 5190 5191
f 5188 5191 5189
f 5165 5164 5192
f 5163 5189 5193
f 5193 5163 5165
f 5193 5165 5192
f 5164 5192 5194
f 5164 5168 5194
f 5180 5179 5195
f 5180 5181 5195
f 5183 5182 5196
f 5179 5195 5197
f 5196 5197 5179
f 5196 5179 5183
f 5184 4903 5198
f 5199 4915 4903
f 5199 4903 5198
f 5198 5199 5200
f 5198 5200 5201
f 5196 5182 5198
f 5196 5198 5201
f 5182 5184 5198
f 4917 4916 5202
f 5203 5202 4917
f 5203 4917 4915
f 4915 5199 5203
f 4916 4921 5204
f 4916 5202 5204
f 4910 5185 5205
f 5206 5205 4910
f 5206 4910 4928
f 4928 4927 5206
f 5187 5186 5207
f 5205 5206 5208
f 5208 5205 5185
f 5208 5185 5209
f 5209 5185 5187
f 5209 5187 5207
f 5186 5207 5210
f 5186 5190 5210
f 5200 5199 5211
f 5200 5201 5211
f 5212 5202 5203
f 5212 5203 5213
f 5213 5212 5214
f 5213 5214 5215
f 5213 5215 5216
f 5216 5211 5199
f 5216 5199 5213
f 5199 5203 5213
f 5204 4921 5217
f 4921 4934 5217
f 4933 4934 5217
f 4933 5217 5218
f 5214 5212 5217
f 5214 5217 5218
f 5212 5202 5217
f 5202 5204 5217
f 4943 4941 5219
f 4943 4942 5219
f 5206 4927 5220
f 5206 5220 5221
f 4927 4944 5220
f 4944 4941 5220
f 5219 4941 5220
f 5219 5220 5222
f 5220 5222 5223
f 5220 5223 5221
f 5206 5221 5224
f 5206 5208 5224
f 5215 5214 5225
f 5215 5216 5225
f 5218 4933 5226
f 5227 4945 4933
f 5227 4933 5226
f 5226 5227 5228
f 5226 5228 5229
f 5229 5225 5214
f 5229 5214 5226
f 5214 5218 5226
f 4945 4950 5230
f 4945 5227 5230
f 4942 5219 5231
f 5232 5231 4942
f 5232 4942 4956
f 4956 4955 5232
f 5231 5232 5233
f 5234 5233 5231
f 5234 5231 5219
f 5219 5222 5234
f 5235 5227 5228
f 5235 5228 5236
f 5236 5235 5237
f 5236 5237 5238
f 5236 5238 5239
f 5236 5239 5240
f 5240 5229 5228
f 5240 5228 5236
f 5230 4950 5241
f 4950 4962 5241
f 5242 4961 4962
f 5242 4962 5241
f 5242 5237 5235
f 5242 5235 5241
f 5235 5227 5241
f 5227 5230 5241
f 4955 5232 5243
f 5243 4955 4968
f 5243 4968 5244
f 4968 4967 5244
f 5243 5244 5245
f 5246 5245 5243
f 5246 5243 5232
f 5232 5233 5246
f 5237 5238 5247
f 5237 5247 5248
f 5247 5248 5249
f 5247 5249 5250
f 5247 5250 5251
f 5247 5251 5252
f 5239 5238 5247
f 5239 5247 5252
f 5242 4961 5253
f 4961 4974 5253
f 5254 4973 4974
f 5254 4974 5253
f 5254 5249 5248
f 5254 5248 5253
f 5248 5237 5253
f 5237 5242 5253
f 4967 5244 5255
f 5255 4967 4980
f 5255 4980 5256
f 4980 4979 5256
f 5255 5256 5257
f 5258 5257 5255
f 5258 5255 5244
f 5244 5245 5258
f 5259 5249 5250
f 5259 5250 5260
f 5260 5259 5261
f 5260 5261 5262
f 5260 5262 5263
f 5260 5263 5264
f 5264 5251 5250
f 5264 5250 5260
f 5254 4973 5265
f 4973 4986 5265
f 5266 4985 4986
f 5266 4986 5265
f 5266 5261 5259
f 5266 5259 5265
f 5259 5249 5265
f 5249 5254 5265
f 4979 5256 5267
f 5267 4979 4992
f 5267 4992 5268
f 4992 4991 5268
f 5267 5268 5269
f 5269 5267 5256
f 5269 5256 5270
f 5256 5257 5270
f 5271 5261 5262
f 5271 5262 5272
f 5272 5271 5273
f 5272 5273 5274
f 5272 5274 5275
f 5272 5275 5276
f 5276 5263 5262
f 5276 5262 5272
f 5266 4985 5277
f 4985 4998 5277
f 5278 4997 4998
f 5278 4998 5277
f 5278 5273 5271
f 5278 5271 5277
f 5271 5261 5277
f 5261 5266 5277
f 4991 5268 5279
f 5279 4991 5004
f 5279 5004 5280
f 5004 5003 5280
f 5279 5280 5281
f 5282 5281 5279
f 5282 5279 5268
f 5268 5269 5282
f 5283 5273 5274
f 5283 5274 5284
f 5284 5283 5285
f 5284 5285 5286
f 5284 5286 5287
f 5284 5287 5288
f 5288 5275 5274
f 5288 5274 5284
f 5278 4997 5289
f 4997 5010 5289
f 5290 5009 5010
f 5290 5010 5289
f 5290 5285 5283
f 5290 5283 5289
f 5283 5273 5289
f 5273 5278 5289
f 5003 5280 5291
f 5003 5015 5291
f 5292 5293 5294
f 5292 5294 5295
f 5295 5018 5015
f 5295 5015 5292
f 5015 5291 5292
f 5291 5280 5292
f 5293 5281 5280
f 5293 5280 5292
f 5294 5295 5296
f 5294 5293 5296
f 5297 5298 5299
f 5297 5299 5300
f 5297 5300 5301
f 5297 5301 5302
f 5297 5302 5303
f 5297 5303 5298
f 5304 5285 5286
f 5304 5286 5305
f 5304 5020 5025
f 5304 5025 5305
f 5306 5024 5025
f 5306 5025 5305
f 5306 5300 5299
f 5306 5299 5305
f 5307 5298 5299
f 5307 5299 5305
f 5307 5287 5286
f 5307 5286 5305
f 5290 5009 5308
f 5009 5029 5308
f 5029 5020 5308
f 5020 5304 5308
f 5304 5285 5308
f 5285 5290 5308
f 5018 5295 5309
f 5018 5034 5309
f 5310 5311 5312
f 5310 5312 5313
f 5313 5038 5034
f 5313 5034 5310
f 5034 5309 5310
f 5309 5295 5310
f 5311 5296 5295
f 5311 5295 5310
f 5312 5313 5314
f 5312 5311 5314
f 5315 5316 5317
f 5315 5317 5318
f 5315 5318 5319
f 5315 5319 5320
f 5315 5320 5321
f 5315 5321 5316
f 5322 5300 5301
f 5322 5301 5323
f 5322 5040 5045
f 5322 5045 5323
f 5324 5044 5045
f 5324 5045 5323
f 5324 5318 5317
f 5324 5317 5323
f 5325 5316 5317
f 5325 5317 5323
f 5325 5302 5301
f 5325 5301 5323
f 5306 5024 5326
f 5024 5050 5326
f 5050 5040 5326
f 5040 5322 5326
f 5322 5300 5326
f 5300 5306 5326
f 5038 5313 5327
f 5038 5058 5327
f 5328 5329 5330
f 5328 5330 5331
f 5331 5062 5058
f 5331 5058 5328
f 5058 5327 5328
f 5327 5313 5328
f 5329 5314 5313
f 5329 5313 5328
f 5332 5333 5334
f 5332 5334 5335
f 5332 5335 5336
f 5331 5330 5332
f 5331 5332 5336
f 5337 5329 5330
f 5337 5330 5332
f 5332 5337 5333
f 5334 5335 5338
f 5334 5333 5338
f 5339 5340 5341
f 5339 5341 5342
f 5339 5342 5343
f 5339 5343 5344
f 5339 5344 5345
f 5339 5345 5340
f 5346 5347 5348
f 5346 5348 5349
f 5346 5349 5350
f 5350 5342 5341
f 5350 5341 5346
f 5351 5340 5341
f 5351 5341 5346
f 5346 5351 5347
f 5352 5318 5319
f 5352 5319 5353
f 5352 5064 5069
f 5352 5069 5353
f 5354 5068 5069
f 5354 5069 5353
f 5354 5349 5348
f 5354 5348 5353
f 5355 5347 5348
f 5355 5348 5353
f 5355 5320 5319
f 5355 5319 5353
f 5324 5044 5356
f 5044 5074 5356
f 5074 5064 5356
f 5064 5352 5356
f 5352 5318 5356
f 5318 5324 5356
f 5062 5331 5357
f 5062 5083 5357
f 5358 5335 5336
f 5358 5336 5359
f 5358 5087 5091
f 5358 5091 5359
f 5091 5083 5359
f 5083 5357 5359
f 5357 5331 5359
f 5331 5336 5359
f 5360 5361 5362
f 5360 5362 5363
f 5363 5092 5087
f 5363 5087 5360
f 5087 5358 5360
f 5358 5335 5360
f 5361 5338 5335
f 5361 5335 5360
f 5364 5365 5366
f 5364 5366 5367
f 5364 5367 5368
f 5368 5363 5362
f 5368 5362 5364
f 5369 5361 5362
f 5369 5362 5364
f 5364 5369 5365
f 5370 5371 5372
f 5370 5372 5373
f 5370 5373 5374
f 5374 5367 5366
f 5374 5366 5370
f 5375 5365 5366
f 5375 5366 5370
f 5370 5375 5371
f 5376 5377 5378
f 5376 5378 5379
f 5376 5379 5380
f 5380 5373 5372
f 5380 5372 5376
f 5381 5371 5372
f 5381 5372 5376
f 5376 5381 5377
f 5382 5383 5384
f 5382 5384 5385
f 5382 5385 5386
f 5386 5379 5378
f 5386 5378 5382
f 5387 5377 5378
f 5387 5378 5382
f 5382 5387 5383
f 5388 5342 5343
f 5388 5343 5389
f 5388 5094 5099
f 5388 5099 5389
f 5390 5098 5099
f 5390 5099 5389
f 5390 5385 5384
f 5390 5384 5389
f 5391 5383 5384
f 5391 5384 5389
f 5391 5344 5343
f 5391 5343 5389
f 5392 5349 5350
f 5392 5350 5393
f 5392 5101 5105
f 5392 5105 5393
f 5105 5094 5393
f 5094 5388 5393
f 5388 5342 5393
f 5342 5350 5393
f 5354 5068 5394
f 5068 5109 5394
f 5109 5101 5394
f 5101 5392 5394
f 5392 5349 5394
f 5349 5354 5394
f 5092 5363 5395
f 5092 5117 5395
f 5367 5368 5396
f 5367 5396 5397
f 5120 5123 5396
f 5120 5396 5397
f 5123 5117 5396
f 5117 5395 5396
f 5395 5363 5396
f 5363 5368 5396
f 5398 5373 5374
f 5398 5374 5399
f 5398 5125 5129
f 5398 5129 5399
f 5129 5120 5399
f 5120 5397 5399
f 5397 5367 5399
f 5367 5374 5399
f 5400 5379 5380
f 5400 5380 5401
f 5400 5131 5135
f 5400 5135 5401
f 5135 5125 5401
f 5125 5398 5401
f 5398 5373 5401
f 5373 5380 5401
f 5402 5385 5386
f 5402 5386 5403
f 5402 5137 5140
f 5402 5140 5403
f 5140 5131 5403
f 5131 5400 5403
f 5400 5379 5403
f 5379 5386 5403
f 5390 5098 5404
f 5098 5143 5404
f 5143 5137 5404
f 5137 5402 5404
f 5402 5385 5404
f 5385 5390 5404
f 5169 5167 5405
f 5169 5168 5405
f 5171 5170 5406
f 5406 5171 5167
f 5406 5167 5407
f 5167 5405 5407
f 5173 5172 5408
f 5409 5408 5173
f 5409 5173 5170
f 5170 5406 5409
f 5175 5174 5410
f 5411 5410 5175
f 5411 5175 5172
f 5172 5408 5411
f 5177 5176 5412
f 5413 5412 5177
f 5413 5177 5174
f 5174 5410 5413
f 5176 5181 5414
f 5176 5412 5414
f 5191 5189 5415
f 5191 5190 5415
f 5193 5192 5416
f 5417 5416 5193
f 5417 5193 5189
f 5189 5415 5417
f 5405 5168 5418
f 5405 5418 5419
f 5168 5194 5418
f 5194 5192 5418
f 5416 5192 5418
f 5416 5418 5420
f 5418 5420 5421
f 5418 5421 5419
f 5407 5406 5422
f 5405 5419 5423
f 5423 5405 5407
f 5423 5407 5422
f 5409 5408 5424
f 5406 5422 5425
f 5425 5406 5409
f 5425 5409 5424
f 5411 5410 5426
f 5408 5424 5427
f 5426 5427 5408
f 5426 5408 5411
f 5413 5412 5428
f 5410 5426 5429
f 5428 5429 5410
f 5428 5410 5413
f 5414 5181 5430
f 5431 5195 5181
f 5431 5181 5430
f 5430 5431 5432
f 5430 5432 5433
f 5428 5412 5430
f 5428 5430 5433
f 5412 5414 5430
f 5197 5196 5434
f 5434 5197 5195
f 5434 5195 5435
f 5195 5431 5435
f 5196 5201 5436
f 5196 5434 5436
f 5209 5207 5437
f 5209 5208 5437
f 5415 5190 5438
f 5415 5438 5439
f 5190 5210 5438
f 5210 5207 5438
f 5437 5207 5438
f 5437 5438 5440
f 5438 5440 5441
f 5438 5441 5439
f 5417 5416 5442
f 5415 5439 5443
f 5443 5415 5417
f 5443 5417 5442
f 5416 5442 5444
f 5416 5420 5444
f 5432 5431 5445
f 5432 5433 5445
f 5435 5434 5446
f 5431 5445 5447
f 5446 5447 5431
f 5446 5431 5435
f 5436 5201 5448
f 5449 5211 5201
f 5449 5201 5448
f 5448 5449 5450
f 5448 5450 5451
f 5451 5446 5434
f 5451 5434 5448
f 5434 5436 5448
f 5211 5216 5452
f 5211 5449 5452
f 5223 5221 5453
f 5223 5222 5453
f 5208 5437 5454
f 5455 5454 5208
f 5455 5208 5224
f 5456 5455 5224
f 5456 5224 5221
f 5221 5453 5456
f 5454 5455 5457
f 5458 5457 5454
f 5458 5454 5437
f 5437 5440 5458
f 5449 5450 5459
f 5449 5459 5460
f 5459 5460 5461
f 5459 5461 5462
f 5459 5462 5463
f 5459 5463 5464
f 5464 5451 5450
f 5464 5450 5459
f 5452 5216 5465
f 5466 5225 5216
f 5466 5216 5465
f 5465 5466 5467
f 5467 5461 5460
f 5467 5460 5465
f 5460 5449 5465
f 5449 5452 5465
f 5225 5229 5468
f 5225 5466 5468
f 5222 5453 5469
f 5470 5469 5222
f 5470 5222 5234
f 5234 5233 5470
f 5456 5455 5471
f 5469 5470 5472
f 5472 5469 5453
f 5472 5453 5473
f 5473 5453 5456
f 5473 5456 5471
f 5455 5471 5474
f 5455 5457 5474
f 5462 5461 5475
f 5462 5463 5475
f 5476 5466 5467
f 5476 5467 5477
f 5477 5476 5478
f 5477 5478 5479
f 5477 5479 5480
f 5480 5475 5461
f 5480 5461 5477
f 5461 5467 5477
f 5468 5229 5481
f 5229 5240 5481
f 5239 5240 5481
f 5239 5481 5482
f 5478 5476 5481
f 5478 5481 5482
f 5476 5466 5481
f 5466 5468 5481
f 5233 5470 5483
f 5484 5483 5233
f 5484 5233 5246
f 5246 5245 5484
f 5483 5484 5485
f 5486 5485 5483
f 5486 5483 5470
f 5470 5472 5486
f 5487 5478 5479
f 5487 5479 5488
f 5488 5487 5489
f 5488 5489 5490
f 5488 5490 5491
f 5488 5491 5492
f 5492 5480 5479
f 5492 5479 5488
f 5482 5239 5493
f 5239 5252 5493
f 5494 5251 5252
f 5494 5252 5493
f 5494 5489 5487
f 5494 5487 5493
f 5487 5478 5493
f 5478 5482 5493
f 5245 5484 5495
f 5495 5245 5258
f 5495 5258 5496
f 5258 5257 5496
f 5495 5496 5497
f 5498 5497 5495
f 5498 5495 5484
f 5484 5485 5498
f 5499 5489 5490
f 5499 5490 5500
f 5500 5499 5501
f 5500 5501 5502
f 5500 5502 5503
f 5500 5503 5504
f 5504 5491 5490
f 5504 5490 5500
f 5494 5251 5505
f 5251 5264 5505
f 5506 5263 5264
f 5506 5264 5505
f 5506 5501 5499
f 5506 5499 5505
f 5499 5489 5505
f 5489 5494 5505
f 5257 5496 5507
f 5507 5257 5270
f 5507 5270 5508
f 5270 5269 5508
f 5507 5508 5509
f 5510 5509 5507
f 5510 5507 5496
f 5496 5497 5510
f 5511 5501 5502
f 5511 5502 5512
f 5512 5511 5513
f 5512 5513 5514
f 5512 5514 5515
f 5512 5515 5516
f 5516 5503 5502
f 5516 5502 5512
f 5506 5263 5517
f 5263 5276 5517
f 5518 5275 5276
f 5518 5276 5517
f 5518 5513 5511
f 5518 5511 5517
f 5511 5501 5517
f 5501 5506 5517
f 5269 5508 5519
f 5519 5269 5282
f 5519 5282 5520
f 5282 5281 5520
f 5521 5522 5523
f 5521 5523 5524
f 5521 5524 5525
f 5525 5520 5519
f 5525 5519 5521
f 5519 5508 5521
f 5509 5508 5521
f 5509 5521 5522
f 5523 5524 5526
f 5523 5522 5526
f 5527 5528 5529
f 5527 5529 5530
f 5527 5530 5531
f 5527 5531 5532
f 5527 5532 5533
f 5527 5533 5528
f 5534 5513 5514
f 5534 5514 5535
f 5535 5534 5536
f 5535 5536 5537
f 5537 5530 5529
f 5537 5529 5535
f 5538 5528 5529
f 5538 5529 5535
f 5538 5515 5514
f 5538 5514 5535
f 5518 5275 5539
f 5275 5288 5539
f 5540 5287 5288
f 5540 5288 5539
f 5540 5536 5534
f 5540 5534 5539
f 5534 5513 5539
f 5513 5518 5539
f 5281 5520 5541
f 5281 5293 5541
f 5524 5525 5542
f 5524 5542 5543
f 5542 5543 5544
f 5296 5293 5542
f 5296 5542 5544
f 5293 5541 5542
f 5541 5520 5542
f 5520 5525 5542
f 5545 5546 5547
f 5545 5547 5548
f 5545 5548 5549
f 5544 5543 5545
f 5544 5545 5549
f 5543 5524 5545
f 5526 5524 5545
f 5526 5545 5546
f 5547 5548 5550
f 5547 5546 5550
f 5551 5552 5553
f 5551 5553 5554
f 5551 5554 5555
f 5551 5555 5556
f 5551 5556 5557
f 5551 5557 5552
f 5558 5530 5531
f 5558 5531 5559
f 5559 5558 5560
f 5559 5560 5561
f 5561 5554 5553
f 5561 5553 5559
f 5562 5552 5553
f 5562 5553 5559
f 5562 5532 5531
f 5562 5531 5559
f 5563 5536 5537
f 5563 5537 5564
f 5563 5298 5303
f 5563 5303 5564
f 5565 5302 5303
f 5565 5303 5564
f 5565 5560 5558
f 5565 5558 5564
f 5558 5530 5564
f 5530 5537 5564
f 5540 5287 5566
f 5287 5307 5566
f 5307 5298 5566
f 5298 5563 5566
f 5563 5536 5566
f 5536 5540 5566
f 5296 5544 5567
f 5296 5311 5567
f 5568 5548 5549
f 5568 5549 5569
f 5569 5568 5570
f 5570 5314 5311
f 5570 5311 5569
f 5311 5567 5569
f 5567 5544 5569
f 5544 5549 5569
f 5571 5572 5573
f 5571 5573 5574
f 5571 5574 5575
f 5575 5570 5568
f 5575 5568 5571
f 5568 5548 5571
f 5572 5550 5548
f 5572 5548 5571
f 5573 5574 5576
f 5573 5572 5576
f 5577 5578 5579
f 5577 5579 5580
f 5577 5580 5581
f 5577 5581 5582
f 5577 5582 5583
f 5577 5583 5578
f 5584 5554 5555
f 5584 5555 5585
f 5585 5584 5586
f 5585 5586 5587
f 5587 5580 5579
f 5587 5579 5585
f 5588 5578 5579
f 5588 5579 5585
f 5588 5556 5555
f 5588 5555 5585
f 5589 5560 5561
f 5589 5561 5590
f 5589 5316 5321
f 5589 5321 5590
f 5591 5320 5321
f 5591 5321 5590
f 5591 5586 5584
f 5591 5584 5590
f 5584 5554 5590
f 5554 5561 5590
f 5565 5302 5592
f 5302 5325 5592
f 5325 5316 5592
f 5316 5589 5592
f 5589 5560 5592
f 5560 5565 5592
f 5314 5570 5593
f 5314 5329 5593
f 5574 5575 5594
f 5574 5594 5595
f 5595 5333 5337
f 5595 5337 5594
f 5337 5329 5594
f 5329 5593 5594
f 5593 5570 5594
f 5570 5575 5594
f 5596 5597 5598
f 5596 5598 5599
f 5599 5338 5333
f 5599 5333 5596
f 5333 5595 5596
f 5595 5574 5596
f 5597 5576 5574
f 5597 5574 5596
f 5600 5601 5602
f 5600 5602 5603
f 5600 5603 5604
f 5604 5599 5598
f 5604 5598 5600
f 5605 5597 5598
f 5605 5598 5600
f 5600 5605 5601
f 5606 5607 5608
f 5606 5608 5609
f 5606 5609 5610
f 5610 5603 5602
f 5610 5602 5606
f 5611 5601 5602
f 5611 5602 5606
f 5606 5611 5607
f 5612 5613 5614
f 5612 5614 5615
f 5612 5615 5616
f 5616 5609 5608
f 5616 5608 5612
f 5617 5607 5608
f 5617 5608 5612
f 5612 5617 5613
f 5618 5619 5620
f 5618 5620 5621
f 5618 5621 5622
f 5622 5615 5614
f 5622 5614 5618
f 5623 5613 5614
f 5623 5614 5618
f 5618 5623 5619
f 5624 5580 5581
f 5624 5581 5625
f 5624 5340 5345
f 5624 5345 5625
f 5626 5344 5345
f 5626 5345 5625
f 5626 5621 5620
f 5626 5620 5625
f 5627 5619 5620
f 5627 5620 5625
f 5627 5582 5581
f 5627 5581 5625
f 5628 5586 5587
f 5628 5587 5629
f 5628 5347 5351
f 5628 5351 5629
f 5351 5340 5629
f 5340 5624 5629
f 5624 5580 5629
f 5580 5587 5629
f 5591 5320 5630
f 5320 5355 5630
f 5355 5347 5630
f 5347 5628 5630
f 5628 5586 5630
f 5586 5591 5630
f 5338 5599 5631
f 5338 5361 5631
f 5603 5604 5632
f 5603 5632 5633
f 5365 5369 5632
f 5365 5632 5633
f 5369 5361 5632
f 5361 5631 5632
f 5631 5599 5632
f 5599 5604 5632
f 5634 5609 5610
f 5634 5610 5635
f 5634 5371 5375
f 5634 5375 5635
f 5375 5365 5635
f 5365 5633 5635
f 5633 5603 5635
f 5603 5610 5635
f 5636 5615 5616
f 5636 5616 5637
f 5636 5377 5381
f 5636 5381 5637
f 5381 5371 5637
f 5371 5634 5637
f 5634 5609 5637
f 5609 5616 5637
f 5638 5621 5622
f 5638 5622 5639
f 5638 5383 5387
f 5638 5387 5639
f 5387 5377 5639
f 5377 5636 5639
f 5636 5615 5639
f 5615 5622 5639
f 5626 5344 5640
f 5344 5391 5640
f 5391 5383 5640
f 5383 5638 5640
f 5638 5621 5640
f 5621 5626 5640
f 5421 5419 5641
f 5421 5420 5641
f 5423 5422 5642
f 5643 5642 5423
f 5643 5423 5419
f 5419 5641 5643
f 5425 5424 5644
f 5645 5644 5425
f 5645 5425 5422
f 5422 5642 5645
f 5427 5426 5646
f 5647 5646 5427
f 5647 5427 5424
f 5424 5644 5647
f 5429 5428 5648
f 5649 5648 5429
f 5649 5429 5426
f 5426 5646 5649
f 5428 5433 5650
f 5428 5648 5650
f 5441 5439 5651
f 5441 5440 5651
f 5443 5442 5652
f 5652 5443 5439
f 5652 5439 5653
f 5439 5651 5653
f 5641 5420 5654
f 5641 5654 5655
f 5420 5444 5654
f 5444 5442 5654
f 5652 5442 5654
f 5652 5654 5656
f 5654 5656 5657
f 5654 5657 5655
f 5643 5642 5658
f 5641 5655 5659
f 5659 5641 5643
f 5659 5643 5658
f 5645 5644 5660
f 5642 5658 5661
f 5661 5642 5645
f 5661 5645 5660
f 5647 5646 5662
f 5644 5660 5663
f 5662 5663 5644
f 5662 5644 5647
f 5649 5648 5664
f 5646 5662 5665
f 5664 5665 5646
f 5664 5646 5649
f 5650 5433 5666
f 5445 5433 5666
f 5445 5666 5667
f 5666 5667 5668
f 5666 5668 5669
f 5664 5648 5666
f 5664 5666 5669
f 5648 5650 5666
f 5447 5446 5670
f 5671 5670 5447
f 5671 5447 5445
f 5445 5667 5671
f 5446 5451 5672
f 5446 5670 5672
f 5440 5651 5673
f 5674 5673 5440
f 5674 5440 5458
f 5458 5457 5674
f 5653 5652 5675
f 5673 5674 5676
f 5676 5673 5651
f 5676 5651 5677
f 5677 5651 5653
f 5677 5653 5675
f 5652 5675 5678
f 5652 5656 5678
f 5668 5667 5679
f 5668 5669 5679
f 5680 5670 5671
f 5680 5671 5681
f 5681 5680 5682
f 5681 5682 5683
f 5681 5683 5684
f 5679 5667 5681
f 5679 5681 5684
f 5667 5671 5681
f 5672 5451 5685
f 5451 5464 5685
f 5463 5464 5685
f 5463 5685 5686
f 5682 5680 5685
f 5682 5685 5686
f 5680 5670 5685
f 5670 5672 5685
f 5473 5471 5687
f 5473 5472 5687
f 5674 5457 5688
f 5674 5688 5689
f 5457 5474 5688
f 5474 5471 5688
f 5687 5471 5688
f 5687 5688 5690
f 5688 5690 5691
f 5688 5691 5689
f 5674 5689 5692
f 5674 5676 5692
f 5683 5682 5693
f 5683 5684 5693
f 5686 5463 5694
f 5695 5475 5463
f 5695 5463 5694
f 5694 5695 5696
f 5694 5696 5697
f 5697 5693 5682
f 5697 5682 5694
f 5682 5686 5694
f 5475 5480 5698
f 5475 5695 5698
f 5472 5687 5699
f 5700 5699 5472
f 5700 5472 5486
f 5486 5485 5700
f 5699 5700 5701
f 5701 5699 5687
f 5701 5687 5702
f 5687 5690 5702
f 5703 5695 5696
f 5703 5696 5704
f 5704 5703 5705
f 5704 5705 5706
f 5704 5706 5707
f 5704 5707 5708
f 5708 5697 5696
f 5708 5696 5704
f 5698 5480 5709
f 5480 5492 5709
f 5710 5491 5492
f 5710 5492 5709
f 5710 5705 5703
f 5710 5703 5709
f 5703 5695 5709
f 5695 5698 5709
f 5485 5700 5711
f 5712 5711 5485
f 5712 5485 5498
f 5498 5497 5712
f 5711 5712 5713
f 5713 5711 5700
f 5713 5700 5714
f 5700 5701 5714
f 5715 5705 5706
f 5715 5706 5716
f 5716 5715 5717
f 5716 5717 5718
f 5716 5718 5719
f 5716 5719 5720
f 5720 5707 5706
f 5720 5706 5716
f 5710 5491 5721
f 5491 5504 5721
f 5722 5503 5504
f 5722 5504 5721
f 5722 5717 5715
f 5722 5715 5721
f 5715 5705 5721
f 5705 5710 5721
f 5497 5712 5723
f 5723 5497 5510
f 5723 5510 5724
f 5510 5509 5724
f 5723 5724 5725
f 5726 5725 5723
f 5726 5723 5712
f 5712 5713 5726
f 5727 5717 5718
f 5727 5718 5728
f 5728 5727 5729
f 5728 5729 5730
f 5728 5730 5731
f 5728 5731 5732
f 5732 5719 5718
f 5732 5718 5728
f 5722 5503 5733
f 5503 5516 5733
f 5734 5515 5516
f 5734 5516 5733
f 5734 5729 5727
f 5734 5727 5733
f 5727 5717 5733
f 5717 5722 5733
f 5509 5724 5735
f 5509 5522 5735
f 5736 5737 5738
f 5736 5738 5739
f 5739 5526 5522
f 5739 5522 5736
f 5522 5735 5736
f 5735 5724 5736
f 5737 5725 5724
f 5737 5724 5736
f 5738 5739 5740
f 5738 5737 5740
f 5741 5742 5743
f 5741 5743 5744
f 5741 5744 5745
f 5741 5745 5746
f 5741 5746 5747
f 5741 5747 5742
f 5748 5729 5730
f 5748 5730 5749
f 5748 5528 5533
f 5748 5533 5749
f 5750 5532 5533
f 5750 5533 5749
f 5750 5744 5743
f 5750 5743 5749
f 5751 5742 5743
f 5751 5743 5749
f 5751 5731 5730
f 5751 5730 5749
f 5734 5515 5752
f 5515 5538 5752
f 5538 5528 5752
f 5528 5748 5752
f 5748 5729 5752
f 5729 5734 5752
f 5526 5739 5753
f 5526 5546 5753
f 5754 5755 5756
f 5754 5756 5757
f 5757 5550 5546
f 5757 5546 5754
f 5546 5753 5754
f 5753 5739 5754
f 5755 5740 5739
f 5755 5739 5754
f 5756 5757 5758
f 5756 5755 5758
f 5759 5760 5761
f 5759 5761 5762
f 5759 5762 5763
f 5759 5763 5764
f 5759 5764 5765
f 5759 5765 5760
f 5766 5744 5745
f 5766 5745 5767
f 5766 5552 5557
f 5766 5557 5767
f 5768 5556 5557
f 5768 5557 5767
f 5768 5762 5761
f 5768 5761 5767
f 5769 5760 5761
f 5769 5761 5767
f 5769 5746 5745
f 5769 5745 5767
f 5750 5532 5770
f 5532 5562 5770
f 5562 5552 5770
f 5552 5766 5770
f 5766 5744 5770
f 5744 5750 5770
f 5550 5757 5771
f 5550 5572 5771
f 5772 5773 5774
f 5772 5774 5775
f 5775 5576 5572
f 5775 5572 5772
f 5572 5771 5772
f 5771 5757 5772
f 5773 5758 5757
f 5773 5757 5772
f 5776 5777 5778
f 5776 5778 5779
f 5776 5779 5780
f 5780 5775 5774
f 5780 5774 5776
f 5781 5773 5774
f 5781 5774 5776
f 5776 5781 5777
f 5782 5783 5784
f 5782 5784 5785
f 5782 5785 5786
f 5786 5779 5778
f 5786 5778 5782
f 5787 5777 5778
f 5787 5778 5782
f 5782 5787 5783
f 5788 5789 5790
f 5788 5790 5791
f 5788 5791 5792
f 5792 5785 5784
f 5792 5784 5788
f 5793 5783 5784
f 5793 5784 5788
f 5788 5793 5789
f 5794 5795 5796
f 5794 5796 5797
f 5794 5797 5798
f 5798 5791 5790
f 5798 5790 5794
f 5799 5789 5790
f 5799 5790 5794
f 5794 5799 5795
f 5800 5762 5763
f 5800 5763 5801
f 5800 5578 5583
f 5800 5583 5801
f 5802 5582 5583
f 5802 5583 5801
f 5802 5797 5796
f 5802 5796 5801
f 5803 5795 5796
f 5803 5796 5801
f 5803 5764 5763
f 5803 5763 5801
f 5768 5556 5804
f 5556 5588 5804
f 5588 5578 5804
f 5578 5800 5804
f 5800 5762 5804
f 5762 5768 5804
f 5576 5775 5805
f 5576 5597 5805
f 5779 5780 5806
f 5779 5806 5807
f 5601 5605 5806
f 5601 5806 5807
f 5605 5597 5806
f 5597 5805 5806
f 5805 5775 5806
f 5775 5780 5806
f 5808 5785 5786
f 5808 5786 5809
f 5808 5607 5611
f 5808 5611 5809
f 5611 5601 5809
f 5601 5807 5809
f 5807 5779 5809
f 5779 5786 5809
f 5810 5791 5792
f 5810 5792 5811
f 5810 5613 5617
f 5810 5617 5811
f 5617 5607 5811
f 5607 5808 5811
f 5808 5785 5811
f 5785 5792 5811
f 5812 5797 5798
f 5812 5798 5813
f 5812 5619 5623
f 5812 5623 5813
f 5623 5613 5813
f 5613 5810 5813
f 5810 5791 5813
f 5791 5798 5813
f 5802 5582 5814
f 5582 5627 5814
f 5627 5619 5814
f 5619 5812 5814
f 5812 5797 5814
f 5797 5802 5814
f 5657 5655 5815
f 5657 5656 5815
f 5659 5658 5816
f 5817 5816 5659
f 5817 5659 5655
f 5655 5815 5817
f 5818 5819 5820
f 5660 5661 5818
f 5660 5818 5820
f 5661 5658 5818
f 5816 5658 5818
f 5816 5818 5821
f 5818 5821 5822
f 5818 5822 5819
f 5663 5662 5823
f 5824 5823 5663
f 5824 5663 5660
f 5824 5660 5820
f 5824 5820 5825
f 5820 5819 5825
f 5665 5664 5826
f 5826 5665 5662
f 5826 5662 5827
f 5662 5823 5827
f 5664 5669 5828
f 5664 5826 5828
f 5677 5675 5829
f 5677 5676 5829
f 5815 5656 5830
f 5815 5830 5831
f 5656 5678 5830
f 5678 5675 5830
f 5829 5675 5830
f 5829 5830 5832
f 5830 5832 5833
f 5830 5833 5831
f 5817 5816 5834
f 5815 5831 5835
f 5835 5815 5817
f 5835 5817 5834
f 5816 5834 5836
f 5816 5821 5836
f 5824 5823 5837
f 5824 5825 5837
f 5827 5826 5838
f 5823 5837 5839
f 5838 5839 5823
f 5838 5823 5827
f 5828 5669 5840
f 5841 5679 5669
f 5841 5669 5840
f 5840 5841 5842
f 5840 5842 5843
f 5838 5826 5840
f 5838 5840 5843
f 5826 5828 5840
f 5679 5684 5844
f 5679 5841 5844
f 5691 5689 5845
f 5691 5690 5845
f 5829 5676 5846
f 5829 5846 5847
f 5676 5692 5846
f 5692 5689 5846
f 5845 5689 5846
f 5845 5846 5848
f 5846 5848 5849
f 5846 5849 5847
f 5829 5847 5850
f 5829 5832 5850
f 5842 5841 5851
f 5842 5843 5851
f 5844 5684 5852
f 5853 5693 5684
f 5853 5684 5852
f 5852 5853 5854
f 5852 5854 5855
f 5855 5851 5841
f 5855 5841 5852
f 5841 5844 5852
f 5693 5697 5856
f 5693 5853 5856
f 5690 5845 5857
f 5858 5857 5690
f 5858 5690 5702
f 5702 5701 5858
f 5857 5858 5859
f 5860 5859 5857
f 5860 5857 5845
f 5845 5848 5860
f 5861 5853 5854
f 5861 5854 5862
f 5862 5861 5863
f 5862 5863 5864
f 5862 5864 5865
f 5862 5865 5866
f 5855 5854 5862
f 5855 5862 5866
f 5856 5697 5867
f 5697 5708 5867
f 5868 5707 5708
f 5868 5708 5867
f 5868 5863 5861
f 5868 5861 5867
f 5861 5853 5867
f 5853 5856 5867
f 5701 5858 5869
f 5869 5701 5714
f 5869 5714 5870
f 5714 5713 5870
f 5869 5870 5871
f 5871 5869 5858
f 5871 5858 5872
f 5858 5859 5872
f 5873 5863 5864
f 5873 5864 5874
f 5874 5873 5875
f 5874 5875 5876
f 5874 5876 5877
f 5874 5877 5878
f 5878 5865 5864
f 5878 5864 5874
f 5868 5707 5879
f 5707 5720 5879
f 5880 5719 5720
f 5880 5720 5879
f 5880 5875 5873
f 5880 5873 5879
f 5873 5863 5879
f 5863 5868 5879
f 5713 5870 5881
f 5881 5713 5726
f 5881 5726 5882
f 5726 5725 5882
f 5881 5882 5883
f 5884 5883 5881
f 5884 5881 5870
f 5870 5871 5884
f 5885 5875 5876
f 5885 5876 5886
f 5886 5885 5887
f 5886 5887 5888
f 5886 5888 5889
f 5886 5889 5890
f 5890 5877 5876
f 5890 5876 5886
f 5880 5719 5891
f 5719 5732 5891
f 5892 5731 5732
f 5892 5732 5891
f 5892 5887 5885
f 5892 5885 5891
f 5885 5875 5891
f 5875 5880 5891
f 5725 5882 5893
f 5725 5737 5893
f 5894 5895 5896
f 5894 5896 5897
f 5740 5737 5894
f 5740 5894 5897
f 5737 5893 5894
f 5893 5882 5894
f 5895 5883 5882
f 5895 5882 5894
f 5898 5899 5900
f 5898 5900 5901
f 5898 5901 5902
f 5897 5896 5898
f 5897 5898 5902
f 5903 5895 5896
f 5903 5896 5898
f 5898 5903 5899
f 5900 5901 5904
f 5900 5899 5904
f 5905 5906 5907
f 5905 5907 5908
f 5905 5908 5909
f 5905 5909 5910
f 5905 5910 5911
f 5905 5911 5906
f 5912 5913 5914
f 5912 5914 5915
f 5912 5915 5916
f 5916 5908 5907
f 5916 5907 5912
f 5917 5906 5907
f 5917 5907 5912
f 5912 5917 5913
f 5918 5887 5888
f 5918 5888 5919
f 5918 5742 5747
f 5918 5747 5919
f 5920 5746 5747
f 5920 5747 5919
f 5920 5915 5914
f 5920 5914 5919
f 5921 5913 5914
f 5921 5914 5919
f 5921 5889 5888
f 5921 5888 5919
f 5892 5731 5922
f 5731 5751 5922
f 5751 5742 5922
f 5742 5918 5922
f 5918 5887 5922
f 5887 5892 5922
f 5740 5897 5923
f 5740 5755 5923
f 5924 5901 5902
f 5924 5902 5925
f 5925 5924 5926
f 5926 5758 5755
f 5926 5755 5925
f 5755 5923 5925
f 5923 5897 5925
f 5897 5902 5925
f 5927 5928 5929
f 5927 5929 5930
f 5927 5930 5931
f 5931 5926 5924
f 5931 5924 5927
f 5924 5901 5927
f 5928 5904 5901
f 5928 5901 5927
f 5932 5933 5934
f 5932 5934 5935
f 5932 5935 5936
f 5936 5930 5929
f 5936 5929 5932
f 5937 5928 5929
f 5937 5929 5932
f 5932 5937 5933
f 5938 5939 5940
f 5938 5940 5941
f 5938 5941 5942
f 5942 5935 5934
f 5942 5934 5938
f 5943 5933 5934
f 5943 5934 5938
f 5938 5943 5939
f 5944 5908 5909
f 5944 5909 5945
f 5945 5944 5946
f 5945 5946 5947
f 5947 5941 5940
f 5947 5940 5945
f 5948 5939 5940
f 5948 5940 5945
f 5948 5910 5909
f 5948 5909 5945
f 5949 5915 5916
f 5949 5916 5950
f 5949 5760 5765
f 5949 5765 5950
f 5951 5764 5765
f 5951 5765 5950
f 5951 5946 5944
f 5951 5944 5950
f 5944 5908 5950
f 5908 5916 5950
f 5920 5746 5952
f 5746 5769 5952
f 5769 5760 5952
f 5760 5949 5952
f 5949 5915 5952
f 5915 5920 5952
f 5758 5926 5953
f 5758 5773 5953
f 5930 5931 5954
f 5930 5954 5955
f 5777 5781 5954
f 5777 5954 5955
f 5781 5773 5954
f 5773 5953 5954
f 5953 5926 5954
f 5926 5931 5954
f 5956 5935 5936
f 5956 5936 5957
f 5956 5783 5787
f 5956 5787 5957
f 5787 5777 5957
f 5777 5955 5957
f 5955 5930 5957
f 5930 5936 5957
f 5958 5941 5942
f 5958 5942 5959
f 5958 5789 5793
f 5958 5793 5959
f 5793 5783 5959
f 5783 5956 5959
f 5956 5935 5959
f 5935 5942 5959
f 5960 5946 5947
f 5960 5947 5961
f 5960 5795 5799
f 5960 5799 5961
f 5799 5789 5961
f 5789 5958 5961
f 5958 5941 5961
f 5941 5947 5961
f 5951 5764 5962
f 5764 5803 5962
f 5803 5795 5962
f 5795 5960 5962
f 5960 5946 5962
f 5946 5951 5962
f 5822 5819 5963
f 5822 5821 5963
f 5819 5825 5964
f 5819 5963 5964
f 5833 5831 5965
f 5833 5832 5965
f 5966 5967 5968
f 5968 5834 5835
f 5968 5835 5966
f 5835 5831 5966
f 5969 5965 5831
f 5969 5831 5966
f 5966 5969 5970
f 5966 5970 5967
f 5971 5963 5821
f 5971 5821 5972
f 5821 5836 5972
f 5836 5834 5972
f 5834 5968 5972
f 5967 5968 5972
f 5967 5972 5973
f 5972 5973 5971
f 5974 5964 5825
f 5974 5825 5975
f 5825 5837 5975
f 5963 5971 5976
f 5976 5963 5964
f 5976 5964 5974
f 5839 5838 5977
f 5977 5839 5837
f 5977 5837 5978
f 5978 5837 5975
f 5978 5975 5979
f 5975 5974 5979
f 5838 5843 5980
f 5838 5977 5980
f 5849 5847 5981
f 5849 5848 5981
f 5982 5965 5832
f 5982 5832 5983
f 5832 5850 5983
f 5850 5847 5983
f 5984 5981 5847
f 5984 5847 5983
f 5983 5984 5985
f 5983 5985 5982
f 5965 5982 5986
f 5965 5969 5986
f 5978 5977 5987
f 5978 5979 5987
f 5980 5843 5988
f 5989 5851 5843
f 5989 5843 5988
f 5988 5989 5990
f 5988 5990 5991
f 5991 5987 5977
f 5991 5977 5988
f 5977 5980 5988
f 5851 5855 5992
f 5851 5989 5992
f 5981 5848 5993
f 5981 5993 5994
f 5848 5860 5993
f 5859 5860 5993
f 5859 5993 5995
f 5993 5995 5996
f 5993 5996 5997
f 5993 5997 5994
f 5981 5994 5998
f 5981 5984 5998
f 5990 5989 5999
f 5990 5991 5999
f 5992 5855 6000
f 5855 5866 6000
f 6001 5865 5866
f 6001 5866 6000
f 6000 6001 6002
f 6002 5999 5989
f 6002 5989 6000
f 5989 5992 6000
f 6003 6004 5995
f 6003 5995 5859
f 6005 6003 5859
f 6005 5859 5872
f 5872 5871 6005
f 5995 5996 6004
f 6003 6005 6006
f 6003 6004 6006
f 6007 6008 6009
f 6007 6009 6010
f 6007 6010 6011
f 6007 6011 6012
f 6007 6012 6013
f 6007 6013 6008
f 6001 5865 6014
f 5865 5878 6014
f 6015 5877 5878
f 6015 5878 6014
f 6015 6010 6009
f 6015 6009 6014
f 6016 6008 6009
f 6016 6009 6014
f 6016 6002 6001
f 6016 6001 6014
f 5871 6005 6017
f 6017 5871 5884
f 6017 5884 6018
f 5884 5883 6018
f 6019 6020 6021
f 6019 6021 6022
f 6019 6022 6023
f 6023 6018 6017
f 6023 6017 6019
f 6017 6005 6019
f 6006 6005 6019
f 6006 6019 6020
f 6021 6022 6024
f 6021 6020 6024
f 6025 6026 6027
f 6025 6027 6028
f 6025 6028 6029
f 6025 6029 6030
f 6025 6030 6031
f 6025 6031 6026
f 6032 6010 6011
f 6032 6011 6033
f 6033 6032 6034
f 6033 6034 6035
f 6035 6028 6027
f 6035 6027 6033
f 6036 6026 6027
f 6036 6027 6033
f 6036 6012 6011
f 6036 6011 6033
f 6015 5877 6037
f 5877 5890 6037
f 6038 5889 5890
f 6038 5890 6037
f 6038 6034 6032
f 6038 6032 6037
f 6032 6010 6037
f 6010 6015 6037
f 5883 6018 6039
f 5883 5895 6039
f 6022 6023 6040
f 6022 6040 6041
f 5899 5903 6040
f 5899 6040 6041
f 5903 5895 6040
f 5895 6039 6040
f 6039 6018 6040
f 6018 6023 6040
f 6042 6043 6044
f 6042 6044 6045
f 6045 5904 5899
f 6045 5899 6042
f 5899 6041 6042
f 6041 6022 6042
f 6043 6024 6022
f 6043 6022 6042
f 6046 6047 6048
f 6046 6048 6049
f 6046 6049 6050
f 6050 6045 6044
f 6050 6044 6046
f 6051 6043 6044
f 6051 6044 6046
f 6046 6051 6047
f 6052 6053 6054
f 6052 6054 6055
f 6052 6055 6056
f 6056 6049 6048
f 6056 6048 6052
f 6057 6047 6048
f 6057 6048 6052
f 6052 6057 6053
f 6058 6028 6029
f 6058 6029 6059
f 6058 5906 5911
f 6058 5911 6059
f 6060 5910 5911
f 6060 5911 6059
f 6060 6055 6054
f 6060 6054 6059
f 6061 6053 6054
f 6061 6054 6059
f 6061 6030 6029
f 6061 6029 6059
f 6062 6034 6035
f 6062 6035 6063
f 6062 5913 5917
f 6062 5917 6063
f 5917 5906 6063
f 5906 6058 6063
f 6058 6028 6063
f 6028 6035 6063
f 6038 5889 6064
f 5889 5921 6064
f 5921 5913 6064
f 5913 6062 6064
f 6062 6034 6064
f 6034 6038 6064
f 5904 6045 6065
f 5904 5928 6065
f 6049 6050 6066
f 6049 6066 6067
f 5933 5937 6066
f 5933 6066 6067
f 5937 5928 6066
f 5928 6065 6066
f 6065 6045 6066
f 6045 6050 6066
f 6068 6055 6056
f 6068 6056 6069
f 6068 5939 5943
f 6068 5943 6069
f 5943 5933 6069
f 5933 6067 6069
f 6067 6049 6069
f 6049 6056 6069
f 6060 5910 6070
f 5910 5948 6070
f 5948 5939 6070
f 5939 6068 6070
f 6068 6055 6070
f 6055 6060 6070
f 6071 6072 6073
f 5967 5970 6071
f 5967 6071 6073
f 5969 5970 6071
f 5969 6071 6074
f 6071 6074 6075
f 6071 6075 6076
f 6071 6076 6072
f 6077 6078 6079
f 5971 5973 6077
f 5971 6077 6079
f 5973 5967 6077
f 5967 6073 6077
f 6080 6072 6073
f 6080 6073 6077
f 6077 6080 6078
f 6081 6082 6083
f 5974 5976 6081
f 5974 6081 6083
f 5976 5971 6081
f 5971 6079 6081
f 6078 6079 6081
f 6078 6081 6084
f 6081 6084 6082
f 5974 5979 6085
f 6085 5974 6083
f 6085 6083 6086
f 6083 6082 6086
f 6087 6088 6089
f 5982 5985 6087
f 5982 6087 6089
f 5984 5985 6087
f 5984 6087 6090
f 6087 6090 6091
f 6087 6091 6092
f 6087 6092 6088
f 6074 5969 6093
f 5969 5986 6093
f 5986 5982 6093
f 5982 6089 6093
f 6094 6088 6089
f 6094 6089 6093
f 6075 6074 6093
f 6075 6093 6094
f 6095 6096 6085
f 6095 6085 5979
f 5979 5987 6095
f 6085 6086 6096
f 5987 5991 6097
f 6097 5987 6095
f 6097 6095 6098
f 6095 6096 6098
f 6099 6100 6101
f 6101 5994 5997
f 6101 5997 6099
f 6102 5996 5997
f 6102 5997 6099
f 6099 6102 6103
f 6099 6103 6104
f 6099 6104 6100
f 6090 5984 6105
f 5984 5998 6105
f 5998 5994 6105
f 5994 6101 6105
f 6106 6100 6101
f 6106 6101 6105
f 6106 6091 6090
f 6106 6090 6105
f 6107 6108 6097
f 6107 6097 5991
f 5991 5999 6107
f 6097 6098 6108
f 5999 6002 6109
f 6109 5999 6107
f 6109 6107 6110
f 6107 6108 6110
f 6111 6112 6102
f 6111 6102 5996
f 5996 6004 6111
f 6102 6103 6112
f 6004 6006 6113
f 6113 6004 6111
f 6113 6111 6114
f 6111 6112 6114
f 6115 6116 6117
f 6117 6008 6013
f 6117 6013 6115
f 6118 6012 6013
f 6118 6013 6115
f 6115 6118 6119
f 6115 6119 6120
f 6115 6120 6116
f 6109 6002 6121
f 6002 6016 6121
f 6016 6008 6121
f 6008 6117 6121
f 6122 6116 6117
f 6122 6117 6121
f 6122 6110 6109
f 6122 6109 6121
f 6123 6124 6113
f 6123 6113 6006
f 6006 6020 6123
f 6113 6114 6124
f 6020 6024 6125
f 6126 6125 6020
f 6126 6020 6123
f 6123 6124 6126
f 6127 6128 6129
f 6129 6026 6031
f 6129 6031 6127
f 6130 6030 6031
f 6130 6031 6127
f 6127 6130 6131
f 6127 6131 6132
f 6127 6132 6128
f 6118 6012 6133
f 6012 6036 6133
f 6036 6026 6133
f 6026 6129 6133
f 6134 6128 6129
f 6134 6129 6133
f 6134 6119 6118
f 6134 6118 6133
f 6135 6125 6024
f 6135 6024 6136
f 6024 6043 6136
f 6125 6126 6135
f 6137 6138 6139
f 6047 6051 6137
f 6047 6137 6139
f 6051 6043 6137
f 6043 6136 6137
f 6140 6135 6136
f 6140 6136 6137
f 6137 6140 6138
f 6141 6142 6143
f 6143 6053 6057
f 6143 6057 6141
f 6057 6047 6141
f 6047 6139 6141
f 6144 6138 6139
f 6144 6139 6141
f 6141 6144 6142
f 6130 6030 6145
f 6030 6061 6145
f 6061 6053 6145
f 6053 6143 6145
f 6146 6142 6143
f 6146 6143 6145
f 6146 6131 6130
f 6146 6130 6145
f 6076 6072 6147
f 6076 6075 6147
f 6080 6078 6148
f 6149 6148 6080
f 6149 6080 6072
f 6072 6147 6149
f 6084 6082 6150
f 6150 6084 6078
f 6150 6078 6151
f 6078 6148 6151
f 6082 6086 6152
f 6082 6150 6152
f 6092 6088 6153
f 6092 6091 6153
f 6075 6147 6154
f 6154 6075 6094
f 6154 6094 6155
f 6155 6094 6088
f 6155 6088 6156
f 6088 6153 6156
f 6157 6148 6149
f 6157 6149 6158
f 6158 6157 6159
f 6158 6159 6160
f 6155 6154 6158
f 6155 6158 6160
f 6154 6147 6158
f 6147 6149 6158
f 6161 6150 6151
f 6161 6151 6162
f 6162 6161 6163
f 6162 6163 6164
f 6159 6157 6162
f 6159 6162 6164
f 6157 6148 6162
f 6148 6151 6162
f 6152 6086 6165
f 6166 6096 6086
f 6166 6086 6165
f 6165 6166 6167
f 6163 6161 6165
f 6163 6165 6167
f 6161 6150 6165
f 6150 6152 6165
f 6096 6098 6168
f 6096 6166 6168
f 6104 6100 6169
f 6104 6103 6169
f 6091 6153 6170
f 6170 6091 6106
f 6170 6106 6171
f 6171 6106 6100
f 6171 6100 6172
f 6100 6169 6172
f 6155 6156 6173
f 6155 6173 6174
f 6173 6174 6175
f 6173 6175 6176
f 6176 6171 6170
f 6176 6170 6173
f 6170 6153 6173
f 6153 6156 6173
f 6159 6160 6177
f 6159 6177 6178
f 6177 6178 6179
f 6177 6179 6180
f 6175 6174 6177
f 6175 6177 6180
f 6174 6155 6177
f 6155 6160 6177
f 6163 6164 6181
f 6163 6181 6182
f 6181 6182 6183
f 6181 6183 6184
f 6179 6178 6181
f 6179 6181 6184
f 6178 6159 6181
f 6159 6164 6181
f 6166 6167 6185
f 6166 6185 6186
f 6185 6186 6187
f 6185 6187 6188
f 6183 6182 6185
f 6183 6185 6188
f 6182 6163 6185
f 6163 6167 6185
f 6168 6098 6189
f 6190 6108 6098
f 6190 6098 6189
f 6189 6190 6191
f 6187 6186 6189
f 6187 6189 6191
f 6186 6166 6189
f 6166 6168 6189
f 6108 6110 6192
f 6108 6190 6192
f 6103 6169 6193
f 6103 6112 6193
f 6171 6172 6194
f 6171 6194 6195
f 6194 6195 6196
f 6114 6112 6194
f 6114 6194 6196
f 6112 6193 6194
f 6193 6169 6194
f 6169 6172 6194
f 6197 6175 6176
f 6197 6176 6198
f 6198 6197 6199
f 6198 6199 6200
f 6200 6196 6195
f 6200 6195 6198
f 6195 6171 6198
f 6171 6176 6198
f 6201 6179 6180
f 6201 6180 6202
f 6202 6201 6203
f 6202 6203 6204
f 6199 6197 6202
f 6199 6202 6204
f 6197 6175 6202
f 6175 6180 6202
f 6205 6183 6184
f 6205 6184 6206
f 6206 6205 6207
f 6206 6207 6208
f 6208 6203 6201
f 6208 6201 6206
f 6201 6179 6206
f 6179 6184 6206
f 6209 6187 6188
f 6209 6188 6210
f 6210 6209 6211
f 6210 6211 6212
f 6207 6205 6210
f 6207 6210 6212
f 6205 6183 6210
f 6183 6188 6210
f 6213 6190 6191
f 6213 6191 6214
f 6213 6116 6120
f 6213 6120 6214
f 6215 6119 6120
f 6215 6120 6214
f 6211 6209 6214
f 6211 6214 6215
f 6209 6187 6214
f 6187 6191 6214
f 6192 6110 6216
f 6110 6122 6216
f 6122 6116 6216
f 6116 6213 6216
f 6213 6190 6216
f 6190 6192 6216
f 6114 6196 6217
f 6114 6124 6217
f 6199 6200 6218
f 6199 6218 6219
f 6218 6219 6220
f 6220 6126 6124
f 6220 6124 6218
f 6124 6217 6218
f 6217 6196 6218
f 6196 6200 6218
f 6203 6204 6221
f 6203 6221 6222
f 6221 6222 6223
f 6221 6223 6224
f 6220 6219 6221
f 6220 6221 6224
f 6219 6199 6221
f 6199 6204 6221
f 6207 6208 6225
f 6207 6225 6226
f 6225 6226 6227
f 6225 6227 6228
f 6223 6222 6225
f 6223 6225 6228
f 6222 6203 6225
f 6203 6208 6225
f 6211 6212 6229
f 6211 6229 6230
f 6230 6128 6132
f 6230 6132 6229
f 6231 6131 6132
f 6231 6132 6229
f 6227 6226 6229
f 6227 6229 6231
f 6226 6207 6229
f 6207 6212 6229
f 6215 6119 6232
f 6119 6134 6232
f 6134 6128 6232
f 6128 6230 6232
f 6230 6211 6232
f 6211 6215 6232
f 6126 6220 6233
f 6126 6135 6233
f 6234 6223 6224
f 6234 6224 6235
f 6234 6138 6140
f 6234 6140 6235
f 6140 6135 6235
f 6135 6233 6235
f 6233 6220 6235
f 6220 6224 6235
f 6236 6227 6228
f 6236 6228 6237
f 6236 6142 6144
f 6236 6144 6237
f 6144 6138 6237
f 6138 6234 6237
f 6234 6223 6237
f 6223 6228 6237
f 6231 6131 6238
f 6131 6146 6238
f 6146 6142 6238
f 6142 6236 6238
f 6236 6227 6238
f 6227 6231 6238
