o anisotropic-identity-challenger-amplitude-0p25
v -0.1412344341798635 -0.07934059098158003 -0.7112199066886642
v -0.1352941176470588 -0.08104542947127323 -0.7071428571428572
v -0.1352941176470588 -0.07934059098158003 -0.7112199066886642
v -0.1352941176470588 -0.07352941176470584 -0.7112671525005368
v -0.1412344341798635 -0.07352941176470584 -0.7112199066886642
v -0.14287180754712325 -0.07352941176470584 -0.7071428571428572
v -0.1412344341798635 -0.07934059098158003 -0.7071428571428572
v -0.09993799033879025 -0.10511836650789583 -0.7293052666610952
v -0.0676470588235294 -0.12321973290264807 -0.7071428571428572
v -0.0676470588235294 -0.10511836650789583 -0.7293052666610952
v -0.0676470588235294 -0.07352941176470584 -0.7308193385450339
v -0.10015133714945477 -0.07352941176470584 -0.7294516941305265
v -0.10476159306513326 -0.10983710830540527 -0.7071428571428572
v -0.037391904763532255 -0.11010844903337871 -0.7328062451948467
v 0 -0.13459946787510638 -0.7071428571428572
v 0 -0.11013634569734693 -0.7328258171400435
v 0 -0.07352941176470584 -0.7351085007296007
v -0.039556527271564536 -0.07352941176470584 -0.7342919022578129
v -0.05432713118578522 -0.12667551835949575 -0.7071428571428572
v 0.03532734525721661 -0.10514652286218573 -0.729325020801724
v 0.0676470588235294 -0.12321973290264807 -0.7071428571428572
v 0.0676470588235294 -0.10511836650789583 -0.7293052666610952
v 0.0676470588235294 -0.07352941176470584 -0.7308193385450339
v 0.03191893143404892 -0.07352941176470584 -0.7316643358791155
v 0.006876156664780502 -0.13297920735478627 -0.7071428571428572
v 0.12935380111425407 -0.07934059098158003 -0.7112199066886642
v 0.1352941176470588 -0.08104542947127323 -0.7071428571428572
v 0.1352941176470588 -0.07934059098158003 -0.7112199066886642
v 0.1352941176470588 -0.07352941176470584 -0.7112671525005368
v 0.12860751999408457 -0.07352941176470584 -0.7117321058425693
v 0.11898438335009898 -0.08948458662042741 -0.7071428571428572
v 0.14287180754712328 -0.07352941176470584 -0.7071428571428572
v -0.1352941176470588 -0.03360309150724756 -0.725559629279688
v -0.16192327495595923 -0.03340320376126443 -0.7254193905753633
v -0.1352941176470588 -0.007352941176470562 -0.7263300825839246
v -0.16192327495595923 -0.007352941176470562 -0.7254193905753633
v -0.1743248242366348 -0.007352941176470562 -0.7071428571428572
v -0.16638958419348143 -0.037772419319710045 -0.7071428571428572
v -0.0676470588235294 -0.05032890271324255 -0.7372942460305607
v -0.10973224669574991 -0.04852323366016455 -0.736027411552052
v -0.0676470588235294 -0.007352941176470562 -0.7391542881123369
v -0.11081795521116378 -0.007352941176470562 -0.7367725717443081
v 0 -0.054364414808222225 -0.7401255100718004
v -0.04702606554242887 -0.05335670094623794 -0.7394185108225987
v 0 -0.007352941176470562 -0.7422705292824451
v -0.04952835978190763 -0.007352941176470562 -0.7411359239496944
v 0.0676470588235294 -0.05032890271324255 -0.7372942460305607
v 0.0226056788498341 -0.05141516071595509 -0.7380563508515113
v 0.0676470588235294 -0.007352941176470562 -0.7391542881123369
v 0.01919147771330204 -0.007352941176470562 -0.7403996379669573
v 0.1352941176470588 -0.03360309150724756 -0.725559629279688
v 0.1065310652992438 -0.03549070977759391 -0.7268839582884072
v 0.1352941176470588 -0.007352941176470562 -0.7263300825839246
v 0.10350233396132597 -0.007352941176470562 -0.7289626838339968
v 0.17432482423663484 -0.007352941176470562 -0.7071428571428572
v 0.14667405391645752 -0.06239686541420711 -0.7071428571428572
v -0.15675439780833905 0.03782977708007754 -0.7218718071914377
v -0.1352941176470588 0.03664442436101455 -0.7227034356070343
v -0.1352941176470588 0.05882352941176472 -0.7224111589610432
v -0.15675439780833905 0.05882352941176472 -0.7218718071914377
v -0.1654509055971634 0.05882352941176472 -0.7071428571428572
v -0.16870979605570197 0.02613427879461383 -0.7071428571428572
v -0.0676470588235294 0.01546379097085683 -0.7375634990331449
v -0.10833854503876114 0.01901664072295104 -0.7350708647626281
v -0.0676470588235294 0.05882352941176472 -0.7368443968258575
v -0.10787698396572211 0.05882352941176472 -0.7347540790572192
v 0 0.010442500596722713 -0.74108637259722
v -0.04769732422974034 0.012163103534844826 -0.7398792194247596
v 0 0.05882352941176472 -0.7402605781138095
v -0.04672962080958598 0.05882352941176472 -0.7392150503072004
v 0.02140093326722782 0.013582754411034917 -0.7388832103973374
v 0.0676470588235294 0.01546379097085683 -0.7375634990331449
v 0.0676470588235294 0.05882352941176472 -0.7368443968258575
v 0.022718912762233576 0.05882352941176472 -0.7379786344085292
v 0.10903169797038713 0.03313203190197723 -0.7251676855544859
v 0.1352941176470588 0.03664442436101455 -0.7227034356070343
v 0.1352941176470588 0.05882352941176472 -0.7224111589610432
v 0.11011342991917725 0.05882352941176472 -0.7244252546206889
v 0.16545090559716344 0.05882352941176472 -0.7071428571428572
v 0.17109097723644368 0.027665725813144977 -0.7071428571428572
v -0.1352941176470588 0.09804692231756865 -0.7071428571428572
v -0.0858268921430133 0.10721538044833095 -0.7196203203838694
v -0.0676470588235294 0.10462866714207775 -0.7214351255923835
v -0.0676470588235294 0.125 -0.7194818269454999
v -0.08512937940005944 0.125 -0.7191415926938296
v -0.10295015660130725 0.125 -0.7071428571428572
v -0.02991679673678159 0.09573356840967018 -0.727675813909406
v 0 0.09396635385322308 -0.7289156692013895
v 0 0.125 -0.7257864727456672
v -0.026532294069558274 0.125 -0.7253529099048832
v 0.045239521567134316 0.10307958311874395 -0.7225219432722463
v 0.0676470588235294 0.10462866714207775 -0.7214351255923835
v 0.0676470588235294 0.125 -0.7194818269454999
v 0.049149342200080916 0.125 -0.7198384949496339
v 0.1352941176470588 0.09804692231756865 -0.7071428571428572
v 0.10295015660130727 0.125 -0.7071428571428572
v 0.12266838441834105 0.11264873923277612 -0.7071428571428572
v 0.15783284540503234 0.08087228482717355 -0.7071428571428572
v -0.0676470588235294 0.14536653356164647 -0.7071428571428572
v 0 0.15691245485338828 -0.7071428571428572
v -0.04443452753219117 0.14770791104587436 -0.7071428571428572
v 0.0676470588235294 0.14536653356164647 -0.7071428571428572
v 0.029911117063066324 0.15426087538778227 -0.7071428571428572
v 0.08534680196065413 0.14231496611240463 -0.7071428571428572
v -0.08909181927374546 -0.1606844523585873 -0.6754325840357074
v -0.0676470588235294 -0.1626055967111113 -0.6607142857142858
v -0.0676470588235294 -0.1606844523585873 -0.6754325840357074
v -0.0676470588235294 -0.13970588235294112 -0.6888044918132565
v -0.09347897476752207 -0.13970588235294112 -0.6784436441727404
v -0.11246476791541046 -0.13970588235294112 -0.6607142857142858
v -0.08909480656245729 -0.1606873747062402 -0.6607142857142858
v -0.028945369180519827 -0.16802200437736275 -0.6805805173568165
v 0 -0.17197128124503414 -0.6607142857142858
v 0 -0.16814622908538654 -0.6806676718345094
v 0 -0.13970588235294112 -0.701506550478283
v -0.048142287324736466 -0.13970588235294112 -0.693756041921636
v -0.031133234160795845 -0.17016230707545885 -0.6607142857142858
v 0.046089890048870624 -0.16079441702380298 -0.675509733848446
v 0.0676470588235294 -0.1626055967111113 -0.6607142857142858
v 0.0676470588235294 -0.1606844523585873 -0.6754325840357074
v 0.0676470588235294 -0.13970588235294112 -0.6888044918132565
v 0.012318497106173295 -0.13970588235294112 -0.6986882364581855
v 0.042532524274592906 -0.16427444875950947 -0.6607142857142858
v 0.11246476791541046 -0.13970588235294112 -0.6607142857142858
v -0.16949605005889815 -0.10698782390672257 -0.6841882828043991
v -0.1352941176470588 -0.12727907764926674 -0.6607142857142858
v -0.1352941176470588 -0.11167781520272518 -0.6874787211422295
v -0.1740329315534616 -0.07352941176470584 -0.6873021051966305
v -0.18934708867204297 -0.07352941176470584 -0.6607142857142858
v -0.17124284913997556 -0.10869664909473306 -0.6607142857142858
v -0.0676470588235294 -0.13133304291610917 -0.7012685793157465
v -0.11741825551757584 -0.1222186259219252 -0.6948740200912555
v -0.12842498770714364 -0.13298608132476325 -0.6607142857142858
v 0 -0.13707758636332912 -0.7052988780517325
v -0.06033052106588974 -0.1325483997639458 -0.7021212582470858
v 0.003184406228728565 -0.13659070234657622 -0.704957286408233
v 0.0676470588235294 -0.13133304291610917 -0.7012685793157465
v 0.0831097734533136 -0.12457931369336961 -0.6965302486547134
v 0.1352941176470588 -0.12727907764926674 -0.6607142857142858
v 0.1352941176470588 -0.11167781520272518 -0.6874787211422295
v 0.15371852938037017 -0.07352941176470584 -0.6944975310774478
v 0.189347088672043 -0.07352941176470584 -0.6607142857142858
v -0.2145852508024706 -0.018743883457659788 -0.668706026171882
v -0.2029411764705883 -0.03693620037059096 -0.6607142857142858
v -0.2029411764705883 -0.021522636555920724 -0.6706555640598683
v -0.2029411764705883 -0.007352941176470562 -0.6748294221365634
v -0.2145852508024706 -0.007352941176470562 -0.668706026171882
v -0.21562447057783513 -0.007352941176470562 -0.6607142857142858
v -0.2146433049442985 -0.018800675552926235 -0.6607142857142858
v -0.18242871139605932 -0.053462869843971014 -0.6930644261445004
v -0.18849911607432693 -0.007352941176470562 -0.6972307597901437
v -0.1942886151263969 -0.0650649495801708 -0.6607142857142858
v 0.2029411764705884 -0.0369362003705907 -0.6607142857142858
v 0.2029411764705884 -0.021522636555920606 -0.6706555640598683
v 0.2029411764705884 -0.007352941176470562 -0.6748294221365633
v 0.2156244705778351 -0.007352941176470562 -0.6607142857142858
v -0.2062086057399543 0.05562713121347186 -0.6629568381010246
v -0.2029411764705883 0.052447235275783655 -0.6651878127112757
v -0.2029411764705883 0.05882352941176472 -0.6644641675902386
v -0.2062086057399543 0.05882352941176472 -0.6629568381010246
v -0.2063991230626424 0.05882352941176472 -0.6607142857142858
v -0.20654837379210872 0.05529474942332083 -0.6607142857142858
v -0.18675625137235272 0.00848013772397727 -0.6960345700412731
v -0.184254655555063 0.05882352941176472 -0.6943176362660526
v 0.2029411764705884 0.052447235275783884 -0.6651878127112756
v 0.2029411764705884 0.05882352941176472 -0.6644641675902385
v 0.20639912306264238 0.05882352941176472 -0.6607142857142858
v 0.21517140723953748 0.00461141501054489 -0.6607142857142858
v -0.2029411764705883 0.06406081670543033 -0.6607142857142858
v -0.1645627671598497 0.09636762547661765 -0.6808023960941826
v -0.1352941176470588 0.125 -0.6876326296680676
v -0.15703893423598375 0.125 -0.6756385231868088
v -0.16419639965772242 0.125 -0.6607142857142858
v -0.12243653033967243 0.125 -0.6983182397672908
v 0.1352941176470588 0.125 -0.6876326296680676
v 0.2029411764705884 0.06406081670543014 -0.6607142857142858
v 0.16508204966606266 0.08796389769122494 -0.6866983447944105
v 0.16419639965772242 0.125 -0.6607142857142858
v 0.18395432450057306 0.10642590568150678 -0.6607142857142858
v 0.2062086057399543 0.062019927610057465 -0.6607142857142858
v -0.1352941176470588 0.14956700738388304 -0.6607142857142858
v -0.0676470588235294 0.17940789106872326 -0.6607142857142858
v -0.0676470588235294 0.16087846553737617 -0.6819709813213964
v -0.09473972252893706 0.16467277783294518 -0.6607142857142858
v -0.01430416059328242 0.1771832700078503 -0.6705317375500479
v 0 0.1877614879428671 -0.6607142857142858
v 0 0.18252443817424915 -0.6667844417888602
v -0.004347770180394062 0.18692321715089327 -0.6607142857142858
v 0.04590433817134435 0.16990641777631513 -0.6756370846712203
v 0.0676470588235294 0.17940789106872326 -0.6607142857142858
v 0.0676470588235294 0.16087846553737617 -0.6819709813213964
v 0.057751254558740264 0.18149579250311548 -0.6607142857142858
v 0.1352941176470588 0.14956700738388304 -0.6607142857142858
v 0.08918420135659977 0.14606894378235144 -0.6923611537273027
v 0.11133574850992628 0.16773893556277958 -0.6607142857142858
v 0.15598105289751332 0.14523721926674893 -0.6607142857142858
v -0.14648356807334564 -0.1506520838569174 -0.6219654302615198
v -0.1352941176470588 -0.15572775548749374 -0.6142857142857143
v -0.1352941176470588 -0.15065394719543873 -0.621966737556165
v -0.1352941176470588 -0.13970588235294112 -0.6354576422120535
v -0.14748340039234267 -0.13970588235294112 -0.6226516505798377
v -0.15440901297469156 -0.13970588235294112 -0.6142857142857143
v -0.14926195245792878 -0.15337006858096613 -0.6142857142857143
v -0.10035844444767261 -0.17170615089829866 -0.6367366963445207
v -0.0676470588235294 -0.1836096815039621 -0.6142857142857143
v -0.0676470588235294 -0.17387024288391023 -0.6382549958010927
v -0.12165420758058335 -0.13970588235294112 -0.6513527325320154
v -0.10833117171081778 -0.1795055580035494 -0.6142857142857143
v -0.039553425696266215 -0.1783994509688538 -0.6414326306797355
v 0 -0.19035270202945895 -0.6142857142857143
v 0 -0.18014380546966893 -0.6426564476469742
v -0.048858510418457776 -0.18750225124056294 -0.6142857142857143
v 0.03087590327826888 -0.17567766495156562 -0.6395230601723683
v 0.0676470588235294 -0.1836096815039621 -0.6142857142857143
v 0.0676470588235294 -0.17387024288391023 -0.6382549958010927
v 0.019482807186727378 -0.18682308504111708 -0.6142857142857143
v 0.12282655040389087 -0.1519024155256054 -0.6228426470830438
v 0.1352941176470588 -0.15572775548749374 -0.6142857142857143
v 0.1352941176470588 -0.15065394719543873 -0.621966737556165
v 0.1352941176470588 -0.13970588235294112 -0.6354576422120535
v 0.11537573048105243 -0.1591912611022952 -0.6142857142857143
v 0.15440901297469156 -0.13970588235294112 -0.6142857142857143
v -0.21439505965378786 -0.08473429748740108 -0.6221469198244942
v -0.2029411764705883 -0.09260738445097688 -0.6142857142857143
v -0.2029411764705883 -0.08573040272625804 -0.6228457746111208
v -0.2029411764705883 -0.07352941176470584 -0.6348132812354761
v -0.21445236046199326 -0.07352941176470584 -0.6221862473978277
v -0.22046234390434907 -0.07352941176470584 -0.6142857142857143
v -0.2174525007941994 -0.08772527251606455 -0.6142857142857143
v -0.1352941176470588 -0.1309773256827669 -0.6545904411933064
v -0.1781228510303473 -0.11542708572661844 -0.6436805903034372
v -0.19334641124649932 -0.07352941176470584 -0.6541290586505477
v -0.18641107070779098 -0.12353512671542204 -0.6142857142857143
v -0.12981863933500154 -0.13434943617810252 -0.6569562710963832
v 0.1352941176470588 -0.1309773256827669 -0.6545904411933064
v 0.17162210010239873 -0.10416763864663044 -0.6357811052092234
v 0.2029411764705884 -0.09260738445097672 -0.6142857142857143
v 0.2029411764705884 -0.08573040272625794 -0.6228457746111207
v 0.2029411764705884 -0.07352941176470584 -0.6348132812354759
v 0.22046234390434902 -0.07352941176470584 -0.6142857142857143
v -0.2029411764705883 -0.05678247958271322 -0.648964850754856
v -0.23223254743691635 -0.036007543208748057 -0.6343894192035979
v -0.23387308436762694 -0.007352941176470562 -0.6355153777802658
v -0.24618536384474074 -0.007352941176470562 -0.6142857142857143
v -0.24119897628519613 -0.044779049690760894 -0.6142857142857143
v -0.19639385034437631 -0.06712441881515065 -0.6562206239941217
v 0.2029411764705884 -0.056782479582713104 -0.648964850754856
v 0.2250462844043541 -0.007352941176470562 -0.6455427675361423
v 0.24618536384474074 -0.007352941176470562 -0.6142857142857143
v 0.2247517706996527 -0.052192960888447215 -0.6142857142857143
v -0.23231618347553767 0.03008710951561852 -0.6344468215779312
v -0.2315775192013765 0.05882352941176472 -0.6339398501351063
v -0.24607223745477472 0.05882352941176472 -0.6142857142857143
v -0.24471382865258917 0.01795897836415508 -0.6142857142857143
v 0.2263435897938976 0.0155407240311146 -0.644652380917853
v 0.21067645687358458 0.05882352941176472 -0.6554052889159561
v 0.24607223745477472 0.05882352941176472 -0.6142857142857143
v 0.24750920004785842 0.03624621232303286 -0.6142857142857143
v -0.2110161374862931 0.11710058161507135 -0.6198278459145056
v -0.2029411764705883 0.125 -0.622540653532543
v -0.21060160111253123 0.125 -0.6195433349250603
v -0.2185115684672922 0.125 -0.6142857142857143
v -0.21952869378306866 0.10877308088996482 -0.6142857142857143
v -0.18134986563383654 0.125 -0.645895404674155
v 0.2029411764705884 0.125 -0.6225406535325428
v 0.2101257609357344 0.06585192725810321 -0.6557832510347912
v 0.21851156846729214 0.125 -0.6142857142857143
v 0.24476056540682417 0.0997338011972129 -0.6142857142857143
v -0.2029411764705883 0.14758939721351033 -0.6142857142857143
v -0.14716809100427097 0.1795606270866147 -0.6224352425836767
v -0.1352941176470588 0.19117647058823528 -0.6209809727810623
v -0.14284914804843013 0.19117647058823528 -0.619470999126407
v -0.1581486902322212 0.19117647058823528 -0.6142857142857143
v -0.0676470588235294 0.19117647058823528 -0.6461423667024402
v -0.09896960684496492 0.19117647058823528 -0.6357834879277555
v 0 0.19117647058823528 -0.6562051486681241
v -0.0505302184548084 0.19117647058823528 -0.6489663921692941
v 0.0676470588235294 0.19117647058823528 -0.6461423667024402
v 0.008579659593713361 0.19117647058823528 -0.6548257615831968
v 0.1352941176470588 0.19117647058823528 -0.6209809727810623
v 0.11504526056009765 0.19117647058823528 -0.6281832217894983
v 0.2029411764705884 0.14758939721351014 -0.6142857142857143
v 0.17867566205651506 0.16743846735707665 -0.6309399959177335
v 0.15814869023222122 0.19117647058823528 -0.6142857142857143
v 0.19187349188553118 0.18034938784198368 -0.6142857142857143
v 0.21617158356281843 0.13794278954674682 -0.6142857142857143
v -0.1352941176470588 0.21435637126043178 -0.6142857142857143
v -0.0676470588235294 0.24900202892540657 -0.6142857142857143
v -0.09639468887557662 0.22923025960381568 -0.6142857142857143
v 0 0.2541952998647669 -0.6142857142857143
v -0.004286988349640503 0.25315914822573526 -0.6142857142857143
v 0.0676470588235294 0.24900202892540657 -0.6142857142857143
v 0.061111362499096954 0.2509593252069171 -0.6142857142857143
v 0.1352941176470588 0.21435637126043178 -0.6142857142857143
v 0.11729720424383978 0.23974726502114763 -0.6142857142857143
v 0.15030507992781975 0.20586110760202314 -0.6142857142857143
v -0.147005459382571 -0.2835155708793694 -0.5758950513153671
v -0.1352941176470588 -0.2964120353124497 -0.5678571428571428
v -0.1352941176470588 -0.2835617640207977 -0.5759274598368136
v -0.1352941176470588 -0.2720588235294118 -0.5769156657580036
v -0.14759744469748648 -0.2720588235294118 -0.5763013517954798
v -0.18874868050986388 -0.2720588235294118 -0.5678571428571428
v -0.15399663236889571 -0.29035476184425224 -0.5678571428571428
v -0.08648417360180446 -0.290486435812507 -0.5807857216335366
v -0.0676470588235294 -0.3133913384151589 -0.5678571428571428
v -0.0676470588235294 -0.29071074080375536 -0.5809430911670791
v -0.0676470588235294 -0.2720588235294118 -0.5829012987808408
v -0.08846786183155961 -0.2720588235294118 -0.5821471970955735
v -0.10258438589931404 -0.3062366434948533 -0.5678571428571428
v -0.021142961966734104 -0.2927421558881734 -0.5823683061945597
v 0 -0.31877562567187046 -0.5678571428571428
v 0 -0.292861205488433 -0.5824518298823609
v 0 -0.2720588235294118 -0.5847519196602817
v -0.02415234972862601 -0.2720588235294118 -0.584433755559088
v -0.04453771303633052 -0.31562832541277863 -0.5678571428571428
v 0.0484659818057397 -0.29082292061203213 -0.5810217950960607
v 0.0676470588235294 -0.3133913384151589 -0.5678571428571428
v 0.0676470588235294 -0.29071074080375536 -0.5809430911670791
v 0.0676470588235294 -0.2720588235294118 -0.5829012987808408
v 0.04528477189503426 -0.2720588235294118 -0.5832051720844641
v 0.022017834151704656 -0.31669610853445773 -0.5678571428571428
v 0.12337138183161091 -0.2837223694358282 -0.5760401385565651
v 0.1352941176470588 -0.2964120353124497 -0.5678571428571428
v 0.1352941176470588 -0.2835617640207977 -0.5759274598368136
v 0.1352941176470588 -0.2720588235294118 -0.5769156657580036
v 0.12127884053608434 -0.2720588235294118 -0.5774763237314452
v 0.10312049256284411 -0.30353302198136095 -0.5678571428571428
v 0.1887486805098638 -0.2720588235294118 -0.5678571428571428
v -0.2756568718794269 -0.21084080177463127 -0.5713359275942651
v -0.2705882352941176 -0.21772619895893167 -0.5678571428571428
v -0.2705882352941176 -0.21085858695079218 -0.571348405448016
v -0.2705882352941176 -0.20588235294117652 -0.5716732733065457
v -0.27568622742947735 -0.20588235294117652 -0.5713560753475606
v -0.28345797692864727 -0.20588235294117652 -0.5678571428571428
v -0.27775447969570993 -0.21289280942099512 -0.5678571428571428
v -0.2251052334938004 -0.2275645826377971 -0.583069119882391
v -0.2029411764705883 -0.2652591337570181 -0.5678571428571428
v -0.2029411764705883 -0.22838989980967697 -0.5836481519299638
v -0.2029411764705883 -0.20588235294117652 -0.5859292209598834
v -0.22656751381338347 -0.20588235294117652 -0.5840727346358936
v -0.24125840400927542 -0.24336659727250093 -0.5678571428571428
v -0.1352941176470588 -0.23798066701997483 -0.5903769124171887
v -0.16664645800480965 -0.2365531206824545 -0.589375364034357
v -0.1352941176470588 -0.20588235294117652 -0.5941981765465737
v -0.17023197905776316 -0.20588235294117652 -0.5918362340738064
v -0.1986145867301211 -0.26782629008765046 -0.5678571428571428
v -0.0676470588235294 -0.2430439116370554 -0.5939292205453627
v -0.10437722001371283 -0.24181403236635596 -0.5930663528665545
v -0.0676470588235294 -0.20588235294117652 -0.5995964913990958
v -0.10980508461984817 -0.20588235294117652 -0.5967916885123803
v 0 -0.24464407889287246 -0.5950518775724597
v -0.03913393244222371 -0.24416554772161275 -0.5947161461792903
v 0 -0.20588235294117652 -0.6023927843295123
v -0.04724346830876955 -0.20588235294117652 -0.6002820077522921
v 0.0676470588235294 -0.2430439116370554 -0.5939292205453627
v 0.029165512017308284 -0.24352734438204499 -0.5942683908204188
v 0.0676470588235294 -0.20588235294117652 -0.5995964913990958
v 0.018234524703694435 -0.20588235294117652 -0.6017707144114396
v 0.1352941176470588 -0.23798066701997483 -0.5903769124171887
v 0.10121156437271087 -0.23922398114434296 -0.5912492058187295
v 0.1352941176470588 -0.20588235294117652 -0.5941981765465737
v 0.09258070820278376 -0.20588235294117652 -0.5971728679726236
v 0.17860213133045585 -0.22969228840434958 -0.5845618912297182
v 0.2029411764705884 -0.26525913375701804 -0.5678571428571428
v 0.2029411764705884 -0.22838989980967697 -0.5836481519299638
v 0.2029411764705884 -0.20588235294117652 -0.5859292209598834
v 0.17324666515781129 -0.20588235294117652 -0.588237537267465
v 0.2652312316093091 -0.21112290002414136 -0.5715338441439214
v 0.2705882352941176 -0.21772619895893167 -0.5678571428571428
v 0.2705882352941176 -0.21085858695079218 -0.571348405448016
v 0.2705882352941176 -0.20588235294117652 -0.5716732733065457
v 0.2640859980886489 -0.20588235294117652 -0.572319858454685
v 0.23047297228207694 -0.2451255450181729 -0.5678571428571428
v 0.28345797692864727 -0.20588235294117652 -0.5678571428571428
v -0.33877012315054456 -0.1402290846677321 -0.5682242149573613
v -0.3382352941176471 -0.14120106581695163 -0.5678571428571428
v -0.3382352941176471 -0.14023233575070376 -0.5682264958758906
v -0.3382352941176471 -0.13970588235294112 -0.5682536148275722
v -0.33877012315054456 -0.13970588235294112 -0.5682242149573613
v -0.33934489300830517 -0.13970588235294112 -0.5678571428571428
v -0.3389746909703081 -0.14042920536097908 -0.5678571428571428
v -0.2705882352941176 -0.16396020704271597 -0.5848736690680643
v -0.29392152244222264 -0.16253192412826128 -0.5838716039122087
v -0.2705882352941176 -0.13970588235294112 -0.5869923634202542
v -0.29502526390927863 -0.13970588235294112 -0.5846291407576105
v -0.3113682672780963 -0.17959939190248556 -0.5678571428571428
v -0.2029411764705883 -0.17722755565331483 -0.5941818723789923
v -0.238417146897101 -0.1744106360310515 -0.5922055573424203
v -0.2029411764705883 -0.13970588235294112 -0.5987161208889303
v -0.24163328076231233 -0.13970588235294112 -0.5944129038772392
v -0.1352941176470588 -0.18538172677810857 -0.5999027352951174
v -0.1789089350545447 -0.18237255155591647 -0.5977915361709764
v -0.18488753407545577 -0.13970588235294112 -0.6018948603437134
v -0.0676470588235294 -0.19203239417879595 -0.6045687590905203
v -0.11791314579066249 -0.18887922829904968 -0.602356537949492
v 0 -0.19527788746048783 -0.6068457559643422
v -0.05458408049675664 -0.1931033524041162 -0.6053201297819355
v 0.011788822365648098 -0.1943498093226077 -0.6061946281279248
v 0.0676470588235294 -0.19203239417879595 -0.6045687590905203
v 0.1352941176470588 -0.18538172677810857 -0.5999027352951174
v 0.08494516917477932 -0.18896028846712765 -0.60241340873408
v 0.2029411764705884 -0.17722755565331483 -0.5941818723789923
v 0.16123688170833048 -0.18050356201167164 -0.5964802768399348
v 0.2029411764705884 -0.13970588235294112 -0.5987161208889303
v 0.2705882352941176 -0.16396020704271597 -0.5848736690680643
v 0.2430400054024295 -0.16665523768176654 -0.5867644683418108
v 0.2705882352941176 -0.13970588235294112 -0.5869923634202542
v 0.23610352042250046 -0.13970588235294112 -0.5915252235609547
v 0.33764445043311053 -0.14028388160955285 -0.5682626597959085
v 0.33823529411764697 -0.1412010658169518 -0.5678571428571428
v 0.33823529411764697 -0.14023233575070382 -0.5682264958758907
v 0.33823529411764697 -0.13970588235294112 -0.5682536148275723
v 0.337520631824704 -0.13970588235294112 -0.5683476408904982
v 0.33934489300830517 -0.13970588235294112 -0.5678571428571428
v -0.3382352941176471 -0.09027000035584376 -0.5796021272337825
v -0.3543739714923318 -0.08931724832689744 -0.5789336885087122
v -0.3382352941176471 -0.07352941176470584 -0.5806093660949938
v -0.3545977710386847 -0.07352941176470584 -0.5790872900607121
v -0.37569775246025955 -0.07352941176470584 -0.5678571428571428
v -0.36502421042516164 -0.09973596032640486 -0.5678571428571428
v -0.2705882352941176 -0.10959607753024732 -0.5931610575688402
v -0.3038310305255256 -0.10604953753456153 -0.5906728501432956
v -0.2705882352941176 -0.07352941176470584 -0.5959571664080943
v -0.3057202126255545 -0.07352941176470584 -0.5919694627026322
v -0.2029411764705883 -0.12242823629539348 -0.6021639372104189
v -0.24732691329048134 -0.11695024126242738 -0.5983206454571316
v -0.25093623010586663 -0.07352941176470584 -0.6007978473707967
v -0.19050088543260157 -0.1275360324244759 -0.60574750211368
v 0.2029411764705884 -0.12242823629539346 -0.6021639372104189
v 0.2705882352941176 -0.10959607753024732 -0.5931610575688402
v 0.22730397376437458 -0.11587271108728064 -0.5975646639691715
v 0.2705882352941176 -0.07352941176470584 -0.5959571664080943
v 0.33823529411764697 -0.09027000035584382 -0.5796021272337825
v 0.3182337590218118 -0.0930961308801968 -0.5815849045222968
v 0.33823529411764697 -0.07352941176470584 -0.5806093660949938
v 0.3145918709853029 -0.07352941176470584 -0.5840844612181616
v 0.3756977524602595 -0.07352941176470584 -0.5678571428571428
v 0.3403053666592629 -0.13768081138831684 -0.5678571428571428
v -0.3382352941176471 -0.03308983554939783 -0.5859138211314823
v -0.36184788384016564 -0.03045221373110831 -0.5840632991573808
v -0.3382352941176471 -0.007352941176470562 -0.5870842422116823
v -0.36235999427478105 -0.007352941176470562 -0.5844147786792752
v -0.3960482148197589 -0.007352941176470562 -0.5678571428571428
v -0.3839612185547069 -0.052084823777942116 -0.5678571428571428
v -0.2705882352941176 -0.051244650620281135 -0.5986510088478798
v -0.3099082962861448 -0.045818218233888444 -0.5948438927926646
v -0.2705882352941176 -0.007352941176470562 -0.6016733833631336
v -0.3116198708716569 -0.007352941176470562 -0.5960186070268204
v -0.25404370860924835 -0.05734454870342069 -0.6029306198839872
v -0.25759113888578705 -0.007352941176470562 -0.6053653468750279
v 0.2705882352941176 -0.051244650620281135 -0.5986510088478798
v 0.2705882352941176 -0.007352941176470562 -0.6016733833631336
v 0.33823529411764697 -0.0330898355493979 -0.5859138211314824
v 0.30613494209902686 -0.03875545945555547 -0.589888750919612
v 0.33823529411764697 -0.007352941176470562 -0.5870842422116823
v 0.3009324563792433 -0.007352941176470562 -0.593459401056482
v 0.3960482148197588 -0.007352941176470562 -0.5678571428571428
v 0.39084245507672716 -0.02206588473951885 -0.5678571428571428
v -0.3382352941176471 0.028775910191433093 -0.5889381709450581
v -0.3649388481398844 0.032700487433489085 -0.5861847373879331
v -0.3382352941176471 0.05882352941176472 -0.5895555119794684
v -0.36524786344059995 0.05882352941176472 -0.5863968255291074
v -0.4040305220327446 0.05882352941176472 -0.5678571428571428
v -0.39733791356124404 0.0010057495212894337 -0.5678571428571428
v -0.2705882352941176 0.009450874286996761 -0.6024963707383293
v -0.31308213553739167 0.017253409608561882 -0.5970222110365329
v -0.2705882352941176 0.05882352941176472 -0.60323609199127
v -0.313921819228411 0.05882352941176472 -0.5975985156816113
v -0.25805801476624307 0.0049048832529719165 -0.6056857803209309
v -0.25891168055892644 0.05882352941176472 -0.6062716813773998
v 0.2705882352941176 0.009450874286996761 -0.6024963707383293
v 0.2705882352941176 0.05882352941176472 -0.60323609199127
v 0.2982394584980986 0.01969716847959783 -0.5953077008444727
v 0.33823529411764697 0.02877591019143305 -0.5889381709450581
v 0.33823529411764697 0.05882352941176472 -0.5895555119794684
v 0.29684640410684243 0.05882352941176472 -0.5962638033925087
v 0.4040305220327446 0.05882352941176472 -0.5678571428571428
v 0.40371394395560334 0.0567022597519648 -0.5678571428571428
v -0.3382352941176471 0.09513909273582324 -0.5888071762075653
v -0.36420186756550676 0.09959791727926767 -0.5856789215278789
v -0.3382352941176471 0.125 -0.5885427529671754
v -0.36406888061974313 0.125 -0.5855876478787678
v -0.4007455357218815 0.125 -0.5678571428571428
v -0.4039099574621269 0.060753046728226276 -0.5678571428571428
v -0.2705882352941176 0.07502445444166023 -0.6029193510107718
v -0.31333858809619985 0.08317900269361521 -0.5971982235070192
v -0.2705882352941176 0.125 -0.6021918780773021
v -0.3129752027394665 0.125 -0.5969488192714972
v -0.258336696011995 0.07080873088340639 -0.6058770491262451
v -0.2574818087774965 0.125 -0.6052903097510147
v 0.2705882352941176 0.07502445444166023 -0.6029193510107718
v 0.2705882352941176 0.125 -0.6021918780773021
v 0.29789645029464923 0.08553808756445874 -0.5955431195182687
v 0.33823529411764697 0.09513909273582319 -0.5888071762075653
v 0.33823529411764697 0.125 -0.5885427529671754
v 0.2992582105674032 0.125 -0.594608495231689
v 0.4007455357218815 0.125 -0.5678571428571428
v 0.40104528223078256 0.12026808300070152 -0.5678571428571428
v -0.3589431308539235 0.17091880421579098 -0.5820696643438419
v -0.3382352941176471 0.16704956189497644 -0.5847842756228896
v -0.3382352941176471 0.19117647058823528 -0.5838441368372346
v -0.3585136825290396 0.19117647058823528 -0.5817749187544029
v -0.38575946278860507 0.19117647058823528 -0.5678571428571428
v -0.3989007661447977 0.13182981317037054 -0.5678571428571428
v -0.2705882352941176 0.1445955550491144 -0.6005377216957007
v -0.3101076921615883 0.15251613234831832 -0.5949807452413386
v -0.2705882352941176 0.19117647058823528 -0.5984560803611417
v -0.3086432800570806 0.19117647058823528 -0.593975667368369
v -0.25601713356446215 0.139254338648576 -0.6042850512973483
v -0.2029411764705883 0.19117647058823528 -0.6079377019582454
v -0.253514427028947 0.19117647058823528 -0.6025673551968861
v -0.1954580777506173 0.19117647058823528 -0.6091497987046162
v 0.2029411764705884 0.19117647058823528 -0.6079377019582454
v 0.2705882352941176 0.1445955550491144 -0.6005377216957007
v 0.2705882352941176 0.19117647058823528 -0.5984560803611417
v 0.2161524204233114 0.19117647058823528 -0.6052183698336902
v 0.3049135811836986 0.15857914271806842 -0.5907270141565297
v 0.33823529411764697 0.16704956189497636 -0.5847842756228896
v 0.33823529411764697 0.19117647058823528 -0.5838441368372347
v 0.3083925486394579 0.19117647058823528 -0.5883392756232292
v 0.38575946278860507 0.19117647058823528 -0.5678571428571428
v 0.3901777021983216 0.175813225296312 -0.5678571428571428
v -0.3469303638889268 0.24884689466108825 -0.573824877079046
v -0.3382352941176471 0.2472136362391485 -0.5749707504480894
v -0.3382352941176471 0.25735294117647056 -0.574307053468161
v -0.3467150808401548 0.25735294117647056 -0.5736771207008515
v -0.3567314414981778 0.25735294117647056 -0.5678571428571428
v -0.368584231771631 0.2276637630367037 -0.5678571428571428
v -0.2705882352941176 0.21982311668894167 -0.5941875911483933
v -0.3020908475292832 0.2265351683377216 -0.5894785009440112
v -0.2705882352941176 0.25735294117647056 -0.5912674495689066
v -0.30017013525914693 0.25735294117647056 -0.5881602481126443
v -0.2029411764705883 0.20256430727291583 -0.6062961526751924
v -0.2498188928624458 0.21149430557574034 -0.6000309792627345
v -0.2029411764705883 0.25735294117647056 -0.6017003593875339
v -0.24600867266725332 0.25735294117647056 -0.5974158902467794
v -0.19381488466767757 0.20010436474325663 -0.6080220171166358
v -0.1352941176470588 0.25735294117647056 -0.6083143877555202
v -0.18818408641593704 0.25735294117647056 -0.6041574009252239
v -0.0676470588235294 0.25735294117647056 -0.6120452018723582
v -0.12765700677082953 0.25735294117647056 -0.6090440947091719
v 0 0.25735294117647056 -0.6132559933995312
v -0.06452336055326821 0.25735294117647056 -0.6121418095722742
v 0.0676470588235294 0.25735294117647056 -0.6120452018723582
v 0.0015697035744749715 0.25735294117647056 -0.6132083711491958
v 0.1352941176470588 0.25735294117647056 -0.6083143877555202
v 0.07140408490554624 0.25735294117647056 -0.6117071342729015
v 0.2029411764705884 0.20256430727291586 -0.6062961526751924
v 0.2029411764705884 0.25735294117647056 -0.6017003593875339
v 0.1464139579320673 0.25735294117647056 -0.6066537742143265
v 0.22077778183613136 0.208625323663223 -0.6020438205410403
v 0.2705882352941176 0.21982311668894167 -0.5941875911483933
v 0.2705882352941176 0.25735294117647056 -0.5912674495689066
v 0.22935688789486244 0.25735294117647056 -0.5961556763206068
v 0.32377090959302696 0.2432029997936901 -0.5777845620495062
v 0.33823529411764697 0.2472136362391484 -0.5749707504480895
v 0.33823529411764697 0.25735294117647056 -0.5743070534681611
v 0.3264424735043848 0.25735294117647056 -0.5759509731538228
v 0.35673144149817787 0.25735294117647056 -0.5678571428571428
v 0.37354996319843964 0.2257234294716193 -0.5678571428571428
v -0.3382352941176471 0.28518844609128496 -0.5678571428571428
v -0.2863473470965355 0.30811288934929704 -0.5786731792184296
v -0.2705882352941176 0.30470751810131663 -0.5810623444432033
v -0.2705882352941176 0.32352941176470584 -0.5790832524832054
v -0.2852415233123676 0.32352941176470584 -0.5779142132050722
v -0.3096525333917055 0.32352941176470584 -0.5678571428571428
v -0.2029411764705883 0.28282651557081645 -0.5964137779646018
v -0.23744626146439712 0.28977443731424063 -0.591539204296993
v -0.2029411764705883 0.32352941176470584 -0.5916625988619921
v -0.23373004108395262 0.32352941176470584 -0.5889886306818433
v -0.1352941176470588 0.26933535019587473 -0.6058790082752752
v -0.18300108484928723 0.2768595525451346 -0.6006001234524612
v -0.1352941176470588 0.32352941176470584 -0.5992335956169197
v -0.17667649613562808 0.32352941176470584 -0.5962593343042665
v -0.0676470588235294 0.2618293718141417 -0.6111451073938879
v -0.1248732339191935 0.26754728395373006 -0.6071334928451608
v -0.0676470588235294 0.32352941176470584 -0.603400091931962
v -0.11613596691148942 0.32352941176470584 -0.6011367971659601
v 0 0.25940752579628973 -0.6128442438064127
v -0.06331679737248906 0.26158906650901004 -0.6113137025444724
v 0 0.32352941176470584 -0.6047385702397995
v -0.05249243154008415 0.32352941176470584 -0.6038845570508031
v 0.0022238268788337535 0.25952842399272097 -0.6127594231670117
v 0.0676470588235294 0.2618293718141417 -0.6111451073938879
v 0.0676470588235294 0.32352941176470584 -0.603400091931962
v 0.014574324968682207 0.32352941176470584 -0.6042828390742896
v 0.07312368285470765 0.2627105081634928 -0.6105269133202162
v 0.1352941176470588 0.26933535019587473 -0.6058790082752752
v 0.1352941176470588 0.32352941176470584 -0.5992335956169197
v 0.08598374024286515 0.32352941176470584 -0.6017006006407665
v 0.1521193754283563 0.27381243248426157 -0.6027379441935816
v 0.2029411764705884 0.2828265155708165 -0.5964137779646017
v 0.2029411764705884 0.32352941176470584 -0.5916625988619921
v 0.1635728515831445 0.32352941176470584 -0.5948770180128108
v 0.24495790211111973 0.29845625973786005 -0.5854481479299458
v 0.2705882352941176 0.30470751810131663 -0.5810623444432033
v 0.2705882352941176 0.32352941176470584 -0.5790832524832054
v 0.2512013004695469 0.32352941176470584 -0.581163082596988
v 0.33823529411764697 0.2851884460912852 -0.5678571428571428
v 0.3096525333917055 0.32352941176470584 -0.5678571428571428
v 0.3231929465113224 0.30881407171504055 -0.5678571428571428
v 0.3508702470835792 0.26971322125183905 -0.5678571428571428
v -0.2705882352941176 0.3624887132355422 -0.5678571428571428
v -0.2141201083485077 0.3787699707332373 -0.575529639580808
v -0.2029411764705883 0.37649686543245764 -0.5771244213950059
v -0.2029411764705883 0.3897058823529411 -0.575276593169322
v -0.21286629398623097 0.3897058823529411 -0.5746691023942765
v -0.23476970867532718 0.3897058823529411 -0.5678571428571428
v -0.16283310872479526 0.3627655649942859 -0.5867581274167073
v -0.1352941176470588 0.35820574931851235 -0.5899572361924088
v -0.1352941176470588 0.3897058823529411 -0.5851851923469922
v -0.15854382576171613 0.3897058823529411 -0.5838142406625443
v -0.105709049089489 0.35247132665798064 -0.5939804343129723
v -0.0676470588235294 0.34841056539356036 -0.5968294128508672
v -0.0676470588235294 0.3897058823529411 -0.5903499882909569
v -0.09859548358939443 0.3897058823529411 -0.5890981424635285
v -0.0437348635448468 0.3469217767112432 -0.5978739280851278
v 0 0.3452993002933361 -0.5990122369370562
v 0 0.3897058823529411 -0.5919732067258803
v -0.03441442791601673 0.3897058823529411 -0.5914769831349059
v 0.023727247482571347 0.3467408495193952 -0.5980008643054402
v 0.0676470588235294 0.34841056539356036 -0.5968294128508672
v 0.0676470588235294 0.3897058823529411 -0.5903499882909569
v 0.034151400147753475 0.3897058823529411 -0.5908463992774735
v 0.09879354795645309 0.3539988033077834 -0.5929087760919995
v 0.1352941176470588 0.35820574931851235 -0.5899572361924088
v 0.1352941176470588 0.3897058823529411 -0.5851851923469922
v 0.10831191920512304 0.3897058823529411 -0.586375980918223
v 0.18615917310041086 0.3732887051429849 -0.5793752259155566
v 0.2029411764705884 0.37649686543245764 -0.5771244213950059
v 0.2029411764705884 0.3897058823529411 -0.575276593169322
v 0.19091262465029418 0.3897058823529411 -0.5761127638269721
v 0.2705882352941176 0.3624887132355422 -0.5678571428571428
v 0.23476970867532723 0.3897058823529411 -0.5678571428571428
v 0.25634520410134864 0.3757724822730584 -0.5678571428571428
v 0.2928073003136467 0.3452654536316365 -0.5678571428571428
v -0.2029411764705883 0.4108318874052917 -0.5678571428571428
v -0.1352941176470588 0.44091448008926454 -0.5678571428571428
v -0.16545881724620204 0.426373407681145 -0.5678571428571428
v -0.06888119009594222 0.4546750506094682 -0.568704170842246
v -0.0676470588235294 0.45453983415509946 -0.5687990369895968
v -0.0676470588235294 0.4558823529411764 -0.5685672615258872
v -0.06864289168382695 0.4558823529411764 -0.5685406182053595
v -0.07417287457435917 0.4558823529411764 -0.5678571428571428
v -0.0059273110225723236 0.4500838965060513 -0.5719252662608338
v 0 0.44985350595585544 -0.5720869053452569
v 0 0.4558823529411764 -0.5710243303447913
v -0.00454563207507705 0.4558823529411764 -0.5709769710825839
v 0.06621598210324131 0.45448238658437284 -0.5688393414757257
v 0.0676470588235294 0.45453983415509946 -0.5687990369895968
v 0.0676470588235294 0.4558823529411764 -0.5685672615258872
v 0.06659581226056666 0.4558823529411764 -0.5685786505913502
v 0.1352941176470588 0.44091448008926454 -0.5678571428571428
v 0.07417287457435917 0.4558823529411764 -0.5678571428571428
v 0.12372126136350772 0.44456108048987647 -0.5678571428571428
v 0.2029411764705884 0.4108318874052917 -0.5678571428571428
v 0.17341566077864878 0.42699869628601816 -0.5678571428571428
v 0.2174515966044894 0.4039008585708878 -0.5678571428571428
v -0.0676470588235294 0.4575892746148493 -0.5678571428571428
v 0 0.46356536861387826 -0.5678571428571428
v -0.06578398974038954 0.4577049205225089 -0.5678571428571428
v 0.0676470588235294 0.4575892746148493 -0.5678571428571428
v 0.0073981607802416464 0.4631196841392389 -0.5678571428571428
v 0.0691304799301708 0.4573335257628908 -0.5678571428571428
v -0.13785092379377262 -0.34073651752204104 -0.5231833980075272
v -0.1352941176470588 -0.34217350992355094 -0.5214285714285715
v -0.1352941176470588 -0.3410313510932744 -0.5233902494971862
v -0.1352941176470588 -0.3382352941176471 -0.5255735161733953
v -0.13938274056228156 -0.3382352941176471 -0.5242347380877772
v -0.14506927333984623 -0.3382352941176471 -0.5214285714285715
v -0.138489555252268 -0.34136126568796044 -0.5214285714285715
v -0.08104401985505637 -0.35134101686588 -0.5306233800868555
v -0.0676470588235294 -0.3584380686891675 -0.5214285714285715
v -0.0676470588235294 -0.35240341669429703 -0.5313687463156814
v -0.0676470588235294 -0.3382352941176471 -0.5428243749406768
v -0.09161515903933945 -0.3382352941176471 -0.5378787271667517
v -0.08534084791566558 -0.3555444356208238 -0.5214285714285715
v -0.0175610935621796 -0.35541462477630104 -0.5334813716684524
v 0 -0.3635325810673605 -0.5214285714285715
v 0 -0.3559119154755248 -0.5338302645082253
v 0 -0.3382352941176471 -0.5482694488818637
v -0.03543507913125346 -0.3382352941176471 -0.5457489207702081
v -0.024438251831840153 -0.3621422796053168 -0.5214285714285715
v 0.052718291869572664 -0.35283952265956126 -0.5316747127230573
v 0.0676470588235294 -0.3584380686891675 -0.5214285714285715
v 0.0676470588235294 -0.35240341669429703 -0.5313687463156814
v 0.0676470588235294 -0.3382352941176471 -0.5428243749406768
v 0.03276401970327317 -0.3382352941176471 -0.545370036166387
v 0.04568240270491731 -0.3597224577119415 -0.5214285714285715
v 0.13215479311418432 -0.34130637246502427 -0.523583200999271
v 0.1352941176470588 -0.34217350992355094 -0.5214285714285715
v 0.1352941176470588 -0.3410313510932744 -0.5233902494971862
v 0.1352941176470588 -0.3382352941176471 -0.5255735161733953
v 0.12633341524598296 -0.3382352941176471 -0.5275786187286887
v 0.1303701600936962 -0.34305220911550177 -0.5214285714285715
v 0.14506927333984623 -0.3382352941176471 -0.5214285714285715
v -0.27200959334999264 -0.27344928249711564 -0.5224040997836906
v -0.2705882352941176 -0.274624977483368 -0.5214285714285715
v -0.2705882352941176 -0.2737610520348106 -0.5226228333323591
v -0.2705882352941176 -0.2720588235294118 -0.5237974300329838
v -0.2725090187886516 -0.2720588235294118 -0.522746873143764
v -0.27386804781375007 -0.2720588235294118 -0.5214285714285715
v -0.27230032321454956 -0.27373369214722565 -0.5214285714285715
v -0.2268546351628621 -0.2954524244240275 -0.5378412247546351
v -0.2029411764705883 -0.31604855520019065 -0.5214285714285715
v -0.2029411764705883 -0.3005301007753651 -0.5414036580043038
v -0.2029411764705883 -0.2720588235294118 -0.56235794847707
v -0.2385812191985167 -0.2720588235294118 -0.5458895945430814
v -0.23373355936382598 -0.30218180679453566 -0.5214285714285715
v -0.1352941176470588 -0.3164816021031124 -0.5525950287771042
v -0.1740331408789031 -0.3099556940823029 -0.5480165345783776
v -0.19818021901484034 -0.2720588235294118 -0.5645895291996263
v -0.18797070482866265 -0.3235902675114155 -0.5214285714285715
v -0.0676470588235294 -0.3252132584375178 -0.5587210479831474
v -0.11661022820347319 -0.31995757618370463 -0.5550337280526944
v 0 -0.3280116760786774 -0.5606843822647228
v -0.055104953766776335 -0.32596584351864955 -0.5592490521194334
v 0.0676470588235294 -0.3252132584375178 -0.5587210479831474
v 0.011117723009016 -0.32735926073926186 -0.5602266559472281
v 0.1352941176470588 -0.3164816021031124 -0.5525950287771042
v 0.08382761716184327 -0.3224064870475574 -0.5567518528174926
v 0.1667481552110653 -0.30746503997894514 -0.5462691232868154
v 0.2029411764705884 -0.3160485552001906 -0.5214285714285715
v 0.2029411764705884 -0.3005301007753651 -0.5414036580043038
v 0.2029411764705884 -0.2720588235294118 -0.5623579484770699
v 0.26820861958924835 -0.2743867084580882 -0.5230617859340873
v 0.2705882352941176 -0.274624977483368 -0.5214285714285715
v 0.2705882352941176 -0.2737610520348106 -0.5226228333323591
v 0.2705882352941176 -0.2720588235294118 -0.5237974300329838
v 0.2527047527215081 -0.2720588235294118 -0.5337026386600829
v 0.2646779776655317 -0.2778405972965067 -0.5214285714285715
v 0.27386804781375 -0.2720588235294118 -0.5214285714285715
v -0.3419865044954104 -0.20955201526724931 -0.5240031599176574
v -0.3382352941176471 -0.2139027170756667 -0.5214285714285715
v -0.3382352941176471 -0.21073297702839167 -0.5248317076929351
v -0.3382352941176471 -0.20588235294117652 -0.527723085638256
v -0.3429535807740938 -0.20588235294117652 -0.5246668986058222
v -0.3455707344675686 -0.20588235294117652 -0.5214285714285715
v -0.3427746488311661 -0.21032302603048858 -0.5214285714285715
v -0.2705882352941176 -0.24621357129816937 -0.5497244420853823
v -0.3016338670623266 -0.23625307967094616 -0.5427362876421559
v -0.31301164187000896 -0.20588235294117652 -0.5505452573082981
v -0.31094646400472703 -0.24536322885372916 -0.5214285714285715
v -0.2029411764705883 -0.26876728286199664 -0.5655478397222262
v -0.25305526443957244 -0.25490700421518286 -0.55582364422716
v -0.2004383611209522 -0.26961041720911566 -0.5661393720736969
v 0.2029411764705884 -0.2687672828619966 -0.5655478397222261
v 0.2705882352941176 -0.24621357129816937 -0.5497244420853823
v 0.20885931439460934 -0.2662693407776522 -0.5637953152757496
v 0.32964199890188967 -0.2142888373913739 -0.527326454169821
v 0.33823529411764697 -0.21390271707566688 -0.5214285714285715
v 0.33823529411764697 -0.2107329770283918 -0.5248317076929352
v 0.33823529411764697 -0.20588235294117652 -0.5277230856382562
v 0.3455707344675687 -0.20588235294117652 -0.5214285714285715
v -0.3382352941176471 -0.17859346358354325 -0.5487116046094065
v -0.365646351830269 -0.16652104750659305 -0.5402417507903399
v -0.37252643490197374 -0.13970588235294112 -0.5449637953830316
v -0.3928878092797961 -0.13970588235294112 -0.5214285714285715
v -0.37374749191368706 -0.17444607584906727 -0.5214285714285715
v -0.322166614158657 -0.1901629921117297 -0.5568286389101341
v 0.33823529411764697 -0.17859346358354336 -0.5487116046094066
v 0.34255571739117824 -0.13970588235294112 -0.5648918834054335
v 0.39288780927979605 -0.13970588235294112 -0.5214285714285715
v 0.3596401301201895 -0.1849428394604284 -0.5214285714285715
v -0.4171974871984395 -0.08459856484246317 -0.529194548667252
v -0.40588235294117647 -0.1127832938285347 -0.5214285714285715
v -0.40588235294117647 -0.09091721361005367 -0.5336276324057837
v -0.40588235294117647 -0.07352941176470584 -0.5401323239344451
v -0.41886764709612484 -0.07352941176470584 -0.530340838534918
v -0.42480230759449744 -0.07352941176470584 -0.5214285714285715
v -0.4202550466604873 -0.0875896556205534 -0.5214285714285715
v -0.38168919167392995 -0.11603865937411299 -0.5512525197513618
v -0.3905077892349646 -0.07352941176470584 -0.5573050354687179
v -0.3977790836853952 -0.1317787711244595 -0.5214285714285715
v 0.4058823529411766 -0.11278329382853441 -0.5214285714285715
v 0.4058823529411766 -0.09091721361005356 -0.5336276324057837
v 0.4058823529411766 -0.07352941176470584 -0.540132323934445
v 0.42480230759449744 -0.07352941176470584 -0.5214285714285715
v -0.40588235294117647 -0.046779501498837486 -0.5490897454960099
v -0.4289957255376543 -0.029963849151285853 -0.5372920973410609
v -0.40588235294117647 -0.007352941176470562 -0.5588487025047145
v -0.431418306384362 -0.007352941176470562 -0.5389548003445467
v -0.4435351488831675 -0.007352941176470562 -0.5214285714285715
v -0.4369300554236217 -0.03772569360494963 -0.5214285714285715
v -0.3933524438486344 -0.0612718920002625 -0.5592574226414541
v -0.4008330567909556 -0.007352941176470562 -0.5643916321453453
v 0.4058823529411766 -0.04677950149883736 -0.5490897454960098
v 0.4058823529411766 -0.007352941176470562 -0.5588487025047144
v 0.4435351488831675 -0.007352941176470562 -0.5214285714285715
v 0.43056751392393494 -0.049380884716355176 -0.5214285714285715
v -0.40588235294117647 0.0034266774340724494 -0.5602942993240317
v -0.4348785335421429 0.030457700562993142 -0.5413296767478684
v -0.40588235294117647 0.05882352941176472 -0.5661624727295462
v -0.43621960432339546 0.05882352941176472 -0.5422501011039453
v -0.4508074744271465 0.05882352941176472 -0.5214285714285715
v -0.4470328302497598 0.018567627696846174 -0.5214285714285715
v -0.40125446679016813 -0.0028256612461363345 -0.5646808607472893
v -0.4049288458990636 0.05882352941176472 -0.567202717216438
v 0.4058823529411766 0.0034266774340726107 -0.5602942993240316
v 0.4058823529411766 0.05882352941176472 -0.5661624727295461
v 0.4508074744271465 0.05882352941176472 -0.5214285714285715
v 0.447492799801446 0.03335293075205404 -0.5214285714285715
v -0.40588235294117647 0.061441557844321634 -0.5660203673536665
v -0.4348258666719468 0.09668569308946379 -0.5412935296102492
v -0.40588235294117647 0.125 -0.5631543840017574
v -0.4342513210790248 0.125 -0.5408991986287718
v -0.4478194698847246 0.125 -0.5214285714285715
v -0.4495275378008912 0.08230362350680073 -0.5214285714285715
v -0.4048923413870992 0.059792018975536 -0.5671776628774811
v -0.4032406140864297 0.125 -0.5660440239537297
v 0.4058823529411766 0.06144155784432177 -0.5660203673536663
v 0.4058823529411766 0.125 -0.5631543840017573
v 0.44781946988472454 0.125 -0.5214285714285715
v 0.44913959150056354 0.10114039321986079 -0.5214285714285715
v -0.40588235294117647 0.13506407317789618 -0.5607963169132856
v -0.42700027262767926 0.17051763611230863 -0.5359225473624756
v -0.40588235294117647 0.19117647058823528 -0.5493992727687518
v -0.42513207702808997 0.19117647058823528 -0.534640338581391
v -0.43410052046325165 0.19117647058823528 -0.5214285714285715
v -0.44012371203829787 0.15767948886279037 -0.5214285714285715
v -0.40273684240367763 0.12807712987364017 -0.565698267612462
v -0.39559123248328265 0.19117647058823528 -0.560793982542874
v 0.4058823529411766 0.13506407317789637 -0.5607963169132854
v 0.4058823529411766 0.19117647058823528 -0.5493992727687517
v 0.43410052046325165 0.19117647058823528 -0.5214285714285715
v 0.44190221313274597 0.16023681975262236 -0.5214285714285715
v -0.4068514066854414 0.2564049538179505 -0.5220936673213744
v -0.40588235294117647 0.2538809202488158 -0.5238644972222594
v -0.40588235294117647 0.25735294117647056 -0.5225878318843722
v -0.4067016802269787 0.25735294117647056 -0.5219909047520569
v -0.4070613918838256 0.25735294117647056 -0.5214285714285715
v -0.40760626216391677 0.25566650824118115 -0.5214285714285715
v -0.39157331606553825 0.20517444144483793 -0.5580363442561613
v -0.3810479941406636 0.25735294117647056 -0.5508124431834989
v 0.4058823529411766 0.25388092024881614 -0.5238644972222591
v 0.4058823529411766 0.25735294117647056 -0.5225878318843721
v 0.40706139188382556 0.25735294117647056 -0.5214285714285715
v 0.42798993488582604 0.21280345292539246 -0.5214285714285715
v -0.40588235294117647 0.2593795379396935 -0.5214285714285715
v -0.3644199104915769 0.29791402618151364 -0.5394000006790015
v -0.3382352941176471 0.32352941176470584 -0.5469279651373837
v -0.3570552296001256 0.32352941176470584 -0.5343453594460489
v -0.3678588757091714 0.32352941176470584 -0.5214285714285715
v -0.32495385987752273 0.32352941176470584 -0.5587416243258774
v 0.33823529411764697 0.32352941176470584 -0.5469279651373838
v 0.4058823529411766 0.2593795379396933 -0.5214285714285715
v 0.3596829713302531 0.2783343645366287 -0.5531368426584288
v 0.3678588757091715 0.32352941176470584 -0.5214285714285715
v 0.38424732923979843 0.3023647146655316 -0.5214285714285715
v 0.40674734779629906 0.25819913179561216 -0.5214285714285715
v -0.3382352941176471 0.3587122968293504 -0.5214285714285715
v -0.3084938224458709 0.3526243297044868 -0.5474445178898679
v -0.2705882352941176 0.3897058823529411 -0.5479721263746234
v -0.2917778298011102 0.3897058823529411 -0.5359717403293335
v -0.30731050285233275 0.3897058823529411 -0.5214285714285715
v -0.25600128796726296 0.3897058823529411 -0.5578456044744259
v 0.2705882352941176 0.3897058823529411 -0.5479721263746234
v 0.33823529411764697 0.35871229682935063 -0.5214285714285715
v 0.3084791252686714 0.3605965867398128 -0.5418512835888932
v 0.3073105028523328 0.3897058823529411 -0.5214285714285715
v 0.3241826464357418 0.37595872701194694 -0.5214285714285715
v 0.356842042751737 0.3417316658632721 -0.5214285714285715
v -0.2705882352941176 0.42020568751704696 -0.5214285714285715
v -0.21476221673854173 0.4443182918094828 -0.529541769873347
v -0.2029411764705883 0.4558823529411764 -0.5260952551160564
v -0.2070741810955041 0.4558823529411764 -0.5242651988264174
v -0.21101943212850036 0.4558823529411764 -0.5214285714285715
v -0.1352941176470588 0.4558823529411764 -0.5540368272160762
v -0.16715722339863717 0.4558823529411764 -0.5432973489785677
v -0.12094493821935193 0.4558823529411764 -0.5580087930014807
v 0.1352941176470588 0.4558823529411764 -0.5540368272160762
v 0.2029411764705884 0.4558823529411764 -0.5260952551160563
v 0.18748690458210454 0.4558823529411764 -0.5320353853644563
v 0.22747622228879177 0.4137075576098793 -0.551017872280053
v 0.2705882352941176 0.42020568751704696 -0.5214285714285715
v 0.21101943212850036 0.4558823529411764 -0.5214285714285715
v 0.2502714302966196 0.43600721761753697 -0.5214285714285715
v 0.28990565934137247 0.4086033623991687 -0.5214285714285715
v -0.2029411764705883 0.4605466254566422 -0.5214285714285715
v -0.1352941176470588 0.4882105791603832 -0.5214285714285715
v -0.195700829499257 0.46296530106530487 -0.5214285714285715
v -0.0676470588235294 0.5030877248788768 -0.5214285714285715
v -0.0676470588235294 0.4602996839531519 -0.564757999512233
v -0.09386061579635545 0.4964151264907775 -0.5214285714285715
v -0.06188809599842293 0.4615161209222588 -0.5639045627815263
v 0 0.5078207853384932 -0.5214285714285715
v 0 0.47583237493553154 -0.5538604607595159
v -0.015964817328990195 0.5064410674467039 -0.5214285714285715
v 0.016850380652632356 0.47236642097092546 -0.5562921300489697
v 0.0676470588235294 0.5030877248788768 -0.5214285714285715
v 0.0676470588235294 0.4602996839531519 -0.564757999512233
v 0.04986338394222875 0.5046617502759654 -0.5214285714285715
v 0.07044960008048505 0.4586239693881982 -0.5659336595720894
v 0.1352941176470588 0.4882105791603832 -0.5214285714285715
v 0.10827370464560553 0.4956258108105987 -0.5214285714285715
v 0.2029411764705884 0.46054662545664216 -0.5214285714285715
v 0.16077295112377793 0.480807298733619 -0.5214285714285715
v 0.20639449785589004 0.4592606021224498 -0.5214285714285715
v -0.14891230590609023 -0.35155743480582996 -0.4843466447367887
v -0.1352941176470588 -0.3560992412255185 -0.47500000000000003
v -0.1352941176470588 -0.35434222099933954 -0.4863004153677906
v -0.16654679430850594 -0.3382352941176471 -0.4964498184539746
v -0.17862001360190055 -0.3382352941176471 -0.47500000000000003
v -0.14998112154114876 -0.3526030153183872 -0.47500000000000003
v -0.09454708357207099 -0.36455053571948126 -0.4934624393460488
v -0.0676470588235294 -0.3713555049853932 -0.47500000000000003
v -0.0676470588235294 -0.36803173526761623 -0.4959048047433117
v -0.09683237043095941 -0.3667861424292634 -0.47500000000000003
v -0.033250561409205154 -0.37076301723534777 -0.4978210374889266
v 0 -0.37610726356609636 -0.47500000000000003
v 0 -0.3722512098489465 -0.49886513452894343
v -0.036652679804305144 -0.3740911765349021 -0.47500000000000003
v 0.03567621906435546 -0.36951111562118677 -0.49694271921359456
v 0.0676470588235294 -0.3713555049853932 -0.47500000000000003
v 0.0676470588235294 -0.36803173526761623 -0.4959048047433117
v 0.03170485338409791 -0.373396147264917 -0.47500000000000003
v 0.11599740550489465 -0.35711251251759024 -0.48824401671869033
v 0.1352941176470588 -0.3560992412255185 -0.47500000000000003
v 0.1352941176470588 -0.35434222099933954 -0.4863004153677906
v 0.11310185882478252 -0.3599451125307434 -0.47500000000000003
v 0.15284715165183332 -0.3382352941176471 -0.509381302748276
v 0.17862001360190052 -0.3382352941176471 -0.47500000000000003
v -0.28230138216835887 -0.28351733677595214 -0.4830391473888426
v -0.2705882352941176 -0.29040816502488226 -0.47500000000000003
v -0.2705882352941176 -0.28830376545642455 -0.48639724497101533
v -0.29029042116414444 -0.2720588235294118 -0.48852230769340355
v -0.29387735607174714 -0.2720588235294118 -0.47500000000000003
v -0.28315052617541353 -0.2843480211306796 -0.47500000000000003
v -0.24059213901602655 -0.30889128688907974 -0.5008411885793226
v -0.2029411764705883 -0.32901742594317307 -0.47500000000000003
v -0.2029411764705883 -0.3216023699317955 -0.5097591230315137
v -0.24331316319721877 -0.3115531583706808 -0.47500000000000003
v -0.19128285294642738 -0.32683041240922883 -0.5134270512458399
v -0.19677049195701457 -0.33219875491958584 -0.47500000000000003
v 0.2029411764705884 -0.329017425943173 -0.47500000000000003
v 0.2029411764705884 -0.3216023699317955 -0.5097591230315136
v 0.24111544847107624 -0.3008908975954306 -0.49522821704314335
v 0.2705882352941176 -0.29040816502488226 -0.47500000000000003
v 0.2705882352941176 -0.28830376545642455 -0.48639724497101533
v 0.2289430267497477 -0.312798701453252 -0.47500000000000003
v 0.2747230052949385 -0.2720588235294118 -0.5185907323907409
v 0.2938773560717472 -0.2720588235294118 -0.47500000000000003
v -0.3526000489819346 -0.21993483052580562 -0.484859039829216
v -0.3382352941176471 -0.23220325462134303 -0.47500000000000003
v -0.3382352941176471 -0.22843255079970362 -0.4908209324658238
v -0.35941689940258853 -0.20588235294117652 -0.4895376856148201
v -0.36246381166813224 -0.20588235294117652 -0.47500000000000003
v -0.3536047475963453 -0.22091768786599 -0.47500000000000003
v -0.31636568956906796 -0.2506646451666714 -0.506418687561379
v -0.31982473555720486 -0.2540484945028923 -0.47500000000000003
v 0.33823529411764697 -0.23220325462134317 -0.47500000000000003
v 0.33823529411764697 -0.22843255079970373 -0.49082093246582387
v 0.34700168547333043 -0.20588235294117652 -0.5154118866782421
v 0.3624638116681323 -0.20588235294117652 -0.47500000000000003
v -0.40668706257028864 -0.1404930982944639 -0.4755523007081795
v -0.40588235294117647 -0.14147724335376466 -0.47500000000000003
v -0.40588235294117647 -0.14116006085794475 -0.4760202331733518
v -0.40588235294117647 -0.13970588235294112 -0.47865732639251324
v -0.40693600483037906 -0.13970588235294112 -0.4757231585947633
v -0.40706513688248497 -0.13970588235294112 -0.47500000000000003
v -0.406756371280615 -0.14056090029369617 -0.47500000000000003
v -0.3800763543861695 -0.18063735435475659 -0.5037170009917499
v -0.39644845501086806 -0.13970588235294112 -0.5149537532838567
v -0.38321809315132155 -0.18371079445110097 -0.47500000000000003
v 0.4058823529411766 -0.14116006085794452 -0.4760202331733516
v 0.4058823529411766 -0.14147724335376438 -0.47500000000000003
v 0.4058823529411766 -0.13970588235294112 -0.4786573263925127
v 0.4070651368824849 -0.13970588235294112 -0.47500000000000003
v -0.40588235294117647 -0.1231491962720593 -0.5098126107178576
v -0.4300137026281853 -0.09713616689330143 -0.4915621996299036
v -0.4359083022905661 -0.07352941176470584 -0.4956078720689911
v -0.439847384258693 -0.07352941176470584 -0.47500000000000003
v -0.4318675293312816 -0.09894969301589565 -0.47500000000000003
v -0.3997296063051488 -0.13368689107856624 -0.5172057235821053
v 0.4058823529411766 -0.12314919627205909 -0.5098126107178574
v 0.42814665230309185 -0.07352941176470584 -0.5061477945373191
v 0.439847384258693 -0.07352941176470584 -0.47500000000000003
v 0.4077742352217012 -0.13785512794808008 -0.47500000000000003
v -0.4449124917804187 -0.0455345987365989 -0.5017877660977409
v -0.45111691754086275 -0.007352941176470562 -0.5060460831569277
v -0.45791020424244916 -0.007352941176470562 -0.47500000000000003
v -0.4486887622144413 -0.0492287763350993 -0.47500000000000003
v 0.43880847605829904 -0.04131907393273813 -0.49883020742582584
v 0.4515077205734995 -0.007352941176470562 -0.4901142663144615
v 0.45791020424244916 -0.007352941176470562 -0.47500000000000003
v 0.45059227947256913 -0.029791440157908647 -0.47500000000000003
v -0.45374028683788103 0.012005985382379729 -0.5078465943825209
v -0.4569445092404159 0.05882352941176472 -0.5100457656587949
v -0.46552356781117654 0.05882352941176472 -0.47500000000000003
v -0.459976658717498 0.005905186804493579 -0.47500000000000003
v 0.45963020359678863 0.04522647794315008 -0.48453951864940903
v 0.4618339928042958 0.05882352941176472 -0.483026980093946
v 0.46552356781117654 0.05882352941176472 -0.47500000000000003
v 0.4641563295512599 0.04965420985513287 -0.47500000000000003
v -0.4564521810207576 0.07552951600910533 -0.5097078633713896
v -0.4550280040676206 0.125 -0.5087304003072801
v -0.46397043114817466 0.125 -0.47500000000000003
v -0.46524459124909795 0.06692824513355496 -0.47500000000000003
v 0.4601534924320182 0.11191486152237079 -0.48418036699541606
v 0.4592324792111788 0.125 -0.4848124909761785
v 0.46397043114817466 0.125 -0.47500000000000003
v 0.4642856316806037 0.11595717165685669 -0.47500000000000003
v -0.45103233825444133 0.1470080066948239 -0.5059880333982347
v -0.44535780168420835 0.19117647058823528 -0.5020933980503418
v -0.45302951635383093 0.19117647058823528 -0.47500000000000003
v -0.4614305783824841 0.13683581526521688 -0.47500000000000003
v 0.4499529325954574 0.16811252357484008 -0.4911813723490805
v 0.44242208853771714 0.19117647058823528 -0.4963500572458525
v 0.45302951635383093 0.19117647058823528 -0.47500000000000003
v 0.4568018846221302 0.17481258534006353 -0.47500000000000003
v -0.4322329873719726 0.2315751466246048 -0.4930853733205154
v -0.4263172178745482 0.25735294117647056 -0.48902517127414646
v -0.4307020038099286 0.25735294117647056 -0.47500000000000003
v -0.4404871734655072 0.22350039935919047 -0.47500000000000003
v 0.43253105065667646 0.2172458487881809 -0.5031386267232127
v 0.4074517271586698 0.25735294117647056 -0.52035145434141
v 0.4307020038099286 0.25735294117647056 -0.47500000000000003
v 0.4437637582177219 0.22823436705442104 -0.47500000000000003
v -0.40588235294117647 0.3019977080801948 -0.47500000000000003
v -0.40588235294117647 0.2625358545155616 -0.5177923052446377
v -0.3812197182776201 0.32352941176470584 -0.5045017321097952
v -0.39398946623445924 0.32352941176470584 -0.47500000000000003
v 0.3958165461447691 0.3136824268551768 -0.4819085195714474
v 0.4058823529411766 0.30199770808019455 -0.47500000000000003
v 0.4058823529411766 0.26253585451556105 -0.5177923052446382
v 0.3840295610307086 0.32352941176470584 -0.48999834475842674
v 0.39398946623445924 0.32352941176470584 -0.47500000000000003
v 0.39900993394575945 0.3168063931822326 -0.47500000000000003
v 0.4069355881679775 0.2583832799852975 -0.5207056988039659
v 0.42471907750812293 0.2757801717310921 -0.47500000000000003
v -0.34296309732942254 0.38508085747185644 -0.4782448587260944
v -0.3382352941176471 0.3897058823529411 -0.4795815674032092
v -0.34062336756695893 0.3897058823529411 -0.4766390193549625
v -0.3414367690962757 0.3897058823529411 -0.47500000000000003
v -0.3496088923950019 0.3785795362120505 -0.47500000000000003
v -0.3201308797962244 0.3897058823529411 -0.5090028709160422
v 0.33823529411764697 0.3897058823529411 -0.47958156740320934
v 0.3612329134096979 0.3460270828112773 -0.5056444911070086
v 0.3414367690962757 0.3897058823529411 -0.47500000000000003
v 0.37445173223130607 0.35895853600632877 -0.47500000000000003
v -0.3382352941176471 0.3930226156704678 -0.47500000000000003
v -0.2705882352941176 0.44534523537316095 -0.48239270788105215
v -0.2705882352941176 0.4508569401901092 -0.47500000000000003
v -0.31608540274307134 0.4113742543498087 -0.47500000000000003
v -0.23988075638820028 0.4558823529411764 -0.5003529414962493
v -0.2625637775851704 0.4558823529411764 -0.47500000000000003
v 0.2661924315928309 0.45158211018991773 -0.47801699570802597
v 0.2705882352941176 0.4508569401901092 -0.47500000000000003
v 0.2705882352941176 0.44534523537316095 -0.48239270788105215
v 0.23377587934150856 0.4558823529411764 -0.5002656231848653
v 0.26256377758517035 0.4558823529411764 -0.47500000000000003
v 0.2678027451134942 0.45315741689491446 -0.47500000000000003
v 0.33823529411764697 0.3930226156704679 -0.47500000000000003
v 0.29521056493999664 0.4137929439630402 -0.504529394870375
v 0.3090621441511808 0.4273434018870247 -0.47500000000000003
v 0.34032258443423735 0.3917477967930839 -0.47500000000000003
v -0.2029411764705883 0.4920257035655313 -0.47500000000000003
v -0.2029411764705883 0.4637878817574448 -0.515882152798745
v -0.17705081573425843 0.4812098797484556 -0.5036591002399724
v -0.1352941176470588 0.5164329458069816 -0.47500000000000003
v -0.1352941176470588 0.5109192099361246 -0.48281541144163953
v -0.14570139125261292 0.5118777950022392 -0.47500000000000003
v -0.0676470588235294 0.5220588235294117 -0.48981170184281697
v -0.08257163453352023 0.5220588235294117 -0.48524326469536644
v -0.10784381635028273 0.5220588235294117 -0.47500000000000003
v 0 0.5220588235294117 -0.4979054560478955
v -0.028957437869505012 0.5220588235294117 -0.4948745148110578
v 0.0676470588235294 0.5220588235294117 -0.48981170184281697
v 0.042030195565103574 0.5220588235294117 -0.4925817601866836
v 0.1275875099378835 0.5145197507704359 -0.4802893177134402
v 0.1352941176470588 0.5164329458069816 -0.47500000000000003
v 0.1352941176470588 0.5109192099361246 -0.48281541144163953
v 0.10784381635028273 0.5220588235294117 -0.47500000000000003
v 0.13085616288865765 0.517717346048367 -0.47500000000000003
v 0.17043514236885737 0.4902594423429358 -0.49731004203876567
v 0.2029411764705884 0.49202570356553127 -0.47500000000000003
v 0.2029411764705884 0.4637878817574447 -0.5158821527987452
v 0.18277825350167096 0.5023342249728621 -0.47500000000000003
v 0.20757034762233545 0.4604108899374507 -0.5182514073772171
v 0.2296300101913007 0.48199099462448197 -0.47500000000000003
v -0.0676470588235294 0.5322723992108784 -0.47500000000000003
v 0 0.5377275468133548 -0.47500000000000003
v -0.05664746758409687 0.5328192932201609 -0.47500000000000003
v 0.0676470588235294 0.5322723992108784 -0.47500000000000003
v 0.01527161373377488 0.5369984456602784 -0.47500000000000003
v 0.07684179490609502 0.5310536740449651 -0.47500000000000003
v -0.0686310182690761 -0.4715508043169351 -0.4292467547747386
v -0.0676470588235294 -0.47274381231885776 -0.4285714285714286
v -0.0676470588235294 -0.471564429234876 -0.42925631384415114
v -0.0676470588235294 -0.47058823529411764 -0.42938709967568756
v -0.06878389611564263 -0.47058823529411764 -0.42935168025328274
v -0.0791530706068926 -0.47058823529411764 -0.4285714285714286
v -0.06957567986351093 -0.47247492978975175 -0.4285714285714286
v -0.002923620369327848 -0.4734482986988949 -0.4305780127379549
v 0 -0.47698707604906754 -0.4285714285714286
v 0 -0.47346383163042705 -0.4305889104454742
v 0 -0.47058823529411764 -0.43099207022612507
v -0.003462809377887635 -0.47058823529411764 -0.4309480772438298
v -0.00623802104481859 -0.476690647185788 -0.4285714285714286
v 0.06664359003472907 -0.471569889544031 -0.429260144727717
v 0.0676470588235294 -0.47274381231885776 -0.4285714285714286
v 0.0676470588235294 -0.471564429234876 -0.42925631384415114
v 0.0676470588235294 -0.47058823529411764 -0.42938709967568756
v 0.06643582177496965 -0.47058823529411764 -0.4294027434401606
v 0.06532914721070754 -0.47285575752405207 -0.4285714285714286
v 0.0791530706068926 -0.47058823529411764 -0.4285714285714286
v -0.2726567784224001 -0.4064353395052892 -0.4299911429545045
v -0.2705882352941176 -0.409524459729082 -0.4285714285714286
v -0.2705882352941176 -0.40651741318838286 -0.43004872480835754
v -0.2705882352941176 -0.40441176470588236 -0.4303192351920367
v -0.2728568686603463 -0.40441176470588236 -0.4301284719687471
v -0.27918401444486735 -0.40441176470588236 -0.4285714285714286
v -0.274156502642129 -0.40790246102458916 -0.4285714285714286
v -0.21683104763269379 -0.4179996821470725 -0.43810453890318424
v -0.2029411764705883 -0.44057606294196383 -0.4285714285714286
v -0.2029411764705883 -0.41864363431552776 -0.43855632756740204
v -0.2029411764705883 -0.40441176470588236 -0.441374137643246
v -0.21885230955394902 -0.40441176470588236 -0.4394918025199464
v -0.2297944166816429 -0.4306812388253924 -0.4285714285714286
v -0.15656394690203426 -0.42521920636835836 -0.4431696654203403
v -0.1352941176470588 -0.46090096534969555 -0.4285714285714286
v -0.1352941176470588 -0.42606478390056 -0.44376291187944056
v -0.1352941176470588 -0.40441176470588236 -0.4499002914819533
v -0.1616257708609134 -0.40441176470588236 -0.44664377441075115
v -0.18051971071782416 -0.4486541927098919 -0.4285714285714286
v -0.0676470588235294 -0.4301836755972464 -0.4466526739904491
v -0.09326884160963003 -0.4294765522140243 -0.446156565204125
v -0.0676470588235294 -0.40441176470588236 -0.4557078569469667
v -0.10253986319699057 -0.40441176470588236 -0.4525195955482451
v -0.12715393758373933 -0.4626250156669573 -0.4285714285714286
v 0 -0.4315507155578703 -0.4476117718675852
v -0.02742609085636212 -0.4312416361958018 -0.44739492571197526
v 0 -0.40441176470588236 -0.4578131576138116
v -0.04062845343606926 -0.40441176470588236 -0.456456174563265
v 0.0676470588235294 -0.4301836755972464 -0.4466526739904491
v 0.04099069266747195 -0.43048864464115594 -0.44686663639903323
v 0.0676470588235294 -0.40441176470588236 -0.4557078569469667
v 0.026103247176871455 -0.40441176470588236 -0.45708441731028393
v 0.11248206573004252 -0.42672790245078956 -0.44422814743372857
v 0.1352941176470588 -0.46090096534969555 -0.4285714285714286
v 0.1352941176470588 -0.42606478390056 -0.44376291187944056
v 0.1352941176470588 -0.40441176470588236 -0.4499002914819533
v 0.09952557758744013 -0.40441176470588236 -0.4531206439539619
v 0.1877121350349723 -0.4193097400233329 -0.4390236588735129
v 0.2029411764705884 -0.4405760629419638 -0.4285714285714286
v 0.2029411764705884 -0.41864363431552776 -0.43855632756740204
v 0.2029411764705884 -0.40441176470588236 -0.44137413764324596
v 0.180163429178904 -0.40441176470588236 -0.4442046029548517
v 0.15038183523085763 -0.4558285115708362 -0.4285714285714286
v 0.26831021526274856 -0.4066402625626564 -0.4301349143693558
v 0.2705882352941176 -0.409524459729082 -0.4285714285714286
v 0.2705882352941176 -0.40651741318838286 -0.43004872480835754
v 0.2705882352941176 -0.40441176470588236 -0.4303192351920367
v 0.2674635747367289 -0.40441176470588236 -0.4307159937365929
v 0.2615981078648629 -0.41320645458232713 -0.4285714285714286
v 0.27918401444486735 -0.40441176470588236 -0.4285714285714286
v -0.34832754812076044 -0.3481081512946058 -0.4354980997971679
v -0.3382352941176471 -0.3675667490354673 -0.4285714285714286
v -0.3382352941176471 -0.3487905599308712 -0.4359768690308652
v -0.3382352941176471 -0.3382352941176471 -0.4376251259299944
v -0.3492844419159049 -0.3382352941176471 -0.436154849886382
v -0.3746930434628752 -0.3382352941176471 -0.4285714285714286
v -0.3562804293470198 -0.3558881437985552 -0.4285714285714286
v -0.2705882352941176 -0.3626678110204129 -0.44571297217622624
v -0.2937071099272775 -0.36085158451965127 -0.44443873072648554
v -0.2705882352941176 -0.3382352941176471 -0.4530475074671426
v -0.2975514301414653 -0.3382352941176471 -0.4470772237927449
v -0.3169492435067209 -0.38358845432562855 -0.4285714285714286
v -0.2029411764705883 -0.37316792868712356 -0.45307972139636293
v -0.2350429657927703 -0.3696392184545643 -0.45060402310621817
v -0.2029411764705883 -0.3382352941176471 -0.46932552319374715
v -0.24572169965837254 -0.3382352941176471 -0.45793321622515637
v -0.1352941176470588 -0.38152203051566197 -0.4589408531554327
v -0.1749686897553996 -0.3770473755279804 -0.455801492037091
v -0.1962506451223543 -0.3382352941176471 -0.47040805146596365
v -0.0676470588235294 -0.3871230268619635 -0.4628704410682347
v -0.11376124415783614 -0.3833469971620776 -0.4602212265803783
v 0 -0.3891191623994485 -0.4642709044135814
v -0.05048105250789142 -0.3876189324405843 -0.4632183621249814
v 0.0676470588235294 -0.3871230268619635 -0.4628704410682347
v 0.016108527388952142 -0.3886534226949509 -0.4639441473510608
v 0.1352941176470588 -0.38152203051566197 -0.4589408531554327
v 0.08699138324137862 -0.3854879690797255 -0.46172330529085504
v 0.2029411764705884 -0.37316792868712356 -0.4530797213963629
v 0.16245361434908406 -0.3778426918452055 -0.45635947586600134
v 0.2029411764705884 -0.3382352941176471 -0.4693255231937471
v 0.2705882352941176 -0.3626678110204129 -0.44571297217622624
v 0.24216611543552818 -0.36603954180539766 -0.4480785356793425
v 0.2705882352941176 -0.3382352941176471 -0.4530475074671426
v 0.21490458818826308 -0.3382352941176471 -0.46678908698880095
v 0.32631390185010856 -0.3498975256837173 -0.43675350214635406
v 0.33823529411764697 -0.3675667490354674 -0.4285714285714286
v 0.33823529411764697 -0.3487905599308712 -0.43597686903086524
v 0.33823529411764697 -0.3382352941176471 -0.4376251259299945
v 0.3186492085966206 -0.3382352941176471 -0.4420140524849281
v 0.3746930434628752 -0.3382352941176471 -0.4285714285714286
v -0.41706208704672715 -0.28299551993701577 -0.436244475892319
v -0.40588235294117647 -0.30966019594495287 -0.4285714285714286
v -0.40588235294117647 -0.283981873776491 -0.43693648922096673
v -0.40588235294117647 -0.2720588235294118 -0.4387129877187459
v -0.41792495320234496 -0.2720588235294118 -0.43683669148359705
v -0.44076594933208757 -0.2720588235294118 -0.4285714285714286
v -0.42594042385753655 -0.29168084942585104 -0.4285714285714286
v -0.3382352941176471 -0.30142013491855413 -0.4491709518000015
v -0.3647027822333271 -0.297950931468664 -0.4467370027129357
v -0.3382352941176471 -0.2720588235294118 -0.4586293540696173
v -0.3686600621017917 -0.2720588235294118 -0.44945302398911796
v -0.3919300666062834 -0.32458631835525165 -0.4285714285714286
v -0.2705882352941176 -0.31724601766243876 -0.46027419016952054
v -0.308561661081978 -0.30920674006101434 -0.45463393509042593
v -0.3210927073528949 -0.2720588235294118 -0.4632344357918937
v -0.2029411764705883 -0.33311351509568476 -0.471406624876655
v -0.25304267838842603 -0.3210711623620793 -0.4629578631175223
v -0.19856681139733257 -0.33395602393728824 -0.47199771838139903
v 0.2029411764705884 -0.3331135150956847 -0.471406624876655
v 0.20971443834627107 -0.3316092770653488 -0.4703512705760066
v 0.2705882352941176 -0.31724601766243876 -0.46027419016952054
v 0.33823529411764697 -0.30142013491855413 -0.4491709518000015
v 0.2994761640749195 -0.3099753637886017 -0.45517319173739995
v 0.33823529411764697 -0.2720588235294118 -0.45862935406961736
v 0.39138787802060193 -0.28623820116910437 -0.43851949986784783
v 0.4058823529411766 -0.30966019594495275 -0.4285714285714286
v 0.4058823529411766 -0.283981873776491 -0.43693648922096673
v 0.4058823529411766 -0.2720588235294118 -0.4387129877187459
v 0.37979260199818987 -0.2720588235294118 -0.4464777483180126
v 0.4407659493320876 -0.2720588235294118 -0.4285714285714286
v -0.4793272076800699 -0.21155410981490233 -0.43255066117172514
v -0.47352941176470575 -0.22826361802106493 -0.4285714285714286
v -0.47352941176470575 -0.21211381924651057 -0.4329433462015201
v -0.47352941176470575 -0.20588235294117652 -0.43358945120824394
v -0.479622788482535 -0.20588235294117652 -0.43275352874111883
v -0.4889889453805054 -0.20588235294117652 -0.4285714285714286
v -0.48365917872222625 -0.21579190757353353 -0.4285714285714286
v -0.40588235294117647 -0.2342914932786999 -0.44850292068124664
v -0.4307934345210044 -0.23025188926926907 -0.44566878580478875
v -0.40588235294117647 -0.20588235294117652 -0.45587584596208447
v -0.43325108733428896 -0.20588235294117652 -0.44735555994061454
v -0.45602978018650103 -0.2549396187246463 -0.4285714285714286
v -0.3382352941176471 -0.2556891110574535 -0.4635152175990388
v -0.37715135686783763 -0.24395241432723247 -0.4552809002105345
v -0.38693843251766236 -0.20588235294117652 -0.4619981167279608
v -0.3255802635514363 -0.25967890232333607 -0.46631440448716593
v 0.33823529411764697 -0.2556891110574535 -0.46351521759903885
v 0.4058823529411766 -0.23429149327869989 -0.4485029206812466
v 0.3633856603609915 -0.24745520437831398 -0.45773841323049963
v 0.4058823529411766 -0.20588235294117652 -0.45587584596208447
v 0.4655281258781474 -0.21370969783020105 -0.4340629943507125
v 0.47352941176470575 -0.22826361802106493 -0.4285714285714286
v 0.47352941176470575 -0.21211381924651057 -0.4329433462015201
v 0.47352941176470575 -0.20588235294117652 -0.43358945120824394
v 0.45980080645892607 -0.20588235294117652 -0.43799385643657557
v 0.4889889453805054 -0.20588235294117652 -0.4285714285714286
v -0.47352941176470575 -0.1600871527376398 -0.4428706690635505
v -0.4915663839471345 -0.15735074644444746 -0.4409508411562632
v -0.47352941176470575 -0.13970588235294112 -0.4460738886891233
v -0.4926185811777926 -0.13970588235294112 -0.4416730013673671
v -0.5242379033748403 -0.13970588235294112 -0.4285714285714286
v -0.5087780826249347 -0.17418827775968687 -0.4285714285714286
v -0.40588235294117647 -0.18535527386179046 -0.46059846197922444
v -0.440665144312895 -0.17373252608614417 -0.45244408973027894
v -0.4457929901218412 -0.13970588235294112 -0.45596351185381034
v -0.39085476731611646 -0.19118145396013955 -0.4646860359529868
v 0.4058823529411766 -0.18535527386179043 -0.46059846197922444
v 0.47352941176470575 -0.1600871527376398 -0.4428706690635505
v 0.440839465629582 -0.17168517748512757 -0.4510076959498832
v 0.47352941176470575 -0.13970588235294112 -0.4460738886891233
v 0.5242379033748403 -0.13970588235294112 -0.4285714285714286
v 0.5039075508636671 -0.17616460817045335 -0.4285714285714286
v -0.5445848324247412 -0.07686367877867901 -0.4309107079685336
v -0.5411764705882353 -0.09439439687171666 -0.4285714285714286
v -0.5411764705882353 -0.07730286177581479 -0.4312188331823971
v -0.5411764705882353 -0.07352941176470584 -0.43145162242692375
v -0.5446795513899794 -0.07352941176470584 -0.4309757169477809
v -0.5491709800933849 -0.07352941176470584 -0.4285714285714286
v -0.5474143173582033 -0.07963165317010944 -0.4285714285714286
v -0.47352941176470575 -0.10602889192551046 -0.45137265116043757
v -0.49959845475035813 -0.09903173642458316 -0.44646353571375524
v -0.47352941176470575 -0.07352941176470584 -0.456865507485322
v -0.5010481705191399 -0.07352941176470584 -0.44745852697121097
v -0.5294619078337667 -0.12824598400617837 -0.4285714285714286
v -0.4498353428157459 -0.1165269018593934 -0.4587379216219872
v -0.45661398246958296 -0.07352941176470584 -0.4633903420055213
v 0.47352941176470575 -0.10602889192551046 -0.45137265116043757
v 0.47352941176470575 -0.07352941176470584 -0.456865507485322
v 0.5354165656891966 -0.07916410133985222 -0.43252465522573763
v 0.5411764705882351 -0.09439439687171697 -0.4285714285714286
v 0.5411764705882351 -0.07730286177581486 -0.4312188331823971
v 0.5411764705882351 -0.07352941176470584 -0.4314516224269238
v 0.5323286994551775 -0.07352941176470584 -0.43464396714411724
v 0.5491709800933849 -0.07352941176470584 -0.4285714285714286
v -0.5411764705882353 -0.019116291782027686 -0.43682444598040676
v -0.5514232211128256 -0.017376936254874208 -0.4356041362296102
v -0.5411764705882353 -0.007352941176470562 -0.43751896833569687
v -0.5516709794918194 -0.007352941176470562 -0.4357741815766836
v -0.5657773062847136 -0.007352941176470562 -0.4285714285714286
v -0.5617832585202264 -0.02751175545776624 -0.4285714285714286
v -0.47352941176470575 -0.05125928585608008 -0.45937556245775785
v -0.5049346673781373 -0.038075473841784016 -0.4501259673620136
v -0.47352941176470575 -0.007352941176470562 -0.46534943868700307
v -0.506607627216417 -0.007352941176470562 -0.4512741789280378
v -0.4584411734333097 -0.05876917861442706 -0.4646444078532965
v -0.46478208762450646 -0.007352941176470562 -0.46899640175470797
v 0.47352941176470575 -0.05125928585608008 -0.45937556245775785
v 0.47352941176470575 -0.007352941176470562 -0.46534943868700307
v 0.5411764705882351 -0.019116291782027714 -0.4368244459804068
v 0.5188735877756817 -0.029170978710490195 -0.4438786866508519
v 0.5411764705882351 -0.007352941176470562 -0.4375189683356969
v 0.5082067103216139 -0.007352941176470562 -0.45119974229479287
v 0.5657773062847135 -0.007352941176470562 -0.4285714285714286
v 0.5512436515312692 -0.06368108258130299 -0.4285714285714286
v -0.5411764705882353 0.04258148013411072 -0.43996664409638586
v -0.5547142382185432 0.045580061077767825 -0.4378628777835344
v -0.5411764705882353 0.05882352941176472 -0.44050448972569123
v -0.5549001672887214 0.05882352941176472 -0.4379904874869796
v -0.5737379947132935 0.05882352941176472 -0.4285714285714286
v -0.5707915322678261 0.029852273420860657 -0.4285714285714286
v -0.47352941176470575 0.005315974432566307 -0.46611164968381863
v -0.5083455381301565 0.024764275358606418 -0.4524669687166603
v -0.47352941176470575 0.05882352941176472 -0.4697733173846609
v -0.5093849801451157 0.05882352941176472 -0.4531803745716478
v -0.465319410669098 0.0006785816344500664 -0.46936518558344936
v -0.46886805290682965 0.05882352941176472 -0.47180074438636455
v 0.47352941176470575 0.005315974432566307 -0.46611164968381863
v 0.47352941176470575 0.05882352941176472 -0.4697733173846609
v 0.5029995303971155 0.021476522703060743 -0.45477361423055107
v 0.5411764705882351 0.042581480134110686 -0.43996664409638586
v 0.5411764705882351 0.05882352941176472 -0.44050448972569123
v 0.4933215279833112 0.05882352941176472 -0.4614159699244975
v 0.5737379947132933 0.05882352941176472 -0.4285714285714286
v 0.5685844102336358 0.019459173694030017 -0.4285714285714286
v -0.5411764705882353 0.1079613466520781 -0.4405255313964786
v -0.5549261333496391 0.11154924295080057 -0.4380083089138828
v -0.5411764705882353 0.125 -0.4404530061763709
v -0.5549278814812773 0.125 -0.43800950871851646
v -0.5738071027131071 0.125 -0.4285714285714286
v -0.5737780540594563 0.09310714660424035 -0.4285714285714286
v -0.47352941176470575 0.0662675788402064 -0.46977734944861715
v -0.509399633025542 0.08990956615787765 -0.45319043136225096
v -0.47352941176470575 0.125 -0.46896357254334914
v -0.5092616503167116 0.125 -0.4530957289440785
v -0.46886079282781584 0.0633906566326353 -0.4717957615371035
v -0.4680918413324775 0.125 -0.47126800290210424
v 0.47352941176470575 0.0662675788402064 -0.46977734944861715
v 0.47352941176470575 0.125 -0.46896357254334914
v 0.4932883341635236 0.07815291001930393 -0.46143875201820267
v 0.5411764705882351 0.10796134665207804 -0.4405255313964786
v 0.5411764705882351 0.125 -0.44045300617637095
v 0.49566900730204333 0.125 -0.4598048117585354
v 0.573807102713107 0.125 -0.4285714285714286
v 0.5737670408666339 0.09070560903193725 -0.4285714285714286
v -0.551909539168429 0.1806767295858718 -0.43593791352864236
v -0.5411764705882353 0.17776389945345275 -0.43798151816122843
v -0.5411764705882353 0.19117647058823528 -0.43746908985065397
v -0.5517585534345315 0.19117647058823528 -0.4358342866740108
v -0.5659907898048087 0.19117647058823528 -0.4285714285714286
v -0.5687661819291663 0.16418653558080276 -0.4285714285714286
v -0.47352941176470575 0.13438725641268576 -0.4684140201041157
v -0.5075584711927428 0.1578871733216774 -0.4519267768124105
v -0.47352941176470575 0.19117647058823528 -0.4634804948254857
v -0.506379289658912 0.19117647058823528 -0.4511174627783217
v -0.4677195868922038 0.13068352433179545 -0.4710125115005499
v -0.46284551162266613 0.19117647058823528 -0.46766726108263745
v 0.47352941176470575 0.13438725641268576 -0.4684140201041157
v 0.47352941176470575 0.19117647058823528 -0.4634804948254857
v 0.5003816605695847 0.15126850426564237 -0.45657035097553345
v 0.5411764705882351 0.1777638994534527 -0.43798151816122843
v 0.5411764705882351 0.19117647058823528 -0.437469089850654
v 0.5119427713705502 0.19117647058823528 -0.4486355513264235
v 0.5659907898048087 0.19117647058823528 -0.4285714285714286
v 0.5709009045864392 0.15407825065041686 -0.4285714285714286
v -0.5449420842750207 0.2536691886567892 -0.4311559025614273
v -0.5411764705882353 0.2527153161576937 -0.43182512739412604
v -0.5411764705882353 0.25735294117647056 -0.4315702154300739
v -0.5448434038214418 0.25735294117647056 -0.43108817467248034
v -0.5495502515180505 0.25735294117647056 -0.4285714285714286
v -0.5516967191348527 0.24706139368521435 -0.4285714285714286
v -0.47352941176470575 0.21061099029994415 -0.461364987757817
v -0.5025041127946752 0.2290081249515005 -0.44845779170069333
v -0.47352941176470575 0.25735294117647056 -0.45508112001482914
v -0.501065157028653 0.25735294117647056 -0.44747018541407557
v -0.4614767579692053 0.2029671101707901 -0.46672783699128695
v -0.4544869778994289 0.25735294117647056 -0.4619305034651361
v 0.47352941176470575 0.21061099029994415 -0.461364987757817
v 0.47352941176470575 0.25735294117647056 -0.45508112001482914
v 0.5279994145499868 0.2444623428781841 -0.43761530864736925
v 0.5411764705882351 0.25271531615769366 -0.43182512739412604
v 0.5411764705882351 0.25735294117647056 -0.4315702154300739
v 0.5331899940736113 0.25735294117647056 -0.4340528301544468
v 0.5495502515180505 0.25735294117647056 -0.4285714285714286
v 0.5619904742574273 0.2115379959167928 -0.4285714285714286
v -0.5411764705882353 0.2793345997299651 -0.4285714285714286
v -0.47352941176470575 0.2933265761888305 -0.44976135448339194
v -0.49397202751228236 0.30353120070729395 -0.44260191950377153
v -0.47352941176470575 0.32352941176470584 -0.4452207583676947
v -0.4928013714904463 0.32352941176470584 -0.4417984568303996
v -0.5247552841062207 0.32352941176470584 -0.4285714285714286
v -0.4508641607635133 0.27952546932981104 -0.45944403580352944
v -0.40588235294117647 0.32352941176470584 -0.4692684976719755
v -0.44439114194388224 0.32352941176470584 -0.4550013738186273
v -0.4002663407869907 0.32352941176470584 -0.4711455320308228
v 0.4058823529411766 0.32352941176470584 -0.4692684976719754
v 0.47352941176470575 0.2933265761888305 -0.44976135448339194
v 0.47352941176470575 0.32352941176470584 -0.4452207583676947
v 0.42277775532497036 0.32352941176470584 -0.4634040871837937
v 0.5411764705882351 0.2793345997299653 -0.4285714285714286
v 0.5247552841062207 0.32352941176470584 -0.4285714285714286
v 0.5297975437718323 0.31239785292257266 -0.4285714285714286
v 0.5477178251978397 0.2637520924249968 -0.4285714285714286
v -0.48037722017233503 0.3830069393454777 -0.433271321919522
v -0.47352941176470575 0.3806734734077179 -0.4349084519901408
v -0.47352941176470575 0.3897058823529411 -0.4337460664144802
v -0.4799096158840799 0.3897058823529411 -0.43295038854155804
v -0.48973362319525293 0.3897058823529411 -0.4285714285714286
v -0.5052308970946463 0.35869355974756456 -0.4285714285714286
v -0.40588235294117647 0.3353876191281641 -0.4666804322942087
v -0.4370140920684636 0.3592509201632037 -0.4499382433140698
v -0.40588235294117647 0.3897058823529411 -0.4531602359438646
v -0.43318083895476034 0.3897058823529411 -0.4473073459906896
v -0.39854203030001384 0.33071016217453886 -0.46996207669659334
v -0.38347790330139503 0.3897058823529411 -0.45962303301120594
v 0.4058823529411766 0.3353876191281643 -0.4666804322942086
v 0.4058823529411766 0.3897058823529411 -0.45316023594386456
v 0.44246333517463216 0.35931515525395596 -0.4498931767900817
v 0.47352941176470575 0.3806734734077179 -0.4349084519901408
v 0.47352941176470575 0.3897058823529411 -0.4337460664144802
v 0.4618475564902242 0.3897058823529411 -0.4365890994275169
v 0.48973362319525293 0.3897058823529411 -0.4285714285714286
v 0.5091795695373325 0.3584045661074928 -0.4285714285714286
v -0.47352941176470575 0.41324498586178077 -0.4285714285714286
v -0.4196896813346999 0.44237518386055563 -0.43804788687878476
v -0.40588235294117647 0.4360881539864019 -0.44245878720319104
v -0.40588235294117647 0.4558823529411764 -0.43854285103321894
v -0.41825154455870434 0.4558823529411764 -0.4370608426940176
v -0.4417513458792183 0.4558823529411764 -0.4285714285714286
v -0.37548238249740706 0.4194449838740199 -0.45413542401219553
v -0.3382352941176471 0.4558823529411764 -0.4548256662297529
v -0.3679901373019802 0.4558823529411764 -0.4489932308811728
v -0.2705882352941176 0.4558823529411764 -0.4727009320309364
v -0.31627417109945954 0.4558823529411764 -0.4599273037670204
v -0.26801343867582805 0.4558823529411764 -0.47323282592347216
v 0.2705882352941176 0.4558823529411764 -0.4727009320309364
v 0.33823529411764697 0.4558823529411764 -0.4548256662297529
v 0.27578888950347613 0.4558823529411764 -0.4714306068935769
v 0.4058823529411766 0.436088153986402 -0.442458787203191
v 0.4058823529411766 0.4558823529411764 -0.4385428510332189
v 0.3847831302661379 0.4558823529411764 -0.44305257208442095
v 0.47352941176470575 0.41324498586178077 -0.4285714285714286
v 0.44175134587921827 0.4558823529411764 -0.4285714285714286
v 0.45652325716437653 0.4392458973538978 -0.4285714285714286
v 0.48415689509601634 0.4001023334379189 -0.4285714285714286
v -0.40588235294117647 0.4946520724302825 -0.4285714285714286
v -0.3515603307384593 0.5090234616177476 -0.4377168729602469
v -0.3382352941176471 0.5029320455113797 -0.441990533149159
v -0.3382352941176471 0.5220588235294117 -0.4376089073562566
v -0.3496854117156757 0.5220588235294117 -0.43643004965578985
v -0.37606458891691746 0.5220588235294117 -0.4285714285714286
v -0.2705882352941176 0.46188555984944357 -0.4707882262643586
v -0.30581170340056874 0.48760108299049215 -0.45274654177492457
v -0.2705882352941176 0.5220588235294117 -0.4502914634941749
v -0.29713494213638325 0.5220588235294117 -0.4467913733296296
v -0.26646102892540113 0.4599198374323121 -0.4721673521506636
v -0.2029411764705883 0.5220588235294117 -0.4617073182682075
v -0.24179893124402918 0.5220588235294117 -0.45524088138177166
v -0.1352941176470588 0.5220588235294117 -0.4719898198317881
v -0.18666453151799586 0.5220588235294117 -0.46382876231514625
v -0.13138842394845243 0.5220588235294117 -0.4723193841385342
v 0.1352941176470588 0.5220588235294117 -0.4719898198317881
v 0.2029411764705884 0.5220588235294117 -0.4617073182682075
v 0.1407528266160133 0.5220588235294117 -0.47125349477596606
v 0.2705882352941176 0.46188555984944357 -0.4707882262643586
v 0.2705882352941176 0.5220588235294117 -0.4502914634941749
v 0.22872619332940736 0.5220588235294117 -0.4573028300441025
v 0.28482705477744275 0.46981163287051625 -0.46522739408132036
v 0.33823529411764697 0.5029320455113797 -0.441990533149159
v 0.33823529411764697 0.5220588235294117 -0.4376089073562567
v 0.3214909406608365 0.5220588235294117 -0.4400636711613513
v 0.4058823529411766 0.49465207243028236 -0.4285714285714286
v 0.37606458891691746 0.5220588235294117 -0.4285714285714286
v 0.3925168839157896 0.5089839081784897 -0.4285714285714286
v 0.42652516679510954 0.47607640997219786 -0.4285714285714286
v -0.3382352941176471 0.5525615515740834 -0.4285714285714286
v -0.273978373260258 0.5849188548029444 -0.4308982002811088
v -0.2705882352941176 0.5838019212359139 -0.431681826688454
v -0.2705882352941176 0.588235294117647 -0.43072223214725003
v -0.2733916397686703 0.588235294117647 -0.43049550431328
v -0.2812281391573031 0.588235294117647 -0.4285714285714286
v -0.22456026577465552 0.5670861850158421 -0.4434093749571394
v -0.2029411764705883 0.5574952308774336 -0.45013826659075296
v -0.2029411764705883 0.588235294117647 -0.4409422423328083
v -0.21925293747609162 0.588235294117647 -0.4397667676466343
v -0.1352941176470588 0.5308157889969343 -0.4688562242275477
v -0.17515705939954004 0.5492389380554371 -0.45593077679285204
v -0.1352941176470588 0.588235294117647 -0.44775906306504193
v -0.16068179708833624 0.588235294117647 -0.44599589179044197
v -0.12793315065825459 0.5292597694967202 -0.4699479077499201
v -0.0676470588235294 0.588235294117647 -0.4520239986300694
v -0.0993074967472131 0.588235294117647 -0.4503011080159445
v 0 0.588235294117647 -0.4535043099842482
v -0.03528300584457328 0.588235294117647 -0.4527874046324556
v 0.0676470588235294 0.588235294117647 -0.4520239986300694
v 0.032428901128980954 0.588235294117647 -0.4527428970512274
v 0.1352941176470588 0.5308157889969343 -0.4688562242275477
v 0.1352941176470588 0.588235294117647 -0.44775906306504193
v 0.10487261214283733 0.588235294117647 -0.4494507848336427
v 0.14892028233715354 0.5353887672479826 -0.46564788075617725
v 0.2029411764705884 0.5574952308774336 -0.45013826659075296
v 0.2029411764705884 0.588235294117647 -0.4409422423328083
v 0.18273662035181618 0.588235294117647 -0.44243853075232503
v 0.2626677315348875 0.580486975222748 -0.4340075507167387
v 0.2705882352941176 0.5838019212359139 -0.431681826688454
v 0.2705882352941176 0.588235294117647 -0.43072223214725003
v 0.2670295332999979 0.588235294117647 -0.4310138917413058
v 0.33823529411764697 0.5525615515740834 -0.4285714285714286
v 0.2812281391573031 0.588235294117647 -0.4285714285714286
v 0.3176422451593959 0.5680899201367492 -0.4285714285714286
v 0.3569739484845171 0.5403901158448281 -0.4285714285714286
v -0.2705882352941176 0.5945748585709472 -0.4285714285714286
v -0.2029411764705883 0.6255615428273011 -0.4285714285714286
v -0.2594179270746689 0.5991627695497164 -0.4285714285714286
v -0.1352941176470588 0.6458581006107265 -0.4285714285714286
v -0.14862859266908107 0.6413671695756431 -0.4285714285714286
v -0.07015665183457855 0.6519567280646386 -0.43029385110385676
v -0.0676470588235294 0.6515802138082398 -0.4305580087250126
v -0.0676470588235294 0.6544117647058822 -0.42985795232618307
v -0.06944361090406755 0.6544117647058822 -0.42980446586894083
v -0.08586189885370452 0.6544117647058822 -0.4285714285714286
v -0.006241633369967983 0.6483058190178701 -0.4328552825303197
v 0 0.6479534888903538 -0.43310247287375175
v 0 0.6544117647058822 -0.43143998248241205
v -0.00411712350469072 0.6544117647058822 -0.4313971561942132
v 0.06457590552459021 0.6514073756090939 -0.43067926981076265
v 0.0676470588235294 0.6515802138082398 -0.4305580087250126
v 0.0676470588235294 0.6544117647058822 -0.42985795232618307
v 0.0657431482722996 0.6544117647058822 -0.42987814978826644
v 0.1352941176470588 0.6458581006107265 -0.4285714285714286
v 0.0858618988537045 0.6544117647058822 -0.4285714285714286
v 0.12810856325109626 0.6473824180141798 -0.4285714285714286
v 0.2029411764705884 0.6255615428273011 -0.4285714285714286
v 0.18139648208216336 0.6333354332389448 -0.4285714285714286
v 0.2705882352941176 0.5945748585709472 -0.4285714285714286
v 0.2306323281841827 0.6153244642722502 -0.4285714285714286
v 0.2750076647514831 0.5925586490215915 -0.4285714285714286
v -0.0676470588235294 0.6578282531148951 -0.4285714285714286
v 0 0.6620564426504497 -0.4285714285714286
v -0.06397268754628817 0.6580062583466617 -0.4285714285714286
v 0.0676470588235294 0.6578282531148951 -0.4285714285714286
v 0.007451451330422215 0.661701227963904 -0.4285714285714286
v 0.07070256142683652 0.6574008433395523 -0.4285714285714286
v -0.14029152017544644 -0.4754769986371056 -0.385572751424763
v -0.1352941176470588 -0.4774771342825043 -0.3821428571428572
v -0.1352941176470588 -0.47635704472303075 -0.3861901805834597
v -0.1352941176470588 -0.47058823529411764 -0.40071864936979457
v -0.1479745517409287 -0.47058823529411764 -0.39084588799610326
v -0.1577211385008251 -0.47058823529411764 -0.3821428571428572
v -0.1410016518588465 -0.4761716926752143 -0.3821428571428572
v -0.08237892111359524 -0.4849998397083125 -0.39225385579535577
v -0.0676470588235294 -0.4897495045792349 -0.3821428571428572
v -0.0676470588235294 -0.48660890178983807 -0.39338275331921974
v -0.11231846875742463 -0.47058823529411764 -0.41280242731487843
v -0.0847638048600344 -0.487332878155916 -0.3821428571428572
v -0.01902541865976619 -0.4892000578960628 -0.39520067553977745
v 0 -0.49370751710380323 -0.3821428571428572
v 0 -0.4899087120510467 -0.39569785829613124
v -0.022526913768166672 -0.492625433545585 -0.3821428571428572
v 0.050611491942609894 -0.48725346376458234 -0.3938349698157864
v 0.0676470588235294 -0.4897495045792349 -0.3821428571428572
v 0.0676470588235294 -0.48660890178983807 -0.39338275331921974
v 0.047032254070355606 -0.4907548921178746 -0.3821428571428572
v 0.12861418559570462 -0.47712295143131195 -0.38672753100419033
v 0.1352941176470588 -0.4774771342825043 -0.3821428571428572
v 0.1352941176470588 -0.47635704472303075 -0.3861901805834597
v 0.1352941176470588 -0.47058823529411764 -0.40071864936979457
v 0.12699706782932152 -0.47870491446364327 -0.3821428571428572
v 0.15772113850082506 -0.47058823529411764 -0.3821428571428572
v -0.28522171872940133 -0.4187271289360512 -0.39218633490434074
v -0.2705882352941176 -0.4281958608607727 -0.3821428571428572
v -0.2705882352941176 -0.4238215387461748 -0.3957605081362052
v -0.29894128686224064 -0.40441176470588236 -0.40160256023774904
v -0.3106983800212707 -0.40441176470588236 -0.3821428571428572
v -0.2871092162534779 -0.42057359390525656 -0.3821428571428572
v -0.23724988750565318 -0.4379746341967068 -0.4056901401824515
v -0.2029411764705883 -0.45748377056396894 -0.3821428571428572
v -0.2029411764705883 -0.44764077284503767 -0.4124717803135026
v -0.24229769578980856 -0.44291270751816314 -0.3821428571428572
v -0.1352941176470588 -0.4632676021597166 -0.42343536532475357
v -0.1850497458003273 -0.4530857487688623 -0.4162919062791066
v -0.19324773881702678 -0.46110552454606835 -0.3821428571428572
v -0.1289761469342758 -0.46440761177074297 -0.42423518159153717
v 0.1352941176470588 -0.4632676021597166 -0.42343536532475357
v 0.14578840466053944 -0.4603220849548431 -0.4213688278572074
v 0.2029411764705884 -0.4574837705639689 -0.3821428571428572
v 0.2029411764705884 -0.4476407728450376 -0.4124717803135026
v 0.2413827198494358 -0.43298237764089725 -0.4021876363766295
v 0.2705882352941176 -0.4281958608607727 -0.3821428571428572
v 0.2705882352941176 -0.4238215387461748 -0.3957605081362052
v 0.22863012203881244 -0.44545774506433317 -0.3821428571428572
v 0.285951636438181 -0.40441176470588236 -0.41802698244460246
v 0.3106983800212707 -0.40441176470588236 -0.3821428571428572
v -0.36477024821062776 -0.3641934013825195 -0.4003547355731327
v -0.3382352941176471 -0.38722783101595315 -0.3821428571428572
v -0.3382352941176471 -0.3769793804298183 -0.4093252161110789
v -0.38387486578060576 -0.3382352941176471 -0.41346691098606797
v -0.39917175659887477 -0.3382352941176471 -0.3821428571428572
v -0.36824960872810686 -0.36759712362787944 -0.3821428571428572
v -0.3210494342782537 -0.3875995105151715 -0.41677616452016797
v -0.3284699102864175 -0.39485867182750556 -0.3821428571428572
v 0.33823529411764697 -0.3872278310159532 -0.3821428571428572
v 0.33823529411764697 -0.3769793804298183 -0.4093252161110789
v 0.3948259126373438 -0.3382352941176471 -0.3897312835625685
v 0.3991717565988747 -0.3382352941176471 -0.3821428571428572
v -0.43408571787921035 -0.29964907183835804 -0.4014998250040544
v -0.40588235294117647 -0.33209343224377696 -0.3821428571428572
v -0.40588235294117647 -0.31776193354724236 -0.4142075787744145
v -0.4494233503556917 -0.2720588235294118 -0.4120265851820121
v -0.4615668714354463 -0.2720588235294118 -0.3821428571428572
v -0.4377808333903621 -0.3032638587514413 -0.3821428571428572
v -0.39470309294997474 -0.32729906151755844 -0.42089870665200135
v -0.4029561049606843 -0.33537266022368734 -0.3821428571428572
v 0.4058823529411766 -0.31776193354724225 -0.4142075787744144
v 0.4058823529411766 -0.33209343224377685 -0.3821428571428572
v 0.4554608691373892 -0.2720588235294118 -0.3945439376417298
v 0.4615668714354462 -0.2720588235294118 -0.3821428571428572
v -0.4934924517087085 -0.22541141375596174 -0.39584419822243666
v -0.47352941176470575 -0.2560384137899298 -0.3821428571428572
v -0.47352941176470575 -0.2421798446056306 -0.4076087163741091
v -0.5014816401610616 -0.20588235294117652 -0.40132746110433115
v -0.5080941435404226 -0.20588235294117652 -0.3821428571428572
v -0.4960694674696222 -0.22793240743511647 -0.3821428571428572
v -0.45945325761221123 -0.25828867272805844 -0.41891046562825685
v -0.46727047658217835 -0.26593595215520016 -0.3821428571428572
v 0.47352941176470575 -0.2421798446056306 -0.4076087163741091
v 0.47352941176470575 -0.2560384137899298 -0.3821428571428572
v 0.4941838704043827 -0.20588235294117652 -0.4143955423622093
v 0.5080941435404225 -0.20588235294117652 -0.3821428571428572
v -0.5413423660663963 -0.13986817140766383 -0.38225671708283726
v -0.5411764705882353 -0.14021088873609117 -0.3821428571428572
v -0.5411764705882353 -0.14004709416720987 -0.38238224701889967
v -0.5411764705882353 -0.13970588235294112 -0.38279566561353295
v -0.5413886124690781 -0.13970588235294112 -0.3822884576262928
v -0.5414310996396081 -0.13970588235294112 -0.3821428571428572
v -0.5413629399432526 -0.13988829802632763 -0.3821428571428572
v -0.5147861272806472 -0.18006571274897082 -0.41045880164292875
v -0.5284168282193322 -0.13970588235294112 -0.41981403427475916
v -0.5207981056123727 -0.1859469958995718 -0.3821428571428572
v 0.5411764705882351 -0.14004709416720998 -0.3823822470188998
v 0.5411764705882351 -0.14021088873609133 -0.3821428571428572
v 0.5411764705882351 -0.13970588235294112 -0.3827956656135332
v 0.5414310996396081 -0.13970588235294112 -0.3821428571428572
v -0.5411764705882353 -0.11388282107781406 -0.4104542966926886
v -0.5585177693472511 -0.09049372576809087 -0.39404480442777173
v -0.5623244840943754 -0.07352941176470584 -0.3966574875306117
v -0.5666374211343717 -0.07352941176470584 -0.3821428571428572
v -0.5609832176570996 -0.09290557737555133 -0.3821428571428572
v -0.5319242567092427 -0.13065480355827447 -0.4222213066234244
v 0.5411764705882351 -0.1138828210778142 -0.41045429669268874
v 0.5513906406293096 -0.07352941176470584 -0.42156108205255455
v 0.5666374211343718 -0.07352941176470584 -0.3821428571428572
v 0.5415470201317354 -0.13934338823429954 -0.3821428571428572
v -0.5707992775061181 -0.03633177403092121 -0.40247403828836065
v -0.5752741312164134 -0.007352941176470562 -0.40554528881623403
v -0.5822829064366822 -0.007352941176470562 -0.3821428571428572
v -0.5755624530114183 -0.04099140224262789 -0.3821428571428572
v 0.5554083094169346 -0.05960696073663024 -0.41880361372315966
v 0.572666242067343 -0.007352941176470562 -0.4069588835500534
v 0.5822829064366822 -0.007352941176470562 -0.3821428571428572
v 0.5732981191190769 -0.04210605994105635 -0.3821428571428572
v -0.5786554867226227 0.022159274497690038 -0.4078660328127318
v -0.5815537025953609 0.05882352941176472 -0.40985518097383467
v -0.5898562315214735 0.05882352941176472 -0.3821428571428572
v -0.5854422522715712 0.01552004733024041 -0.3821428571428572
v 0.5778018463247229 0.02847623073965863 -0.403434136528684
v 0.5828918455670041 0.05882352941176472 -0.39994068984376424
v 0.5898562315214735 0.05882352941176472 -0.3821428571428572
v 0.5869992588088168 0.03747369947409829 -0.3821428571428572
v -0.5815969558530893 0.08545822093655582 -0.40988486721594025
v -0.581624930431171 0.125 -0.409904067159282
v -0.5899359145669572 0.125 -0.3821428571428572
v -0.5898924902175353 0.07734302427568476 -0.3821428571428572
v 0.5829427970839691 0.0996818922880261 -0.3999057200137976
v 0.5829806878792082 0.125 -0.39987971421954965
v 0.5899359145669572 0.125 -0.3821428571428572
v 0.589899706733873 0.10648756477162774 -0.3821428571428572
v -0.5783983332743453 0.1547637788300841 -0.40768953929698865
v -0.575483855172408 0.19117647058823528 -0.40568922979224276
v -0.5825254102960201 0.19117647058823528 -0.3821428571428572
v -0.5871673843572169 0.14618535929249232 -0.3821428571428572
v 0.5780419364246482 0.16106404266605615 -0.40326935419302096
v 0.5729402460344521 0.19117647058823528 -0.4067708249266648
v 0.5825254102960201 0.19117647058823528 -0.3821428571428572
v 0.5855875529300713 0.16844562403005692 -0.3821428571428572
v -0.5666769684173203 0.23240680199584385 -0.39964475161561436
v -0.5626214172566208 0.25735294117647056 -0.39686128327240133
v -0.5669955914418261 0.25735294117647056 -0.3821428571428572
v -0.573672799180444 0.22556305451017944 -0.3821428571428572
v 0.5663059511360531 0.21575965808066577 -0.4113241763941996
v 0.5518756829984467 0.25735294117647056 -0.4212281803023083
v 0.5669955914418262 0.25735294117647056 -0.3821428571428572
v 0.5758220624108995 0.22506889737127642 -0.3821428571428572
v -0.542055607233506 0.32266938678563667 -0.38274623974722
v -0.5411764705882353 0.32352941176470584 -0.3841997917642136
v -0.5418447362254304 0.32352941176470584 -0.38260151150875815
v -0.5419786299292365 0.32352941176470584 -0.3821428571428572
v -0.5423406244002368 0.32239056564426954 -0.3821428571428572
v -0.5289008717440136 0.32352941176470584 -0.42014625048269266
v 0.5411764705882351 0.32352941176470584 -0.38419979176421376
v 0.5488928834656019 0.26490160594780765 -0.4232753812239191
v 0.5419786299292365 0.32352941176470584 -0.3821428571428572
v 0.5612860549413081 0.27702536065230277 -0.3821428571428572
v -0.5411764705882353 0.32512722435540825 -0.3821428571428572
v -0.5189906252430644 0.3452329561241121 -0.41334449744943247
v -0.5021163381129902 0.3897058823529411 -0.40176307677941264
v -0.5088662135524892 0.3897058823529411 -0.3821428571428572
v 0.5411764705882351 0.32512722435540836 -0.3821428571428572
v 0.5157926804622012 0.36487391375138617 -0.39956465098712274
v 0.49518036564649226 0.3897058823529411 -0.4137116123979043
v 0.5088662135524891 0.3897058823529411 -0.3821428571428572
v 0.5213240293491378 0.3702850159233894 -0.3821428571428572
v 0.5417644694616361 0.3241046280539025 -0.3821428571428572
v -0.47352941176470575 0.4293738036306266 -0.4007409187226397
v -0.47352941176470575 0.44110038284107267 -0.3821428571428572
v -0.4503278186144427 0.4558823529411764 -0.4126473537695399
v -0.4626051089721369 0.4558823529411764 -0.3821428571428572
v 0.4660722382891673 0.4485872919324974 -0.387260979310851
v 0.47352941176470575 0.44110038284107267 -0.3821428571428572
v 0.47352941176470575 0.4293738036306266 -0.4007409187226397
v 0.4568653837788 0.4558823529411764 -0.393579969518277
v 0.4626051089721369 0.4558823529411764 -0.3821428571428572
v 0.46781728286867497 0.4502944007602767 -0.3821428571428572
v 0.4858615642921938 0.4017699446080925 -0.42010743568765574
v 0.49661311354150806 0.4122877645258999 -0.3821428571428572
v -0.40588235294117647 0.5141230721810089 -0.38771047951745086
v -0.40588235294117647 0.5171406032249256 -0.3821428571428572
v -0.385038491152559 0.5220588235294117 -0.41426554827551415
v -0.4005344756802897 0.5220588235294117 -0.3821428571428572
v 0.4028172890875626 0.5190603914987023 -0.38424651898027545
v 0.4058823529411766 0.5171406032249255 -0.3821428571428572
v 0.4058823529411766 0.5141230721810087 -0.38771047951745097
v 0.39696027278252205 0.5220588235294117 -0.3882663966306294
v 0.4005344756802897 0.5220588235294117 -0.3821428571428572
v 0.40355471991078856 0.5197817912170756 -0.3821428571428572
v 0.4298881524690772 0.47936628726194885 -0.41209539846066445
v 0.43854344538843454 0.48783342163958104 -0.3821428571428572
v -0.3382352941176471 0.5645313405478349 -0.3987732499648523
v -0.3382352941176471 0.5723704174014543 -0.3821428571428572
v -0.30036988041431745 0.588235294117647 -0.40258305457007504
v -0.31269050474874904 0.588235294117647 -0.3821428571428572
v 0.32654825117945124 0.5768023173302815 -0.39016408847621514
v 0.33823529411764697 0.5723704174014544 -0.3821428571428572
v 0.33823529411764697 0.564531340547835 -0.39877324996485225
v 0.28960738620479803 0.588235294117647 -0.41551791195260757
v 0.31269050474874904 0.588235294117647 -0.3821428571428572
v 0.32928822995801155 0.5794827313527863 -0.3821428571428572
v 0.3600297268513484 0.543379464247163 -0.41361313778214914
v 0.3691426232015296 0.5522942541549489 -0.3821428571428572
v -0.2705882352941176 0.6132719362139969 -0.3821428571428572
v -0.2705882352941176 0.5965862379102285 -0.42271251245028413
v -0.24967639306444536 0.6086925310814568 -0.41421889089205727
v -0.2029411764705883 0.6426310348520121 -0.3821428571428572
v -0.2029411764705883 0.6375599609315514 -0.3939658686797686
v -0.22638429234726265 0.6314782817830485 -0.3821428571428572
v -0.1352941176470588 0.6544117647058822 -0.40404619590482027
v -0.15024366216100887 0.6544117647058822 -0.3924032588123695
v -0.1617378476119234 0.6544117647058822 -0.3821428571428572
v -0.11513349688885786 0.6544117647058822 -0.41473448078396774
v 0.1352941176470588 0.6544117647058822 -0.40404619590482027
v 0.19135976701184468 0.6430821250179808 -0.39009158847944836
v 0.2029411764705884 0.6426310348520121 -0.3821428571428572
v 0.2029411764705884 0.6375599609315513 -0.3939658686797687
v 0.16173784761192334 0.6544117647058822 -0.3821428571428572
v 0.19426235507404627 0.6459216133396998 -0.3821428571428572
v 0.2358025712897846 0.6203823107885998 -0.40601748989117276
v 0.2705882352941176 0.6132719362139969 -0.3821428571428572
v 0.2705882352941176 0.5965862379102285 -0.42271251245028413
v 0.2434235251808858 0.627837591769025 -0.3821428571428572
v 0.2757180287933284 0.593253570366875 -0.4250506696791131
v 0.287969164737971 0.6052383772692427 -0.3821428571428572
v -0.1352941176470588 0.6625448060040633 -0.3821428571428572
v -0.0676470588235294 0.6748494497292005 -0.3821428571428572
v -0.0676470588235294 0.6587354669404538 -0.4255379739878085
v -0.12549346601389003 0.6639993586948517 -0.3821428571428572
v -0.06290728306058178 0.6590485018652875 -0.4253183526595919
v 0 0.6788508220885826 -0.3821428571428572
v 0 0.6640914175339779 -0.4217803070634631
v -0.04565740033999344 0.6759233871354283 -0.3821428571428572
v 0.00927807161107543 0.6634881391080213 -0.42220355954643585
v 0.0676470588235294 0.6748494497292005 -0.3821428571428572
v 0.0676470588235294 0.6587354669404538 -0.4255379739878085
v 0.023812867264951097 0.6777069609433345 -0.3821428571428572
v 0.07134413515465109 0.6580284698124144 -0.42603399419509974
v 0.1352941176470588 0.6625448060040633 -0.3821428571428572
v 0.08590033150927798 0.6722682271158538 -0.3821428571428572
v 0.14202808506435496 0.6609993415271502 -0.3821428571428572
v -0.1437691973338267 -0.47887907411812974 -0.34153103295271964
v -0.1352941176470588 -0.47993776637206437 -0.33571428571428574
v -0.1352941176470588 -0.48071175780590264 -0.3428168205558873
v -0.16474152652770266 -0.47058823529411764 -0.35592508497708786
v -0.16467018343017623 -0.47058823529411764 -0.33571428571428574
v -0.1431612529837502 -0.47828434594957664 -0.33571428571428574
v -0.08862544007879172 -0.4911105647829612 -0.350112491482649
v -0.0676470588235294 -0.49241164384022346 -0.33571428571428574
v -0.0676470588235294 -0.49381620470880155 -0.35201073409728617
v -0.08730029875206292 -0.4898142308763787 -0.33571428571428574
v -0.02671243713911528 -0.49671996727803475 -0.35404797704268476
v 0 -0.49638543787955297 -0.33571428571428574
v 0 -0.49787879589160927 -0.35486099648268465
v -0.02520020157564215 -0.4952406064007241 -0.33571428571428574
v 0.04276996709453751 -0.49492452068117493 -0.35278831450964976
v 0.0676470588235294 -0.49241164384022346 -0.33571428571428574
v 0.0676470588235294 -0.49381620470880155 -0.35201073409728617
v 0.04422861567504545 -0.49349758185241716 -0.33571428571428574
v 0.12321867692496817 -0.48240116643529324 -0.34400208819745975
v 0.1352941176470588 -0.47993776637206437 -0.33571428571428574
v 0.1352941176470588 -0.48071175780590264 -0.3428168205558873
v 0.12412831308466174 -0.48151130497472344 -0.33571428571428574
v 0.15765684683578352 -0.47058823529411764 -0.3667945243766828
v 0.16467018343017617 -0.47058823529411764 -0.33571428571428574
v -0.29072883214819456 -0.42411452249791415 -0.34953749038742554
v -0.2705882352941176 -0.4309523902641823 -0.33571428571428574
v -0.2705882352941176 -0.4324699121160561 -0.3553995256433283
v -0.3149970283045035 -0.40441176470588236 -0.3661936125940847
v -0.3146120872788374 -0.40441176470588236 -0.33571428571428574
v -0.28948719047169047 -0.42289987303176885 -0.33571428571428574
v -0.24597439836816193 -0.44650948177959576 -0.365249509439018
v -0.2029411764705883 -0.45968231573070084 -0.33571428571428574
v -0.2029411764705883 -0.45972134973914136 -0.3745187882296834
v -0.24447430377711546 -0.44504199794052857 -0.33571428571428574
v -0.19488924523527573 -0.46271134604218145 -0.3766165316676892
v -0.19485875312429482 -0.46268151680317837 -0.33571428571428574
v 0.2029411764705884 -0.4596823157307008 -0.33571428571428574
v 0.2029411764705884 -0.45972134973914136 -0.3745187882296833
v 0.22446514776354354 -0.4495321764205745 -0.36737019361570467
v 0.2705882352941176 -0.4309523902641823 -0.33571428571428574
v 0.2705882352941176 -0.4324699121160561 -0.3553995256433283
v 0.2245281775489335 -0.4494705168479104 -0.33571428571428574
v 0.3102870454570163 -0.40441176470588236 -0.35489615824223414
v 0.3146120872788374 -0.40441176470588236 -0.33571428571428574
v -0.37227341815502096 -0.37153345893681716 -0.3590758553175765
v -0.3382352941176471 -0.38980497322536006 -0.33571428571428574
v -0.3382352941176471 -0.39008907039960133 -0.3720942366930537
v -0.40048394735565196 -0.3382352941176471 -0.3784377402658357
v -0.40209608277968156 -0.3382352941176471 -0.33571428571428574
v -0.370635129482796 -0.36993078523572753 -0.33571428571428574
v -0.3300960061470882 -0.3964494177781617 -0.3765565756475357
v -0.32991431469022053 -0.3962716761355738 -0.33571428571428574
v 0.33823529411764697 -0.3898049732253601 -0.33571428571428574
v 0.33823529411764697 -0.3900890703996014 -0.3720942366930537
v 0.40114593763846496 -0.3382352941176471 -0.3389650552232897
v 0.40209608277968156 -0.3382352941176471 -0.33571428571428574
v -0.4418124429479994 -0.30720782462304297 -0.36037437854505555
v -0.40588235294117647 -0.334779895212217 -0.33571428571428574
v -0.40588235294117647 -0.3333002793530138 -0.37868051345084464
v -0.4637392730210185 -0.2720588235294118 -0.3754235383156681
v -0.4643358711950258 -0.2720588235294118 -0.33571428571428574
v -0.44018060885012267 -0.3056114651794679 -0.33571428571428574
v -0.4034788191031022 -0.3358840110151831 -0.38049322677573166
v -0.4042204679726506 -0.3366095370832196 -0.33571428571428574
v 0.4058823529411766 -0.33330027935301376 -0.3786805134508446
v 0.4058823529411766 -0.33477989521221696 -0.33571428571428574
v 0.46227009027994415 -0.2720588235294118 -0.34344195667121846
v 0.4643358711950258 -0.2720588235294118 -0.33571428571428574
v -0.5001923260295043 -0.23196563863500114 -0.3540139877407468
v -0.47352941176470575 -0.2597702998317596 -0.33571428571428574
v -0.47352941176470575 -0.25902160594629525 -0.3729961108385119
v -0.5125154658732768 -0.20588235294117652 -0.3624717949006031
v -0.5112944760479369 -0.20588235294117652 -0.33571428571428574
v -0.49873388242144867 -0.23053890032277283 -0.33571428571428574
v -0.4683654528711402 -0.2670071246117933 -0.3785986493308137
v -0.4687036517039763 -0.26733797129608955 -0.33571428571428574
v 0.47352941176470575 -0.25902160594629525 -0.3729961108385119
v 0.47352941176470575 -0.2597702998317596 -0.33571428571428574
v 0.5068506388075642 -0.20588235294117652 -0.3592733193277276
v 0.5112944760479369 -0.20588235294117652 -0.33571428571428574
v -0.5438588894481867 -0.1423299877594154 -0.33755532474549466
v -0.5411764705882353 -0.14608760870066562 -0.33571428571428574
v -0.5411764705882353 -0.14652441880803163 -0.34049808430658735
v -0.5447905112220544 -0.13970588235294112 -0.3381947297517827
v -0.5445110699228755 -0.13970588235294112 -0.33571428571428574
v -0.5436778242671338 -0.14215285877795059 -0.33571428571428574
v -0.5239086525511059 -0.18898992225268038 -0.3702913422788647
v -0.5229460629169217 -0.1880482584801089 -0.33571428571428574
v 0.5411764705882351 -0.1465244188080318 -0.34049808430658746
v 0.5411764705882351 -0.14608760870066578 -0.33571428571428574
v 0.5414104622634011 -0.13970588235294112 -0.3819822603720135
v 0.5445110699228755 -0.13970588235294112 -0.33571428571428574
v -0.5654853303302445 -0.09730981803406272 -0.3523983167794536
v -0.5716072346208676 -0.07352941176470584 -0.35659999643233464
v -0.5703942004427925 -0.07352941176470584 -0.33571428571428574
v -0.5641806032298715 -0.09603345456630658 -0.33571428571428574
v 0.54152115146346 -0.13936869454022113 -0.3819062904552028
v 0.5654930538083537 -0.07352941176470584 -0.3654535251812231
v 0.5703942004427924 -0.07352941176470584 -0.33571428571428574
v 0.5459838968953052 -0.135002965313416 -0.33571428571428574
v -0.5801467785480047 -0.04547606852841895 -0.3624609877612083
v -0.5865411908175175 -0.007352941176470562 -0.3668496992877994
v -0.5861503772671042 -0.007352941176470562 -0.33571428571428574
v -0.57893873818826 -0.04429428991562524 -0.33571428571428574
v 0.572859174658285 -0.042535462130961585 -0.36039789565378577
v 0.5818617949143967 -0.007352941176470562 -0.3542190786457091
v 0.5861503772671041 -0.007352941176470562 -0.33571428571428574
v 0.5779838305953023 -0.03752221175779243 -0.33571428571428574
v -0.5893789912754015 0.011668889609102048 -0.36879738221075703
v -0.593310238604995 0.05882352941176472 -0.3714955364338631
v -0.5939304241635949 0.05882352941176472 -0.33571428571428574
v -0.589016218453284 0.012023776065521428 -0.33571428571428574
v 0.587769854711345 0.03822754329178898 -0.35016416803972905
v 0.5905661431907843 0.05882352941176472 -0.34824497625725676
v 0.5939304241635949 0.05882352941176472 -0.33571428571428574
v 0.5915184029336741 0.041894601335371706 -0.33571428571428574
v -0.5934797650836044 0.0738337336458345 -0.37161188845800186
v -0.5935175461910496 0.125 -0.3716378189696335
v -0.5945695527808733 0.125 -0.33571428571428574
v -0.59409508803048 0.07323178728476058 -0.33571428571428574
v 0.5911162504766125 0.10767766191126417 -0.34786741815114486
v 0.5911509749160775 0.125 -0.3478435855389655
v 0.5945695527808733 0.125 -0.33571428571428574
v 0.5944087485023462 0.11089858389296013 -0.33571428571428574
v -0.5915249475292239 0.1419225257546594 -0.37027022796260406
v -0.5873815429964367 0.19117647058823528 -0.3674264627397905
v -0.5881327741249952 0.19117647058823528 -0.33571428571428574
v -0.5926716461233256 0.1408007553908643 -0.33571428571428574
v 0.5863710950876333 0.1692121326624546 -0.35112418629078584
v 0.5833529904887251 0.19117647058823528 -0.3531956183291669
v 0.5881327741249952 0.19117647058823528 -0.33571428571428574
v 0.5903729226704068 0.17312696399342856 -0.33571428571428574
v -0.5806430796485684 0.21874430187831853 -0.36280161677743367
v -0.5738655723570353 0.25735294117647056 -0.35814997357423856
v -0.5739490629060535 0.25735294117647056 -0.33571428571428574
v -0.5814907390063552 0.217915069897875 -0.33571428571428574
v 0.5759055856715044 0.22515060490882463 -0.35830703592111035
v 0.5670745345517748 0.25735294117647056 -0.3643680989567011
v 0.5739490629060535 0.25735294117647056 -0.33571428571428574
v 0.5811664915640895 0.23029714328200573 -0.33571428571428574
v -0.5537355678675788 0.31124333833926104 -0.344334038815947
v -0.5503174860738523 0.32352941176470584 -0.34198808826807886
v -0.5501748992415674 0.32352941176470584 -0.33571428571428574
v -0.5537861902535369 0.3111938164399542 -0.33571428571428574
v 0.5610304346349602 0.2767752973091363 -0.36851637871327264
v 0.5419643656875578 0.32352941176470584 -0.38160209684176927
v 0.5501748992415674 0.32352941176470584 -0.33571428571428574
v 0.5673046684277918 0.28291313471516716 -0.33571428571428574
v -0.5411764705882353 0.34155873541507836 -0.33571428571428574
v -0.5411764705882353 0.3253795174687475 -0.38084484647430733
v -0.5158968665301118 0.3897058823529411 -0.36479256988557374
v -0.518231238494012 0.3897058823529411 -0.33571428571428574
v 0.5233678994718942 0.37228445408695543 -0.3479369385612154
v 0.5411764705882351 0.34155873541507853 -0.33571428571428574
v 0.5411764705882351 0.32537951746874766 -0.3808448464743072
v 0.5113934249774252 0.3897058823529411 -0.35615544434779195
v 0.518231238494012 0.3897058823529411 -0.33571428571428574
v 0.5269134975169146 0.37575297391360585 -0.33571428571428574
v 0.5417542093197524 0.32409459095858145 -0.3817463345973127
v 0.5479981845507309 0.3302028275975821 -0.33571428571428574
v -0.47352941176470575 0.4556799349251124 -0.33585629962396873
v -0.47352941176470575 0.45575012121668906 -0.33571428571428574
v -0.46562899647182066 0.4558823529411764 -0.3767205224232062
v -0.4734341248017111 0.4558823529411764 -0.33571428571428574
v 0.4734629235710116 0.4558173101429973 -0.3357599189155479
v 0.47352941176470575 0.45575012121668906 -0.33571428571428574
v 0.47352941176470575 0.4556799349251124 -0.33585629962396873
v 0.4733907188317583 0.4558823529411764 -0.33580947558441426
v 0.4734341248017111 0.4558823529411764 -0.33571428571428574
v 0.47347845218828477 0.45583250118163415 -0.33571428571428574
v 0.4967951198951697 0.41246581421969936 -0.3661747779601474
v 0.5036640556382366 0.4191854252726995 -0.33571428571428574
v -0.43692396189725086 0.4916920321593389 -0.3570192409294797
v -0.40588235294117647 0.5220588235294117 -0.36684105559179436
v -0.41483172741845803 0.5220588235294117 -0.3418565582592523
v -0.4153310374302042 0.5220588235294117 -0.33571428571428574
v -0.47268902024025083 0.4567044750846649 -0.33571428571428574
v -0.4022353328454889 0.5220588235294117 -0.379639778133084
v 0.4058823529411766 0.5220588235294117 -0.36684105559179403
v 0.43960563403613 0.48887251922971786 -0.358997375397563
v 0.4153310374302042 0.5220588235294117 -0.33571428571428574
v 0.44589419272464204 0.4950243701206536 -0.33571428571428574
v -0.40588235294117647 0.5311511801612423 -0.33571428571428574
v -0.3382352941176471 0.5838893427011251 -0.33876335004143276
v -0.3382352941176471 0.585285179070705 -0.33571428571428574
v -0.3576499690006961 0.5692426773842294 -0.33571428571428574
v -0.3214560679821805 0.588235294117647 -0.37062668019895
v -0.3336021232430162 0.588235294117647 -0.33571428571428574
v 0.33601252252361685 0.5860608436452263 -0.3372398525536667
v 0.33823529411764697 0.585285179070705 -0.33571428571428574
v 0.33823529411764697 0.5838893427011254 -0.3387633500414327
v 0.3301764861802815 0.588235294117647 -0.3412453309135335
v 0.3336021232430162 0.588235294117647 -0.33571428571428574
v 0.33656877128002705 0.5866050000373666 -0.33571428571428574
v 0.4058823529411766 0.5311511801612423 -0.33571428571428574
v 0.37050503672389207 0.5536270499920426 -0.35999499032304305
v 0.3773883343828681 0.5603607107453888 -0.33571428571428574
v 0.4113517869631446 0.5274093568117717 -0.33571428571428574
v -0.2705882352941176 0.6269453286202297 -0.33571428571428574
v -0.2705882352941176 0.6169438985315134 -0.36200126483979533
v -0.2029411764705883 0.6544117647058822 -0.33787973863167925
v -0.20399270187063495 0.6544117647058822 -0.3364359848242557
v -0.20425977949873758 0.6544117647058822 -0.33571428571428574
v -0.18088859578908853 0.6544117647058822 -0.36700739027760426
v 0.2029411764705884 0.6544117647058822 -0.3378797386316791
v 0.24706938266897707 0.631404191485636 -0.35185610692595054
v 0.2705882352941176 0.6269453286202297 -0.33571428571428574
v 0.2705882352941176 0.6169438985315134 -0.36200126483979533
v 0.20425977949873764 0.6544117647058822 -0.33571428571428574
v 0.25258485975021044 0.6367997668911904 -0.33571428571428574
v 0.28872927542245297 0.6059819638084099 -0.3696920190423537
v 0.2978253297399049 0.6148802778146129 -0.33571428571428574
v -0.2029411764705883 0.6550034897775547 -0.33571428571428574
v -0.1352941176470588 0.6767648653325753 -0.33571428571428574
v -0.1352941176470588 0.6634574194477467 -0.3757965406414221
v -0.20213445329880828 0.6552009504174062 -0.33571428571428574
v -0.12381920226040201 0.6656372254102204 -0.37426721645822625
v -0.0676470588235294 0.6886555572071343 -0.33571428571428574
v -0.0676470588235294 0.6775819302659802 -0.365886963210217
v -0.10844503184946366 0.6806771747252689 -0.33571428571428574
v -0.04228884902374515 0.6792187090752365 -0.3647386199821357
v 0 0.6924589900763846 -0.33571428571428574
v 0 0.682314441024286 -0.36256669375756445
v -0.030839015224536193 0.6904196334440279 -0.33571428571428574
v 0.02677297583466823 0.6806027193267534 -0.36376761596440477
v 0.0676470588235294 0.6886555572071343 -0.33571428571428574
v 0.0676470588235294 0.6775819302659802 -0.365886963210217
v 0.03711020998419759 0.6907152309947713 -0.33571428571428574
v 0.08757396629846222 0.6739054785400558 -0.3684663150560244
v 0.1352941176470588 0.6767648653325753 -0.33571428571428574
v 0.1352941176470588 0.6634574194477467 -0.3757965406414221
v 0.09835204312684612 0.6844492493504313 -0.33571428571428574
v 0.2029411764705884 0.6550034897775547 -0.33571428571428574
v 0.14245338429612453 0.6614153951234466 -0.3772291989768835
v 0.15396759163609547 0.6726792936082008 -0.33571428571428574
v 0.20340916778587073 0.6548695822969193 -0.33571428571428574
v -0.20782211193144845 -0.5415395340505857 -0.29263567309580774
v -0.2029411764705883 -0.5484000284694472 -0.28928571428571426
v -0.2029411764705883 -0.5418385142205007 -0.29284543378644645
v -0.2029411764705883 -0.5367647058823529 -0.29442726148429293
v -0.20915695373045617 -0.5367647058823529 -0.293551822280841
v -0.23361556230900993 -0.5367647058823529 -0.28928571428571426
v -0.21205479705208025 -0.5456802042772907 -0.28928571428571426
v -0.14760522711997331 -0.5488081825406389 -0.29773526457613075
v -0.1352941176470588 -0.5662004543666279 -0.28928571428571426
v -0.1352941176470588 -0.5494157131608453 -0.298161500344593
v -0.1352941176470588 -0.5367647058823529 -0.3029518699025123
v -0.15221807576739818 -0.5367647058823529 -0.30090122591489127
v -0.15989694485065 -0.5608326890163009 -0.28928571428571426
v -0.08438991339728388 -0.553143585356678 -0.3007769281391296
v -0.0676470588235294 -0.5764010302533304 -0.28928571428571426
v -0.0676470588235294 -0.5537371989449477 -0.3011933998947093
v -0.0676470588235294 -0.5367647058823529 -0.30836281665765375
v -0.0924923224825027 -0.5367647058823529 -0.30633789834979225
v -0.10330828369046668 -0.5716506867304438 -0.28928571428571426
v -0.018554108199155227 -0.5549154639032656 -0.3020200556273705
v 0 -0.579728957505922 -0.28928571428571426
v 0 -0.5551556484603509 -0.30218856606265887
v 0 -0.5367647058823529 -0.310237144293112
v -0.02930274265888958 -0.5367647058823529 -0.3093972239988031
v -0.041987307552701324 -0.5778392458795608 -0.28928571428571426
v 0.05006210642378396 -0.5539673767081909 -0.3013548896905085
v 0.0676470588235294 -0.5764010302533304 -0.28928571428571426
v 0.0676470588235294 -0.5537371989449477 -0.3011933998947093
v 0.0676470588235294 -0.5367647058823529 -0.30836281665765375
v 0.03864301873204006 -0.5367647058823529 -0.3091922138516122
v 0.025153849613560098 -0.5783341496747143 -0.28928571428571426
v 0.12185682487698091 -0.5499098835922117 -0.29850820404405964
v 0.1352941176470588 -0.5662004543666279 -0.28928571428571426
v 0.1352941176470588 -0.5494157131608453 -0.298161500344593
v 0.1352941176470588 -0.5367647058823529 -0.3029518699025123
v 0.11270871904907485 -0.5367647058823529 -0.3047868729507902
v 0.10027642530921838 -0.571021144038936 -0.28928571428571426
v 0.19745736563564242 -0.5421293034382784 -0.2930494478090778
v 0.2029411764705884 -0.5484000284694472 -0.28928571428571426
v 0.2029411764705884 -0.5418385142205007 -0.29284543378644645
v 0.2029411764705884 -0.5367647058823529 -0.29442726148429293
v 0.1938281436055863 -0.5367647058823529 -0.2955403113762902
v 0.18736926295390252 -0.5519980995399804 -0.28928571428571426
v 0.23361556230900998 -0.5367647058823529 -0.28928571428571426
v -0.34519915724924355 -0.4774007100967663 -0.29406526009963607
v -0.3382352941176471 -0.48919777132278985 -0.28928571428571426
v -0.3382352941176471 -0.47809863600607017 -0.2945549160550524
v -0.3382352941176471 -0.47058823529411764 -0.29688601775942924
v -0.3466520561616353 -0.47058823529411764 -0.29506243606124655
v -0.3673583230289 -0.47058823529411764 -0.28928571428571426
v -0.35069407896375565 -0.48277617699139774 -0.28928571428571426
v -0.2898556982994761 -0.4894368404080553 -0.3025096562862864
v -0.2705882352941176 -0.523057932935129 -0.28928571428571426
v -0.2705882352941176 -0.4916502498737293 -0.30406255626061646
v -0.2705882352941176 -0.47058823529411764 -0.3130855071247066
v -0.2961906079565349 -0.47058823529411764 -0.3068575290633361
v -0.30772341463252 -0.5069161281251634 -0.28928571428571426
v -0.2029411764705883 -0.5019719839386764 -0.3113041538109444
v -0.23155122455237295 -0.49857632580890704 -0.30892180318656653
v -0.2029411764705883 -0.47058823529411764 -0.3282989197378406
v -0.24507150831786625 -0.47058823529411764 -0.31820125260325605
v -0.26093733105228767 -0.5273236039066498 -0.28928571428571426
v -0.1352941176470588 -0.50960179490738 -0.3166571323000984
v -0.17146065338368693 -0.5059685419929929 -0.31410808819190933
v -0.19415677353987906 -0.47058823529411764 -0.32968523898233937
v -0.0676470588235294 -0.5143779528513719 -0.3200080240639784
v -0.10955236512073949 -0.5115825566718232 -0.31804680960150133
v 0 -0.5160126804928133 -0.32115492821876745
v -0.04535150513923958 -0.5149538381477216 -0.32041205787506816
v 0.0676470588235294 -0.5143779528513719 -0.3200080240639784
v 0.02178701495576619 -0.5154513216864947 -0.3207610860086201
v 0.1352941176470588 -0.50960179490738 -0.3166571323000984
v 0.09246442047065787 -0.5124868520971185 -0.3186812517887721
v 0.2029411764705884 -0.5019719839386764 -0.3113041538109444
v 0.16708774272961852 -0.5056622465624576 -0.31389319520731157
v 0.2029411764705884 -0.47058823529411764 -0.32829891973784053
v 0.2459028557227224 -0.4947369761791782 -0.3062281642399949
v 0.2705882352941176 -0.523057932935129 -0.28928571428571426
v 0.2705882352941176 -0.4916502498737293 -0.30406255626061646
v 0.2705882352941176 -0.47058823529411764 -0.3130855071247066
v 0.21848736092786206 -0.47058823529411764 -0.3250443889283929
v 0.32940811159389777 -0.4792235225456114 -0.295344122166921
v 0.33823529411764697 -0.4891977713227899 -0.28928571428571426
v 0.33823529411764697 -0.4780986360060702 -0.2945549160550524
v 0.33823529411764697 -0.47058823529411764 -0.2968860177594293
v 0.3211433642500148 -0.47058823529411764 -0.3010165108718842
v 0.3009162257512569 -0.5070960195655861 -0.28928571428571426
v 0.3673583230289 -0.47058823529411764 -0.28928571428571426
v -0.41915181578096905 -0.41739276096220124 -0.2983930164210999
v -0.40588235294117647 -0.444599705465373 -0.28928571428571426
v -0.40588235294117647 -0.4193155454669137 -0.299742017613295
v -0.40588235294117647 -0.40441176470588236 -0.30478494634591874
v -0.4217835927700628 -0.40441176470588236 -0.30019929814342816
v -0.45437894646952415 -0.40441176470588236 -0.28928571428571426
v -0.42995286565184615 -0.42795900540110277 -0.28928571428571426
v -0.3382352941176471 -0.43636008217198274 -0.31170024812701014
v -0.36555899194368086 -0.43114146910091544 -0.30803893546445177
v -0.3382352941176471 -0.40441176470588236 -0.3272523699070462
v -0.3746825093713008 -0.40441176470588236 -0.31430072848154494
v -0.39119193928260015 -0.45621717845420606 -0.28928571428571426
v -0.2705882352941176 -0.4513313454961753 -0.32220389636398333
v -0.31017376069433394 -0.443136735206094 -0.3164546618430056
v -0.3295414236383431 -0.40441176470588236 -0.32974737460892495
v -0.2029411764705883 -0.4645435858717724 -0.3314734364370213
v -0.25417676126691807 -0.45453353244142247 -0.32445051006207737
v -0.19756535299828443 -0.46532927754947256 -0.33202466774105854
v 0.2029411764705884 -0.46454358587177236 -0.33147343643702126
v 0.21066005144528563 -0.4630371619493051 -0.3304165485422109
v 0.2705882352941176 -0.4513313454961753 -0.32220389636398333
v 0.33823529411764697 -0.4363600821719828 -0.31170024812701014
v 0.29648524065925086 -0.44525420830648726 -0.31794025408169424
v 0.33823529411764697 -0.40441176470588236 -0.32725236990704626
v 0.38654088202646825 -0.4233327688615753 -0.302560450534629
v 0.4058823529411766 -0.4445997054653729 -0.28928571428571426
v 0.4058823529411766 -0.4193155454669137 -0.299742017613295
v 0.4058823529411766 -0.40441176470588236 -0.30478494634591874
v 0.36136492911841284 -0.40441176470588236 -0.3198395983379837
v 0.45437894646952415 -0.40441176470588236 -0.28928571428571426
v -0.4876474312054455 -0.3520464000922838 -0.2989754108583959
v -0.47352941176470575 -0.3866340438465838 -0.28928571428571426
v -0.47352941176470575 -0.354668325586113 -0.3008149204905745
v -0.47352941176470575 -0.3382352941176471 -0.30595383145142946
v -0.48994562350521903 -0.3382352941176471 -0.3005527415983026
v -0.5188820460462726 -0.3382352941176471 -0.28928571428571426
v -0.49914192367317245 -0.36329101228897315 -0.28928571428571426
v -0.40588235294117647 -0.37612369775359733 -0.31586773715411115
v -0.43638789927565513 -0.36807767640137623 -0.31022275074509253
v -0.40588235294117647 -0.3382352941176471 -0.3338989542265097
v -0.44525436704934096 -0.3382352941176471 -0.31630812148417503
v -0.4648215974140722 -0.3958932506672191 -0.28928571428571426
v -0.3382352941176471 -0.39708870582659794 -0.33057652059580367
v -0.3840075241708114 -0.3830124756913948 -0.3207008162787246
v -0.40416515652913565 -0.3382352941176471 -0.33453571302154966
v -0.3324042861681053 -0.39870751779872193 -0.33171225851910335
v 0.33823529411764697 -0.397088705826598 -0.3305765205958037
v 0.3492450527702594 -0.3936413486326746 -0.3281578985645114
v 0.4058823529411766 -0.3761236977535973 -0.3158677371541111
v 0.4058823529411766 -0.3382352941176471 -0.33389895422650967
v 0.4498454634206015 -0.3614043740194883 -0.30554084653430763
v 0.47352941176470575 -0.3866340438465838 -0.28928571428571426
v 0.47352941176470575 -0.354668325586113 -0.3008149204905745
v 0.47352941176470575 -0.3382352941176471 -0.30595383145142946
v 0.4120971379570748 -0.3382352941176471 -0.3314488587313245
v 0.5188820460462726 -0.3382352941176471 -0.28928571428571426
v -0.5508989103248375 -0.28156990588043573 -0.29595856888754374
v -0.5411764705882353 -0.30988862645162396 -0.28928571428571426
v -0.5411764705882353 -0.2835537892860032 -0.2973504362927197
v -0.5411764705882353 -0.2720588235294118 -0.30020769961799143
v -0.5520248895177658 -0.2720588235294118 -0.2967313682715101
v -0.5686801742129235 -0.2720588235294118 -0.28928571428571426
v -0.5585875702649253 -0.28909142103921737 -0.28928571428571426
v -0.47352941176470575 -0.309559388888954 -0.31559563474431374
v -0.5024811082100596 -0.30038113526943183 -0.30915628855410926
v -0.47352941176470575 -0.2720588235294118 -0.3306035773279423
v -0.5088838459172167 -0.2720588235294118 -0.3135507141233072
v -0.5294114588283136 -0.32672604348294115 -0.28928571428571426
v -0.40588235294117647 -0.3365962935119206 -0.33456438370201413
v -0.45259285679780126 -0.31775388165002305 -0.3213447868084289
v -0.4689563707719899 -0.2720588235294118 -0.33257564577829135
v -0.4046646287440982 -0.33704404218572265 -0.33487851848585626
v 0.4058823529411766 -0.3365962935119206 -0.33456438370201413
v 0.4086915643130895 -0.335487152558167 -0.33378622449319023
v 0.47352941176470575 -0.309559388888954 -0.31559563474431374
v 0.47352941176470575 -0.2720588235294118 -0.3306035773279423
v 0.5229996841095242 -0.28984046247597683 -0.30176108637203447
v 0.5411764705882351 -0.3098886264516241 -0.28928571428571426
v 0.5411764705882351 -0.2835537892860032 -0.2973504362927197
v 0.5411764705882351 -0.2720588235294118 -0.3002076996179915
v 0.49420722830834557 -0.2720588235294118 -0.3215223681486199
v 0.5686801742129234 -0.2720588235294118 -0.28928571428571426
v -0.5411764705882353 -0.23552311356125083 -0.3100812955461474
v -0.5638376964560265 -0.22805094346401586 -0.30483891589062695
v -0.5411764705882353 -0.20588235294117652 -0.3186859030541939
v -0.5670955003010905 -0.20588235294117652 -0.30707486200789125
v -0.6065144018563501 -0.20588235294117652 -0.28928571428571426
v -0.5847240597972353 -0.24848325542824173 -0.28928571428571426
v -0.47352941176470575 -0.26710075053951043 -0.332235764664228
v -0.5158600617650589 -0.2472927714197828 -0.3183387380437206
v -0.5263364621426677 -0.20588235294117652 -0.32552906252648944
v -0.47006496401699427 -0.26866968986317225 -0.3333365125706701
v 0.47352941176470575 -0.26710075053951043 -0.332235764664228
v 0.4832059344517804 -0.2625926600311866 -0.3290729456091817
v 0.5411764705882351 -0.23552311356125086 -0.3100812955461474
v 0.5411764705882351 -0.20588235294117652 -0.3186859030541939
v 0.6065144018563501 -0.20588235294117652 -0.28928571428571426
v 0.6030557710058234 -0.21152472529481478 -0.28928571428571426
v -0.6197587597271167 -0.15040339027013336 -0.2967909499990459
v -0.6088235294117647 -0.20080879954577585 -0.28928571428571426
v -0.6088235294117647 -0.1535431470730012 -0.29899376350201035
v -0.6088235294117647 -0.13970588235294112 -0.3015004507944263
v -0.6205902243612911 -0.13970588235294112 -0.2973616136144265
v -0.6365194624610866 -0.13970588235294112 -0.28928571428571426
v -0.6292733952242968 -0.1597111858652009 -0.28928571428571426
v -0.5411764705882353 -0.18782840986645835 -0.32304786850948347
v -0.5742910121602313 -0.17210054258641558 -0.3120133965447551
v -0.5793469196161853 -0.13970588235294112 -0.31548344482974217
v -0.6073096124425411 -0.20440134721041434 -0.28928571428571426
v -0.5291473313295254 -0.19411471670982997 -0.32745826156467434
v 0.5411764705882351 -0.1878284098664584 -0.3230478685094835
v 0.5801691103108646 -0.1677373792994738 -0.3089522565878848
v 0.6088235294117648 -0.20080879954577566 -0.28928571428571426
v 0.6088235294117648 -0.15354314707300112 -0.2989937635020103
v 0.6088235294117648 -0.13970588235294112 -0.30150045079442617
v 0.6365194624610866 -0.13970588235294112 -0.28928571428571426
v -0.6088235294117647 -0.10013595429124703 -0.3079525266614781
v -0.6280331019342192 -0.0923213848844984 -0.3024699239983306
v -0.6088235294117647 -0.07352941176470584 -0.31240789157222104
v -0.6294667761656288 -0.07352941176470584 -0.3034539053807577
v -0.6576798973855981 -0.07352941176470584 -0.28928571428571426
v -0.6471309369130382 -0.11100404953769084 -0.28928571428571426
v -0.5834220573952278 -0.11485661624980727 -0.3182803561625632
v -0.5892377003948648 -0.07352941176470584 -0.3222718378486495
v 0.6088235294117648 -0.10013595429124698 -0.30795252666147804
v 0.6088235294117648 -0.07352941176470584 -0.312407891572221
v 0.6576798973855981 -0.07352941176470584 -0.28928571428571426
v 0.6480534692437399 -0.10132876729992193 -0.28928571428571426
v -0.6088235294117647 -0.045079371090758685 -0.31575409844780217
v -0.6338454231124802 -0.031830880666300944 -0.30645912580080165
v -0.6088235294117647 -0.007352941176470562 -0.3206480511487295
v -0.6353719380742612 -0.007352941176470562 -0.30750682706339044
v -0.6714145625900748 -0.007352941176470562 -0.28928571428571426
v -0.661354813568129 -0.058742240894652915 -0.28928571428571426
v -0.5912120893976429 -0.056300829142195474 -0.3236269309219848
v -0.5964337349861156 -0.007352941176470562 -0.32721073115506694
v 0.6088235294117648 -0.045079371090758616 -0.3157540984478021
v 0.6088235294117648 -0.007352941176470562 -0.32064805114872946
v 0.6714145625900748 -0.007352941176470562 -0.28928571428571426
v 0.6698784405426045 -0.01380178131062336 -0.28928571428571426
v -0.6775531539529351 0.057764497731463804 -0.290028717464592
v -0.6764705882352942 0.03906440066922238 -0.28928571428571426
v -0.6764705882352942 0.05738553214110119 -0.290294594910529
v -0.6764705882352942 0.05882352941176472 -0.290356778159905
v -0.6775739697306422 0.05882352941176472 -0.29004300406978856
v -0.6788434321632131 0.05882352941176472 -0.28928571428571426
v -0.6786468995440669 0.056694529218400055 -0.28928571428571426
v -0.6088235294117647 0.012275080711419542 -0.3219435148024644
v -0.6375017949377315 0.030768704440710275 -0.3089686232336604
v -0.6088235294117647 0.05882352941176472 -0.32534623851199046
v -0.6385169380743005 0.05882352941176472 -0.309665351908138
v -0.6719916977463091 -0.002971417872028679 -0.28928571428571426
v -0.5971495534446464 0.004067252704406029 -0.32770202270579774
v -0.6004011314494925 0.05882352941176472 -0.3299336958085026
v 0.6088235294117648 0.012275080711419653 -0.32194351480246436
v 0.6088235294117648 0.05882352941176472 -0.3253462385119904
v 0.6719518945208454 0.054403068169369316 -0.2923870537605377
v 0.6764705882352939 0.03906440066922048 -0.28928571428571426
v 0.6764705882352939 0.05738553214110105 -0.2902945949105291
v 0.6764705882352939 0.05882352941176472 -0.29035677815990507
v 0.6700438534422326 0.05882352941176472 -0.29369660990455454
v 0.6788434321632131 0.05882352941176472 -0.28928571428571426
v -0.6764705882352942 0.12278232544293695 -0.29084160659400293
v -0.67807846199887 0.12342708001389313 -0.29038925497437973
v -0.6764705882352942 0.125 -0.29085170932326776
v -0.6780828727293429 0.125 -0.29039228221485947
v -0.6799417580099515 0.125 -0.28928571428571426
v -0.6798984532408663 0.1216466537988968 -0.28928571428571426
v -0.6088235294117647 0.0734083283805282 -0.3254817759615977
v -0.6387989426500337 0.0956762261799543 -0.3098589016324765
v -0.6088235294117647 0.125 -0.3258103199090224
v -0.6389107833505507 0.125 -0.30993566186481897
v -0.6004722473104669 0.06699326190216472 -0.3299825051416559
v -0.6007725317872239 0.125 -0.33018860100924374
v 0.6088235294117648 0.07340832838052833 -0.3254817759615976
v 0.6088235294117648 0.125 -0.3258103199090223
v 0.6764705882352939 0.1227823254429368 -0.29084160659400304
v 0.6674358600735042 0.11616167897216219 -0.29548656808619733
v 0.6764705882352939 0.125 -0.29085170932326787
v 0.6671046508588289 0.125 -0.2957138886962695
v 0.6799417580099515 0.125 -0.28928571428571426
v 0.6788739074739317 0.061174602579997385 -0.28928571428571426
v -0.6764705882352942 0.16479871269142482 -0.28928571428571426
v -0.6088235294117647 0.14016029686896608 -0.3250780139427254
v -0.6373895251442224 0.16323147476300487 -0.3088915684996061
v -0.6088235294117647 0.19117647058823528 -0.32204024158419364
v -0.6365745008048743 0.19117647058823528 -0.3083321884406125
v -0.6743951586642497 0.19117647058823528 -0.28928571428571426
v -0.600399092136272 0.13324129733472112 -0.3299322961556401
v -0.5975566089492325 0.19117647058823528 -0.327981399309877
v 0.6088235294117648 0.1401602968689662 -0.32507801394272534
v 0.6088235294117648 0.19117647058823528 -0.32204024158419353
v 0.6764705882352939 0.1647987126914275 -0.28928571428571426
v 0.6743951586642496 0.19117647058823528 -0.28928571428571426
v 0.6745716997060887 0.1893188622444475 -0.28928571428571426
v 0.6797277038394267 0.12818630874317335 -0.28928571428571426
v -0.6088235294117647 0.21396634152546531 -0.31972520165991164
v -0.6329067087728668 0.23379330919278365 -0.30581485291553906
v -0.6088235294117647 0.25735294117647056 -0.3147338682854038
v -0.6315544661841244 0.25735294117647056 -0.304886760952458
v -0.6628304750569644 0.25735294117647056 -0.28928571428571426
v -0.6738797432996533 0.19371099280788395 -0.28928571428571426
v -0.596376820231638 0.20335259913401138 -0.32717166854407453
v -0.5911409484217733 0.25735294117647056 -0.3235781043515898
v 0.6088235294117648 0.21396634152546543 -0.31972520165991153
v 0.6088235294117648 0.25735294117647056 -0.31473386828540373
v 0.6628304750569644 0.25735294117647056 -0.28928571428571426
v 0.6651619043838948 0.24629009827836265 -0.28928571428571426
v -0.6088235294117647 0.29517892050359157 -0.3091760589482738
v -0.624938261250364 0.30776500018346736 -0.300345825268107
v -0.6088235294117647 0.32352941176470584 -0.30480139487606767
v -0.6237504818009104 0.32352941176470584 -0.29953061018012794
v -0.6441771344788456 0.32352941176470584 -0.28928571428571426
v -0.656843303543859 0.276553545765918 -0.28928571428571426
v -0.5882369324202088 0.27749200345081865 -0.3215849753567272
v -0.5820945336207025 0.32352941176470584 -0.31736922959681757
v 0.6088235294117648 0.2951789205035917 -0.30917605894827377
v 0.6088235294117648 0.32352941176470584 -0.3048013948760676
v 0.6441771344788456 0.32352941176470584 -0.28928571428571426
v 0.652064273916351 0.29965366949617467 -0.28928571428571426
v -0.6127124419869303 0.38590151135549644 -0.29195481266804846
v -0.6088235294117647 0.3832486944818041 -0.2938159953000675
v -0.6088235294117647 0.3897058823529411 -0.29268649049144374
v -0.6123983902515867 0.3897058823529411 -0.2917392678434803
v -0.6171045914183946 0.3897058823529411 -0.28928571428571426
v -0.6217328572817148 0.37707719204538126 -0.28928571428571426
v -0.576113068426748 0.3555287757717873 -0.3132639382680476
v -0.5411764705882353 0.3897058823529411 -0.32284148172041705
v -0.5708348824694541 0.3897058823529411 -0.30964133237810365
v -0.5298994060446549 0.3897058823529411 -0.32797443706791535
v 0.5411764705882351 0.3897058823529411 -0.3228414817204171
v 0.6088235294117648 0.3832486944818042 -0.29381599530006747
v 0.6088235294117648 0.3897058823529411 -0.2926864904914437
v 0.5946992173107147 0.3897058823529411 -0.2989797297339505
v 0.6171045914183946 0.3897058823529411 -0.28928571428571426
v 0.6354105619052361 0.34953846529092797 -0.28928571428571426
v -0.6088235294117647 0.40546646233461275 -0.28928571428571426
v -0.5411764705882353 0.4186494208910017 -0.3154078666129797
v -0.5599907348068315 0.43747709446646266 -0.3021986099140055
v -0.5411764705882353 0.4558823529411764 -0.305377479648708
v -0.5571341189900706 0.4558823529411764 -0.30023801334411676
v -0.5820207516796776 0.4558823529411764 -0.28928571428571426
v -0.5261137579144463 0.4044411447512129 -0.32537621273010137
v -0.47352941176470575 0.4558823529411764 -0.3356624677204705
v -0.5134465778025251 0.4558823529411764 -0.316682278553907
v -0.47348272526321644 0.4558823529411764 -0.3356822431154375
v 0.47352941176470575 0.4558823529411764 -0.3356624677204705
v 0.5411764705882351 0.41864942089100154 -0.3154078666129798
v 0.5411764705882351 0.4558823529411764 -0.30537747964870804
v 0.47373391113228186 0.4558823529411764 -0.33557393055827855
v 0.6088235294117648 0.4054664623346124 -0.28928571428571426
v 0.5820207516796777 0.4558823529411764 -0.28928571428571426
v 0.5922756004875281 0.4396941616022493 -0.28928571428571426
v 0.6147219097024763 0.39547603698515893 -0.28928571428571426
v -0.5411764705882353 0.5150117421878363 -0.28928571428571426
v -0.47352941176470575 0.45602346695600615 -0.3356152819134052
v -0.5025796490050162 0.4936401131856298 -0.3092239205903994
v -0.47352941176470575 0.5220588235294117 -0.31197434694874093
v -0.4958871603595171 0.5220588235294117 -0.3046306286939543
v -0.5359348673460533 0.5220588235294117 -0.28928571428571426
v -0.47345979567915547 0.45595045563356257 -0.3356665057301037
v -0.45084812981504546 0.5220588235294117 -0.3201473189103263
v 0.47352941176470575 0.45602346695600615 -0.3356152819134052
v 0.47352941176470575 0.5220588235294117 -0.31197434694874093
v 0.5411764705882351 0.5150117421878364 -0.28928571428571426
v 0.5359348673460533 0.5220588235294117 -0.28928571428571426
v 0.538330624860727 0.5192748440133711 -0.28928571428571426
v 0.5674339345571586 0.48156900247599277 -0.28928571428571426
v -0.4750968949251749 0.5867018866780576 -0.29036153347348964
v -0.47352941176470575 0.5853296941869254 -0.29132424630060144
v -0.47352941176470575 0.588235294117647 -0.2904128893202264
v -0.47479592476442434 0.588235294117647 -0.29015496699670124
v -0.4769911491451917 0.588235294117647 -0.28928571428571426
v -0.49814635783078165 0.5641534990530075 -0.28928571428571426
v -0.4388848834044705 0.5559502099687723 -0.3119365193552422
v -0.40588235294117647 0.588235294117647 -0.31171489759088883
v -0.4289112111346008 0.588235294117647 -0.3050912349712633
v -0.3382352941176471 0.588235294117647 -0.33409922366710376
v -0.3815399927144953 0.588235294117647 -0.31900726208044555
v -0.33656494348622257 0.588235294117647 -0.33456786493930185
v 0.33823529411764697 0.588235294117647 -0.33409922366710376
v 0.4058823529411766 0.588235294117647 -0.31171489759088883
v 0.34257811657559883 0.588235294117647 -0.3327336529092939
v 0.47352941176470575 0.5853296941869254 -0.29132424630060144
v 0.47352941176470575 0.588235294117647 -0.2904128893202264
v 0.4706130397347634 0.588235294117647 -0.291287323660302
v 0.47699114914519175 0.588235294117647 -0.28928571428571426
v 0.5093038527542206 0.5570555592800241 -0.28928571428571426
v -0.47352941176470575 0.5916323991359319 -0.28928571428571426
v -0.40588235294117647 0.6493049305778905 -0.28928571428571426
v -0.44879222814968844 0.6124347128714683 -0.28928571428571426
v -0.3382352941176471 0.594160296897221 -0.3315573790022671
v -0.36493317728152885 0.6282942703064327 -0.30760941670564557
v -0.3382352941176471 0.6544117647058822 -0.3048433409144931
v -0.3554470349356545 0.6544117647058822 -0.3010987413688808
v -0.3986415018620723 0.6544117647058822 -0.28928571428571426
v -0.33508336004322503 0.5913187078861033 -0.3335510017687973
v -0.2705882352941176 0.6544117647058822 -0.32083513043257267
v -0.3046479021143087 0.6544117647058822 -0.3126620694635473
v -0.25373072055937523 0.6544117647058822 -0.3241443765329874
v 0.2705882352941176 0.6544117647058822 -0.32083513043257267
v 0.33823529411764697 0.5941602968972208 -0.3315573790022672
v 0.33823529411764697 0.6544117647058822 -0.3048433409144931
v 0.3035263617921101 0.6544117647058822 -0.3131076833662846
v 0.4058823529411766 0.6493049305778904 -0.28928571428571426
v 0.3986415018620723 0.6544117647058822 -0.28928571428571426
v 0.40303563358682104 0.6516269305548823 -0.28928571428571426
v 0.47352941176470575 0.5916323991359319 -0.28928571428571426
v 0.4416574735545862 0.6232326947177217 -0.28928571428571426
v 0.4754316080077867 0.5900961382684871 -0.28928571428571426
v -0.3382352941176471 0.694196421662497 -0.28928571428571426
v -0.2764176666253626 0.7148855307309432 -0.29328665939194143
v -0.2705882352941176 0.7096887257783135 -0.2969326717555324
v -0.2705882352941176 0.7205882352941178 -0.2922864039530111
v -0.2742260265752686 0.7205882352941178 -0.29178245923333657
v -0.28547162369035056 0.7205882352941178 -0.28928571428571426
v -0.236023967611088 0.6882246352653679 -0.31199160509953555
v -0.2029411764705883 0.7205882352941178 -0.30334607419597265
v -0.21993149917645782 0.7205882352941178 -0.3009467742794943
v -0.1352941176470588 0.7205882352941178 -0.3116718972092681
v -0.16305585940583395 0.7205882352941178 -0.30833958052387983
v -0.0676470588235294 0.7205882352941178 -0.3170145319670909
v -0.10382024384311442 0.7205882352941178 -0.3141126518302121
v 0 0.7205882352941178 -0.31887286804546777
v -0.04141143270313841 0.7205882352941178 -0.3177078466689242
v 0.0676470588235294 0.7205882352941178 -0.3170145319670909
v 0.02552326736345269 0.7205882352941178 -0.3181967637039657
v 0.1352941176470588 0.7205882352941178 -0.3116718972092681
v 0.09837718168077847 0.7205882352941178 -0.31462311443648433
v 0.2029411764705884 0.7205882352941178 -0.3033460741959726
v 0.17807908299352862 0.7205882352941178 -0.3063494492497832
v 0.2705882352941176 0.7096887257783135 -0.2969326717555324
v 0.2705882352941176 0.7205882352941178 -0.2922864039530111
v 0.2650318527661074 0.7205882352941178 -0.29309925633133616
v 0.33823529411764697 0.694196421662497 -0.28928571428571426
v 0.28547162369035056 0.7205882352941178 -0.28928571428571426
v 0.32146320699223746 0.704180758758391 -0.28928571428571426
v 0.3643984081009438 0.6800061153417162 -0.28928571428571426
v -0.2705882352941176 0.7279794767582336 -0.28928571428571426
v -0.2029411764705883 0.7536993533462698 -0.28928571428571426
v -0.2590195477289357 0.7319054296513609 -0.28928571428571426
v -0.1352941176470588 0.7708735938253898 -0.28928571428571426
v -0.15803386799999505 0.7645192979283937 -0.28928571428571426
v -0.0676470588235294 0.7807720217477246 -0.28928571428571426
v -0.07505131081547506 0.7795214158902323 -0.28928571428571426
v 0 0.7840099177118628 -0.28928571428571426
v -0.0029895299664435965 0.7838401656977887 -0.28928571428571426
v 0.0676470588235294 0.7807720217477246 -0.28928571428571426
v 0.061860480807920844 0.7811039230409969 -0.28928571428571426
v 0.1352941176470588 0.7708735938253898 -0.28928571428571426
v 0.12150520483784458 0.7732755520472522 -0.28928571428571426
v 0.2029411764705884 0.7536993533462697 -0.28928571428571426
v 0.1769686528638195 0.7613568023539923 -0.28928571428571426
v 0.2705882352941176 0.7279794767582336 -0.28928571428571426
v 0.22857990861808042 0.745669603699273 -0.28928571428571426
v 0.27598423085601864 0.7258669266046731 -0.28928571428571426
v -0.2029411764705883 -0.5367647058823529 -0.27164685510800124
v -0.13657405860036453 -0.5380168220323259 -0.24373561164807633
v -0.1352941176470588 -0.5377975619251646 -0.24285714285714288
v -0.1352941176470588 -0.5385065669687622 -0.24407921047649667
v -0.1388443170225359 -0.5367647058823529 -0.24285714285714288
v -0.13617033502579107 -0.5376218750571997 -0.24285714285714288
v -0.08552884263601376 -0.5542577552641311 -0.255130044169438
v -0.0676470588235294 -0.5496957416967639 -0.24285714285714288
v -0.0676470588235294 -0.5582672565002703 -0.2579430593224119
v -0.07942187558461612 -0.5482835483660248 -0.24285714285714288
v -0.026269642395810262 -0.5624632690956456 -0.26088692847662753
v 0 -0.5534820128687865 -0.24285714285714288
v 0 -0.5644250805699357 -0.2622633104950977
v -0.01641233034442638 -0.5528202464366831 -0.24285714285714288
v 0.04379999242489105 -0.5600933577940644 -0.25922422880154994
v 0.0676470588235294 -0.5496957416967639 -0.24285714285714288
v 0.0676470588235294 -0.5582672565002703 -0.2579430593224119
v 0.05384838475090945 -0.5502634087794811 -0.24285714285714288
v 0.1329301238240696 -0.5390773085352771 -0.2444796355120516
v 0.1352941176470588 -0.5377975619251646 -0.24285714285714288
v 0.1352941176470588 -0.5385065669687622 -0.24407921047649667
v 0.13408031971879134 -0.5379521168991364 -0.24285714285714288
v 0.2029411764705884 -0.5367647058823529 -0.27164685510800124
v 0.17733214123644783 -0.5367647058823529 -0.26043353039361816
v 0.13884431702253588 -0.5367647058823529 -0.24285714285714288
v 0.2171173499251304 -0.5367647058823529 -0.2795561045544913
v -0.3382352941176471 -0.47058823529411764 -0.2631056611464695
v -0.29509188481805954 -0.4945591967849304 -0.2596748650459353
v -0.2705882352941176 -0.49463681464221804 -0.24285714285714288
v -0.2705882352941176 -0.5130146987895083 -0.27262301089676616
v -0.31472220154503194 -0.47058823529411764 -0.24285714285714288
v -0.2882411995488719 -0.4878574394563773 -0.24285714285714288
v -0.2029411764705883 -0.5206790602537232 -0.24285714285714288
v -0.2576210442180369 -0.5240794102644479 -0.28038587196331105
v -0.24177157350860465 -0.5085744932660903 -0.24285714285714288
v -0.19067517168693981 -0.5247653533766099 -0.24285714285714288
v 0.2029411764705884 -0.5206790602537232 -0.24285714285714288
v 0.2705882352941176 -0.49463681464221804 -0.24285714285714288
v 0.2705882352941176 -0.5130146987895083 -0.27262301089676616
v 0.2321094270349555 -0.508230547721559 -0.24285714285714288
v 0.33823529411764697 -0.47058823529411764 -0.2631056611464694
v 0.32476568237666137 -0.47058823529411764 -0.25210181426943423
v 0.31472220154503194 -0.47058823529411764 -0.24285714285714288
v 0.3550925103769501 -0.47058823529411764 -0.27771600995867707
v -0.4110606294191523 -0.4094774699560761 -0.24641117733426293
v -0.40588235294117647 -0.4105306936753402 -0.24285714285714288
v -0.40588235294117647 -0.4168762629178666 -0.25160207652332867
v -0.4245109839219209 -0.40441176470588236 -0.255642631822188
v -0.4131770896851533 -0.40441176470588236 -0.24285714285714288
v -0.4097081250159932 -0.40815436782255093 -0.24285714285714288
v -0.3382352941176471 -0.457997978097415 -0.24285714285714288
v -0.38649117391229276 -0.45161860363542705 -0.2759768615981885
v -0.37355512631578547 -0.4389637744649308 -0.24285714285714288
v -0.33065295593020366 -0.4631707305455317 -0.24285714285714288
v 0.33823529411764697 -0.45799797809741505 -0.24285714285714288
v 0.4058823529411766 -0.4168762629178664 -0.2516020765233285
v 0.4058823529411766 -0.41053069367534006 -0.24285714285714288
v 0.3866620090599672 -0.4232142750244567 -0.24285714285714288
v 0.4360606728310549 -0.40441176470588236 -0.26857326492030087
v 0.4131770896851533 -0.40441176470588236 -0.24285714285714288
v -0.48127837698674836 -0.3458158035739931 -0.24817553203127768
v -0.47352941176470575 -0.3485118620592688 -0.24285714285714288
v -0.47352941176470575 -0.3624753730078548 -0.259863674395987
v -0.49393386632594727 -0.3382352941176471 -0.2568614424162558
v -0.4832181903732191 -0.3382352941176471 -0.24285714285714288
v -0.4792663747154682 -0.34384754048252336 -0.24285714285714288
v -0.46236493520796657 -0.3934899941612462 -0.2816231387607473
v -0.4476015874145872 -0.37904758871120114 -0.24285714285714288
v 0.47352941176470575 -0.3624753730078548 -0.259863674395987
v 0.47352941176470575 -0.3485118620592688 -0.24285714285714288
v 0.5033288168896154 -0.3382352941176471 -0.26883332753849365
v 0.48321819037321906 -0.3382352941176471 -0.24285714285714288
v -0.5411764705882353 -0.2720588235294118 -0.25140293613970593
v -0.5258866766369197 -0.32327788699136006 -0.2787917873812399
v -0.5357098250431981 -0.2720588235294118 -0.24285714285714288
v -0.5120856124834033 -0.30977684597161587 -0.24285714285714288
v 0.5324558643807775 -0.28058985134105513 -0.24884240363927992
v 0.5411764705882351 -0.2720588235294118 -0.2514029361397058
v 0.5371444522722122 -0.2720588235294118 -0.24562445977590397
v 0.535709825043198 -0.2720588235294118 -0.24285714285714288
v 0.5133914406488188 -0.2992398310788409 -0.24285714285714288
v 0.5601092526459316 -0.2720588235294118 -0.27629147566847545
v -0.5411764705882353 -0.263540868281196 -0.24285714285714288
v -0.5757637392772306 -0.23971772448475892 -0.26659560987660863
v -0.6049318265268036 -0.20588235294117652 -0.2866147008149801
v -0.5774760596984266 -0.20588235294117652 -0.24285714285714288
v -0.5663707874273647 -0.23052896724032484 -0.24285714285714288
v -0.5381180836606737 -0.2690669232741886 -0.24285714285714288
v 0.5411764705882351 -0.26354086828119616 -0.24285714285714288
v 0.5703512840299906 -0.24351824516247725 -0.26926200692351576
v 0.5862748448475563 -0.20588235294117652 -0.258333103381025
v 0.5774760596984266 -0.20588235294117652 -0.24285714285714288
v -0.6088235294117647 -0.13970588235294112 -0.24667308468293625
v -0.606880688208959 -0.20398174741669275 -0.2879522735844098
v -0.6067329214030491 -0.13970588235294112 -0.24285714285714288
v -0.5888712446829064 -0.18636381353251077 -0.24285714285714288
v 0.6063398294760454 -0.14213558881179705 -0.24456179405526085
v 0.6088235294117648 -0.13970588235294112 -0.24667308468293653
v 0.607193659111444 -0.13970588235294112 -0.24397578054773578
v 0.6067329214030491 -0.13970588235294112 -0.24285714285714288
v 0.6046452609337186 -0.14379331890755148 -0.24285714285714288
v 0.6286127398145744 -0.13970588235294112 -0.2757036785744691
v -0.6088235294117647 -0.13338221819985155 -0.24285714285714288
v -0.6338603825503446 -0.09802198548722962 -0.2600408215640564
v -0.6452980230040456 -0.07352941176470584 -0.2678908791425282
v -0.6306691899739433 -0.07352941176470584 -0.24285714285714288
v -0.6263792021903075 -0.09070343948284555 -0.24285714285714288
v -0.6073496903535158 -0.1382640832742194 -0.24285714285714288
v 0.6088235294117648 -0.13338221819985113 -0.24285714285714288
v 0.6331831025339589 -0.11587586516818586 -0.2725668768322828
v 0.6436299644600718 -0.07352941176470584 -0.2653968256345469
v 0.6306691899739433 -0.07352941176470584 -0.24285714285714288
v -0.6548703049458543 -0.05239869985112337 -0.2744606751336453
v -0.668598910068713 -0.007352941176470562 -0.28388310287324703
v -0.6456696874451018 -0.007352941176470562 -0.24285714285714288
v -0.6402759367698544 -0.038121600548514836 -0.24285714285714288
v 0.6489610577261814 -0.03426443841364596 -0.26173790758544685
v 0.6535408481774746 -0.007352941176470562 -0.2585946352570748
v 0.6456696874451018 -0.007352941176470562 -0.24285714285714288
v 0.6356358916199181 -0.047299926995860095 -0.24285714285714288
v -0.6764705882352942 0.05882352941176472 -0.28562382320425633
v -0.6700438183648257 -0.0010658836944906318 -0.2848747945920077
v -0.6532726920578382 0.05882352941176472 -0.24285714285714288
v -0.6494186854835343 0.019110876732859636 -0.24285714285714288
v 0.6570879819340516 0.03986228411707111 -0.2561601117781819
v 0.6764705882352939 0.05882352941176472 -0.28562382320425594
v 0.6588398186337332 0.05882352941176472 -0.25495776422964267
v 0.6532726920578382 0.05882352941176472 -0.24285714285714288
v 0.6497056577768743 0.03264044526765847 -0.24285714285714288
v 0.6782283948338305 0.05882352941176472 -0.28807926938423417
v -0.6764705882352942 0.06423851590328392 -0.2854866285249976
v -0.6764705882352942 0.125 -0.28391319990063413
v -0.6542993906369178 0.125 -0.24285714285714288
v -0.6536992422159154 0.08109984616985265 -0.24285714285714288
v 0.6764705882352939 0.06423851590328444 -0.28548662852499723
v 0.6593561543426414 0.10825761901805725 -0.2546033847524106
v 0.6764705882352939 0.125 -0.2839131999006338
v 0.6595714415098067 0.125 -0.254455625547617
v 0.6542993906369178 0.125 -0.24285714285714288
v 0.6538784227771444 0.1028989685735493 -0.24285714285714288
v 0.6782429329289125 0.06055734487291329 -0.2880692913748767
v 0.6790414740907282 0.125 -0.28752122430418947
v -0.6764705882352942 0.1314518250731283 -0.2847591957423449
v -0.6732858724251668 0.19117647058823528 -0.2870999310744157
v -0.64885071068159 0.19117647058823528 -0.24285714285714288
v -0.6519208932216591 0.14901600599159945 -0.24285714285714288
v 0.6764705882352939 0.13145182507312875 -0.28475919574234454
v 0.6570263671742079 0.17215494998499886 -0.2562024001692548
v 0.6557331174096187 0.19117647058823528 -0.2570900032685536
v 0.64885071068159 0.19117647058823528 -0.24285714285714288
v 0.651353305219855 0.1666052154644363 -0.24285714285714288
v 0.6789367934538968 0.12741259206167677 -0.2875930703313315
v -0.6716595210096914 0.19588294939589018 -0.28598370851907384
v -0.654359734621582 0.25735294117647056 -0.274110252644005
v -0.636364476534957 0.25735294117647056 -0.24285714285714288
v -0.6415129408425868 0.22537416912457933 -0.24285714285714288
v 0.6510503672637097 0.23248533370426852 -0.2603039404804973
v 0.6473152266324778 0.25735294117647056 -0.2628674997336099
v 0.636364476534957 0.25735294117647056 -0.24285714285714288
v 0.6436995477828579 0.22529431464691346 -0.24285714285714288
v -0.6292712915846437 0.30352616616080247 -0.25689116596337347
v -0.6198077215483433 0.32352941176470584 -0.25039598280181324
v -0.6152692001457187 0.32352941176470584 -0.24285714285714288
v -0.6173619612493355 0.31517659801056047 -0.24285714285714288
v 0.6420018194505008 0.28980996404045156 -0.2665142791970165
v 0.6340527927844766 0.32352941176470584 -0.2719699776230766
v 0.6152692001457187 0.32352941176470584 -0.24285714285714288
v 0.6313925571695874 0.27943133789607977 -0.24285714285714288
v -0.6088235294117647 0.3642296849766353 -0.26073091942909077
v -0.6088235294117647 0.3381218633911134 -0.24285714285714288
v -0.6088235294117647 0.3897058823529411 -0.2773980997642295
v -0.5880202121453136 0.3897058823529411 -0.24285714285714288
v 0.5973045005733532 0.3784372671849298 -0.25076306016549366
v 0.6088235294117648 0.33812186339111305 -0.24285714285714288
v 0.6088235294117648 0.3642296849766352 -0.2607309194290908
v 0.6088235294117648 0.3897058823529411 -0.27739809976422974
v 0.5934477353646214 0.3897058823529411 -0.2534100946721077
v 0.5880202121453135 0.3897058823529411 -0.24285714285714288
v 0.5951401869336079 0.3763200038417007 -0.24285714285714288
v 0.6297063385651782 0.3439582468060886 -0.2749531030344584
v 0.6147600491807513 0.3897058823529411 -0.28521127059333523
v 0.6137805830896436 0.32837870340610903 -0.24285714285714288
v -0.6088235294117647 0.3981079556346357 -0.28339092636427143
v -0.5581776552216043 0.4558823529411764 -0.2545256577763186
v -0.5503136218330593 0.4558823529411764 -0.24285714285714288
v -0.5594304271636481 0.4380252215087073 -0.24285714285714288
v 0.6088235294117648 0.3981079556346355 -0.28339092636427154
v 0.581059895939863 0.4287222767186639 -0.2619123074450008
v 0.5692388644050195 0.4558823529411764 -0.2700254998959338
v 0.5503136218330593 0.4558823529411764 -0.24285714285714288
v 0.5741594291228839 0.42197182004987993 -0.24285714285714288
v 0.6135644668863871 0.3943437559694195 -0.2860318410500262
v -0.5411764705882353 0.49049757253451065 -0.26500011577737503
v -0.5411764705882353 0.46875946618876285 -0.24285714285714288
v -0.5309766449491238 0.5220588235294117 -0.2822852128377527
v -0.5022137340747211 0.5220588235294117 -0.24285714285714288
v 0.5241643125825357 0.5054164950455753 -0.25453318919024714
v 0.5411764705882351 0.46875946618876296 -0.24285714285714288
v 0.5411764705882351 0.49049757253451076 -0.2650001157773749
v 0.5147129927148887 0.5220588235294117 -0.2610199646273589
v 0.5022137340747211 0.5220588235294117 -0.24285714285714288
v 0.5209028650716019 0.5022259485674878 -0.24285714285714288
v 0.5621509853927237 0.47640090003252383 -0.2748901621994039
v 0.5472699764842841 0.46184339131774604 -0.24285714285714288
v -0.47352941176470575 0.5537657802111249 -0.24285714285714288
v -0.47352941176470575 0.5657604682001806 -0.25862519532622247
v -0.47352941176470575 0.588235294117647 -0.28531839195139774
v -0.43819721808409706 0.588235294117647 -0.24285714285714288
v 0.46009017167469085 0.5750882114208932 -0.25208096913010347
v 0.47352941176470575 0.5537657802111249 -0.24285714285714288
v 0.47352941176470575 0.5657604682001806 -0.25862519532622247
v 0.47352941176470575 0.588235294117647 -0.28531839195139774
v 0.45050564755471206 0.588235294117647 -0.2586591673615175
v 0.43819721808409706 0.588235294117647 -0.24285714285714288
v 0.45775960117400677 0.5728083054963109 -0.24285714285714288
v 0.5020162412860714 0.5499263741481389 -0.2697341946452739
v 0.4758141153324553 0.588235294117647 -0.287717641340147
v 0.49084853676733553 0.539001445814593 -0.24285714285714288
v -0.47352941176470575 0.5904744105035281 -0.28771477866260403
v -0.4688149301700064 0.5928472869820267 -0.28604999865705416
v -0.40588235294117647 0.6162324375268454 -0.24285714285714288
v -0.40588235294117647 0.6285004163470761 -0.2610362158326862
v -0.3814420613245427 0.6544117647058822 -0.2725114768718135
v -0.35087250564163375 0.6544117647058822 -0.24285714285714288
v 0.38879112696557255 0.6376920871210523 -0.2545874563372934
v 0.4058823529411766 0.6162324375268453 -0.24285714285714288
v 0.4058823529411766 0.628500416347076 -0.26103621583268627
v 0.3734232444326554 0.6544117647058822 -0.2651349781999477
v 0.3508725056416337 0.6544117647058822 -0.24285714285714288
v 0.3854883129317571 0.6344610733923197 -0.24285714285714288
v 0.47352941176470575 0.5904744105035281 -0.28771477866260403
v 0.43434654254124216 0.6160806969872764 -0.2697497332247996
v 0.42315204206596035 0.605129555217979 -0.24285714285714288
v 0.47508263684602037 0.5897547534363243 -0.28821968092245176
v -0.3382352941176471 0.6629630337607588 -0.24285714285714288
v -0.3382352941176471 0.6816670502263253 -0.2701637520634352
v -0.29653005287971124 0.6952103702647326 -0.2606619307031559
v -0.2705882352941176 0.6993825752077019 -0.24285714285714288
v -0.2705882352941176 0.7049617829644007 -0.25382046338053166
v -0.2705882352941176 0.7205882352941178 -0.27854883996612734
v -0.3210455974832804 0.6712277722829801 -0.24285714285714288
v -0.21359708047915793 0.7205882352941178 -0.24285714285714288
v 0.2585008802204124 0.7087636488089714 -0.2511531225816424
v 0.2705882352941176 0.6993825752077019 -0.24285714285714288
v 0.2705882352941176 0.7049617829644007 -0.25382046338053166
v 0.2705882352941176 0.7205882352941178 -0.27854883996612734
v 0.24309205397232758 0.7205882352941178 -0.2617287455655764
v 0.21359708047915787 0.7205882352941178 -0.24285714285714288
v 0.2561470789375957 0.7064610171192592 -0.24285714285714288
v 0.31015524512637666 0.6931186221504836 -0.2621294746182321
v 0.33823529411764697 0.6629630337607589 -0.24285714285714288
v 0.33823529411764697 0.6816670502263255 -0.2701637520634352
v 0.27842538683180496 0.7205882352941178 -0.2839067997210282
v 0.30307108869154104 0.6861884691164053 -0.24285714285714288
v 0.35908344740091064 0.6748066972655967 -0.27497688858508923
v 0.34407051113393233 0.6601201291783353 -0.24285714285714288
v -0.2705882352941176 0.7258656486503613 -0.28558314808974655
v -0.26368044277837405 0.7273458584073451 -0.2845446517205611
v -0.2029411764705883 0.7249572431933703 -0.24285714285714288
v -0.2029411764705883 0.7441267168641589 -0.2727714145175267
v -0.17437210385361687 0.748536241115068 -0.2696777482970476
v -0.1352941176470588 0.7445102498301049 -0.24285714285714288
v -0.1352941176470588 0.7562888542352143 -0.26423861337783383
v -0.19715075155000877 0.7262527814120759 -0.24285714285714288
v -0.09483559055993773 0.7601672291836927 -0.2615175947631871
v -0.0676470588235294 0.7553080679059427 -0.24285714285714288
v -0.0676470588235294 0.7634367270181242 -0.25922375659998276
v -0.10699580459018143 0.7482713676323673 -0.24285714285714288
v -0.02234248380674196 0.7649079282453228 -0.2581915805009005
v 0 0.7587770296674685 -0.24285714285714288
v 0 0.7658125727111195 -0.25755689343124644
v -0.03049256073546286 0.756935026902009 -0.24285714285714288
v 0.0447562231931889 0.7643714971135417 -0.25856793377113435
v 0.0676470588235294 0.7553080679059427 -0.24285714285714288
v 0.0676470588235294 0.7634367270181242 -0.25922375659998276
v 0.037393395137235934 0.7571687305370659 -0.24285714285714288
v 0.10763738247248206 0.7597092040811366 -0.26183893935894864
v 0.1352941176470588 0.7445102498301049 -0.24285714285714288
v 0.1352941176470588 0.7562888542352143 -0.26423861337783383
v 0.09909758325239397 0.7513550526701809 -0.24285714285714288
v 0.16704616578693726 0.7516500215179118 -0.267493159506481
v 0.2029411764705884 0.7249572431933702 -0.24285714285714288
v 0.2029411764705884 0.7441267168641589 -0.27277141451752673
v 0.15555291869590418 0.7404066276245099 -0.24285714285714288
v 0.2705882352941176 0.7258656486503613 -0.28558314808974655
v 0.22297131111110619 0.7401829322250592 -0.2755383237405141
v 0.2063985625240564 0.723970460781206 -0.24285714285714288
v 0.274907733249843 0.7248138311203709 -0.28632108991237476
v -0.13664284559574127 -0.5380841136582379 -0.1973542511697479
v -0.1352941176470588 -0.5382148006697863 -0.1964285714285714
v -0.1352941176470588 -0.5383522391353243 -0.19754236459970365
v -0.14064328390871475 -0.5367647058823529 -0.20009989361436634
v -0.14031423637343993 -0.5367647058823529 -0.1964285714285714
v -0.13653201612535895 -0.5379756935241683 -0.1964285714285714
v -0.08060454921925322 -0.5494405117042567 -0.20532175583060547
v -0.0676470588235294 -0.5499678262350205 -0.1964285714285714
v -0.0676470588235294 -0.5509577147767539 -0.20638620624019877
v -0.07966133456276181 -0.5485178017142107 -0.1964285714285714
v -0.017804488033698003 -0.5541821398283618 -0.20864842191132688
v 0 -0.5537253962034684 -0.1964285714285714
v 0 -0.5548797516763625 -0.209137857525321
v -0.01663468129352396 -0.553037763669496 -0.1964285714285714
v 0.0525174784411556 -0.5515653823433708 -0.20681253808852362
v 0.0676470588235294 -0.5499678262350205 -0.1964285714285714
v 0.0676470588235294 -0.5509577147767539 -0.20638620624019877
v 0.05354356645851795 -0.5505616005872555 -0.1964285714285714
v 0.13343084488511145 -0.5385874727146926 -0.1977074014918955
v 0.1352941176470588 -0.5382148006697863 -0.1964285714285714
v 0.1352941176470588 -0.5383522391353243 -0.19754236459970365
v 0.1335890963948418 -0.5384326614551739 -0.1964285714285714
v 0.13862002288602263 -0.5367647058823529 -0.24057445634220187
v 0.14031423637343995 -0.5367647058823529 -0.1964285714285714
v -0.28949509216956687 -0.48908407354183975 -0.20940501667538597
v -0.2705882352941176 -0.4947235883578944 -0.1964285714285714
v -0.2705882352941176 -0.4960938608345706 -0.21432299442679395
v -0.3161431127497274 -0.47058823529411764 -0.22769449663878807
v -0.31504982341630583 -0.47058823529411764 -0.1964285714285714
v -0.2882317186891282 -0.4878481647022802 -0.1964285714285714
v -0.2431491594647174 -0.509922131701418 -0.2240247336698837
v -0.2029411764705883 -0.5208621114373254 -0.1964285714285714
v -0.2029411764705883 -0.5216778620023734 -0.23227240476991917
v -0.24169694551793053 -0.5085014876230395 -0.1964285714285714
v -0.19145418651206222 -0.5255274330968384 -0.23497321496635326
v -0.19078354904280082 -0.5248713747029956 -0.1964285714285714
v 0.2029411764705884 -0.5208621114373254 -0.1964285714285714
v 0.2029411764705884 -0.5216778620023734 -0.23227240476991917
v 0.23056063821843822 -0.509745667215978 -0.22390092842771792
v 0.2705882352941176 -0.4947235883578944 -0.1964285714285714
v 0.2705882352941176 -0.4960938608345706 -0.21432299442679395
v 0.23169096908724887 -0.5086399087573589 -0.1964285714285714
v 0.313596626411355 -0.47058823529411764 -0.2133389613760575
v 0.3150498234163059 -0.47058823529411764 -0.1964285714285714
v -0.41008734565770877 -0.4085253445372727 -0.19931460680234048
v -0.40588235294117647 -0.4105543122721179 -0.1964285714285714
v -0.40588235294117647 -0.4111119399692357 -0.20112932931174946
v -0.41385719683376015 -0.40441176470588236 -0.20190198913124532
v -0.4132004128792668 -0.40441176470588236 -0.1964285714285714
v -0.4097652108108409 -0.4082102126218584 -0.1964285714285714
v -0.37492289005035134 -0.440301804205267 -0.22160856739480636
v -0.3382352941176471 -0.4580857360073889 -0.1964285714285714
v -0.3382352941176471 -0.4588053072723415 -0.2345903901815475
v -0.3733018522576237 -0.4387160063645551 -0.1964285714285714
v -0.3311459923372945 -0.4636530487698597 -0.23799150405758415
v -0.33067189081336834 -0.4631892538008015 -0.1964285714285714
v 0.33823529411764697 -0.458085736007389 -0.1964285714285714
v 0.33823529411764697 -0.45880530727234153 -0.23459039018154756
v 0.3852501484990976 -0.4245954429644378 -0.2105891837940976
v 0.4058823529411766 -0.41055431227211786 -0.1964285714285714
v 0.4058823529411766 -0.4111119399692357 -0.20112932931174943
v 0.3862761323382487 -0.42359176312179003 -0.1964285714285714
v 0.4125700398686475 -0.40441176470588236 -0.23826714654977932
v 0.4132004128792669 -0.40441176470588236 -0.1964285714285714
v -0.479680873190546 -0.3442530281211864 -0.2006505371897847
v -0.47352941176470575 -0.3483358827168673 -0.1964285714285714
v -0.47352941176470575 -0.34919337486605023 -0.2041166217314193
v -0.48387051779765006 -0.3382352941176471 -0.20352603861267293
v -0.48301204700510336 -0.3382352941176471 -0.1964285714285714
v -0.47920641687645155 -0.3437888860747897 -0.1964285714285714
v -0.4488243071983149 -0.3802437276300652 -0.22590115494045843
v -0.4472858748774433 -0.3787387394900821 -0.1964285714285714
v 0.47352941176470575 -0.3483358827168673 -0.1964285714285714
v 0.47352941176470575 -0.34919337486605023 -0.2041166217314193
v 0.4824054850394861 -0.3382352941176471 -0.23676517952258866
v 0.48301204700510336 -0.3382352941176471 -0.1964285714285714
v -0.5133345512292476 -0.31099863387515925 -0.2237482478933657
v -0.536078622746756 -0.2720588235294118 -0.2393583094007239
v -0.5354442742159673 -0.2720588235294118 -0.1964285714285714
v -0.5116575199258789 -0.3093580597740377 -0.1964285714285714
v 0.5112832120498656 -0.3013022286212951 -0.21694537309621015
v 0.5350340918751351 -0.2720588235294118 -0.2006443034024693
v 0.5354442742159672 -0.2720588235294118 -0.1964285714285714
v 0.5125528561936676 -0.30006018543714086 -0.1964285714285714
v -0.5675481258280609 -0.23168071132796242 -0.21452837207453868
v -0.5411764705882353 -0.26313449529842886 -0.1964285714285714
v -0.5411764705882353 -0.26407370889853 -0.23725488783039722
v -0.5787134891265028 -0.20588235294117652 -0.22219155620173023
v -0.5769426454575063 -0.20588235294117652 -0.1964285714285714
v -0.5658642481453098 -0.2300334396817929 -0.1964285714285714
v -0.5383183219641887 -0.2692628085711054 -0.24089549426734697
v -0.5379482858636813 -0.2689008167336524 -0.1964285714285714
v 0.5411764705882351 -0.2631344952984289 -0.1964285714285714
v 0.5411764705882351 -0.2640737088985301 -0.2372548878303973
v 0.5756966656893796 -0.20588235294117652 -0.21916471081567424
v 0.5769426454575063 -0.20588235294117652 -0.1964285714285714
v -0.5898714664593954 -0.18734229135733696 -0.2298496710792745
v -0.6068743193479239 -0.13970588235294112 -0.24151933098102857
v -0.606357261415612 -0.13970588235294112 -0.1964285714285714
v -0.5883997996964496 -0.1859026173501074 -0.1964285714285714
v 0.6035840670603314 -0.14483144334890857 -0.20002459993685334
v 0.6061798648037627 -0.13970588235294112 -0.19824301204462247
v 0.606357261415612 -0.13970588235294112 -0.1964285714285714
v 0.6039298327507162 -0.14449319430396687 -0.1964285714285714
v -0.6272218137902823 -0.09152773343934259 -0.20905596536538004
v -0.6088235294117647 -0.13227948223473854 -0.1964285714285714
v -0.6088235294117647 -0.1337380625437002 -0.23867019626081828
v -0.6316239830979534 -0.07352941176470584 -0.2120773300144339
v -0.6299923753158999 -0.07352941176470584 -0.1964285714285714
v -0.6258149953070142 -0.0901514979665804 -0.1964285714285714
v -0.607447052985539 -0.13835932932728562 -0.24191241835342903
v -0.6070778846476879 -0.13799818638808342 -0.1964285714285714
v 0.6088235294117648 -0.13227948223473823 -0.1964285714285714
v 0.6088235294117648 -0.1337380625436998 -0.238670196260818
v 0.6290750536199986 -0.07352941176470584 -0.22895780481360345
v 0.6299923753158999 -0.07352941176470584 -0.1964285714285714
v -0.641445728888453 -0.039265962403665575 -0.21881834187685745
v -0.6468294407583061 -0.007352941176470562 -0.22251337393660137
v -0.6449699112276113 -0.007352941176470562 -0.1964285714285714
v -0.6395935086837575 -0.03745400785559402 -0.1964285714285714
v 0.6338614152363202 -0.0490358278059015 -0.2256727553812833
v 0.6437999443170833 -0.007352941176470562 -0.21885159101218812
v 0.6449699112276113 -0.007352941176470562 -0.1964285714285714
v 0.6348763664940394 -0.048042940705958756 -0.1964285714285714
v -0.6505469431184234 0.01800714643785941 -0.22506482741978753
v -0.6543278857974776 0.05882352941176472 -0.22765982223988365
v -0.6525988473237374 0.05882352941176472 -0.1964285714285714
v -0.6487505309041601 0.019764506212682297 -0.1964285714285714
v 0.6478427578681082 0.030818043182995962 -0.21607686494145364
v 0.65150646081247 0.05882352941176472 -0.2135623359020003
v 0.6525988473237374 0.05882352941176472 -0.1964285714285714
v 0.6489817317136262 0.03193225672752438 -0.1964285714285714
v -0.6547450177986952 0.08007680483887236 -0.2279461147003467
v -0.6553305881715564 0.125 -0.22834801237861485
v -0.6536307693348953 0.125 -0.1964285714285714
v -0.6530317739444398 0.08175280426151356 -0.1964285714285714
v 0.6521229682325294 0.10118167608425195 -0.2131392050329534
v 0.652559286413315 0.125 -0.21283974441819056
v 0.6536307693348953 0.125 -0.1964285714285714
v 0.6532030834332996 0.1022383105197881 -0.1964285714285714
v -0.6530008374462665 0.14795953881535312 -0.22674902197399036
v -0.6499827053908878 0.19117647058823528 -0.22467757109126146
v -0.648158973063755 0.19117647058823528 -0.1964285714285714
v -0.6512154162515819 0.14970614650580552 -0.1964285714285714
v 0.6495622465795793 0.16485309288155778 -0.21489671896246262
v 0.6470048355183754 0.19117647058823528 -0.21665196071564916
v 0.648158973063755 0.19117647058823528 -0.1964285714285714
v 0.6506888610051309 0.1659552156891626 -0.1964285714285714
v -0.6426459159897844 0.2242658238718861 -0.21964207277559736
v -0.6374652121685802 0.25735294117647056 -0.21608637232688271
v -0.6356664241751436 0.25735294117647056 -0.1964285714285714
v -0.6407553695901569 0.2261152714367391 -0.1964285714285714
v 0.6418406496822746 0.22347582737460372 -0.2201963242863891
v 0.6345891535035534 0.25735294117647056 -0.22517328284383442
v 0.6356664241751436 0.25735294117647056 -0.1964285714285714
v 0.643019848565851 0.2246293914998415 -0.1964285714285714
v -0.6174870741559036 0.3150542049497872 -0.20237466890824446
v -0.615367042722553 0.32352941176470584 -0.20091961627852245
v -0.6147454857899217 0.32352941176470584 -0.1964285714285714
v -0.6166899366712959 0.3158340133586427 -0.1964285714285714
v 0.629770606402305 0.2778446469280861 -0.2284804223139459
v 0.6146560499782148 0.32352941176470584 -0.23885407749942408
v 0.6147454857899217 0.32352941176470584 -0.1964285714285714
v 0.6307518953762482 0.27880460353303055 -0.1964285714285714
v -0.6088235294117647 0.3369227804106914 -0.23346052548964188
v -0.6088235294117647 0.33710169625442354 -0.1964285714285714
v -0.5890663823097646 0.3897058823529411 -0.2292971133244037
v -0.5875120711943764 0.3897058823529411 -0.1964285714285714
v 0.5939149537395642 0.3751214061518754 -0.20666085473154133
v 0.6088235294117648 0.33710169625442343 -0.1964285714285714
v 0.6088235294117648 0.33692278041069107 -0.2334605254896421
v 0.5864220968115441 0.3897058823529411 -0.2118034677163005
v 0.5875120711943764 0.3897058823529411 -0.1964285714285714
v 0.5947280179726432 0.3759167950755396 -0.1964285714285714
v 0.6133515463661312 0.32795899356789043 -0.23974940451268636
v 0.6134224671533385 0.3280283725988541 -0.1964285714285714
v -0.5601913265377995 0.4372808634252984 -0.20947914026352074
v -0.5507682941106785 0.4558823529411764 -0.20301177949832283
v -0.549925557659098 0.4558823529411764 -0.1964285714285714
v -0.5587410197742133 0.43869964178098053 -0.1964285714285714
v 0.5723656399741927 0.4202170263174647 -0.22145091169473108
v 0.5495051019525206 0.4558823529411764 -0.23714090828724513
v 0.5499255576590981 0.4558823529411764 -0.1964285714285714
v 0.5736072184906664 0.4214316139966238 -0.1964285714285714
v -0.5411764705882353 0.4677561781736043 -0.23452661785280457
v -0.5411764705882353 0.4683153024618922 -0.1964285714285714
v -0.503529135682073 0.5220588235294117 -0.2170184440550874
v -0.5018742215452482 0.5220588235294117 -0.1964285714285714
v 0.5194587917133364 0.5008132681083151 -0.211334183327182
v 0.5411764705882351 0.46831530246189246 -0.1964285714285714
v 0.5411764705882351 0.46775617817360443 -0.2345266178528045
v 0.5005792460536707 0.5220588235294117 -0.22429188391968555
v 0.5018742215452482 0.5220588235294117 -0.1964285714285714
v 0.5205358087392025 0.5018668717205754 -0.1964285714285714
v 0.5467810777997607 0.4613651208654948 -0.23901050250389091
v 0.5470776968934719 0.46165529171803843 -0.1964285714285714
v -0.47352941176470575 0.5522224374372913 -0.22169473436939244
v -0.47352941176470575 0.5535260640223685 -0.1964285714285714
v -0.43963239927091957 0.588235294117647 -0.21959242310209082
v -0.43804908575929524 0.588235294117647 -0.1964285714285714
v 0.456598235443227 0.571672186846635 -0.20804903716474168
v 0.47352941176470575 0.5535260640223685 -0.1964285714285714
v 0.47352941176470575 0.5522224374372913 -0.22169473436939244
v 0.43662017956239346 0.588235294117647 -0.22176068421338835
v 0.43804908575929524 0.588235294117647 -0.1964285714285714
v 0.4575284527284738 0.5725821820169853 -0.1964285714285714
v 0.4896122821627067 0.5377920663100648 -0.23181889950944656
v 0.49060303551883583 0.5387612815497563 -0.1964285714285714
v -0.40588235294117647 0.6161392248097142 -0.1964285714285714
v -0.40588235294117647 0.6147786232749994 -0.2242346801784924
v -0.35204160335410506 0.6544117647058822 -0.20590433025235155
v -0.35107168750423806 0.6544117647058822 -0.1964285714285714
v 0.3841735198061728 0.6331748627259873 -0.2113281121827199
v 0.4058823529411766 0.6161392248097141 -0.1964285714285714
v 0.4058823529411766 0.6147786232749993 -0.2242346801784925
v 0.3499668250325197 0.6544117647058822 -0.23480537785035135
v 0.351071687504238 0.6544117647058822 -0.1964285714285714
v 0.3852994039588673 0.634276271136232 -0.1964285714285714
v 0.4219425636565236 0.603946369817443 -0.23183445165188915
v 0.42300570116172415 0.6049863956377479 -0.1964285714285714
v -0.3382352941176471 0.6630779476532672 -0.1964285714285714
v -0.3382352941176471 0.662282860869929 -0.23733488173887518
v -0.32201627038667013 0.6702782009644467 -0.23172545265668976
v -0.2705882352941176 0.6994891576140742 -0.1964285714285714
v -0.2705882352941176 0.6982553091650961 -0.21209706880798015
v -0.3206219083380824 0.6716422507945868 -0.1964285714285714
v -0.21520922367153883 0.7205882352941178 -0.20484856655717412
v -0.21445306092617453 0.7205882352941178 -0.1964285714285714
v 0.2552510758439766 0.7055844923537623 -0.20695500695180485
v 0.2705882352941176 0.6994891576140742 -0.1964285714285714
v 0.2705882352941176 0.6982553091650961 -0.21209706880798015
v 0.21292237562789867 0.7205882352941178 -0.23600669250383363
v 0.21445306092617442 0.7205882352941178 -0.1964285714285714
v 0.2561652063954419 0.7064787505019349 -0.1964285714285714
v 0.3014776449252393 0.6846296654319797 -0.22165664742708724
v 0.33823529411764697 0.6630779476532672 -0.1964285714285714
v 0.33823529411764697 0.662282860869929 -0.23733488173887515
v 0.30290175677420866 0.6860228183277106 -0.1964285714285714
v 0.34362435456147766 0.6596836716618035 -0.23915843988171873
v 0.3441955617870561 0.6602424613389999 -0.1964285714285714
v -0.2029411764705883 0.7252773776646295 -0.1964285714285714
v -0.2029411764705883 0.7245901955802532 -0.24004941833893356
v -0.19759413212219118 0.7258190395479844 -0.23918727701554116
v -0.1352941176470588 0.7446829719894847 -0.1964285714285714
v -0.1352941176470588 0.7432009271573105 -0.22699236539122036
v -0.19669717456631824 0.7266964980265559 -0.1964285714285714
v -0.10831266913549971 0.7469831305771647 -0.22433881949983056
v -0.0676470588235294 0.7554836592066749 -0.1964285714285714
v -0.0676470588235294 0.7539764023995726 -0.21943242879268088
v -0.10670696122125517 0.7485539317976213 -0.1964285714285714
v -0.031803140175109705 0.7556529383197457 -0.21825619248043243
v 0 0.7589640976163081 -0.1964285714285714
v 0 0.7575103897693451 -0.21695302813007855
v -0.030271296035308683 0.7571514814999858 -0.1964285714285714
v 0.03604095150679776 0.7558456878551155 -0.2181209618540301
v 0.0676470588235294 0.7554836592066749 -0.1964285714285714
v 0.0676470588235294 0.7539764023995726 -0.21943242879268088
v 0.037544080321506676 0.7573161399564612 -0.1964285714285714
v 0.09764214528535813 0.7499312546589502 -0.2222704530805461
v 0.1352941176470588 0.7446829719894847 -0.1964285714285714
v 0.1352941176470588 0.7432009271573105 -0.22699236539122036
v 0.09917180134197076 0.7514276573230277 -0.1964285714285714
v 0.15424898674234225 0.7391310420177646 -0.22984774512404463
v 0.2029411764705884 0.7252773776646294 -0.1964285714285714
v 0.2029411764705884 0.7245901955802532 -0.24004941833893362
v 0.15561572603007356 0.7404680695818495 -0.1964285714285714
v 0.2061236778932913 0.7237015519032837 -0.24067287945833124
v 0.20667932382722018 0.7242451185777793 -0.1964285714285714
v -0.07145664021629965 -0.6066679408765592 -0.15261465058323676
v -0.0676470588235294 -0.6102575077528863 -0.15000000000000002
v -0.0676470588235294 -0.6068318914241015 -0.15272967620548075
v -0.0676470588235294 -0.6029411764705883 -0.15483536878756218
v -0.07383752539534999 -0.6029411764705883 -0.1542487363738272
v -0.11557653958914689 -0.6029411764705883 -0.15000000000000002
v -0.07430961033260436 -0.609458889903379 -0.15000000000000002
v -0.0057246790326632505 -0.6085414059590633 -0.15392904989508877
v 0 -0.6136497608962229 -0.15000000000000002
v 0 -0.6086255767716903 -0.15398810306839222
v 0 -0.6029411764705883 -0.15714331623083755
v -0.009930487932463587 -0.6029411764705883 -0.15681564544433063
v -0.01051102344614279 -0.6132236994070324 -0.15000000000000002
v 0.06360839401915017 -0.6068920442140028 -0.15277187863903047
v 0.0676470588235294 -0.6102575077528863 -0.15000000000000002
v 0.0676470588235294 -0.6068318914241015 -0.15272967620548075
v 0.0676470588235294 -0.6029411764705883 -0.15483536878756218
v 0.060245365077532635 -0.6029411764705883 -0.15508004446542015
v 0.059841085136521414 -0.610577455077444 -0.15000000000000002
v 0.11557653958914689 -0.6029411764705883 -0.15000000000000002
v -0.28113715492238756 -0.5470843011708779 -0.15724009701194927
v -0.2705882352941176 -0.5602111653665973 -0.15000000000000002
v -0.2705882352941176 -0.5485129462246205 -0.15824241624013066
v -0.2705882352941176 -0.5367647058823529 -0.16489234105508765
v -0.2858054625432733 -0.5367647058823529 -0.16044412180765039
v -0.3192901622021863 -0.5367647058823529 -0.15000000000000002
v -0.2877428592231777 -0.5535464032042596 -0.15000000000000002
v -0.22449806791847718 -0.5578529692552878 -0.16479525779497967
v -0.2029411764705883 -0.5840747112368229 -0.15000000000000002
v -0.2029411764705883 -0.5605415309590208 -0.16668151854585267
v -0.2029411764705883 -0.5367647058823529 -0.18281914394083293
v -0.23715341252091304 -0.5367647058823529 -0.1734810688419931
v -0.2396847336273994 -0.5727094900574944 -0.15000000000000002
v -0.16511727400938048 -0.5659395327585371 -0.17046868806233875
v -0.1352941176470588 -0.6001686439211878 -0.15000000000000002
v -0.1352941176470588 -0.5689634772099997 -0.17259024909019027
v -0.1875341066500042 -0.5367647058823529 -0.18585415394301524
v -0.18799420396918387 -0.5883191381539971 -0.15000000000000002
v -0.0676470588235294 -0.5740413431499012 -0.17615281535278782
v -0.1033490667063224 -0.5716905831589983 -0.17450355199409087
v -0.13287557260961505 -0.600575208499176 -0.15000000000000002
v 0 -0.5757463009716631 -0.1773489921102779
v -0.03893867026132772 -0.5748568833119128 -0.1767249879743895
v 0.0676470588235294 -0.5740413431499012 -0.17615281535278782
v 0.02862587691240409 -0.574937601230193 -0.1767816186408655
v 0.09995689468855568 -0.5713337283417582 -0.17425318718580493
v 0.1352941176470588 -0.6001686439211878 -0.15000000000000002
v 0.1352941176470588 -0.5689634772099997 -0.17259024909019027
v 0.17570492911921828 -0.5634088608999975 -0.16869320082190303
v 0.2029411764705884 -0.5840747112368228 -0.15000000000000002
v 0.2029411764705884 -0.5605415309590208 -0.16668151854585267
v 0.2029411764705884 -0.5367647058823529 -0.18281914394083293
v 0.13921236520589064 -0.5991081082065137 -0.15000000000000002
v 0.25668054640305826 -0.5503700537105632 -0.1595453392699507
v 0.2705882352941176 -0.5602111653665973 -0.15000000000000002
v 0.2705882352941176 -0.5485129462246205 -0.15824241624013066
v 0.2705882352941176 -0.5367647058823529 -0.16489234105508765
v 0.23495731254514762 -0.5367647058823529 -0.17445476375006952
v 0.23429894916292202 -0.5722650944889575 -0.15000000000000002
v 0.31929016220218637 -0.5367647058823529 -0.15000000000000002
v -0.4120940606097925 -0.4766649058395029 -0.15426331489057188
v -0.40588235294117647 -0.4860244976177218 -0.15000000000000002
v -0.40588235294117647 -0.4778890852373252 -0.15512218361094884
v -0.40588235294117647 -0.47058823529411764 -0.15870020059155282
v -0.4140459277857212 -0.47058823529411764 -0.15560295043678382
v -0.4264957235760311 -0.47058823529411764 -0.15000000000000002
v -0.4155877094970488 -0.48008260583790585 -0.15000000000000002
v -0.36113374497649875 -0.49298889374299426 -0.16571601751492615
v -0.3382352941176471 -0.5275552051650557 -0.15000000000000002
v -0.3382352941176471 -0.4978003793154262 -0.1690916946943149
v -0.3382352941176471 -0.47058823529411764 -0.18674709405585013
v -0.37121981654809916 -0.47058823529411764 -0.17263844551903698
v -0.375888840285189 -0.5074232261101913 -0.15000000000000002
v -0.2705882352941176 -0.513995166461093 -0.18045375170762393
v -0.30708563813268075 -0.5062922163318424 -0.17504945971218153
v -0.32905394065268667 -0.47058823529411764 -0.19012708349144022
v -0.33228969922881757 -0.5309483630563241 -0.15000000000000002
v -0.2029411764705883 -0.5273116390644721 -0.18979641978808992
v -0.25151205679586763 -0.5181032269166735 -0.18333591475741223
v -0.1946195982586856 -0.528624031544622 -0.1907171776868618
v 0.2029411764705884 -0.5273116390644721 -0.18979641978808992
v 0.2705882352941176 -0.513995166461093 -0.18045375170762393
v 0.21525693304901092 -0.5247166831425917 -0.18797583166511989
v 0.30225380927856316 -0.5057875139410475 -0.174695366923719
v 0.33823529411764697 -0.5275552051650558 -0.15000000000000002
v 0.33823529411764697 -0.49780037931542626 -0.16909169469431495
v 0.33823529411764697 -0.47058823529411764 -0.18674709405585024
v 0.3960907989028936 -0.4801669294620031 -0.15672029019397682
v 0.4058823529411766 -0.4860244976177217 -0.15000000000000002
v 0.4058823529411766 -0.4778890852373252 -0.15512218361094882
v 0.4058823529411766 -0.47058823529411764 -0.15870020059155276
v 0.37347183444371423 -0.47058823529411764 -0.1722444862979477
v 0.36530506693162357 -0.5102834063904194 -0.15000000000000002
v 0.4264957235760311 -0.47058823529411764 -0.15000000000000002
v -0.4836035733797452 -0.41426692280755134 -0.1569142537792662
v -0.47352941176470575 -0.4324573768078506 -0.15000000000000002
v -0.47352941176470575 -0.416800236380338 -0.15869159441287206
v -0.47352941176470575 -0.40441176470588236 -0.16460211820026086
v -0.48632792628716565 -0.40441176470588236 -0.15878407363187463
v -0.5030506041180421 -0.40441176470588236 -0.15000000000000002
v -0.4893186594283032 -0.41985776785505374 -0.15000000000000002
v -0.40588235294117647 -0.44139387167042676 -0.17594617663226764
v -0.4349599679183684 -0.43285725761835275 -0.1699569966147808
v -0.4464900033821326 -0.40441176470588236 -0.17787046815978672
v -0.4536771749104226 -0.45116756880623193 -0.15000000000000002
v -0.3382352941176471 -0.46350570411018305 -0.1914595574868268
v -0.3840029411378736 -0.449184462877843 -0.1814119564952486
v -0.332715569630585 -0.4651885048176439 -0.19264018909428346
v 0.33823529411764697 -0.4635057041101831 -0.19145955748682686
v 0.4058823529411766 -0.4413938716704267 -0.1759461766322676
v 0.349411624861509 -0.45965486826207874 -0.18875785995529967
v 0.45465460899366883 -0.42287624567754895 -0.16295444538012166
v 0.47352941176470575 -0.4324573768078506 -0.15000000000000002
v 0.47352941176470575 -0.416800236380338 -0.15869159441287206
v 0.47352941176470575 -0.40441176470588236 -0.16460211820026086
v 0.5030506041180421 -0.40441176470588236 -0.15000000000000002
v -0.5490603270228638 -0.3459477623689141 -0.1554109697889842
v -0.5411764705882353 -0.3629334566905887 -0.15000000000000002
v -0.5411764705882353 -0.348303473463188 -0.15706370677893508
v -0.5411764705882353 -0.3382352941176471 -0.16123790969670657
v -0.5507631340333369 -0.3382352941176471 -0.1565796665259859
v -0.5617198866509931 -0.3382352941176471 -0.15000000000000002
v -0.5534802095907795 -0.3502715605331794 -0.15000000000000002
v -0.47352941176470575 -0.3784783886205593 -0.17823404407982096
v -0.5033683836999053 -0.3674255927499075 -0.1704795428499351
v -0.5130433858990815 -0.3382352941176471 -0.1771198393903634
v -0.5224837561064011 -0.386125413582349 -0.15000000000000002
v -0.4553580090778559 -0.3866353925122249 -0.1839568944292117
v 0.47352941176470575 -0.3784783886205593 -0.17823404407982096
v 0.5235337744703722 -0.35549445336338253 -0.16210880696288107
v 0.5411764705882351 -0.36293345669058874 -0.15000000000000002
v 0.5411764705882351 -0.348303473463188 -0.15706370677893508
v 0.5411764705882351 -0.3382352941176471 -0.16123790969670657
v 0.561719886650993 -0.3382352941176471 -0.15000000000000002
v -0.5411764705882353 -0.3074891072311662 -0.17485743713678642
v -0.5664332887320722 -0.29676658040925236 -0.16733464847760243
v -0.5411764705882353 -0.2720588235294118 -0.1920634893114409
v -0.5725170025942619 -0.2720588235294118 -0.17151011668736613
v -0.6071351715316098 -0.2720588235294118 -0.15000000000000002
v -0.5825403524546255 -0.31252349057261963 -0.15000000000000002
v -0.5209983601194805 -0.31849583822430005 -0.18257961983355653
v -0.5379041427888439 -0.2720588235294118 -0.19418265700725004
v 0.5411764705882351 -0.30748910723116624 -0.17485743713678645
v 0.5411764705882351 -0.2720588235294118 -0.19206348931144096
v 0.6071351715316098 -0.2720588235294118 -0.15000000000000002
v 0.6031035040493025 -0.2776545005144292 -0.15000000000000002
v -0.6237733103535807 -0.22050713864512708 -0.16026056393832722
v -0.6088235294117647 -0.26909042592551713 -0.15000000000000002
v -0.6088235294117647 -0.2270562866542591 -0.16485536301775
v -0.6088235294117647 -0.20588235294117652 -0.17222818508185198
v -0.6261607069046915 -0.20588235294117652 -0.16189911871408952
v -0.6436893741947012 -0.20588235294117652 -0.15000000000000002
v -0.6330439345419244 -0.22957622752502846 -0.15000000000000002
v -0.5411764705882353 -0.26817705275889925 -0.19370517034830703
v -0.5810717242621792 -0.2449103184917739 -0.17738152503708576
v -0.5910515302921251 -0.20588235294117652 -0.18423101923776292
v -0.6077995092246492 -0.2710570646507119 -0.15000000000000002
v -0.5387509198334366 -0.2696860021388479 -0.19476383007201706
v 0.5411764705882351 -0.26817705275889925 -0.19370517034830703
v 0.5519958876626083 -0.2614746111740468 -0.1890028224427439
v 0.6088235294117648 -0.26909042592551696 -0.15000000000000002
v 0.6088235294117648 -0.227056286654259 -0.16485536301774995
v 0.6088235294117648 -0.20588235294117652 -0.1722281850818519
v 0.6436893741947012 -0.20588235294117652 -0.15000000000000002
v -0.6088235294117647 -0.18191153275556365 -0.17961094837771288
v -0.6357337933361185 -0.16603114053980894 -0.16846946685491357
v -0.6088235294117647 -0.13970588235294112 -0.19423081563957326
v -0.6399703844653685 -0.13970588235294112 -0.17137718933803242
v -0.6706684724554977 -0.13970588235294112 -0.15000000000000002
v -0.6542097036191538 -0.18410540059930003 -0.15000000000000002
v -0.5946632856420077 -0.1920299405577186 -0.18670989480398667
v -0.607292191904019 -0.13970588235294112 -0.1953775602819509
v 0.6088235294117648 -0.18191153275556357 -0.17961094837771283
v 0.6088235294117648 -0.13970588235294112 -0.19423081563957315
v 0.6706684724554977 -0.13970588235294112 -0.15000000000000002
v 0.6661592814485496 -0.1497930302964954 -0.15000000000000002
v -0.6836711873292775 -0.08057347609577642 -0.1549420260862432
v -0.6764705882352942 -0.12054313520739733 -0.15000000000000002
v -0.6764705882352942 -0.08439343871762237 -0.15762206335426843
v -0.6764705882352942 -0.07352941176470584 -0.15977521031295597
v -0.6842984653705119 -0.07352941176470584 -0.15537254921392274
v -0.6913160553362907 -0.07352941176470584 -0.15000000000000002
v -0.6884087864228191 -0.08520808390467587 -0.15000000000000002
v -0.6088235294117647 -0.13741559582386914 -0.19482173548277804
v -0.6454788283514448 -0.10938785637961022 -0.17515782939648847
v -0.6505119981407117 -0.07352941176470584 -0.17861227201583008
v -0.6721819915097518 -0.1355105159909975 -0.15000000000000002
v -0.6075486431422307 -0.13845871100231008 -0.19555357184606517
v 0.6088235294117648 -0.13741559582386906 -0.19482173548277798
v 0.6208341336204837 -0.127956378235716 -0.18818526853997855
v 0.6764705882352939 -0.1205431352073981 -0.15000000000000002
v 0.6764705882352939 -0.08439343871762255 -0.15762206335426857
v 0.6764705882352939 -0.07352941176470584 -0.15977521031295616
v 0.6913160553362907 -0.07352941176470584 -0.15000000000000002
v -0.6764705882352942 -0.030455532550036975 -0.16620848474145453
v -0.6905642787531319 -0.02114024711783359 -0.15967299877155947
v -0.6764705882352942 -0.007352941176470562 -0.16970863095919594
v -0.6914710669007924 -0.007352941176470562 -0.16029535958097865
v -0.7050492211260445 -0.007352941176470562 -0.15000000000000002
v -0.7009046492547779 -0.03125582695640037 -0.15000000000000002
v -0.6533414183513211 -0.05090304992168879 -0.1805542032783912
v -0.6579217418533755 -0.007352941176470562 -0.18369784145837256
v 0.6764705882352939 -0.030455532550037183 -0.1662084847414547
v 0.6764705882352939 -0.007352941176470562 -0.16970863095919608
v 0.7050492211260445 -0.007352941176470562 -0.15000000000000002
v 0.6945132712309702 -0.05587896100806603 -0.15000000000000002
v -0.6764705882352942 0.02671001580531865 -0.1725304333556336
v -0.694529675714656 0.04115703079064993 -0.16239459109608373
v -0.6764705882352942 0.05882352941176472 -0.17532724309735986
v -0.6952084917250237 0.05882352941176472 -0.1628604865566157
v -0.7121782886873871 0.05882352941176472 -0.15000000000000002
v -0.7091574768126557 0.026847225368693613 -0.15000000000000002
v -0.6590735635871086 0.009665887283710994 -0.18448837749301547
v -0.6620078745467216 0.05882352941176472 -0.18650229899014117
v 0.6764705882352939 0.026710015805318447 -0.17253043335563373
v 0.6764705882352939 0.05882352941176472 -0.17532724309736009
v 0.7121782886873871 0.05882352941176472 -0.15000000000000002
v 0.7080331344470799 0.02352346272636356 -0.15000000000000002
v -0.6764705882352942 0.08840996791450463 -0.17567110187585547
v -0.6956164610836448 0.10627034177878736 -0.163140490371073
v -0.6764705882352942 0.125 -0.17612168914187287
v -0.6957194323967143 0.125 -0.1632111632288008
v -0.713149016035947 0.125 -0.15000000000000002
v -0.7126821789938808 0.08957561773616529 -0.15000000000000002
v -0.662139079750682 0.07284348336410275 -0.18659234976677236
v -0.6625784695162854 0.125 -0.18689391851894116
v 0.6764705882352939 0.0884099679145043 -0.17567110187585572
v 0.6764705882352939 0.125 -0.1761216891418731
v 0.713149016035947 0.125 -0.15000000000000002
v 0.7126461052568893 0.09421262215028194 -0.15000000000000002
v -0.6764705882352942 0.15668621920017078 -0.17419792240241985
v -0.6935042709796926 0.174513085294802 -0.1616908195233294
v -0.6764705882352942 0.19117647058823528 -0.1720050193159005
v -0.6930252383235905 0.19117647058823528 -0.16136204245190527
v -0.7080189616591513 0.19117647058823528 -0.15000000000000002
v -0.7103313697797391 0.15805179299040867 -0.15000000000000002
v -0.6618814339992416 0.1392719987091819 -0.18641551836593903
v -0.6596021775374591 0.19117647058823528 -0.1848511839620449
v 0.6764705882352939 0.1566862192001705 -0.17419792240242005
v 0.6764705882352939 0.19117647058823528 -0.17200501931590068
v 0.7080189616591513 0.19117647058823528 -0.15000000000000002
v 0.7108399286119006 0.15862218080320217 -0.15000000000000002
v -0.6876529665329129 0.24641365805923487 -0.15767486212352091
v -0.6764705882352942 0.23385199070902693 -0.1664879684231906
v -0.6764705882352942 0.25735294117647056 -0.16338783942064095
v -0.6869942614552779 0.25735294117647056 -0.1572227695081255
v -0.6964755195721016 0.25735294117647056 -0.15000000000000002
v -0.7000240516253433 0.23431150959924857 -0.15000000000000002
v -0.6576635490844466 0.20957466106189052 -0.18352063462007043
v -0.6532303685221156 0.25735294117647056 -0.18047798584902966
v 0.6764705882352939 0.23385199070902668 -0.1664879684231908
v 0.6764705882352939 0.25735294117647056 -0.1633878394206411
v 0.6964755195721016 0.25735294117647056 -0.15000000000000002
v 0.7040184508407621 0.21812546661532373 -0.15000000000000002
v -0.6772045845126302 0.32281137192818143 -0.15050376763133938
v -0.6764705882352942 0.3219704320665801 -0.15109376035963745
v -0.6764705882352942 0.32352941176470584 -0.1508025835462073
v -0.6771419025757959 0.32352941176470584 -0.1504607467989158
v -0.6777348113073242 0.32352941176470584 -0.15000000000000002
v -0.6781206478778374 0.32191522298395703 -0.15000000000000002
v -0.6489500360999068 0.28427522043934955 -0.1775402421679484
v -0.6436810741223878 0.32352941176470584 -0.17392396702188728
v 0.6764705882352939 0.32197043206657977 -0.15109376035963767
v 0.6764705882352939 0.32352941176470584 -0.15080258354620746
v 0.6777348113073243 0.32352941176470584 -0.15000000000000002
v 0.6928638227541546 0.2733898010318777 -0.15000000000000002
v -0.6764705882352942 0.32683550051011856 -0.15000000000000002
v -0.6352307043547061 0.3638727764304985 -0.16812417907574548
v -0.6088235294117647 0.3897058823529411 -0.17937180100411376
v -0.6309733955590907 0.3897058823529411 -0.16520223732471753
v -0.6532579474835096 0.3897058823529411 -0.15000000000000002
v -0.5964959882279162 0.3897058823529411 -0.18796774347319717
v 0.6088235294117648 0.3897058823529411 -0.17937180100411373
v 0.6764705882352939 0.3268355005101192 -0.15000000000000002
v 0.6239009975143003 0.3382791088215341 -0.1860803712712411
v 0.6532579474835096 0.3897058823529411 -0.15000000000000002
v 0.6602792877344269 0.3738665666455711 -0.15000000000000002
v 0.6774497466121189 0.3244872840898606 -0.15000000000000002
v -0.6155863258960499 0.449266573771767 -0.15464154665536345
v -0.6088235294117647 0.43721614905944517 -0.16309597161226225
v -0.6088235294117647 0.4558823529411764 -0.15662390376053467
v -0.6143907167528642 0.4558823529411764 -0.15382095777137578
v -0.6199805600336354 0.4558823529411764 -0.15000000000000002
v -0.6293870938921144 0.435765822471269 -0.15000000000000002
v -0.5916722055472665 0.4064843513508198 -0.18465701063958354
v -0.5787181089553559 0.4558823529411764 -0.17576615552525984
v 0.6088235294117648 0.43721614905944534 -0.16309597161226214
v 0.6088235294117648 0.4558823529411764 -0.1566239037605346
v 0.6199805600336354 0.4558823529411764 -0.15000000000000002
v 0.6402113338912664 0.4204113432568015 -0.15000000000000002
v -0.6088235294117647 0.4738177484627387 -0.15000000000000002
v -0.5644215484247299 0.49931907347197124 -0.16595391988156932
v -0.5411764705882353 0.5220588235294117 -0.1708522360136912
v -0.5582206503179693 0.5220588235294117 -0.1616980239759976
v -0.5776442260907919 0.5220588235294117 -0.15000000000000002
v -0.5210848879424527 0.5220588235294117 -0.1826390069418697
v 0.5411764705882351 0.5220588235294117 -0.17085223601369123
v 0.5580327361354763 0.47237217793304276 -0.18485951960888106
v 0.6088235294117648 0.4738177484627386 -0.15000000000000002
v 0.5776442260907919 0.5220588235294117 -0.15000000000000002
v 0.5909558853505718 0.5045796065130272 -0.15000000000000002
v 0.6163252300345611 0.463220973115651 -0.15000000000000002
v -0.5411764705882353 0.5678467818237183 -0.15000000000000002
v -0.5075613092759336 0.554943220465359 -0.17335729611795442
v -0.47352941176470575 0.588235294117647 -0.17599929271972356
v -0.4952802160532374 0.588235294117647 -0.16492834704274997
v -0.5233215360612594 0.588235294117647 -0.15000000000000002
v -0.45652489137822283 0.588235294117647 -0.1847577670639356
v 0.47352941176470575 0.588235294117647 -0.17599929271972356
v 0.5185261809314071 0.5660774020620544 -0.16554569569614597
v 0.5411764705882351 0.5678467818237183 -0.15000000000000002
v 0.5233215360612594 0.588235294117647 -0.15000000000000002
v 0.5321806754060564 0.5794350597002982 -0.15000000000000002
v 0.5633172330291353 0.5437182650476835 -0.15000000000000002
v -0.47352941176470575 0.6373163748609554 -0.15000000000000002
v -0.4404051259860218 0.6206394867272291 -0.17369420137549946
v -0.40588235294117647 0.6544117647058822 -0.17117015451220433
v -0.42484890352671134 0.6544117647058822 -0.16301741515342613
v -0.4533433662528136 0.6544117647058822 -0.15000000000000002
v -0.38310360408998567 0.6544117647058822 -0.1807947096394001
v 0.4058823529411766 0.6544117647058822 -0.17117015451220424
v 0.45131543747779906 0.6326807029034734 -0.1652462370105789
v 0.47352941176470575 0.6373163748609554 -0.15000000000000002
v 0.4533433662528135 0.6544117647058822 -0.15000000000000002
v 0.464765230727485 0.6458381093433836 -0.15000000000000002
v 0.5005083609918317 0.6146277444485311 -0.15000000000000002
v -0.40588235294117647 0.691081540285816 -0.15000000000000002
v -0.3533758235362058 0.7057768478194407 -0.1603914813711226
v -0.3382352941176471 0.7205882352941178 -0.15726611183504893
v -0.34542738822317376 0.7205882352941178 -0.15493618881155716
v -0.35849587729203486 0.7205882352941178 -0.15000000000000002
v -0.2705882352941176 0.7205882352941178 -0.1794917737481398
v -0.2994772716714326 0.7205882352941178 -0.16982756844530006
v -0.25295118904945935 0.7205882352941178 -0.18432364217369726
v 0.2705882352941176 0.7205882352941178 -0.1794917737481398
v 0.33823529411764697 0.7205882352941178 -0.15726611183504896
v 0.3177803037531334 0.7205882352941178 -0.16403898407005438
v 0.35567130147072656 0.6714687284208515 -0.1844616222825137
v 0.4058823529411766 0.691081540285816 -0.15000000000000002
v 0.3584958772920349 0.7205882352941178 -0.15000000000000002
v 0.38862831454103963 0.7037092846852882 -0.15000000000000002
v 0.4284922314391476 0.6765301241060715 -0.15000000000000002
v -0.3382352941176471 0.732751929292851 -0.15000000000000002
v -0.2705882352941176 0.7650921996338939 -0.15000000000000002
v -0.315353454059553 0.742972644046601 -0.15000000000000002
v -0.20715901651141738 0.7826385580163245 -0.15289485294727712
v -0.2029411764705883 0.786764705882353 -0.15112040158206597
v -0.20420031484066972 0.786764705882353 -0.15086419124157766
v -0.2078602367223577 0.786764705882353 -0.15000000000000002
v -0.1352941176470588 0.786764705882353 -0.16271931840871756
v -0.15021449779635282 0.786764705882353 -0.16024038513352168
v -0.0676470588235294 0.786764705882353 -0.17000165876496665
v -0.09280539856209448 0.786764705882353 -0.16726705926156177
v 0 0.786764705882353 -0.17250777527769537
v -0.03108364076493416 0.786764705882353 -0.17133380313369706
v 0.0676470588235294 0.786764705882353 -0.17000165876496665
v 0.036810606608032315 0.786764705882353 -0.17116414888082254
v 0.1352941176470588 0.786764705882353 -0.16271931840871756
v 0.11328331208261647 0.786764705882353 -0.16510679512342158
v 0.2029411764705884 0.786764705882353 -0.15112040158206597
v 0.20078183038759673 0.786764705882353 -0.15148203566565577
v 0.2161150645481838 0.7334757345004611 -0.18738686563618448
v 0.2705882352941176 0.7650921996338939 -0.15000000000000002
v 0.2078602367223578 0.786764705882353 -0.15000000000000002
v 0.25501528864317996 0.771530301549914 -0.15000000000000002
v 0.33823529411764697 0.7327519292928512 -0.15000000000000002
v 0.3027195784755578 0.7520210710150919 -0.15000000000000002
v 0.3465583935364614 0.7287303977690449 -0.15000000000000002
v -0.2029411764705883 0.7885282115658668 -0.15000000000000002
v -0.1352941176470588 0.8058625107134555 -0.15000000000000002
v -0.200625237412682 0.7890302984390005 -0.15000000000000002
v -0.0676470588235294 0.8157995045516602 -0.15000000000000002
v -0.11280066296423119 0.8087691724199018 -0.15000000000000002
v 0 0.8190417252000552 -0.15000000000000002
v -0.03661176307245041 0.8171253212910172 -0.15000000000000002
v 0.0676470588235294 0.8157995045516602 -0.15000000000000002
v 0.03162736051762379 0.8177045150843764 -0.15000000000000002
v 0.1352941176470588 0.8058625107134555 -0.15000000000000002
v 0.0939597115936843 0.8125053444618524 -0.15000000000000002
v 0.2029411764705884 0.7885282115658668 -0.15000000000000002
v 0.15143182781725478 0.8025515962662404 -0.15000000000000002
v 0.2043417499329502 0.788134832095533 -0.15000000000000002
v -0.0676470588235294 -0.6029411764705883 -0.14535022176432835
v 0 -0.6029411764705883 -0.14314477843271384
v -0.06055889426226538 -0.6029411764705883 -0.14513514171416356
v 0.0676470588235294 -0.6029411764705883 -0.14535022176432835
v 0.009566819371822948 -0.6029411764705883 -0.14343395316405944
v 0.07366263817443164 -0.6029411764705883 -0.1458712949175485
v -0.2705882352941176 -0.5367647058823529 -0.1357965531648874
v -0.2029411764705883 -0.5367647058823529 -0.1191075836299435
v -0.23821711733687068 -0.5367647058823529 -0.12778255568772806
v -0.1352941176470588 -0.5367647058823529 -0.10566183877802027
v -0.1394996692361456 -0.5367647058823529 -0.10645784751921802
v -0.12024344162294451 -0.5882176890556938 -0.13967018819462967
v -0.0676470588235294 -0.5458926232364905 -0.10357142857142865
v -0.1193441542310397 -0.5367647058823529 -0.10357142857142865
v -0.07597134534218686 -0.5449080296506048 -0.10357142857142865
v 0 -0.5497518572918281 -0.10357142857142865
v -0.012746399520040058 -0.549234009760653 -0.10357142857142865
v 0.0676470588235294 -0.5458926232364905 -0.10357142857142865
v 0.05790361956507448 -0.5462963312438849 -0.10357142857142865
v 0.11450860047083836 -0.5570983639895251 -0.1178372648942383
v 0.1352941176470588 -0.5367647058823529 -0.10566183877802027
v 0.13269374672004464 -0.5367647058823529 -0.10535615520146009
v 0.1193441542310397 -0.5367647058823529 -0.10357142857142865
v 0.2029411764705884 -0.5367647058823529 -0.11910758362994353
v 0.18511955686305487 -0.5367647058823529 -0.11580303705982894
v 0.2705882352941176 -0.5367647058823529 -0.1357965531648874
v 0.23598713269818156 -0.5367647058823529 -0.1273193902909997
v 0.28550336222140704 -0.5367647058823529 -0.13976322033872374
v -0.40588235294117647 -0.47058823529411764 -0.14165850771626695
v -0.3382352941176471 -0.47058823529411764 -0.11548385369354672
v -0.37797728483976334 -0.47058823529411764 -0.1308477638185954
v -0.3190151109457961 -0.5179623527794552 -0.13680850782304646
v -0.2705882352941176 -0.4905519524300567 -0.10357142857142865
v -0.30720770473227826 -0.47058823529411764 -0.10357142857142865
v -0.2852712392364356 -0.4849520434985592 -0.10357142857142865
v -0.2029411764705883 -0.5171256380280904 -0.10357142857142865
v -0.23895018002647916 -0.5058144344248805 -0.10357142857142865
v -0.1352941176470588 -0.5343728601598791 -0.10357142857142865
v -0.18795885059093154 -0.5221080827392105 -0.10357142857142865
v -0.1332547739532685 -0.5347696957471233 -0.10357142857142865
v 0.1352941176470588 -0.5343728601598791 -0.10357142857142865
v 0.2029411764705884 -0.5171256380280903 -0.10357142857142865
v 0.13885875573493087 -0.5332775599268259 -0.10357142857142865
v 0.2705882352941176 -0.4905519524300567 -0.10357142857142865
v 0.23855588114952425 -0.5019242339138286 -0.10357142857142865
v 0.3075446409741466 -0.5006117003258028 -0.12463551038730933
v 0.33823529411764697 -0.47058823529411764 -0.11548385369354666
v 0.32669360899398736 -0.47058823529411764 -0.11149289569046211
v 0.30720770473227826 -0.47058823529411764 -0.10357142857142865
v 0.4058823529411766 -0.47058823529411764 -0.141658507716267
v 0.3703490192808447 -0.47058823529411764 -0.12795921347494826
v 0.4139813038152271 -0.47058823529411764 -0.1444414032820958
v -0.47352941176470575 -0.40441176470588236 -0.13606315127878985
v -0.40801797652237004 -0.40650096168748473 -0.1050371826442354
v -0.40588235294117647 -0.4054725303552872 -0.10357142857142865
v -0.4071444159382316 -0.40441176470588236 -0.10357142857142865
v -0.40655984761787434 -0.40507453123743464 -0.10357142857142865
v -0.3382352941176471 -0.45392496940527605 -0.10357142857142865
v -0.37077414412710485 -0.4362432484107867 -0.10357142857142865
v -0.328191338749486 -0.46076262678178614 -0.10357142857142865
v 0.33823529411764697 -0.45392496940527616 -0.10357142857142865
v 0.4058823529411766 -0.4054725303552871 -0.10357142857142865
v 0.40252466550640065 -0.40769645893555445 -0.10357142857142865
v 0.41965269191953775 -0.4571172515109382 -0.14054892883783285
v 0.47352941176470575 -0.40441176470588236 -0.13606315127878985
v 0.4453903313858387 -0.40441176470588236 -0.12288427566375669
v 0.40714441593823153 -0.40441176470588236 -0.10357142857142865
v 0.486222615818046 -0.40441176470588236 -0.14128820467146527
v -0.5411764705882353 -0.3382352941176471 -0.1392436677678692
v -0.4814734096537166 -0.34600659640037507 -0.10902367556978701
v -0.47352941176470575 -0.34277823649005795 -0.10357142857142865
v -0.47779975215660486 -0.3382352941176471 -0.10357142857142865
v -0.47611194384841704 -0.34076168419953856 -0.10357142857142865
v -0.44488859228486305 -0.376393571736471 -0.10357142857142865
v 0.47352941176470575 -0.34277823649005795 -0.10357142857142865
v 0.4925831745367148 -0.3857722141680474 -0.1369227280353603
v 0.5411764705882351 -0.3382352941176471 -0.1392436677678692
v 0.5120959732262544 -0.3382352941176471 -0.12353040346893715
v 0.47779975215660486 -0.3382352941176471 -0.10357142857142865
v 0.5507352716446738 -0.3382352941176471 -0.1434394564177859
v -0.5411764705882353 -0.2979008042857222 -0.12170183411791942
v -0.5411764705882353 -0.2720588235294118 -0.11057193462939936
v -0.531213000428133 -0.2720588235294118 -0.10357142857142865
v -0.5092444498056108 -0.30699744769986226 -0.10357142857142865
v 0.5325751949586591 -0.28047311490617094 -0.1094747885532184
v 0.5411764705882351 -0.2979008042857221 -0.12170183411791934
v 0.5411764705882351 -0.2720588235294118 -0.11057193462939932
v 0.5357638338487135 -0.2720588235294118 -0.10728631279327422
v 0.531213000428133 -0.2720588235294118 -0.10357142857142865
v 0.4910221569725172 -0.32112282597957065 -0.10357142857142865
v 0.5538944182103686 -0.32579382361773396 -0.14127122228418798
v 0.571968429394144 -0.2720588235294118 -0.12886638852141044
v -0.6088235294117647 -0.20588235294117652 -0.1288897159291026
v -0.6059584895934532 -0.2692560671854115 -0.14803362173960619
v -0.5411764705882353 -0.25652374725435795 -0.10357142857142865
v -0.5729438599211738 -0.20588235294117652 -0.10357142857142865
v -0.5632259295909822 -0.22745247587864634 -0.10357142857142865
v -0.5355897326226984 -0.2665935363892126 -0.10357142857142865
v 0.5411764705882351 -0.25652374725435806 -0.10357142857142865
v 0.5820827850083735 -0.23204177681405913 -0.12192454817748277
v 0.6088235294117648 -0.20588235294117652 -0.12888971592910267
v 0.5897549379100928 -0.20588235294117652 -0.1166588780182283
v 0.5729438599211738 -0.20588235294117652 -0.10357142857142865
v 0.6260522260456721 -0.20588235294117652 -0.13817533554008224
v -0.6088235294117647 -0.15213407833997478 -0.1122908930575697
v -0.6088235294117647 -0.13970588235294112 -0.10856904080214061
v -0.6027524055700108 -0.13970588235294112 -0.10357142857142865
v -0.5859345579417987 -0.18349096780751417 -0.10357142857142865
v 0.6040642175745531 -0.14436173088934384 -0.1068379127826826
v 0.6088235294117648 -0.15213407833997505 -0.1122908930575699
v 0.6088235294117648 -0.13970588235294112 -0.10856904080214072
v 0.6052223837774998 -0.13970588235294112 -0.10604302231420051
v 0.6027524055700108 -0.13970588235294112 -0.10357142857142865
v 0.5967270539023156 -0.1515393910034892 -0.10357142857142865
v 0.6292566812992958 -0.18589340000772211 -0.13597600444986221
v 0.6394970040383261 -0.13970588235294112 -0.12894770840847805
v -0.6764705882352942 -0.07352941176470584 -0.1406284544717528
v -0.6609180208651348 -0.12449141427343748 -0.13932572239501495
v -0.6088235294117647 -0.12134983788776083 -0.10357142857142865
v -0.6261856096862128 -0.07352941176470584 -0.10357142857142865
v -0.6228123152377147 -0.0872140935509613 -0.10357142857142865
v -0.604537518565776 -0.13551304565577832 -0.10357142857142865
v 0.6088235294117648 -0.1213498378877604 -0.10357142857142865
v 0.6442382334597648 -0.1050610631755496 -0.12569363479935391
v 0.6764705882352939 -0.07352941176470584 -0.14062845447175262
v 0.6496570685209266 -0.07352941176470584 -0.12197449644992298
v 0.6261856096862128 -0.07352941176470584 -0.10357142857142865
v 0.6842984653705118 -0.07352941176470584 -0.1446274507860772
v -0.6764705882352942 -0.05684675380361233 -0.13829565901777252
v -0.6764705882352942 -0.007352941176470562 -0.13124250611320462
v -0.6414706390537831 -0.007352941176470562 -0.10357142857142865
v -0.6366746394729856 -0.034598592323317155 -0.10357142857142865
v 0.6764705882352939 -0.05684675380361204 -0.13829565901777233
v 0.6541427885399141 -0.02919535392195085 -0.11889578798968622
v 0.6764705882352939 -0.007352941176470562 -0.13124250611320445
v 0.6567635400359395 -0.007352941176470562 -0.11709707345359432
v 0.6414706390537831 -0.007352941176470562 -0.10357142857142865
v 0.6301430149305668 -0.052673393322399405 -0.10357142857142865
v 0.6848445368160442 -0.06533750554440673 -0.14425266262004413
v 0.6914380839942882 -0.007352941176470562 -0.13972727775547292
v -0.6764705882352942 0.02282202628351363 -0.1288296260042651
v -0.6764705882352942 0.05882352941176472 -0.12598662418224915
v -0.649221990677687 0.05882352941176472 -0.10357142857142865
v -0.6457088710162282 0.022740043059572175 -0.10357142857142865
v 0.6764705882352939 0.022822026283513895 -0.12882962600426492
v 0.6595918839040666 0.042311753435564044 -0.1151558809229853
v 0.6764705882352939 0.05882352941176472 -0.12598662418224899
v 0.6606733638804019 0.05882352941176472 -0.1144136229268049
v 0.649221990677687 0.05882352941176472 -0.10357142857142865
v 0.6450555421220705 0.028091419083611263 -0.10357142857142865
v 0.6919879958897238 0.007827131528949979 -0.13934985375270498
v 0.6951146801095788 0.05882352941176472 -0.13720389967634494
v -0.6764705882352942 0.09361275088882184 -0.12559232397958855
v -0.6764705882352942 0.125 -0.12524630427321007
v -0.6502688634541578 0.125 -0.10357142857142865
v -0.6497204654529631 0.0849921277857842 -0.10357142857142865
v 0.6764705882352939 0.0936127508888221 -0.12559232397958836
v 0.6610817110211955 0.10994566359490361 -0.11413335982706768
v 0.6764705882352939 0.125 -0.12524630427320987
v 0.661218908869363 0.125 -0.11403919608655519
v 0.6502688634541578 0.125 -0.10357142857142865
v 0.6497739369725101 0.09888371072118965 -0.10357142857142865
v 0.6952077796051526 0.07715339053445254 -0.1371400021964635
v 0.6956157395283622 0.125 -0.13686000485786312
v -0.6764705882352942 0.1575560481776056 -0.12715909000872752
v -0.6764705882352942 0.19117647058823528 -0.12909003243747103
v -0.6447134792657997 0.19117647058823528 -0.10357142857142865
v -0.6474731959767107 0.15336701416600554 -0.10357142857142865
v 0.6764705882352939 0.15755604817760588 -0.12715909000872735
v 0.6591822194853116 0.1742639359415134 -0.115437048117224
v 0.6764705882352939 0.19117647058823528 -0.12909003243747086
v 0.6583721506604946 0.19117647058823528 -0.11599302703115125
v 0.6447134792657997 0.19117647058823528 -0.10357142857142865
v 0.6475763034814437 0.16291032245946863 -0.10357142857142865
v 0.6951413200951538 0.14326484638464554 -0.13718561571109
v 0.6929700074944538 0.19117647058823528 -0.1386758644215083
v -0.6764705882352942 0.21657203870132835 -0.13218279189525856
v -0.6764705882352942 0.25735294117647056 -0.13720014460075075
v -0.6319873342985461 0.25735294117647056 -0.10357142857142865
v -0.6363284050979674 0.2304459975704027 -0.10357142857142865
v 0.6764705882352939 0.21657203870132855 -0.13218279189525842
v 0.6545117587725302 0.23587147757159288 -0.11864255065612059
v 0.6764705882352939 0.25735294117647056 -0.1372001446007506
v 0.652266957697456 0.25735294117647056 -0.12018323710826777
v 0.6319873342985461 0.25735294117647056 -0.10357142857142865
v 0.6400794456820704 0.22175291041788225 -0.10357142857142865
v 0.6921345205137003 0.2064998825997197 -0.13924928871575223
v 0.6869917788915764 0.25735294117647056 -0.14277893436323477
v -0.6764705882352942 0.2720353931457978 -0.13969897814215457
v -0.6764705882352942 0.32352941176470584 -0.14922492209846305
v -0.6105200092406621 0.32352941176470584 -0.10357142857142865
v -0.6110693198731123 0.32133244283512663 -0.10357142857142865
v 0.6764705882352939 0.272035393145798 -0.13969897814215446
v 0.6476182114023794 0.29530426051511544 -0.1233738362735222
v 0.6764705882352939 0.32352941176470584 -0.14922492209846291
v 0.6430814262825465 0.32352941176470584 -0.12648759252036404
v 0.610520009240662 0.32352941176470584 -0.10357142857142865
v 0.6278066506659443 0.27592338588164633 -0.10357142857142865
v 0.6862173361808437 0.2668878032971171 -0.14331046181376866
v 0.6771419025757958 0.32352941176470584 -0.14953925320108416
v -0.6764705882352942 0.3243904567593116 -0.14939590176568932
v -0.6738153032452375 0.32612697316802214 -0.14817758390434002
v -0.6088235294117647 0.3273871278707086 -0.10357142857142865
v -0.6088235294117647 0.3706298404071279 -0.11695493736515794
v -0.6088235294117647 0.3897058823529411 -0.12223817748250759
v -0.5836847807069756 0.3897058823529411 -0.10357142857142865
v 0.5975571391816893 0.3786844136496065 -0.11130395105853008
v 0.6088235294117648 0.32738712787070817 -0.10357142857142865
v 0.6088235294117648 0.37062984040712776 -0.11695493736515801
v 0.6088235294117648 0.3897058823529411 -0.12223817748250765
v 0.5949491328966349 0.3897058823529411 -0.11309391810510472
v 0.5836847807069756 0.3897058823529411 -0.10357142857142865
v 0.5922564122072894 0.37349891987030226 -0.10357142857142865
v 0.6764705882352939 0.3243904567593118 -0.1493959017656892
v 0.6388198283048644 0.35287361720360777 -0.12941247808889741
v 0.6307595453412495 0.3897058823529411 -0.1349445356508816
v 0.6101482630923803 0.32482534688704723 -0.10357142857142865
v 0.6770798590215167 0.3241254375338368 -0.1495818358889589
v -0.6088235294117647 0.4168702075635782 -0.1309418543760293
v -0.6088235294117647 0.4558823529411764 -0.14363518837902806
v -0.5453002650410249 0.4558823529411764 -0.10357142857142865
v -0.5494140589157912 0.44782384262074126 -0.10357142857142865
v 0.6088235294117648 0.4168702075635782 -0.1309418543760293
v 0.5847886997444309 0.43237001957095855 -0.12006738309466083
v 0.6088235294117648 0.4558823529411764 -0.1436351883790281
v 0.5779412402465528 0.4558823529411764 -0.12476703697363925
v 0.5453002650410249 0.4558823529411764 -0.10357142857142865
v 0.5710673243350698 0.4189469349313662 -0.10357142857142865
v 0.6279100917411692 0.4083775194143151 -0.13690021653789322
v 0.6143906500904885 0.4558823529411764 -0.14617908798137286
v -0.6088235294117647 0.46221650972895983 -0.14555603603142817
v -0.5958767818429307 0.4685476494759052 -0.14111418878039664
v -0.5411764705882353 0.46171828731393455 -0.10357142857142865
v -0.5411764705882353 0.4981995401045495 -0.12031079884728435
v -0.5411764705882353 0.5220588235294117 -0.1301842517034153
v -0.4971157289788123 0.5220588235294117 -0.10357142857142865
v 0.525546746122409 0.5067688756824078 -0.11429866182281861
v 0.5411764705882351 0.4617182873139347 -0.10357142857142865
v 0.5411764705882351 0.49819954010454953 -0.1203107988472843
v 0.5411764705882351 0.5220588235294117 -0.13018425170341527
v 0.5197805552243576 0.5220588235294117 -0.11825620278079799
v 0.49711572897881234 0.5220588235294117 -0.10357142857142865
v 0.5181770643901714 0.49955940442261026 -0.10357142857142865
v 0.6088235294117648 0.4622165097289598 -0.1455560360314282
v 0.5710987876644023 0.48515418486351364 -0.12946325442909043
v 0.5580751059174254 0.5220588235294117 -0.13840186829890988
v 0.5439810664324732 0.4586259793105397 -0.10357142857142865
v 0.6136103278325772 0.46056509052675376 -0.14671465077329338
v -0.5411764705882353 0.5400590825283861 -0.13737124686103708
v -0.5089769408615099 0.5535583634794691 -0.12790032276519786
v -0.47352941176470575 0.548202558511228 -0.10357142857142865
v -0.47352941176470575 0.5700407236392288 -0.11633650817692207
v -0.47352941176470575 0.588235294117647 -0.12538960291818013
v -0.4325736252545145 0.588235294117647 -0.10357142857142865
v 0.46081130149547544 0.5757936645064434 -0.11230031791770163
v 0.47352941176470575 0.548202558511228 -0.10357142857142865
v 0.47352941176470575 0.5700407236392288 -0.11633650817692207
v 0.47352941176470575 0.588235294117647 -0.12538960291818013
v 0.4549431575067263 0.588235294117647 -0.11632783289134623
v 0.4325736252545145 0.588235294117647 -0.10357142857142865
v 0.45518539170358263 0.5702900571013307 -0.10357142857142865
v 0.5411764705882351 0.5400590825283861 -0.13737124686103708
v 0.5087275011686248 0.5564917370767238 -0.12584230509855251
v 0.494968275553709 0.588235294117647 -0.1352857487659326
v 0.48785303877937625 0.536071067348111 -0.10357142857142865
v 0.5551267303176497 0.5357058167429694 -0.1404254428565199
v -0.47352941176470575 0.6092589887891977 -0.13525004278599145
v -0.440889173404605 0.6201659620786152 -0.12759784882738429
v -0.40588235294117647 0.6114039841030992 -0.10357142857142865
v -0.40588235294117647 0.6336142557250766 -0.11816269677700975
v -0.40588235294117647 0.6544117647058822 -0.12989783361666488
v -0.34409836535034904 0.6544117647058822 -0.10357142857142865
v 0.39032871136548475 0.6391962457731403 -0.11424644344170155
v 0.4058823529411766 0.611403984103099 -0.10357142857142865
v 0.4058823529411766 0.6336142557250766 -0.11816269677700977
v 0.4058823529411766 0.6544117647058822 -0.12989783361666493
v 0.38167513155641686 0.6544117647058822 -0.12018570163363942
v 0.3440983653503491 0.6544117647058822 -0.10357142857142865
v 0.3828777838574734 0.6319072949500857 -0.10357142857142865
v 0.47352941176470575 0.6092589887891977 -0.13525004278599145
v 0.4411562048602255 0.6227423231688906 -0.1257903066021434
v 0.42455620077397477 0.6544117647058822 -0.13718347710854534
v 0.4202227158647699 0.6022639100211622 -0.10357142857142865
v 0.4904423045297782 0.60478051530087 -0.13839208291589752
v -0.40588235294117647 0.6712636900441231 -0.138176903175393
v -0.38292272804863975 0.6768722673181465 -0.13424199657996708
v -0.3382352941176471 0.6583836758264093 -0.10357142857142865
v -0.3382352941176471 0.690609621727455 -0.12460404316899196
v -0.3382352941176471 0.7205882352941178 -0.14302593713784048
v -0.28967669294300125 0.701914744115862 -0.11667251285839536
v -0.2705882352941176 0.6955479688333316 -0.10357142857142865
v -0.2705882352941176 0.7069321542213803 -0.11315236164150788
v -0.2705882352941176 0.7205882352941178 -0.12217208082978229
v -0.31987919155619243 0.7205882352941178 -0.13740155693763523
v -0.3302141491778003 0.6622585369296454 -0.10357142857142865
v -0.20355528102915843 0.7205882352941178 -0.10357142857142865
v 0.25917065982603743 0.709418867988387 -0.11140771483989362
v 0.2705882352941176 0.6955479688333316 -0.10357142857142865
v 0.2705882352941176 0.7069321542213803 -0.11315236164150788
v 0.2705882352941176 0.7205882352941178 -0.12217208082978229
v 0.25090168234214244 0.7205882352941178 -0.11708300683970976
v 0.20355528102915857 0.7205882352941178 -0.10357142857142865
v 0.25352383456797156 0.7038947998011487 -0.10357142857142865
v 0.31429352765142105 0.6971669420119402 -0.12000351052495634
v 0.33823529411764697 0.6583836758264094 -0.10357142857142865
v 0.33823529411764697 0.690609621727455 -0.12460404316899194
v 0.33823529411764697 0.7205882352941178 -0.14302593713784045
v 0.29867826558931393 0.7205882352941178 -0.130720817716651
v 0.3002262152753432 0.6834054407744726 -0.10357142857142865
v 0.4058823529411766 0.6712636900441231 -0.138176903175393
v 0.3683617556311271 0.6838833031429824 -0.1293231428742886
v 0.3453503941771282 0.7205882352941178 -0.14511665492812006
v 0.34099062467640184 0.6571071967742294 -0.10357142857142865
v 0.420077642798458 0.6682984613053968 -0.1402572700047851
v -0.3382352941176471 0.7265929803305949 -0.14578714713313826
v -0.33089180350233766 0.7277720848090944 -0.14495990240377835
v -0.2705882352941176 0.7423275253562674 -0.13474799014687275
v -0.24458897424621964 0.7460222950148875 -0.1321557866720949
v -0.2029411764705883 0.7208402448171406 -0.10357142857142865
v -0.2029411764705883 0.7539480946529502 -0.1265951462911049
v -0.2029411764705883 0.786764705882353 -0.14891893082889762
v -0.16444254886424656 0.758249936213365 -0.12357702887887735
v -0.1352941176470588 0.7407716753993749 -0.10357142857142865
v -0.1352941176470588 0.7622917078286979 -0.12074137323764383
v -0.1352941176470588 0.786764705882353 -0.13785003282306355
v -0.2009088155808237 0.786764705882353 -0.1486051187682051
v -0.20260685275470441 0.7209152911031346 -0.10357142857142865
v -0.08931790496333968 0.7655649650934082 -0.1184448975058947
v -0.0676470588235294 0.7517860620359794 -0.10357142857142865
v -0.0676470588235294 0.7674004444259165 -0.11715714851388094
v -0.0676470588235294 0.786764705882353 -0.1310034251760003
v -0.11458213138679252 0.786764705882353 -0.13578463054807816
v -0.11139317794150402 0.7439695893538996 -0.10357142857142865
v -0.018570413423020363 0.7685979970989636 -0.1163169607654892
v 0 0.7553247726695763 -0.10357142857142865
v 0 0.7691284443673586 -0.11594480569782153
v 0 0.786764705882353 -0.12866371702795876
v -0.038500803097011496 0.786764705882353 -0.12999589280881851
v -0.03425121371217259 0.7532580837726189 -0.10357142857142865
v 0.04841645333956943 0.7679521570393487 -0.11677007395017133
v 0.0676470588235294 0.7517860620359794 -0.10357142857142865
v 0.0676470588235294 0.7674004444259165 -0.11715714851388094
v 0.0676470588235294 0.786764705882353 -0.1310034251760003
v 0.029596656267729945 0.786764705882353 -0.129686766971527
v 0.03400303737887981 0.7538520762082394 -0.10357142857142865
v 0.11229834327409184 0.7642688396479288 -0.11935424265970719
v 0.1352941176470588 0.7407716753993749 -0.10357142857142865
v 0.1352941176470588 0.7622917078286979 -0.12074137323764383
v 0.1352941176470588 0.786764705882353 -0.13785003282306355
v 0.09182525439945738 0.786764705882353 -0.1334056483780122
v 0.09588169608940889 0.7482090760976955 -0.10357142857142865
v 0.1736763952306926 0.7581361155389768 -0.12365688401868626
v 0.2029411764705884 0.7208402448171406 -0.10357142857142865
v 0.2029411764705884 0.7539480946529502 -0.1265951462911049
v 0.2029411764705884 0.786764705882353 -0.14891893082889762
v 0.14979316350524685 0.786764705882353 -0.1400487915072685
v 0.1523736298861143 0.7372964537888459 -0.10357142857142865
v 0.2705882352941176 0.7423275253562674 -0.13474799014687275
v 0.23293618569880786 0.7499311791043325 -0.12941336323156363
v 0.20418180046200293 0.786764705882353 -0.1491485158319795
v 0.2031432223999849 0.7207858889207013 -0.10357142857142865
v 0.33823529411764697 0.7265929803305949 -0.14578714713313823
v 0.28994717995693975 0.7395263333338351 -0.13671327089911897
v 0.3435079202212422 0.725746239091113 -0.146381210034489
v -0.2029411764705883 0.7876899820947755 -0.14935083795890366
v -0.20191319751827339 0.7877703374661393 -0.14929446165074042
v -0.1352941176470588 0.7966963364797939 -0.1430320940887796
v -0.12462738104098796 0.797199556910031 -0.14267904102502596
v -0.0676470588235294 0.8017908809948215 -0.13945782634966497
v 0 0.8034429994490394 -0.1382987210214677
v -0.05203687247955689 0.8020355403492827 -0.13928617645336053
v 0.0676470588235294 0.8017908809948215 -0.13945782634966497
v 0.016783209960890548 0.8031830634527894 -0.13848108881566212
v 0.1352941176470588 0.7966963364797939 -0.1430320940887796
v 0.08232471145010668 0.8011232791040047 -0.13992620735877773
v 0.2029411764705884 0.7876899820947755 -0.14935083795890366
v 0.14473858618933558 0.796003859891102 -0.14351792687005233
v 0.20380124614996917 0.7876060783947908 -0.14940970372936913
v -0.06827226513747438 -0.5373763207546904 -0.05757195837075108
v -0.0676470588235294 -0.537418447707489 -0.05714285714285716
v -0.0676470588235294 -0.5374611991621878 -0.05763150798363023
v -0.07963907754443803 -0.5367647058823529 -0.06537340415317024
v -0.07132530807673816 -0.5367647058823529 -0.05714285714285716
v -0.06824348243319074 -0.5373481637613695 -0.05714285714285716
v -0.00490772424741541 -0.5415657404722158 -0.060511202045586375
v 0 -0.5414719934267184 -0.05714285714285716
v 0 -0.5417949537326148 -0.06067201515843773
v -0.004624275589892257 -0.5412884537420302 -0.05714285714285716
v 0.06689870730948097 -0.5374967888852263 -0.05765647728138108
v 0.0676470588235294 -0.537418447707489 -0.05714285714285716
v 0.0676470588235294 -0.5374611991621878 -0.05763150798363023
v 0.06694990054543183 -0.5374467085457092 -0.05714285714285716
v 0.09902128460377459 -0.5367647058823529 -0.08203818665393114
v 0.07132530807673816 -0.5367647058823529 -0.05714285714285716
v -0.279361619154527 -0.4791708934184312 -0.06316434109674066
v -0.2705882352941176 -0.4820938499850413 -0.05714285714285716
v -0.2705882352941176 -0.48305944751500207 -0.06589250127243006
v -0.29684624329042236 -0.47058823529411764 -0.07516465766206015
v -0.2916699333100524 -0.47058823529411764 -0.05714285714285716
v -0.27907795940486446 -0.47889340018506565 -0.05714285714285716
v -0.23493269781123663 -0.5018842887795345 -0.07909977085802271
v -0.2029411764705883 -0.5095976638337288 -0.05714285714285716
v -0.2029411764705883 -0.5136910026999045 -0.08738321141802834
v -0.23327907420785166 -0.5002666135153536 -0.05714285714285716
v -0.18582557269311112 -0.5200211804478644 -0.09182438374278748
v -0.1352941176470588 -0.527280014139499 -0.05714285714285716
v -0.1352941176470588 -0.5339364256485836 -0.1015871430740857
v -0.18225013686958247 -0.5165234714900646 -0.05714285714285716
v -0.1329307470219838 -0.5344527128795622 -0.10194936363931195
v -0.1272135137845803 -0.5288597673212326 -0.05714285714285716
v 0.1352941176470588 -0.527280014139499 -0.05714285714285716
v 0.1352941176470588 -0.5339364256485836 -0.1015871430740857
v 0.13975280590241268 -0.5324029456325502 -0.1005112729675988
v 0.2029411764705884 -0.5095976638337287 -0.05714285714285716
v 0.2029411764705884 -0.5136910026999044 -0.0873832114180283
v 0.14944046764611288 -0.5229258852311044 -0.05714285714285716
v 0.2485416559357391 -0.4921555411881836 -0.07227420508758284
v 0.2705882352941176 -0.4820938499850413 -0.05714285714285716
v 0.2705882352941176 -0.48305944751500207 -0.06589250127243006
v 0.2522599002008776 -0.4885181283201134 -0.05714285714285716
v 0.301515076515448 -0.47058823529411764 -0.082345242515795
v 0.2916699333100524 -0.47058823529411764 -0.05714285714285716
v -0.40588235294117647 -0.40441176470588236 -0.0982912607796294
v -0.36674580841157545 -0.4323024852108123 -0.0767106324812366
v -0.3382352941176471 -0.4457723272168209 -0.05714285714285716
v -0.3382352941176471 -0.45074851280091616 -0.0896521312031825
v -0.39584317218388765 -0.40441176470588236 -0.05714285714285716
v -0.36563479954620487 -0.4312156287120802 -0.05714285714285716
v -0.3268751321153845 -0.45947503333538253 -0.09577454719720496
v -0.32332130114864976 -0.4559984595635768 -0.05714285714285716
v 0.33823529411764697 -0.44577232721682103 -0.05714285714285716
v 0.33823529411764697 -0.4507485128009162 -0.08965213120318255
v 0.4058823529411766 -0.40441176470588236 -0.09829126077962996
v 0.3977326280772694 -0.40441176470588236 -0.06273630184758851
v 0.39584317218388765 -0.40441176470588236 -0.05714285714285716
v 0.40704074984335215 -0.40441176470588236 -0.10277637976589821
v -0.47352941176470575 -0.3382352941176471 -0.08296851815487225
v -0.40588235294117647 -0.396679539682396 -0.05714285714285716
v -0.44161792272271716 -0.37319400368654565 -0.08166944385627492
v -0.46837347314605554 -0.3382352941176471 -0.05714285714285716
v -0.4401440325009079 -0.37175215455651484 -0.05714285714285716
v -0.4018639356044793 -0.400480704267809 -0.05714285714285716
v 0.4058823529411766 -0.3966795396823959 -0.05714285714285716
v 0.41742631443895795 -0.3931187588928353 -0.09564839909624326
v 0.47352941176470575 -0.3382352941176471 -0.08296851815487225
v 0.4692317066116097 -0.3382352941176471 -0.060092524344205714
v 0.46837347314605554 -0.3382352941176471 -0.05714285714285716
v 0.4775309336466383 -0.3382352941176471 -0.10082504243507123
v -0.47352941176470575 -0.3326018959591439 -0.05714285714285716
v -0.5057167450562354 -0.30354643218416905 -0.0792341635323853
v -0.5293056067553953 -0.2720588235294118 -0.09542403445013167
v -0.5233897720416324 -0.2720588235294118 -0.05714285714285716
v -0.5045507411638882 -0.30240577620252496 -0.05714285714285716
v -0.4710581947354604 -0.33581779919773314 -0.05714285714285716
v 0.47352941176470575 -0.3326018959591439 -0.05714285714285716
v 0.48518124333142243 -0.3268367632371634 -0.09557436404893056
v 0.525988884108922 -0.2720588235294118 -0.06756663544077089
v 0.5233897720416324 -0.2720588235294118 -0.05714285714285716
v -0.5585423138707447 -0.2228706778914575 -0.06906165020321306
v -0.5411764705882353 -0.24435898918851615 -0.05714285714285716
v -0.5411764705882353 -0.2521754581099943 -0.08962151188034526
v -0.5673823727057795 -0.20588235294117652 -0.07512889555272452
v -0.5655136920777254 -0.20588235294117652 -0.05714285714285716
v -0.5581287714852207 -0.22246612555779263 -0.05714285714285716
v -0.5348908119670326 -0.265909809660844 -0.09925735852395726
v -0.5312636847540702 -0.2623615330394677 -0.05714285714285716
v 0.5411764705882351 -0.24435898918851628 -0.05714285714285716
v 0.5411764705882351 -0.2521754581099945 -0.08962151188034537
v 0.5709636551179074 -0.20588235294117652 -0.08312742925137412
v 0.5655136920777253 -0.20588235294117652 -0.05714285714285716
v -0.5832624270204423 -0.18087692668879585 -0.08602793904198064
v -0.6017325905914187 -0.13970588235294112 -0.09870466621336514
v -0.5962998126191533 -0.13970588235294112 -0.05714285714285716
v -0.5813593646903039 -0.1790152352788779 -0.05714285714285716
v 0.5887316666242786 -0.15936096551461235 -0.07093261390072808
v 0.5979608080354926 -0.13970588235294112 -0.06459832740421168
v 0.5962998126191532 -0.13970588235294112 -0.05714285714285716
v 0.5836804791375314 -0.16430234457773457 -0.05714285714285716
v -0.6173673588786052 -0.08188750580835419 -0.06300678978935331
v -0.6088235294117647 -0.101772118130217 -0.05714285714285716
v -0.6088235294117647 -0.11263485115692523 -0.08457873684343017
v -0.6196936316740914 -0.07352941176470584 -0.06460339316762181
v -0.6192079833230271 -0.07352941176470584 -0.05714285714285716
v -0.6171891300008567 -0.08171315147142631 -0.05714285714285716
v -0.6039778688440443 -0.13496556223234504 -0.10024568016935964
v -0.6000151044883232 -0.13108894492783532 -0.05714285714285716
v 0.6088235294117648 -0.11263485115692445 -0.08457873684342962
v 0.6088235294117648 -0.10177211813021632 -0.05714285714285716
v 0.6254950829678372 -0.07352941176470584 -0.09212915113077018
v 0.619207983323027 -0.07352941176470584 -0.05714285714285716
v -0.6321427141757713 -0.030165187141259597 -0.07314763923243933
v -0.6367050706581923 -0.007352941176470562 -0.07627894601074695
v -0.6351442786964829 -0.007352941176470562 -0.05714285714285716
v -0.6313212628839888 -0.029361593486255097 -0.05714285714285716
v 0.6287653473734409 -0.054021111584805145 -0.08988465288965702
v 0.6398512279638362 -0.007352941176470562 -0.08227602055898198
v 0.6351442786964828 -0.007352941176470562 -0.05714285714285716
v 0.621552947628648 -0.06107672003079826 -0.05714285714285716
v -0.6418357085557457 0.026529006336131193 -0.07980028444353976
v -0.6454187844295589 0.05882352941176472 -0.0822594762699768
v -0.6431735058645102 0.05882352941176472 -0.05714285714285716
v -0.6402144301695704 0.02811503953999832 -0.05714285714285716
v 0.6428081586095994 0.025892891734454714 -0.08024657437043024
v 0.6470304805079004 0.05882352941176472 -0.07734864536569572
v 0.64317350586451 0.05882352941176472 -0.05714285714285716
v 0.6380101617266233 0.021199199131543257 -0.05714285714285716
v -0.6460311238229328 0.0886012663369008 -0.08267974647474585
v -0.6465999136667391 0.125 -0.08307012708183031
v -0.6442554285560361 0.125 -0.05714285714285716
v -0.6437905823324236 0.09079310040370331 -0.05714285714285716
v 0.6474874402335499 0.0966469204330764 -0.07703501772790518
v 0.6479952801054873 0.125 -0.07668646924437043
v 0.6442554285560361 0.125 -0.05714285714285716
v 0.6436388881029106 0.09288203247919005 -0.05714285714285716
v -0.6431303448612112 0.1576154554746463 -0.08068883917493072
v -0.6403436504263251 0.19117647058823528 -0.07877623212490026
v -0.6385073856654288 0.19117647058823528 -0.05714285714285716
v -0.6407708895262619 0.15992361830231405 -0.05714285714285716
v 0.6457493562410582 0.16112309146343942 -0.07822792630660286
v 0.6428625014084454 0.19117647058823528 -0.08020927698364468
v 0.6385073856654286 0.19117647058823528 -0.05714285714285716
v 0.6419742974245694 0.15743009914296113 -0.05714285714285716
v -0.6298854779309532 0.23674886110335136 -0.07159841808304558
v -0.6261230571932593 0.25735294117647056 -0.06901613552705071
v -0.6252740266018137 0.25735294117647056 -0.05714285714285716
v -0.6283295162954476 0.23827099748591113 -0.05714285714285716
v 0.6389553901319224 0.22065329085795476 -0.08289086577902226
v 0.6309771349176178 0.25735294117647056 -0.08836662479256673
v 0.6252740266018136 0.25735294117647056 -0.05714285714285716
v 0.6347150525339025 0.2165051345120657 -0.05714285714285716
v -0.6088235294117647 0.3116483275216965 -0.06547847497684148
v -0.6088235294117647 0.30704887697901495 -0.05714285714285716
v -0.6088235294117647 0.32352941176470584 -0.09281999128753271
v -0.6039434553345081 0.32352941176470584 -0.05714285714285716
v 0.6056724008084009 0.32044678595706727 -0.05930558826504169
v 0.6088235294117648 0.3070488769790143 -0.05714285714285716
v 0.6088235294117648 0.3116483275216961 -0.06547847497684181
v 0.6088235294117648 0.32352941176470584 -0.09281999128753401
v 0.6045981179522361 0.32352941176470584 -0.06004290662284425
v 0.6039434553345081 0.32352941176470584 -0.05714285714285716
v 0.6052756245381256 0.3200586352578849 -0.05714285714285716
v 0.62738455607116 0.2755104672563138 -0.09083233884557038
v 0.610469288518375 0.32352941176470584 -0.10244188583055638
v 0.622331689639875 0.27056744574744795 -0.05714285714285716
v -0.6088235294117647 0.32678340640080683 -0.10128846725530698
v -0.5796663147597876 0.3897058823529411 -0.08355979988171769
v -0.5766536498960044 0.3897058823529411 -0.05714285714285716
v -0.5997144852944882 0.3324404331837806 -0.05714285714285716
v 0.6088235294117648 0.3267834064008065 -0.10128846725530724
v 0.589905221125826 0.37119884163843586 -0.07012716189811324
v 0.5807848573743316 0.3897058823529411 -0.0763867904356296
v 0.5766536498960043 0.3897058823529411 -0.05714285714285716
v 0.5877312018372197 0.3690720836387124 -0.05714285714285716
v 0.6101248601244119 0.32480245267925195 -0.10267827923138201
v -0.5411764705882353 0.4507023398553555 -0.06077708854592516
v -0.5411764705882353 0.4493898251935501 -0.05714285714285716
v -0.5411764705882353 0.4558823529411764 -0.08076366446886891
v -0.53727679996918 0.4558823529411764 -0.05714285714285716
v 0.5391720516825501 0.453921508359528 -0.05851856080172795
v 0.5411764705882351 0.4493898251935502 -0.05714285714285716
v 0.5411764705882351 0.4507023398553556 -0.06077708854592508
v 0.5411764705882351 0.4558823529411764 -0.08076366446886837
v 0.5378572929294669 0.4558823529411764 -0.05942092628132853
v 0.5372767999691799 0.4558823529411764 -0.05714285714285716
v 0.5389289183590842 0.45368366054309395 -0.05714285714285716
v 0.57024389527521 0.4181414065032425 -0.08362142591359814
v 0.5451126618182703 0.4558823529411764 -0.10086988117441689
v 0.5662297493323212 0.41421452460259045 -0.05714285714285716
v -0.5411764705882353 0.4611327698894453 -0.09988780271248443
v -0.48937980018462934 0.5220588235294117 -0.06802153987827056
v -0.48802256167036573 0.5220588235294117 -0.05714285714285716
v -0.5244944819938853 0.4722016896095622 -0.05714285714285716
v 0.5411764705882351 0.46113276988944546 -0.09988780271248433
v 0.5163946313500698 0.49781571992685864 -0.07415151078147378
v 0.4953754605204601 0.5220588235294117 -0.0885777118788146
v 0.4880225616703658 0.5220588235294117 -0.05714285714285716
v 0.5136658047582499 0.4951462156522522 -0.05714285714285716
v 0.54392282542355 0.45856900441050613 -0.10168650801675604
v -0.47352941176470575 0.5457233984361477 -0.08696866331940117
v -0.47352941176470575 0.5380336433335764 -0.05714285714285716
v -0.42398573258946637 0.588235294117647 -0.0695678475225841
v -0.42194806428593223 0.588235294117647 -0.05714285714285716
v 0.45297391247063623 0.5681266535038832 -0.07125082404965649
v 0.47352941176470575 0.5380336433335764 -0.05714285714285716
v 0.47352941176470575 0.5457233984361477 -0.08696866331940117
v 0.43004067155772263 0.588235294117647 -0.08699071921038297
v 0.42194806428593223 0.588235294117647 -0.05714285714285716
v 0.4506453181091771 0.5658486807589775 -0.05714285714285716
v 0.4875529694207115 0.5357775212363739 -0.09394656446590913
v 0.4823272061974808 0.5306653615614743 -0.05714285714285716
v -0.40588235294117647 0.6095262705106809 -0.08863394989568102
v -0.40588235294117647 0.6021377827759627 -0.05714285714285716
v -0.35055326712612417 0.6423615737193286 -0.065597118120725
v -0.3382352941176471 0.6498627819754602 -0.05714285714285716
v -0.3382352941176471 0.6505599466768534 -0.05984524376004884
v -0.3382352941176471 0.6544117647058822 -0.08306262980673573
v -0.3574617281996802 0.6356032965821542 -0.05714285714285716
v -0.33011589793010815 0.6544117647058822 -0.05714285714285716
v 0.3358318744597709 0.6520605933014383 -0.05879240914407022
v 0.33823529411764697 0.6498627819754603 -0.05714285714285716
v 0.33823529411764697 0.6505599466768535 -0.059845243760048794
v 0.33823529411764697 0.6544117647058822 -0.08306262980673523
v 0.3318909501659557 0.6544117647058822 -0.061497205010322284
v 0.3301158979301082 0.6544117647058822 -0.05714285714285716
v 0.33552652132483024 0.6517618782781267 -0.05714285714285716
v 0.38090848927287935 0.6299808111173307 -0.07428330394625367
v 0.4058823529411766 0.6021377827759626 -0.05714285714285716
v 0.4058823529411766 0.6095262705106808 -0.08863394989568109
v 0.34345182035697697 0.6544117647058822 -0.09999114192890715
v 0.378051580739416 0.6271860092911166 -0.05714285714285716
v 0.41988762006454067 0.6019360989122423 -0.0939591179060141
v 0.41452054393360876 0.5966856983493741 -0.05714285714285716
v -0.3382352941176471 0.6581452028638126 -0.10095209576856319
v -0.33159022260650234 0.6609123781406978 -0.09901068073303426
v -0.2705882352941176 0.6876539657663946 -0.05714285714285716
v -0.2705882352941176 0.692189601112868 -0.07706697826684508
v -0.21330319135070788 0.7104514816070442 -0.06425467480902622
v -0.2029411764705883 0.7135491748658148 -0.05714285714285716
v -0.2029411764705883 0.7145586080776796 -0.06137316703121536
v -0.2029411764705883 0.7205882352941178 -0.10218286989447002
v -0.21596354158037417 0.7078489650780228 -0.05714285714285716
v -0.17611351041553086 0.7205882352941178 -0.05714285714285716
v 0.19824962724755674 0.7159986762715868 -0.0603628334729503
v 0.2029411764705884 0.7135491748658148 -0.05714285714285716
v 0.2029411764705884 0.7145586080776796 -0.06137316703121536
v 0.2029411764705884 0.7205882352941178 -0.10218286989447002
v 0.18477576616437089 0.7205882352941178 -0.06961042135923624
v 0.17611351041553092 0.7205882352941178 -0.05714285714285716
v 0.19760347453165528 0.7153665703538571 -0.05714285714285716
v 0.2506937788438861 0.7011262670275868 -0.07079712694255028
v 0.2705882352941176 0.6876539657663946 -0.05714285714285716
v 0.2705882352941176 0.692189601112868 -0.07706697826684508
v 0.20343931183565434 0.7205882352941178 -0.10322954063453556
v 0.2482002344961669 0.6986869301656876 -0.05714285714285716
v 0.33823529411764697 0.6581452028638127 -0.10095209576856314
v 0.29913621798631856 0.6823391390786876 -0.08397793734479378
v 0.29470441371422657 0.678003678377728 -0.05714285714285716
v 0.3409131063571975 0.6570313636358773 -0.10173355122689243
v -0.2029411764705883 0.7208273842397499 -0.10340364470798517
v -0.2026360945297157 0.7208866850188844 -0.10336204003437012
v -0.1352941176470588 0.7326807586749872 -0.05714285714285716
v -0.1352941176470588 0.7395052491074698 -0.09029949189602919
v -0.11338487370725638 0.7420211913221854 -0.08853433878665741
v -0.0676470588235294 0.7441370865378625 -0.05714285714285716
v -0.0676470588235294 0.7496283074211867 -0.0831972827298977
v -0.12101459131777947 0.734557337137978 -0.05714285714285716
v -0.03677124293279543 0.7507928377959228 -0.0823802630066702
v 0 0.747803243157514 -0.05714285714285716
v 0 0.7528537501645729 -0.08093435305914107
v -0.042460240049381905 0.7452275145296968 -0.05714285714285716
v 0.03178109479261901 0.7516784367216798 -0.08175893804605966
v 0.0676470588235294 0.7441370865378625 -0.05714285714285716
v 0.0676470588235294 0.7496283074211867 -0.0831972827298977
v 0.026661770312072456 0.7466704019037539 -0.05714285714285716
v 0.09438134890179942 0.7467413451532949 -0.08522273879721225
v 0.1352941176470588 0.7326807586749872 -0.05714285714285716
v 0.1352941176470588 0.7395052491074698 -0.09029949189602919
v 0.08901206883224028 0.7414887885635089 -0.05714285714285716
v 0.2029411764705884 0.7208273842397499 -0.10340364470798517
v 0.15171115889862127 0.7366483843445593 -0.0923038319360395
v 0.14556457743752751 0.7306354242195763 -0.05714285714285716
v 0.20313656183184364 0.7207793731475196 -0.10343732868062926
v -0.14561456001278228 -0.5468607908053433 -0.017797570692002725
v -0.1352941176470588 -0.5525468210455242 -0.010714285714285676
v -0.1352941176470588 -0.5482765004103185 -0.0187908145735885
v -0.1352941176470588 -0.5367647058823529 -0.03748065234113289
v -0.1583442782984961 -0.5367647058823529 -0.026534427030955383
v -0.19291974079178378 -0.5367647058823529 -0.010714285714285676
v -0.14852487446358967 -0.5497078375506983 -0.010714285714285676
v -0.08575510792954763 -0.554479101746936 -0.023142480908167784
v -0.0676470588235294 -0.5631972231917249 -0.010714285714285676
v -0.0676470588235294 -0.5560075989819316 -0.024214855158752005
v -0.11517842477948302 -0.5367647058823529 -0.043336744957347066
v -0.09146961649450865 -0.5600693818648327 -0.010714285714285676
v -0.02160265652850004 -0.5578977394428422 -0.02554095370434318
v 0 -0.566661960916463 -0.010714285714285676
v 0 -0.5585173966427657 -0.025975697327146698
v -0.02923406587367286 -0.565363248584859 -0.010714285714285676
v 0.04737482902862751 -0.5565962350295396 -0.024627834735010283
v 0.0676470588235294 -0.5631972231917249 -0.010714285714285676
v 0.0676470588235294 -0.5560075989819316 -0.024214855158752005
v 0.03932599605817256 -0.564470093370202 -0.010714285714285676
v 0.12236838353624542 -0.549409445773366 -0.019585674653694866
v 0.1352941176470588 -0.5525468210455242 -0.010714285714285676
v 0.1352941176470588 -0.5482765004103185 -0.0187908145735885
v 0.1352941176470588 -0.5367647058823529 -0.03748065234113289
v 0.11655470011935533 -0.5550967447681499 -0.010714285714285676
v 0.1929197407917839 -0.5367647058823529 -0.010714285714285676
v -0.33995571637215816 -0.472271257064835 -0.011895072416915967
v -0.3382352941176471 -0.4737231813971055 -0.010714285714285676
v -0.3382352941176471 -0.4728042169143932 -0.012268990279621875
v -0.3382352941176471 -0.47058823529411764 -0.015288843591508401
v -0.34112623872352577 -0.47058823529411764 -0.012698443347512987
v -0.3431367546092996 -0.47058823529411764 -0.010714285714285676
v -0.3403488426382701 -0.4726558371077706 -0.010714285714285676
v -0.2923072150030571 -0.4918350632702541 -0.02562079042135288
v -0.2705882352941176 -0.5090482935793579 -0.010714285714285676
v -0.2705882352941176 -0.4976873565971991 -0.02972668510470157
v -0.3110877314104266 -0.47058823529411764 -0.038510523732000895
v -0.29793921627534486 -0.4973446297322747 -0.010714285714285676
v -0.24033772957715713 -0.5071718198548916 -0.03638086408866996
v -0.2029411764705883 -0.5341476827833813 -0.010714285714285676
v -0.2029411764705883 -0.5159741886711352 -0.04255649427403453
v -0.2511140018711866 -0.5177138253599204 -0.010714285714285676
v -0.1352941176470588 -0.5291228055534867 -0.05178139691212879
v -0.1856321371883274 -0.51983195006275 -0.04526305067894519
v -0.2009130745662827 -0.5347806931498801 -0.010714285714285676
v -0.12842531378079614 -0.5300452238392699 -0.0524285538681862
v 0.1352941176470588 -0.5291228055534867 -0.05178139691212879
v 0.14531637143836157 -0.5269603271734697 -0.05026422954075185
v 0.2029411764705884 -0.5341476827833813 -0.010714285714285676
v 0.2029411764705884 -0.5159741886711352 -0.04255649427403452
v 0.23335008198995102 -0.5070168635264546 -0.03627214869633799
v 0.2705882352941176 -0.5090482935793579 -0.010714285714285676
v 0.2705882352941176 -0.4976873565971991 -0.02972668510470157
v 0.20756694161605527 -0.532239500848744 -0.010714285714285676
v 0.33496452924592945 -0.47378789658166737 -0.012959127443011038
v 0.33823529411764697 -0.47372318139710556 -0.010714285714285676
v 0.33823529411764697 -0.4728042169143933 -0.012268990279621916
v 0.33823529411764697 -0.47058823529411764 -0.015288843591508533
v 0.33199268673057203 -0.4766951338249518 -0.010714285714285676
v 0.3431367546092996 -0.47058823529411764 -0.010714285714285676
v -0.4176629626237305 -0.4159362741779461 -0.018799735216908184
v -0.40588235294117647 -0.42846446774251057 -0.010714285714285676
v -0.40588235294117647 -0.4206937109604706 -0.022137492451631706
v -0.40588235294117647 -0.40441176470588236 -0.044764018300698795
v -0.4242765343809105 -0.40441176470588236 -0.02333886365894789
v -0.4349416116638933 -0.40441176470588236 -0.010714285714285676
v -0.42039606519433453 -0.4186099614752761 -0.010714285714285676
v -0.3382352941176471 -0.452155558390288 -0.044210725092868705
v -0.3730116658670944 -0.43843212837381995 -0.03458254085909271
v -0.3990615538419748 -0.40441176470588236 -0.05246150123936781
v -0.3821567241052086 -0.4473783809980621 -0.010714285714285676
v -0.3252364110255049 -0.457871936617022 -0.04822126346781545
v 0.33823529411764697 -0.45215555839028804 -0.04421072509286876
v 0.37583943438314005 -0.4338015763387441 -0.031333804351944265
v 0.4058823529411766 -0.4284644677425105 -0.010714285714285676
v 0.4058823529411766 -0.4206937109604705 -0.022137492451631664
v 0.4058823529411766 -0.40441176470588236 -0.044764018300698656
v 0.4349416116638933 -0.40441176470588236 -0.010714285714285676
v -0.4867270856857438 -0.3511460620838799 -0.01977231657313476
v -0.47352941176470575 -0.36869725188920244 -0.010714285714285676
v -0.47352941176470575 -0.3579064543391439 -0.02451532193317711
v -0.47352941176470575 -0.3382352941176471 -0.049399053548312526
v -0.4926387344824306 -0.3382352941176471 -0.02382969043669931
v -0.5021571459222768 -0.3382352941176471 -0.010714285714285676
v -0.48978488286129856 -0.3541373854077922 -0.010714285714285676
v -0.40588235294117647 -0.3986713687022451 -0.05311546820062277
v -0.44568483209725507 -0.37717250198772406 -0.03803213631519685
v -0.46974647359715116 -0.3382352941176471 -0.05454649274835538
v -0.45610540618748746 -0.3873665418586036 -0.010714285714285676
v -0.4022355335820148 -0.4008442240284416 -0.05463991590566856
v 0.4058823529411766 -0.39867136870224507 -0.053115468200622726
v 0.42231993609223156 -0.3883315203189807 -0.04586116187458647
v 0.47352941176470575 -0.36869725188920244 -0.010714285714285676
v 0.47352941176470575 -0.3579064543391439 -0.02451532193317711
v 0.47352941176470575 -0.3382352941176471 -0.049399053548312526
v 0.5021571459222768 -0.3382352941176471 -0.010714285714285676
v -0.5474715671258013 -0.2782170701422481 -0.015034833337894647
v -0.5411764705882353 -0.28868548692896084 -0.010714285714285676
v -0.5411764705882353 -0.28215647836490226 -0.017798672122677404
v -0.5411764705882353 -0.2720588235294118 -0.028051307334785575
v -0.5496639440082726 -0.2720588235294118 -0.016539539210646687
v -0.5533225609701967 -0.2720588235294118 -0.010714285714285676
v -0.5489054288598085 -0.2796197609689943 -0.010714285714285676
v -0.47352941176470575 -0.33427176468242875 -0.05436209522164048
v -0.5109367394642896 -0.3086529484529177 -0.03638825907331683
v -0.5278971326385995 -0.2720588235294118 -0.0480287773699705
v -0.5207099938129491 -0.31821374075051934 -0.010714285714285676
v -0.47127268374719106 -0.336027625404861 -0.05559398480785483
v 0.47352941176470575 -0.33427176468242875 -0.05436209522164048
v 0.49412359577293063 -0.3180888097617749 -0.043008339547150005
v 0.5411764705882351 -0.28868548692896095 -0.010714285714285676
v 0.5411764705882351 -0.2821564783649023 -0.01779867212267746
v 0.5411764705882351 -0.2720588235294118 -0.028051307334785724
v 0.5533225609701967 -0.2720588235294118 -0.010714285714285676
v -0.5411764705882353 -0.25480788281417766 -0.045039816196613514
v -0.5686234793902215 -0.23273268763877178 -0.029552139581487464
v -0.5773206171652542 -0.20588235294117652 -0.03552129314758134
v -0.592791152180491 -0.20588235294117652 -0.010714285714285676
v -0.5756872517807174 -0.23964289975990904 -0.010714285714285676
v -0.5323745110440005 -0.2634482109317908 -0.051101760685478614
v 0.5411764705882351 -0.2548078828141777 -0.04503981619661356
v 0.5825710260479163 -0.20588235294117652 -0.028732308209349352
v 0.5927911521804908 -0.20588235294117652 -0.010714285714285676
v 0.5684730754118282 -0.24535562315850562 -0.010714285714285676
v -0.6171986869048685 -0.14789897120489048 -0.016462452813589816
v -0.6088235294117647 -0.17062095469634478 -0.010714285714285676
v -0.6088235294117647 -0.15546032346343813 -0.021767401541015315
v -0.6088235294117647 -0.13970588235294112 -0.033210131493822806
v -0.6190529965896873 -0.13970588235294112 -0.017735131199754277
v -0.622939757576705 -0.13970588235294112 -0.010714285714285676
v -0.6192814862912286 -0.149936492343721 -0.010714285714285676
v -0.5858607743994203 -0.18341878825518743 -0.04138270541078228
v -0.5989539217071571 -0.13970588235294112 -0.050368995954291146
v -0.5983523868740468 -0.19563884393688727 -0.010714285714285676
v 0.6088235294117648 -0.15546032346343786 -0.021767401541015127
v 0.6088235294117648 -0.17062095469634425 -0.010714285714285676
v 0.6088235294117648 -0.13970588235294112 -0.033210131493822424
v 0.6229397575767049 -0.13970588235294112 -0.010714285714285676
v -0.6088235294117647 -0.1212744882440884 -0.044211625085535076
v -0.6310998731011355 -0.09532148711300331 -0.026003329053884878
v -0.6349937817681174 -0.07352941176470584 -0.02867585643091284
v -0.645059512299756 -0.07352941176470584 -0.010714285714285676
v -0.6372942618582753 -0.101381215244988 -0.010714285714285676
v -0.6011373507313225 -0.13218679451337811 -0.051867560595100254
v 0.6088235294117648 -0.12127448824408808 -0.04421162508553485
v 0.6256678738328783 -0.07352941176470584 -0.04558198721408043
v 0.6450595122997559 -0.07352941176470584 -0.010714285714285676
v 0.6287847278468516 -0.12017862301426914 -0.010714285714285676
v -0.6412473309047576 -0.03907187741961581 -0.03296788860233364
v -0.645390956429242 -0.007352941176470562 -0.03581180549957298
v -0.6593228436327422 -0.007352941176470562 -0.010714285714285676
v -0.6512575517786707 -0.04886448479626988 -0.010714285714285676
v 0.6336606491210833 -0.04923222944037242 -0.040096262559753376
v 0.6503939036341806 -0.007352941176470562 -0.028611637567844926
v 0.6593228436327421 -0.007352941176470562 -0.010714285714285676
v 0.6540603865021908 -0.029275964611028077 -0.010714285714285676
v -0.6480672516943412 0.02043293152663557 -0.03764864169083664
v -0.6509073429653645 0.05882352941176472 -0.039597896879955095
v -0.6667333685104889 0.05882352941176472 -0.010714285714285676
v -0.6612972513650694 0.00749054054440146 -0.010714285714285676
v 0.658390388569434 0.04113637756472778 -0.023123366851413196
v 0.6621592663527855 0.05882352941176472 -0.02053665259638001
v 0.6667333685104888 0.05882352941176472 -0.010714285714285676
v 0.6653159585430576 0.047911391669359586 -0.010714285714285676
v -0.6512327386485189 0.08351273009447963 -0.039821227457523825
v -0.6516668167571386 0.125 -0.040119150631452244
v -0.6677427921264911 0.125 -0.010714285714285676
v -0.6669031123748109 0.06818301666658526 -0.010714285714285676
v 0.6633210233127759 0.11213629518449314 -0.019739297664212722
v 0.6637034947304289 0.125 -0.019476793989363875
v 0.6677427921264911 0.125 -0.010714285714285676
v 0.6675856666792122 0.1163082289125287 -0.010714285714285676
v -0.6498830569353438 0.15100954148908188 -0.03889489311400921
v -0.6476765794489793 0.19117647058823528 -0.03738050949759138
v -0.6624092611540285 0.19117647058823528 -0.010714285714285676
v -0.6668556811070228 0.13440588740809153 -0.010714285714285676
v 0.6582568613633915 0.17335869430050455 -0.023215011300280912
v 0.6553855474070772 0.19117647058823528 -0.02518569572371398
v 0.6624092611540284 0.19117647058823528 -0.010714285714285676
v 0.6636157428348144 0.17860107834863564 -0.010714285714285676
v -0.6427787100191249 0.2241359166692704 -0.034018928305051536
v -0.6388726172467699 0.25735294117647056 -0.031338038545143304
v -0.6504164748988666 0.25735294117647056 -0.010714285714285676
v -0.6588830218788797 0.20838169854559724 -0.010714285714285676
v 0.6462516967652964 0.22779098212973373 -0.03145458079152012
v 0.6352681612896529 0.25735294117647056 -0.038992970046542536
v 0.6504164748988666 0.25735294117647056 -0.010714285714285676
v 0.6549090765177994 0.23626015797457361 -0.010714285714285676
v -0.6281413737371591 0.3046315205768201 -0.02397280619848491
v -0.6088235294117647 0.32352941176470584 -0.04737071290511946
v -0.624846692523106 0.32352941176470584 -0.021711549837286986
v -0.6309662027040361 0.32352941176470584 -0.010714285714285676
v -0.6388556412890916 0.2941501718847122 -0.010714285714285676
v -0.6048896663362081 0.32352941176470584 -0.05444290764068943
v 0.6088235294117648 0.32352941176470584 -0.04737071290511905
v 0.6278445870808276 0.2759604975918582 -0.044088031848251844
v 0.630966202704036 0.32352941176470584 -0.010714285714285676
v 0.6421834884487654 0.289987683712667 -0.010714285714285676
v -0.6088235294117647 0.3759694421180231 -0.010714285714285676
v -0.6029761337583621 0.32924969012129535 -0.0531295824863293
v -0.5847812370961415 0.3897058823529411 -0.04064178073989841
v -0.6030692870544008 0.3897058823529411 -0.010714285714285676
v 0.6088235294117648 0.3759694421180226 -0.010714285714285676
v 0.6040223956826687 0.3850091210962167 -0.014009473770590732
v 0.5998520559275615 0.3897058823529411 -0.016871725590089717
v 0.6030692870544007 0.3897058823529411 -0.010714285714285676
v 0.6049542442623775 0.38592071209810586 -0.010714285714285676
v 0.6255234560466317 0.33986629651620615 -0.010714285714285676
v -0.568815169655137 0.4288444951583378 -0.029683703396848688
v -0.5411764705882353 0.4558823529411764 -0.05027322145701707
v -0.5593904013401885 0.4558823529411764 -0.023215151230377776
v -0.5672984399508768 0.4558823529411764 -0.010714285714285676
v -0.5955514677062337 0.40268942097791705 -0.010714285714285676
v -0.5381531852520177 0.4558823529411764 -0.055067869381043265
v 0.5411764705882351 0.4558823529411764 -0.05027322145701721
v 0.5750711889744246 0.42286375903508283 -0.033879711915068805
v 0.5672984399508767 0.4558823529411764 -0.010714285714285676
v 0.5833110713946242 0.4309245135765825 -0.010714285714285676
v -0.5411764705882353 0.4935150420727509 -0.010714285714285676
v -0.5347544996045949 0.46216471585995506 -0.05273523109507912
v -0.5046277052463803 0.5220588235294117 -0.03205814552624246
v -0.5199221886096899 0.5220588235294117 -0.010714285714285676
v 0.5411764705882351 0.4935150420727511 -0.010714285714285676
v 0.5269128644641146 0.5081052957992938 -0.02050390358208272
v 0.5013716192445395 0.5220588235294117 -0.03803376443154262
v 0.5199221886096899 0.5220588235294117 -0.010714285714285676
v 0.5296990214262958 0.5108308841318624 -0.010714285714285676
v 0.5580437932205635 0.47238299464671496 -0.010714285714285676
v -0.47352941176470575 0.5571130414619763 -0.032549262974295945
v -0.47352941176470575 0.5735777482753728 -0.010714285714285676
v -0.43945377141893044 0.588235294117647 -0.03375553876889328
v -0.4584538530852694 0.588235294117647 -0.010714285714285676
v 0.4649920735394059 0.5798835502015928 -0.016573763191898315
v 0.47352941176470575 0.5735777482753728 -0.010714285714285676
v 0.47352941176470575 0.5571130414619763 -0.032549262974295945
v 0.4413540514335133 0.588235294117647 -0.032797374637247065
v 0.4584538530852694 0.588235294117647 -0.010714285714285676
v 0.46651498782306466 0.581373357652998 -0.010714285714285676
v 0.48523215018246085 0.5335071545902591 -0.04911085344619916
v 0.5002472471868344 0.5481958364423637 -0.010714285714285676
v -0.40588235294117647 0.6333378274585825 -0.010714285714285676
v -0.40588235294117647 0.6149413059997565 -0.03840625833032948
v -0.3382352941176471 0.6544117647058822 -0.04895150912936931
v -0.3605714698669439 0.6544117647058822 -0.026044393914890034
v -0.37587183421852366 0.6544117647058822 -0.010714285714285676
v -0.33315255706703634 0.6544117647058822 -0.053654394757189555
v 0.33823529411764697 0.6544117647058822 -0.04895150912936945
v 0.39130229767958646 0.6401486671673702 -0.020721093828606846
v 0.4058823529411766 0.6333378274585824 -0.010714285714285676
v 0.4058823529411766 0.6149413059997564 -0.03840625833032959
v 0.3758718342185237 0.6544117647058822 -0.010714285714285676
v 0.39417147255032375 0.6429554686713523 -0.010714285714285676
v 0.4173854984539185 0.5994883712496771 -0.04924784112324235
v 0.43248356934329246 0.6142582232066734 -0.010714285714285676
v -0.3382352941176471 0.6792066349407908 -0.010714285714285676
v -0.2705882352941176 0.713564261481739 -0.010714285714285676
v -0.2705882352941176 0.7095881289299123 -0.018431820655521854
v -0.2867189317808408 0.7048082061223233 -0.010714285714285676
v -0.2029411764705883 0.7205882352941178 -0.042886104107510016
v -0.22674689853745403 0.7205882352941178 -0.027052995580053835
v -0.2522975120512557 0.7205882352941178 -0.010714285714285676
v -0.19089121433156572 0.7205882352941178 -0.048872541513279556
v 0.2029411764705884 0.7205882352941178 -0.042886104107510016
v 0.26446425989205746 0.7145973897921024 -0.01491738684427104
v 0.2705882352941176 0.713564261481739 -0.010714285714285676
v 0.2705882352941176 0.7095881289299123 -0.018431820655521854
v 0.2522975120512557 0.7205882352941178 -0.010714285714285676
v 0.26569271790814425 0.7157991421991439 -0.010714285714285676
v 0.33823529411764697 0.6792066349407909 -0.010714285714285676
v 0.3033847715094362 0.6864953327426071 -0.034633433218678816
v 0.31201534112083573 0.6949382812754981 -0.010714285714285676
v 0.3546433931338372 0.6704631659173728 -0.010714285714285676
v -0.2029411764705883 0.7398263387176606 -0.010714285714285676
v -0.1352941176470588 0.7577030292434596 -0.010714285714285676
v -0.1352941176470588 0.7401994850939909 -0.043383853315009636
v -0.17693284888401345 0.7460311644548975 -0.010714285714285676
v -0.10916535281709969 0.7461489834973386 -0.03920976078440695
v -0.0676470588235294 0.7679531994990867 -0.010714285714285676
v -0.0676470588235294 0.7579840139304242 -0.030906453718654768
v -0.09090651396268265 0.7640108910723118 -0.010714285714285676
v -0.026390669704578817 0.7609477463887433 -0.02882713666059601
v 0 0.771298323405895 -0.010714285714285676
v 0 0.7634702684628257 -0.027057367205446107
v -0.016788472713710034 0.7703411999667671 -0.010714285714285676
v 0.040909547264199125 0.7606084445743125 -0.02906518650500617
v 0.0676470588235294 0.7679531994990867 -0.010714285714285676
v 0.0676470588235294 0.7579840139304242 -0.030906453718654768
v 0.04948737592323724 0.7689997986972846 -0.010714285714285676
v 0.09911016440207804 0.751367360316611 -0.0355486138731079
v 0.1352941176470588 0.7577030292434596 -0.010714285714285676
v 0.1352941176470588 0.7401994850939909 -0.043383853315009636
v 0.11009960801924476 0.7621179029855785 -0.010714285714285676
v 0.2029411764705884 0.7398263387176606 -0.010714285714285676
v 0.14994086962609288 0.7349165796214336 -0.047090272710041854
v 0.16613653144058899 0.7507601618312668 -0.010714285714285676
v 0.21789929136094663 0.735221173773816 -0.010714285714285676
v -0.1352941176470588 -0.5367647058823529 -0.004138499150757532
v -0.0676470588235294 -0.5367647058823529 0.00025473468717951767
v -0.12506188164314452 -0.5367647058823529 -0.0036915398855122336
v 0 -0.5367647058823529 0.0016766684112880428
v -0.05132055114902925 -0.5367647058823529 0.0004911745219395684
v 0.0676470588235294 -0.5367647058823529 0.00025473468717951767
v 0.017685405631065156 -0.5367647058823529 0.0014238342995820125
v 0.1352941176470588 -0.5367647058823529 -0.004138499150757532
v 0.08270789546529611 -0.5367647058823529 -0.0003775003172967282
v 0.1440147526066532 -0.5367647058823529 -0.004729005198539232
v -0.3382352941176471 -0.47058823529411764 -0.009516291076736422
v -0.2705882352941176 -0.47058823529411764 0.0037855440887818743
v -0.3360570389735478 -0.47058823529411764 -0.009219272090540487
v -0.2029411764705883 -0.47058823529411764 0.013041511895787204
v -0.2455466603257565 -0.47058823529411764 0.006472633751577049
v -0.1352941176470588 -0.5206450923457502 0.000595030449489534
v -0.1352941176470588 -0.47058823529411764 0.019203088427042794
v -0.16395664208021854 -0.47058823529411764 0.016042180435626423
v -0.11606790537209302 -0.5179564547437995 0.0024813444495883335
v -0.0676470588235294 -0.5097643013672657 0.008228855231219943
v -0.0676470588235294 -0.47058823529411764 0.02274867227938069
v -0.08856345057165937 -0.47058823529411764 0.02135862553932693
v -0.038678981670185415 -0.5084263695366903 0.009167531213941073
v 0 -0.506224179417597 0.01071255983717798
v 0 -0.47058823529411764 0.02390768470653795
v -0.017780469256151316 -0.47058823529411764 0.023510920168914776
v 0.029827218328006572 -0.5075859053440857 0.009757190218911364
v 0.0676470588235294 -0.5097643013672657 0.008228855231219943
v 0.0676470588235294 -0.47058823529411764 0.02274867227938069
v 0.04935694013980343 -0.47058823529411764 0.023161129723281243
v 0.1352941176470588 -0.5206450923457502 0.000595030449489534
v 0.09190163314383215 -0.5130374049168394 0.005932487344058747
v 0.1352941176470588 -0.47058823529411764 0.019203088427042794
v 0.11342418065590562 -0.47058823529411764 0.020704173679984936
v 0.14873993801659166 -0.523611185955636 -0.0014859431625255694
v 0.2029411764705884 -0.47058823529411764 0.01304151189578718
v 0.17470582129566728 -0.47058823529411764 0.0163353618209393
v 0.2705882352941176 -0.47058823529411764 0.0037855440887818743
v 0.2332051160412731 -0.47058823529411764 0.010056927469320933
v 0.33823529411764697 -0.47058823529411764 -0.009516291076736388
v 0.28855025422490527 -0.47058823529411764 0.0016136838003232585
v 0.33968984482853354 -0.47058823529411764 -0.009715976064888393
v -0.40588235294117647 -0.40441176470588236 -0.002493765323866066
v -0.3382352941176471 -0.46790196527574357 -0.00882963278075975
v -0.3382352941176471 -0.40441176470588236 0.012530988317358601
v -0.38990307318514844 -0.40441176470588236 0.00025285970832982126
v -0.333670290625346 -0.46612247100817095 -0.007581162199383385
v -0.2705882352941176 -0.43770410489637623 0.01235680259651064
v -0.2705882352941176 -0.40441176470588236 0.023442991883687293
v -0.29550472652657184 -0.40441176470588236 0.01861321564480625
v -0.22044912849782425 -0.42153910908035236 0.02369795839124486
v -0.2029411764705883 -0.415251182528322 0.028109487813462973
v -0.2029411764705883 -0.40441176470588236 0.03173145045561798
v -0.21039922341190945 -0.40441176470588236 0.030595564055801307
v -0.1352941176470588 -0.41658417326938296 0.0357142857142857
v -0.1662964254181026 -0.40441176470588236 0.0357142857142857
v -0.14530224969114855 -0.4142023286620571 0.0357142857142857
v -0.0676470588235294 -0.43193534949483403 0.0357142857142857
v -0.09241169960951068 -0.4286380437356467 0.0357142857142857
v 0 -0.4365428356992891 0.0357142857142857
v -0.031443188402426624 -0.4351714055343432 0.0357142857142857
v 0.0676470588235294 -0.43193534949483403 0.0357142857142857
v 0.03813720244307124 -0.43328010246937404 0.0357142857142857
v 0.1352941176470588 -0.41658417326938296 0.0357142857142857
v 0.12058232746858535 -0.41880373335873683 0.0357142857142857
v 0.1942696629603773 -0.412894767052828 0.029762718988333374
v 0.2029411764705884 -0.4152511825283221 0.02810948781346291
v 0.2029411764705884 -0.40441176470588236 0.031731450455617954
v 0.19796705843693596 -0.40441176470588236 0.03230037240547456
v 0.16629642541810252 -0.40441176470588236 0.0357142857142857
v 0.24608556351679325 -0.42838176970543884 0.01889723458761275
v 0.2705882352941176 -0.43770410489637623 0.01235680259651064
v 0.2705882352941176 -0.40441176470588236 0.023442991883687293
v 0.2561205069592338 -0.40441176470588236 0.02578457154655487
v 0.33823529411764697 -0.4679019652757435 -0.008829632780759697
v 0.29535276612184114 -0.44636206383221416 0.006282488549462464
v 0.33823529411764697 -0.40441176470588236 0.012530988317358622
v 0.312488756102539 -0.40441176470588236 0.01804352515112156
v 0.34016948965179566 -0.46869608748897224 -0.009386778841469358
v 0.4058823529411766 -0.40441176470588236 -0.0024937653238660956
v 0.36603220072235937 -0.40441176470588236 0.008363715402613141
v 0.4155493807846612 -0.40441176470588236 -0.004079462256490306
v -0.47352941176470575 -0.3382352941176471 -0.0014880443909120415
v -0.40588235294117647 -0.3872233400722728 0.0013448947429451266
v -0.40588235294117647 -0.3382352941176471 0.015898173506932
v -0.4542916892531864 -0.3382352941176471 0.0024892443324403477
v -0.37365669207122343 -0.37288666168092827 0.011403326249253515
v -0.3382352941176471 -0.35499066980427996 0.023958926899219468
v -0.3382352941176471 -0.3382352941176471 0.02889113526064386
v -0.35332759099259975 -0.3382352941176471 0.025355908045451743
v -0.2705882352941176 -0.36237220779547963 0.0357142857142857
v -0.3041987623623891 -0.3382352941176471 0.0357142857142857
v -0.28758930802921806 -0.354866778315028 0.0357142857142857
v -0.2029411764705883 -0.39385586104684633 0.0357142857142857
v -0.24657743199585894 -0.38092293539236843 0.0357142857142857
v -0.19572838366576592 -0.3973557717446431 0.0357142857142857
v 0.2029411764705884 -0.3938558610468463 0.0357142857142857
v 0.2705882352941176 -0.36237220779547963 0.0357142857142857
v 0.22832802674337288 -0.37957680248250614 0.0357142857142857
v 0.3265466064337547 -0.3496698798953678 0.027691925533726104
v 0.33823529411764697 -0.3549906698042799 0.02395892689921951
v 0.33823529411764697 -0.3382352941176471 0.028891135260643887
v 0.33061186585778335 -0.3382352941176471 0.03048205700177061
v 0.3041987623623891 -0.3382352941176471 0.0357142857142857
v 0.4058823529411766 -0.3872233400722729 0.0013448947429450832
v 0.3742352502481375 -0.36919441631735916 0.01399375871067821
v 0.4058823529411766 -0.3382352941176471 0.01589817350693198
v 0.38499470554915677 -0.3382352941176471 0.021378353808582724
v 0.41803395475800104 -0.39252432814594534 -0.00237421117540923
v 0.47352941176470575 -0.3382352941176471 -0.0014880443909120415
v 0.43672673615554986 -0.3382352941176471 0.010455306491852546
v 0.4841012462427967 -0.3382352941176471 -0.0034584614296331966
v -0.5411764705882353 -0.2720588235294118 -0.006306961229176031
v -0.47352941176470575 -0.3202151681357624 0.0019284058476080005
v -0.47352941176470575 -0.2720588235294118 0.014375235530462264
v -0.5312909612063881 -0.2720588235294118 -0.003929510641651487
v -0.4365348991429097 -0.3020450100311074 0.014676358041667534
v -0.40588235294117647 -0.28508923869185343 0.02657231190190603
v -0.40588235294117647 -0.2720588235294118 0.029910964072385277
v -0.41999862170771946 -0.2720588235294118 0.026025790691285695
v -0.3382352941176471 -0.3146990316682599 0.0357142857142857
v -0.384214238213646 -0.2720588235294118 0.0357142857142857
v -0.36605954646663424 -0.29927820082733403 0.0357142857142857
v -0.3268556610603361 -0.32710304438766896 0.0357142857142857
v 0.33823529411764697 -0.31469903166826 0.0357142857142857
v 0.3972082049202033 -0.2805444031151465 0.029760910830325796
v 0.4058823529411766 -0.2850892386918535 0.02657231190190599
v 0.4058823529411766 -0.2720588235294118 0.029910964072385242
v 0.3997354987285229 -0.2720588235294118 0.03149548204659481
v 0.384214238213646 -0.2720588235294118 0.0357142857142857
v 0.47352941176470575 -0.3202151681357624 0.0019284058476080005
v 0.44365762260286234 -0.3012812259703456 0.015212219239852765
v 0.47352941176470575 -0.2720588235294118 0.014375235530462264
v 0.4521927811364927 -0.2720588235294118 0.02107020071790342
v 0.48614863475860814 -0.32589040205839476 -0.0020532662060483466
v 0.5411764705882351 -0.2720588235294118 -0.006306961229175998
v 0.5018593211450479 -0.2720588235294118 0.008729534077812538
v 0.5461378488197586 -0.2720588235294118 -0.007309116182712171
v -0.5411764705882353 -0.2639963952639553 -0.005057788423282864
v -0.5411764705882353 -0.20588235294117652 0.007749260457120849
v -0.5239484633015009 -0.2552053381402152 0.0011099056222617972
v -0.47352941176470575 -0.22565153649445696 0.021844477570555625
v -0.47352941176470575 -0.20588235294117652 0.026108147890367736
v -0.49928862250030215 -0.20588235294117652 0.01803482741438886
v -0.40588235294117647 -0.24785639216370214 0.0357142857142857
v -0.44090613568108095 -0.20588235294117652 0.0357142857142857
v -0.4295375887282387 -0.22902334447199835 0.0357142857142857
v -0.3964923696933916 -0.26287297035223095 0.0357142857142857
v 0.4058823529411766 -0.24785639216370198 0.0357142857142857
v 0.460845849665489 -0.21829018542954073 0.027009108000226996
v 0.47352941176470575 -0.22565153649445696 0.021844477570555625
v 0.47352941176470575 -0.20588235294117652 0.026108147890367736
v 0.46385682955995905 -0.20588235294117652 0.02907565010171107
v 0.4409061356810809 -0.20588235294117652 0.0357142857142857
v 0.5411764705882351 -0.26399639526395524 -0.005057788423282825
v 0.5065408646820589 -0.23976501089287067 0.011942643151351101
v 0.5411764705882351 -0.20588235294117652 0.007749260457120849
v 0.5147141386495372 -0.20588235294117652 0.01755225043958928
v 0.5468249794351075 -0.2665331083531236 -0.006837514114413635
v 0.5616359672355405 -0.20588235294117652 0.0033277911771878357
v -0.6088235294117647 -0.13970588235294112 -0.005065812488713882
v -0.5411764705882353 -0.1737769705656657 0.011810442872977406
v -0.5411764705882353 -0.13970588235294112 0.017844884224508244
v -0.5950091027555444 -0.13970588235294112 -0.001232955617935778
v -0.47352941176470575 -0.1458187188543498 0.0357142857142857
v -0.47729671652419253 -0.13970588235294112 0.0357142857142857
v -0.4762137651060171 -0.14233188018683263 0.0357142857142857
v -0.4563949156383213 -0.18912034586101775 0.0357142857142857
v 0.47352941176470575 -0.1458187188543498 0.0357142857142857
v 0.5411764705882351 -0.17377697056566568 0.011810442872977417
v 0.5201763054447119 -0.16024952216725735 0.021301128892178153
v 0.5411764705882351 -0.13970588235294112 0.017844884224508268
v 0.5241421856442101 -0.13970588235294112 0.02402305288003253
v 0.47729671652419253 -0.13970588235294112 0.0357142857142857
v 0.5639829627325175 -0.1835716541043786 0.004938617279150296
v 0.6088235294117648 -0.13970588235294112 -0.005065812488713978
v 0.57250575046576 -0.13970588235294112 0.010788108238922296
v 0.6150396570913269 -0.13970588235294112 -0.006447937213716625
v -0.6088235294117647 -0.13043841037049936 -0.004212345053588434
v -0.6088235294117647 -0.07352941176470584 0.003667779891967286
v -0.5895088345395174 -0.12081107215182965 0.002542073188716328
v -0.5411764705882353 -0.0924974195838908 0.022406572291936912
v -0.5411764705882353 -0.07352941176470584 0.024958543572781204
v -0.5733692550727444 -0.07352941176470584 0.013619237978023214
v -0.5089407018900957 -0.07352941176470584 0.0357142857142857
v -0.5015102974397206 -0.10090201731635075 0.0357142857142857
v 0.5291545852505248 -0.08528995176898765 0.027463240187472114
v 0.5411764705882351 -0.09249741958389071 0.02240657229193696
v 0.5411764705882351 -0.07352941176470584 0.024958543572781246
v 0.5308739015177183 -0.07352941176470584 0.028643267811850226
v 0.5089407018900957 -0.07352941176470584 0.0357142857142857
v 0.4792195150876774 -0.13413947692829498 0.0357142857142857
v 0.6088235294117648 -0.13043841037049952 -0.00421234505358855
v 0.5752386509189954 -0.10638418420328442 0.012663794574838527
v 0.6088235294117648 -0.07352941176470584 0.0036677798919671784
v 0.5800563526579982 -0.07352941176470584 0.01597035384291181
v 0.6154841794616669 -0.13319002904325425 -0.006142845773203774
v 0.624473757569856 -0.07352941176470584 0.000027019947013011067
v -0.6088235294117647 -0.05099900751262681 0.005092759808601504
v -0.6088235294117647 -0.007352941176470562 0.009230667193968655
v -0.5646058925309928 -0.03027302785960293 0.01963384394611983
v -0.5411764705882353 -0.01725430962561325 0.02876761134203004
v -0.5411764705882353 -0.007352941176470562 0.029682548395031247
v -0.559199453207209 -0.007352941176470562 0.023344474662132915
v -0.5250792239789327 -0.007352941176470562 0.0357142857142857
v -0.5175958102078949 -0.050461374436112025 0.0357142857142857
v 0.5347572958643272 -0.013632568623771817 0.03130857883856006
v 0.5411764705882351 -0.017254309625613168 0.028767611342030097
v 0.5411764705882351 -0.007352941176470562 0.029682548395031295
v 0.5353859689681364 -0.007352941176470562 0.031740059447075065
v 0.5250792239789327 -0.007352941176470562 0.0357142857142857
v 0.5177080201060302 -0.03031120795254058 0.0357142857142857
v 0.6088235294117648 -0.05099900751262698 0.005092759808601379
v 0.5823427550772767 -0.033258046503687 0.017539592770429102
v 0.6088235294117648 -0.007352941176470562 0.00923066719396854
v 0.5849357660010159 -0.007352941176470562 0.019319267969641403
v 0.6252471682873927 -0.05746280851680894 0.0005578391040800771
v 0.6303822736004612 -0.007352941176470562 0.004082243682304108
v -0.6088235294117647 0.022519086637275327 0.010243549672501105
v -0.6088235294117647 0.05882352941176472 0.012101473874825276
v -0.5530164357624722 0.04724095478479386 0.02758809843631567
v -0.5411764705882353 0.05351459227888723 0.03198960283693356
v -0.5411764705882353 0.05882352941176472 0.032255273201048575
v -0.5515278978415599 0.05882352941176472 0.0286097347112275
v -0.5322731392416988 0.05882352941176472 0.0357142857142857
v -0.527240729911938 0.0062798486155592765 0.0357142857142857
v 0.5376690814519608 0.05539238786540936 0.03330704037541416
v 0.5411764705882351 0.05351459227888727 0.031989602836933584
v 0.5411764705882351 0.05882352941176472 0.032255273201048595
v 0.5378546109286626 0.05882352941176472 0.033434375823709485
v 0.5322731392416988 0.05882352941176472 0.0357142857142857
v 0.5307405271782102 0.048614454336740255 0.0357142857142857
v 0.6088235294117648 0.022519086637275174 0.010243549672500993
v 0.5862853798532406 0.03677533962625204 0.02024555573778317
v 0.6088235294117648 0.05882352941176472 0.01210147387482519
v 0.5874741750161127 0.05882352941176472 0.021061467945841267
v 0.6309485118916252 0.0142910634233929 0.004470873068475658
v 0.6334037637514397 0.05882352941176472 0.0061559993449322205
v -0.6088235294117647 0.09156035370218386 0.0122534545021671
v -0.6088235294117647 0.125 0.01249154371225784
v -0.5510869536895376 0.11530496218350854 0.028912370293826616
v -0.5411764705882353 0.12029831691087998 0.03241564456287134
v -0.5411764705882353 0.125 0.0324482360240645
v -0.5509146973330694 0.125 0.029030595929787753
v -0.5324319643185139 0.125 0.0357142857142857
v -0.5320346835471128 0.06776658195199321 0.0357142857142857
v 0.5380126485336718 0.12190495668575328 0.033542842627147525
v 0.5411764705882351 0.12029831691088005 0.03241564456287139
v 0.5411764705882351 0.125 0.032448236024064554
v 0.5380358341289629 0.125 0.03355875572205231
v 0.5324319643185139 0.125 0.0357142857142857
v 0.5326615654840972 0.11667020152856065 0.0357142857142857
v 0.6088235294117648 0.09156035370218374 0.012253454502167006
v 0.5876650679490331 0.10430150509080606 0.021192484524025834
v 0.6088235294117648 0.125 0.012491543712257733
v 0.5878201190840895 0.125 0.021298901607403053
v 0.6334905570951911 0.08295431736294269 0.006215568689556632
v 0.6338129297426132 0.125 0.006436824450675532
v -0.6088235294117647 0.15697979033586118 0.011722329092778809
v -0.6088235294117647 0.19117647058823528 0.010427884294292252
v -0.5411764705882353 0.18425330379900282 0.030857079808189282
v -0.5551210561209666 0.17753502821925893 0.02614362297287691
v -0.5411764705882353 0.19117647058823528 0.030603099157093826
v -0.5564013952445555 0.19117647058823528 0.02526488090358147
v -0.5258241181645792 0.19117647058823528 0.0357142857142857
v -0.5303696729155012 0.13557186728854417 0.0357142857142857
v 0.5411764705882351 0.1842533037990029 0.030857079808189324
v 0.5364464885146883 0.18654931421193954 0.03246793155821789
v 0.5411764705882351 0.19117647058823528 0.030603099157093867
v 0.5362629859436083 0.19117647058823528 0.032341987247010755
v 0.5258241181645792 0.19117647058823528 0.0357142857142857
v 0.5285613304557214 0.17883557263251532 0.0357142857142857
v 0.6088235294117648 0.156979790335861 0.011722329092778708
v 0.5868481555891361 0.16967882228348988 0.020631808649686563
v 0.6088235294117648 0.19117647058823528 0.010427884294292141
v 0.5859927158257403 0.19117647058823528 0.02004469005431243
v 0.6333673845043329 0.14901029302533855 0.006131030979681991
v 0.6316445287493548 0.19117647058823528 0.004948574079526161
v -0.6088235294117647 0.21924535205191367 0.008978485090390256
v -0.6088235294117647 0.25735294117647056 0.005763031038376356
v -0.5411764705882353 0.24583561184233946 0.027633873705260395
v -0.5635655311097614 0.23545059936193413 0.020347880822182373
v -0.5411764705882353 0.25735294117647056 0.02669549259945233
v -0.5681297165335916 0.25735294117647056 0.017215318776634358
v -0.5091522528717372 0.25735294117647056 0.0357142857142857
v -0.5178075288354407 0.21403739186814302 0.0357142857142857
v 0.5411764705882351 0.24583561184233949 0.02763387370526041
v 0.533213935192802 0.2495635043765903 0.030249315768972898
v 0.5411764705882351 0.25735294117647056 0.02669549259945233
v 0.5325279159519193 0.25735294117647056 0.029778476476317352
v 0.5091522528717372 0.25735294117647056 0.0357142857142857
v 0.5186258146774504 0.2352925169159203 0.0357142857142857
v 0.6088235294117648 0.21924535205191353 0.008978485090390169
v 0.5840378450777023 0.2331060760670617 0.018702993050224274
v 0.6088235294117648 0.25735294117647056 0.0057630310383763005
v 0.5818879615195209 0.25735294117647056 0.017227451850354465
v 0.6307995842430387 0.21267478509709037 0.004368658750657081
v 0.6267078146371217 0.25735294117647056 0.0015603324062232818
v -0.6088235294117647 0.2785053741161937 0.004125992633901
v -0.6088235294117647 0.32352941176470584 -0.0018808511075774047
v -0.576005645767196 0.2894573925678964 0.01180978970636544
v -0.5411764705882353 0.3050893318943905 0.02277695983701685
v -0.5411764705882353 0.32352941176470584 0.020415030859824684
v -0.5871558457314565 0.32352941176470584 0.004157012712261196
v -0.47990454393684356 0.32352941176470584 0.0357142857142857
v -0.48319573485042816 0.3140732261373687 0.0357142857142857
v 0.5411764705882351 0.3050893318943905 0.02277695983701688
v 0.5283095268723373 0.31094218421654496 0.026883246704306182
v 0.5411764705882351 0.32352941176470584 0.020415030859824733
v 0.5265662940906559 0.32352941176470584 0.025686804329301205
v 0.47990454393684356 0.32352941176470584 0.0357142857142857
v 0.5012484394163964 0.28446938127051574 0.0357142857142857
v 0.6088235294117648 0.2785053741161936 0.004125992633900941
v 0.5792927383560553 0.2946405944275988 0.01544625831269637
v 0.6088235294117648 0.32352941176470584 -0.0018808511075775
v 0.5752432905252969 0.32352941176470584 0.012666978900902542
v 0.6257572028622486 0.2739184912910744 0.0009078938899283982
v 0.6185038450637357 0.32352941176470584 -0.004070342363088225
v -0.6088235294117647 0.3345462304767685 -0.002985025602013162
v -0.592368841923631 0.33962638865527134 0.0005791488660792966
v -0.5411764705882353 0.36199174555196095 0.016270399260264693
v -0.5411764705882353 0.3897058823529411 0.011350308335023356
v -0.48604524503625784 0.37746213241337934 0.027124226232878856
v -0.47352941176470575 0.3356953289195952 0.0357142857142857
v -0.47352941176470575 0.38223581713034577 0.030473382812083886
v -0.47352941176470575 0.3897058823529411 0.029187868235873986
v -0.4909892969310649 0.3897058823529411 0.02373094837961065
v -0.44416644094255664 0.3897058823529411 0.0357142857142857
v 0.46798766769248945 0.3842846109779469 0.03191079055913104
v 0.47352941176470575 0.3356953289195952 0.0357142857142857
v 0.47352941176470575 0.38223581713034577 0.030473382812083886
v 0.47352941176470575 0.3897058823529411 0.029187868235873986
v 0.46694640689004563 0.3897058823529411 0.03119613640590093
v 0.4441664409425567 0.3897058823529411 0.0357142857142857
v 0.45844774365140584 0.37495207658993024 0.0357142857142857
v 0.5411764705882351 0.361991745551961 0.016270399260264738
v 0.521715510163621 0.3706679862853839 0.022357539584348725
v 0.5411764705882351 0.3897058823529411 0.011350308335023408
v 0.518059333633625 0.3897058823529411 0.019848176189537735
v 0.47801206398637325 0.3279146150250327 0.0357142857142857
v 0.6088235294117648 0.33454623047676835 -0.00298502560201324
v 0.572500074405136 0.35417206767254344 0.010784212557562275
v 0.565535711240488 0.3897058823529411 0.006004323553254216
v 0.6178760897486123 0.332385177311622 -0.004501193060735002
v -0.5411764705882353 0.4162329756695471 0.00789678610466642
v -0.5411764705882353 0.4558823529411764 -0.0012854049120122578
v -0.47352941176470575 0.4372688512338907 0.022655289278380508
v -0.5042591721399275 0.4258206308349812 0.014623363220732884
v -0.47352941176470575 0.4558823529411764 0.01850936467499949
v -0.519939522621884 0.4558823529411764 0.0038613835421230803
v -0.4099222427372333 0.4519302868363382 0.03294156632009763
v -0.40588235294117647 0.4406960228225095 0.0357142857142857
v -0.40588235294117647 0.4532233626866257 0.03384877191664855
v -0.40588235294117647 0.4558823529411764 0.03327140852289655
v -0.4117821893537718 0.4558823529411764 0.03166501910812554
v -0.39267081532598486 0.4558823529411764 0.0357142857142857
v 0.40379706688812933 0.4538423991936302 0.03428308006918184
v 0.4058823529411766 0.4406960228225094 0.0357142857142857
v 0.4058823529411766 0.45322336268662566 0.033848771916648535
v 0.4058823529411766 0.4558823529411764 0.033271408522896534
v 0.40328529700265525 0.4558823529411764 0.03393183427821982
v 0.39267081532598486 0.4558823529411764 0.0357142857142857
v 0.4003722592344039 0.45049204388020314 0.0357142857142857
v 0.47352941176470575 0.4372688512338907 0.022655289278380508
v 0.4596584026524859 0.4423128875053091 0.026194121075153412
v 0.47352941176470575 0.4558823529411764 0.01850936467499949
v 0.4562823129337636 0.4558823529411764 0.023876991175036548
v 0.4297428163392767 0.41304764002499567 0.0357142857142857
v 0.5411764705882351 0.41623297566954714 0.007896786104666455
v 0.513258449965655 0.42857124581039147 0.016553159759036606
v 0.5411764705882351 0.4558823529411764 -0.0012854049120122283
v 0.506413321462736 0.4558823529411764 0.011855105724424511
v 0.5632765007663715 0.4113254770924222 0.004453747420397862
v 0.5517285796274461 0.4558823529411764 -0.0034719996966905706
v -0.5411764705882353 0.4669889900224364 -0.002922010174735044
v -0.5262018120578623 0.47053147541654117 -0.00043664740617262686
v -0.47352941176470575 0.4898608680692121 0.013124609026336161
v -0.47352941176470575 0.5220588235294117 0.004144786551287928
v -0.40588235294117647 0.5066095043069089 0.02487523952960915
v -0.4291405217111806 0.49930626712397286 0.019751381061580996
v -0.40588235294117647 0.5220588235294117 0.020705451125480508
v -0.44242404511988837 0.5220588235294117 0.010634428659952351
v -0.342029976693238 0.5183466340532902 0.03310986071675282
v -0.3382352941176471 0.5084156888791699 0.0357142857142857
v -0.3382352941176471 0.51934752312842 0.03381207178216138
v -0.3382352941176471 0.5220588235294117 0.033096146969778494
v -0.3440032016990752 0.5220588235294117 0.03175556653572789
v -0.3204177139030495 0.5220588235294117 0.0357142857142857
v 0.3359963521932391 0.5198685542555345 0.034177620604676585
v 0.33823529411764697 0.50841568887917 0.0357142857142857
v 0.33823529411764697 0.51934752312842 0.033812071782161404
v 0.33823529411764697 0.5220588235294117 0.03309614696977852
v 0.335302874467312 0.5220588235294117 0.033701662289676915
v 0.3204177139030496 0.5220588235294117 0.0357142857142857
v 0.33181991631266644 0.515782910459322 0.0357142857142857
v 0.4058823529411766 0.5066095043069089 0.02487523952960912
v 0.39373220692471583 0.5101728111220045 0.0273752103427397
v 0.4058823529411766 0.5220588235294117 0.02070545112548048
v 0.3900222505657927 0.5220588235294117 0.024828935947329732
v 0.3672569944995017 0.48427314679299077 0.0357142857142857
v 0.47352941176470575 0.4898608680692121 0.013124609026336161
v 0.44950318810442896 0.4985549090791408 0.019224237798381387
v 0.47352941176470575 0.5220588235294117 0.004144786551287928
v 0.4421755003152097 0.5220588235294117 0.014194986241184326
v 0.5411764705882351 0.4669889900224364 -0.0029220101747350173
v 0.5024908707160258 0.48421421495877215 0.009162988907583065
v 0.49046280532015724 0.5220588235294117 0.000907701788058329
v 0.550694363488969 0.465193335126677 -0.004181818847632895
v -0.47352941176470575 0.5390414698059454 0.0012005232606792093
v -0.45191368141788485 0.54320464669478 0.0041213553001473325
v -0.40588235294117647 0.5575248071806127 0.014168198053699795
v -0.40588235294117647 0.588235294117647 0.004041772418001395
v -0.3382352941176471 0.5711166125589381 0.023704036112778853
v -0.36207739209342393 0.5649115026196044 0.019350609774389172
v -0.3382352941176471 0.588235294117647 0.018221827366393
v -0.37708589422492234 0.588235294117647 0.009049743404634082
v -0.279667553494686 0.5793533523996995 0.029482828191535325
v -0.2705882352941176 0.5563905533800422 0.0357142857142857
v -0.2705882352941176 0.5812747704181203 0.03083087067430027
v -0.2705882352941176 0.588235294117647 0.028644987382762298
v -0.28490947503149433 0.588235294117647 0.025885111857266253
v -0.20761154700272616 0.588235294117647 0.0357142857142857
v 0.2645527722206426 0.5823310367631606 0.0315719337290746
v 0.2705882352941176 0.5563905533800422 0.0357142857142857
v 0.2705882352941176 0.5812747704181203 0.03083087067430027
v 0.2705882352941176 0.588235294117647 0.028644987382762298
v 0.2622399595400494 0.588235294117647 0.02998456850419543
v 0.20761154700272627 0.588235294117647 0.0357142857142857
v 0.2507273689203785 0.5688061857085543 0.0357142857142857
v 0.33823529411764697 0.5711166125589381 0.023704036112778853
v 0.32408157618986927 0.5743892657100383 0.026000088006090438
v 0.33823529411764697 0.588235294117647 0.018221827366393
v 0.3187598292391077 0.588235294117647 0.022347584664108112
v 0.292495378681516 0.5434897246692579 0.0357142857142857
v 0.4058823529411766 0.5575248071806127 0.01416819805369977
v 0.38173383248464027 0.5646117414971223 0.01914030117734624
v 0.4058823529411766 0.588235294117647 0.004041772418001365
v 0.3727182340907082 0.588235294117647 0.012952576813809055
v 0.47352941176470575 0.5390414698059454 0.0012005232606792093
v 0.4369435028252122 0.5524447310246641 0.010604081131589772
v 0.42314070771517176 0.588235294117647 0.0011307341771830993
v 0.4883764420988722 0.5365830923345746 -0.0005242431557428602
v -0.40588235294117647 0.6046901610228009 0.0008302399556794696
v -0.38600354431304795 0.6076819547321205 0.002929244431106849
v -0.3382352941176471 0.6201012231979187 0.011642445481714447
v -0.3382352941176471 0.6544117647058822 -0.0016120628706211716
v -0.2705882352941176 0.6312298861394859 0.019450174085163214
v -0.30078282328864486 0.6248735807981926 0.014990670972700265
v -0.2705882352941176 0.6544117647058822 0.010736318463414263
v -0.32161662695067905 0.6544117647058822 0.0006916939251550899
v -0.22157924305215734 0.6361788734847821 0.02292232076233923
v -0.2029411764705883 0.5904746778416156 0.0357142857142857
v -0.2029411764705883 0.6392151876885541 0.025052560251334836
v -0.2029411764705883 0.6544117647058822 0.01944196254524324
v -0.233446284424927 0.6544117647058822 0.014777550130717812
v -0.14663914296730007 0.6433133703708636 0.027927793180828185
v -0.1352941176470588 0.6137064370776639 0.0357142857142857
v -0.1352941176470588 0.6446322695872766 0.028853116123136978
v -0.1352941176470588 0.6544117647058822 0.025283440130762808
v -0.15337416377267926 0.6544117647058822 0.023305309957260482
v -0.19960882039245015 0.5914952076723473 0.0357142857142857
v -0.07494380837126977 0.6472736401483101 0.03070626816754464
v -0.0676470588235294 0.6269873968463979 0.0357142857142857
v -0.0676470588235294 0.647783889255664 0.031064252461910358
v -0.0676470588235294 0.6544117647058822 0.028660276162176403
v -0.07901716114145303 0.6544117647058822 0.027910581949499608
v -0.10329871542277921 0.6195351441196596 0.0357142857142857
v -0.00585705456929321 0.6486820374098345 0.031694381801820486
v 0 0.6313156779423366 0.0357142857142857
v 0 0.648819358692792 0.031790724670181035
v 0 0.6544117647058822 0.02976645440104457
v -0.00895486206227479 0.6544117647058822 0.029568246845457356
v -0.025438814463707868 0.6295259679479072 0.0357142857142857
v 0.061031918204877036 0.6479404314919832 0.031174080507073994
v 0.0676470588235294 0.6269873968463979 0.0357142857142857
v 0.0676470588235294 0.647783889255664 0.031064252461910358
v 0.0676470588235294 0.6544117647058822 0.028660276162176403
v 0.05769349079046826 0.6544117647058822 0.028882799579793436
v 0.0415138173310693 0.6288466371589104 0.0357142857142857
v 0.12598211446511243 0.6453021963757173 0.029323128250900166
v 0.1352941176470588 0.6137064370776639 0.0357142857142857
v 0.1352941176470588 0.6446322695872766 0.028853116123136978
v 0.1352941176470588 0.6544117647058822 0.025283440130762808
v 0.12146592214849992 0.6544117647058822 0.026223505573970463
v 0.10121934564754353 0.6210777486193999 0.0357142857142857
v 0.18913082899569153 0.6409016421760919 0.026235755304496268
v 0.2029411764705884 0.5904746778416156 0.0357142857142857
v 0.2029411764705884 0.6392151876885541 0.025052560251334836
v 0.2029411764705884 0.6544117647058822 0.019441962545243212
v 0.18264422277101713 0.6544117647058822 0.021783767802468205
v 0.15540255427794153 0.6079065908217713 0.0357142857142857
v 0.2705882352941176 0.6312298861394859 0.019450174085163214
v 0.2504920034274976 0.6347524074450583 0.02192153030272352
v 0.2705882352941176 0.6544117647058822 0.010736318463414263
v 0.24126733694715807 0.6544117647058822 0.01559031510969544
v 0.2045720357308446 0.5898306999157237 0.0357142857142857
v 0.33823529411764697 0.6201012231979187 0.011642445481714454
v 0.30991584886666657 0.6267079595690536 0.016277647824637663
v 0.33823529411764697 0.6544117647058822 -0.0016120628706211403
v 0.29706311283524156 0.6544117647058822 0.007456360051516814
v 0.4058823529411766 0.6046901610228009 0.0008302399556794487
v 0.36697296772972077 0.6163482356946756 0.00900939710642329
v 0.3492228891171564 0.6544117647058822 -0.003173110264311871
v 0.42063970380275756 0.6026718330039762 -0.0005857933527657795
v -0.3382352941176471 0.6643920840354648 -0.0037122204068643005
v -0.3267336955200715 0.6656633285513367 -0.0028203313973160886
v -0.2705882352941176 0.6776216338315874 0.005569463735812092
v -0.2029411764705883 0.6867673963692893 0.011986014595596603
v -0.24447975722553655 0.6799526671642768 0.007204887121603793
v -0.2029411764705883 0.7205882352941178 -0.002931219506872494
v -0.1352941176470588 0.6928331568208154 0.01624167510285776
v -0.16751183551989302 0.689070902592432 0.01360212531088089
v -0.1352941176470588 0.7205882352941178 0.0042016547391251925
v -0.19022465388061296 0.7205882352941178 -0.0019864860484951775
v -0.0676470588235294 0.6963165541643556 0.0186855824454685
v -0.09437538752617163 0.694440957215446 0.0173696874432176
v -0.0676470588235294 0.7205882352941178 0.008252298429218496
v -0.1120505495506523 0.7205882352941178 0.005238597979210689
v 0 0.6974542151396668 0.019483750939258238
v -0.02423105435289672 0.6968839429923709 0.019083655242266538
v 0 0.7205882352941178 0.00956843471953149
v -0.03940401982534514 0.7205882352941178 0.008669911859002257
v 0.0676470588235294 0.6963165541643556 0.0186855824454685
v 0.04342512063117099 0.6968928609755062 0.019089911985990037
v 0.0676470588235294 0.7205882352941178 0.008252298429218496
v 0.02893623795065462 0.7205882352941178 0.00914567884190894
v 0.1352941176470588 0.6928331568208154 0.01624167510285776
v 0.1088813305681631 0.6947496392386763 0.017586254830944257
v 0.1352941176470588 0.7205882352941178 0.0042016547391251925
v 0.0936525302203593 0.7205882352941178 0.0071341899959609205
v 0.2029411764705884 0.6867673963692892 0.011986014595596582
v 0.17225223163337322 0.6905664414316246 0.014651376369489044
v 0.2029411764705884 0.7205882352941178 -0.002931219506872494
v 0.15502496244223812 0.7205882352941178 0.0028276916140826825
v 0.2705882352941176 0.6776216338315874 0.005569463735812092
v 0.2334643896756895 0.6842714297978292 0.010234876143873813
v 0.21292236721529778 0.7205882352941178 -0.0038638411348422587
v 0.33823529411764697 0.6643920840354648 -0.003712220406864279
v 0.29216400696909084 0.6755184978661822 0.00409393024897234
v 0.347447715658879 0.6634239162136092 -0.004391474656483603
v -0.2029411764705883 0.7289601442900284 -0.004840660672710269
v -0.19387879415833786 0.7294536092952323 -0.004494451891281508
v -0.1352941176470588 0.7364892769903659 0.00044168322181227515
v -0.1184657184138172 0.7370507997614193 0.0008356404675354066
v -0.0676470588235294 0.7407099685317503 0.003402866811164423
v 0 0.7420733872992925 0.004359424105217868
v -0.04684103077092995 0.740941958389052 0.0035656279491443604
v 0.0676470588235294 0.7407099685317503 0.003402866811164423
v 0.021718384359157406 0.7418344808628587 0.004191810383148432
v 0.1352941176470588 0.7364892769903659 0.00044168322181227515
v 0.08756436023553951 0.7400725518928233 0.0029556633914728132
v 0.2029411764705884 0.7289601442900284 -0.004840660672710269
v 0.15074937176367387 0.735707505625589 -0.00010679764045984017
v 0.2109669857994856 0.7284395705071693 -0.005205888628303416
v -0.1352941176470588 -0.40441176470588236 0.04101181519297503
v -0.0676470588235294 -0.40441176470588236 0.04936389673408566
v -0.1258367835958147 -0.40441176470588236 0.042205188898524634
v 0 -0.40441176470588236 0.052393922292752
v -0.046343388048036574 -0.40441176470588236 0.05033574919684442
v 0.0676470588235294 -0.40441176470588236 0.04936389673408566
v 0.02278513114241113 -0.40441176470588236 0.05135252789587842
v 0.1352941176470588 -0.40441176470588236 0.04101181519297503
v 0.0844314466739217 -0.40441176470588236 0.04723400532589035
v 0.141428140776492 -0.40441176470588236 0.03992428295529418
v -0.2705882352941176 -0.3382352941176471 0.046402938605885846
v -0.2029411764705883 -0.3382352941176471 0.07000776023022129
v -0.2386804453394527 -0.3382352941176471 0.05761373161484763
v -0.17371281950350997 -0.37581880680330576 0.05577474189355369
v -0.1352941176470588 -0.3492695682159493 0.08214285714285707
v -0.1632646289219556 -0.3382352941176471 0.08214285714285707
v -0.1443687221654583 -0.347112624624777 0.08214285714285707
v -0.0676470588235294 -0.36454733765602243 0.08214285714285707
v -0.09087884596244657 -0.3609620424057182 0.08214285714285707
v 0 -0.3693264832351617 0.08214285714285707
v -0.03012232254385662 -0.36770278356272423 0.08214285714285707
v 0.0676470588235294 -0.36454733765602243 0.08214285714285707
v 0.03913320069820488 -0.3661292857619863 0.08214285714285707
v 0.1352941176470588 -0.3492695682159493 0.08214285714285707
v 0.12165625841807105 -0.35157667814600463 0.08214285714285707
v 0.156408170435721 -0.3837567130647998 0.05020560765929914
v 0.2029411764705884 -0.3382352941176471 0.07000776023022126
v 0.1906276985761683 -0.3382352941176471 0.07369168132091039
v 0.1632646289219556 -0.3382352941176471 0.08214285714285707
v 0.2705882352941176 -0.3382352941176471 0.046402938605885846
v 0.23583762563318392 -0.3382352941176471 0.058292283431470866
v 0.2811064751989025 -0.3382352941176471 0.04293332614583062
v -0.3382352941176471 -0.2720588235294118 0.05566391208488722
v -0.30070197070294724 -0.3015179125163103 0.061474734393318756
v -0.2705882352941176 -0.28499551562505093 0.08214285714285707
v -0.2875123024452357 -0.2720588235294118 0.08214285714285707
v -0.27939083562057443 -0.2806700629792065 0.08214285714285707
v -0.2029411764705883 -0.3235817996485591 0.08214285714285707
v -0.23952638030951984 -0.30784869685010574 0.08214285714285707
v -0.19298776653617214 -0.3284982626600661 0.08214285714285707
v 0.2029411764705884 -0.3235817996485591 0.08214285714285707
v 0.2705882352941176 -0.28499551562505093 0.08214285714285707
v 0.24214810931632574 -0.29988068589899086 0.08214285714285707
v 0.29028109976745187 -0.31897053539373305 0.049230195803126944
v 0.33823529411764697 -0.2720588235294118 0.05566391208488729
v 0.3161014634999494 -0.2720588235294118 0.06695162556984105
v 0.2875123024452357 -0.2720588235294118 0.08214285714285707
v 0.35581275091065695 -0.2720588235294118 0.047778316618804925
v -0.40588235294117647 -0.20588235294117652 0.052003172253268615
v -0.37730191907219224 -0.24409970344018808 0.05533004933243946
v -0.3382352941176471 -0.22750531567822965 0.08214285714285707
v -0.35844266535633146 -0.20588235294117652 0.08214285714285707
v -0.3507116938480899 -0.21808752659052277 0.08214285714285707
v -0.3171650726534695 -0.25144665035793373 0.08214285714285707
v 0.33823529411764697 -0.2275053156782298 0.08214285714285707
v 0.3651618916923954 -0.2457175867715058 0.05419496293173719
v 0.4058823529411766 -0.20588235294117652 0.05200317225326854
v 0.38282113726431266 -0.20588235294117652 0.06631512837084803
v 0.3584426653563315 -0.20588235294117652 0.08214285714285707
v 0.4198075600406139 -0.20588235294117652 0.04527164835085608
v -0.47352941176470575 -0.13970588235294112 0.03722922628638291
v -0.40588235294117647 -0.14500638999389717 0.07842408828999585
v -0.40588235294117647 -0.13970588235294112 0.08071591210822521
v -0.43826889566998295 -0.13970588235294112 0.05991482626376938
v -0.4040686023159045 -0.13970588235294112 0.08214285714285707
v -0.3809020679114005 -0.18144511758596088 0.08214285714285707
v 0.40427498769205844 -0.14127830487925236 0.0810396654656673
v 0.4058823529411766 -0.1450063899938976 0.07842408828999556
v 0.4058823529411766 -0.13970588235294112 0.0807159121082251
v 0.404903829480571 -0.13970588235294112 0.08147126184846629
v 0.40406860231590447 -0.13970588235294112 0.08214285714285707
v 0.39915262959827935 -0.14628930736229706 0.08214285714285707
v 0.4236353172770571 -0.18851532261259768 0.04789877365909813
v 0.47352941176470575 -0.13970588235294112 0.03722922628638291
v 0.43931315584457753 -0.13970588235294112 0.05865902932189946
v 0.4749220545947809 -0.13970588235294112 0.03667010579331242
v -0.47352941176470575 -0.1363864691414938 0.03804314387215827
v -0.47352941176470575 -0.07352941176470584 0.05368798688741739
v -0.40588235294117647 -0.13595510423143106 0.08214285714285707
v -0.4360991356831872 -0.07352941176470584 0.08214285714285707
v -0.42889634920893926 -0.09604310376577815 0.08214285714285707
v -0.40475493686100916 -0.13860297531799484 0.08214285714285707
v 0.4058823529411766 -0.13595510423143078 0.08214285714285707
v 0.47352941176470575 -0.1363864691414938 0.03804314387215827
v 0.4467881946128707 -0.09968929810889238 0.06378941307280876
v 0.47352941176470575 -0.07352941176470584 0.05368798688741739
v 0.4536255726873421 -0.07352941176470584 0.06848214771398324
v 0.4360991356831872 -0.07352941176470584 0.08214285714285707
v 0.4750781532336152 -0.13819080917683407 0.03677724181561796
v 0.48833796641974864 -0.07352941176470584 0.045877921052063564
v -0.47352941176470575 -0.03940145856785731 0.05965802430636036
v -0.47352941176470575 -0.007352941176470562 0.0656293390333644
v -0.45333171075342205 -0.007352941176470562 0.08214285714285707
v -0.44526659344040026 -0.04588100253440693 0.08214285714285707
v 0.47352941176470575 -0.03940145856785731 0.05965802430636036
v 0.46011765127278914 -0.02047314165769338 0.07293789109095156
v 0.47352941176470575 -0.007352941176470562 0.0656293390333644
v 0.4624268960324435 -0.007352941176470562 0.07452280752537274
v 0.45333171075342205 -0.007352941176470562 0.08214285714285707
v 0.44487710547895154 -0.03538237123862149 0.08214285714285707
v 0.4894652209436469 -0.057940033220089476 0.04665159574082606
v 0.4967958650955927 -0.007352941176470562 0.05168287635442857
v -0.47352941176470575 0.03980455273483034 0.06879938461713486
v -0.47352941176470575 0.05882352941176472 0.07048960205050309
v -0.4592654243512102 0.05882352941176472 0.08214285714285707
v -0.4554144475454732 0.010368219472778693 0.08214285714285707
v 0.46504255368451886 0.05052116824636447 0.07631802597602072
v 0.47352941176470575 0.03980455273483034 0.06879938461713486
v 0.47352941176470575 0.05882352941176472 0.07048960205050309
v 0.4656942837666657 0.05882352941176472 0.0767653314050718
v 0.4592654243512102 0.05882352941176472 0.08214285714285707
v 0.457482001765516 0.04312497615168777 0.08214285714285707
v 0.4974121058874091 0.01601056394356533 0.05210582422707277
v 0.5003461421559919 0.05882352941176472 0.05411955719401934
v -0.47352941176470575 0.10515360089652978 0.06821887554962877
v -0.47352941176470575 0.125 0.06791977507520189
v -0.4549136127838661 0.125 0.08214285714285707
v -0.45803864952420814 0.07397753595138197 0.08214285714285707
v 0.47352941176470575 0.10515360089652978 0.06821887554962877
v 0.4638263401671127 0.11550786474148503 0.07548329558053388
v 0.47352941176470575 0.125 0.06791977507520189
v 0.4636185102401512 0.125 0.07534065454370627
v 0.4549136127838661 0.125 0.08214285714285707
v 0.4563061464595913 0.1081511535058662 0.08214285714285707
v 0.49976714419699025 0.08449087635639085 0.05372217039607101
v 0.49927902152687165 0.125 0.053387154526207
v -0.47352941176470575 0.16294074926578908 0.062333033611871036
v -0.47352941176470575 0.19117647058823528 0.05948617102870945
v -0.43958107167042226 0.19117647058823528 0.08214285714285707
v -0.44821924675318947 0.14975994403300508 0.08214285714285707
v 0.47352941176470575 0.16294074926578908 0.062333033611871036
v 0.4583518676662023 0.1763288731005688 0.07172597128643077
v 0.47352941176470575 0.19117647058823528 0.05948617102870945
v 0.4566124018201955 0.19117647058823528 0.07053211429274288
v 0.43958107167042226 0.19117647058823528 0.08214285714285707
v 0.44713582899674986 0.16535666135871313 0.08214285714285707
v 0.4977841139673197 0.1487274260677745 0.0523611465427878
v 0.49408352640475045 0.19117647058823528 0.0498213022840058
v -0.47352941176470575 0.21736433453903098 0.0540873585178598
v -0.47352941176470575 0.25735294117647056 0.04811121262477904
v -0.41015622587364253 0.25735294117647056 0.08214285714285707
v -0.41247879230375284 0.2508999026696024 0.08214285714285707
v 0.47352941176470575 0.21736433453903098 0.0540873585178598
v 0.44997303205420597 0.23430865667706852 0.06597527976391154
v 0.47352941176470575 0.25735294117647056 0.04811121262477904
v 0.44539950655810917 0.25735294117647056 0.06283630729609353
v 0.4101562258736424 0.25735294117647056 0.08214285714285707
v 0.4317609192146457 0.2164924593340204 0.08214285714285707
v 0.4925537056006356 0.2097871928190362 0.04877133210478412
v 0.4856205352697753 0.25735294117647056 0.04401285184664706
v -0.47352941176470575 0.27093814899175633 0.04524549500691475
v -0.47352941176470575 0.32352941176470584 0.037444775854739036
v -0.4477901518279287 0.28253265198418726 0.053380051074620266
v -0.40588235294117647 0.26410939671182354 0.08214285714285707
v -0.40588235294117647 0.3038841808999684 0.06836001263140637
v -0.40588235294117647 0.32352941176470584 0.06299182631341166
v -0.46782731291144636 0.32352941176470584 0.03962783803282708
v -0.36740087729669957 0.32352941176470584 0.08214285714285707
v 0.3934592567295224 0.31137638286200076 0.07361644638889572
v 0.4058823529411766 0.26410939671182326 0.08214285714285707
v 0.4058823529411766 0.3038841808999683 0.06836001263140631
v 0.4058823529411766 0.32352941176470584 0.06299182631341159
v 0.3895577175670335 0.32352941176470584 0.07093868193265333
v 0.36740087729669957 0.32352941176470584 0.08214285714285707
v 0.38493109287721244 0.3030336138760453 0.08214285714285707
v 0.47352941176470575 0.27093814899175633 0.04524549500691475
v 0.4396412006098669 0.29037790085236337 0.05888417805832476
v 0.47352941176470575 0.32352941176470584 0.037444775854739036
v 0.43122493517255645 0.32352941176470584 0.053107797121537154
v 0.4089697934796152 0.26037326344233447 0.08214285714285707
v 0.4848783989978896 0.2684552112958895 0.043503497448862165
v 0.47551328136061316 0.32352941176470584 0.03707588565433394
v -0.47352941176470575 0.3255535499492409 0.037134395361213456
v -0.4706714220549788 0.3263252712633518 0.03767582523555793
v -0.40588235294117647 0.3503751460573984 0.054548911995825546
v -0.40588235294117647 0.3897058823529411 0.04515786336357161
v -0.3624018998208309 0.36606463764330477 0.06555646006085827
v -0.3382352941176471 0.3558971816407894 0.08214285714285707
v -0.3382352941176471 0.3763940889447247 0.07280347192629891
v -0.3382352941176471 0.3897058823529411 0.06790313373968834
v -0.37866871185318196 0.3897058823529411 0.05439197105728812
v -0.3016403848695083 0.3897058823529411 0.08214285714285707
v 0.328915537580291 0.3805887292185711 0.07574637827715625
v 0.33823529411764697 0.35589718164078954 0.08214285714285707
v 0.33823529411764697 0.37639408894472476 0.07280347192629893
v 0.33823529411764697 0.3897058823529411 0.0679031337396884
v 0.3248909967402965 0.3897058823529411 0.07298419341492397
v 0.3016403848695083 0.3897058823529411 0.08214285714285707
v 0.3224455654111865 0.37425940861836027 0.08214285714285707
v 0.4058823529411766 0.3503751460573984 0.05454891199582551
v 0.3788946219112597 0.3633048411280225 0.06362022187077136
v 0.4058823529411766 0.3897058823529411 0.045157863363571596
v 0.3694653548939616 0.3897058823529411 0.05714858208560714
v 0.35625872953808385 0.34116103337165493 0.08214285714285707
v 0.47352941176470575 0.3255535499492409 0.037134395361213456
v 0.4280742766248856 0.34523890232485605 0.05094538861521647
v 0.416329041183437 0.3897058823529411 0.042884217706644565
v 0.4754932146080034 0.32545052324184487 0.03706211313158007
v -0.40588235294117647 0.40005288285751966 0.0429736098778154
v -0.3924389426673194 0.40285704457736654 0.04494097413205719
v -0.3382352941176471 0.41977929076986337 0.05681340717504698
v -0.3382352941176471 0.4558823529411764 0.046547740985166834
v -0.29705360881917103 0.42999231362318935 0.06397873431976142
v -0.2705882352941176 0.4141071280611546 0.08214285714285707
v -0.2705882352941176 0.4384731167600944 0.06992875810787572
v -0.2705882352941176 0.4558823529411764 0.062872129830777
v -0.313715530606053 0.4558823529411764 0.05254306750329897
v -0.20541643925752356 0.45346090021482666 0.08044399665865615
v -0.2029411764705883 0.4521741385297979 0.08214285714285707
v -0.2029411764705883 0.45416283019076503 0.08093646181637798
v -0.2029411764705883 0.4558823529411764 0.08007436437326124
v -0.20768964699361486 0.4558823529411764 0.07888381370935124
v -0.21336423234920243 0.44568588523383645 0.08214285714285707
v -0.19341265177044048 0.4558823529411764 0.08214285714285707
v 0.20151864641198025 0.45449074744905976 0.08116652440076888
v 0.2029411764705884 0.4521741385297979 0.08214285714285707
v 0.2029411764705884 0.45416283019076503 0.08093646181637798
v 0.2029411764705884 0.4558823529411764 0.08007436437326122
v 0.2006404458915696 0.4558823529411764 0.08056378429203981
v 0.1934126517704405 0.4558823529411764 0.08214285714285707
v 0.200441025829381 0.4534365534008648 0.08214285714285707
v 0.2570266916304769 0.4426156254441366 0.07283508959731486
v 0.2705882352941176 0.4141071280611546 0.08214285714285707
v 0.2705882352941176 0.4384731167600944 0.06992875810787572
v 0.2705882352941176 0.4558823529411764 0.062872129830777
v 0.2499744788820554 0.4558823529411764 0.06799490631346033
v 0.24636172978792345 0.4321825105981603 0.08214285714285707
v 0.33823529411764697 0.41977929076986337 0.05681340717504701
v 0.3111715985474369 0.42940699857901443 0.06356808471734027
v 0.33823529411764697 0.4558823529411764 0.046547740985166855
v 0.29967708565816475 0.4558823529411764 0.055678993572839786
v 0.28670190428746306 0.40546925419425733 0.08214285714285707
v 0.4058823529411766 0.40005288285751966 0.04297360987781539
v 0.3641881192951186 0.4150945156787285 0.053526628460314286
v 0.3507695630516503 0.4558823529411764 0.04431699824352397
v 0.4158622071346815 0.39946878319441337 0.0425638129713186
v -0.3382352941176471 0.4677940025582867 0.044071347826607515
v -0.32435151124285116 0.4694643144491289 0.04524321743891268
v -0.2705882352941176 0.4817100454502188 0.053834666807931295
v -0.2705882352941176 0.5220588235294117 0.04304706925511372
v -0.2029411764705883 0.493985698197224 0.06244710889392542
v -0.2397390416489238 0.4860609119419095 0.05688717948940318
v -0.2029411764705883 0.5220588235294117 0.05215441045374688
v -0.25724810407936466 0.5220588235294117 0.044870090057330406
v -0.15850950781478224 0.4993481157566388 0.06620931295941959
v -0.1352941176470588 0.4792077494922194 0.08214285714285707
v -0.1352941176470588 0.5033370977191371 0.06900793205056924
v -0.1352941176470588 0.5220588235294117 0.060750981917798916
v -0.17344751664404823 0.5220588235294117 0.05595682863871221
v -0.08252544941091883 0.5075038762156612 0.0719312909322575
v -0.0676470588235294 0.4938806683912237 0.08214285714285707
v -0.0676470588235294 0.5091408873890183 0.07307979718404144
v -0.0676470588235294 0.5220588235294117 0.06680046406126608
v -0.09329401289897937 0.5220588235294117 0.06454044456312279
v -0.10604695306873971 0.48449370959387983 0.08214285714285707
v -0.011650299425062093 0.5106617914831553 0.07414684418342005
v 0 0.49851548041690474 0.08214285714285707
v 0 0.5111043478254907 0.0744573360934395
v 0 0.5220588235294117 0.06896712372225326
v -0.020120293098876023 0.5220588235294117 0.06833358765574031
v -0.026300272293339956 0.49633029628592695 0.08214285714285707
v 0.054941120412965914 0.5096291011712517 0.07342232177411631
v 0.0676470588235294 0.4938806683912237 0.08214285714285707
v 0.0676470588235294 0.5091408873890183 0.07307979718404144
v 0.0676470588235294 0.5220588235294117 0.06680046406126608
v 0.04627244558703251 0.5220588235294117 0.06747270333768376
v 0.04115286371604545 0.49614058918513393 0.08214285714285707
v 0.118153186494177 0.505290521314636 0.07037842923979226
v 0.1352941176470588 0.4792077494922194 0.08214285714285707
v 0.1352941176470588 0.5033370977191371 0.06900793205056924
v 0.1352941176470588 0.5220588235294117 0.060750981917798916
v 0.10766123970517721 0.5220588235294117 0.06317743470448496
v 0.10084625825444757 0.4883598306453355 0.08214285714285707
v 0.2029411764705884 0.493985698197224 0.06244710889392541
v 0.1787606580060195 0.4984039685097248 0.06554691124015613
v 0.2029411764705884 0.5220588235294117 0.052154410453746844
v 0.16597579350283048 0.5220588235294117 0.05677220609976867
v 0.15413489285734444 0.4743135460816732 0.08214285714285707
v 0.2705882352941176 0.4817100454502188 0.053834666807931295
v 0.23736847179462822 0.48956122880165026 0.059342957349729226
v 0.2705882352941176 0.5220588235294117 0.04304706925511372
v 0.2229019917979743 0.5220588235294117 0.04941409996072138
v 0.33823529411764697 0.46779400255828674 0.04407134782660753
v 0.2944255518684431 0.47920146698127747 0.05207468000908676
v 0.279890199975621 0.5220588235294117 0.042098553399416906
v 0.35008493179733996 0.4674743898017456 0.04384711157519297
v -0.2705882352941176 0.5309021120822776 0.041918624667248716
v -0.26127968978099 0.5311650093574714 0.04210307005714657
v -0.2029411764705883 0.5394362085129214 0.04790603835350998
v -0.2029411764705883 0.588235294117647 0.03621834838711927
v -0.1352941176470588 0.5463411167124499 0.05275043426492519
v -0.1842134885331299 0.5403793878160557 0.04856776097570895
v -0.1352941176470588 0.588235294117647 0.0415052951167015
v -0.2021522710174787 0.588235294117647 0.036255739456947864
v -0.0676470588235294 0.5507745097894641 0.05586084655070342
v -0.10941587242532788 0.5473744982028441 0.05347544159628112
v -0.0676470588235294 0.588235294117647 0.0446956697918075
v -0.12635186499276302 0.588235294117647 0.04185167029999801
v 0 0.552294390679532 0.05692717568310028
v -0.037847249182389894 0.5512108112218308 0.056166950095316207
v 0 0.588235294117647 0.04578390410664789
v -0.05427592746336352 0.588235294117647 0.04489136655464798
v 0.0676470588235294 0.5507745097894641 0.05586084655070342
v 0.03045823511431749 0.5518549230977657 0.056618850808273766
v 0.0676470588235294 0.588235294117647 0.0446956697918075
v 0.014366046669413284 0.588235294117647 0.04557421215509418
v 0.1352941176470588 0.5463411167124499 0.05275043426492519
v 0.09589861316240993 0.5496962136435339 0.05510432766736828
v 0.1352941176470588 0.588235294117647 0.0415052951167015
v 0.08004390858295292 0.588235294117647 0.04422268259885898
v 0.2029411764705884 0.5394362085129214 0.04790603835350996
v 0.15899010947998002 0.5452396851050955 0.0519776838356384
v 0.2029411764705884 0.588235294117647 0.03621834838711927
v 0.14321157414136154 0.588235294117647 0.041148316413791595
v 0.2705882352941176 0.5309021120822776 0.041918624667248716
v 0.2202643715803399 0.5390054274411252 0.04760380782377357
v 0.20365138611406763 0.588235294117647 0.036201727736673614
v 0.27962804137038044 0.5309021120822776 0.041918624667248716
v -0.2029411764705883 0.5889300644210506 0.036201727736673614
v -0.20223096682710906 0.5889300644210506 0.036201727736673614
v -0.1352941176470588 0.5957518481558842 0.04098780457920773
v -0.12761052907463843 0.5957518481558842 0.04098780457920773
v -0.0676470588235294 0.5993453220815471 0.04350894025403786
v -0.05628934241981419 0.5993461036430205 0.04350948858764302
v 0 0.6004708543249315 0.0442985993835234
v 0.0676470588235294 0.5993453220815471 0.04350894025403786
v 0.012506599709176057 0.6004700112244497 0.04429800787493137
v 0.1352941176470588 0.5957518481558842 0.04098780457920773
v 0.07900397629773843 0.5993453220815471 0.04350894025403786
v 0.2029411764705884 0.5889300644210506 0.036201727736673614
v 0.14297770621947917 0.5957518481558842 0.04098780457920773
v 0.20365138611406763 0.5889300644210506 0.036201727736673614
v -0.1352941176470588 -0.3382352941176471 0.11074075565293809
v -0.07645110377868546 -0.3468479467911693 0.12252890082270343
v -0.0676470588235294 -0.3470287234118394 0.12857142857142856
v -0.0676470588235294 -0.34874523445524314 0.12119778789013101
v -0.10453436197645051 -0.3382352941176471 0.12857142857142856
v -0.07540447270175143 -0.3458240685637339 0.12857142857142856
v -0.016002219649080204 -0.3538896394265299 0.11758853868805362
v 0 -0.35226923711866165 0.12857142857142856
v 0 -0.35510192817288827 0.1167380122977514
v -0.013593873020877459 -0.3515336481598098 0.12857142857142856
v 0.055979573895738446 -0.3496491380687469 0.12056362059303787
v 0.0676470588235294 -0.3470287234118394 0.12857142857142856
v 0.0676470588235294 -0.34874523445524314 0.12119778789013101
v 0.058116094374844655 -0.3475590636870126 0.12857142857142856
v 0.1352941176470588 -0.3382352941176471 0.11074075565293809
v 0.12226588791333359 -0.3382352941176471 0.11962969325728796
v 0.10453436197645052 -0.3382352941176471 0.12857142857142856
v 0.15364840662831317 -0.3382352941176471 0.09474005548092294
v -0.2705882352941176 -0.2720588235294118 0.11173208521941608
v -0.2297322015819451 -0.2982674350513913 0.11018379953537305
v -0.2029411764705883 -0.30569947246941165 0.12857142857142856
v -0.2029411764705883 -0.3158599232940287 0.09784113318101476
v -0.25880698284500625 -0.2720588235294118 0.12857142857142856
v -0.22677705812771837 -0.2953765338461695 0.12857142857142856
v -0.1352941176470588 -0.33151183784167315 0.12857142857142856
v -0.1890980906930937 -0.32469314498748936 0.09164385700877728
v -0.1807829313671997 -0.31655874999476696 0.12857142857142856
v -0.12997506929146985 -0.3330318772480492 0.12857142857142856
v 0.1352941176470588 -0.33151183784167315 0.12857142857142856
v 0.2029411764705884 -0.3056994724694116 0.12857142857142856
v 0.2029411764705884 -0.31585992329402857 0.09784113318101482
v 0.14769814865447814 -0.32610091595821517 0.12857142857142856
v 0.2705882352941176 -0.2720588235294118 0.11173208521941608
v 0.26348040119867167 -0.2720588235294118 0.12369307038790821
v 0.25880698284500625 -0.2720588235294118 0.12857142857142856
v 0.28414581358997637 -0.2720588235294118 0.09144790311610178
v -0.3382352941176471 -0.20588235294117652 0.12344206711064429
v -0.2705882352941176 -0.26417143537214 0.12857142857142856
v -0.31008752859285904 -0.24452296595081482 0.1014616651583172
v -0.335449217980502 -0.20588235294117652 0.12857142857142856
v -0.30530387912816914 -0.23984330886579214 0.12857142857142856
v -0.26621184347261745 -0.26777757066055297 0.12857142857142856
v 0.2705882352941176 -0.26417143537214 0.12857142857142856
v 0.3278843462230203 -0.21600828022939822 0.12146720656921586
v 0.33823529411764697 -0.20588235294117652 0.12344206711064451
v 0.33643965481376775 -0.20588235294117652 0.12733901774485307
v 0.33544921798050203 -0.20588235294117652 0.12857142857142856
v 0.3551903982061549 -0.20588235294117652 0.09377974535267149
v -0.3382352941176471 -0.2026523299374268 0.12857142857142856
v -0.37257495010808994 -0.17329902408272224 0.10500290691339166
v -0.40292954741032594 -0.13970588235294112 0.08416947211899982
v -0.3850488812632084 -0.13970588235294112 0.12857142857142856
v -0.36849918237896506 -0.1693118599998827 0.12857142857142856
v -0.33685281062087646 -0.20452992343346613 0.12857142857142856
v 0.33823529411764697 -0.20265232993742693 0.12857142857142856
v 0.3708025143053955 -0.17402311580098778 0.10449489335867203
v 0.39155826916219394 -0.13970588235294112 0.11874030274796535
v 0.3850488812632084 -0.13970588235294112 0.12857142857142856
v -0.41511472048045506 -0.08256107566182619 0.12223492786900443
v -0.40588235294117647 -0.09626051561313799 0.12857142857142856
v -0.40588235294117647 -0.12885994247615654 0.08975223083418848
v -0.41930097511462927 -0.07352941176470584 0.11936175310455564
v -0.41675993938765865 -0.07352941176470584 0.12857142857142856
v -0.4141504523799379 -0.0816177699113203 0.12857142857142856
v -0.40426615610090044 -0.13812482022658415 0.08325211025372975
v -0.3928486762447664 -0.12695554645427906 0.12857142857142856
v 0.4058823529411766 -0.09626051561313773 0.12857142857142856
v 0.4058823529411766 -0.12885994247615573 0.08975223083418905
v 0.4319034763669132 -0.07352941176470584 0.10000207539468259
v 0.41675993938765865 -0.07352941176470584 0.12857142857142856
v -0.43442284891266864 -0.03527299158336514 0.10898307574627392
v -0.4431993449029029 -0.007352941176470562 0.10295945582751062
v -0.4352631388460948 -0.007352941176470562 0.12857142857142856
v -0.4303080569715785 -0.031247651640994308 0.12857142857142856
v 0.43694957143181073 -0.04313756758908535 0.10346538908829243
v 0.44609783031491995 -0.007352941176470562 0.10974416304222766
v 0.4352631388460948 -0.007352941176470562 0.12857142857142856
v 0.41985512302898054 -0.05986039754837583 0.12857142857142856
v -0.4467038097280995 0.01888949559847041 0.1005542175468633
v -0.45158619507227166 0.05882352941176472 0.09720326363052152
v -0.4412063619144898 0.05882352941176472 0.12857142857142856
v -0.4388319734385782 0.026590205012132523 0.12857142857142856
v 0.4483548921017379 0.03419628191538306 0.1112932644549195
v 0.45070395316785394 0.05882352941176472 0.11290550823011095
v 0.4412063619144898 0.05882352941176472 0.12857142857142856
v 0.4376155566703699 0.02369041029774039 0.12857142857142856
v -0.44857745935133597 0.0832330480770178 0.09926826547625688
v -0.44460234953600847 0.125 0.10199652407621768
v -0.4356767436477494 0.125 0.12857142857142856
v -0.4378843924293065 0.09369365702248146 0.12857142857142856
v 0.44867360229200204 0.10068453421148542 0.11151200654202624
v 0.4469887773775514 0.125 0.11035565155415791
v 0.4356767436477494 0.125 0.12857142857142856
v 0.4389823509768676 0.0912039622727669 0.12857142857142856
v -0.4280062415991511 0.16953353603152094 0.11338702051735275
v -0.42102483202225965 0.19117647058823528 0.11817860907789007
v -0.41766713764950975 0.19117647058823528 0.12857142857142856
v -0.4209178338713393 0.17646784793916295 0.12857142857142856
v 0.44196751042683136 0.1603006975403146 0.10690937827431592
v 0.43433877942059207 0.19117647058823528 0.10167351009922619
v 0.41766713764950975 0.19117647058823528 0.12857142857142856
v 0.4307429454831819 0.14932014487804876 0.12857142857142856
v -0.40588235294117647 0.23590238514757902 0.11352199084957129
v -0.40588235294117647 0.2161419062066305 0.12857142857142856
v -0.40588235294117647 0.25735294117647056 0.09073103412458208
v -0.38641100490503844 0.25735294117647056 0.12857142857142856
v 0.3972193802572362 0.2488782939856593 0.12262572371692287
v 0.4058823529411766 0.2161419062066302 0.12857142857142856
v 0.4058823529411766 0.23590238514757886 0.11352199084957118
v 0.4058823529411766 0.25735294117647056 0.09073103412458175
v 0.3934669402324341 0.25735294117647056 0.1200502912775401
v 0.3864110049050384 0.25735294117647056 0.12857142857142856
v 0.39362861233855534 0.24536558623912372 0.12857142857142856
v 0.42922780376608627 0.21401441161260354 0.09816566655995355
v 0.40955207831820634 0.25735294117647056 0.08466151959106694
v 0.4148642486656229 0.19996310770997627 0.12857142857142856
v -0.40588235294117647 0.26217815069374767 0.08552816286767691
v -0.34602788594235884 0.3159062241100965 0.12322309691533755
v -0.3382352941176471 0.32274842026708417 0.12857142857142856
v -0.3382352941176471 0.32309276284809907 0.1282650812362854
v -0.3382352941176471 0.32352941176470584 0.12768194705842778
v -0.33756896909124645 0.32352941176470584 0.12857142857142856
v 0.33800654644810596 0.32330563687058966 0.1284144309473026
v 0.33823529411764697 0.3227484202670844 0.12857142857142856
v 0.33823529411764697 0.3230927628480992 0.12826508123628547
v 0.33823529411764697 0.32352941176470584 0.12768194705842797
v 0.3378523066688337 0.32352941176470584 0.12830857072612503
v 0.3375689690912465 0.32352941176470584 0.12857142857142856
v 0.3379026627349181 0.3232040114989928 0.12857142857142856
v 0.4058823529411766 0.2621781506937475 0.08552816286767677
v 0.3792665105812484 0.29749217467347183 0.11030403365980086
v 0.36150134328513067 0.32352941176470584 0.0981111703913474
v 0.3694619008886151 0.2879007086698089 0.12857142857142856
v 0.4087579807727556 0.260166055359537 0.08411650233161162
v -0.3382352941176471 0.347744309378794 0.09913172181813802
v -0.2809149798493765 0.37960363224453564 0.12148381817791232
v -0.2705882352941176 0.38414407181713944 0.12857142857142856
v -0.2705882352941176 0.38640387544994453 0.12625478245853256
v -0.2705882352941176 0.3897058823529411 0.12072826505743751
v -0.2623555930058559 0.3897058823529411 0.12857142857142856
v 0.2684986845178618 0.3876617565935605 0.12713729589579958
v 0.2705882352941176 0.38414407181713944 0.12857142857142856
v 0.2705882352941176 0.38640387544994453 0.12625478245853256
v 0.2705882352941176 0.3897058823529411 0.12072826505743751
v 0.2663853408921111 0.3897058823529411 0.1256868333452067
v 0.2623555930058559 0.3897058823529411 0.12857142857142856
v 0.2675095537235173 0.38669412864257124 0.12857142857142856
v 0.33823529411764697 0.34774430937879414 0.09913172181813809
v 0.31553205184511063 0.3674961888254599 0.11298938962040204
v 0.2934793973121009 0.3897058823529411 0.09785387206824314
v 0.3065214518223567 0.35868147141189627 0.12857142857142856
v 0.35475455217535873 0.3396895555168151 0.09348060879116232
v -0.2705882352941176 0.40893494875088593 0.09563372594903424
v -0.24029447569648707 0.41934108195931885 0.10293453686669671
v -0.2029411764705883 0.42566093046865927 0.12857142857142856
v -0.2029411764705883 0.4369123960701419 0.11526234771905193
v -0.13953150163281425 0.4517370859985895 0.12566316192282
v -0.1352941176470588 0.45140382382384575 0.12857142857142856
v -0.1352941176470588 0.45314176226431063 0.12664866495369098
v -0.1352941176470588 0.4558823529411764 0.12133749511296316
v -0.1435899942139105 0.44776682151708236 0.12857142857142856
v -0.11497706849032242 0.4558823529411764 0.12857142857142856
v 0.13299687898160045 0.45363505424670625 0.1269947523445146
v 0.1352941176470588 0.45140382382384575 0.12857142857142856
v 0.1352941176470588 0.45314176226431063 0.12664866495369098
v 0.1352941176470588 0.4558823529411764 0.12133749511296316
v 0.12890804587868293 0.4558823529411764 0.12418844142605256
v 0.11497706849032242 0.4558823529411764 0.12857142857142856
v 0.13174702919146838 0.4524123751041858 0.12857142857142856
v 0.18899098220442453 0.44223542376775526 0.11899691635769499
v 0.2029411764705884 0.4256609304686592 0.12857142857142856
v 0.2029411764705884 0.4369123960701418 0.1152623477190519
v 0.16735639359279064 0.4558823529411764 0.10414833224846803
v 0.1823856148587207 0.43577365136434937 0.12857142857142856
v 0.2705882352941176 0.40893494875088593 0.09563372594903424
v 0.24061315180408216 0.42655890170092425 0.10799846754255321
v 0.2283313205168153 0.41454406674598926 0.12857142857142856
v 0.28529525917768267 0.40409318832599395 0.09223680831760207
v -0.1352941176470588 0.4748483505209084 0.09544916020673255
v -0.11336873660915178 0.47733109526086803 0.09719102238937091
v -0.0676470588235294 0.4671943659270516 0.12857142857142856
v -0.0676470588235294 0.486268992948793 0.10346173791010559
v -0.03537561292196592 0.4874522456709668 0.10429189299455129
v 0 0.47238324684797367 0.12857142857142856
v 0 0.4897899037848543 0.10593196424270733
v -0.05537878083523452 0.46788392923407357 0.12857142857142856
v 0.03344662095435837 0.4886018734400053 0.10509845723886084
v 0.0676470588235294 0.4671943659270516 0.12857142857142856
v 0.0676470588235294 0.486268992948793 0.10346173791010559
v 0.0159746639847595 0.4715097416219194 0.12857142857142856
v 0.1352941176470588 0.4748483505209084 0.09544916020673255
v 0.09576382676364383 0.48338788679563616 0.1014403904185257
v 0.07761058375815916 0.46562927950766203 0.12857142857142856
v 0.15194177289720567 0.472168102642407 0.09356873233006968
v -0.0676470588235294 -0.3382352941176471 0.13372701452373936
v 0 -0.3382352941176471 0.13717857022005478
v -0.05940898064849497 -0.3382352941176471 0.134225513281623
v 0.0676470588235294 -0.3382352941176471 0.13372701452373936
v 0.011508541426342847 -0.3382352941176471 0.1364701479975831
v 0.07384441085239635 -0.3382352941176471 0.1328248906781975
v -0.2029411764705883 -0.2720588235294118 0.14639782892822056
v -0.1352941176470588 -0.2720588235294118 0.17244616551511785
v -0.14230216456110098 -0.2720588235294118 0.17019012929191507
v -0.12320536568112113 -0.3264093411074907 0.13686836703252242
v -0.0676470588235294 -0.2934828940836049 0.17499999999999993
v -0.12848111222539174 -0.2720588235294118 0.17499999999999993
v -0.08650464142270738 -0.29050645868078157 0.17499999999999993
v 0 -0.30042511315246107 0.17499999999999993
v -0.027280556900326318 -0.2987463248449484 0.17499999999999993
v 0.0676470588235294 -0.2934828940836049 0.17499999999999993
v 0.04417243433901986 -0.29502313009034503 0.17499999999999993
v 0.11497898474781068 -0.2919323231047632 0.16105700505983278
v 0.1352941176470588 -0.2720588235294118 0.17244616551511785
v 0.13244775732631142 -0.2720588235294118 0.17304644214010811
v 0.12848111222539177 -0.2720588235294118 0.17499999999999993
v 0.2029411764705884 -0.2720588235294118 0.1463978289282205
v 0.17270731935641467 -0.2720588235294118 0.154249433471328
v 0.22074579622929172 -0.2720588235294118 0.14079136946171875
v -0.2705882352941176 -0.20588235294117652 0.1544434776247895
v -0.26000757732877394 -0.2617081798676626 0.1358333087277669
v -0.2029411764705883 -0.23333395910843185 0.17499999999999993
v -0.2353284600071858 -0.20588235294117652 0.17499999999999993
v -0.22248536379599307 -0.22500166662907253 0.17499999999999993
v -0.1352941176470588 -0.26992565242667943 0.17499999999999993
v -0.18155085033693202 -0.25113350448561766 0.17499999999999993
v -0.1338018033311809 -0.27059895082909646 0.17499999999999993
v 0.1352941176470588 -0.26992565242667943 0.17499999999999993
v 0.2029411764705884 -0.23333395910843177 0.17499999999999993
v 0.14153366630201694 -0.265954917236518 0.17499999999999993
v 0.2331639878794385 -0.24249302975988443 0.1493144140414779
v 0.2705882352941176 -0.20588235294117652 0.1544434776247895
v 0.251049167800225 -0.20588235294117652 0.16158964622313576
v 0.2353284600071858 -0.20588235294117652 0.17499999999999993
v 0.29495719470570736 -0.20588235294117652 0.14529670816758178
v -0.3382352941176471 -0.13970588235294112 0.14794509953930485
v -0.33326534529093055 -0.20102044648025816 0.13198248040591412
v -0.2705882352941176 -0.16653341375230074 0.17499999999999993
v -0.29200938836891976 -0.13970588235294112 0.17499999999999993
v -0.28639945686110097 -0.1551733817119466 0.17499999999999993
v -0.2549082031913758 -0.19054319110153775 0.17499999999999993
v 0.2705882352941176 -0.16653341375230074 0.17499999999999993
v 0.30177657746008374 -0.17537201821360088 0.14997709198347361
v 0.33823529411764697 -0.13970588235294112 0.1479450995393049
v 0.31373661535566105 -0.13970588235294112 0.1581856894211214
v 0.29200938836891976 -0.13970588235294112 0.17499999999999993
v 0.3588675019802798 -0.13970588235294112 0.14273204328460193
v -0.40588235294117647 -0.07352941176470584 0.13341695551730137
v -0.3382352941176471 -0.09740154932521392 0.1582516114258022
v -0.3382352941176471 -0.07352941176470584 0.16421412937612456
v -0.38612262504110845 -0.07352941176470584 0.14213322939725165
v -0.323678630812633 -0.07352941176470584 0.17499999999999993
v -0.3108894408729744 -0.11295450417880482 0.17499999999999993
v 0.32561133320300295 -0.0858789387464228 0.16633572868901758
v 0.33823529411764697 -0.09740154932521376 0.15825161142580232
v 0.33823529411764697 -0.07352941176470584 0.16421412937612465
v 0.32888556029834254 -0.07352941176470584 0.16858294666439036
v 0.323678630812633 -0.07352941176470584 0.17499999999999993
v 0.3067245414430866 -0.10435514807677576 0.17499999999999993
v 0.3607977439429152 -0.11763392056735272 0.14405683668131755
v 0.4058823529411766 -0.07352941176470584 0.13341695551730132
v 0.3708902788710445 -0.07352941176470584 0.15098370071584105
v 0.4116259965760836 -0.07352941176470584 0.13251349454445482
v -0.40588235294117647 -0.06588825427715485 0.13393236763412306
v -0.40588235294117647 -0.007352941176470562 0.14147781260466102
v -0.3422014134671738 -0.011232840540138005 0.1722779118750142
v -0.3382352941176471 -0.007863611345757415 0.17464172029392883
v -0.3382352941176471 -0.007352941176470562 0.1747247137474278
v -0.33963423333099885 -0.007352941176470562 0.17403985849021503
v -0.33789802468206215 -0.007352941176470562 0.17499999999999993
v -0.3271977693927965 -0.06273183322952593 0.17499999999999993
v 0.3379576235369006 -0.007624575440244169 0.17480942484986037
v 0.33823529411764697 -0.007863611345757263 0.17464172029392894
v 0.33823529411764697 -0.007352941176470562 0.17472471374742787
v 0.33800519684672803 -0.007352941176470562 0.17484207609666735
v 0.33789802468206215 -0.007352941176470562 0.17499999999999993
v 0.3377619663395701 -0.007815979220241381 0.17499999999999993
v 0.4058823529411766 -0.06588825427715493 0.133932367634123
v 0.3728101118933037 -0.039706220462433064 0.15230135008826118
v 0.4058823529411766 -0.007352941176470562 0.14147781260466097
v 0.3772554873850557 -0.007352941176470562 0.15535236867110963
v 0.41180128622128254 -0.06773915094721089 0.13263380203386152
v 0.42079582315086744 -0.007352941176470562 0.138807071168763
v -0.40588235294117647 0.011664806001474255 0.14191403849627238
v -0.40588235294117647 0.05882352941176472 0.14402227580718216
v -0.3382352941176471 0.005713557561274393 0.17499999999999993
v -0.3404984274895476 0.05882352941176472 0.17499999999999993
v -0.34039922689973734 0.05670663864667645 0.17499999999999993
v -0.3379056517420127 -0.007030464939436922 0.17499999999999993
v 0.33823529411764697 0.005713557561270302 0.17499999999999993
v 0.4058823529411766 0.011664806001474189 0.14191403849627232
v 0.378017813474513 0.03156474080307218 0.15587558005548868
v 0.4058823529411766 0.05882352941176472 0.1440222758071821
v 0.3793101293583197 0.05882352941176472 0.15676254219934357
v 0.3404984274895477 0.05882352941176472 0.17499999999999993
v 0.42096771431840574 0.007404477562123233 0.13892504616263246
v 0.4236042911989011 0.05882352941176472 0.14073462222036373
v -0.40588235294117647 0.0802136237613198 0.14357844714683068
v -0.40588235294117647 0.125 0.14165483417354743
v -0.357669926535531 0.10598785959120051 0.16166132371319142
v -0.3382352941176471 0.06854288951401441 0.17499999999999993
v -0.3382352941176471 0.11738322680747304 0.16965616864905245
v -0.3382352941176471 0.125 0.16929692263457966
v -0.36050227828255194 0.125 0.15971738043340378
v -0.3293403949490664 0.125 0.17499999999999993
v 0.33341716618304273 0.12028661397701762 0.17169314821879644
v 0.33823529411764697 0.06854288951401516 0.17499999999999993
v 0.33823529411764697 0.11738322680747312 0.16965616864905253
v 0.33823529411764697 0.125 0.16929692263457974
v 0.3330996979826941 0.125 0.17147525855333978
v 0.3293403949490664 0.125 0.17499999999999993
v 0.3312248091271658 0.11814191685713799 0.17499999999999993
v 0.4058823529411766 0.08021362376131974 0.14357844714683063
v 0.3786071947748854 0.09831778005471523 0.15628009330822873
v 0.4058823529411766 0.125 0.14165483417354738
v 0.37739704632640636 0.125 0.15544952558427264
v 0.34040545165835473 0.06094650961463098 0.17499999999999993
v 0.4234247440097391 0.07598456415274986 0.14061139262780226
v 0.4209932457573136 0.125 0.138942569293063
v -0.40588235294117647 0.14218722143840679 0.1406297648821838
v -0.40588235294117647 0.19117647058823528 0.13381730052234217
v -0.3382352941176471 0.1716769390011794 0.16131937625162104
v -0.3784257114879868 0.15185975794333773 0.14741589366818295
v -0.3382352941176471 0.19117647058823528 0.15871448899113508
v -0.39243790216281915 0.19117647058823528 0.1377988311242763
v -0.3039085794705024 0.19117647058823528 0.17499999999999993
v -0.320870825643373 0.14198698002918111 0.17499999999999993
v 0.33823529411764697 0.17167693900117945 0.1613193762516211
v 0.32491967595227134 0.1781503223829765 0.16586101983059617
v 0.33823529411764697 0.19117647058823528 0.1587144889911351
v 0.32297815020122156 0.19117647058823528 0.16452848197040362
v 0.3039085794705024 0.19117647058823528 0.17499999999999993
v 0.3171885489252238 0.17058726333477783 0.17499999999999993
v 0.4058823529411766 0.14218722143840673 0.14062976488218373
v 0.375537835372914 0.1614916164453698 0.15417348328389432
v 0.4058823529411766 0.19117647058823528 0.13381730052234211
v 0.3712009843700889 0.19117647058823528 0.15119694889996782
v 0.4206137068487749 0.13941110708352014 0.13868207830304108
v 0.4120922864393174 0.19117647058823528 0.13283352578599106
v -0.40588235294117647 0.19782411038696937 0.13323532823974676
v -0.39667676665400037 0.2001819354343858 0.1348895483523786
v -0.3382352941176471 0.22693286322104467 0.15365765959317734
v -0.3382352941176471 0.25735294117647056 0.1467473382896217
v -0.2837369433767181 0.24449007457392657 0.1659755761296437
v -0.2705882352941176 0.23650115616047712 0.17499999999999993
v -0.2705882352941176 0.2497371142033177 0.16965683250454983
v -0.2705882352941176 0.25735294117647056 0.16783797960920793
v -0.2912847408956133 0.25735294117647056 0.1607952554722653
v -0.25332680239055927 0.25735294117647056 0.17499999999999993
v 0.26499460681013387 0.25188091331170387 0.17116089473614776
v 0.2705882352941176 0.23650115616047712 0.17499999999999993
v 0.2705882352941176 0.2497371142033177 0.16965683250454983
v 0.2705882352941176 0.25735294117647056 0.16783797960920793
v 0.2633614977220584 0.25735294117647056 0.17004003415085372
v 0.25332680239055927 0.25735294117647056 0.17499999999999993
v 0.2627215373610431 0.24965725841585418 0.17499999999999993
v 0.33823529411764697 0.22693286322104472 0.15365765959317737
v 0.31696684394020885 0.23654684861158548 0.1604027096608266
v 0.33823529411764697 0.25735294117647056 0.14674733828962172
v 0.31175709159576886 0.25735294117647056 0.15682707218218922
v 0.29638565897166974 0.21641308070757978 0.17499999999999993
v 0.4058823529411766 0.19782411038696932 0.1332353282397467
v 0.36898335648677805 0.2212560968189069 0.14967491237136005
v 0.3594242006229087 0.25735294117647056 0.14311412527224476
v 0.41195572030114874 0.1971178082229907 0.13273979561041568
v -0.3382352941176471 0.27915595518453296 0.14386814633581518
v -0.2705882352941176 0.29871968013390393 0.15759380733204048
v -0.3106184659912626 0.28436940347402057 0.14752583545320172
v -0.2705882352941176 0.32352941176470584 0.14960455645917303
v -0.21638363926808213 0.31037917641933144 0.16577396186880075
v -0.2029411764705883 0.3024999187564211 0.17499999999999993
v -0.2029411764705883 0.31427278250834184 0.16850566645823345
v -0.2029411764705883 0.32352941176470584 0.16543600182297305
v -0.22546783701810494 0.32352941176470584 0.15953915533850557
v -0.165164407298549 0.32352941176470584 0.17499999999999993
v 0.1953523483104703 0.31610555812980773 0.16979151856091268
v 0.2029411764705884 0.30249991875642107 0.17499999999999993
v 0.2029411764705884 0.31427278250834184 0.16850566645823345
v 0.2029411764705884 0.32352941176470584 0.16543600182297302
v 0.1922477813792332 0.32352941176470584 0.1676607443627655
v 0.16516440729854903 0.32352941176470584 0.17499999999999993
v 0.19164967979444142 0.3124833824076056 0.17499999999999993
v 0.2705882352941176 0.29871968013390393 0.15759380733204048
v 0.25149307035791446 0.3048493591097245 0.16189431226428289
v 0.2705882352941176 0.32352941176470584 0.14960455645917303
v 0.24450823409716965 0.32352941176470584 0.1571003718492996
v 0.23475274874403718 0.28847295753093144 0.17499999999999993
v 0.33823529411764697 0.279155955184533 0.1438681463358152
v 0.307311046910922 0.2932774308016053 0.15377559430842783
v 0.2956864705617076 0.32352941176470584 0.14579723600663785
v 0.3579944651380586 0.2766825650007862 0.14213284719102778
v -0.2705882352941176 0.34777284255268415 0.14558031175918476
v -0.2029411764705883 0.3620484485025769 0.1555958956160936
v -0.2421860083909523 0.351314198952585 0.14806488243975008
v -0.2029411764705883 0.3897058823529411 0.1436134126469794
v -0.1592436910557356 0.36627695184445297 0.15856255986547332
v -0.1352941176470588 0.34155253467550895 0.17499999999999993
v -0.1352941176470588 0.37091177428511396 0.16181429243495296
v -0.1352941176470588 0.3897058823529411 0.15398203418685052
v -0.17685018448826598 0.3897058823529411 0.146478600087246
v -0.08261455359214476 0.37506376790538265 0.16472727843520493
v -0.0676470588235294 0.36258562629056046 0.17499999999999993
v -0.0676470588235294 0.3768372142312687 0.16597150585749326
v -0.0676470588235294 0.3897058823529411 0.16055416429562608
v -0.09281519638699431 0.3897058823529411 0.15772621614432994
v -0.11207808629406998 0.346240746783934 0.17499999999999993
v -0.011330008979531597 0.3786221779164428 0.1672238137128059
v 0 0.3686073794767315 0.17499999999999993
v 0 0.37907958093124994 0.16754472185970232
v 0 0.3897058823529411 0.1630182078260502
v -0.018500012471723642 0.3897058823529411 0.16230278647127036
v -0.02479712497193899 0.3654478253151747 0.17499999999999993
v 0.05501840155812069 0.3773517611150413 0.16633250541721945
v 0.0676470588235294 0.36258562629056046 0.17499999999999993
v 0.0676470588235294 0.3768372142312687 0.16597150585749326
v 0.0676470588235294 0.3897058823529411 0.16055416429562608
v 0.04772702771180391 0.3897058823529411 0.16132817740468525
v 0.04331861474345594 0.3659063174919997 0.17499999999999993
v 0.11824289090898982 0.3730253344570041 0.16329713941269175
v 0.1352941176470588 0.34155253467550895 0.17499999999999993
v 0.1352941176470588 0.37091177428511396 0.16181429243495296
v 0.1352941176470588 0.3897058823529411 0.15398203418685052
v 0.10913411634982649 0.3897058823529411 0.1570454649481728
v 0.1019961800610264 0.3571318129753007 0.17499999999999993
v 0.2029411764705884 0.36204844850257684 0.1555958956160936
v 0.17980939010504476 0.36707696090838765 0.15912383606588465
v 0.2029411764705884 0.3897058823529411 0.14361341264697938
v 0.16776048029829208 0.3897058823529411 0.1508542426892004
v 0.15032616406347526 0.3382346745633741 0.17499999999999993
v 0.2705882352941176 0.34777284255268415 0.14558031175918476
v 0.23856717544491238 0.35838093250045766 0.15302281296063855
v 0.221669660834307 0.3897058823529411 0.14142545044839072
v 0.2931490779041977 0.34559980127456685 0.1440557335926326
v -0.2029411764705883 0.40678250778757186 0.1405521721303282
v -0.18421529688997362 0.40802467759484673 0.1414236626935274
v -0.1352941176470588 0.41778592432764683 0.14827202944892048
v -0.0676470588235294 0.42357195172220286 0.15233143279557726
v -0.10524868230226778 0.4190981560598019 0.1491926745689404
v -0.0676470588235294 0.4558823529411764 0.1340980151507543
v 0 0.42539663922742293 0.15361161037860466
v -0.03249407744517524 0.42409466848393973 0.1526981642379387
v 0 0.4558823529411764 0.13660099985116858
v -0.05936767283547834 0.4558823529411764 0.13425386429614683
v 0.0676470588235294 0.42357195172220286 0.15233143279557726
v 0.035951704748734846 0.4248760283027904 0.15324635636481487
v 0.0676470588235294 0.4558823529411764 0.1340980151507543
v 0.011396331499946004 0.4558823529411764 0.1363931343524474
v 0.1352941176470588 0.41778592432764683 0.14827202944892048
v 0.1009007059771305 0.4222366241336379 0.15139458391598085
v 0.07514410063091129 0.4558823529411764 0.133716913787054
v 0.2029411764705884 0.4067825077875718 0.14055217213032817
v 0.16242704464070432 0.4162489631075943 0.1471937169738995
v 0.2194975479387861 0.405902332702265 0.1399346524673034
v -0.0676470588235294 0.46222629338184007 0.13302225662662434
v -0.06112015226295345 0.46226737022869635 0.13305107562076796
v 0 0.4650160742055184 0.1349795314267288
v 0.0676470588235294 0.46222629338184007 0.13302225662662434
v 0.009279371302087782 0.4649599987801753 0.134940189620377
v 0.0740507471637192 0.4621468306652751 0.13296650659373274
v -0.08698105284824897 -0.29097251333620267 0.20815896683396581
v -0.0676470588235294 -0.2962787740248596 0.22142857142857153
v -0.0676470588235294 -0.29398959297113114 0.20604222207422235
v -0.12869115941078207 -0.2720588235294118 0.17953184400688552
v -0.13386987102342793 -0.2720588235294118 0.22142857142857153
v -0.08816139603657089 -0.2921271968899959 0.22142857142857153
v -0.027389433076343804 -0.29885283414757424 0.2026302338202734
v 0 -0.30355079902696 0.22142857142857153
v 0 -0.30053349122885104 0.20145110615372677
v -0.02990529461330574 -0.3013140030424283 0.22142857142857153
v 0.04363678209086395 -0.2955471377244106 0.20494946845366754
v 0.0676470588235294 -0.2962787740248596 0.22142857142857153
v 0.0676470588235294 -0.29398959297113114 0.20604222207422235
v 0.04071510019525643 -0.2984053047962006 0.22142857142857153
v 0.1338205875788669 -0.2720588235294118 0.22041723557431558
v 0.13386987102342796 -0.2720588235294118 0.22142857142857153
v -0.21912447186999162 -0.2217138375710276 0.2103214028469934
v -0.2029411764705883 -0.23036869872756519 0.22142857142857153
v -0.2029411764705883 -0.22932715289354544 0.20497999749373486
v -0.23104956122498116 -0.20588235294117652 0.20213679183005956
v -0.22943436458649039 -0.20588235294117652 0.22142857142857153
v -0.21892998216844284 -0.221523575906469 0.22142857142857153
v -0.17937218599232335 -0.24900220240937004 0.19117623259533087
v -0.1352941176470588 -0.2715559009029413 0.22142857142857153
v -0.1352941176470588 -0.2696045731510141 0.17672187090039962
v -0.18040758173501664 -0.2500150895489613 0.22142857142857153
v -0.13359247954679937 -0.2703941775617667 0.17616789447253825
v -0.1349488215061722 -0.2717210338263706 0.22142857142857153
v 0.1352941176470588 -0.2696045731510141 0.17672187090039962
v 0.1352941176470588 -0.2715559009029413 0.22142857142857153
v 0.14314448591116047 -0.2643791154449645 0.1803879856719455
v 0.2029411764705884 -0.2303686987275651 0.22142857142857153
v 0.2029411764705884 -0.22932715289354536 0.2049799974937349
v 0.13701500894800148 -0.2703753429089244 0.22142857142857153
v 0.23365840547118844 -0.20588235294117652 0.19608232176749266
v 0.22943436458649039 -0.20588235294117652 0.22142857142857153
v -0.2781289901789426 -0.14708270778374824 0.21625308438029098
v -0.2705882352941176 -0.1531071734827676 0.22142857142857153
v -0.2705882352941176 -0.15419889679804938 0.21126045653216222
v -0.28141754834789806 -0.13970588235294112 0.21399603048172217
v -0.2799382459349511 -0.13970588235294112 0.22142857142857153
v -0.2775603935898461 -0.14652647199006685 0.22142857142857153
v -0.25197564388757354 -0.18767438308694862 0.18777448043741063
v -0.25060763534043184 -0.18633611385604915 0.22142857142857153
v 0.2705882352941176 -0.15419889679804938 0.21126045653216222
v 0.2705882352941176 -0.1531071734827676 0.22142857142857153
v 0.2895665041420444 -0.13970588235294112 0.18802545781177585
v 0.2799382459349511 -0.13970588235294112 0.22142857142857153
v -0.30363608684350846 -0.10585883175867515 0.19874666089311996
v -0.3181247868260111 -0.07352941176470584 0.18880255314115388
v -0.3089594058494992 -0.07352941176470584 0.22142857142857153
v -0.30073190910927183 -0.10301778832300887 0.22142857142857153
v 0.29688320795777107 -0.11398253952980182 0.19304717067909138
v 0.3158526128934318 -0.07352941176470584 0.20606654487406356
v 0.30895940584949927 -0.07352941176470584 0.22142857142857153
v 0.2846126058009843 -0.1259863894657889 0.22142857142857153
v -0.32259940147639865 -0.058233429833049785 0.18573146668855867
v -0.33771667409402245 -0.007352941176470562 0.1753559472832951
v -0.3204679734335724 -0.007352941176470562 0.22142857142857153
v -0.31445307716101006 -0.050264199524517515 0.22142857142857153
v 0.32164739956145827 -0.023580229329263847 0.21004371212137365
v 0.3255401739697258 -0.007352941176470562 0.21271546101648894
v 0.3204679734335724 -0.007352941176470562 0.22142857142857153
v 0.31564828569959535 -0.029448927672390622 0.22142857142857153
v -0.3382352941176471 0.05882352941176472 0.1784297941917448
v -0.33768528731146674 -0.006814891039989818 0.17537748914337215
v -0.31830413271155555 0.05882352941176472 0.22142857142857153
v -0.3196812256887169 0.010797777938787199 0.22142857142857153
v 0.3244760591907339 0.045363408287610624 0.211985121370038
v 0.33823529411764697 0.05882352941176472 0.17842979419174507
v 0.32472629514391205 0.05882352941176472 0.21215686716398946
v 0.31830413271155555 0.05882352941176472 0.22142857142857153
v 0.31912654471408924 0.04013018760393649 0.22142857142857153
v 0.3398854306576937 0.05882352941176472 0.1761325471284171
v -0.3382352941176471 0.061911557852621535 0.1771665215410455
v -0.32141422839000866 0.125 0.18654489293729215
v -0.3018483439521998 0.125 0.22142857142857153
v -0.3100489158130128 0.0863971603619504 0.22142857142857153
v 0.33823529411764697 0.06191155785262178 0.17716652154104567
v 0.31867976603083814 0.10586959208899135 0.20800692016402256
v 0.31473039788976204 0.125 0.2052963289864517
v 0.3018483439521998 0.125 0.22142857142857153
v 0.3108377879052164 0.0981980917487092 0.22142857142857153
v 0.3397974497807267 0.06035172516912532 0.17607216273770374
v -0.2705882352941176 0.187036320800005 0.2185238949104798
v -0.2705882352941176 0.18275124035113136 0.22142857142857153
v -0.2705882352941176 0.19117647058823528 0.2152945781992889
v -0.2657142254698674 0.19117647058823528 0.22142857142857153
v 0.2686787290363415 0.18930847533606304 0.2201180096802221
v 0.2705882352941176 0.18275124035113136 0.22142857142857153
v 0.2705882352941176 0.187036320800005 0.2185238949104798
v 0.2705882352941176 0.19117647058823528 0.2152945781992889
v 0.26776556214992525 0.19117647058823528 0.21949127091656373
v 0.2657142254698674 0.19117647058823528 0.22142857142857153
v 0.26783387140721476 0.1884819841771347 0.22142857142857153
v 0.30745056226791506 0.1610609720395845 0.20029992006586725
v 0.2938752101438748 0.19117647058823528 0.19098267528508184
v 0.2945291031791414 0.14842041423534935 0.22142857142857153
v -0.2705882352941176 0.2179360659261566 0.19377419228470036
v -0.21055632217864204 0.25735294117647056 0.21620202732459673
v -0.20551913897566407 0.25735294117647056 0.22142857142857153
v -0.22168772078166826 0.23901393043737054 0.22142857142857153
v 0.2705882352941176 0.2179360659261566 0.19377419228470036
v 0.25053518514950907 0.23773582690457085 0.2076654531616196
v 0.23520178676645473 0.25735294117647056 0.1971415989918835
v 0.20551913897566407 0.25735294117647056 0.22142857142857153
v 0.24156772468454418 0.22896331123232255 0.22142857142857153
v 0.2899900849185716 0.21015654087302724 0.1883161762950445
v -0.2029411764705883 0.28692813854339294 0.19574958291457095
v -0.2029411764705883 0.25959792133908766 0.22142857142857153
v -0.15870086708636275 0.3006315047045172 0.2053636906022169
v -0.1352941176470588 0.30276916727942116 0.22142857142857153
v -0.1352941176470588 0.31126093317268494 0.212821162638614
v -0.1352941176470588 0.32352941176470584 0.194055369983485
v -0.197806541132421 0.2623759540072864 0.22142857142857153
v -0.06945965621413822 0.32352941176470584 0.22142857142857153
v 0.12586327468496264 0.31430358712787265 0.21495585001669806
v 0.1352941176470588 0.30276916727942116 0.22142857142857153
v 0.1352941176470588 0.31126093317268494 0.212821162638614
v 0.1352941176470588 0.32352941176470584 0.194055369983485
v 0.11211627725706541 0.32352941176470584 0.20552079898699216
v 0.06945965621413822 0.32352941176470584 0.22142857142857153
v 0.12093957378598685 0.3094869232049616 0.22142857142857153
v 0.179440574095602 0.3005396920500453 0.2052992760097144
v 0.2029411764705884 0.2595979213390876 0.22142857142857153
v 0.2029411764705884 0.2869281385433929 0.19574958291457092
v 0.15080909831785783 0.32352941176470584 0.18564848052250488
v 0.16798617738635188 0.28933430396490933 0.22142857142857153
v 0.22697644999041475 0.28086570875021377 0.19149625915491192
v 0.20452344960425245 0.2589008170680984 0.22142857142857153
v -0.1352941176470588 0.3352793528713863 0.18324360947484564
v -0.12168066650514278 0.3368469183165802 0.18434339348560072
v -0.0676470588235294 0.32418232877873693 0.22142857142857153
v -0.0676470588235294 0.3506494972013105 0.19402710756028455
v -0.03874403767622653 0.3518041063653282 0.1948371666880557
v 0 0.33257854403506615 0.22142857142857153
v 0 0.35528135129697364 0.19727675757660695
v -0.06693054551468568 0.32423034869727035 0.22142857142857153
v 0.031249192441877276 0.3540992739361075 0.19644742711072946
v 0.0676470588235294 0.32418232877873693 0.22142857142857153
v 0.0676470588235294 0.3506494972013105 0.19402710756028455
v 0.008692435234389775 0.3320328810157393 0.22142857142857153
v 0.1352941176470588 0.3352793528713863 0.18324360947484564
v 0.09288227121821536 0.3482160325855943 0.19231981968703601
v 0.06821977276915593 0.3240896754071666 0.22142857142857153
v 0.14620411702205355 0.33420223724024417 0.18248791882569512
v -0.0676470588235294 -0.2720588235294118 0.2541858722850192
v 0 -0.2720588235294118 0.2643058925727301
v -0.0069054505766980995 -0.2720588235294118 0.2631176876476699
v 0.0676470588235294 -0.2720588235294118 0.2541858722850192
v 0.051874487751720384 -0.2720588235294118 0.2570318689227646
v 0.09795522858286959 -0.2720588235294118 0.24223014135656581
v -0.2029411764705883 -0.20588235294117652 0.2490744745724111
v -0.1647197154673155 -0.23466826385229717 0.24766131329727725
v -0.1352941176470588 -0.23679502733206315 0.2678571428571428
v -0.1352941176470588 -0.27076668749997856 0.2223351176587453
v -0.17984795945398563 -0.20588235294117652 0.2678571428571428
v -0.157112334318101 -0.22722626055415257 0.2678571428571428
v -0.13465546715137075 -0.27143405674015175 0.22186689987436983
v -0.0676470588235294 -0.2617297759172914 0.2678571428571428
v -0.11140447252173603 -0.2486885185155091 0.2678571428571428
v 0 -0.2693666800304914 0.2678571428571428
v -0.05853453109669722 -0.26314439423142383 0.2678571428571428
v 0.0676470588235294 -0.2617297759172914 0.2678571428571428
v 0.0032446241255569487 -0.26888473471093216 0.2678571428571428
v 0.1352941176470588 -0.23679502733206315 0.2678571428571428
v 0.1352941176470588 -0.27076668749997856 0.2223351176587453
v 0.0865025028202259 -0.2536132804891652 0.2678571428571428
v 0.2029411764705884 -0.20588235294117652 0.24907447457241103
v 0.1916988296563816 -0.20588235294117652 0.26014112221757857
v 0.17984795945398563 -0.20588235294117652 0.2678571428571428
v 0.2214904590154298 -0.20588235294117652 0.23415960075282602
v -0.2705882352941176 -0.13970588235294112 0.23318016377919484
v -0.2029411764705883 -0.18581868869750415 0.2678571428571428
v -0.23685276412954467 -0.17288026158452902 0.24458241965021935
v -0.24169810612492015 -0.13970588235294112 0.2678571428571428
v -0.22804113737552129 -0.1642601919338539 0.2678571428571428
v -0.19331103004122469 -0.19646155752114688 0.2678571428571428
v 0.2029411764705884 -0.18581868869750404 0.2678571428571428
v 0.23420195282160794 -0.17530115868474422 0.24288394898625884
v 0.2705882352941176 -0.13970588235294112 0.23318016377919484
v 0.25441934585665055 -0.13970588235294112 0.2567598615972663
v 0.24169810612492015 -0.13970588235294112 0.2678571428571428
v 0.27788086891471236 -0.13970588235294112 0.2264337640687934
v -0.27366701923084535 -0.07654126561585255 0.26574406444094145
v -0.2705882352941176 -0.07958650709846796 0.2678571428571428
v -0.27546866527256875 -0.07352941176470584 0.2645075309775226
v -0.2734923211538134 -0.07352941176470584 0.2678571428571428
v -0.2729340370531197 -0.07582421783329489 0.2678571428571428
v -0.2530812336279988 -0.12257946767956403 0.2678571428571428
v 0.2705882352941176 -0.07958650709846796 0.2678571428571428
v 0.27945657717320516 -0.13103033051470325 0.22751522843254157
v 0.29971423030734484 -0.07352941176470584 0.2414187729749169
v 0.2734923211538134 -0.07352941176470584 0.2678571428571428
v -0.29374575936158953 -0.030007040807693085 0.25196331422698354
v -0.3004914693298151 -0.007352941176470562 0.24733349465251822
v -0.2881766189380878 -0.007352941176470562 0.2678571428571428
v -0.28621017271524923 -0.02263527126236021 0.2678571428571428
v 0.3023429846498296 -0.042464983047161474 0.24322298014786448
v 0.3081032509014826 -0.007352941176470562 0.2471764548112661
v 0.2881766189380878 -0.007352941176470562 0.2678571428571428
v 0.27396168535845333 -0.07022929757133389 0.2678571428571428
v -0.2974261512745564 0.03256904638742243 0.24943733095752493
v -0.2958242378222455 0.05882352941176472 0.250536780873552
v -0.2854624073230218 0.05882352941176472 0.2678571428571428
v -0.285862801528057 0.043881018965519665 0.2678571428571428
v 0.30753109960596714 0.028786817389469227 0.2467837671208657
v 0.3065355604026524 0.05882352941176472 0.24610049331983294
v 0.2854624073230218 0.05882352941176472 0.2678571428571428
v 0.2877354304404345 0.009421488857969881 0.2678571428571428
v -0.2705882352941176 0.11931137674164738 0.2638660770155684
v -0.2705882352941176 0.10683385695468253 0.2678571428571428
v -0.2705882352941176 0.125 0.2614248753265421
v -0.26518383488531605 0.125 0.2678571428571428
v 0.26818603647989536 0.12265002289913043 0.2662084287641518
v 0.2705882352941176 0.10683385695468253 0.2678571428571428
v 0.2705882352941176 0.11931137674164738 0.2638660770155684
v 0.2705882352941176 0.125 0.2614248753265421
v 0.2675645345599425 0.125 0.265781869993004
v 0.26518383488531605 0.125 0.2678571428571428
v 0.2667046827462559 0.12120087250752665 0.2678571428571428
v 0.30323325058546513 0.09075887045764819 0.24383400117822304
v 0.2944622347967871 0.125 0.2378141425158074
v 0.2833185523750538 0.07127710046920234 0.2678571428571428
v -0.2705882352941176 0.15688199978333034 0.24379657762576512
v -0.25662041695437265 0.19117647058823528 0.23101517966796165
v -0.2261192351919674 0.19117647058823528 0.2678571428571428
v -0.2555093595963957 0.13975107405211928 0.2678571428571428
v 0.2705882352941176 0.15688199978333034 0.24379657762576512
v 0.25446388341340465 0.1754026480962335 0.2567904292992622
v 0.24596012616914803 0.19117647058823528 0.2509539996378314
v 0.2261192351919674 0.19117647058823528 0.2678571428571428
v 0.24573529481648643 0.16686381142533516 0.2678571428571428
v 0.291313147139932 0.14527437028394888 0.23565281216746894
v -0.2029411764705883 0.2162667208680643 0.2678571428571428
v -0.2029411764705883 0.23563101539547338 0.2526173155631734
v -0.2029411764705883 0.25735294117647056 0.22409446438837596
v -0.14925084824662654 0.25735294117647056 0.2678571428571428
v 0.18969361270431728 0.24439336792685756 0.25876487083122385
v 0.2029411764705884 0.21626672086806423 0.2678571428571428
v 0.2029411764705884 0.23563101539547332 0.25261731556317335
v 0.2029411764705884 0.25735294117647056 0.22409446438837585
v 0.1771459129298824 0.25735294117647056 0.2501529402406956
v 0.14925084824662654 0.25735294117647056 0.2678571428571428
v 0.1824372131880346 0.23729471622614626 0.2678571428571428
v 0.23567904393414488 0.223202645280845 0.24389772891132303
v 0.20477823692344155 0.25735294117647056 0.22268941105615087
v 0.21773214448752473 0.20564589582219478 0.2678571428571428
v -0.2029411764705883 0.2590523392975258 0.2226208475706452
v -0.20048296234645632 0.2597577158631214 0.22311573081190433
v -0.1352941176470588 0.2665256710651901 0.2678571428571428
v -0.1352941176470588 0.2905128596378819 0.244693149142768
v -0.09394322111552142 0.29780490517471364 0.24980915569400547
v -0.0676470588235294 0.2926881488151045 0.2678571428571428
v -0.0676470588235294 0.30549101574695203 0.2552016332700838
v -0.0676470588235294 0.32352941176470584 0.22232959530360755
v -0.12168062142860726 0.27067049182495573 0.2678571428571428
v -0.015369631717996567 0.30849390247536135 0.2573084204668408
v 0 0.3005052094059955 0.2678571428571428
v 0 0.3100495176458094 0.2583998203165837
v 0 0.32352941176470584 0.2340475664137885
v -0.0659826809053495 0.32352941176470584 0.22257089291899934
v -0.027495701030188918 0.296631443365608 0.2678571428571428
v 0.05101454067221136 0.30725847009493823 0.25644165679676617
v 0.0676470588235294 0.2926881488151045 0.2678571428571428
v 0.0676470588235294 0.30549101574695203 0.2552016332700838
v 0.0676470588235294 0.32352941176470584 0.22232959530360755
v 0.015322528301794456 0.32352941176470584 0.2319449650766975
v 0.04026490561108667 0.2967425227525336 0.2678571428571428
v 0.11028072119418789 0.29905978479994083 0.2506895633040855
v 0.1352941176470588 0.2665256710651901 0.2678571428571428
v 0.1352941176470588 0.2905128596378819 0.244693149142768
v 0.06849145256958494 0.32352941176470584 0.22200810875117485
v 0.09623135964062193 0.2853158441497133 0.2678571428571428
v 0.2029411764705884 0.25905233929752575 0.22262084757064515
v 0.16319509633237544 0.28464737684688896 0.2405780008989285
v 0.1421332193254818 0.2640433667314496 0.2678571428571428
v 0.20443172732632825 0.2588110887527378 0.22245158925192093
v -0.0676470588235294 0.32406542549267375 0.2218046318535903
v -0.06708063695446906 0.32408352011487357 0.2218173268107527
v 0 0.33087928145660433 0.22658514667272886
v 0.0676470588235294 0.32406542549267375 0.2218046318535903
v 0.007292515116719717 0.33066339394410554 0.22643368273538847
v 0.06816154013605424 0.3240327087008715 0.2217816781679131
v -0.1352941176470588 -0.20588235294117652 0.2816280921035207
v -0.0676470588235294 -0.20588235294117652 0.29201416058035773
v -0.11217781251639267 -0.20588235294117652 0.28372268147166835
v 0 -0.20588235294117652 0.29509956120554887
v -0.030816409838287 -0.20588235294117652 0.29313532119794583
v 0.0676470588235294 -0.20588235294117652 0.29201416058035773
v 0.038088983270898 -0.20588235294117652 0.2939989605679144
v 0.1352941176470588 -0.20588235294117652 0.2816280921035207
v 0.0993322365709295 -0.20588235294117652 0.2896038021185572
v 0.15302186645926447 -0.20588235294117652 0.2800243244953336
v -0.2029411764705883 -0.13970588235294112 0.28370238220708177
v -0.1352941176470588 -0.17723472828566 0.28795595253609246
v -0.1352941176470588 -0.13970588235294112 0.3005643108576391
v -0.17072336968966906 -0.13970588235294112 0.2899693642813141
v -0.0676470588235294 -0.1563091988060359 0.3142857142857143
v -0.08996969943265974 -0.13970588235294112 0.3142857142857143
v -0.08211509508612522 -0.15385939608808924 0.3142857142857143
v 0 -0.17157268688618232 0.3142857142857143
v -0.030940648536431713 -0.16997390809510263 0.3142857142857143
v 0.0676470588235294 -0.1563091988060359 0.3142857142857143
v 0.049411752035426956 -0.15754476942825876 0.3142857142857143
v 0.1352941176470588 -0.17723472828566 0.28795595253609246
v 0.10922578177609002 -0.16520751527019323 0.2963940924612295
v 0.1352941176470588 -0.13970588235294112 0.3005643108576391
v 0.11994844593463037 -0.13970588235294112 0.3037534364955072
v 0.08996969943265974 -0.13970588235294112 0.3142857142857143
v 0.1557975447540633 -0.18582465251041128 0.28192937077840985
v 0.2029411764705884 -0.13970588235294112 0.2837023822070817
v 0.17425379423757714 -0.13970588235294112 0.29459654821895814
v 0.2227589419904946 -0.13970588235294112 0.2814587769562089
v -0.2705882352941176 -0.07352941176470584 0.26936231184198633
v -0.2029411764705883 -0.11161287236268978 0.28756684192966836
v -0.2029411764705883 -0.07352941176470584 0.29625404519012405
v -0.2670372926900736 -0.07352941176470584 0.2702942804828997
v -0.1352941176470588 -0.11535649879442471 0.3142857142857143
v -0.17467799899543573 -0.07352941176470584 0.3142857142857143
v -0.16875355176537932 -0.10626146688045413 0.3142857142857143
v -0.12399162445517578 -0.1286490955347947 0.3142857142857143
v 0.1352941176470588 -0.11535649879442471 0.3142857142857143
v 0.2029411764705884 -0.11161287236268987 0.2875668419296683
v 0.17988197320503327 -0.09608732800274883 0.2984593667028333
v 0.2029411764705884 -0.07352941176470584 0.296254045190124
v 0.1866089461335529 -0.07352941176470584 0.30307632638358745
v 0.17467799899543576 -0.07352941176470584 0.3142857142857143
v 0.2238102796919444 -0.11929045528857107 0.28218034724198654
v 0.2705882352941176 -0.07352941176470584 0.26936231184198633
v 0.23594071544605236 -0.07352941176470584 0.2905058947626632
v 0.27260884541147584 -0.07352941176470584 0.2692439591178142
v -0.2705882352941176 -0.07125440795494081 0.2694532566411367
v -0.2705882352941176 -0.007352941176470562 0.27679278306760496
v -0.2616545643917706 -0.0647899510993664 0.27398863748266666
v -0.2029411764705883 -0.01977975484256312 0.30556721961839217
v -0.2029411764705883 -0.007352941176470562 0.30712309212538386
v -0.23645327467180027 -0.007352941176470562 0.2912851748370563
v -0.19577131580424056 -0.007352941176470562 0.3142857142857143
v -0.18632494497584212 -0.05727440269375854 0.3142857142857143
v 0.1959160880992737 -0.01422531023536535 0.3094641474221722
v 0.2029411764705884 -0.019779754842563238 0.3055672196183921
v 0.2029411764705884 -0.007352941176470562 0.3071230921253838
v 0.19760326803579248 -0.007352941176470562 0.3106221187450624
v 0.1957713158042406 -0.007352941176470562 0.3142857142857143
v 0.18892737977493682 -0.021062090117868817 0.3142857142857143
v 0.2705882352941176 -0.07125440795494081 0.2694532566411367
v 0.23696697754718138 -0.04024330201586476 0.291210254776171
v 0.2705882352941176 -0.007352941176470562 0.27679278306760496
v 0.24095346882388863 -0.007352941176470562 0.2939463248760229
v 0.27260884541147584 -0.07155272795424665 0.2692439591178142
v 0.2821485316716958 -0.007352941176470562 0.27579138353864835
v -0.2705882352941176 0.005247450447932974 0.2766974176158513
v -0.2705882352941176 0.05882352941176472 0.27544061969040806
v -0.24431288694574832 0.018351203946934198 0.28589084467388076
v -0.2029411764705883 0.043845212343307384 0.30377711723133627
v -0.2029411764705883 0.05882352941176472 0.30342568626279304
v -0.24723640182481016 0.05882352941176472 0.2838843329090588
v -0.1902769472999228 0.05882352941176472 0.3142857142857143
v -0.19444608452711543 0.0009574748551876601 0.3142857142857143
v 0.2029411764705884 0.043845212343307315 0.3037771172313362
v 0.19476953061201466 0.05082952802837739 0.3086772244262584
v 0.2029411764705884 0.05882352941176472 0.303425686262793
v 0.19416607520930912 0.05882352941176472 0.30826305161881146
v 0.19027694729992284 0.05882352941176472 0.3142857142857143
v 0.1921337331741568 0.0482510305348208 0.3142857142857143
v 0.2705882352941176 0.005247450447932974 0.2766974176158513
v 0.24073231026825798 0.029616646234293283 0.29379453592945654
v 0.2705882352941176 0.05882352941176472 0.27544061969040806
v 0.24001798100753494 0.05882352941176472 0.29330426646790436
v 0.2821485316716958 0.003956044410290731 0.27579138353864835
v 0.2804711685820463 0.05882352941176472 0.2746401498653175
v -0.2705882352941176 0.06897656515117422 0.27498038380447454
v -0.2565125374700345 0.07259323380488951 0.27751779260597004
v -0.2029411764705883 0.09986012893887886 0.2966478999856896
v -0.2029411764705883 0.125 0.292640704457184
v -0.1491360730107867 0.125 0.3142857142857143
v -0.15832439003766882 0.10247038570483805 0.3142857142857143
v 0.2029411764705884 0.09986012893887881 0.2966478999856895
v 0.18736763488670796 0.10976501366794308 0.30359704133528703
v 0.2029411764705884 0.125 0.292640704457184
v 0.18225738526299717 0.125 0.30008969609665326
v 0.1491360730107867 0.125 0.3142857142857143
v 0.1815597393937554 0.10408337677266342 0.3142857142857143
v 0.2705882352941176 0.06897656515117422 0.27498038380447454
v 0.2387677023707816 0.09387121779238863 0.29244615597497736
v 0.23279150403615967 0.125 0.2883444794782337
v 0.2804711685820463 0.06849161632386891 0.2746401498653175
v -0.2029411764705883 0.15576426885380049 0.28944096322758694
v -0.2029411764705883 0.19117647058823528 0.27752430867526195
v -0.16556295232775728 0.1615656540527694 0.2935111414148001
v -0.1352941176470588 0.1393730631153544 0.3142857142857143
v -0.1352941176470588 0.1719879558924156 0.30082329603880587
v -0.1352941176470588 0.19117647058823528 0.2949996884307837
v -0.18453504324003345 0.19117647058823528 0.28048992373898324
v -0.08092862634319914 0.178183632797254 0.3051701042799782
v -0.0676470588235294 0.17699583388491735 0.3142857142857143
v -0.0676470588235294 0.18195912278121049 0.3078189401099921
v -0.0676470588235294 0.19117647058823528 0.30410223133898934
v -0.08782492459335643 0.19117647058823528 0.30043693063623667
v -0.11386074868156987 0.14596742616189134 0.3142857142857143
v -0.005564723046235225 0.1857327197821356 0.3104664478471491
v 0 0.18463046296160784 0.3142857142857143
v 0 0.1864408332027919 0.3109632512311651
v 0 0.19117647058823528 0.30862577775205585
v -0.009109864221984246 0.19117647058823528 0.3080332919470232
v -0.0088778863594512 0.18249158175833735 0.3142857142857143
v 0.05938371398379315 0.18309276367979765 0.3086142881690009
v 0.0676470588235294 0.17699583388491735 0.3142857142857143
v 0.0676470588235294 0.18195912278121049 0.3078189401099921
v 0.0676470588235294 0.19117647058823528 0.30410223133898934
v 0.054089898417288444 0.19117647058823528 0.30498095512490914
v 0.056457840123708275 0.1802304957731929 0.3142857142857143
v 0.12089138738052838 0.17708684315358597 0.30440061059346823
v 0.1352941176470588 0.1393730631153544 0.3142857142857143
v 0.1352941176470588 0.1719879558924156 0.30082329603880587
v 0.1352941176470588 0.19117647058823528 0.2949996884307837
v 0.11367637005198086 0.19117647058823528 0.2994486887623844
v 0.11411159836764201 0.17045444085837105 0.3142857142857143
v 0.2029411764705884 0.15576426885380046 0.28944096322758694
v 0.17809582321422174 0.16687123370700707 0.29723346872777323
v 0.2029411764705884 0.19117647058823528 0.27752430867526195
v 0.1689493673147946 0.19117647058823528 0.29095593222537136
v 0.14634184638312345 0.13580756072006323 0.3142857142857143
v 0.23184328844186106 0.15327380518928857 0.28769368554550084
v 0.21540227908912926 0.19117647058823528 0.276409638753719
v -0.2029411764705883 0.2034017918691116 0.2764342730256306
v -0.18937771279212887 0.20444507636064121 0.2771662281768308
v -0.1352941176470588 0.2233155258818293 0.2904054959361405
v -0.1352941176470588 0.25735294117647056 0.2723354939241545
v -0.0676470588235294 0.23234616299421748 0.29674127625943514
v -0.10004216862857418 0.22566207288892676 0.2920518035188978
v -0.0676470588235294 0.25735294117647056 0.2845137844590311
v -0.12788325791757496 0.25735294117647056 0.2729434782615401
v 0 0.23508287350808593 0.29866131760408565
v -0.024520635699065242 0.23336536277521108 0.2974563338835608
v 0 0.25735294117647056 0.2880119378316498
v -0.04234067590715162 0.25735294117647056 0.28522580939291764
v 0.0676470588235294 0.23234616299421748 0.29674127625943514
v 0.04387372740746755 0.2340964213129318 0.29796923527034264
v 0.0676470588235294 0.25735294117647056 0.2845137844590311
v 0.028273088771397507 0.25735294117647056 0.287261964653661
v 0.1352941176470588 0.2233155258818293 0.2904054959361405
v 0.10743909838774024 0.23010346581409374 0.29516782839655464
v 0.1352941176470588 0.25735294117647056 0.2723354939241545
v 0.08975464435850138 0.25735294117647056 0.28303036150071054
v 0.2029411764705884 0.20340179186911153 0.2764342730256306
v 0.16643757301976472 0.22164289432240403 0.28923199887381357
v 0.14124519120376944 0.25735294117647056 0.27194157532929514
v 0.2153971730478442 0.20336168463120294 0.27640613429681216
v -0.1352941176470588 0.26315328587879144 0.2719265910451203
v -0.12934787306173354 0.2631699195751583 0.27193826103526975
v -0.0676470588235294 0.27751759196798564 0.2820044057934121
v -0.046915395932448145 0.27763391574383267 0.2820860170774191
v 0 0.2813022941929673 0.28465970481474845
v 0.0676470588235294 0.27751759196798564 0.2820044057934121
v 0.02435230826140763 0.2811758514321954 0.2845709941794133
v 0.1352941176470588 0.26315328587879144 0.2719265910451203
v 0.08821485087792133 0.27747360731663656 0.2819735467205609
v 0.14122335889832013 0.26315328587879144 0.2719265910451203
v -0.0676470588235294 -0.13970588235294112 0.3336754226347168
v 0 -0.13970588235294112 0.3592354699153321
v -0.00517281514161097 -0.13970588235294112 0.3571639995456646
v 0.0676470588235294 -0.13970588235294112 0.3336754226347168
v 0.043528489515480565 -0.13970588235294112 0.34416085771093546
v 0.08131843346615836 -0.13970588235294112 0.3236688627205621
v -0.15259289314947616 -0.09045212693011412 0.34884152364585647
v -0.1352941176470588 -0.08919471443594196 0.36071428571428577
v -0.1352941176470588 -0.09842418683724115 0.3432484276475229
v -0.15751580549983493 -0.07352941176470584 0.3454627546103618
v -0.15109369900664027 -0.07352941176470584 0.36071428571428577
v -0.14975432509191072 -0.08767526687380012 0.36071428571428577
v -0.0676470588235294 -0.12888404462106942 0.36071428571428577
v -0.1203048825749063 -0.12504250021713978 0.3245733569905146
v -0.1111920582051234 -0.11612778072496084 0.36071428571428577
v 0 -0.13913782465801414 0.36071428571428577
v -0.05903799869872117 -0.131283975709107 0.36071428571428577
v 0.0676470588235294 -0.12888404462106942 0.36071428571428577
v 0.0007762337579028285 -0.13894652324194923 0.36071428571428577
v 0.1352941176470588 -0.08919471443594196 0.36071428571428577
v 0.1352941176470588 -0.09842418683724115 0.3432484276475229
v 0.10366686092210622 -0.10446911943042031 0.36071428571428577
v 0.16672821366340568 -0.07352941176470584 0.3358600472658778
v 0.15109369900664027 -0.07352941176470584 0.36071428571428577
v -0.18080058392637258 -0.051870136449712244 0.3294815868082971
v -0.19276104806732852 -0.007352941176470562 0.3212726968233553
v -0.1807198463121906 -0.007352941176470562 0.36071428571428577
v -0.17327575887383914 -0.04450889455049477 0.36071428571428577
v 0.17458884515890438 -0.035088917459639636 0.3412550769568877
v 0.18625696656595092 -0.007352941176470562 0.34926332177352526
v 0.18071984631219062 -0.007352941176470562 0.36071428571428577
v 0.15743506721947814 -0.05186978718299133 0.36071428571428577
v -0.18989070563132385 0.005413823774983756 0.32324271445800445
v -0.18419445540103857 0.05882352941176472 0.3271522526595357
v -0.17263648313594693 0.05882352941176472 0.36071428571428577
v -0.17604350608282138 0.018959997246344843 0.36071428571428577
v 0.18352729686089775 0.039831690663154354 0.34738985281446705
v 0.18076867254365278 0.05882352941176472 0.3454965112799604
v 0.17263648313594696 0.05882352941176472 0.36071428571428577
v 0.17753586511769415 0.033970507436107376 0.36071428571428577
v -0.1352941176470588 0.11218677824819089 0.35172469204079426
v -0.1352941176470588 0.10610431785235686 0.36071428571428577
v -0.1352941176470588 0.125 0.32966149125401756
v -0.11264311035279059 0.125 0.36071428571428577
v 0.12868408234751566 0.11853366112001215 0.35617758446832604
v 0.1352941176470588 0.10610431785235686 0.36071428571428577
v 0.1352941176470588 0.11218677824819089 0.35172469204079426
v 0.1352941176470588 0.125 0.32966149125401756
v 0.12152965885812803 0.125 0.35126725033430534
v 0.11264311035279059 0.125 0.36071428571428577
v 0.12687535240484032 0.11676425139348193 0.36071428571428577
v 0.174863470334433 0.09753267877984809 0.3414435619376077
v 0.1450019539919353 0.125 0.3209485460627879
v 0.16631008751533133 0.08916523906550951 0.36071428571428577
v -0.1352941176470588 0.13449519699375237 0.3209474239226009
v -0.12473565262429111 0.13532893317444664 0.32153236263984986
v -0.0676470588235294 0.15318760840460366 0.36071428571428577
v -0.0676470588235294 0.1642994174178094 0.3418576865058282
v -0.025114677700866013 0.16660776414173592 0.3434771932549957
v 0 0.16383992484795756 0.36071428571428577
v 0 0.17130646912073622 0.34677374500216734
v -0.03638134610870459 0.1555860233079808 0.36071428571428577
v 0.045188848920977555 0.16920648264008675 0.3453004211538387
v 0.0676470588235294 0.15318760840460366 0.36071428571428577
v 0.0676470588235294 0.1642994174178094 0.3418576865058282
v 0.037267435322226386 0.16145727368478668 0.36071428571428577
v 0.1352941176470588 0.13449519699375237 0.3209474239226009
v 0.10619103040580981 0.16270605915657865 0.3407398065828695
v 0.09483705815409736 0.1515989123885991 0.36071428571428577
v 0.14500031901845012 0.13449519699375237 0.3209474239226009
v -0.1352941176470588 -0.07352941176470584 0.3786074779664377
v -0.09278688682213936 -0.09812272176334602 0.38988850314381124
v -0.0676470588235294 -0.09970465095474917 0.40714285714285725
v -0.0676470588235294 -0.11496178912178606 0.3780744273145565
v -0.10448639843880998 -0.07352941176470584 0.40714285714285725
v -0.09074444613565771 -0.09612468196135311 0.40714285714285725
v -0.05085939421679301 -0.12328316697678596 0.37223625427977874
v 0 -0.11334578839293796 0.40714285714285725
v 0 -0.13843383810592402 0.36160673580505015
v -0.03667228730757757 -0.10940447543516217 0.40714285714285725
v 0.002316626517536711 -0.13743961728143783 0.3623042685104833
v 0.0676470588235294 -0.09970465095474917 0.40714285714285725
v 0.0676470588235294 -0.11496178912178606 0.3780744273145565
v 0.03686813765244244 -0.10363922595381264 0.40714285714285725
v 0.1352941176470588 -0.07352941176470584 0.3786074779664377
v 0.12075540792830439 -0.07352941176470584 0.39716442593837054
v 0.10448639843880998 -0.07352941176470584 0.40714285714285725
v 0.14975432509191075 -0.07352941176470584 0.37063883802892017
v -0.14690250673559835 -0.018708973980476634 0.39917560873115776
v -0.1352941176470588 -0.027130675011042826 0.40714285714285725
v -0.1521071846358547 -0.007352941176470562 0.39560345402321784
v -0.1466468360703645 -0.007352941176470562 0.40714285714285725
v -0.14584612124059557 -0.017675553387539136 0.40714285714285725
v -0.11979715610112955 -0.058369340687166364 0.40714285714285725
v 0.1352941176470588 -0.027130675011042826 0.40714285714285725
v 0.1507712134123513 -0.0583887746030067 0.3713367644848747
v 0.17282828216293183 -0.007352941176470562 0.38647531167083216
v 0.1466468360703645 -0.007352941176470562 0.40714285714285725
v -0.1352941176470588 0.057003232718613184 0.40586576009782077
v -0.1352941176470588 0.04897608903843686 0.40714285714285725
v -0.1352941176470588 0.05882352941176472 0.40543600509226535
v -0.1334320045379118 0.05882352941176472 0.40714285714285725
v 0.13451596510197933 0.0580622932263609 0.4066087835016692
v 0.1352941176470588 0.04897608903843686 0.40714285714285725
v 0.1352941176470588 0.057003232718613184 0.40586576009782077
v 0.1352941176470588 0.05882352941176472 0.40543600509226535
v 0.13438815141150334 0.05882352941176472 0.40652106044081454
v 0.1334320045379118 0.05882352941176472 0.40714285714285725
v 0.1338286042477692 0.05738987499941621 0.40714285714285725
v 0.17194526147121694 0.02850143865151012 0.38586926330788496
v 0.166887929700187 0.05882352941176472 0.3823982374650352
v 0.14615755022085017 0.0032743298196296743 0.40714285714285725
v -0.1352941176470588 0.09268431392431294 0.38447058215007357
v -0.07825395941356786 0.11462368420539715 0.3998629657441041
v -0.0676470588235294 0.11697945467326666 0.40714285714285725
v -0.0676470588235294 0.1208947520663691 0.4042626673227543
v -0.0676470588235294 0.125 0.3983317161096116
v -0.03427340683132997 0.125 0.40714285714285725
v 0.06426757010089397 0.12169397842350883 0.4048233943860174
v 0.0676470588235294 0.11697945467326666 0.40714285714285725
v 0.0676470588235294 0.1208947520663691 0.4042626673227543
v 0.0676470588235294 0.125 0.3983317161096116
v 0.05925238735735611 0.125 0.40138129691296814
v 0.034273406831329976 0.125 0.40714285714285725
v 0.06170569545594647 0.1191877967056254 0.40714285714285725
v 0.1352941176470588 0.09268431392431294 0.38447058215007357
v 0.11815120205376359 0.1082297564848199 0.3953770672480801
v 0.09836597351440664 0.125 0.38179776443069535
v 0.10725740262236613 0.09757277878019197 0.40714285714285725
v 0.166306784750126 0.08916200809954777 0.38199937711111137
v -0.0676470588235294 0.1515989123885991 0.3793757448821601
v -0.04031961344743393 0.15173337047661511 0.37947007896930784
v 0 0.13427663109386867 0.40714285714285725
v 0 0.1599691217978132 0.3852481775152913
v 0.0676470588235294 0.1515989123885991 0.3793757448821601
v 0.03560381489160505 0.15982981891570058 0.38515044438212653
v 0.009414128038793013 0.13420947308142794 0.40714285714285725
v 0.09483705815409736 0.1515989123885991 0.3793757448821601
v -0.0676470588235294 -0.07352941176470584 0.42363705110645716
v 0 -0.07352941176470584 0.4311885042142541
v -0.04244508849031288 -0.07352941176470584 0.4244398616262139
v 0.0676470588235294 -0.07352941176470584 0.42363705110645716
v 0.03377187277644966 -0.07352941176470584 0.43032168907948876
v 0.09074444613565771 -0.07352941176470584 0.42299541178875893
v -0.1352941176470588 -0.007352941176470562 0.414509352467413
v -0.0676470588235294 -0.04688160049254124 0.42583862314650284
v -0.0676470588235294 -0.007352941176470562 0.4375459253396267
v -0.12218760808643096 -0.007352941176470562 0.4161383186735987
v -0.037570325332324836 -0.04410652030591877 0.4277855841663237
v 0 -0.03438103650462403 0.434608860103105
v 0 -0.007352941176470562 0.4421544536565658
v -0.020795920781828348 -0.007352941176470562 0.4392984518857638
v 0.0676470588235294 -0.04688160049254124 0.42583862314650284
v 0.03717164032273312 -0.03716585057942344 0.43265506991094416
v 0.0676470588235294 -0.007352941176470562 0.4375459253396267
v 0.04876392599358595 -0.007352941176470562 0.44061126597696426
v 0.09105255921188476 -0.05063272660218428 0.42320688070132473
v 0.1352941176470588 -0.007352941176470562 0.414509352467413
v 0.10811380330059114 -0.007352941176470562 0.43491661655102687
v 0.1458461212405956 -0.007352941176470562 0.41438507078935294
v -0.1352941176470588 0.0030092756275285435 0.41441285686883755
v -0.12303237840185763 0.004642238519921875 0.41555852289810397
v -0.0676470588235294 0.03474022809853707 0.43667489018976724
v -0.0676470588235294 0.05882352941176472 0.4339591049399565
v -0.02256089523214659 0.036753088423795224 0.4380870874338373
v 0 0.04103526156888356 0.4410914057356294
v 0 0.05882352941176472 0.4392384595937347
v -0.02638994692700241 0.05882352941176472 0.435459073692958
v 0.0676470588235294 0.03474022809853707 0.43667489018976724
v 0.04762786353223434 0.03923953401810651 0.43983154608889374
v 0.0676470588235294 0.05882352941176472 0.4339591049399565
v 0.044781542073409876 0.05882352941176472 0.4378780149013155
v 0.1352941176470588 0.0030092756275285435 0.41441285686883755
v 0.10785890748581597 0.03198473686272283 0.4347416725290849
v 0.10378081155568938 0.05882352941176472 0.4319427309124452
v 0.1458461212405956 0.002969671034598014 0.41438507078935294
v -0.0676470588235294 0.09410412516700473 0.4318952751171684
v 0 0.10016584986248839 0.4361481041892379
v -0.03128561273388199 0.09439450928207196 0.43209900492488224
v 0 0.125 0.41370528028864617
v 0.0676470588235294 0.09410412516700473 0.4318952751171684
v 0.04198066566201141 0.09989157190721067 0.43595567425870974
v 0.00941762608491914 0.125 0.4136065073439974
v 0.10370440103131269 0.09409701635416143 0.43189028766434817
v 0 0.13420947308142794 0.41360410651109714
v 0.009414128038793013 0.13420947308142794 0.41360410651109714
f 1 2 3
f 1 3 4
f 1 4 5
f 1 5 6
f 1 6 7
f 1 7 2
f 8 9 10
f 8 10 11
f 8 11 12
f 12 4 3
f 12 3 8
f 13 2 3
f 13 3 8
f 8 13 9
f 14 15 16
f 14 16 17
f 14 17 18
f 18 11 10
f 18 10 14
f 19 9 10
f 19 10 14
f 14 19 15
f 20 21 22
f 20 22 23
f 20 23 24
f 17 16 20
f 17 20 24
f 25 15 16
f 25 16 20
f 20 25 21
f 26 27 28
f 26 28 29
f 26 29 30
f 23 22 26
f 23 26 30
f 21 22 26
f 21 26 31
f 26 31 27
f 28 29 32
f 28 27 32
f 33 4 5
f 33 5 34
f 34 33 35
f 34 35 36
f 34 36 37
f 34 37 38
f 38 6 5
f 38 5 34
f 39 11 12
f 39 12 40
f 40 39 41
f 40 41 42
f 42 35 33
f 42 33 40
f 33 4 40
f 4 12 40
f 43 17 18
f 43 18 44
f 44 43 45
f 44 45 46
f 46 41 39
f 46 39 44
f 39 11 44
f 11 18 44
f 47 23 24
f 47 24 48
f 48 47 49
f 48 49 50
f 50 45 43
f 50 43 48
f 43 17 48
f 17 24 48
f 51 29 30
f 51 30 52
f 52 51 53
f 52 53 54
f 49 47 52
f 49 52 54
f 47 23 52
f 23 30 52
f 51 53 55
f 55 51 29
f 55 29 56
f 29 32 56
f 35 36 57
f 35 57 58
f 57 58 59
f 57 59 60
f 57 60 61
f 57 61 62
f 62 37 36
f 62 36 57
f 63 41 42
f 63 42 64
f 64 63 65
f 64 65 66
f 66 59 58
f 66 58 64
f 58 35 64
f 35 42 64
f 67 45 46
f 67 46 68
f 68 67 69
f 68 69 70
f 70 65 63
f 70 63 68
f 63 41 68
f 41 46 68
f 49 50 71
f 49 71 72
f 71 72 73
f 71 73 74
f 69 67 71
f 69 71 74
f 67 45 71
f 45 50 71
f 53 54 75
f 53 75 76
f 75 76 77
f 75 77 78
f 73 72 75
f 73 75 78
f 72 49 75
f 49 54 75
f 76 77 79
f 80 79 76
f 80 76 53
f 53 55 80
f 60 59 81
f 60 61 81
f 65 66 82
f 65 82 83
f 82 83 84
f 82 84 85
f 82 85 86
f 86 81 59
f 86 59 82
f 59 66 82
f 69 70 87
f 69 87 88
f 87 88 89
f 87 89 90
f 90 84 83
f 90 83 87
f 83 65 87
f 65 70 87
f 73 74 91
f 73 91 92
f 91 92 93
f 91 93 94
f 89 88 91
f 89 91 94
f 88 69 91
f 69 74 91
f 78 77 95
f 92 93 96
f 97 96 92
f 97 92 73
f 95 97 73
f 95 73 78
f 77 95 98
f 77 79 98
f 85 84 99
f 85 86 99
f 90 89 100
f 84 99 101
f 100 101 84
f 100 84 90
f 94 93 102
f 89 100 103
f 103 89 94
f 103 94 102
f 93 102 104
f 93 96 104
f 105 106 107
f 105 107 108
f 105 108 109
f 105 109 110
f 105 110 111
f 105 111 106
f 112 113 114
f 112 114 115
f 112 115 116
f 116 108 107
f 116 107 112
f 117 106 107
f 117 107 112
f 112 117 113
f 118 119 120
f 118 120 121
f 118 121 122
f 122 115 114
f 122 114 118
f 113 114 118
f 113 118 123
f 118 123 119
f 120 121 124
f 120 119 124
f 125 126 127
f 127 2 7
f 127 7 125
f 128 6 7
f 128 7 125
f 125 128 129
f 125 129 130
f 125 130 126
f 131 108 109
f 131 109 132
f 131 9 13
f 131 13 132
f 13 2 132
f 2 127 132
f 133 126 127
f 133 127 132
f 133 110 109
f 133 109 132
f 134 115 116
f 134 116 135
f 134 15 19
f 134 19 135
f 19 9 135
f 9 131 135
f 131 108 135
f 108 116 135
f 121 122 136
f 121 136 137
f 21 25 136
f 21 136 137
f 25 15 136
f 15 134 136
f 134 115 136
f 115 122 136
f 138 139 140
f 140 27 31
f 140 31 138
f 31 21 138
f 21 137 138
f 137 121 138
f 139 124 121
f 139 121 138
f 27 32 141
f 142 141 27
f 142 27 140
f 140 139 142
f 143 144 145
f 143 145 146
f 143 146 147
f 143 147 148
f 143 148 149
f 143 149 144
f 128 6 150
f 6 38 150
f 151 37 38
f 151 38 150
f 151 146 145
f 151 145 150
f 152 144 145
f 152 145 150
f 152 129 128
f 152 128 150
f 153 141 32
f 153 32 154
f 154 32 56
f 154 56 155
f 56 55 155
f 141 142 153
f 154 155 156
f 154 153 156
f 146 147 157
f 146 157 158
f 157 158 159
f 157 159 160
f 157 160 161
f 157 161 162
f 148 147 157
f 148 157 162
f 151 37 163
f 37 62 163
f 164 61 62
f 164 62 163
f 164 159 158
f 164 158 163
f 158 146 163
f 146 151 163
f 55 155 165
f 166 165 55
f 166 55 80
f 80 79 166
f 165 166 167
f 168 167 165
f 168 165 155
f 155 156 168
f 160 159 169
f 160 161 169
f 164 61 170
f 171 81 61
f 171 61 170
f 170 171 172
f 170 172 173
f 173 169 159
f 173 159 170
f 159 164 170
f 81 86 174
f 81 171 174
f 97 95 175
f 97 96 175
f 176 166 79
f 176 79 177
f 79 98 177
f 98 95 177
f 178 175 95
f 178 95 177
f 177 178 179
f 177 179 176
f 166 176 180
f 166 167 180
f 172 171 181
f 172 173 181
f 182 174 86
f 182 86 183
f 86 99 183
f 171 181 184
f 182 184 171
f 182 171 174
f 185 186 187
f 100 101 185
f 100 185 187
f 101 99 185
f 99 183 185
f 182 183 185
f 182 185 188
f 185 188 186
f 189 190 191
f 102 103 189
f 102 189 191
f 103 100 189
f 100 187 189
f 192 186 187
f 192 187 189
f 189 192 190
f 193 175 96
f 193 96 194
f 96 104 194
f 104 102 194
f 102 191 194
f 190 191 194
f 190 194 195
f 194 195 193
f 175 193 196
f 175 178 196
f 197 198 199
f 197 199 200
f 197 200 201
f 197 201 202
f 197 202 203
f 197 203 198
f 204 205 206
f 206 106 111
f 206 111 204
f 207 110 111
f 207 111 204
f 207 200 199
f 207 199 204
f 208 198 199
f 208 199 204
f 204 208 205
f 209 210 211
f 211 113 117
f 211 117 209
f 117 106 209
f 106 206 209
f 212 205 206
f 212 206 209
f 209 212 210
f 213 214 215
f 215 119 123
f 215 123 213
f 123 113 213
f 113 211 213
f 216 210 211
f 216 211 213
f 213 216 214
f 217 218 219
f 217 219 220
f 220 124 119
f 220 119 217
f 119 215 217
f 214 215 217
f 214 217 221
f 217 221 218
f 219 220 222
f 219 218 222
f 223 224 225
f 223 225 226
f 223 226 227
f 223 227 228
f 223 228 229
f 223 229 224
f 230 200 201
f 230 201 231
f 230 126 130
f 230 130 231
f 232 129 130
f 232 130 231
f 232 226 225
f 232 225 231
f 233 224 225
f 233 225 231
f 233 202 201
f 233 201 231
f 207 110 234
f 110 133 234
f 133 126 234
f 126 230 234
f 230 200 234
f 200 207 234
f 124 220 235
f 124 139 235
f 236 237 238
f 236 238 239
f 142 139 236
f 142 236 239
f 139 235 236
f 235 220 236
f 222 220 236
f 222 236 237
f 238 239 240
f 238 237 240
f 241 226 227
f 241 227 242
f 241 144 149
f 241 149 242
f 243 148 149
f 243 149 242
f 242 243 244
f 242 244 245
f 245 228 227
f 245 227 242
f 232 129 246
f 129 152 246
f 152 144 246
f 144 241 246
f 241 226 246
f 226 232 246
f 142 239 247
f 142 153 247
f 153 156 248
f 249 248 153
f 249 153 247
f 249 247 239
f 249 239 250
f 239 240 250
f 243 148 251
f 148 162 251
f 252 161 162
f 252 162 251
f 251 252 253
f 251 253 254
f 254 244 243
f 254 243 251
f 248 156 255
f 156 168 255
f 256 167 168
f 256 168 255
f 255 256 257
f 255 257 258
f 249 248 255
f 249 255 258
f 252 161 259
f 260 169 161
f 260 161 259
f 259 260 261
f 259 261 262
f 259 262 263
f 253 252 259
f 253 259 263
f 169 173 264
f 169 260 264
f 179 176 265
f 179 178 265
f 256 167 266
f 167 180 266
f 180 176 266
f 265 176 266
f 265 266 267
f 266 267 268
f 257 256 266
f 257 266 268
f 261 260 269
f 261 262 269
f 264 173 270
f 181 173 270
f 181 270 271
f 270 271 272
f 270 272 273
f 273 269 260
f 273 260 270
f 260 264 270
f 184 182 274
f 275 274 184
f 275 184 181
f 181 271 275
f 188 186 276
f 277 276 188
f 277 188 182
f 182 274 277
f 192 190 278
f 278 192 186
f 278 186 279
f 186 276 279
f 195 193 280
f 281 280 195
f 281 195 190
f 190 278 281
f 282 265 178
f 282 178 283
f 178 196 283
f 196 193 283
f 284 280 193
f 284 193 283
f 283 284 285
f 283 285 282
f 265 282 286
f 265 267 286
f 272 271 287
f 272 273 287
f 275 274 288
f 271 287 289
f 288 289 271
f 288 271 275
f 277 276 290
f 274 288 291
f 290 291 274
f 290 274 277
f 279 278 292
f 276 290 293
f 293 276 279
f 293 279 292
f 281 280 294
f 278 292 295
f 295 278 281
f 295 281 294
f 280 294 296
f 280 284 296
f 297 298 299
f 297 299 300
f 297 300 301
f 297 301 302
f 297 302 303
f 297 303 298
f 304 305 306
f 304 306 307
f 304 307 308
f 308 300 299
f 308 299 304
f 309 298 299
f 309 299 304
f 304 309 305
f 310 311 312
f 310 312 313
f 310 313 314
f 314 307 306
f 314 306 310
f 315 305 306
f 315 306 310
f 310 315 311
f 316 317 318
f 316 318 319
f 316 319 320
f 313 312 316
f 313 316 320
f 321 311 312
f 321 312 316
f 316 321 317
f 322 323 324
f 322 324 325
f 322 325 326
f 319 318 322
f 319 322 326
f 327 317 318
f 327 318 322
f 322 327 323
f 324 325 328
f 324 323 328
f 329 330 331
f 329 331 332
f 329 332 333
f 329 333 334
f 329 334 335
f 329 335 330
f 336 337 338
f 336 338 339
f 336 339 340
f 340 332 331
f 340 331 336
f 341 330 331
f 341 331 336
f 336 341 337
f 342 300 301
f 342 301 343
f 343 342 344
f 343 344 345
f 345 339 338
f 345 338 343
f 346 337 338
f 346 338 343
f 346 302 301
f 346 301 343
f 347 307 308
f 347 308 348
f 348 347 349
f 348 349 350
f 350 344 342
f 350 342 348
f 342 300 348
f 300 308 348
f 351 313 314
f 351 314 352
f 352 351 353
f 352 353 354
f 354 349 347
f 354 347 352
f 347 307 352
f 307 314 352
f 355 319 320
f 355 320 356
f 356 355 357
f 356 357 358
f 358 353 351
f 358 351 356
f 351 313 356
f 313 320 356
f 359 325 326
f 359 326 360
f 360 359 361
f 360 361 362
f 362 357 355
f 362 355 360
f 355 319 360
f 319 326 360
f 363 364 365
f 363 365 366
f 363 366 367
f 361 359 363
f 361 363 367
f 359 325 363
f 364 328 325
f 364 325 363
f 368 369 370
f 368 370 371
f 368 371 372
f 366 365 368
f 366 368 372
f 373 364 365
f 373 365 368
f 368 373 369
f 370 371 374
f 370 369 374
f 375 376 377
f 375 377 378
f 375 378 379
f 375 379 380
f 375 380 381
f 375 381 376
f 382 332 333
f 382 333 383
f 383 382 384
f 383 384 385
f 385 378 377
f 385 377 383
f 386 376 377
f 386 377 383
f 386 334 333
f 386 333 383
f 387 339 340
f 387 340 388
f 388 387 389
f 388 389 390
f 390 384 382
f 390 382 388
f 382 332 388
f 332 340 388
f 391 344 345
f 391 345 392
f 391 198 203
f 391 203 392
f 393 202 203
f 393 203 392
f 393 389 387
f 393 387 392
f 387 339 392
f 339 345 392
f 394 349 350
f 394 350 395
f 394 205 208
f 394 208 395
f 208 198 395
f 198 391 395
f 391 344 395
f 344 350 395
f 396 353 354
f 396 354 397
f 396 210 212
f 396 212 397
f 212 205 397
f 205 394 397
f 394 349 397
f 349 354 397
f 357 358 398
f 357 398 399
f 214 216 398
f 214 398 399
f 216 210 398
f 210 396 398
f 396 353 398
f 353 358 398
f 400 361 362
f 400 362 401
f 400 218 221
f 400 221 401
f 221 214 401
f 214 399 401
f 399 357 401
f 357 362 401
f 402 366 367
f 402 367 403
f 403 402 404
f 404 222 218
f 404 218 403
f 218 400 403
f 400 361 403
f 361 367 403
f 405 371 372
f 405 372 406
f 406 405 407
f 406 407 408
f 404 402 406
f 404 406 408
f 402 366 406
f 366 372 406
f 409 410 411
f 409 411 412
f 409 412 413
f 407 405 409
f 407 409 413
f 405 371 409
f 374 371 409
f 374 409 410
f 411 412 414
f 411 410 414
f 415 378 379
f 415 379 416
f 416 415 417
f 416 417 418
f 416 418 419
f 416 419 420
f 420 380 379
f 420 379 416
f 421 384 385
f 421 385 422
f 422 421 423
f 422 423 424
f 424 417 415
f 424 415 422
f 415 378 422
f 378 385 422
f 425 389 390
f 425 390 426
f 425 224 229
f 425 229 426
f 427 228 229
f 427 229 426
f 427 423 421
f 427 421 426
f 421 384 426
f 384 390 426
f 393 202 428
f 202 233 428
f 233 224 428
f 224 425 428
f 425 389 428
f 389 393 428
f 222 404 429
f 222 237 429
f 430 407 408
f 430 408 431
f 431 430 432
f 432 240 237
f 432 237 431
f 237 429 431
f 429 404 431
f 404 408 431
f 433 412 413
f 433 413 434
f 434 433 435
f 434 435 436
f 432 430 434
f 432 434 436
f 430 407 434
f 407 413 434
f 433 435 437
f 437 433 412
f 437 412 438
f 412 414 438
f 439 417 418
f 439 418 440
f 440 439 441
f 440 441 442
f 440 442 443
f 440 443 444
f 444 419 418
f 444 418 440
f 445 423 424
f 445 424 446
f 446 445 447
f 446 447 448
f 448 441 439
f 448 439 446
f 439 417 446
f 417 424 446
f 427 228 449
f 228 245 449
f 450 244 245
f 450 245 449
f 450 447 445
f 450 445 449
f 445 423 449
f 423 427 449
f 240 432 451
f 451 240 250
f 451 250 452
f 250 249 452
f 453 435 436
f 453 436 454
f 454 453 455
f 454 455 456
f 452 451 454
f 452 454 456
f 451 432 454
f 432 436 454
f 453 455 457
f 458 457 453
f 458 453 435
f 435 437 458
f 459 441 442
f 459 442 460
f 460 459 461
f 460 461 462
f 460 462 463
f 460 463 464
f 464 443 442
f 464 442 460
f 465 447 448
f 465 448 466
f 466 465 467
f 466 467 468
f 468 461 459
f 468 459 466
f 459 441 466
f 441 448 466
f 450 244 469
f 244 254 469
f 470 253 254
f 470 254 469
f 470 467 465
f 470 465 469
f 465 447 469
f 447 450 469
f 249 452 471
f 471 249 258
f 471 258 472
f 258 257 472
f 455 456 473
f 455 473 474
f 473 474 475
f 473 475 476
f 472 471 473
f 472 473 476
f 471 452 473
f 452 456 473
f 474 475 477
f 478 477 474
f 478 474 455
f 455 457 478
f 479 461 462
f 479 462 480
f 480 479 481
f 480 481 482
f 480 482 483
f 480 483 484
f 484 463 462
f 484 462 480
f 485 467 468
f 485 468 486
f 486 485 487
f 486 487 488
f 488 481 479
f 488 479 486
f 479 461 486
f 461 468 486
f 470 253 489
f 253 263 489
f 490 262 263
f 490 263 489
f 490 487 485
f 490 485 489
f 485 467 489
f 467 470 489
f 257 472 491
f 491 257 268
f 491 268 492
f 268 267 492
f 475 476 493
f 475 493 494
f 493 494 495
f 493 495 496
f 492 491 493
f 492 493 496
f 491 472 493
f 472 476 493
f 494 495 497
f 498 497 494
f 498 494 475
f 475 477 498
f 481 482 499
f 481 499 500
f 499 500 501
f 499 501 502
f 499 502 503
f 499 503 504
f 504 483 482
f 504 482 499
f 505 487 488
f 505 488 506
f 506 505 507
f 506 507 508
f 508 501 500
f 508 500 506
f 500 481 506
f 481 488 506
f 490 262 509
f 510 269 262
f 510 262 509
f 509 510 511
f 507 505 509
f 507 509 511
f 505 487 509
f 487 490 509
f 269 273 512
f 269 510 512
f 285 282 513
f 285 284 513
f 267 492 514
f 514 267 286
f 514 286 515
f 515 286 282
f 515 282 516
f 282 513 516
f 495 496 517
f 495 517 518
f 517 518 519
f 517 519 520
f 515 514 517
f 515 517 520
f 514 492 517
f 492 496 517
f 518 519 521
f 522 521 518
f 522 518 495
f 495 497 522
f 501 502 523
f 501 523 524
f 523 524 525
f 523 525 526
f 523 526 527
f 523 527 528
f 528 503 502
f 528 502 523
f 529 507 508
f 529 508 530
f 530 529 531
f 530 531 532
f 532 525 524
f 532 524 530
f 524 501 530
f 501 508 530
f 533 510 511
f 533 511 534
f 534 533 535
f 534 535 536
f 536 531 529
f 536 529 534
f 529 507 534
f 507 511 534
f 512 273 537
f 538 287 273
f 538 273 537
f 537 538 539
f 535 533 537
f 535 537 539
f 533 510 537
f 510 512 537
f 289 288 540
f 540 289 287
f 540 287 541
f 287 538 541
f 291 290 542
f 543 542 291
f 543 291 288
f 288 540 543
f 293 292 544
f 544 293 290
f 544 290 545
f 290 542 545
f 295 294 546
f 546 295 292
f 546 292 547
f 292 544 547
f 284 513 548
f 548 284 296
f 548 296 549
f 549 296 294
f 549 294 550
f 294 546 550
f 515 516 551
f 515 551 552
f 551 552 553
f 551 553 554
f 549 548 551
f 549 551 554
f 548 513 551
f 513 516 551
f 519 520 555
f 519 555 556
f 555 556 557
f 555 557 558
f 553 552 555
f 553 555 558
f 552 515 555
f 515 520 555
f 556 557 559
f 560 559 556
f 560 556 519
f 519 521 560
f 526 525 561
f 526 527 561
f 531 532 562
f 531 562 563
f 562 563 564
f 562 564 565
f 562 565 566
f 566 561 525
f 566 525 562
f 525 532 562
f 567 535 536
f 567 536 568
f 568 567 569
f 568 569 570
f 570 564 563
f 570 563 568
f 563 531 568
f 531 536 568
f 571 538 539
f 571 539 572
f 572 571 573
f 572 573 574
f 569 567 572
f 569 572 574
f 567 535 572
f 535 539 572
f 575 540 541
f 575 541 576
f 576 575 577
f 576 577 578
f 573 571 576
f 573 576 578
f 571 538 576
f 538 541 576
f 579 542 543
f 579 543 580
f 580 579 581
f 580 581 582
f 577 575 580
f 577 580 582
f 575 540 580
f 540 543 580
f 544 545 583
f 544 583 584
f 583 584 585
f 583 585 586
f 581 579 583
f 581 583 586
f 579 542 583
f 542 545 583
f 546 547 587
f 546 587 588
f 587 588 589
f 587 589 590
f 585 584 587
f 585 587 590
f 584 544 587
f 544 547 587
f 549 550 591
f 549 591 592
f 591 592 593
f 591 593 594
f 589 588 591
f 589 591 594
f 588 546 591
f 546 550 591
f 553 554 595
f 553 595 596
f 595 596 597
f 595 597 598
f 593 592 595
f 593 595 598
f 592 549 595
f 549 554 595
f 558 557 599
f 596 597 600
f 601 600 596
f 601 596 553
f 601 553 558
f 601 558 599
f 557 599 602
f 557 559 602
f 565 564 603
f 565 566 603
f 569 570 604
f 569 604 605
f 604 605 606
f 604 606 607
f 604 607 608
f 608 603 564
f 608 564 604
f 564 570 604
f 573 574 609
f 573 609 610
f 609 610 611
f 609 611 612
f 612 606 605
f 612 605 609
f 605 569 609
f 569 574 609
f 577 578 613
f 577 613 614
f 613 614 615
f 613 615 616
f 611 610 613
f 611 613 616
f 610 573 613
f 573 578 613
f 581 582 617
f 581 617 618
f 617 618 619
f 617 619 620
f 615 614 617
f 615 617 620
f 614 577 617
f 577 582 617
f 585 586 621
f 585 621 622
f 621 622 623
f 621 623 624
f 619 618 621
f 619 621 624
f 618 581 621
f 581 586 621
f 589 590 625
f 589 625 626
f 625 626 627
f 625 627 628
f 623 622 625
f 623 625 628
f 622 585 625
f 585 590 625
f 593 594 629
f 593 629 630
f 629 630 631
f 629 631 632
f 627 626 629
f 627 629 632
f 626 589 629
f 589 594 629
f 598 597 633
f 630 631 634
f 635 634 630
f 635 630 593
f 633 635 593
f 633 593 598
f 597 633 636
f 597 600 636
f 607 606 637
f 607 608 637
f 612 611 638
f 606 637 639
f 638 639 606
f 638 606 612
f 615 616 640
f 615 640 641
f 640 641 642
f 640 642 643
f 640 643 644
f 638 611 640
f 638 640 644
f 611 616 640
f 619 620 645
f 619 645 646
f 645 646 647
f 645 647 648
f 648 642 641
f 648 641 645
f 641 615 645
f 615 620 645
f 623 624 649
f 623 649 650
f 649 650 651
f 649 651 652
f 647 646 649
f 647 649 652
f 646 619 649
f 619 624 649
f 628 627 653
f 650 651 654
f 655 654 650
f 655 650 623
f 653 655 623
f 653 623 628
f 632 631 656
f 627 653 657
f 657 627 632
f 657 632 656
f 631 656 658
f 631 634 658
f 643 642 659
f 643 644 659
f 648 647 660
f 642 659 661
f 660 661 642
f 660 642 648
f 652 651 662
f 647 660 663
f 663 647 652
f 663 652 662
f 651 662 664
f 651 654 664
f 665 666 667
f 665 667 668
f 665 668 669
f 665 669 670
f 665 670 671
f 665 671 666
f 672 673 674
f 672 674 675
f 672 675 676
f 676 668 667
f 676 667 672
f 677 666 667
f 677 667 672
f 672 677 673
f 678 679 680
f 678 680 681
f 678 681 682
f 682 675 674
f 682 674 678
f 683 673 674
f 683 674 678
f 678 683 679
f 684 685 686
f 684 686 687
f 684 687 688
f 688 681 680
f 688 680 684
f 679 680 684
f 679 684 689
f 684 689 685
f 690 691 692
f 690 692 693
f 690 693 694
f 687 686 690
f 687 690 694
f 685 686 690
f 685 690 695
f 690 695 691
f 692 693 696
f 692 691 696
f 697 698 699
f 697 699 700
f 697 700 701
f 697 701 702
f 697 702 703
f 697 703 698
f 704 705 706
f 704 706 707
f 704 707 708
f 708 700 699
f 708 699 704
f 709 698 699
f 709 699 704
f 704 709 705
f 710 668 669
f 710 669 711
f 710 298 303
f 710 303 711
f 712 302 303
f 712 303 711
f 712 707 706
f 712 706 711
f 713 705 706
f 713 706 711
f 713 670 669
f 713 669 711
f 714 675 676
f 714 676 715
f 714 305 309
f 714 309 715
f 309 298 715
f 298 710 715
f 710 668 715
f 668 676 715
f 716 681 682
f 716 682 717
f 716 311 315
f 716 315 717
f 315 305 717
f 305 714 717
f 714 675 717
f 675 682 717
f 718 687 688
f 718 688 719
f 718 317 321
f 718 321 719
f 321 311 719
f 311 716 719
f 716 681 719
f 681 688 719
f 720 693 694
f 720 694 721
f 720 323 327
f 720 327 721
f 327 317 721
f 317 718 721
f 718 687 721
f 687 694 721
f 722 723 724
f 722 724 725
f 725 328 323
f 725 323 722
f 323 720 722
f 720 693 722
f 723 696 693
f 723 693 722
f 726 727 728
f 726 728 729
f 726 729 730
f 725 724 726
f 725 726 730
f 723 724 726
f 723 726 731
f 726 731 727
f 728 729 732
f 728 727 732
f 733 734 735
f 733 735 736
f 733 736 737
f 733 737 738
f 733 738 739
f 733 739 734
f 740 700 701
f 740 701 741
f 740 330 335
f 740 335 741
f 742 334 335
f 742 335 741
f 742 736 735
f 742 735 741
f 743 734 735
f 743 735 741
f 743 702 701
f 743 701 741
f 744 707 708
f 744 708 745
f 744 337 341
f 744 341 745
f 341 330 745
f 330 740 745
f 740 700 745
f 700 708 745
f 712 302 746
f 302 346 746
f 346 337 746
f 337 744 746
f 744 707 746
f 707 712 746
f 328 725 747
f 328 364 747
f 748 729 730
f 748 730 749
f 369 373 749
f 369 749 748
f 373 364 749
f 364 747 749
f 747 725 749
f 725 730 749
f 750 751 752
f 750 752 753
f 374 369 750
f 374 750 753
f 369 748 750
f 748 729 750
f 751 732 729
f 751 729 750
f 752 753 754
f 752 751 754
f 755 736 737
f 755 737 756
f 755 376 381
f 755 381 756
f 757 380 381
f 757 381 756
f 756 757 758
f 756 758 759
f 759 738 737
f 759 737 756
f 742 334 760
f 334 386 760
f 386 376 760
f 376 755 760
f 755 736 760
f 736 742 760
f 374 753 761
f 374 410 761
f 410 414 762
f 763 762 410
f 763 410 761
f 763 761 753
f 763 753 764
f 753 754 764
f 765 766 767
f 765 767 768
f 765 768 769
f 765 769 770
f 765 770 771
f 765 771 766
f 757 380 772
f 380 420 772
f 773 419 420
f 773 420 772
f 773 768 767
f 773 767 772
f 774 766 767
f 774 767 772
f 774 758 757
f 774 757 772
f 775 762 414
f 775 414 776
f 776 414 438
f 776 438 777
f 438 437 777
f 762 763 775
f 776 777 778
f 776 775 778
f 779 768 769
f 779 769 780
f 780 779 781
f 780 781 782
f 780 782 783
f 780 783 784
f 784 770 769
f 784 769 780
f 773 419 785
f 419 444 785
f 786 443 444
f 786 444 785
f 786 781 779
f 786 779 785
f 779 768 785
f 768 773 785
f 437 777 787
f 787 437 458
f 787 458 788
f 458 457 788
f 787 788 789
f 789 787 777
f 789 777 790
f 777 778 790
f 791 781 782
f 791 782 792
f 792 791 793
f 792 793 794
f 792 794 795
f 792 795 796
f 796 783 782
f 796 782 792
f 786 443 797
f 443 464 797
f 798 463 464
f 798 464 797
f 798 793 791
f 798 791 797
f 791 781 797
f 781 786 797
f 457 788 799
f 799 457 478
f 799 478 800
f 478 477 800
f 799 800 801
f 801 799 788
f 801 788 802
f 788 789 802
f 803 793 794
f 803 794 804
f 804 803 805
f 804 805 806
f 804 806 807
f 804 807 808
f 808 795 794
f 808 794 804
f 798 463 809
f 463 484 809
f 483 484 809
f 483 809 810
f 805 803 809
f 805 809 810
f 803 793 809
f 793 798 809
f 477 800 811
f 812 811 477
f 812 477 498
f 498 497 812
f 811 812 813
f 813 811 800
f 813 800 814
f 800 801 814
f 815 805 806
f 815 806 816
f 816 815 817
f 816 817 818
f 816 818 819
f 816 819 820
f 820 807 806
f 820 806 816
f 810 483 821
f 483 504 821
f 503 504 821
f 503 821 822
f 817 815 821
f 817 821 822
f 815 805 821
f 805 810 821
f 497 812 823
f 824 823 497
f 824 497 522
f 522 521 824
f 823 824 825
f 825 823 812
f 825 812 826
f 812 813 826
f 817 818 827
f 817 827 828
f 827 828 829
f 827 829 830
f 827 830 831
f 827 831 832
f 819 818 827
f 819 827 832
f 822 503 833
f 503 528 833
f 834 527 528
f 834 528 833
f 834 829 828
f 834 828 833
f 828 817 833
f 817 822 833
f 521 824 835
f 836 835 521
f 836 521 560
f 560 559 836
f 835 836 837
f 838 837 835
f 838 835 824
f 824 825 838
f 830 829 839
f 830 831 839
f 834 527 840
f 841 561 527
f 841 527 840
f 840 841 842
f 840 842 843
f 843 839 829
f 843 829 840
f 829 834 840
f 561 566 844
f 561 841 844
f 601 599 845
f 601 600 845
f 846 836 559
f 846 559 847
f 559 602 847
f 602 599 847
f 845 599 847
f 845 847 848
f 847 848 849
f 847 849 846
f 836 846 850
f 836 837 850
f 842 841 851
f 842 843 851
f 844 566 852
f 603 566 852
f 603 852 853
f 852 853 854
f 852 854 855
f 851 841 852
f 851 852 855
f 841 844 852
f 603 608 856
f 603 853 856
f 635 633 857
f 635 634 857
f 858 845 600
f 858 600 859
f 600 636 859
f 636 633 859
f 860 857 633
f 860 633 859
f 859 860 861
f 859 861 858
f 845 858 862
f 845 848 862
f 854 853 863
f 854 855 863
f 856 608 864
f 637 608 864
f 637 864 865
f 864 865 866
f 864 866 867
f 863 853 864
f 863 864 867
f 853 856 864
f 639 638 868
f 869 868 639
f 869 639 637
f 637 865 869
f 638 644 870
f 638 868 870
f 655 653 871
f 655 654 871
f 657 656 872
f 873 872 657
f 873 657 653
f 653 871 873
f 857 634 874
f 857 874 875
f 634 658 874
f 658 656 874
f 876 872 656
f 876 656 874
f 874 876 877
f 874 877 875
f 857 875 878
f 857 860 878
f 866 865 879
f 866 867 879
f 869 868 880
f 865 879 881
f 880 881 865
f 880 865 869
f 882 870 644
f 882 644 883
f 644 659 883
f 868 880 884
f 884 868 870
f 884 870 882
f 885 886 887
f 660 661 885
f 660 885 887
f 661 659 885
f 659 883 885
f 882 883 885
f 882 885 888
f 885 888 886
f 889 890 891
f 891 662 663
f 891 663 889
f 663 660 889
f 660 887 889
f 886 887 889
f 886 889 892
f 889 892 890
f 871 654 893
f 871 893 894
f 654 664 893
f 664 662 893
f 662 891 893
f 890 891 893
f 890 893 895
f 893 895 894
f 873 872 896
f 871 894 897
f 897 871 873
f 897 873 896
f 872 896 898
f 872 876 898
f 899 900 901
f 901 666 671
f 901 671 899
f 902 670 671
f 902 671 899
f 899 902 903
f 899 903 904
f 899 904 900
f 905 906 907
f 907 673 677
f 907 677 905
f 677 666 905
f 666 901 905
f 908 900 901
f 908 901 905
f 905 908 906
f 909 910 911
f 911 679 683
f 911 683 909
f 683 673 909
f 673 907 909
f 912 906 907
f 912 907 909
f 909 912 910
f 913 914 915
f 915 685 689
f 915 689 913
f 689 679 913
f 679 911 913
f 916 910 911
f 916 911 913
f 913 916 914
f 917 918 919
f 919 691 695
f 919 695 917
f 695 685 917
f 685 915 917
f 914 915 917
f 914 917 920
f 917 920 918
f 691 696 921
f 922 921 691
f 922 691 919
f 919 918 922
f 923 924 925
f 925 698 703
f 925 703 923
f 926 702 703
f 926 703 923
f 923 926 927
f 923 927 928
f 923 928 924
f 929 930 931
f 931 705 709
f 931 709 929
f 709 698 929
f 698 925 929
f 932 924 925
f 932 925 929
f 929 932 930
f 902 670 933
f 670 713 933
f 713 705 933
f 705 931 933
f 934 930 931
f 934 931 933
f 934 903 902
f 934 902 933
f 935 921 696
f 935 696 936
f 696 723 936
f 921 922 935
f 937 938 939
f 939 727 731
f 939 731 937
f 731 723 937
f 723 936 937
f 940 935 936
f 940 936 937
f 937 940 938
f 727 732 941
f 942 941 727
f 942 727 939
f 939 938 942
f 943 944 945
f 945 734 739
f 945 739 943
f 946 738 739
f 946 739 943
f 943 946 947
f 943 947 948
f 943 948 944
f 926 702 949
f 702 743 949
f 743 734 949
f 734 945 949
f 950 944 945
f 950 945 949
f 950 927 926
f 950 926 949
f 951 941 732
f 951 732 952
f 732 751 952
f 941 942 951
f 751 754 953
f 954 953 751
f 954 751 952
f 952 951 954
f 955 956 957
f 955 957 958
f 955 958 959
f 955 959 960
f 955 960 961
f 955 961 956
f 946 738 962
f 738 759 962
f 963 758 759
f 963 759 962
f 963 958 957
f 963 957 962
f 964 956 957
f 964 957 962
f 964 947 946
f 964 946 962
f 965 966 953
f 965 953 754
f 967 965 754
f 967 754 764
f 764 763 967
f 953 954 966
f 965 967 968
f 965 966 968
f 969 958 959
f 969 959 970
f 969 766 771
f 969 771 970
f 971 770 771
f 971 771 970
f 970 971 972
f 970 972 973
f 973 960 959
f 973 959 970
f 963 758 974
f 758 774 974
f 774 766 974
f 766 969 974
f 969 958 974
f 958 963 974
f 763 967 975
f 763 775 975
f 775 778 976
f 976 775 975
f 976 975 977
f 977 975 967
f 977 967 978
f 967 968 978
f 971 770 979
f 770 784 979
f 980 783 784
f 980 784 979
f 979 980 981
f 979 981 982
f 982 972 971
f 982 971 979
f 976 778 983
f 778 790 983
f 789 790 983
f 789 983 984
f 983 984 985
f 983 985 986
f 977 976 983
f 977 983 986
f 980 783 987
f 783 796 987
f 988 795 796
f 988 796 987
f 987 988 989
f 987 989 990
f 990 981 980
f 990 980 987
f 984 789 991
f 789 802 991
f 801 802 991
f 801 991 992
f 991 992 993
f 991 993 994
f 985 984 991
f 985 991 994
f 988 795 995
f 795 808 995
f 996 807 808
f 996 808 995
f 995 996 997
f 995 997 998
f 998 989 988
f 998 988 995
f 992 801 999
f 801 814 999
f 813 814 999
f 813 999 1000
f 999 1000 1001
f 999 1001 1002
f 1002 993 992
f 1002 992 999
f 996 807 1003
f 807 820 1003
f 1004 819 820
f 1004 820 1003
f 1003 1004 1005
f 1003 1005 1006
f 1006 997 996
f 1006 996 1003
f 1000 813 1007
f 813 826 1007
f 825 826 1007
f 825 1007 1008
f 1007 1008 1009
f 1007 1009 1010
f 1010 1001 1000
f 1010 1000 1007
f 1004 819 1011
f 819 832 1011
f 1012 831 832
f 1012 832 1011
f 1011 1012 1013
f 1011 1013 1014
f 1005 1004 1011
f 1005 1011 1014
f 1008 825 1015
f 825 838 1015
f 1016 837 838
f 1016 838 1015
f 1015 1016 1017
f 1015 1017 1018
f 1018 1009 1008
f 1018 1008 1015
f 1019 1012 831
f 1019 831 1020
f 831 839 1020
f 1012 1013 1019
f 839 843 1021
f 1021 839 1020
f 1021 1020 1022
f 1020 1019 1022
f 1023 1024 1025
f 1025 846 849
f 1025 849 1023
f 848 849 1023
f 848 1023 1026
f 1023 1026 1027
f 1023 1027 1028
f 1023 1028 1024
f 1016 837 1029
f 837 850 1029
f 850 846 1029
f 846 1025 1029
f 1024 1025 1029
f 1024 1029 1030
f 1017 1016 1029
f 1017 1029 1030
f 1021 843 1031
f 851 843 1031
f 851 1031 1032
f 1031 1032 1033
f 1031 1033 1034
f 1031 1034 1035
f 1022 1021 1031
f 1022 1031 1035
f 851 855 1036
f 851 1032 1036
f 861 858 1037
f 861 860 1037
f 1026 848 1038
f 848 862 1038
f 862 858 1038
f 1039 1037 858
f 1039 858 1038
f 1038 1039 1040
f 1040 1027 1026
f 1040 1026 1038
f 1033 1032 1041
f 1033 1034 1041
f 1042 1043 1036
f 1042 1036 855
f 855 863 1042
f 1032 1041 1044
f 1043 1044 1032
f 1043 1032 1036
f 863 867 1045
f 1045 863 1042
f 1045 1042 1046
f 1042 1043 1046
f 1047 1048 1049
f 875 877 1047
f 875 1047 1049
f 1050 876 877
f 1050 877 1047
f 1047 1050 1051
f 1047 1051 1052
f 1047 1052 1048
f 1053 1037 860
f 1053 860 1054
f 860 878 1054
f 878 875 1054
f 875 1049 1054
f 1055 1048 1049
f 1055 1049 1054
f 1054 1055 1053
f 1037 1053 1056
f 1037 1039 1056
f 1057 1045 867
f 1057 867 1058
f 867 879 1058
f 1045 1046 1057
f 1059 1060 1061
f 880 881 1059
f 880 1059 1061
f 881 879 1059
f 879 1058 1059
f 1057 1058 1059
f 1057 1059 1062
f 1059 1062 1060
f 884 882 1063
f 1064 1063 884
f 1064 884 880
f 1064 880 1061
f 1064 1061 1065
f 1061 1060 1065
f 888 886 1066
f 1067 1066 888
f 1067 888 882
f 882 1063 1067
f 892 890 1068
f 1069 1068 892
f 1069 892 886
f 886 1066 1069
f 1070 1071 1072
f 894 895 1070
f 894 1070 1072
f 895 890 1070
f 1068 890 1070
f 1068 1070 1073
f 1070 1073 1074
f 1070 1074 1071
f 1075 1076 1077
f 1077 896 897
f 1077 897 1075
f 897 894 1075
f 894 1072 1075
f 1078 1071 1072
f 1078 1072 1075
f 1075 1078 1076
f 1050 876 1079
f 876 898 1079
f 898 896 1079
f 896 1077 1079
f 1076 1077 1079
f 1076 1079 1080
f 1051 1050 1079
f 1051 1079 1080
f 1064 1063 1081
f 1064 1065 1081
f 1067 1066 1082
f 1063 1081 1083
f 1082 1083 1063
f 1082 1063 1067
f 1069 1068 1084
f 1066 1082 1085
f 1085 1066 1069
f 1085 1069 1084
f 1068 1084 1086
f 1068 1073 1086
f 1087 1088 1089
f 1087 1089 1090
f 1087 1090 1091
f 1087 1091 1092
f 1087 1092 1093
f 1087 1093 1088
f 1094 1095 1096
f 1094 1096 1097
f 1094 1097 1098
f 1098 1090 1089
f 1098 1089 1094
f 1099 1088 1089
f 1099 1089 1094
f 1094 1099 1095
f 1100 1101 1102
f 1100 1102 1103
f 1100 1103 1104
f 1097 1096 1100
f 1097 1100 1104
f 1095 1096 1100
f 1095 1100 1105
f 1100 1105 1101
f 1102 1103 1106
f 1102 1101 1106
f 1107 1108 1109
f 1107 1109 1110
f 1107 1110 1111
f 1107 1111 1112
f 1107 1112 1113
f 1107 1113 1108
f 1114 1115 1116
f 1114 1116 1117
f 1114 1117 1118
f 1118 1110 1109
f 1118 1109 1114
f 1119 1108 1109
f 1119 1109 1114
f 1114 1119 1115
f 1120 1121 1122
f 1120 1122 1123
f 1120 1123 1124
f 1124 1117 1116
f 1124 1116 1120
f 1125 1115 1116
f 1125 1116 1120
f 1120 1125 1121
f 1126 1090 1091
f 1126 1091 1127
f 1127 1126 1128
f 1127 1128 1129
f 1129 1123 1122
f 1129 1122 1127
f 1130 1121 1122
f 1130 1122 1127
f 1130 1092 1091
f 1130 1091 1127
f 1131 1097 1098
f 1131 1098 1132
f 1132 1131 1133
f 1132 1133 1134
f 1134 1128 1126
f 1134 1126 1132
f 1126 1090 1132
f 1090 1098 1132
f 1135 1103 1104
f 1135 1104 1136
f 1136 1135 1137
f 1136 1137 1138
f 1138 1133 1131
f 1138 1131 1136
f 1131 1097 1136
f 1097 1104 1136
f 1139 1140 1141
f 1139 1141 1142
f 1139 1142 1143
f 1143 1137 1135
f 1143 1135 1139
f 1135 1103 1139
f 1140 1106 1103
f 1140 1103 1139
f 1144 1145 1146
f 1144 1146 1147
f 1144 1147 1148
f 1142 1141 1144
f 1142 1144 1148
f 1149 1140 1141
f 1149 1141 1144
f 1144 1149 1145
f 1150 1151 1152
f 1150 1152 1153
f 1150 1153 1154
f 1147 1146 1150
f 1147 1150 1154
f 1145 1146 1150
f 1145 1150 1155
f 1150 1155 1151
f 1152 1153 1156
f 1152 1151 1156
f 1157 1158 1159
f 1157 1159 1160
f 1157 1160 1161
f 1157 1161 1162
f 1157 1162 1163
f 1157 1163 1158
f 1164 1110 1111
f 1164 1111 1165
f 1165 1164 1166
f 1165 1166 1167
f 1167 1160 1159
f 1167 1159 1165
f 1168 1158 1159
f 1168 1159 1165
f 1168 1112 1111
f 1168 1111 1165
f 1169 1117 1118
f 1169 1118 1170
f 1170 1169 1171
f 1170 1171 1172
f 1172 1166 1164
f 1172 1164 1170
f 1164 1110 1170
f 1110 1118 1170
f 1173 1123 1124
f 1173 1124 1174
f 1173 900 904
f 1173 904 1174
f 1175 903 904
f 1175 904 1174
f 1175 1171 1169
f 1175 1169 1174
f 1169 1117 1174
f 1117 1124 1174
f 1176 1128 1129
f 1176 1129 1177
f 1176 906 908
f 1176 908 1177
f 908 900 1177
f 900 1173 1177
f 1173 1123 1177
f 1123 1129 1177
f 1178 1133 1134
f 1178 1134 1179
f 1178 910 912
f 1178 912 1179
f 912 906 1179
f 906 1176 1179
f 1176 1128 1179
f 1128 1134 1179
f 1180 1137 1138
f 1180 1138 1181
f 1180 914 916
f 1180 916 1181
f 916 910 1181
f 910 1178 1181
f 1178 1133 1181
f 1133 1138 1181
f 1182 1142 1143
f 1182 1143 1183
f 1182 918 920
f 1182 920 1183
f 920 914 1183
f 914 1180 1183
f 1180 1137 1183
f 1137 1143 1183
f 1184 1147 1148
f 1184 1148 1185
f 1185 1184 1186
f 1186 922 918
f 1186 918 1185
f 918 1182 1185
f 1182 1142 1185
f 1142 1148 1185
f 1187 1153 1154
f 1187 1154 1188
f 1188 1187 1189
f 1188 1189 1190
f 1190 1186 1184
f 1190 1184 1188
f 1184 1147 1188
f 1147 1154 1188
f 1191 1192 1193
f 1191 1193 1194
f 1191 1194 1195
f 1189 1187 1191
f 1189 1191 1195
f 1187 1153 1191
f 1192 1156 1153
f 1192 1153 1191
f 1193 1194 1196
f 1193 1192 1196
f 1197 1198 1199
f 1197 1199 1200
f 1197 1200 1201
f 1197 1201 1202
f 1197 1202 1203
f 1197 1203 1198
f 1204 1160 1161
f 1204 1161 1205
f 1205 1204 1206
f 1205 1206 1207
f 1207 1200 1199
f 1207 1199 1205
f 1208 1198 1199
f 1208 1199 1205
f 1208 1162 1161
f 1208 1161 1205
f 1209 1166 1167
f 1209 1167 1210
f 1209 924 928
f 1209 928 1210
f 1211 927 928
f 1211 928 1210
f 1211 1206 1204
f 1211 1204 1210
f 1204 1160 1210
f 1160 1167 1210
f 1212 1171 1172
f 1212 1172 1213
f 1212 930 932
f 1212 932 1213
f 932 924 1213
f 924 1209 1213
f 1209 1166 1213
f 1166 1172 1213
f 1175 903 1214
f 903 934 1214
f 934 930 1214
f 930 1212 1214
f 1212 1171 1214
f 1171 1175 1214
f 922 1186 1215
f 922 935 1215
f 1189 1190 1216
f 1189 1216 1217
f 938 940 1216
f 938 1216 1217
f 940 935 1216
f 935 1215 1216
f 1215 1186 1216
f 1186 1190 1216
f 1218 1194 1195
f 1218 1195 1219
f 1219 1218 1220
f 1220 942 938
f 1220 938 1219
f 938 1217 1219
f 1217 1189 1219
f 1189 1195 1219
f 1221 1222 1223
f 1221 1223 1224
f 1221 1224 1225
f 1220 1218 1221
f 1220 1221 1225
f 1218 1194 1221
f 1222 1196 1194
f 1222 1194 1221
f 1223 1224 1226
f 1223 1222 1226
f 1227 1228 1229
f 1227 1229 1230
f 1227 1230 1231
f 1227 1231 1232
f 1227 1232 1233
f 1227 1233 1228
f 1234 1200 1201
f 1234 1201 1235
f 1235 1234 1236
f 1235 1236 1237
f 1237 1230 1229
f 1237 1229 1235
f 1238 1228 1229
f 1238 1229 1235
f 1238 1202 1201
f 1238 1201 1235
f 1239 1206 1207
f 1239 1207 1240
f 1239 944 948
f 1239 948 1240
f 1241 947 948
f 1241 948 1240
f 1241 1236 1234
f 1241 1234 1240
f 1234 1200 1240
f 1200 1207 1240
f 1211 927 1242
f 927 950 1242
f 950 944 1242
f 944 1239 1242
f 1239 1206 1242
f 1206 1211 1242
f 942 1220 1243
f 942 951 1243
f 1244 1224 1225
f 1244 1225 1245
f 1245 1244 1246
f 1246 954 951
f 1246 951 1245
f 951 1243 1245
f 1243 1220 1245
f 1220 1225 1245
f 1247 1248 1249
f 1247 1249 1250
f 1247 1250 1251
f 1246 1244 1247
f 1246 1247 1251
f 1244 1224 1247
f 1226 1224 1247
f 1226 1247 1248
f 1249 1250 1252
f 1249 1248 1252
f 1253 1230 1231
f 1253 1231 1254
f 1254 1253 1255
f 1254 1255 1256
f 1254 1256 1257
f 1254 1257 1258
f 1258 1232 1231
f 1258 1231 1254
f 1259 1236 1237
f 1259 1237 1260
f 1259 956 961
f 1259 961 1260
f 1261 960 961
f 1261 961 1260
f 1261 1255 1253
f 1261 1253 1260
f 1253 1230 1260
f 1230 1237 1260
f 1241 947 1262
f 947 964 1262
f 964 956 1262
f 956 1259 1262
f 1259 1236 1262
f 1236 1241 1262
f 954 1246 1263
f 954 966 1263
f 1264 1250 1251
f 1264 1251 1265
f 1265 1264 1266
f 1266 968 966
f 1266 966 1265
f 966 1263 1265
f 1263 1246 1265
f 1246 1251 1265
f 1264 1266 1267
f 1267 1264 1250
f 1267 1250 1268
f 1250 1252 1268
f 1269 1270 1271
f 1269 1271 1272
f 1269 1272 1273
f 1269 1273 1274
f 1269 1274 1275
f 1269 1275 1270
f 1276 1255 1256
f 1276 1256 1277
f 1277 1276 1278
f 1277 1278 1279
f 1279 1272 1271
f 1279 1271 1277
f 1280 1270 1271
f 1280 1271 1277
f 1280 1257 1256
f 1280 1256 1277
f 1261 960 1281
f 960 973 1281
f 1282 972 973
f 1282 973 1281
f 1282 1278 1276
f 1282 1276 1281
f 1276 1255 1281
f 1255 1261 1281
f 968 1266 1283
f 1283 968 978
f 1283 978 1284
f 978 977 1284
f 1285 1286 1287
f 1285 1287 1288
f 1285 1288 1289
f 1284 1283 1285
f 1284 1285 1289
f 1283 1266 1285
f 1267 1266 1285
f 1267 1285 1286
f 1287 1288 1290
f 1287 1286 1290
f 1291 1272 1273
f 1291 1273 1292
f 1292 1291 1293
f 1292 1293 1294
f 1292 1294 1295
f 1292 1295 1296
f 1296 1274 1273
f 1296 1273 1292
f 1297 1278 1279
f 1297 1279 1298
f 1298 1297 1299
f 1298 1299 1300
f 1300 1293 1291
f 1300 1291 1298
f 1291 1272 1298
f 1272 1279 1298
f 1282 972 1301
f 972 982 1301
f 1302 981 982
f 1302 982 1301
f 1302 1299 1297
f 1302 1297 1301
f 1297 1278 1301
f 1278 1282 1301
f 977 1284 1303
f 1303 977 986
f 1303 986 1304
f 986 985 1304
f 1305 1288 1289
f 1305 1289 1306
f 1306 1305 1307
f 1306 1307 1308
f 1304 1303 1306
f 1304 1306 1308
f 1303 1284 1306
f 1284 1289 1306
f 1305 1307 1309
f 1309 1305 1288
f 1309 1288 1310
f 1288 1290 1310
f 1311 1293 1294
f 1311 1294 1312
f 1312 1311 1313
f 1312 1313 1314
f 1312 1314 1315
f 1312 1315 1316
f 1316 1295 1294
f 1316 1294 1312
f 1317 1299 1300
f 1317 1300 1318
f 1318 1317 1319
f 1318 1319 1320
f 1320 1313 1311
f 1320 1311 1318
f 1311 1293 1318
f 1293 1300 1318
f 1302 981 1321
f 981 990 1321
f 1322 989 990
f 1322 990 1321
f 1322 1319 1317
f 1322 1317 1321
f 1317 1299 1321
f 1299 1302 1321
f 985 1304 1323
f 1323 985 994
f 1323 994 1324
f 994 993 1324
f 1307 1308 1325
f 1307 1325 1326
f 1325 1326 1327
f 1325 1327 1328
f 1328 1324 1323
f 1328 1323 1325
f 1323 1304 1325
f 1304 1308 1325
f 1326 1327 1329
f 1330 1329 1326
f 1330 1326 1307
f 1307 1309 1330
f 1331 1313 1314
f 1331 1314 1332
f 1332 1331 1333
f 1332 1333 1334
f 1332 1334 1335
f 1332 1335 1336
f 1336 1315 1314
f 1336 1314 1332
f 1337 1319 1320
f 1337 1320 1338
f 1338 1337 1339
f 1338 1339 1340
f 1340 1333 1331
f 1340 1331 1338
f 1331 1313 1338
f 1313 1320 1338
f 1322 989 1341
f 989 998 1341
f 997 998 1341
f 997 1341 1342
f 1339 1337 1341
f 1339 1341 1342
f 1337 1319 1341
f 1319 1322 1341
f 993 1324 1343
f 1344 1343 993
f 1344 993 1002
f 1002 1001 1344
f 1327 1328 1345
f 1327 1345 1346
f 1345 1346 1347
f 1345 1347 1348
f 1344 1343 1345
f 1344 1345 1348
f 1343 1324 1345
f 1324 1328 1345
f 1346 1347 1349
f 1350 1349 1346
f 1350 1346 1327
f 1327 1329 1350
f 1333 1334 1351
f 1333 1351 1352
f 1351 1352 1353
f 1351 1353 1354
f 1351 1354 1355
f 1351 1355 1356
f 1356 1335 1334
f 1356 1334 1351
f 1357 1339 1340
f 1357 1340 1358
f 1358 1357 1359
f 1358 1359 1360
f 1360 1353 1352
f 1360 1352 1358
f 1352 1333 1358
f 1333 1340 1358
f 1342 997 1361
f 997 1006 1361
f 1005 1006 1361
f 1005 1361 1362
f 1359 1357 1361
f 1359 1361 1362
f 1357 1339 1361
f 1339 1342 1361
f 1001 1344 1363
f 1364 1363 1001
f 1364 1001 1010
f 1010 1009 1364
f 1347 1348 1365
f 1347 1365 1366
f 1365 1366 1367
f 1365 1367 1368
f 1364 1363 1365
f 1364 1365 1368
f 1363 1344 1365
f 1344 1348 1365
f 1366 1367 1369
f 1370 1369 1366
f 1370 1366 1347
f 1347 1349 1370
f 1353 1354 1371
f 1353 1371 1372
f 1371 1372 1373
f 1371 1373 1374
f 1371 1374 1375
f 1371 1375 1376
f 1355 1354 1371
f 1355 1371 1376
f 1377 1359 1360
f 1377 1360 1378
f 1378 1377 1379
f 1378 1379 1380
f 1380 1373 1372
f 1380 1372 1378
f 1372 1353 1378
f 1353 1360 1378
f 1362 1005 1381
f 1005 1014 1381
f 1382 1013 1014
f 1382 1014 1381
f 1379 1377 1381
f 1379 1381 1382
f 1377 1359 1381
f 1359 1362 1381
f 1009 1364 1383
f 1384 1383 1009
f 1384 1009 1018
f 1018 1017 1384
f 1367 1368 1385
f 1367 1385 1386
f 1385 1386 1387
f 1385 1387 1388
f 1384 1383 1385
f 1384 1385 1388
f 1383 1364 1385
f 1364 1368 1385
f 1386 1387 1389
f 1390 1389 1386
f 1390 1386 1367
f 1367 1369 1390
f 1374 1373 1391
f 1374 1375 1391
f 1392 1379 1380
f 1392 1380 1393
f 1393 1392 1394
f 1393 1394 1395
f 1393 1395 1396
f 1396 1391 1373
f 1396 1373 1393
f 1373 1380 1393
f 1382 1013 1397
f 1398 1019 1013
f 1398 1013 1397
f 1397 1398 1399
f 1399 1394 1392
f 1399 1392 1397
f 1392 1379 1397
f 1379 1382 1397
f 1019 1022 1400
f 1019 1398 1400
f 1028 1024 1401
f 1028 1027 1401
f 1017 1384 1402
f 1402 1017 1030
f 1402 1030 1403
f 1403 1030 1024
f 1403 1024 1404
f 1024 1401 1404
f 1388 1387 1405
f 1402 1403 1406
f 1407 1406 1402
f 1407 1402 1384
f 1407 1384 1388
f 1407 1388 1405
f 1387 1405 1408
f 1387 1389 1408
f 1394 1395 1409
f 1394 1409 1410
f 1409 1410 1411
f 1409 1411 1412
f 1409 1412 1413
f 1409 1413 1414
f 1414 1396 1395
f 1414 1395 1409
f 1415 1398 1399
f 1415 1399 1416
f 1416 1415 1417
f 1416 1417 1418
f 1418 1411 1410
f 1418 1410 1416
f 1410 1394 1416
f 1394 1399 1416
f 1400 1022 1419
f 1022 1035 1419
f 1420 1034 1035
f 1420 1035 1419
f 1417 1415 1419
f 1417 1419 1420
f 1415 1398 1419
f 1398 1400 1419
f 1027 1401 1421
f 1422 1421 1027
f 1422 1027 1040
f 1040 1039 1422
f 1403 1404 1423
f 1403 1423 1424
f 1423 1424 1425
f 1423 1425 1426
f 1422 1421 1423
f 1422 1423 1426
f 1421 1401 1423
f 1401 1404 1423
f 1424 1425 1427
f 1428 1427 1424
f 1428 1424 1403
f 1403 1406 1428
f 1412 1411 1429
f 1412 1413 1429
f 1417 1418 1430
f 1417 1430 1431
f 1430 1431 1432
f 1430 1432 1433
f 1430 1433 1434
f 1434 1429 1411
f 1434 1411 1430
f 1411 1418 1430
f 1420 1034 1435
f 1436 1041 1034
f 1436 1034 1435
f 1435 1436 1437
f 1437 1432 1431
f 1437 1431 1435
f 1431 1417 1435
f 1417 1420 1435
f 1044 1043 1438
f 1438 1044 1041
f 1438 1041 1439
f 1041 1436 1439
f 1043 1046 1440
f 1043 1438 1440
f 1052 1048 1441
f 1052 1051 1441
f 1055 1053 1442
f 1442 1055 1048
f 1442 1048 1443
f 1048 1441 1443
f 1039 1422 1444
f 1444 1039 1056
f 1444 1056 1445
f 1445 1056 1053
f 1445 1053 1446
f 1053 1442 1446
f 1426 1425 1447
f 1444 1445 1448
f 1449 1448 1444
f 1449 1444 1422
f 1449 1422 1426
f 1449 1426 1447
f 1425 1447 1450
f 1425 1427 1450
f 1433 1432 1451
f 1433 1434 1451
f 1436 1437 1452
f 1436 1452 1453
f 1452 1453 1454
f 1452 1454 1455
f 1452 1455 1456
f 1456 1451 1432
f 1456 1432 1452
f 1432 1437 1452
f 1457 1438 1439
f 1457 1439 1458
f 1458 1457 1459
f 1458 1459 1460
f 1460 1454 1453
f 1460 1453 1458
f 1453 1436 1458
f 1436 1439 1458
f 1440 1046 1461
f 1057 1046 1461
f 1057 1461 1462
f 1461 1462 1463
f 1459 1457 1461
f 1459 1461 1463
f 1457 1438 1461
f 1438 1440 1461
f 1062 1060 1464
f 1465 1464 1062
f 1465 1062 1057
f 1057 1462 1465
f 1060 1065 1466
f 1060 1464 1466
f 1074 1071 1467
f 1074 1073 1467
f 1078 1076 1468
f 1468 1078 1071
f 1468 1071 1469
f 1071 1467 1469
f 1051 1441 1470
f 1471 1470 1051
f 1471 1051 1080
f 1471 1080 1076
f 1471 1076 1472
f 1076 1468 1472
f 1442 1443 1473
f 1442 1473 1474
f 1473 1474 1475
f 1473 1475 1476
f 1471 1470 1473
f 1471 1473 1476
f 1470 1441 1473
f 1441 1443 1473
f 1446 1445 1477
f 1474 1475 1478
f 1479 1478 1474
f 1479 1474 1442
f 1477 1479 1442
f 1477 1442 1446
f 1445 1477 1480
f 1445 1448 1480
f 1455 1454 1481
f 1455 1456 1481
f 1459 1460 1482
f 1459 1482 1483
f 1482 1483 1484
f 1482 1484 1485
f 1482 1485 1486
f 1481 1454 1482
f 1481 1482 1486
f 1454 1460 1482
f 1462 1463 1487
f 1462 1487 1488
f 1487 1488 1489
f 1487 1489 1490
f 1490 1484 1483
f 1490 1483 1487
f 1483 1459 1487
f 1459 1463 1487
f 1491 1464 1465
f 1491 1465 1492
f 1492 1491 1493
f 1492 1493 1494
f 1489 1488 1492
f 1489 1492 1494
f 1488 1462 1492
f 1462 1465 1492
f 1466 1065 1495
f 1081 1065 1495
f 1081 1495 1496
f 1495 1496 1497
f 1493 1491 1495
f 1493 1495 1497
f 1491 1464 1495
f 1464 1466 1495
f 1083 1082 1498
f 1498 1083 1081
f 1498 1081 1499
f 1081 1496 1499
f 1085 1084 1500
f 1500 1085 1082
f 1500 1082 1501
f 1082 1498 1501
f 1073 1467 1502
f 1503 1502 1073
f 1503 1073 1086
f 1503 1086 1084
f 1503 1084 1504
f 1084 1500 1504
f 1468 1469 1505
f 1468 1505 1506
f 1505 1506 1507
f 1505 1507 1508
f 1503 1502 1505
f 1503 1505 1508
f 1502 1467 1505
f 1467 1469 1505
f 1471 1472 1509
f 1471 1509 1510
f 1509 1510 1511
f 1509 1511 1512
f 1507 1506 1509
f 1507 1509 1512
f 1506 1468 1509
f 1468 1472 1509
f 1476 1475 1513
f 1510 1511 1514
f 1515 1514 1510
f 1515 1510 1471
f 1515 1471 1476
f 1515 1476 1513
f 1475 1513 1516
f 1475 1478 1516
f 1485 1484 1517
f 1485 1486 1517
f 1490 1489 1518
f 1484 1517 1519
f 1518 1519 1484
f 1518 1484 1490
f 1494 1493 1520
f 1489 1518 1521
f 1520 1521 1489
f 1520 1489 1494
f 1496 1497 1522
f 1496 1522 1523
f 1522 1523 1524
f 1522 1524 1525
f 1522 1525 1526
f 1520 1493 1522
f 1520 1522 1526
f 1493 1497 1522
f 1498 1499 1527
f 1498 1527 1528
f 1527 1528 1529
f 1527 1529 1530
f 1530 1524 1523
f 1530 1523 1527
f 1523 1496 1527
f 1496 1499 1527
f 1500 1501 1531
f 1500 1531 1532
f 1531 1532 1533
f 1531 1533 1534
f 1529 1528 1531
f 1529 1531 1534
f 1528 1498 1531
f 1498 1501 1531
f 1504 1503 1535
f 1532 1533 1536
f 1537 1536 1532
f 1537 1532 1500
f 1535 1537 1500
f 1535 1500 1504
f 1508 1507 1538
f 1503 1535 1539
f 1538 1539 1503
f 1538 1503 1508
f 1512 1511 1540
f 1507 1538 1541
f 1541 1507 1512
f 1541 1512 1540
f 1511 1540 1542
f 1511 1514 1542
f 1525 1524 1543
f 1525 1526 1543
f 1530 1529 1544
f 1524 1543 1545
f 1544 1545 1524
f 1544 1524 1530
f 1534 1533 1546
f 1529 1544 1547
f 1547 1529 1534
f 1547 1534 1546
f 1533 1546 1548
f 1533 1536 1548
f 1549 1550 1551
f 1549 1551 1552
f 1549 1552 1553
f 1549 1553 1554
f 1549 1554 1555
f 1549 1555 1550
f 1556 1557 1558
f 1558 1088 1093
f 1558 1093 1556
f 1559 1092 1093
f 1559 1093 1556
f 1559 1552 1551
f 1559 1551 1556
f 1560 1550 1551
f 1560 1551 1556
f 1556 1560 1557
f 1561 1562 1563
f 1563 1095 1099
f 1563 1099 1561
f 1099 1088 1561
f 1088 1558 1561
f 1564 1557 1558
f 1564 1558 1561
f 1561 1564 1562
f 1565 1566 1567
f 1567 1101 1105
f 1567 1105 1565
f 1105 1095 1565
f 1095 1563 1565
f 1562 1563 1565
f 1562 1565 1568
f 1565 1568 1566
f 1569 1570 1571
f 1569 1571 1572
f 1572 1106 1101
f 1572 1101 1569
f 1101 1567 1569
f 1566 1567 1569
f 1566 1569 1573
f 1569 1573 1570
f 1571 1572 1574
f 1571 1570 1574
f 1575 1576 1577
f 1577 1108 1113
f 1577 1113 1575
f 1578 1112 1113
f 1578 1113 1575
f 1575 1578 1579
f 1575 1579 1580
f 1575 1580 1576
f 1581 1582 1583
f 1583 1115 1119
f 1583 1119 1581
f 1119 1108 1581
f 1108 1577 1581
f 1584 1576 1577
f 1584 1577 1581
f 1581 1584 1582
f 1585 1552 1553
f 1585 1553 1586
f 1585 1121 1125
f 1585 1125 1586
f 1125 1115 1586
f 1115 1583 1586
f 1587 1582 1583
f 1587 1583 1586
f 1587 1554 1553
f 1587 1553 1586
f 1559 1092 1588
f 1092 1130 1588
f 1130 1121 1588
f 1121 1585 1588
f 1585 1552 1588
f 1552 1559 1588
f 1106 1572 1589
f 1106 1140 1589
f 1590 1591 1592
f 1145 1149 1590
f 1145 1590 1592
f 1149 1140 1590
f 1140 1589 1590
f 1589 1572 1590
f 1591 1574 1572
f 1591 1572 1590
f 1593 1594 1595
f 1595 1151 1155
f 1595 1155 1593
f 1155 1145 1593
f 1145 1592 1593
f 1596 1591 1592
f 1596 1592 1593
f 1593 1596 1594
f 1151 1156 1597
f 1598 1597 1151
f 1598 1151 1595
f 1595 1594 1598
f 1599 1600 1601
f 1601 1158 1163
f 1601 1163 1599
f 1602 1162 1163
f 1602 1163 1599
f 1599 1602 1603
f 1599 1603 1604
f 1599 1604 1600
f 1578 1112 1605
f 1112 1168 1605
f 1168 1158 1605
f 1158 1601 1605
f 1606 1600 1601
f 1606 1601 1605
f 1606 1579 1578
f 1606 1578 1605
f 1607 1597 1156
f 1607 1156 1608
f 1156 1192 1608
f 1597 1598 1607
f 1192 1196 1609
f 1610 1609 1192
f 1610 1192 1608
f 1608 1607 1610
f 1611 1612 1613
f 1613 1198 1203
f 1613 1203 1611
f 1614 1202 1203
f 1614 1203 1611
f 1611 1614 1615
f 1611 1615 1616
f 1611 1616 1612
f 1602 1162 1617
f 1162 1208 1617
f 1208 1198 1617
f 1198 1613 1617
f 1618 1612 1613
f 1618 1613 1617
f 1618 1603 1602
f 1618 1602 1617
f 1619 1620 1609
f 1619 1609 1196
f 1196 1222 1619
f 1609 1610 1620
f 1222 1226 1621
f 1622 1621 1222
f 1622 1222 1619
f 1619 1620 1622
f 1623 1624 1625
f 1625 1228 1233
f 1625 1233 1623
f 1626 1232 1233
f 1626 1233 1623
f 1623 1626 1627
f 1623 1627 1628
f 1623 1628 1624
f 1614 1202 1629
f 1202 1238 1629
f 1238 1228 1629
f 1228 1625 1629
f 1630 1624 1625
f 1630 1625 1629
f 1630 1615 1614
f 1630 1614 1629
f 1631 1632 1621
f 1631 1621 1226
f 1226 1248 1631
f 1621 1622 1632
f 1248 1252 1633
f 1634 1633 1248
f 1634 1248 1631
f 1631 1632 1634
f 1635 1636 1637
f 1635 1637 1638
f 1635 1638 1639
f 1635 1639 1640
f 1635 1640 1641
f 1635 1641 1636
f 1626 1232 1642
f 1232 1258 1642
f 1643 1257 1258
f 1643 1258 1642
f 1643 1638 1637
f 1643 1637 1642
f 1644 1636 1637
f 1644 1637 1642
f 1644 1627 1626
f 1644 1626 1642
f 1645 1646 1633
f 1645 1633 1252
f 1647 1645 1252
f 1647 1252 1268
f 1268 1267 1647
f 1633 1634 1646
f 1645 1647 1648
f 1645 1646 1648
f 1649 1638 1639
f 1649 1639 1650
f 1649 1270 1275
f 1649 1275 1650
f 1651 1274 1275
f 1651 1275 1650
f 1650 1651 1652
f 1650 1652 1653
f 1653 1640 1639
f 1653 1639 1650
f 1643 1257 1654
f 1257 1280 1654
f 1280 1270 1654
f 1270 1649 1654
f 1649 1638 1654
f 1638 1643 1654
f 1267 1647 1655
f 1267 1286 1655
f 1286 1290 1656
f 1657 1656 1286
f 1657 1286 1655
f 1657 1655 1647
f 1657 1647 1658
f 1647 1648 1658
f 1651 1274 1659
f 1274 1296 1659
f 1660 1295 1296
f 1660 1296 1659
f 1659 1660 1661
f 1659 1661 1662
f 1662 1652 1651
f 1662 1651 1659
f 1656 1290 1663
f 1290 1310 1663
f 1309 1310 1663
f 1309 1663 1664
f 1663 1664 1665
f 1663 1665 1666
f 1657 1656 1663
f 1657 1663 1666
f 1660 1295 1667
f 1295 1316 1667
f 1668 1315 1316
f 1668 1316 1667
f 1667 1668 1669
f 1667 1669 1670
f 1670 1661 1660
f 1670 1660 1667
f 1664 1309 1671
f 1309 1330 1671
f 1329 1330 1671
f 1329 1671 1672
f 1671 1672 1673
f 1671 1673 1674
f 1665 1664 1671
f 1665 1671 1674
f 1668 1315 1675
f 1315 1336 1675
f 1676 1335 1336
f 1676 1336 1675
f 1675 1676 1677
f 1675 1677 1678
f 1678 1669 1668
f 1678 1668 1675
f 1672 1329 1679
f 1329 1350 1679
f 1349 1350 1679
f 1349 1679 1680
f 1679 1680 1681
f 1679 1681 1682
f 1673 1672 1679
f 1673 1679 1682
f 1676 1335 1683
f 1335 1356 1683
f 1684 1355 1356
f 1684 1356 1683
f 1683 1684 1685
f 1683 1685 1686
f 1686 1677 1676
f 1686 1676 1683
f 1680 1349 1687
f 1349 1370 1687
f 1369 1370 1687
f 1369 1687 1688
f 1687 1688 1689
f 1687 1689 1690
f 1690 1681 1680
f 1690 1680 1687
f 1684 1355 1691
f 1355 1376 1691
f 1692 1375 1376
f 1692 1376 1691
f 1691 1692 1693
f 1691 1693 1694
f 1685 1684 1691
f 1685 1691 1694
f 1688 1369 1695
f 1369 1390 1695
f 1696 1389 1390
f 1696 1390 1695
f 1695 1696 1697
f 1695 1697 1698
f 1689 1688 1695
f 1689 1695 1698
f 1692 1375 1699
f 1391 1375 1699
f 1391 1699 1700
f 1699 1700 1701
f 1699 1701 1702
f 1699 1702 1703
f 1693 1692 1699
f 1693 1699 1703
f 1391 1396 1704
f 1391 1700 1704
f 1407 1405 1705
f 1407 1406 1705
f 1696 1389 1706
f 1389 1408 1706
f 1408 1405 1706
f 1707 1705 1405
f 1707 1405 1706
f 1706 1707 1708
f 1697 1696 1706
f 1697 1706 1708
f 1701 1700 1709
f 1701 1702 1709
f 1704 1396 1710
f 1396 1414 1710
f 1711 1413 1414
f 1711 1414 1710
f 1710 1711 1712
f 1712 1709 1700
f 1712 1700 1710
f 1700 1704 1710
f 1713 1705 1406
f 1713 1406 1714
f 1406 1428 1714
f 1715 1427 1428
f 1715 1428 1714
f 1714 1715 1716
f 1714 1716 1717
f 1714 1717 1713
f 1705 1713 1718
f 1705 1707 1718
f 1719 1720 1711
f 1719 1711 1413
f 1413 1429 1719
f 1711 1712 1720
f 1429 1434 1721
f 1721 1429 1719
f 1721 1719 1722
f 1719 1720 1722
f 1723 1724 1725
f 1447 1449 1723
f 1447 1723 1725
f 1448 1449 1723
f 1448 1723 1726
f 1723 1726 1727
f 1723 1727 1728
f 1723 1728 1724
f 1715 1427 1729
f 1427 1450 1729
f 1450 1447 1729
f 1447 1725 1729
f 1730 1724 1725
f 1730 1725 1729
f 1716 1715 1729
f 1716 1729 1730
f 1731 1732 1721
f 1731 1721 1434
f 1434 1451 1731
f 1721 1722 1732
f 1451 1456 1733
f 1733 1451 1731
f 1733 1731 1734
f 1731 1732 1734
f 1735 1736 1737
f 1477 1479 1735
f 1477 1735 1737
f 1478 1479 1735
f 1478 1735 1738
f 1735 1738 1739
f 1735 1739 1740
f 1735 1740 1736
f 1726 1448 1741
f 1448 1480 1741
f 1480 1477 1741
f 1477 1737 1741
f 1742 1736 1737
f 1742 1737 1741
f 1742 1727 1726
f 1742 1726 1741
f 1743 1744 1733
f 1743 1733 1456
f 1456 1481 1743
f 1733 1734 1744
f 1481 1486 1745
f 1745 1481 1743
f 1745 1743 1746
f 1743 1744 1746
f 1747 1748 1749
f 1513 1515 1747
f 1513 1747 1749
f 1750 1514 1515
f 1750 1515 1747
f 1747 1750 1751
f 1747 1751 1752
f 1747 1752 1748
f 1738 1478 1753
f 1478 1516 1753
f 1516 1513 1753
f 1513 1749 1753
f 1754 1748 1749
f 1754 1749 1753
f 1754 1739 1738
f 1754 1738 1753
f 1755 1745 1486
f 1755 1486 1756
f 1486 1517 1756
f 1745 1746 1755
f 1757 1758 1759
f 1518 1519 1757
f 1518 1757 1759
f 1519 1517 1757
f 1517 1756 1757
f 1755 1756 1757
f 1755 1757 1760
f 1757 1760 1758
f 1521 1520 1761
f 1762 1761 1521
f 1762 1521 1518
f 1763 1762 1518
f 1763 1518 1759
f 1759 1758 1763
f 1520 1526 1764
f 1520 1761 1764
f 1537 1535 1765
f 1537 1536 1765
f 1766 1767 1768
f 1538 1539 1766
f 1538 1766 1768
f 1539 1535 1766
f 1769 1765 1535
f 1769 1535 1766
f 1766 1769 1770
f 1766 1770 1767
f 1771 1772 1773
f 1773 1540 1541
f 1773 1541 1771
f 1541 1538 1771
f 1538 1768 1771
f 1774 1767 1768
f 1774 1768 1771
f 1771 1774 1772
f 1750 1514 1775
f 1514 1542 1775
f 1542 1540 1775
f 1540 1773 1775
f 1772 1773 1775
f 1772 1775 1776
f 1751 1750 1775
f 1751 1775 1776
f 1762 1761 1777
f 1762 1763 1777
f 1778 1764 1526
f 1778 1526 1779
f 1526 1543 1779
f 1761 1777 1780
f 1780 1761 1764
f 1780 1764 1778
f 1781 1782 1783
f 1544 1545 1781
f 1544 1781 1783
f 1545 1543 1781
f 1543 1779 1781
f 1778 1779 1781
f 1778 1781 1784
f 1781 1784 1782
f 1785 1786 1787
f 1787 1546 1547
f 1787 1547 1785
f 1547 1544 1785
f 1544 1783 1785
f 1782 1783 1785
f 1782 1785 1788
f 1785 1788 1786
f 1765 1536 1789
f 1765 1789 1790
f 1536 1548 1789
f 1548 1546 1789
f 1546 1787 1789
f 1786 1787 1789
f 1786 1789 1791
f 1789 1791 1790
f 1765 1790 1792
f 1765 1769 1792
f 1793 1794 1795
f 1795 1550 1555
f 1795 1555 1793
f 1796 1554 1555
f 1796 1555 1793
f 1793 1796 1797
f 1793 1797 1798
f 1793 1798 1794
f 1799 1800 1801
f 1801 1557 1560
f 1801 1560 1799
f 1560 1550 1799
f 1550 1795 1799
f 1802 1794 1795
f 1802 1795 1799
f 1799 1802 1800
f 1803 1804 1805
f 1805 1562 1564
f 1805 1564 1803
f 1564 1557 1803
f 1557 1801 1803
f 1806 1800 1801
f 1806 1801 1803
f 1803 1806 1804
f 1807 1808 1809
f 1809 1566 1568
f 1809 1568 1807
f 1568 1562 1807
f 1562 1805 1807
f 1804 1805 1807
f 1804 1807 1810
f 1807 1810 1808
f 1811 1812 1813
f 1813 1570 1573
f 1813 1573 1811
f 1573 1566 1811
f 1566 1809 1811
f 1808 1809 1811
f 1808 1811 1814
f 1811 1814 1812
f 1570 1574 1815
f 1816 1815 1570
f 1816 1570 1813
f 1813 1812 1816
f 1817 1818 1819
f 1819 1576 1580
f 1819 1580 1817
f 1820 1579 1580
f 1820 1580 1817
f 1817 1820 1821
f 1817 1821 1822
f 1817 1822 1818
f 1823 1824 1825
f 1825 1582 1584
f 1825 1584 1823
f 1584 1576 1823
f 1576 1819 1823
f 1826 1818 1819
f 1826 1819 1823
f 1823 1826 1824
f 1796 1554 1827
f 1554 1587 1827
f 1587 1582 1827
f 1582 1825 1827
f 1828 1824 1825
f 1828 1825 1827
f 1828 1797 1796
f 1828 1796 1827
f 1829 1815 1574
f 1829 1574 1830
f 1574 1591 1830
f 1815 1816 1829
f 1831 1832 1833
f 1594 1596 1831
f 1594 1831 1833
f 1596 1591 1831
f 1591 1830 1831
f 1829 1830 1831
f 1829 1831 1834
f 1831 1834 1832
f 1594 1598 1835
f 1836 1835 1594
f 1836 1594 1833
f 1833 1832 1836
f 1837 1838 1839
f 1839 1600 1604
f 1839 1604 1837
f 1840 1603 1604
f 1840 1604 1837
f 1837 1840 1841
f 1837 1841 1842
f 1837 1842 1838
f 1820 1579 1843
f 1579 1606 1843
f 1606 1600 1843
f 1600 1839 1843
f 1844 1838 1839
f 1844 1839 1843
f 1844 1821 1820
f 1844 1820 1843
f 1845 1835 1598
f 1845 1598 1846
f 1598 1607 1846
f 1835 1836 1845
f 1607 1610 1847
f 1848 1847 1607
f 1848 1607 1846
f 1846 1845 1848
f 1849 1850 1851
f 1851 1612 1616
f 1851 1616 1849
f 1852 1615 1616
f 1852 1616 1849
f 1849 1852 1853
f 1849 1853 1854
f 1849 1854 1850
f 1840 1603 1855
f 1603 1618 1855
f 1618 1612 1855
f 1612 1851 1855
f 1856 1850 1851
f 1856 1851 1855
f 1856 1841 1840
f 1856 1840 1855
f 1857 1858 1847
f 1857 1847 1610
f 1610 1620 1857
f 1847 1848 1858
f 1620 1622 1859
f 1859 1620 1857
f 1859 1857 1860
f 1857 1858 1860
f 1861 1862 1863
f 1863 1624 1628
f 1863 1628 1861
f 1864 1627 1628
f 1864 1628 1861
f 1861 1864 1865
f 1861 1865 1866
f 1861 1866 1862
f 1852 1615 1867
f 1615 1630 1867
f 1630 1624 1867
f 1624 1863 1867
f 1868 1862 1863
f 1868 1863 1867
f 1868 1853 1852
f 1868 1852 1867
f 1869 1870 1859
f 1869 1859 1622
f 1622 1632 1869
f 1859 1860 1870
f 1632 1634 1871
f 1871 1632 1869
f 1871 1869 1872
f 1869 1870 1872
f 1873 1874 1875
f 1875 1636 1641
f 1875 1641 1873
f 1876 1640 1641
f 1876 1641 1873
f 1873 1876 1877
f 1873 1877 1878
f 1873 1878 1874
f 1864 1627 1879
f 1627 1644 1879
f 1644 1636 1879
f 1636 1875 1879
f 1880 1874 1875
f 1880 1875 1879
f 1880 1865 1864
f 1880 1864 1879
f 1881 1882 1871
f 1881 1871 1634
f 1634 1646 1881
f 1871 1872 1882
f 1646 1648 1883
f 1884 1883 1646
f 1884 1646 1881
f 1881 1882 1884
f 1876 1640 1885
f 1640 1653 1885
f 1886 1652 1653
f 1886 1653 1885
f 1885 1886 1887
f 1885 1887 1888
f 1888 1877 1876
f 1888 1876 1885
f 1883 1648 1889
f 1648 1658 1889
f 1657 1658 1889
f 1657 1889 1890
f 1889 1890 1891
f 1889 1891 1892
f 1884 1883 1889
f 1884 1889 1892
f 1886 1652 1893
f 1652 1662 1893
f 1894 1661 1662
f 1894 1662 1893
f 1893 1894 1895
f 1893 1895 1896
f 1896 1887 1886
f 1896 1886 1893
f 1890 1657 1897
f 1657 1666 1897
f 1665 1666 1897
f 1665 1897 1898
f 1897 1898 1899
f 1897 1899 1900
f 1891 1890 1897
f 1891 1897 1900
f 1894 1661 1901
f 1661 1670 1901
f 1902 1669 1670
f 1902 1670 1901
f 1901 1902 1903
f 1901 1903 1904
f 1904 1895 1894
f 1904 1894 1901
f 1898 1665 1905
f 1665 1674 1905
f 1673 1674 1905
f 1673 1905 1906
f 1905 1906 1907
f 1905 1907 1908
f 1899 1898 1905
f 1899 1905 1908
f 1902 1669 1909
f 1669 1678 1909
f 1910 1677 1678
f 1910 1678 1909
f 1909 1910 1911
f 1909 1911 1912
f 1912 1903 1902
f 1912 1902 1909
f 1906 1673 1913
f 1673 1682 1913
f 1681 1682 1913
f 1681 1913 1914
f 1913 1914 1915
f 1913 1915 1916
f 1907 1906 1913
f 1907 1913 1916
f 1910 1677 1917
f 1677 1686 1917
f 1685 1686 1917
f 1685 1917 1918
f 1917 1918 1919
f 1917 1919 1920
f 1920 1911 1910
f 1920 1910 1917
f 1914 1681 1921
f 1681 1690 1921
f 1922 1689 1690
f 1922 1690 1921
f 1921 1922 1923
f 1921 1923 1924
f 1924 1915 1914
f 1924 1914 1921
f 1918 1685 1925
f 1685 1694 1925
f 1926 1693 1694
f 1926 1694 1925
f 1925 1926 1927
f 1925 1927 1928
f 1919 1918 1925
f 1919 1925 1928
f 1922 1689 1929
f 1689 1698 1929
f 1930 1697 1698
f 1930 1698 1929
f 1929 1930 1931
f 1929 1931 1932
f 1932 1923 1922
f 1932 1922 1929
f 1926 1693 1933
f 1693 1703 1933
f 1934 1702 1703
f 1934 1703 1933
f 1933 1934 1935
f 1933 1935 1936
f 1927 1926 1933
f 1927 1933 1936
f 1930 1697 1937
f 1697 1708 1937
f 1938 1707 1708
f 1938 1708 1937
f 1937 1938 1939
f 1937 1939 1940
f 1931 1930 1937
f 1931 1937 1940
f 1941 1934 1702
f 1941 1702 1942
f 1702 1709 1942
f 1934 1935 1941
f 1709 1712 1943
f 1943 1709 1942
f 1943 1942 1944
f 1942 1941 1944
f 1945 1946 1947
f 1947 1713 1717
f 1947 1717 1945
f 1948 1716 1717
f 1948 1717 1945
f 1945 1948 1949
f 1945 1949 1950
f 1945 1950 1946
f 1938 1707 1951
f 1707 1718 1951
f 1718 1713 1951
f 1713 1947 1951
f 1946 1947 1951
f 1946 1951 1952
f 1939 1938 1951
f 1939 1951 1952
f 1953 1954 1943
f 1953 1943 1712
f 1712 1720 1953
f 1943 1944 1954
f 1720 1722 1955
f 1955 1720 1953
f 1955 1953 1956
f 1953 1954 1956
f 1957 1958 1959
f 1724 1728 1957
f 1724 1957 1959
f 1727 1728 1957
f 1727 1957 1960
f 1957 1960 1961
f 1957 1961 1962
f 1957 1962 1958
f 1948 1716 1963
f 1716 1730 1963
f 1730 1724 1963
f 1724 1959 1963
f 1964 1958 1959
f 1964 1959 1963
f 1964 1949 1948
f 1964 1948 1963
f 1955 1722 1965
f 1966 1732 1722
f 1966 1722 1965
f 1965 1966 1967
f 1965 1967 1968
f 1965 1968 1969
f 1969 1956 1955
f 1969 1955 1965
f 1732 1734 1970
f 1732 1966 1970
f 1740 1736 1971
f 1740 1739 1971
f 1960 1727 1972
f 1727 1742 1972
f 1742 1736 1972
f 1973 1971 1736
f 1973 1736 1972
f 1972 1973 1974
f 1974 1961 1960
f 1974 1960 1972
f 1967 1966 1975
f 1967 1968 1975
f 1976 1977 1970
f 1976 1970 1734
f 1734 1744 1976
f 1966 1975 1978
f 1977 1978 1966
f 1977 1966 1970
f 1744 1746 1979
f 1979 1744 1976
f 1979 1976 1980
f 1976 1977 1980
f 1981 1982 1983
f 1748 1752 1981
f 1748 1981 1983
f 1751 1752 1981
f 1751 1981 1984
f 1981 1984 1985
f 1981 1985 1986
f 1981 1986 1982
f 1987 1971 1739
f 1987 1739 1988
f 1739 1754 1988
f 1754 1748 1988
f 1748 1983 1988
f 1989 1982 1983
f 1989 1983 1988
f 1988 1989 1987
f 1971 1987 1990
f 1971 1973 1990
f 1991 1979 1746
f 1991 1746 1992
f 1746 1755 1992
f 1979 1980 1991
f 1760 1758 1993
f 1994 1993 1760
f 1994 1760 1755
f 1995 1994 1755
f 1995 1755 1992
f 1992 1991 1995
f 1758 1763 1996
f 1758 1993 1996
f 1770 1767 1997
f 1770 1769 1997
f 1998 1999 2000
f 2000 1772 1774
f 2000 1774 1998
f 1774 1767 1998
f 2001 1997 1767
f 2001 1767 1998
f 1998 2001 2002
f 1998 2002 1999
f 1984 1751 2003
f 1751 1776 2003
f 1776 1772 2003
f 1772 2000 2003
f 1999 2000 2003
f 1999 2003 2004
f 2004 1985 1984
f 2004 1984 2003
f 1994 1993 2005
f 1994 1995 2005
f 2006 1996 1763
f 2006 1763 2007
f 1763 1777 2007
f 1993 2005 2008
f 2006 2008 1993
f 2006 1993 1996
f 2009 2010 2011
f 1778 1780 2009
f 1778 2009 2011
f 1780 1777 2009
f 1777 2007 2009
f 2006 2007 2009
f 2006 2009 2012
f 2009 2012 2010
f 2013 2014 2015
f 1782 1784 2013
f 1782 2013 2015
f 1784 1778 2013
f 1778 2011 2013
f 2010 2011 2013
f 2010 2013 2016
f 2013 2016 2014
f 2017 2018 2019
f 2019 1786 1788
f 2019 1788 2017
f 1788 1782 2017
f 1782 2015 2017
f 2014 2015 2017
f 2014 2017 2020
f 2017 2020 2018
f 2021 2022 2023
f 2023 1790 1791
f 2023 1791 2021
f 1791 1786 2021
f 1786 2019 2021
f 2018 2019 2021
f 2018 2021 2024
f 2021 2024 2022
f 2025 1997 1769
f 2025 1769 2026
f 1769 1792 2026
f 1792 1790 2026
f 1790 2023 2026
f 2022 2023 2026
f 2022 2026 2027
f 2026 2027 2025
f 1997 2025 2028
f 1997 2001 2028
f 2029 2030 2031
f 2029 2031 2032
f 2029 2032 2033
f 2029 2033 2034
f 2029 2034 2035
f 2029 2035 2030
f 2036 2037 2038
f 2036 2038 2039
f 2036 2039 2040
f 2040 2032 2031
f 2040 2031 2036
f 2041 2030 2031
f 2041 2031 2036
f 2036 2041 2037
f 2042 2043 2044
f 2042 2044 2045
f 2042 2045 2046
f 2046 2039 2038
f 2046 2038 2042
f 2047 2037 2038
f 2047 2038 2042
f 2042 2047 2043
f 2048 2049 2050
f 2048 2050 2051
f 2048 2051 2052
f 2052 2045 2044
f 2052 2044 2048
f 2053 2043 2044
f 2053 2044 2048
f 2048 2053 2049
f 2054 2055 2056
f 2054 2056 2057
f 2054 2057 2058
f 2058 2051 2050
f 2058 2050 2054
f 2059 2049 2050
f 2059 2050 2054
f 2054 2059 2055
f 2060 2061 2062
f 2060 2062 2063
f 2060 2063 2064
f 2057 2056 2060
f 2057 2060 2064
f 2065 2055 2056
f 2065 2056 2060
f 2060 2065 2061
f 2066 2067 2068
f 2066 2068 2069
f 2066 2069 2070
f 2063 2062 2066
f 2063 2066 2070
f 2061 2062 2066
f 2061 2066 2071
f 2066 2071 2067
f 2068 2069 2072
f 2068 2067 2072
f 2073 2074 2075
f 2073 2075 2076
f 2073 2076 2077
f 2073 2077 2078
f 2073 2078 2079
f 2073 2079 2074
f 2080 2081 2082
f 2080 2082 2083
f 2080 2083 2084
f 2084 2076 2075
f 2084 2075 2080
f 2085 2074 2075
f 2085 2075 2080
f 2080 2085 2081
f 2086 2032 2033
f 2086 2033 2087
f 2087 2086 2088
f 2087 2088 2089
f 2089 2083 2082
f 2089 2082 2087
f 2090 2081 2082
f 2090 2082 2087
f 2090 2034 2033
f 2090 2033 2087
f 2091 2039 2040
f 2091 2040 2092
f 2091 1794 1798
f 2091 1798 2092
f 2093 1797 1798
f 2093 1798 2092
f 2093 2088 2086
f 2093 2086 2092
f 2086 2032 2092
f 2032 2040 2092
f 2094 2045 2046
f 2094 2046 2095
f 2094 1800 1802
f 2094 1802 2095
f 1802 1794 2095
f 1794 2091 2095
f 2091 2039 2095
f 2039 2046 2095
f 2096 2051 2052
f 2096 2052 2097
f 2096 1804 1806
f 2096 1806 2097
f 1806 1800 2097
f 1800 2094 2097
f 2094 2045 2097
f 2045 2052 2097
f 2098 2057 2058
f 2098 2058 2099
f 2098 1808 1810
f 2098 1810 2099
f 1810 1804 2099
f 1804 2096 2099
f 2096 2051 2099
f 2051 2058 2099
f 2100 2063 2064
f 2100 2064 2101
f 2100 1812 1814
f 2100 1814 2101
f 1814 1808 2101
f 1808 2098 2101
f 2098 2057 2101
f 2057 2064 2101
f 2102 2069 2070
f 2102 2070 2103
f 2103 2102 2104
f 2104 1816 1812
f 2104 1812 2103
f 1812 2100 2103
f 2100 2063 2103
f 2063 2070 2103
f 2105 2106 2107
f 2105 2107 2108
f 2105 2108 2109
f 2109 2104 2102
f 2109 2102 2105
f 2102 2069 2105
f 2106 2072 2069
f 2106 2069 2105
f 2110 2111 2112
f 2110 2112 2113
f 2110 2113 2114
f 2108 2107 2110
f 2108 2110 2114
f 2115 2106 2107
f 2115 2107 2110
f 2110 2115 2111
f 2112 2113 2116
f 2112 2111 2116
f 2117 2118 2119
f 2117 2119 2120
f 2117 2120 2121
f 2117 2121 2122
f 2117 2122 2123
f 2117 2123 2118
f 2124 2076 2077
f 2124 2077 2125
f 2125 2124 2126
f 2125 2126 2127
f 2127 2120 2119
f 2127 2119 2125
f 2128 2118 2119
f 2128 2119 2125
f 2128 2078 2077
f 2128 2077 2125
f 2129 2083 2084
f 2129 2084 2130
f 2129 1818 1822
f 2129 1822 2130
f 2131 1821 1822
f 2131 1822 2130
f 2131 2126 2124
f 2131 2124 2130
f 2124 2076 2130
f 2076 2084 2130
f 2132 2088 2089
f 2132 2089 2133
f 2132 1824 1826
f 2132 1826 2133
f 1826 1818 2133
f 1818 2129 2133
f 2129 2083 2133
f 2083 2089 2133
f 2093 1797 2134
f 1797 1828 2134
f 1828 1824 2134
f 1824 2132 2134
f 2132 2088 2134
f 2088 2093 2134
f 1816 2104 2135
f 1816 1829 2135
f 2108 2109 2136
f 2108 2136 2137
f 1832 1834 2136
f 1832 2136 2137
f 1834 1829 2136
f 1829 2135 2136
f 2135 2104 2136
f 2104 2109 2136
f 2138 2113 2114
f 2138 2114 2139
f 2139 2138 2140
f 2140 1836 1832
f 2140 1832 2139
f 1832 2137 2139
f 2137 2108 2139
f 2108 2114 2139
f 2141 2142 2143
f 2141 2143 2144
f 2141 2144 2145
f 2145 2140 2138
f 2145 2138 2141
f 2138 2113 2141
f 2142 2116 2113
f 2142 2113 2141
f 2143 2144 2146
f 2143 2142 2146
f 2147 2148 2149
f 2147 2149 2150
f 2147 2150 2151
f 2147 2151 2152
f 2147 2152 2153
f 2147 2153 2148
f 2154 2120 2121
f 2154 2121 2155
f 2155 2154 2156
f 2155 2156 2157
f 2157 2150 2149
f 2157 2149 2155
f 2158 2148 2149
f 2158 2149 2155
f 2158 2122 2121
f 2158 2121 2155
f 2159 2126 2127
f 2159 2127 2160
f 2159 1838 1842
f 2159 1842 2160
f 2161 1841 1842
f 2161 1842 2160
f 2161 2156 2154
f 2161 2154 2160
f 2154 2120 2160
f 2120 2127 2160
f 2131 1821 2162
f 1821 1844 2162
f 1844 1838 2162
f 1838 2159 2162
f 2159 2126 2162
f 2126 2131 2162
f 1836 2140 2163
f 1836 1845 2163
f 2144 2145 2164
f 2144 2164 2165
f 2164 2165 2166
f 2166 1848 1845
f 2166 1845 2164
f 1845 2163 2164
f 2163 2140 2164
f 2140 2145 2164
f 2167 2168 2169
f 2167 2169 2170
f 2167 2170 2171
f 2171 2166 2165
f 2171 2165 2167
f 2165 2144 2167
f 2168 2146 2144
f 2168 2144 2167
f 2169 2170 2172
f 2169 2168 2172
f 2173 2174 2175
f 2173 2175 2176
f 2173 2176 2177
f 2173 2177 2178
f 2173 2178 2179
f 2173 2179 2174
f 2180 2150 2151
f 2180 2151 2181
f 2181 2180 2182
f 2181 2182 2183
f 2183 2176 2175
f 2183 2175 2181
f 2184 2174 2175
f 2184 2175 2181
f 2184 2152 2151
f 2184 2151 2181
f 2185 2156 2157
f 2185 2157 2186
f 2185 1850 1854
f 2185 1854 2186
f 2187 1853 1854
f 2187 1854 2186
f 2187 2182 2180
f 2187 2180 2186
f 2180 2150 2186
f 2150 2157 2186
f 2161 1841 2188
f 1841 1856 2188
f 1856 1850 2188
f 1850 2185 2188
f 2185 2156 2188
f 2156 2161 2188
f 1848 2166 2189
f 1848 1858 2189
f 2170 2171 2190
f 2170 2190 2191
f 2190 2191 2192
f 1860 1858 2190
f 1860 2190 2192
f 1858 2189 2190
f 2189 2166 2190
f 2166 2171 2190
f 2193 2194 2195
f 2193 2195 2196
f 2193 2196 2197
f 2197 2192 2191
f 2197 2191 2193
f 2191 2170 2193
f 2194 2172 2170
f 2194 2170 2193
f 2195 2196 2198
f 2195 2194 2198
f 2199 2176 2177
f 2199 2177 2200
f 2200 2199 2201
f 2200 2201 2202
f 2200 2202 2203
f 2200 2203 2204
f 2204 2178 2177
f 2204 2177 2200
f 2205 2182 2183
f 2205 2183 2206
f 2205 1862 1866
f 2205 1866 2206
f 2207 1865 1866
f 2207 1866 2206
f 2207 2201 2199
f 2207 2199 2206
f 2199 2176 2206
f 2176 2183 2206
f 2187 1853 2208
f 1853 1868 2208
f 1868 1862 2208
f 1862 2205 2208
f 2205 2182 2208
f 2182 2187 2208
f 1860 2192 2209
f 1860 1870 2209
f 2196 2197 2210
f 2196 2210 2211
f 2210 2211 2212
f 1872 1870 2210
f 1872 2210 2212
f 1870 2209 2210
f 2209 2192 2210
f 2192 2197 2210
f 2211 2212 2213
f 2214 2213 2211
f 2214 2211 2196
f 2196 2198 2214
f 2215 2216 2217
f 2215 2217 2218
f 2215 2218 2219
f 2215 2219 2220
f 2215 2220 2221
f 2215 2221 2216
f 2222 2201 2202
f 2222 2202 2223
f 2222 1874 1878
f 2222 1878 2223
f 2224 1877 1878
f 2224 1878 2223
f 2224 2218 2217
f 2224 2217 2223
f 2225 2216 2217
f 2225 2217 2223
f 2225 2203 2202
f 2225 2202 2223
f 2207 1865 2226
f 1865 1880 2226
f 1880 1874 2226
f 1874 2222 2226
f 2222 2201 2226
f 2201 2207 2226
f 1872 2212 2227
f 1872 1882 2227
f 2228 2229 2230
f 2228 2230 2231
f 2231 1884 1882
f 2231 1882 2228
f 1882 2227 2228
f 2227 2212 2228
f 2229 2213 2212
f 2229 2212 2228
f 2230 2231 2232
f 2230 2229 2232
f 2233 2218 2219
f 2233 2219 2234
f 2234 2233 2235
f 2234 2235 2236
f 2234 2236 2237
f 2234 2237 2238
f 2238 2220 2219
f 2238 2219 2234
f 2224 1877 2239
f 1877 1888 2239
f 2240 1887 1888
f 2240 1888 2239
f 2240 2235 2233
f 2240 2233 2239
f 2233 2218 2239
f 2218 2224 2239
f 1884 2231 2241
f 2241 1884 1892
f 2241 1892 2242
f 1892 1891 2242
f 2241 2242 2243
f 2244 2243 2241
f 2244 2241 2231
f 2231 2232 2244
f 2245 2235 2236
f 2245 2236 2246
f 2246 2245 2247
f 2246 2247 2248
f 2246 2248 2249
f 2246 2249 2250
f 2250 2237 2236
f 2250 2236 2246
f 2240 1887 2251
f 1887 1896 2251
f 2252 1895 1896
f 2252 1896 2251
f 2252 2247 2245
f 2252 2245 2251
f 2245 2235 2251
f 2235 2240 2251
f 1891 2242 2253
f 2253 1891 1900
f 2253 1900 2254
f 1900 1899 2254
f 2253 2254 2255
f 2256 2255 2253
f 2256 2253 2242
f 2242 2243 2256
f 2257 2258 2259
f 2257 2259 2260
f 2257 2260 2261
f 2257 2261 2262
f 2257 2262 2263
f 2257 2263 2258
f 2264 2247 2248
f 2264 2248 2265
f 2265 2264 2266
f 2265 2266 2267
f 2267 2260 2259
f 2267 2259 2265
f 2268 2258 2259
f 2268 2259 2265
f 2268 2249 2248
f 2268 2248 2265
f 2252 1895 2269
f 1895 1904 2269
f 2270 1903 1904
f 2270 1904 2269
f 2270 2266 2264
f 2270 2264 2269
f 2264 2247 2269
f 2247 2252 2269
f 1899 2254 2271
f 2271 1899 1908
f 2271 1908 2272
f 1908 1907 2272
f 2273 2274 2275
f 2273 2275 2276
f 2273 2276 2277
f 2272 2271 2273
f 2272 2273 2277
f 2271 2254 2273
f 2255 2254 2273
f 2255 2273 2274
f 2275 2276 2278
f 2275 2274 2278
f 2279 2260 2261
f 2279 2261 2280
f 2280 2279 2281
f 2280 2281 2282
f 2280 2282 2283
f 2280 2283 2284
f 2284 2262 2261
f 2284 2261 2280
f 2285 2266 2267
f 2285 2267 2286
f 2286 2285 2287
f 2286 2287 2288
f 2288 2281 2279
f 2288 2279 2286
f 2279 2260 2286
f 2260 2267 2286
f 2270 1903 2289
f 1903 1912 2289
f 2290 1911 1912
f 2290 1912 2289
f 2290 2287 2285
f 2290 2285 2289
f 2285 2266 2289
f 2266 2270 2289
f 1907 2272 2291
f 2291 1907 1916
f 2291 1916 2292
f 1916 1915 2292
f 2293 2276 2277
f 2293 2277 2294
f 2294 2293 2295
f 2294 2295 2296
f 2292 2291 2294
f 2292 2294 2296
f 2291 2272 2294
f 2272 2277 2294
f 2293 2295 2297
f 2297 2293 2276
f 2297 2276 2298
f 2276 2278 2298
f 2282 2281 2299
f 2282 2283 2299
f 2300 2287 2288
f 2300 2288 2301
f 2301 2300 2302
f 2301 2302 2303
f 2301 2303 2304
f 2304 2299 2281
f 2304 2281 2301
f 2281 2288 2301
f 2290 1911 2305
f 1911 1920 2305
f 1919 1920 2305
f 1919 2305 2306
f 2302 2300 2305
f 2302 2305 2306
f 2300 2287 2305
f 2287 2290 2305
f 1915 2292 2307
f 2308 2307 1915
f 2308 1915 1924
f 1924 1923 2308
f 2296 2295 2309
f 2307 2308 2310
f 2311 2310 2307
f 2311 2307 2292
f 2309 2311 2292
f 2309 2292 2296
f 2295 2309 2312
f 2295 2297 2312
f 2313 2302 2303
f 2313 2303 2314
f 2314 2313 2315
f 2314 2315 2316
f 2314 2316 2317
f 2314 2317 2318
f 2318 2304 2303
f 2318 2303 2314
f 2306 1919 2319
f 1919 1928 2319
f 2320 1927 1928
f 2320 1928 2319
f 2315 2313 2319
f 2315 2319 2320
f 2313 2302 2319
f 2302 2306 2319
f 1923 2308 2321
f 2322 2321 1923
f 2322 1923 1932
f 1932 1931 2322
f 2321 2322 2323
f 2324 2323 2321
f 2324 2321 2308
f 2308 2310 2324
f 2325 2315 2316
f 2325 2316 2326
f 2326 2325 2327
f 2326 2327 2328
f 2326 2328 2329
f 2326 2329 2330
f 2330 2317 2316
f 2330 2316 2326
f 2320 1927 2331
f 1927 1936 2331
f 2332 1935 1936
f 2332 1936 2331
f 2332 2327 2325
f 2332 2325 2331
f 2325 2315 2331
f 2315 2320 2331
f 1931 2322 2333
f 2334 2333 1931
f 2334 1931 1940
f 1940 1939 2334
f 2333 2334 2335
f 2336 2335 2333
f 2336 2333 2322
f 2322 2323 2336
f 2327 2328 2337
f 2327 2337 2338
f 2337 2338 2339
f 2337 2339 2340
f 2337 2340 2341
f 2337 2341 2342
f 2329 2328 2337
f 2329 2337 2342
f 2332 1935 2343
f 2344 1941 1935
f 2344 1935 2343
f 2343 2344 2345
f 2345 2339 2338
f 2345 2338 2343
f 2338 2327 2343
f 2327 2332 2343
f 1941 1944 2346
f 1941 2344 2346
f 1950 1946 2347
f 1950 1949 2347
f 1939 2334 2348
f 2349 2348 1939
f 2349 1939 1952
f 2350 2349 1952
f 2350 1952 1946
f 1946 2347 2350
f 2348 2349 2351
f 2352 2351 2348
f 2352 2348 2334
f 2334 2335 2352
f 2340 2339 2353
f 2340 2341 2353
f 2354 2344 2345
f 2354 2345 2355
f 2355 2354 2356
f 2355 2356 2357
f 2355 2357 2358
f 2358 2353 2339
f 2358 2339 2355
f 2339 2345 2355
f 2346 1944 2359
f 2360 1954 1944
f 2360 1944 2359
f 2359 2360 2361
f 2356 2354 2359
f 2356 2359 2361
f 2354 2344 2359
f 2344 2346 2359
f 1954 1956 2362
f 1954 2360 2362
f 1962 1958 2363
f 1962 1961 2363
f 1949 2347 2364
f 2365 2364 1949
f 2365 1949 1964
f 2365 1964 1958
f 2365 1958 2366
f 1958 2363 2366
f 2350 2349 2367
f 2364 2365 2368
f 2369 2368 2364
f 2369 2364 2347
f 2369 2347 2350
f 2369 2350 2367
f 2349 2367 2370
f 2349 2351 2370
f 2357 2356 2371
f 2357 2358 2371
f 2372 2360 2361
f 2372 2361 2373
f 2373 2372 2374
f 2373 2374 2375
f 2373 2375 2376
f 2376 2371 2356
f 2376 2356 2373
f 2356 2361 2373
f 2362 1956 2377
f 1956 1969 2377
f 1968 1969 2377
f 1968 2377 2378
f 2374 2372 2377
f 2374 2377 2378
f 2372 2360 2377
f 2360 2362 2377
f 1961 2363 2379
f 2380 2379 1961
f 2380 1961 1974
f 1974 1973 2380
f 2366 2365 2381
f 2379 2380 2382
f 2382 2379 2363
f 2382 2363 2383
f 2383 2363 2366
f 2383 2366 2381
f 2365 2381 2384
f 2365 2368 2384
f 2374 2375 2385
f 2374 2385 2386
f 2385 2386 2387
f 2385 2387 2388
f 2385 2388 2389
f 2385 2389 2390
f 2376 2375 2385
f 2376 2385 2390
f 2378 1968 2391
f 2392 1975 1968
f 2392 1968 2391
f 2391 2392 2393
f 2393 2387 2386
f 2393 2386 2391
f 2386 2374 2391
f 2374 2378 2391
f 1978 1977 2394
f 2395 2394 1978
f 2395 1978 1975
f 1975 2392 2395
f 1977 1980 2396
f 1977 2394 2396
f 1986 1982 2397
f 1986 1985 2397
f 1989 1987 2398
f 2398 1989 1982
f 2398 1982 2399
f 1982 2397 2399
f 1973 2380 2400
f 2401 2400 1973
f 2401 1973 1990
f 2402 2401 1990
f 2402 1990 1987
f 1987 2398 2402
f 2400 2401 2403
f 2404 2403 2400
f 2404 2400 2380
f 2380 2382 2404
f 2388 2387 2405
f 2388 2389 2405
f 2393 2392 2406
f 2387 2405 2407
f 2406 2407 2387
f 2406 2387 2393
f 2408 2394 2395
f 2408 2395 2409
f 2409 2408 2410
f 2409 2410 2411
f 2409 2411 2412
f 2412 2406 2392
f 2412 2392 2409
f 2392 2395 2409
f 2396 1980 2413
f 1991 1980 2413
f 1991 2413 2414
f 2413 2414 2415
f 2410 2408 2413
f 2410 2413 2415
f 2408 2394 2413
f 2394 2396 2413
f 1991 1995 2416
f 1991 2414 2416
f 2002 1999 2417
f 2002 2001 2417
f 1985 2397 2418
f 2419 2418 1985
f 2419 1985 2004
f 2419 2004 1999
f 2419 1999 2420
f 1999 2417 2420
f 2399 2398 2421
f 2418 2419 2422
f 2422 2418 2397
f 2422 2397 2423
f 2423 2397 2399
f 2423 2399 2421
f 2402 2401 2424
f 2398 2421 2425
f 2425 2398 2402
f 2425 2402 2424
f 2401 2424 2426
f 2401 2403 2426
f 2411 2410 2427
f 2411 2412 2427
f 2414 2415 2428
f 2414 2428 2429
f 2428 2429 2430
f 2428 2430 2431
f 2428 2431 2432
f 2427 2410 2428
f 2427 2428 2432
f 2410 2415 2428
f 2416 1995 2433
f 2434 2005 1995
f 2434 1995 2433
f 2433 2434 2435
f 2435 2430 2429
f 2435 2429 2433
f 2429 2414 2433
f 2414 2416 2433
f 2008 2006 2436
f 2436 2008 2005
f 2436 2005 2437
f 2005 2434 2437
f 2012 2010 2438
f 2438 2012 2006
f 2438 2006 2439
f 2006 2436 2439
f 2016 2014 2440
f 2440 2016 2010
f 2440 2010 2441
f 2010 2438 2441
f 2020 2018 2442
f 2442 2020 2014
f 2442 2014 2443
f 2014 2440 2443
f 2024 2022 2444
f 2444 2024 2018
f 2444 2018 2445
f 2018 2442 2445
f 2027 2025 2446
f 2446 2027 2022
f 2446 2022 2447
f 2022 2444 2447
f 2001 2417 2448
f 2448 2001 2028
f 2448 2028 2449
f 2449 2028 2025
f 2449 2025 2450
f 2025 2446 2450
f 2420 2419 2451
f 2448 2449 2452
f 2453 2452 2448
f 2453 2448 2417
f 2453 2417 2420
f 2453 2420 2451
f 2419 2451 2454
f 2419 2422 2454
f 2431 2430 2455
f 2431 2432 2455
f 2435 2434 2456
f 2430 2455 2457
f 2456 2457 2430
f 2456 2430 2435
f 2437 2436 2458
f 2434 2456 2459
f 2458 2459 2434
f 2458 2434 2437
f 2439 2438 2460
f 2436 2458 2461
f 2460 2461 2436
f 2460 2436 2439
f 2441 2440 2462
f 2438 2460 2463
f 2462 2463 2438
f 2462 2438 2441
f 2443 2442 2464
f 2440 2462 2465
f 2464 2465 2440
f 2464 2440 2443
f 2445 2444 2466
f 2442 2464 2467
f 2466 2467 2442
f 2466 2442 2445
f 2447 2446 2468
f 2444 2466 2469
f 2468 2469 2444
f 2468 2444 2447
f 2450 2449 2470
f 2446 2468 2471
f 2471 2446 2450
f 2471 2450 2470
f 2449 2470 2472
f 2449 2452 2472
f 2035 2030 2473
f 2035 2034 2473
f 2474 2475 2476
f 2037 2041 2474
f 2037 2474 2476
f 2041 2030 2474
f 2473 2030 2474
f 2473 2474 2477
f 2474 2477 2478
f 2474 2478 2475
f 2479 2480 2481
f 2043 2047 2479
f 2043 2479 2481
f 2047 2037 2479
f 2037 2476 2479
f 2482 2475 2476
f 2482 2476 2479
f 2479 2482 2480
f 2483 2484 2485
f 2049 2053 2483
f 2049 2483 2485
f 2053 2043 2483
f 2043 2481 2483
f 2486 2480 2481
f 2486 2481 2483
f 2483 2486 2484
f 2487 2488 2489
f 2055 2059 2487
f 2055 2487 2489
f 2059 2049 2487
f 2049 2485 2487
f 2484 2485 2487
f 2484 2487 2490
f 2487 2490 2488
f 2491 2492 2493
f 2061 2065 2491
f 2061 2491 2493
f 2065 2055 2491
f 2055 2489 2491
f 2488 2489 2491
f 2488 2491 2494
f 2491 2494 2492
f 2071 2067 2495
f 2496 2495 2071
f 2496 2071 2061
f 2496 2061 2493
f 2496 2493 2497
f 2493 2492 2497
f 2067 2072 2498
f 2067 2495 2498
f 2079 2074 2499
f 2079 2078 2499
f 2500 2501 2502
f 2502 2081 2085
f 2502 2085 2500
f 2085 2074 2500
f 2503 2499 2074
f 2503 2074 2500
f 2500 2503 2504
f 2500 2504 2501
f 2505 2473 2034
f 2505 2034 2506
f 2034 2090 2506
f 2090 2081 2506
f 2081 2502 2506
f 2501 2502 2506
f 2501 2506 2507
f 2506 2507 2505
f 2473 2505 2508
f 2473 2477 2508
f 2496 2495 2509
f 2496 2497 2509
f 2510 2498 2072
f 2510 2072 2511
f 2072 2106 2511
f 2495 2509 2512
f 2512 2495 2498
f 2512 2498 2510
f 2115 2111 2513
f 2514 2513 2115
f 2514 2115 2106
f 2514 2106 2511
f 2514 2511 2515
f 2511 2510 2515
f 2111 2116 2516
f 2111 2513 2516
f 2517 2518 2519
f 2118 2123 2517
f 2118 2517 2519
f 2122 2123 2517
f 2122 2517 2520
f 2517 2520 2521
f 2517 2521 2522
f 2517 2522 2518
f 2523 2499 2078
f 2523 2078 2524
f 2078 2128 2524
f 2128 2118 2524
f 2118 2519 2524
f 2525 2518 2519
f 2525 2519 2524
f 2524 2525 2523
f 2499 2523 2526
f 2499 2503 2526
f 2514 2513 2527
f 2514 2515 2527
f 2528 2529 2516
f 2528 2516 2116
f 2116 2142 2528
f 2513 2527 2530
f 2529 2530 2513
f 2529 2513 2516
f 2142 2146 2531
f 2531 2142 2528
f 2531 2528 2532
f 2528 2529 2532
f 2533 2534 2535
f 2148 2153 2533
f 2148 2533 2535
f 2152 2153 2533
f 2152 2533 2536
f 2533 2536 2537
f 2533 2537 2538
f 2533 2538 2534
f 2520 2122 2539
f 2122 2158 2539
f 2158 2148 2539
f 2148 2535 2539
f 2540 2534 2535
f 2540 2535 2539
f 2540 2521 2520
f 2540 2520 2539
f 2541 2542 2531
f 2541 2531 2146
f 2146 2168 2541
f 2531 2532 2542
f 2168 2172 2543
f 2543 2168 2541
f 2543 2541 2544
f 2541 2542 2544
f 2179 2174 2545
f 2179 2178 2545
f 2536 2152 2546
f 2152 2184 2546
f 2184 2174 2546
f 2547 2545 2174
f 2547 2174 2546
f 2546 2547 2548
f 2548 2537 2536
f 2548 2536 2546
f 2543 2172 2549
f 2194 2172 2549
f 2194 2549 2550
f 2549 2550 2551
f 2549 2551 2552
f 2549 2552 2553
f 2544 2543 2549
f 2544 2549 2553
f 2194 2198 2554
f 2194 2550 2554
f 2555 2545 2178
f 2555 2178 2556
f 2178 2204 2556
f 2557 2203 2204
f 2557 2204 2556
f 2556 2557 2558
f 2556 2558 2559
f 2556 2559 2555
f 2545 2555 2560
f 2545 2547 2560
f 2551 2550 2561
f 2551 2552 2561
f 2554 2198 2562
f 2198 2214 2562
f 2563 2213 2214
f 2563 2214 2562
f 2562 2563 2564
f 2564 2561 2550
f 2564 2550 2562
f 2550 2554 2562
f 2221 2216 2565
f 2221 2220 2565
f 2557 2203 2566
f 2203 2225 2566
f 2225 2216 2566
f 2565 2216 2566
f 2565 2566 2567
f 2566 2567 2568
f 2558 2557 2566
f 2558 2566 2568
f 2563 2213 2569
f 2570 2229 2213
f 2570 2213 2569
f 2569 2570 2571
f 2569 2571 2572
f 2569 2572 2573
f 2564 2563 2569
f 2564 2569 2573
f 2229 2232 2574
f 2229 2570 2574
f 2575 2565 2220
f 2575 2220 2576
f 2220 2238 2576
f 2577 2237 2238
f 2577 2238 2576
f 2576 2577 2578
f 2576 2578 2579
f 2576 2579 2575
f 2565 2575 2580
f 2565 2567 2580
f 2571 2570 2581
f 2571 2572 2581
f 2574 2232 2582
f 2232 2244 2582
f 2583 2243 2244
f 2583 2244 2582
f 2582 2583 2584
f 2584 2581 2570
f 2584 2570 2582
f 2570 2574 2582
f 2577 2237 2585
f 2237 2250 2585
f 2586 2249 2250
f 2586 2250 2585
f 2585 2586 2587
f 2585 2587 2588
f 2578 2577 2585
f 2578 2585 2588
f 2583 2243 2589
f 2243 2256 2589
f 2590 2255 2256
f 2590 2256 2589
f 2589 2590 2591
f 2589 2591 2592
f 2592 2584 2583
f 2592 2583 2589
f 2263 2258 2593
f 2263 2262 2593
f 2586 2249 2594
f 2249 2268 2594
f 2268 2258 2594
f 2595 2593 2258
f 2595 2258 2594
f 2594 2595 2596
f 2587 2586 2594
f 2587 2594 2596
f 2590 2255 2597
f 2598 2274 2255
f 2598 2255 2597
f 2597 2598 2599
f 2597 2599 2600
f 2597 2600 2601
f 2601 2591 2590
f 2601 2590 2597
f 2274 2278 2602
f 2274 2598 2602
f 2262 2593 2603
f 2604 2603 2262
f 2604 2262 2284
f 2284 2283 2604
f 2603 2604 2605
f 2605 2603 2593
f 2605 2593 2606
f 2593 2595 2606
f 2607 2598 2599
f 2607 2599 2608
f 2608 2607 2609
f 2608 2609 2610
f 2608 2610 2611
f 2608 2611 2612
f 2612 2600 2599
f 2612 2599 2608
f 2602 2278 2613
f 2278 2298 2613
f 2297 2298 2613
f 2297 2613 2614
f 2609 2607 2613
f 2609 2613 2614
f 2607 2598 2613
f 2598 2602 2613
f 2283 2604 2615
f 2283 2299 2615
f 2299 2304 2616
f 2617 2616 2299
f 2617 2299 2615
f 2617 2615 2604
f 2617 2604 2618
f 2604 2605 2618
f 2619 2609 2610
f 2619 2610 2620
f 2619 2309 2311
f 2619 2311 2620
f 2621 2310 2311
f 2621 2311 2620
f 2620 2621 2622
f 2620 2622 2623
f 2623 2611 2610
f 2623 2610 2620
f 2614 2297 2624
f 2297 2312 2624
f 2312 2309 2624
f 2309 2619 2624
f 2619 2609 2624
f 2609 2614 2624
f 2616 2304 2625
f 2304 2318 2625
f 2317 2318 2625
f 2317 2625 2626
f 2625 2626 2627
f 2625 2627 2628
f 2617 2616 2625
f 2617 2625 2628
f 2621 2310 2629
f 2310 2324 2629
f 2630 2323 2324
f 2630 2324 2629
f 2629 2630 2631
f 2629 2631 2632
f 2632 2622 2621
f 2632 2621 2629
f 2626 2317 2633
f 2317 2330 2633
f 2329 2330 2633
f 2329 2633 2634
f 2633 2634 2635
f 2633 2635 2636
f 2627 2626 2633
f 2627 2633 2636
f 2630 2323 2637
f 2323 2336 2637
f 2638 2335 2336
f 2638 2336 2637
f 2637 2638 2639
f 2637 2639 2640
f 2640 2631 2630
f 2640 2630 2637
f 2641 2642 2634
f 2641 2634 2329
f 2641 2329 2342
f 2641 2342 2643
f 2342 2341 2643
f 2634 2635 2642
f 2641 2643 2644
f 2641 2642 2644
f 2645 2646 2647
f 2645 2647 2648
f 2645 2648 2649
f 2645 2649 2650
f 2645 2650 2651
f 2645 2651 2646
f 2638 2335 2652
f 2335 2352 2652
f 2653 2351 2352
f 2653 2352 2652
f 2653 2648 2647
f 2653 2647 2652
f 2654 2646 2647
f 2654 2647 2652
f 2654 2639 2638
f 2654 2638 2652
f 2341 2643 2655
f 2341 2353 2655
f 2353 2358 2656
f 2657 2656 2353
f 2657 2353 2655
f 2657 2655 2643
f 2657 2643 2658
f 2643 2644 2658
f 2659 2648 2649
f 2659 2649 2660
f 2659 2367 2369
f 2659 2369 2660
f 2661 2368 2369
f 2661 2369 2660
f 2660 2661 2662
f 2660 2662 2663
f 2663 2650 2649
f 2663 2649 2660
f 2653 2351 2664
f 2351 2370 2664
f 2370 2367 2664
f 2367 2659 2664
f 2659 2648 2664
f 2648 2653 2664
f 2665 2666 2656
f 2665 2656 2358
f 2358 2371 2665
f 2656 2657 2666
f 2371 2376 2667
f 2668 2667 2371
f 2668 2371 2665
f 2665 2666 2668
f 2669 2670 2671
f 2671 2381 2383
f 2671 2383 2669
f 2672 2382 2383
f 2672 2383 2669
f 2669 2672 2673
f 2669 2673 2674
f 2669 2674 2670
f 2661 2368 2675
f 2368 2384 2675
f 2384 2381 2675
f 2381 2671 2675
f 2676 2670 2671
f 2676 2671 2675
f 2676 2662 2661
f 2676 2661 2675
f 2677 2667 2376
f 2677 2376 2678
f 2678 2376 2390
f 2678 2390 2679
f 2390 2389 2679
f 2667 2668 2677
f 2678 2679 2680
f 2678 2677 2680
f 2681 2682 2683
f 2681 2683 2684
f 2681 2684 2685
f 2681 2685 2686
f 2681 2686 2687
f 2681 2687 2682
f 2672 2382 2688
f 2382 2404 2688
f 2689 2403 2404
f 2689 2404 2688
f 2689 2684 2683
f 2689 2683 2688
f 2690 2682 2683
f 2690 2683 2688
f 2690 2673 2672
f 2690 2672 2688
f 2389 2679 2691
f 2389 2405 2691
f 2692 2693 2694
f 2406 2407 2692
f 2406 2692 2694
f 2407 2405 2692
f 2405 2691 2692
f 2691 2679 2692
f 2680 2679 2692
f 2680 2692 2693
f 2406 2412 2695
f 2696 2695 2406
f 2696 2406 2694
f 2694 2693 2696
f 2697 2698 2699
f 2699 2421 2423
f 2699 2423 2697
f 2700 2422 2423
f 2700 2423 2697
f 2697 2700 2701
f 2697 2701 2702
f 2697 2702 2698
f 2703 2684 2685
f 2703 2685 2704
f 2703 2424 2425
f 2703 2425 2704
f 2425 2421 2704
f 2421 2699 2704
f 2705 2698 2699
f 2705 2699 2704
f 2705 2686 2685
f 2705 2685 2704
f 2689 2403 2706
f 2403 2426 2706
f 2426 2424 2706
f 2424 2703 2706
f 2703 2684 2706
f 2684 2689 2706
f 2707 2695 2412
f 2707 2412 2708
f 2412 2427 2708
f 2695 2696 2707
f 2709 2710 2711
f 2709 2711 2712
f 2712 2432 2427
f 2712 2427 2709
f 2427 2708 2709
f 2713 2707 2708
f 2713 2708 2709
f 2709 2713 2710
f 2711 2712 2714
f 2711 2710 2714
f 2715 2716 2717
f 2715 2717 2718
f 2715 2718 2719
f 2715 2719 2720
f 2715 2720 2721
f 2715 2721 2716
f 2722 2723 2724
f 2724 2451 2453
f 2724 2453 2722
f 2725 2452 2453
f 2725 2453 2722
f 2725 2718 2717
f 2725 2717 2722
f 2726 2716 2717
f 2726 2717 2722
f 2722 2726 2723
f 2700 2422 2727
f 2422 2454 2727
f 2454 2451 2727
f 2451 2724 2727
f 2728 2723 2724
f 2728 2724 2727
f 2728 2701 2700
f 2728 2700 2727
f 2432 2712 2729
f 2432 2455 2729
f 2730 2731 2732
f 2456 2457 2730
f 2456 2730 2732
f 2457 2455 2730
f 2455 2729 2730
f 2729 2712 2730
f 2731 2714 2712
f 2731 2712 2730
f 2733 2734 2735
f 2735 2458 2459
f 2735 2459 2733
f 2459 2456 2733
f 2456 2732 2733
f 2736 2731 2732
f 2736 2732 2733
f 2733 2736 2734
f 2737 2738 2739
f 2739 2460 2461
f 2739 2461 2737
f 2461 2458 2737
f 2458 2735 2737
f 2740 2734 2735
f 2740 2735 2737
f 2737 2740 2738
f 2741 2742 2743
f 2743 2462 2463
f 2743 2463 2741
f 2463 2460 2741
f 2460 2739 2741
f 2744 2738 2739
f 2744 2739 2741
f 2741 2744 2742
f 2745 2746 2747
f 2747 2464 2465
f 2747 2465 2745
f 2465 2462 2745
f 2462 2743 2745
f 2748 2742 2743
f 2748 2743 2745
f 2745 2748 2746
f 2749 2750 2751
f 2751 2466 2467
f 2751 2467 2749
f 2467 2464 2749
f 2464 2747 2749
f 2752 2746 2747
f 2752 2747 2749
f 2749 2752 2750
f 2753 2754 2755
f 2755 2468 2469
f 2755 2469 2753
f 2469 2466 2753
f 2466 2751 2753
f 2756 2750 2751
f 2756 2751 2753
f 2753 2756 2754
f 2757 2718 2719
f 2757 2719 2758
f 2757 2470 2471
f 2757 2471 2758
f 2471 2468 2758
f 2468 2755 2758
f 2759 2754 2755
f 2759 2755 2758
f 2759 2720 2719
f 2759 2719 2758
f 2725 2452 2760
f 2452 2472 2760
f 2472 2470 2760
f 2470 2757 2760
f 2757 2718 2760
f 2718 2725 2760
f 2761 2762 2763
f 2763 2475 2478
f 2763 2478 2761
f 2764 2477 2478
f 2764 2478 2761
f 2761 2764 2765
f 2761 2765 2766
f 2761 2766 2762
f 2767 2768 2769
f 2769 2480 2482
f 2769 2482 2767
f 2482 2475 2767
f 2475 2763 2767
f 2770 2762 2763
f 2770 2763 2767
f 2767 2770 2768
f 2771 2772 2773
f 2773 2484 2486
f 2773 2486 2771
f 2486 2480 2771
f 2480 2769 2771
f 2774 2768 2769
f 2774 2769 2771
f 2771 2774 2772
f 2775 2776 2777
f 2777 2488 2490
f 2777 2490 2775
f 2490 2484 2775
f 2484 2773 2775
f 2772 2773 2775
f 2772 2775 2778
f 2775 2778 2776
f 2779 2780 2781
f 2781 2492 2494
f 2781 2494 2779
f 2494 2488 2779
f 2488 2777 2779
f 2776 2777 2779
f 2776 2779 2782
f 2779 2782 2780
f 2492 2497 2783
f 2784 2783 2492
f 2784 2492 2781
f 2781 2780 2784
f 2785 2786 2787
f 2787 2501 2504
f 2787 2504 2785
f 2788 2503 2504
f 2788 2504 2785
f 2785 2788 2789
f 2785 2789 2790
f 2785 2790 2786
f 2791 2792 2793
f 2793 2505 2507
f 2793 2507 2791
f 2507 2501 2791
f 2501 2787 2791
f 2794 2786 2787
f 2794 2787 2791
f 2791 2794 2792
f 2764 2477 2795
f 2477 2508 2795
f 2508 2505 2795
f 2505 2793 2795
f 2796 2792 2793
f 2796 2793 2795
f 2796 2765 2764
f 2796 2764 2795
f 2797 2783 2497
f 2797 2497 2798
f 2497 2509 2798
f 2783 2784 2797
f 2799 2800 2801
f 2510 2512 2799
f 2510 2799 2801
f 2512 2509 2799
f 2509 2798 2799
f 2797 2798 2799
f 2797 2799 2802
f 2799 2802 2800
f 2510 2515 2803
f 2804 2803 2510
f 2804 2510 2801
f 2801 2800 2804
f 2805 2806 2807
f 2807 2518 2522
f 2807 2522 2805
f 2808 2521 2522
f 2808 2522 2805
f 2805 2808 2809
f 2805 2809 2810
f 2805 2810 2806
f 2811 2812 2813
f 2813 2523 2525
f 2813 2525 2811
f 2525 2518 2811
f 2518 2807 2811
f 2814 2806 2807
f 2814 2807 2811
f 2811 2814 2812
f 2788 2503 2815
f 2503 2526 2815
f 2526 2523 2815
f 2523 2813 2815
f 2816 2812 2813
f 2816 2813 2815
f 2816 2789 2788
f 2816 2788 2815
f 2817 2803 2515
f 2817 2515 2818
f 2515 2527 2818
f 2803 2804 2817
f 2819 2820 2821
f 2529 2530 2819
f 2529 2819 2821
f 2530 2527 2819
f 2527 2818 2819
f 2817 2818 2819
f 2817 2819 2822
f 2819 2822 2820
f 2529 2532 2823
f 2824 2823 2529
f 2824 2529 2821
f 2821 2820 2824
f 2825 2826 2827
f 2827 2534 2538
f 2827 2538 2825
f 2828 2537 2538
f 2828 2538 2825
f 2825 2828 2829
f 2825 2829 2830
f 2825 2830 2826
f 2808 2521 2831
f 2521 2540 2831
f 2540 2534 2831
f 2534 2827 2831
f 2832 2826 2827
f 2832 2827 2831
f 2832 2809 2808
f 2832 2808 2831
f 2833 2823 2532
f 2833 2532 2834
f 2532 2542 2834
f 2823 2824 2833
f 2542 2544 2835
f 2836 2835 2542
f 2836 2542 2834
f 2834 2833 2836
f 2828 2537 2837
f 2537 2548 2837
f 2838 2547 2548
f 2838 2548 2837
f 2837 2838 2839
f 2837 2839 2840
f 2840 2829 2828
f 2840 2828 2837
f 2835 2544 2841
f 2544 2553 2841
f 2552 2553 2841
f 2552 2841 2842
f 2841 2842 2843
f 2841 2843 2844
f 2836 2835 2841
f 2836 2841 2844
f 2845 2846 2847
f 2847 2555 2559
f 2847 2559 2845
f 2848 2558 2559
f 2848 2559 2845
f 2845 2848 2849
f 2845 2849 2850
f 2845 2850 2846
f 2838 2547 2851
f 2547 2560 2851
f 2560 2555 2851
f 2555 2847 2851
f 2846 2847 2851
f 2846 2851 2852
f 2839 2838 2851
f 2839 2851 2852
f 2853 2842 2552
f 2853 2552 2854
f 2552 2561 2854
f 2842 2843 2853
f 2561 2564 2855
f 2855 2561 2854
f 2855 2854 2856
f 2854 2853 2856
f 2848 2558 2857
f 2558 2568 2857
f 2858 2567 2568
f 2858 2568 2857
f 2857 2858 2859
f 2857 2859 2860
f 2860 2849 2848
f 2860 2848 2857
f 2855 2564 2861
f 2564 2573 2861
f 2862 2572 2573
f 2862 2573 2861
f 2861 2862 2863
f 2861 2863 2864
f 2856 2855 2861
f 2856 2861 2864
f 2865 2866 2867
f 2867 2575 2579
f 2867 2579 2865
f 2868 2578 2579
f 2868 2579 2865
f 2865 2868 2869
f 2865 2869 2870
f 2865 2870 2866
f 2858 2567 2871
f 2567 2580 2871
f 2580 2575 2871
f 2575 2867 2871
f 2866 2867 2871
f 2866 2871 2872
f 2859 2858 2871
f 2859 2871 2872
f 2873 2862 2572
f 2873 2572 2874
f 2572 2581 2874
f 2862 2863 2873
f 2581 2584 2875
f 2875 2581 2874
f 2875 2874 2876
f 2874 2873 2876
f 2868 2578 2877
f 2578 2588 2877
f 2878 2587 2588
f 2878 2588 2877
f 2877 2878 2879
f 2877 2879 2880
f 2880 2869 2868
f 2880 2868 2877
f 2875 2584 2881
f 2584 2592 2881
f 2591 2592 2881
f 2591 2881 2882
f 2881 2882 2883
f 2881 2883 2884
f 2876 2875 2881
f 2876 2881 2884
f 2878 2587 2885
f 2587 2596 2885
f 2886 2595 2596
f 2886 2596 2885
f 2885 2886 2887
f 2885 2887 2888
f 2888 2879 2878
f 2888 2878 2885
f 2882 2591 2889
f 2591 2601 2889
f 2600 2601 2889
f 2600 2889 2890
f 2889 2890 2891
f 2889 2891 2892
f 2883 2882 2889
f 2883 2889 2892
f 2886 2595 2893
f 2595 2606 2893
f 2894 2605 2606
f 2894 2606 2893
f 2893 2894 2895
f 2893 2895 2896
f 2887 2886 2893
f 2887 2893 2896
f 2890 2600 2897
f 2600 2612 2897
f 2898 2611 2612
f 2898 2612 2897
f 2897 2898 2899
f 2897 2899 2900
f 2891 2890 2897
f 2891 2897 2900
f 2894 2605 2901
f 2605 2618 2901
f 2617 2618 2901
f 2617 2901 2902
f 2901 2902 2903
f 2901 2903 2904
f 2895 2894 2901
f 2895 2901 2904
f 2898 2611 2905
f 2611 2623 2905
f 2906 2622 2623
f 2906 2623 2905
f 2905 2906 2907
f 2905 2907 2908
f 2908 2899 2898
f 2908 2898 2905
f 2902 2617 2909
f 2617 2628 2909
f 2627 2628 2909
f 2627 2909 2910
f 2909 2910 2911
f 2909 2911 2912
f 2903 2902 2909
f 2903 2909 2912
f 2906 2622 2913
f 2622 2632 2913
f 2914 2631 2632
f 2914 2632 2913
f 2913 2914 2915
f 2913 2915 2916
f 2916 2907 2906
f 2916 2906 2913
f 2910 2627 2917
f 2627 2636 2917
f 2635 2636 2917
f 2635 2917 2918
f 2917 2918 2919
f 2917 2919 2920
f 2911 2910 2917
f 2911 2917 2920
f 2914 2631 2921
f 2631 2640 2921
f 2922 2639 2640
f 2922 2640 2921
f 2921 2922 2923
f 2921 2923 2924
f 2924 2915 2914
f 2924 2914 2921
f 2925 2926 2918
f 2925 2918 2635
f 2635 2642 2925
f 2918 2919 2926
f 2642 2644 2927
f 2927 2642 2925
f 2927 2925 2928
f 2925 2926 2928
f 2929 2930 2931
f 2931 2646 2651
f 2931 2651 2929
f 2932 2650 2651
f 2932 2651 2929
f 2929 2932 2933
f 2929 2933 2934
f 2929 2934 2930
f 2922 2639 2935
f 2639 2654 2935
f 2654 2646 2935
f 2646 2931 2935
f 2936 2930 2931
f 2936 2931 2935
f 2936 2923 2922
f 2936 2922 2935
f 2927 2644 2937
f 2644 2658 2937
f 2657 2658 2937
f 2657 2937 2938
f 2937 2938 2939
f 2937 2939 2940
f 2928 2927 2937
f 2928 2937 2940
f 2932 2650 2941
f 2650 2663 2941
f 2942 2662 2663
f 2942 2663 2941
f 2941 2942 2943
f 2941 2943 2944
f 2944 2933 2932
f 2944 2932 2941
f 2945 2946 2938
f 2945 2938 2657
f 2657 2666 2945
f 2938 2939 2946
f 2666 2668 2947
f 2947 2666 2945
f 2947 2945 2948
f 2945 2946 2948
f 2949 2950 2951
f 2951 2670 2674
f 2951 2674 2949
f 2952 2673 2674
f 2952 2674 2949
f 2949 2952 2953
f 2949 2953 2954
f 2949 2954 2950
f 2942 2662 2955
f 2662 2676 2955
f 2676 2670 2955
f 2670 2951 2955
f 2956 2950 2951
f 2956 2951 2955
f 2943 2942 2955
f 2943 2955 2956
f 2957 2958 2947
f 2957 2947 2668
f 2668 2677 2957
f 2947 2948 2958
f 2677 2680 2959
f 2960 2959 2677
f 2960 2677 2957
f 2957 2958 2960
f 2961 2962 2963
f 2963 2682 2687
f 2963 2687 2961
f 2964 2686 2687
f 2964 2687 2961
f 2961 2964 2965
f 2961 2965 2966
f 2961 2966 2962
f 2952 2673 2967
f 2673 2690 2967
f 2690 2682 2967
f 2682 2963 2967
f 2968 2962 2963
f 2968 2963 2967
f 2968 2953 2952
f 2968 2952 2967
f 2969 2959 2680
f 2969 2680 2970
f 2680 2693 2970
f 2959 2960 2969
f 2693 2696 2971
f 2972 2971 2693
f 2972 2693 2970
f 2970 2969 2972
f 2973 2974 2975
f 2975 2698 2702
f 2975 2702 2973
f 2976 2701 2702
f 2976 2702 2973
f 2973 2976 2977
f 2973 2977 2978
f 2973 2978 2974
f 2964 2686 2979
f 2686 2705 2979
f 2705 2698 2979
f 2698 2975 2979
f 2980 2974 2975
f 2980 2975 2979
f 2980 2965 2964
f 2980 2964 2979
f 2981 2971 2696
f 2981 2696 2982
f 2696 2707 2982
f 2971 2972 2981
f 2983 2984 2985
f 2710 2713 2983
f 2710 2983 2985
f 2713 2707 2983
f 2707 2982 2983
f 2981 2982 2983
f 2981 2983 2986
f 2983 2986 2984
f 2710 2714 2987
f 2988 2987 2710
f 2988 2710 2985
f 2985 2984 2988
f 2989 2990 2991
f 2991 2716 2721
f 2991 2721 2989
f 2992 2720 2721
f 2992 2721 2989
f 2989 2992 2993
f 2989 2993 2994
f 2989 2994 2990
f 2995 2996 2997
f 2997 2723 2726
f 2997 2726 2995
f 2726 2716 2995
f 2716 2991 2995
f 2998 2990 2991
f 2998 2991 2995
f 2995 2998 2996
f 2976 2701 2999
f 2701 2728 2999
f 2728 2723 2999
f 2723 2997 2999
f 2996 2997 2999
f 2996 2999 3000
f 3000 2977 2976
f 3000 2976 2999
f 3001 2987 2714
f 3001 2714 3002
f 2714 2731 3002
f 2987 2988 3001
f 3003 3004 3005
f 2734 2736 3003
f 2734 3003 3005
f 2736 2731 3003
f 2731 3002 3003
f 3001 3002 3003
f 3001 3003 3006
f 3003 3006 3004
f 3007 3008 3009
f 2738 2740 3007
f 2738 3007 3009
f 2740 2734 3007
f 2734 3005 3007
f 3004 3005 3007
f 3004 3007 3010
f 3007 3010 3008
f 3011 3012 3013
f 2742 2744 3011
f 2742 3011 3013
f 2744 2738 3011
f 2738 3009 3011
f 3008 3009 3011
f 3008 3011 3014
f 3011 3014 3012
f 3015 3016 3017
f 3017 2746 2748
f 3017 2748 3015
f 2748 2742 3015
f 2742 3013 3015
f 3018 3012 3013
f 3018 3013 3015
f 3015 3018 3016
f 3019 3020 3021
f 3021 2750 2752
f 3021 2752 3019
f 2752 2746 3019
f 2746 3017 3019
f 3022 3016 3017
f 3022 3017 3019
f 3019 3022 3020
f 3023 3024 3025
f 3025 2754 2756
f 3025 2756 3023
f 2756 2750 3023
f 2750 3021 3023
f 3026 3020 3021
f 3026 3021 3023
f 3023 3026 3024
f 2992 2720 3027
f 2720 2759 3027
f 2759 2754 3027
f 2754 3025 3027
f 3024 3025 3027
f 3024 3027 3028
f 2993 2992 3027
f 2993 3027 3028
f 3029 3030 3031
f 3029 3031 3032
f 3029 3032 3033
f 3029 3033 3034
f 3029 3034 3035
f 3029 3035 3030
f 3036 3037 3038
f 3036 3038 3039
f 3036 3039 3040
f 3040 3032 3031
f 3040 3031 3036
f 3041 3030 3031
f 3041 3031 3036
f 3036 3041 3037
f 3042 3043 3044
f 3042 3044 3045
f 3042 3045 3046
f 3039 3038 3042
f 3039 3042 3046
f 3037 3038 3042
f 3037 3042 3047
f 3042 3047 3043
f 3044 3045 3048
f 3044 3043 3048
f 3049 3050 3051
f 3049 3051 3052
f 3049 3052 3053
f 3049 3053 3054
f 3049 3054 3055
f 3049 3055 3050
f 3056 3057 3058
f 3056 3058 3059
f 3056 3059 3060
f 3060 3052 3051
f 3060 3051 3056
f 3061 3050 3051
f 3061 3051 3056
f 3056 3061 3057
f 3062 3063 3064
f 3064 2762 2766
f 3064 2766 3062
f 3065 2765 2766
f 3065 2766 3062
f 3065 3059 3058
f 3065 3058 3062
f 3066 3057 3058
f 3066 3058 3062
f 3062 3066 3063
f 3067 3032 3033
f 3067 3033 3068
f 3067 2768 2770
f 3067 2770 3068
f 2770 2762 3068
f 2762 3064 3068
f 3069 3063 3064
f 3069 3064 3068
f 3069 3034 3033
f 3069 3033 3068
f 3070 3039 3040
f 3070 3040 3071
f 3070 2772 2774
f 3070 2774 3071
f 2774 2768 3071
f 2768 3067 3071
f 3067 3032 3071
f 3032 3040 3071
f 3072 3045 3046
f 3072 3046 3073
f 3072 2776 2778
f 3072 2778 3073
f 2778 2772 3073
f 2772 3070 3073
f 3070 3039 3073
f 3039 3046 3073
f 3074 3075 3076
f 3076 2780 2782
f 3076 2782 3074
f 2782 2776 3074
f 2776 3072 3074
f 3072 3045 3074
f 3075 3048 3045
f 3075 3045 3074
f 3077 3078 3079
f 3077 3079 3080
f 3080 2784 2780
f 3080 2780 3077
f 2780 3076 3077
f 3081 3075 3076
f 3081 3076 3077
f 3077 3081 3078
f 3082 3083 3084
f 3082 3084 3085
f 3082 3085 3086
f 3086 3080 3079
f 3086 3079 3082
f 3087 3078 3079
f 3087 3079 3082
f 3082 3087 3083
f 3084 3085 3088
f 3084 3083 3088
f 3089 3090 3091
f 3089 3091 3092
f 3089 3092 3093
f 3089 3093 3094
f 3089 3094 3095
f 3089 3095 3090
f 3096 3097 3098
f 3096 3098 3099
f 3096 3099 3100
f 3100 3092 3091
f 3100 3091 3096
f 3101 3090 3091
f 3101 3091 3096
f 3096 3101 3097
f 3102 3052 3053
f 3102 3053 3103
f 3102 2786 2790
f 3102 2790 3103
f 3104 2789 2790
f 3104 2790 3103
f 3104 3099 3098
f 3104 3098 3103
f 3105 3097 3098
f 3105 3098 3103
f 3105 3054 3053
f 3105 3053 3103
f 3106 3059 3060
f 3106 3060 3107
f 3106 2792 2794
f 3106 2794 3107
f 2794 2786 3107
f 2786 3102 3107
f 3102 3052 3107
f 3052 3060 3107
f 3065 2765 3108
f 2765 2796 3108
f 2796 2792 3108
f 2792 3106 3108
f 3106 3059 3108
f 3059 3065 3108
f 2784 3080 3109
f 2784 2797 3109
f 3110 3085 3086
f 3110 3086 3111
f 2800 2802 3111
f 2800 3111 3110
f 2802 2797 3111
f 2797 3109 3111
f 3109 3080 3111
f 3080 3086 3111
f 3112 3113 3114
f 3112 3114 3115
f 3115 2804 2800
f 3115 2800 3112
f 2800 3110 3112
f 3110 3085 3112
f 3113 3088 3085
f 3113 3085 3112
f 3116 3117 3118
f 3116 3118 3119
f 3116 3119 3120
f 3115 3114 3116
f 3115 3116 3120
f 3121 3113 3114
f 3121 3114 3116
f 3116 3121 3117
f 3118 3119 3122
f 3118 3117 3122
f 3123 3124 3125
f 3123 3125 3126
f 3123 3126 3127
f 3123 3127 3128
f 3123 3128 3129
f 3123 3129 3124
f 3130 3092 3093
f 3130 3093 3131
f 3130 2806 2810
f 3130 2810 3131
f 3132 2809 2810
f 3132 2810 3131
f 3132 3126 3125
f 3132 3125 3131
f 3133 3124 3125
f 3133 3125 3131
f 3133 3094 3093
f 3133 3093 3131
f 3134 3099 3100
f 3134 3100 3135
f 3134 2812 2814
f 3134 2814 3135
f 2814 2806 3135
f 2806 3130 3135
f 3130 3092 3135
f 3092 3100 3135
f 3104 2789 3136
f 2789 2816 3136
f 2816 2812 3136
f 2812 3134 3136
f 3134 3099 3136
f 3099 3104 3136
f 2804 3115 3137
f 2804 2817 3137
f 3138 3119 3120
f 3138 3120 3139
f 3138 2820 2822
f 3138 2822 3139
f 2822 2817 3139
f 2817 3137 3139
f 3137 3115 3139
f 3115 3120 3139
f 3140 3141 3142
f 3140 3142 3143
f 3143 2824 2820
f 3143 2820 3140
f 2820 3138 3140
f 3138 3119 3140
f 3141 3122 3119
f 3141 3119 3140
f 3142 3143 3144
f 3142 3141 3144
f 3145 3146 3147
f 3145 3147 3148
f 3145 3148 3149
f 3145 3149 3150
f 3145 3150 3151
f 3145 3151 3146
f 3152 3126 3127
f 3152 3127 3153
f 3152 2826 2830
f 3152 2830 3153
f 3154 2829 2830
f 3154 2830 3153
f 3154 3148 3147
f 3154 3147 3153
f 3155 3146 3147
f 3155 3147 3153
f 3155 3128 3127
f 3155 3127 3153
f 3132 2809 3156
f 2809 2832 3156
f 2832 2826 3156
f 2826 3152 3156
f 3152 3126 3156
f 3126 3132 3156
f 2824 3143 3157
f 2824 2833 3157
f 3158 3159 3160
f 3158 3160 3161
f 3161 2836 2833
f 3161 2833 3158
f 2833 3157 3158
f 3157 3143 3158
f 3159 3144 3143
f 3159 3143 3158
f 3160 3161 3162
f 3160 3159 3162
f 3163 3148 3149
f 3163 3149 3164
f 3164 3163 3165
f 3164 3165 3166
f 3164 3166 3167
f 3164 3167 3168
f 3168 3150 3149
f 3168 3149 3164
f 3154 2829 3169
f 2829 2840 3169
f 3170 2839 2840
f 3170 2840 3169
f 3170 3165 3163
f 3170 3163 3169
f 3163 3148 3169
f 3148 3154 3169
f 2836 3161 3171
f 3171 2836 2844
f 3171 2844 3172
f 2844 2843 3172
f 3171 3172 3173
f 3174 3173 3171
f 3174 3171 3161
f 3161 3162 3174
f 3175 3176 3177
f 3175 3177 3178
f 3175 3178 3179
f 3175 3179 3180
f 3175 3180 3181
f 3175 3181 3176
f 3182 3165 3166
f 3182 3166 3183
f 3182 2846 2850
f 3182 2850 3183
f 3184 2849 2850
f 3184 2850 3183
f 3184 3178 3177
f 3184 3177 3183
f 3185 3176 3177
f 3185 3177 3183
f 3185 3167 3166
f 3185 3166 3183
f 3170 2839 3186
f 2839 2852 3186
f 2852 2846 3186
f 2846 3182 3186
f 3182 3165 3186
f 3165 3170 3186
f 2843 3172 3187
f 2843 2853 3187
f 3188 3189 3190
f 3188 3190 3191
f 2856 2853 3188
f 2856 3188 3191
f 2853 3187 3188
f 3187 3172 3188
f 3189 3173 3172
f 3189 3172 3188
f 3190 3191 3192
f 3190 3189 3192
f 3193 3178 3179
f 3193 3179 3194
f 3194 3193 3195
f 3194 3195 3196
f 3194 3196 3197
f 3194 3197 3198
f 3198 3180 3179
f 3198 3179 3194
f 3184 2849 3199
f 2849 2860 3199
f 3200 2859 2860
f 3200 2860 3199
f 3200 3195 3193
f 3200 3193 3199
f 3193 3178 3199
f 3178 3184 3199
f 2856 3191 3201
f 3201 2856 2864
f 3201 2864 3202
f 2864 2863 3202
f 3201 3202 3203
f 3204 3203 3201
f 3204 3201 3191
f 3191 3192 3204
f 3205 3206 3207
f 3205 3207 3208
f 3205 3208 3209
f 3205 3209 3210
f 3205 3210 3211
f 3205 3211 3206
f 3212 3195 3196
f 3212 3196 3213
f 3212 2866 2870
f 3212 2870 3213
f 3214 2869 2870
f 3214 2870 3213
f 3214 3208 3207
f 3214 3207 3213
f 3215 3206 3207
f 3215 3207 3213
f 3215 3197 3196
f 3215 3196 3213
f 3200 2859 3216
f 2859 2872 3216
f 2872 2866 3216
f 2866 3212 3216
f 3212 3195 3216
f 3195 3200 3216
f 2863 3202 3217
f 2863 2873 3217
f 3218 3219 3220
f 3218 3220 3221
f 2876 2873 3218
f 2876 3218 3221
f 2873 3217 3218
f 3217 3202 3218
f 3203 3202 3218
f 3203 3218 3219
f 3220 3221 3222
f 3220 3219 3222
f 3223 3208 3209
f 3223 3209 3224
f 3224 3223 3225
f 3224 3225 3226
f 3224 3226 3227
f 3224 3227 3228
f 3228 3210 3209
f 3228 3209 3224
f 3214 2869 3229
f 2869 2880 3229
f 3230 2879 2880
f 3230 2880 3229
f 3230 3225 3223
f 3230 3223 3229
f 3223 3208 3229
f 3208 3214 3229
f 2876 3221 3231
f 3231 2876 2884
f 3231 2884 3232
f 2884 2883 3232
f 3231 3232 3233
f 3233 3231 3221
f 3233 3221 3234
f 3221 3222 3234
f 3235 3225 3226
f 3235 3226 3236
f 3236 3235 3237
f 3236 3237 3238
f 3236 3238 3239
f 3236 3239 3240
f 3240 3227 3226
f 3240 3226 3236
f 3230 2879 3241
f 2879 2888 3241
f 3242 2887 2888
f 3242 2888 3241
f 3242 3237 3235
f 3242 3235 3241
f 3235 3225 3241
f 3225 3230 3241
f 2883 3232 3243
f 3243 2883 2892
f 3243 2892 3244
f 2892 2891 3244
f 3243 3244 3245
f 3245 3243 3232
f 3245 3232 3246
f 3232 3233 3246
f 3247 3237 3238
f 3247 3238 3248
f 3248 3247 3249
f 3248 3249 3250
f 3248 3250 3251
f 3248 3251 3252
f 3252 3239 3238
f 3252 3238 3248
f 3242 2887 3253
f 2887 2896 3253
f 3254 2895 2896
f 3254 2896 3253
f 3254 3249 3247
f 3254 3247 3253
f 3247 3237 3253
f 3237 3242 3253
f 2891 3244 3255
f 3256 3255 2891
f 3256 2891 2900
f 2900 2899 3256
f 3255 3256 3257
f 3257 3255 3244
f 3257 3244 3258
f 3244 3245 3258
f 3259 3249 3250
f 3259 3250 3260
f 3260 3259 3261
f 3260 3261 3262
f 3260 3262 3263
f 3260 3263 3264
f 3264 3251 3250
f 3264 3250 3260
f 3254 2895 3265
f 2895 2904 3265
f 3266 2903 2904
f 3266 2904 3265
f 3266 3261 3259
f 3266 3259 3265
f 3259 3249 3265
f 3249 3254 3265
f 2899 3256 3267
f 3268 3267 2899
f 3268 2899 2908
f 2908 2907 3268
f 3267 3268 3269
f 3269 3267 3256
f 3269 3256 3270
f 3256 3257 3270
f 3261 3262 3271
f 3261 3271 3272
f 3271 3272 3273
f 3271 3273 3274
f 3271 3274 3275
f 3271 3275 3276
f 3263 3262 3271
f 3263 3271 3276
f 3266 2903 3277
f 2903 2912 3277
f 3278 2911 2912
f 3278 2912 3277
f 3278 3273 3272
f 3278 3272 3277
f 3272 3261 3277
f 3261 3266 3277
f 2907 3268 3279
f 3280 3279 2907
f 3280 2907 2916
f 2916 2915 3280
f 3279 3280 3281
f 3282 3281 3279
f 3282 3279 3268
f 3268 3269 3282
f 3273 3274 3283
f 3273 3283 3284
f 3283 3284 3285
f 3283 3285 3286
f 3283 3286 3287
f 3283 3287 3288
f 3275 3274 3283
f 3275 3283 3288
f 3278 2911 3289
f 2911 2920 3289
f 3290 2919 2920
f 3290 2920 3289
f 3290 3285 3284
f 3290 3284 3289
f 3284 3273 3289
f 3273 3278 3289
f 2915 3280 3291
f 3292 3291 2915
f 3292 2915 2924
f 2924 2923 3292
f 3291 3292 3293
f 3294 3293 3291
f 3294 3291 3280
f 3280 3281 3294
f 3286 3285 3295
f 3286 3287 3295
f 3290 2919 3296
f 3297 2926 2919
f 3297 2919 3296
f 3296 3297 3298
f 3296 3298 3299
f 3299 3295 3285
f 3299 3285 3296
f 3285 3290 3296
f 2926 2928 3300
f 2926 3297 3300
f 2934 2930 3301
f 2934 2933 3301
f 3302 3292 2923
f 3302 2923 3303
f 2923 2936 3303
f 2936 2930 3303
f 3301 2930 3303
f 3301 3303 3304
f 3303 3304 3305
f 3303 3305 3302
f 3292 3302 3306
f 3292 3293 3306
f 3297 3298 3307
f 3297 3307 3308
f 3307 3308 3309
f 3307 3309 3310
f 3307 3310 3311
f 3307 3311 3312
f 3299 3298 3307
f 3299 3307 3312
f 3300 2928 3313
f 2928 2940 3313
f 3314 2939 2940
f 3314 2940 3313
f 3314 3309 3308
f 3314 3308 3313
f 3308 3297 3313
f 3297 3300 3313
f 2933 3301 3315
f 3316 3315 2933
f 3316 2933 2944
f 2944 2943 3316
f 3315 3316 3317
f 3318 3317 3315
f 3318 3315 3301
f 3301 3304 3318
f 3310 3309 3319
f 3310 3311 3319
f 3314 2939 3320
f 3321 2946 2939
f 3321 2939 3320
f 3320 3321 3322
f 3320 3322 3323
f 3323 3319 3309
f 3323 3309 3320
f 3309 3314 3320
f 2946 2948 3324
f 2946 3321 3324
f 2954 2950 3325
f 2954 2953 3325
f 3316 2943 3326
f 3316 3326 3327
f 2943 2956 3326
f 2956 2950 3326
f 3325 2950 3326
f 3325 3326 3328
f 3326 3328 3329
f 3326 3329 3327
f 3316 3327 3330
f 3316 3317 3330
f 3322 3321 3331
f 3322 3323 3331
f 3324 2948 3332
f 3333 2958 2948
f 3333 2948 3332
f 3332 3333 3334
f 3332 3334 3335
f 3335 3331 3321
f 3335 3321 3332
f 3321 3324 3332
f 2958 2960 3336
f 2958 3333 3336
f 2966 2962 3337
f 2966 2965 3337
f 3325 2953 3338
f 3325 3338 3339
f 2953 2968 3338
f 2968 2962 3338
f 3337 2962 3338
f 3337 3338 3340
f 3338 3340 3341
f 3338 3341 3339
f 3325 3339 3342
f 3325 3328 3342
f 3334 3333 3343
f 3334 3335 3343
f 3336 2960 3344
f 2969 2960 3344
f 2969 3344 3345
f 3344 3345 3346
f 3344 3346 3347
f 3347 3343 3333
f 3347 3333 3344
f 3333 3336 3344
f 2969 2972 3348
f 2969 3345 3348
f 2978 2974 3349
f 2978 2977 3349
f 3337 2965 3350
f 3337 3350 3351
f 2965 2980 3350
f 2980 2974 3350
f 3349 2974 3350
f 3349 3350 3352
f 3350 3352 3353
f 3350 3353 3351
f 3337 3351 3354
f 3337 3340 3354
f 3346 3345 3355
f 3346 3347 3355
f 3348 2972 3356
f 3357 2981 2972
f 3357 2972 3356
f 3356 3357 3358
f 3356 3358 3359
f 3355 3345 3356
f 3355 3356 3359
f 3345 3348 3356
f 2986 2984 3360
f 3360 2986 2981
f 3360 2981 3361
f 2981 3357 3361
f 2984 2988 3362
f 2984 3360 3362
f 2994 2990 3363
f 2994 2993 3363
f 2998 2996 3364
f 3365 3364 2998
f 3365 2998 2990
f 2990 3363 3365
f 3349 2977 3366
f 3349 3366 3367
f 2977 3000 3366
f 3000 2996 3366
f 3364 2996 3366
f 3364 3366 3368
f 3366 3368 3369
f 3366 3369 3367
f 3349 3367 3370
f 3349 3352 3370
f 3358 3357 3371
f 3358 3359 3371
f 3361 3360 3372
f 3357 3371 3373
f 3372 3373 3357
f 3372 3357 3361
f 3362 2988 3374
f 3001 2988 3374
f 3001 3374 3375
f 3374 3375 3376
f 3374 3376 3377
f 3372 3360 3374
f 3372 3374 3377
f 3360 3362 3374
f 3006 3004 3378
f 3378 3006 3001
f 3378 3001 3379
f 3001 3375 3379
f 3010 3008 3380
f 3381 3380 3010
f 3381 3010 3004
f 3004 3378 3381
f 3014 3012 3382
f 3383 3382 3014
f 3383 3014 3008
f 3008 3380 3383
f 3018 3016 3384
f 3385 3384 3018
f 3385 3018 3012
f 3012 3382 3385
f 3022 3020 3386
f 3387 3386 3022
f 3387 3022 3016
f 3016 3384 3387
f 3026 3024 3388
f 3389 3388 3026
f 3389 3026 3020
f 3020 3386 3389
f 3363 2993 3390
f 3363 3390 3391
f 2993 3028 3390
f 3028 3024 3390
f 3392 3388 3024
f 3392 3024 3390
f 3390 3392 3393
f 3390 3393 3391
f 3365 3364 3394
f 3363 3391 3395
f 3395 3363 3365
f 3395 3365 3394
f 3364 3394 3396
f 3364 3368 3396
f 3376 3375 3397
f 3376 3377 3397
f 3379 3378 3398
f 3375 3397 3399
f 3398 3399 3375
f 3398 3375 3379
f 3381 3380 3400
f 3378 3398 3401
f 3400 3401 3378
f 3400 3378 3381
f 3383 3382 3402
f 3380 3400 3403
f 3402 3403 3380
f 3402 3380 3383
f 3385 3384 3404
f 3382 3402 3405
f 3405 3382 3385
f 3405 3385 3404
f 3387 3386 3406
f 3384 3404 3407
f 3407 3384 3387
f 3407 3387 3406
f 3389 3388 3408
f 3386 3406 3409
f 3409 3386 3389
f 3409 3389 3408
f 3388 3408 3410
f 3388 3392 3410
f 3035 3030 3411
f 3035 3034 3411
f 3041 3037 3412
f 3412 3041 3030
f 3412 3030 3413
f 3030 3411 3413
f 3047 3043 3414
f 3415 3414 3047
f 3415 3047 3037
f 3037 3412 3415
f 3043 3048 3416
f 3043 3414 3416
f 3055 3050 3417
f 3055 3054 3417
f 3061 3057 3418
f 3418 3061 3050
f 3418 3050 3419
f 3050 3417 3419
f 3066 3063 3420
f 3421 3420 3066
f 3421 3066 3057
f 3057 3418 3421
f 3411 3034 3422
f 3411 3422 3423
f 3034 3069 3422
f 3069 3063 3422
f 3420 3063 3422
f 3420 3422 3424
f 3422 3424 3425
f 3422 3425 3423
f 3413 3412 3426
f 3411 3423 3427
f 3427 3411 3413
f 3427 3413 3426
f 3415 3414 3428
f 3412 3426 3429
f 3428 3429 3412
f 3428 3412 3415
f 3416 3048 3430
f 3075 3048 3430
f 3075 3430 3431
f 3430 3431 3432
f 3430 3432 3433
f 3428 3414 3430
f 3428 3430 3433
f 3414 3416 3430
f 3081 3078 3434
f 3434 3081 3075
f 3434 3075 3435
f 3075 3431 3435
f 3087 3083 3436
f 3436 3087 3078
f 3436 3078 3437
f 3078 3434 3437
f 3083 3088 3438
f 3083 3436 3438
f 3095 3090 3439
f 3095 3094 3439
f 3101 3097 3440
f 3440 3101 3090
f 3440 3090 3441
f 3090 3439 3441
f 3417 3054 3442
f 3417 3442 3443
f 3054 3105 3442
f 3105 3097 3442
f 3440 3097 3442
f 3440 3442 3444
f 3442 3444 3445
f 3442 3445 3443
f 3419 3418 3446
f 3417 3443 3447
f 3447 3417 3419
f 3447 3419 3446
f 3421 3420 3448
f 3418 3446 3449
f 3449 3418 3421
f 3449 3421 3448
f 3420 3448 3450
f 3420 3424 3450
f 3432 3431 3451
f 3432 3433 3451
f 3435 3434 3452
f 3431 3451 3453
f 3452 3453 3431
f 3452 3431 3435
f 3437 3436 3454
f 3434 3452 3455
f 3454 3455 3434
f 3454 3434 3437
f 3438 3088 3456
f 3457 3113 3088
f 3457 3088 3456
f 3456 3457 3458
f 3456 3458 3459
f 3454 3436 3456
f 3454 3456 3459
f 3436 3438 3456
f 3121 3117 3460
f 3460 3121 3113
f 3460 3113 3461
f 3113 3457 3461
f 3117 3122 3462
f 3117 3460 3462
f 3129 3124 3463
f 3129 3128 3463
f 3439 3094 3464
f 3439 3464 3465
f 3094 3133 3464
f 3133 3124 3464
f 3463 3124 3464
f 3463 3464 3466
f 3464 3466 3467
f 3464 3467 3465
f 3441 3440 3468
f 3439 3465 3469
f 3469 3439 3441
f 3469 3441 3468
f 3440 3468 3470
f 3440 3444 3470
f 3458 3457 3471
f 3458 3459 3471
f 3461 3460 3472
f 3457 3471 3473
f 3472 3473 3457
f 3472 3457 3461
f 3462 3122 3474
f 3141 3122 3474
f 3141 3474 3475
f 3474 3475 3476
f 3474 3476 3477
f 3477 3472 3460
f 3477 3460 3474
f 3460 3462 3474
f 3141 3144 3478
f 3141 3475 3478
f 3151 3146 3479
f 3151 3150 3479
f 3463 3128 3480
f 3463 3480 3481
f 3128 3155 3480
f 3155 3146 3480
f 3479 3146 3480
f 3479 3480 3482
f 3480 3482 3483
f 3480 3483 3481
f 3463 3481 3484
f 3463 3466 3484
f 3476 3475 3485
f 3476 3477 3485
f 3478 3144 3486
f 3487 3159 3144
f 3487 3144 3486
f 3486 3487 3488
f 3486 3488 3489
f 3489 3485 3475
f 3489 3475 3486
f 3475 3478 3486
f 3159 3162 3490
f 3159 3487 3490
f 3150 3479 3491
f 3492 3491 3150
f 3492 3150 3168
f 3168 3167 3492
f 3491 3492 3493
f 3494 3493 3491
f 3494 3491 3479
f 3479 3482 3494
f 3487 3488 3495
f 3487 3495 3496
f 3495 3496 3497
f 3495 3497 3498
f 3495 3498 3499
f 3495 3499 3500
f 3500 3489 3488
f 3500 3488 3495
f 3490 3162 3501
f 3162 3174 3501
f 3502 3173 3174
f 3502 3174 3501
f 3502 3497 3496
f 3502 3496 3501
f 3496 3487 3501
f 3487 3490 3501
f 3181 3176 3503
f 3181 3180 3503
f 3492 3167 3504
f 3492 3504 3505
f 3167 3185 3504
f 3185 3176 3504
f 3503 3176 3504
f 3503 3504 3506
f 3504 3506 3507
f 3504 3507 3505
f 3492 3505 3508
f 3492 3493 3508
f 3498 3497 3509
f 3498 3499 3509
f 3502 3173 3510
f 3511 3189 3173
f 3511 3173 3510
f 3510 3511 3512
f 3510 3512 3513
f 3513 3509 3497
f 3513 3497 3510
f 3497 3502 3510
f 3189 3192 3514
f 3189 3511 3514
f 3180 3503 3515
f 3516 3515 3180
f 3516 3180 3198
f 3198 3197 3516
f 3515 3516 3517
f 3518 3517 3515
f 3518 3515 3503
f 3503 3506 3518
f 3511 3512 3519
f 3511 3519 3520
f 3519 3520 3521
f 3519 3521 3522
f 3519 3522 3523
f 3519 3523 3524
f 3513 3512 3519
f 3513 3519 3524
f 3514 3192 3525
f 3192 3204 3525
f 3526 3203 3204
f 3526 3204 3525
f 3526 3521 3520
f 3526 3520 3525
f 3520 3511 3525
f 3511 3514 3525
f 3211 3206 3527
f 3211 3210 3527
f 3516 3197 3528
f 3516 3528 3529
f 3197 3215 3528
f 3215 3206 3528
f 3527 3206 3528
f 3527 3528 3530
f 3528 3530 3531
f 3528 3531 3529
f 3516 3529 3532
f 3516 3517 3532
f 3522 3521 3533
f 3522 3523 3533
f 3526 3203 3534
f 3535 3219 3203
f 3535 3203 3534
f 3534 3535 3536
f 3534 3536 3537
f 3537 3533 3521
f 3537 3521 3534
f 3521 3526 3534
f 3219 3222 3538
f 3219 3535 3538
f 3210 3527 3539
f 3540 3539 3210
f 3540 3210 3228
f 3228 3227 3540
f 3539 3540 3541
f 3541 3539 3527
f 3541 3527 3542
f 3527 3530 3542
f 3543 3535 3536
f 3543 3536 3544
f 3544 3543 3545
f 3544 3545 3546
f 3544 3546 3547
f 3544 3547 3548
f 3548 3537 3536
f 3548 3536 3544
f 3538 3222 3549
f 3222 3234 3549
f 3233 3234 3549
f 3233 3549 3550
f 3545 3543 3549
f 3545 3549 3550
f 3543 3535 3549
f 3535 3538 3549
f 3227 3540 3551
f 3552 3551 3227
f 3552 3227 3240
f 3240 3239 3552
f 3551 3552 3553
f 3553 3551 3540
f 3553 3540 3554
f 3540 3541 3554
f 3555 3545 3546
f 3555 3546 3556
f 3556 3555 3557
f 3556 3557 3558
f 3556 3558 3559
f 3556 3559 3560
f 3560 3547 3546
f 3560 3546 3556
f 3550 3233 3561
f 3233 3246 3561
f 3562 3245 3246
f 3562 3246 3561
f 3562 3557 3555
f 3562 3555 3561
f 3555 3545 3561
f 3545 3550 3561
f 3239 3552 3563
f 3564 3563 3239
f 3564 3239 3252
f 3252 3251 3564
f 3563 3564 3565
f 3565 3563 3552
f 3565 3552 3566
f 3552 3553 3566
f 3567 3557 3558
f 3567 3558 3568
f 3568 3567 3569
f 3568 3569 3570
f 3568 3570 3571
f 3568 3571 3572
f 3572 3559 3558
f 3572 3558 3568
f 3562 3245 3573
f 3245 3258 3573
f 3574 3257 3258
f 3574 3258 3573
f 3574 3569 3567
f 3574 3567 3573
f 3567 3557 3573
f 3557 3562 3573
f 3251 3564 3575
f 3575 3251 3264
f 3575 3264 3576
f 3264 3263 3576
f 3575 3576 3577
f 3577 3575 3564
f 3577 3564 3578
f 3564 3565 3578
f 3579 3569 3570
f 3579 3570 3580
f 3580 3579 3581
f 3580 3581 3582
f 3580 3582 3583
f 3580 3583 3584
f 3584 3571 3570
f 3584 3570 3580
f 3574 3257 3585
f 3257 3270 3585
f 3586 3269 3270
f 3586 3270 3585
f 3586 3581 3579
f 3586 3579 3585
f 3579 3569 3585
f 3569 3574 3585
f 3263 3576 3587
f 3587 3263 3276
f 3587 3276 3588
f 3276 3275 3588
f 3587 3588 3589
f 3589 3587 3576
f 3589 3576 3590
f 3576 3577 3590
f 3591 3581 3582
f 3591 3582 3592
f 3592 3591 3593
f 3592 3593 3594
f 3592 3594 3595
f 3592 3595 3596
f 3596 3583 3582
f 3596 3582 3592
f 3586 3269 3597
f 3269 3282 3597
f 3598 3281 3282
f 3598 3282 3597
f 3598 3593 3591
f 3598 3591 3597
f 3591 3581 3597
f 3581 3586 3597
f 3275 3588 3599
f 3599 3275 3288
f 3599 3288 3600
f 3288 3287 3600
f 3599 3600 3601
f 3602 3601 3599
f 3602 3599 3588
f 3588 3589 3602
f 3603 3593 3594
f 3603 3594 3604
f 3604 3603 3605
f 3604 3605 3606
f 3604 3606 3607
f 3604 3607 3608
f 3608 3595 3594
f 3608 3594 3604
f 3598 3281 3609
f 3281 3294 3609
f 3610 3293 3294
f 3610 3294 3609
f 3610 3605 3603
f 3610 3603 3609
f 3603 3593 3609
f 3593 3598 3609
f 3287 3600 3611
f 3287 3295 3611
f 3612 3613 3614
f 3612 3614 3615
f 3299 3295 3612
f 3299 3612 3615
f 3295 3611 3612
f 3611 3600 3612
f 3601 3600 3612
f 3601 3612 3613
f 3614 3615 3616
f 3614 3613 3616
f 3617 3618 3619
f 3617 3619 3620
f 3617 3620 3621
f 3617 3621 3622
f 3617 3622 3623
f 3617 3623 3618
f 3624 3605 3606
f 3624 3606 3625
f 3624 3302 3305
f 3624 3305 3625
f 3626 3304 3305
f 3626 3305 3625
f 3626 3620 3619
f 3626 3619 3625
f 3627 3618 3619
f 3627 3619 3625
f 3627 3607 3606
f 3627 3606 3625
f 3610 3293 3628
f 3293 3306 3628
f 3306 3302 3628
f 3302 3624 3628
f 3624 3605 3628
f 3605 3610 3628
f 3299 3615 3629
f 3629 3299 3312
f 3629 3312 3630
f 3312 3311 3630
f 3629 3630 3631
f 3632 3631 3629
f 3632 3629 3615
f 3615 3616 3632
f 3633 3620 3621
f 3633 3621 3634
f 3634 3633 3635
f 3634 3635 3636
f 3634 3636 3637
f 3634 3637 3638
f 3638 3622 3621
f 3638 3621 3634
f 3626 3304 3639
f 3304 3318 3639
f 3640 3317 3318
f 3640 3318 3639
f 3640 3635 3633
f 3640 3633 3639
f 3633 3620 3639
f 3620 3626 3639
f 3311 3630 3641
f 3311 3319 3641
f 3642 3643 3644
f 3642 3644 3645
f 3323 3319 3642
f 3323 3642 3645
f 3319 3641 3642
f 3641 3630 3642
f 3643 3631 3630
f 3643 3630 3642
f 3644 3645 3646
f 3644 3643 3646
f 3647 3648 3649
f 3647 3649 3650
f 3647 3650 3651
f 3647 3651 3652
f 3647 3652 3653
f 3647 3653 3648
f 3654 3635 3636
f 3654 3636 3655
f 3654 3327 3329
f 3654 3329 3655
f 3656 3328 3329
f 3656 3329 3655
f 3656 3650 3649
f 3656 3649 3655
f 3657 3648 3649
f 3657 3649 3655
f 3657 3637 3636
f 3657 3636 3655
f 3640 3317 3658
f 3317 3330 3658
f 3330 3327 3658
f 3327 3654 3658
f 3654 3635 3658
f 3635 3640 3658
f 3323 3645 3659
f 3323 3331 3659
f 3660 3661 3662
f 3660 3662 3663
f 3663 3335 3331
f 3663 3331 3660
f 3331 3659 3660
f 3659 3645 3660
f 3661 3646 3645
f 3661 3645 3660
f 3662 3663 3664
f 3662 3661 3664
f 3665 3666 3667
f 3665 3667 3668
f 3665 3668 3669
f 3665 3669 3670
f 3665 3670 3671
f 3665 3671 3666
f 3672 3650 3651
f 3672 3651 3673
f 3672 3339 3341
f 3672 3341 3673
f 3674 3340 3341
f 3674 3341 3673
f 3674 3668 3667
f 3674 3667 3673
f 3675 3666 3667
f 3675 3667 3673
f 3675 3652 3651
f 3675 3651 3673
f 3656 3328 3676
f 3328 3342 3676
f 3342 3339 3676
f 3339 3672 3676
f 3672 3650 3676
f 3650 3656 3676
f 3335 3663 3677
f 3335 3343 3677
f 3678 3679 3680
f 3678 3680 3681
f 3681 3347 3343
f 3681 3343 3678
f 3343 3677 3678
f 3677 3663 3678
f 3679 3664 3663
f 3679 3663 3678
f 3680 3681 3682
f 3680 3679 3682
f 3683 3684 3685
f 3683 3685 3686
f 3683 3686 3687
f 3683 3687 3688
f 3683 3688 3689
f 3683 3689 3684
f 3690 3668 3669
f 3690 3669 3691
f 3690 3351 3353
f 3690 3353 3691
f 3692 3352 3353
f 3692 3353 3691
f 3692 3686 3685
f 3692 3685 3691
f 3693 3684 3685
f 3693 3685 3691
f 3693 3670 3669
f 3693 3669 3691
f 3674 3340 3694
f 3340 3354 3694
f 3354 3351 3694
f 3351 3690 3694
f 3690 3668 3694
f 3668 3674 3694
f 3347 3681 3695
f 3347 3355 3695
f 3696 3697 3698
f 3696 3698 3699
f 3699 3359 3355
f 3699 3355 3696
f 3355 3695 3696
f 3695 3681 3696
f 3697 3682 3681
f 3697 3681 3696
f 3700 3701 3702
f 3700 3702 3703
f 3700 3703 3704
f 3704 3699 3698
f 3704 3698 3700
f 3705 3697 3698
f 3705 3698 3700
f 3700 3705 3701
f 3702 3703 3706
f 3702 3701 3706
f 3707 3708 3709
f 3707 3709 3710
f 3707 3710 3711
f 3707 3711 3712
f 3707 3712 3713
f 3707 3713 3708
f 3714 3715 3716
f 3714 3716 3717
f 3714 3717 3718
f 3718 3710 3709
f 3718 3709 3714
f 3719 3708 3709
f 3719 3709 3714
f 3714 3719 3715
f 3720 3686 3687
f 3720 3687 3721
f 3720 3367 3369
f 3720 3369 3721
f 3722 3368 3369
f 3722 3369 3721
f 3722 3717 3716
f 3722 3716 3721
f 3723 3715 3716
f 3723 3716 3721
f 3723 3688 3687
f 3723 3687 3721
f 3692 3352 3724
f 3352 3370 3724
f 3370 3367 3724
f 3367 3720 3724
f 3720 3686 3724
f 3686 3692 3724
f 3359 3699 3725
f 3359 3371 3725
f 3703 3704 3726
f 3703 3726 3727
f 3372 3373 3726
f 3372 3726 3727
f 3373 3371 3726
f 3371 3725 3726
f 3725 3699 3726
f 3699 3704 3726
f 3728 3729 3730
f 3728 3730 3731
f 3731 3377 3372
f 3731 3372 3728
f 3372 3727 3728
f 3727 3703 3728
f 3729 3706 3703
f 3729 3703 3728
f 3732 3733 3734
f 3732 3734 3735
f 3732 3735 3736
f 3736 3731 3730
f 3736 3730 3732
f 3737 3729 3730
f 3737 3730 3732
f 3732 3737 3733
f 3738 3739 3740
f 3738 3740 3741
f 3738 3741 3742
f 3742 3735 3734
f 3742 3734 3738
f 3743 3733 3734
f 3743 3734 3738
f 3738 3743 3739
f 3744 3745 3746
f 3744 3746 3747
f 3744 3747 3748
f 3748 3741 3740
f 3748 3740 3744
f 3749 3739 3740
f 3749 3740 3744
f 3744 3749 3745
f 3750 3751 3752
f 3750 3752 3753
f 3750 3753 3754
f 3754 3747 3746
f 3754 3746 3750
f 3755 3745 3746
f 3755 3746 3750
f 3750 3755 3751
f 3756 3757 3758
f 3756 3758 3759
f 3756 3759 3760
f 3760 3753 3752
f 3760 3752 3756
f 3761 3751 3752
f 3761 3752 3756
f 3756 3761 3757
f 3762 3763 3764
f 3762 3764 3765
f 3762 3765 3766
f 3766 3759 3758
f 3766 3758 3762
f 3767 3757 3758
f 3767 3758 3762
f 3762 3767 3763
f 3768 3710 3711
f 3768 3711 3769
f 3768 3391 3393
f 3768 3393 3769
f 3770 3392 3393
f 3770 3393 3769
f 3770 3765 3764
f 3770 3764 3769
f 3771 3763 3764
f 3771 3764 3769
f 3771 3712 3711
f 3771 3711 3769
f 3772 3717 3718
f 3772 3718 3773
f 3772 3394 3395
f 3772 3395 3773
f 3395 3391 3773
f 3391 3768 3773
f 3768 3710 3773
f 3710 3718 3773
f 3722 3368 3774
f 3368 3396 3774
f 3396 3394 3774
f 3394 3772 3774
f 3772 3717 3774
f 3717 3722 3774
f 3377 3731 3775
f 3377 3397 3775
f 3735 3736 3776
f 3735 3776 3777
f 3398 3399 3776
f 3398 3776 3777
f 3399 3397 3776
f 3397 3775 3776
f 3775 3731 3776
f 3731 3736 3776
f 3741 3742 3778
f 3741 3778 3779
f 3400 3401 3778
f 3400 3778 3779
f 3401 3398 3778
f 3398 3777 3778
f 3777 3735 3778
f 3735 3742 3778
f 3780 3747 3748
f 3780 3748 3781
f 3780 3402 3403
f 3780 3403 3781
f 3403 3400 3781
f 3400 3779 3781
f 3779 3741 3781
f 3741 3748 3781
f 3782 3753 3754
f 3782 3754 3783
f 3782 3404 3405
f 3782 3405 3783
f 3405 3402 3783
f 3402 3780 3783
f 3780 3747 3783
f 3747 3754 3783
f 3784 3759 3760
f 3784 3760 3785
f 3784 3406 3407
f 3784 3407 3785
f 3407 3404 3785
f 3404 3782 3785
f 3782 3753 3785
f 3753 3760 3785
f 3786 3765 3766
f 3786 3766 3787
f 3786 3408 3409
f 3786 3409 3787
f 3409 3406 3787
f 3406 3784 3787
f 3784 3759 3787
f 3759 3766 3787
f 3770 3392 3788
f 3392 3410 3788
f 3410 3408 3788
f 3408 3786 3788
f 3786 3765 3788
f 3765 3770 3788
f 3789 3790 3791
f 3423 3425 3789
f 3423 3789 3791
f 3424 3425 3789
f 3424 3789 3792
f 3789 3792 3793
f 3789 3793 3794
f 3789 3794 3790
f 3795 3796 3797
f 3426 3427 3795
f 3426 3795 3797
f 3427 3423 3795
f 3423 3791 3795
f 3798 3790 3791
f 3798 3791 3795
f 3795 3798 3796
f 3799 3800 3801
f 3428 3429 3799
f 3428 3799 3801
f 3429 3426 3799
f 3426 3797 3799
f 3796 3797 3799
f 3796 3799 3802
f 3799 3802 3800
f 3428 3433 3803
f 3803 3428 3801
f 3803 3801 3804
f 3801 3800 3804
f 3805 3806 3807
f 3443 3445 3805
f 3443 3805 3807
f 3808 3444 3445
f 3808 3445 3805
f 3805 3808 3809
f 3805 3809 3810
f 3805 3810 3806
f 3811 3812 3813
f 3813 3446 3447
f 3813 3447 3811
f 3447 3443 3811
f 3443 3807 3811
f 3814 3806 3807
f 3814 3807 3811
f 3811 3814 3812
f 3815 3816 3817
f 3817 3448 3449
f 3817 3449 3815
f 3449 3446 3815
f 3446 3813 3815
f 3812 3813 3815
f 3812 3815 3818
f 3815 3818 3816
f 3792 3424 3819
f 3424 3450 3819
f 3450 3448 3819
f 3448 3817 3819
f 3816 3817 3819
f 3816 3819 3820
f 3820 3793 3792
f 3820 3792 3819
f 3821 3803 3433
f 3821 3433 3822
f 3433 3451 3822
f 3803 3804 3821
f 3823 3824 3825
f 3452 3453 3823
f 3452 3823 3825
f 3453 3451 3823
f 3451 3822 3823
f 3821 3822 3823
f 3821 3823 3826
f 3823 3826 3824
f 3827 3828 3829
f 3454 3455 3827
f 3454 3827 3829
f 3455 3452 3827
f 3452 3825 3827
f 3824 3825 3827
f 3824 3827 3830
f 3827 3830 3828
f 3454 3459 3831
f 3831 3454 3829
f 3831 3829 3832
f 3829 3828 3832
f 3467 3465 3833
f 3467 3466 3833
f 3834 3835 3836
f 3836 3468 3469
f 3836 3469 3834
f 3469 3465 3834
f 3837 3833 3465
f 3837 3465 3834
f 3834 3837 3838
f 3834 3838 3835
f 3808 3444 3839
f 3444 3470 3839
f 3470 3468 3839
f 3468 3836 3839
f 3835 3836 3839
f 3835 3839 3840
f 3840 3809 3808
f 3840 3808 3839
f 3841 3831 3459
f 3841 3459 3842
f 3459 3471 3842
f 3831 3832 3841
f 3473 3472 3843
f 3844 3843 3473
f 3844 3473 3471
f 3845 3844 3471
f 3845 3471 3842
f 3842 3841 3845
f 3472 3477 3846
f 3472 3843 3846
f 3483 3481 3847
f 3483 3482 3847
f 3848 3833 3466
f 3848 3466 3849
f 3466 3484 3849
f 3484 3481 3849
f 3850 3847 3481
f 3850 3481 3849
f 3849 3850 3851
f 3849 3851 3848
f 3833 3848 3852
f 3833 3837 3852
f 3844 3843 3853
f 3844 3845 3853
f 3846 3477 3854
f 3485 3477 3854
f 3485 3854 3855
f 3854 3855 3856
f 3854 3856 3857
f 3853 3843 3854
f 3853 3854 3857
f 3843 3846 3854
f 3485 3489 3858
f 3485 3855 3858
f 3859 3847 3482
f 3859 3482 3860
f 3482 3494 3860
f 3861 3493 3494
f 3861 3494 3860
f 3860 3861 3862
f 3860 3862 3863
f 3860 3863 3859
f 3847 3859 3864
f 3847 3850 3864
f 3856 3855 3865
f 3856 3857 3865
f 3858 3489 3866
f 3489 3500 3866
f 3499 3500 3866
f 3499 3866 3867
f 3866 3867 3868
f 3865 3855 3866
f 3865 3866 3868
f 3855 3858 3866
f 3869 3870 3871
f 3871 3505 3507
f 3871 3507 3869
f 3872 3506 3507
f 3872 3507 3869
f 3869 3872 3873
f 3869 3873 3874
f 3869 3874 3870
f 3861 3493 3875
f 3493 3508 3875
f 3508 3505 3875
f 3505 3871 3875
f 3870 3871 3875
f 3870 3875 3876
f 3862 3861 3875
f 3862 3875 3876
f 3877 3867 3499
f 3877 3499 3878
f 3499 3509 3878
f 3867 3868 3877
f 3509 3513 3879
f 3879 3509 3878
f 3879 3878 3880
f 3878 3877 3880
f 3872 3506 3881
f 3506 3518 3881
f 3882 3517 3518
f 3882 3518 3881
f 3881 3882 3883
f 3881 3883 3884
f 3884 3873 3872
f 3884 3872 3881
f 3879 3513 3885
f 3513 3524 3885
f 3886 3523 3524
f 3886 3524 3885
f 3885 3886 3887
f 3885 3887 3888
f 3880 3879 3885
f 3880 3885 3888
f 3889 3890 3891
f 3891 3529 3531
f 3891 3531 3889
f 3530 3531 3889
f 3530 3889 3892
f 3889 3892 3893
f 3889 3893 3894
f 3889 3894 3890
f 3882 3517 3895
f 3517 3532 3895
f 3532 3529 3895
f 3529 3891 3895
f 3896 3890 3891
f 3896 3891 3895
f 3883 3882 3895
f 3883 3895 3896
f 3897 3898 3886
f 3897 3886 3523
f 3523 3533 3897
f 3886 3887 3898
f 3533 3537 3899
f 3899 3533 3897
f 3899 3897 3900
f 3897 3898 3900
f 3892 3530 3901
f 3530 3542 3901
f 3541 3542 3901
f 3541 3901 3902
f 3901 3902 3903
f 3901 3903 3904
f 3904 3893 3892
f 3904 3892 3901
f 3899 3537 3905
f 3537 3548 3905
f 3547 3548 3905
f 3547 3905 3906
f 3905 3906 3907
f 3905 3907 3908
f 3908 3900 3899
f 3908 3899 3905
f 3902 3541 3909
f 3541 3554 3909
f 3910 3553 3554
f 3910 3554 3909
f 3909 3910 3911
f 3909 3911 3912
f 3912 3903 3902
f 3912 3902 3909
f 3906 3547 3913
f 3547 3560 3913
f 3559 3560 3913
f 3559 3913 3914
f 3913 3914 3915
f 3913 3915 3916
f 3916 3907 3906
f 3916 3906 3913
f 3910 3553 3917
f 3553 3566 3917
f 3565 3566 3917
f 3565 3917 3918
f 3917 3918 3919
f 3917 3919 3920
f 3911 3910 3917
f 3911 3917 3920
f 3914 3559 3921
f 3559 3572 3921
f 3922 3571 3572
f 3922 3572 3921
f 3921 3922 3923
f 3921 3923 3924
f 3924 3915 3914
f 3924 3914 3921
f 3918 3565 3925
f 3565 3578 3925
f 3577 3578 3925
f 3577 3925 3926
f 3925 3926 3927
f 3925 3927 3928
f 3919 3918 3925
f 3919 3925 3928
f 3922 3571 3929
f 3571 3584 3929
f 3930 3583 3584
f 3930 3584 3929
f 3929 3930 3931
f 3929 3931 3932
f 3932 3923 3922
f 3932 3922 3929
f 3926 3577 3933
f 3577 3590 3933
f 3589 3590 3933
f 3589 3933 3934
f 3933 3934 3935
f 3933 3935 3936
f 3927 3926 3933
f 3927 3933 3936
f 3930 3583 3937
f 3583 3596 3937
f 3938 3595 3596
f 3938 3596 3937
f 3937 3938 3939
f 3937 3939 3940
f 3940 3931 3930
f 3940 3930 3937
f 3941 3942 3934
f 3941 3934 3589
f 3941 3589 3602
f 3941 3602 3943
f 3602 3601 3943
f 3934 3935 3942
f 3941 3943 3944
f 3941 3942 3944
f 3945 3946 3947
f 3945 3947 3948
f 3945 3948 3949
f 3945 3949 3950
f 3945 3950 3951
f 3945 3951 3946
f 3938 3595 3952
f 3595 3608 3952
f 3953 3607 3608
f 3953 3608 3952
f 3953 3948 3947
f 3953 3947 3952
f 3954 3946 3947
f 3954 3947 3952
f 3954 3939 3938
f 3954 3938 3952
f 3601 3943 3955
f 3601 3613 3955
f 3613 3616 3956
f 3956 3613 3955
f 3956 3955 3957
f 3957 3955 3943
f 3957 3943 3958
f 3943 3944 3958
f 3959 3948 3949
f 3959 3949 3960
f 3959 3618 3623
f 3959 3623 3960
f 3961 3622 3623
f 3961 3623 3960
f 3960 3961 3962
f 3960 3962 3963
f 3963 3950 3949
f 3963 3949 3960
f 3953 3607 3964
f 3607 3627 3964
f 3627 3618 3964
f 3618 3959 3964
f 3959 3948 3964
f 3948 3953 3964
f 3965 3966 3956
f 3965 3956 3616
f 3965 3616 3632
f 3965 3632 3967
f 3632 3631 3967
f 3956 3957 3966
f 3965 3967 3968
f 3965 3966 3968
f 3969 3970 3971
f 3969 3971 3972
f 3969 3972 3973
f 3969 3973 3974
f 3969 3974 3975
f 3969 3975 3970
f 3961 3622 3976
f 3622 3638 3976
f 3977 3637 3638
f 3977 3638 3976
f 3977 3972 3971
f 3977 3971 3976
f 3978 3970 3971
f 3978 3971 3976
f 3978 3962 3961
f 3978 3961 3976
f 3631 3967 3979
f 3631 3643 3979
f 3643 3646 3980
f 3980 3643 3979
f 3980 3979 3981
f 3981 3979 3967
f 3981 3967 3982
f 3967 3968 3982
f 3983 3972 3973
f 3983 3973 3984
f 3983 3648 3653
f 3983 3653 3984
f 3985 3652 3653
f 3985 3653 3984
f 3984 3985 3986
f 3984 3986 3987
f 3987 3974 3973
f 3987 3973 3984
f 3977 3637 3988
f 3637 3657 3988
f 3657 3648 3988
f 3648 3983 3988
f 3983 3972 3988
f 3972 3977 3988
f 3989 3990 3980
f 3989 3980 3646
f 3646 3661 3989
f 3980 3981 3990
f 3661 3664 3991
f 3992 3991 3661
f 3992 3661 3989
f 3989 3990 3992
f 3993 3994 3995
f 3995 3666 3671
f 3995 3671 3993
f 3996 3670 3671
f 3996 3671 3993
f 3993 3996 3997
f 3993 3997 3998
f 3993 3998 3994
f 3985 3652 3999
f 3652 3675 3999
f 3675 3666 3999
f 3666 3995 3999
f 4000 3994 3995
f 4000 3995 3999
f 4000 3986 3985
f 4000 3985 3999
f 4001 4002 3991
f 4001 3991 3664
f 3664 3679 4001
f 3991 3992 4002
f 4003 4004 4005
f 4003 4005 4006
f 4006 3682 3679
f 4006 3679 4003
f 3679 4001 4003
f 4002 4001 4003
f 4002 4003 4007
f 4003 4007 4004
f 4005 4006 4008
f 4005 4004 4008
f 4009 4010 4011
f 4009 4011 4012
f 4009 4012 4013
f 4009 4013 4014
f 4009 4014 4015
f 4009 4015 4010
f 4016 4017 4018
f 4018 3684 3689
f 4018 3689 4016
f 4019 3688 3689
f 4019 3689 4016
f 4019 4012 4011
f 4019 4011 4016
f 4020 4010 4011
f 4020 4011 4016
f 4016 4020 4017
f 3996 3670 4021
f 3670 3693 4021
f 3693 3684 4021
f 3684 4018 4021
f 4022 4017 4018
f 4022 4018 4021
f 4022 3997 3996
f 4022 3996 4021
f 3682 4006 4023
f 3682 3697 4023
f 4024 4025 4026
f 3701 3705 4024
f 3701 4024 4026
f 3705 3697 4024
f 3697 4023 4024
f 4023 4006 4024
f 4008 4006 4024
f 4008 4024 4025
f 4027 4028 4029
f 4027 4029 4030
f 4030 3706 3701
f 4030 3701 4027
f 3701 4026 4027
f 4025 4026 4027
f 4025 4027 4031
f 4027 4031 4028
f 4029 4030 4032
f 4029 4028 4032
f 4033 4034 4035
f 4033 4035 4036
f 4033 4036 4037
f 4033 4037 4038
f 4033 4038 4039
f 4033 4039 4034
f 4040 4041 4042
f 4042 3708 3713
f 4042 3713 4040
f 4043 3712 3713
f 4043 3713 4040
f 4043 4036 4035
f 4043 4035 4040
f 4044 4034 4035
f 4044 4035 4040
f 4040 4044 4041
f 4045 4012 4013
f 4045 4013 4046
f 4045 3715 3719
f 4045 3719 4046
f 3719 3708 4046
f 3708 4042 4046
f 4047 4041 4042
f 4047 4042 4046
f 4047 4014 4013
f 4047 4013 4046
f 4019 3688 4048
f 3688 3723 4048
f 3723 3715 4048
f 3715 4045 4048
f 4045 4012 4048
f 4012 4019 4048
f 3706 4030 4049
f 3706 3729 4049
f 4050 4051 4052
f 3733 3737 4050
f 3733 4050 4052
f 3737 3729 4050
f 3729 4049 4050
f 4049 4030 4050
f 4032 4030 4050
f 4032 4050 4051
f 4053 4054 4055
f 3739 3743 4053
f 3739 4053 4055
f 3743 3733 4053
f 3733 4052 4053
f 4056 4051 4052
f 4056 4052 4053
f 4053 4056 4054
f 4057 4058 4059
f 4059 3745 3749
f 4059 3749 4057
f 3749 3739 4057
f 3739 4055 4057
f 4060 4054 4055
f 4060 4055 4057
f 4057 4060 4058
f 4061 4062 4063
f 4063 3751 3755
f 4063 3755 4061
f 3755 3745 4061
f 3745 4059 4061
f 4064 4058 4059
f 4064 4059 4061
f 4061 4064 4062
f 4065 4066 4067
f 4067 3757 3761
f 4067 3761 4065
f 3761 3751 4065
f 3751 4063 4065
f 4068 4062 4063
f 4068 4063 4065
f 4065 4068 4066
f 4069 4036 4037
f 4069 4037 4070
f 4069 3763 3767
f 4069 3767 4070
f 3767 3757 4070
f 3757 4067 4070
f 4071 4066 4067
f 4071 4067 4070
f 4071 4038 4037
f 4071 4037 4070
f 4043 3712 4072
f 3712 3771 4072
f 3771 3763 4072
f 3763 4069 4072
f 4069 4036 4072
f 4036 4043 4072
f 4073 4074 4075
f 4073 4075 4076
f 4073 4076 4077
f 4073 4077 4078
f 4073 4078 4079
f 4073 4079 4074
f 4080 4081 4082
f 4082 3790 3794
f 4082 3794 4080
f 4083 3793 3794
f 4083 3794 4080
f 4083 4076 4075
f 4083 4075 4080
f 4084 4074 4075
f 4084 4075 4080
f 4080 4084 4081
f 4085 4086 4087
f 4087 3796 3798
f 4087 3798 4085
f 3798 3790 4085
f 3790 4082 4085
f 4088 4081 4082
f 4088 4082 4085
f 4085 4088 4086
f 4089 4090 4091
f 4091 3800 3802
f 4091 3802 4089
f 3802 3796 4089
f 3796 4087 4089
f 4092 4086 4087
f 4092 4087 4089
f 4089 4092 4090
f 4093 4094 4095
f 4093 4095 4096
f 4096 3804 3800
f 4096 3800 4093
f 3800 4091 4093
f 4090 4091 4093
f 4090 4093 4097
f 4093 4097 4094
f 4095 4096 4098
f 4095 4094 4098
f 4099 4100 4101
f 4099 4101 4102
f 4099 4102 4103
f 4099 4103 4104
f 4099 4104 4105
f 4099 4105 4100
f 4106 4107 4108
f 4108 3806 3810
f 4108 3810 4106
f 4109 3809 3810
f 4109 3810 4106
f 4109 4102 4101
f 4109 4101 4106
f 4110 4100 4101
f 4110 4101 4106
f 4106 4110 4107
f 4111 4112 4113
f 4113 3812 3814
f 4113 3814 4111
f 3814 3806 4111
f 3806 4108 4111
f 4114 4107 4108
f 4114 4108 4111
f 4111 4114 4112
f 4115 4076 4077
f 4115 4077 4116
f 4115 3816 3818
f 4115 3818 4116
f 3818 3812 4116
f 3812 4113 4116
f 4117 4112 4113
f 4117 4113 4116
f 4117 4078 4077
f 4117 4077 4116
f 4083 3793 4118
f 3793 3820 4118
f 3820 3816 4118
f 3816 4115 4118
f 4115 4076 4118
f 4076 4083 4118
f 3804 4096 4119
f 3804 3821 4119
f 4120 4121 4122
f 3824 3826 4120
f 3824 4120 4122
f 3826 3821 4120
f 3821 4119 4120
f 4119 4096 4120
f 4121 4098 4096
f 4121 4096 4120
f 4123 4124 4125
f 4125 3828 3830
f 4125 3830 4123
f 3830 3824 4123
f 3824 4122 4123
f 4126 4121 4122
f 4126 4122 4123
f 4123 4126 4124
f 4127 4128 4129
f 4127 4129 4130
f 3832 3828 4127
f 3832 4127 4130
f 3828 4125 4127
f 4124 4125 4127
f 4124 4127 4131
f 4127 4131 4128
f 4129 4130 4132
f 4129 4128 4132
f 4133 4134 4135
f 4133 4135 4136
f 4133 4136 4137
f 4133 4137 4138
f 4133 4138 4139
f 4133 4139 4134
f 4140 4102 4103
f 4140 4103 4141
f 4140 3835 3838
f 4140 3838 4141
f 4142 3837 3838
f 4142 3838 4141
f 4142 4136 4135
f 4142 4135 4141
f 4143 4134 4135
f 4143 4135 4141
f 4143 4104 4103
f 4143 4103 4141
f 4109 3809 4144
f 3809 3840 4144
f 3840 3835 4144
f 3835 4140 4144
f 4140 4102 4144
f 4102 4109 4144
f 3832 4130 4145
f 3832 3841 4145
f 4146 4147 4148
f 4146 4148 4149
f 4149 3845 3841
f 4149 3841 4146
f 3841 4145 4146
f 4145 4130 4146
f 4147 4132 4130
f 4147 4130 4146
f 4148 4149 4150
f 4148 4147 4150
f 4151 4152 4153
f 4151 4153 4154
f 4151 4154 4155
f 4151 4155 4156
f 4151 4156 4157
f 4151 4157 4152
f 4158 4136 4137
f 4158 4137 4159
f 4158 3848 3851
f 4158 3851 4159
f 4160 3850 3851
f 4160 3851 4159
f 4160 4154 4153
f 4160 4153 4159
f 4161 4152 4153
f 4161 4153 4159
f 4161 4138 4137
f 4161 4137 4159
f 4142 3837 4162
f 3837 3852 4162
f 3852 3848 4162
f 3848 4158 4162
f 4158 4136 4162
f 4136 4142 4162
f 3845 4149 4163
f 3845 3853 4163
f 4164 4165 4166
f 4164 4166 4167
f 4167 3857 3853
f 4167 3853 4164
f 3853 4163 4164
f 4163 4149 4164
f 4150 4149 4164
f 4150 4164 4165
f 4166 4167 4168
f 4166 4165 4168
f 4169 4170 4171
f 4169 4171 4172
f 4169 4172 4173
f 4169 4173 4174
f 4169 4174 4175
f 4169 4175 4170
f 4176 4154 4155
f 4176 4155 4177
f 4176 3859 3863
f 4176 3863 4177
f 4178 3862 3863
f 4178 3863 4177
f 4178 4172 4171
f 4178 4171 4177
f 4179 4170 4171
f 4179 4171 4177
f 4179 4156 4155
f 4179 4155 4177
f 4160 3850 4180
f 3850 3864 4180
f 3864 3859 4180
f 3859 4176 4180
f 4176 4154 4180
f 4154 4160 4180
f 3857 4167 4181
f 3857 3865 4181
f 4182 4183 4184
f 4182 4184 4185
f 3868 3865 4182
f 3868 4182 4185
f 3865 4181 4182
f 4181 4167 4182
f 4168 4167 4182
f 4168 4182 4183
f 4184 4185 4186
f 4184 4183 4186
f 4187 4172 4173
f 4187 4173 4188
f 4187 3870 3874
f 4187 3874 4188
f 4189 3873 3874
f 4189 3874 4188
f 4188 4189 4190
f 4188 4190 4191
f 4191 4174 4173
f 4191 4173 4188
f 4178 3862 4192
f 3862 3876 4192
f 3876 3870 4192
f 3870 4187 4192
f 4187 4172 4192
f 4172 4178 4192
f 3868 4185 4193
f 3868 3877 4193
f 3877 3880 4194
f 4195 4194 3877
f 4195 3877 4193
f 4195 4193 4185
f 4195 4185 4196
f 4185 4186 4196
f 4197 4198 4199
f 4197 4199 4200
f 4197 4200 4201
f 4197 4201 4202
f 4197 4202 4203
f 4197 4203 4198
f 4189 3873 4204
f 3873 3884 4204
f 4205 3883 3884
f 4205 3884 4204
f 4205 4200 4199
f 4205 4199 4204
f 4206 4198 4199
f 4206 4199 4204
f 4206 4190 4189
f 4206 4189 4204
f 4207 4208 4194
f 4207 4194 3880
f 4207 3880 3888
f 4207 3888 4209
f 3888 3887 4209
f 4194 4195 4208
f 4207 4209 4210
f 4207 4208 4210
f 4211 4200 4201
f 4211 4201 4212
f 4211 3890 3894
f 4211 3894 4212
f 4213 3893 3894
f 4213 3894 4212
f 4212 4213 4214
f 4212 4214 4215
f 4215 4202 4201
f 4215 4201 4212
f 4205 3883 4216
f 3883 3896 4216
f 3896 3890 4216
f 3890 4211 4216
f 4211 4200 4216
f 4200 4205 4216
f 3887 4209 4217
f 3887 3898 4217
f 3898 3900 4218
f 4219 4218 3898
f 4219 3898 4217
f 4219 4217 4209
f 4219 4209 4220
f 4209 4210 4220
f 4213 3893 4221
f 3893 3904 4221
f 4222 3903 3904
f 4222 3904 4221
f 4221 4222 4223
f 4221 4223 4224
f 4224 4214 4213
f 4224 4213 4221
f 4218 3900 4225
f 3900 3908 4225
f 3907 3908 4225
f 3907 4225 4226
f 4225 4226 4227
f 4225 4227 4228
f 4219 4218 4225
f 4219 4225 4228
f 4222 3903 4229
f 3903 3912 4229
f 4230 3911 3912
f 4230 3912 4229
f 4229 4230 4231
f 4229 4231 4232
f 4232 4223 4222
f 4232 4222 4229
f 4226 3907 4233
f 3907 3916 4233
f 3915 3916 4233
f 3915 4233 4234
f 4233 4234 4235
f 4233 4235 4236
f 4227 4226 4233
f 4227 4233 4236
f 4230 3911 4237
f 3911 3920 4237
f 4238 3919 3920
f 4238 3920 4237
f 4237 4238 4239
f 4237 4239 4240
f 4240 4231 4230
f 4240 4230 4237
f 4234 3915 4241
f 3915 3924 4241
f 3923 3924 4241
f 3923 4241 4242
f 4241 4242 4243
f 4241 4243 4244
f 4235 4234 4241
f 4235 4241 4244
f 4238 3919 4245
f 3919 3928 4245
f 4246 3927 3928
f 4246 3928 4245
f 4245 4246 4247
f 4245 4247 4248
f 4248 4239 4238
f 4248 4238 4245
f 4242 3923 4249
f 3923 3932 4249
f 3931 3932 4249
f 3931 4249 4250
f 4249 4250 4251
f 4249 4251 4252
f 4252 4243 4242
f 4252 4242 4249
f 4246 3927 4253
f 3927 3936 4253
f 4254 3935 3936
f 4254 3936 4253
f 4253 4254 4255
f 4253 4255 4256
f 4256 4247 4246
f 4256 4246 4253
f 4250 3931 4257
f 3931 3940 4257
f 4258 3939 3940
f 4258 3940 4257
f 4257 4258 4259
f 4257 4259 4260
f 4260 4251 4250
f 4260 4250 4257
f 4254 3935 4261
f 4262 3942 3935
f 4262 3935 4261
f 4261 4262 4263
f 4261 4263 4264
f 4261 4264 4265
f 4255 4254 4261
f 4255 4261 4265
f 3942 3944 4266
f 3942 4262 4266
f 3951 3946 4267
f 3951 3950 4267
f 4258 3939 4268
f 3939 3954 4268
f 3954 3946 4268
f 4269 4267 3946
f 4269 3946 4268
f 4268 4269 4270
f 4259 4258 4268
f 4259 4268 4270
f 4263 4262 4271
f 4263 4264 4271
f 4266 3944 4272
f 3944 3958 4272
f 3957 3958 4272
f 3957 4272 4273
f 4272 4273 4274
f 4274 4271 4262
f 4274 4262 4272
f 4262 4266 4272
f 4275 4267 3950
f 4275 3950 4276
f 3950 3963 4276
f 3962 3963 4276
f 3962 4276 4277
f 4276 4277 4278
f 4276 4278 4279
f 4276 4279 4275
f 4267 4275 4280
f 4267 4269 4280
f 4273 3957 4281
f 4282 3966 3957
f 4282 3957 4281
f 4281 4282 4283
f 4281 4283 4284
f 4281 4284 4285
f 4285 4274 4273
f 4285 4273 4281
f 3966 3968 4286
f 3966 4282 4286
f 3975 3970 4287
f 3975 3974 4287
f 4277 3962 4288
f 3962 3978 4288
f 3978 3970 4288
f 4289 4287 3970
f 4289 3970 4288
f 4288 4289 4290
f 4290 4278 4277
f 4290 4277 4288
f 4283 4282 4291
f 4283 4284 4291
f 4286 3968 4292
f 3968 3982 4292
f 3981 3982 4292
f 3981 4292 4293
f 4292 4293 4294
f 4291 4282 4292
f 4291 4292 4294
f 4282 4286 4292
f 4295 4287 3974
f 4295 3974 4296
f 3974 3987 4296
f 4297 3986 3987
f 4297 3987 4296
f 4296 4297 4298
f 4296 4298 4299
f 4296 4299 4295
f 4287 4295 4300
f 4287 4289 4300
f 4301 4302 4293
f 4301 4293 3981
f 3981 3990 4301
f 4293 4294 4302
f 3990 3992 4303
f 4303 3990 4301
f 4303 4301 4304
f 4301 4302 4304
f 4305 4306 4307
f 4307 3994 3998
f 4307 3998 4305
f 4308 3997 3998
f 4308 3998 4305
f 4305 4308 4309
f 4305 4309 4310
f 4305 4310 4306
f 4297 3986 4311
f 3986 4000 4311
f 4000 3994 4311
f 3994 4307 4311
f 4312 4306 4307
f 4312 4307 4311
f 4298 4297 4311
f 4298 4311 4312
f 4313 4303 3992
f 4313 3992 4314
f 3992 4002 4314
f 4303 4304 4313
f 4007 4004 4315
f 4316 4315 4007
f 4316 4007 4002
f 4316 4002 4314
f 4316 4314 4317
f 4314 4313 4317
f 4004 4008 4318
f 4004 4315 4318
f 4015 4010 4319
f 4015 4014 4319
f 4320 4321 4322
f 4322 4017 4020
f 4322 4020 4320
f 4020 4010 4320
f 4323 4319 4010
f 4323 4010 4320
f 4320 4323 4324
f 4320 4324 4321
f 4308 3997 4325
f 3997 4022 4325
f 4022 4017 4325
f 4017 4322 4325
f 4321 4322 4325
f 4321 4325 4326
f 4326 4309 4308
f 4326 4308 4325
f 4316 4315 4327
f 4316 4317 4327
f 4328 4318 4008
f 4328 4008 4329
f 4008 4025 4329
f 4315 4327 4330
f 4330 4315 4318
f 4330 4318 4328
f 4031 4028 4331
f 4332 4331 4031
f 4332 4031 4025
f 4332 4025 4329
f 4332 4329 4333
f 4329 4328 4333
f 4028 4032 4334
f 4028 4331 4334
f 4039 4034 4335
f 4039 4038 4335
f 4336 4337 4338
f 4041 4044 4336
f 4041 4336 4338
f 4044 4034 4336
f 4339 4335 4034
f 4339 4034 4336
f 4336 4339 4340
f 4336 4340 4337
f 4341 4319 4014
f 4341 4014 4342
f 4014 4047 4342
f 4047 4041 4342
f 4041 4338 4342
f 4343 4337 4338
f 4343 4338 4342
f 4342 4343 4341
f 4319 4341 4344
f 4319 4323 4344
f 4332 4331 4345
f 4332 4333 4345
f 4346 4334 4032
f 4346 4032 4347
f 4032 4051 4347
f 4331 4345 4348
f 4348 4331 4334
f 4348 4334 4346
f 4349 4350 4351
f 4054 4056 4349
f 4054 4349 4351
f 4056 4051 4349
f 4051 4347 4349
f 4346 4347 4349
f 4346 4349 4352
f 4349 4352 4350
f 4353 4354 4355
f 4058 4060 4353
f 4058 4353 4355
f 4060 4054 4353
f 4054 4351 4353
f 4350 4351 4353
f 4350 4353 4356
f 4353 4356 4354
f 4357 4358 4359
f 4062 4064 4357
f 4062 4357 4359
f 4064 4058 4357
f 4058 4355 4357
f 4354 4355 4357
f 4354 4357 4360
f 4357 4360 4358
f 4361 4362 4363
f 4363 4066 4068
f 4363 4068 4361
f 4068 4062 4361
f 4062 4359 4361
f 4358 4359 4361
f 4358 4361 4364
f 4361 4364 4362
f 4365 4335 4038
f 4365 4038 4366
f 4038 4071 4366
f 4071 4066 4366
f 4066 4363 4366
f 4362 4363 4366
f 4362 4366 4367
f 4366 4367 4365
f 4335 4365 4368
f 4335 4339 4368
f 4079 4074 4369
f 4079 4078 4369
f 4084 4081 4370
f 4370 4084 4074
f 4370 4074 4371
f 4074 4369 4371
f 4088 4086 4372
f 4372 4088 4081
f 4372 4081 4373
f 4081 4370 4373
f 4092 4090 4374
f 4374 4092 4086
f 4374 4086 4375
f 4086 4372 4375
f 4097 4094 4376
f 4377 4376 4097
f 4377 4097 4090
f 4090 4374 4377
f 4094 4098 4378
f 4094 4376 4378
f 4105 4100 4379
f 4105 4104 4379
f 4110 4107 4380
f 4380 4110 4100
f 4380 4100 4381
f 4100 4379 4381
f 4114 4112 4382
f 4382 4114 4107
f 4382 4107 4383
f 4107 4380 4383
f 4078 4369 4384
f 4384 4078 4117
f 4384 4117 4385
f 4385 4117 4112
f 4385 4112 4386
f 4112 4382 4386
f 4370 4371 4387
f 4370 4387 4388
f 4387 4388 4389
f 4387 4389 4390
f 4385 4384 4387
f 4385 4387 4390
f 4384 4369 4387
f 4369 4371 4387
f 4372 4373 4391
f 4372 4391 4392
f 4391 4392 4393
f 4391 4393 4394
f 4389 4388 4391
f 4389 4391 4394
f 4388 4370 4391
f 4370 4373 4391
f 4374 4375 4395
f 4374 4395 4396
f 4395 4396 4397
f 4395 4397 4398
f 4393 4392 4395
f 4393 4395 4398
f 4392 4372 4395
f 4372 4375 4395
f 4399 4376 4377
f 4399 4377 4400
f 4400 4399 4401
f 4400 4401 4402
f 4397 4396 4400
f 4397 4400 4402
f 4396 4374 4400
f 4374 4377 4400
f 4378 4098 4403
f 4404 4121 4098
f 4404 4098 4403
f 4403 4404 4405
f 4401 4399 4403
f 4401 4403 4405
f 4399 4376 4403
f 4376 4378 4403
f 4126 4124 4406
f 4406 4126 4121
f 4406 4121 4407
f 4121 4404 4407
f 4131 4128 4408
f 4409 4408 4131
f 4409 4131 4124
f 4124 4406 4409
f 4128 4132 4410
f 4128 4408 4410
f 4139 4134 4411
f 4139 4138 4411
f 4104 4379 4412
f 4413 4412 4104
f 4413 4104 4143
f 4413 4143 4134
f 4413 4134 4414
f 4134 4411 4414
f 4380 4381 4415
f 4380 4415 4416
f 4415 4416 4417
f 4415 4417 4418
f 4413 4412 4415
f 4413 4415 4418
f 4412 4379 4415
f 4379 4381 4415
f 4382 4383 4419
f 4382 4419 4420
f 4419 4420 4421
f 4419 4421 4422
f 4417 4416 4419
f 4417 4419 4422
f 4416 4380 4419
f 4380 4383 4419
f 4386 4385 4423
f 4420 4421 4424
f 4425 4424 4420
f 4425 4420 4382
f 4423 4425 4382
f 4423 4382 4386
f 4390 4389 4426
f 4385 4423 4427
f 4426 4427 4385
f 4426 4385 4390
f 4394 4393 4428
f 4389 4426 4429
f 4428 4429 4389
f 4428 4389 4394
f 4398 4397 4430
f 4393 4428 4431
f 4430 4431 4393
f 4430 4393 4398
f 4402 4401 4432
f 4397 4430 4433
f 4432 4433 4397
f 4432 4397 4402
f 4404 4405 4434
f 4404 4434 4435
f 4434 4435 4436
f 4434 4436 4437
f 4434 4437 4438
f 4438 4432 4401
f 4438 4401 4434
f 4401 4405 4434
f 4406 4407 4439
f 4406 4439 4440
f 4439 4440 4441
f 4439 4441 4442
f 4442 4436 4435
f 4442 4435 4439
f 4435 4404 4439
f 4404 4407 4439
f 4443 4408 4409
f 4443 4409 4444
f 4444 4443 4445
f 4444 4445 4446
f 4441 4440 4444
f 4441 4444 4446
f 4440 4406 4444
f 4406 4409 4444
f 4410 4132 4447
f 4147 4132 4447
f 4147 4447 4448
f 4447 4448 4449
f 4445 4443 4447
f 4445 4447 4449
f 4443 4408 4447
f 4408 4410 4447
f 4147 4150 4450
f 4147 4448 4450
f 4157 4152 4451
f 4157 4156 4451
f 4138 4411 4452
f 4453 4452 4138
f 4453 4138 4161
f 4453 4161 4152
f 4453 4152 4454
f 4152 4451 4454
f 4413 4414 4455
f 4413 4455 4456
f 4455 4456 4457
f 4455 4457 4458
f 4453 4452 4455
f 4453 4455 4458
f 4452 4411 4455
f 4411 4414 4455
f 4418 4417 4459
f 4456 4457 4460
f 4461 4460 4456
f 4461 4456 4413
f 4459 4461 4413
f 4459 4413 4418
f 4422 4421 4462
f 4417 4459 4463
f 4463 4417 4422
f 4463 4422 4462
f 4421 4462 4464
f 4421 4424 4464
f 4437 4436 4465
f 4437 4438 4465
f 4442 4441 4466
f 4436 4465 4467
f 4466 4467 4436
f 4466 4436 4442
f 4445 4446 4468
f 4445 4468 4469
f 4468 4469 4470
f 4468 4470 4471
f 4468 4471 4472
f 4472 4466 4441
f 4472 4441 4468
f 4441 4446 4468
f 4473 4448 4449
f 4473 4449 4474
f 4474 4473 4475
f 4474 4475 4476
f 4476 4470 4469
f 4476 4469 4474
f 4469 4445 4474
f 4445 4449 4474
f 4450 4150 4477
f 4478 4165 4150
f 4478 4150 4477
f 4477 4478 4479
f 4475 4473 4477
f 4475 4477 4479
f 4473 4448 4477
f 4448 4450 4477
f 4165 4168 4480
f 4165 4478 4480
f 4175 4170 4481
f 4175 4174 4481
f 4156 4451 4482
f 4483 4482 4156
f 4483 4156 4179
f 4483 4179 4170
f 4483 4170 4484
f 4170 4481 4484
f 4453 4454 4485
f 4453 4485 4486
f 4485 4486 4487
f 4485 4487 4488
f 4483 4482 4485
f 4483 4485 4488
f 4482 4451 4485
f 4451 4454 4485
f 4458 4457 4489
f 4486 4487 4490
f 4491 4490 4486
f 4491 4486 4453
f 4491 4453 4458
f 4491 4458 4489
f 4457 4489 4492
f 4457 4460 4492
f 4471 4470 4493
f 4471 4472 4493
f 4475 4476 4494
f 4475 4494 4495
f 4494 4495 4496
f 4494 4496 4497
f 4494 4497 4498
f 4498 4493 4470
f 4498 4470 4494
f 4470 4476 4494
f 4499 4478 4479
f 4499 4479 4500
f 4500 4499 4501
f 4500 4501 4502
f 4502 4496 4495
f 4502 4495 4500
f 4495 4475 4500
f 4475 4479 4500
f 4480 4168 4503
f 4504 4183 4168
f 4504 4168 4503
f 4503 4504 4505
f 4501 4499 4503
f 4501 4503 4505
f 4499 4478 4503
f 4478 4480 4503
f 4183 4186 4506
f 4183 4504 4506
f 4174 4481 4507
f 4508 4507 4174
f 4508 4174 4191
f 4191 4190 4508
f 4483 4484 4509
f 4483 4509 4510
f 4509 4510 4511
f 4509 4511 4512
f 4508 4507 4509
f 4508 4509 4512
f 4507 4481 4509
f 4481 4484 4509
f 4488 4487 4513
f 4510 4511 4514
f 4515 4514 4510
f 4515 4510 4483
f 4515 4483 4488
f 4515 4488 4513
f 4487 4513 4516
f 4487 4490 4516
f 4497 4496 4517
f 4497 4498 4517
f 4501 4502 4518
f 4501 4518 4519
f 4518 4519 4520
f 4518 4520 4521
f 4518 4521 4522
f 4522 4517 4496
f 4522 4496 4518
f 4496 4502 4518
f 4523 4504 4505
f 4523 4505 4524
f 4524 4523 4525
f 4524 4525 4526
f 4526 4520 4519
f 4526 4519 4524
f 4519 4501 4524
f 4501 4505 4524
f 4506 4186 4527
f 4186 4196 4527
f 4195 4196 4527
f 4195 4527 4528
f 4525 4523 4527
f 4525 4527 4528
f 4523 4504 4527
f 4504 4506 4527
f 4203 4198 4529
f 4203 4202 4529
f 4190 4508 4530
f 4530 4190 4206
f 4530 4206 4531
f 4531 4206 4198
f 4531 4198 4532
f 4198 4529 4532
f 4512 4511 4533
f 4530 4531 4534
f 4535 4534 4530
f 4535 4530 4508
f 4533 4535 4508
f 4533 4508 4512
f 4511 4533 4536
f 4511 4514 4536
f 4521 4520 4537
f 4521 4522 4537
f 4538 4525 4526
f 4538 4526 4539
f 4539 4538 4540
f 4539 4540 4541
f 4539 4541 4542
f 4542 4537 4520
f 4542 4520 4539
f 4520 4526 4539
f 4528 4195 4543
f 4544 4208 4195
f 4544 4195 4543
f 4543 4544 4545
f 4545 4540 4538
f 4545 4538 4543
f 4538 4525 4543
f 4525 4528 4543
f 4208 4210 4546
f 4208 4544 4546
f 4202 4529 4547
f 4548 4547 4202
f 4548 4202 4215
f 4215 4214 4548
f 4531 4532 4549
f 4531 4549 4550
f 4549 4550 4551
f 4549 4551 4552
f 4548 4547 4549
f 4548 4549 4552
f 4547 4529 4549
f 4529 4532 4549
f 4550 4551 4553
f 4554 4553 4550
f 4554 4550 4531
f 4531 4534 4554
f 4540 4541 4555
f 4540 4555 4556
f 4555 4556 4557
f 4555 4557 4558
f 4555 4558 4559
f 4555 4559 4560
f 4560 4542 4541
f 4560 4541 4555
f 4561 4544 4545
f 4561 4545 4562
f 4562 4561 4563
f 4562 4563 4564
f 4564 4557 4556
f 4564 4556 4562
f 4556 4540 4562
f 4540 4545 4562
f 4546 4210 4565
f 4210 4220 4565
f 4219 4220 4565
f 4219 4565 4566
f 4563 4561 4565
f 4563 4565 4566
f 4561 4544 4565
f 4544 4546 4565
f 4214 4548 4567
f 4567 4214 4224
f 4567 4224 4568
f 4224 4223 4568
f 4551 4552 4569
f 4551 4569 4570
f 4569 4570 4571
f 4569 4571 4572
f 4568 4567 4569
f 4568 4569 4572
f 4567 4548 4569
f 4548 4552 4569
f 4570 4571 4573
f 4574 4573 4570
f 4574 4570 4551
f 4551 4553 4574
f 4557 4558 4575
f 4557 4575 4576
f 4575 4576 4577
f 4575 4577 4578
f 4575 4578 4579
f 4575 4579 4580
f 4580 4559 4558
f 4580 4558 4575
f 4581 4563 4564
f 4581 4564 4582
f 4582 4581 4583
f 4582 4583 4584
f 4584 4577 4576
f 4584 4576 4582
f 4576 4557 4582
f 4557 4564 4582
f 4566 4219 4585
f 4219 4228 4585
f 4586 4227 4228
f 4586 4228 4585
f 4583 4581 4585
f 4583 4585 4586
f 4581 4563 4585
f 4563 4566 4585
f 4223 4568 4587
f 4587 4223 4232
f 4587 4232 4588
f 4232 4231 4588
f 4571 4572 4589
f 4571 4589 4590
f 4589 4590 4591
f 4589 4591 4592
f 4588 4587 4589
f 4588 4589 4592
f 4587 4568 4589
f 4568 4572 4589
f 4590 4591 4593
f 4594 4593 4590
f 4594 4590 4571
f 4571 4573 4594
f 4577 4578 4595
f 4577 4595 4596
f 4595 4596 4597
f 4595 4597 4598
f 4595 4598 4599
f 4595 4599 4600
f 4579 4578 4595
f 4579 4595 4600
f 4601 4583 4584
f 4601 4584 4602
f 4602 4601 4603
f 4602 4603 4604
f 4604 4597 4596
f 4604 4596 4602
f 4596 4577 4602
f 4577 4584 4602
f 4586 4227 4605
f 4227 4236 4605
f 4606 4235 4236
f 4606 4236 4605
f 4606 4603 4601
f 4606 4601 4605
f 4601 4583 4605
f 4583 4586 4605
f 4231 4588 4607
f 4607 4231 4240
f 4607 4240 4608
f 4240 4239 4608
f 4591 4592 4609
f 4591 4609 4610
f 4609 4610 4611
f 4609 4611 4612
f 4608 4607 4609
f 4608 4609 4612
f 4607 4588 4609
f 4588 4592 4609
f 4610 4611 4613
f 4614 4613 4610
f 4614 4610 4591
f 4591 4593 4614
f 4597 4598 4615
f 4597 4615 4616
f 4615 4616 4617
f 4615 4617 4618
f 4615 4618 4619
f 4615 4619 4620
f 4620 4599 4598
f 4620 4598 4615
f 4621 4603 4604
f 4621 4604 4622
f 4622 4621 4623
f 4622 4623 4624
f 4624 4617 4616
f 4624 4616 4622
f 4616 4597 4622
f 4597 4604 4622
f 4606 4235 4625
f 4235 4244 4625
f 4626 4243 4244
f 4626 4244 4625
f 4626 4623 4621
f 4626 4621 4625
f 4621 4603 4625
f 4603 4606 4625
f 4239 4608 4627
f 4627 4239 4248
f 4627 4248 4628
f 4248 4247 4628
f 4629 4611 4612
f 4629 4612 4630
f 4630 4629 4631
f 4630 4631 4632
f 4628 4627 4630
f 4628 4630 4632
f 4627 4608 4630
f 4608 4612 4630
f 4629 4631 4633
f 4633 4629 4611
f 4633 4611 4634
f 4611 4613 4634
f 4635 4617 4618
f 4635 4618 4636
f 4636 4635 4637
f 4636 4637 4638
f 4636 4638 4639
f 4636 4639 4640
f 4640 4619 4618
f 4640 4618 4636
f 4641 4623 4624
f 4641 4624 4642
f 4642 4641 4643
f 4642 4643 4644
f 4644 4637 4635
f 4644 4635 4642
f 4635 4617 4642
f 4617 4624 4642
f 4626 4243 4645
f 4243 4252 4645
f 4646 4251 4252
f 4646 4252 4645
f 4646 4643 4641
f 4646 4641 4645
f 4641 4623 4645
f 4623 4626 4645
f 4247 4628 4647
f 4647 4247 4256
f 4647 4256 4648
f 4256 4255 4648
f 4649 4631 4632
f 4649 4632 4650
f 4650 4649 4651
f 4650 4651 4652
f 4648 4647 4650
f 4648 4650 4652
f 4647 4628 4650
f 4628 4632 4650
f 4649 4651 4653
f 4653 4649 4631
f 4653 4631 4654
f 4631 4633 4654
f 4655 4637 4638
f 4655 4638 4656
f 4656 4655 4657
f 4656 4657 4658
f 4656 4658 4659
f 4656 4659 4660
f 4660 4639 4638
f 4660 4638 4656
f 4661 4643 4644
f 4661 4644 4662
f 4662 4661 4663
f 4662 4663 4664
f 4664 4657 4655
f 4664 4655 4662
f 4655 4637 4662
f 4637 4644 4662
f 4646 4251 4665
f 4251 4260 4665
f 4666 4259 4260
f 4666 4260 4665
f 4666 4663 4661
f 4666 4661 4665
f 4661 4643 4665
f 4643 4646 4665
f 4255 4648 4667
f 4667 4255 4265
f 4667 4265 4668
f 4265 4264 4668
f 4651 4652 4669
f 4651 4669 4670
f 4669 4670 4671
f 4669 4671 4672
f 4672 4668 4667
f 4672 4667 4669
f 4667 4648 4669
f 4648 4652 4669
f 4670 4671 4673
f 4674 4673 4670
f 4674 4670 4651
f 4651 4653 4674
f 4675 4657 4658
f 4675 4658 4676
f 4676 4675 4677
f 4676 4677 4678
f 4676 4678 4679
f 4676 4679 4680
f 4680 4659 4658
f 4680 4658 4676
f 4681 4663 4664
f 4681 4664 4682
f 4682 4681 4683
f 4682 4683 4684
f 4684 4677 4675
f 4684 4675 4682
f 4675 4657 4682
f 4657 4664 4682
f 4666 4259 4685
f 4259 4270 4685
f 4686 4269 4270
f 4686 4270 4685
f 4686 4683 4681
f 4686 4681 4685
f 4681 4663 4685
f 4663 4666 4685
f 4264 4668 4687
f 4264 4271 4687
f 4671 4672 4688
f 4671 4688 4689
f 4688 4689 4690
f 4690 4274 4271
f 4690 4271 4688
f 4271 4687 4688
f 4687 4668 4688
f 4668 4672 4688
f 4691 4692 4693
f 4691 4693 4694
f 4691 4694 4695
f 4690 4689 4691
f 4690 4691 4695
f 4689 4671 4691
f 4692 4673 4671
f 4692 4671 4691
f 4693 4694 4696
f 4693 4692 4696
f 4697 4698 4699
f 4697 4699 4700
f 4697 4700 4701
f 4697 4701 4702
f 4697 4702 4703
f 4697 4703 4698
f 4704 4677 4678
f 4704 4678 4705
f 4705 4704 4706
f 4705 4706 4707
f 4707 4700 4699
f 4707 4699 4705
f 4708 4698 4699
f 4708 4699 4705
f 4708 4679 4678
f 4708 4678 4705
f 4709 4683 4684
f 4709 4684 4710
f 4709 4275 4279
f 4709 4279 4710
f 4711 4278 4279
f 4711 4279 4710
f 4711 4706 4704
f 4711 4704 4710
f 4704 4677 4710
f 4677 4684 4710
f 4686 4269 4712
f 4269 4280 4712
f 4280 4275 4712
f 4275 4709 4712
f 4709 4683 4712
f 4683 4686 4712
f 4274 4690 4713
f 4713 4274 4285
f 4713 4285 4714
f 4285 4284 4714
f 4715 4694 4695
f 4715 4695 4716
f 4716 4715 4717
f 4716 4717 4718
f 4718 4714 4713
f 4718 4713 4716
f 4713 4690 4716
f 4690 4695 4716
f 4719 4720 4721
f 4719 4721 4722
f 4719 4722 4723
f 4717 4715 4719
f 4717 4719 4723
f 4715 4694 4719
f 4696 4694 4719
f 4696 4719 4720
f 4721 4722 4724
f 4721 4720 4724
f 4725 4726 4727
f 4725 4727 4728
f 4725 4728 4729
f 4725 4729 4730
f 4725 4730 4731
f 4725 4731 4726
f 4732 4700 4701
f 4732 4701 4733
f 4733 4732 4734
f 4733 4734 4735
f 4735 4728 4727
f 4735 4727 4733
f 4736 4726 4727
f 4736 4727 4733
f 4736 4702 4701
f 4736 4701 4733
f 4737 4706 4707
f 4737 4707 4738
f 4738 4737 4739
f 4738 4739 4740
f 4740 4734 4732
f 4740 4732 4738
f 4732 4700 4738
f 4700 4707 4738
f 4711 4278 4741
f 4278 4290 4741
f 4742 4289 4290
f 4742 4290 4741
f 4742 4739 4737
f 4742 4737 4741
f 4737 4706 4741
f 4706 4711 4741
f 4284 4714 4743
f 4284 4291 4743
f 4717 4718 4744
f 4717 4744 4745
f 4744 4745 4746
f 4746 4294 4291
f 4746 4291 4744
f 4291 4743 4744
f 4743 4714 4744
f 4714 4718 4744
f 4747 4722 4723
f 4747 4723 4748
f 4748 4747 4749
f 4748 4749 4750
f 4750 4746 4745
f 4750 4745 4748
f 4745 4717 4748
f 4717 4723 4748
f 4751 4752 4753
f 4751 4753 4754
f 4751 4754 4755
f 4749 4747 4751
f 4749 4751 4755
f 4747 4722 4751
f 4752 4724 4722
f 4752 4722 4751
f 4753 4754 4756
f 4753 4752 4756
f 4757 4758 4759
f 4757 4759 4760
f 4757 4760 4761
f 4757 4761 4762
f 4757 4762 4763
f 4757 4763 4758
f 4764 4728 4729
f 4764 4729 4765
f 4765 4764 4766
f 4765 4766 4767
f 4767 4760 4759
f 4767 4759 4765
f 4768 4758 4759
f 4768 4759 4765
f 4768 4730 4729
f 4768 4729 4765
f 4769 4734 4735
f 4769 4735 4770
f 4770 4769 4771
f 4770 4771 4772
f 4772 4766 4764
f 4772 4764 4770
f 4764 4728 4770
f 4728 4735 4770
f 4773 4739 4740
f 4773 4740 4774
f 4773 4295 4299
f 4773 4299 4774
f 4775 4298 4299
f 4775 4299 4774
f 4775 4771 4769
f 4775 4769 4774
f 4769 4734 4774
f 4734 4740 4774
f 4742 4289 4776
f 4289 4300 4776
f 4300 4295 4776
f 4295 4773 4776
f 4773 4739 4776
f 4739 4742 4776
f 4294 4746 4777
f 4294 4302 4777
f 4749 4750 4778
f 4749 4778 4779
f 4778 4779 4780
f 4780 4304 4302
f 4780 4302 4778
f 4302 4777 4778
f 4777 4746 4778
f 4746 4750 4778
f 4781 4754 4755
f 4781 4755 4782
f 4782 4781 4783
f 4782 4783 4784
f 4784 4780 4779
f 4784 4779 4782
f 4779 4749 4782
f 4749 4755 4782
f 4785 4786 4787
f 4785 4787 4788
f 4785 4788 4789
f 4783 4781 4785
f 4783 4785 4789
f 4781 4754 4785
f 4786 4756 4754
f 4786 4754 4785
f 4787 4788 4790
f 4787 4786 4790
f 4791 4792 4793
f 4791 4793 4794
f 4791 4794 4795
f 4791 4795 4796
f 4791 4796 4797
f 4791 4797 4792
f 4798 4760 4761
f 4798 4761 4799
f 4799 4798 4800
f 4799 4800 4801
f 4801 4794 4793
f 4801 4793 4799
f 4802 4792 4793
f 4802 4793 4799
f 4802 4762 4761
f 4802 4761 4799
f 4803 4766 4767
f 4803 4767 4804
f 4804 4803 4805
f 4804 4805 4806
f 4806 4800 4798
f 4806 4798 4804
f 4798 4760 4804
f 4760 4767 4804
f 4807 4771 4772
f 4807 4772 4808
f 4807 4306 4310
f 4807 4310 4808
f 4809 4309 4310
f 4809 4310 4808
f 4809 4805 4803
f 4809 4803 4808
f 4803 4766 4808
f 4766 4772 4808
f 4775 4298 4810
f 4298 4312 4810
f 4312 4306 4810
f 4306 4807 4810
f 4807 4771 4810
f 4771 4775 4810
f 4304 4780 4811
f 4304 4313 4811
f 4783 4784 4812
f 4783 4812 4813
f 4812 4813 4814
f 4814 4317 4313
f 4814 4313 4812
f 4313 4811 4812
f 4811 4780 4812
f 4780 4784 4812
f 4815 4788 4789
f 4815 4789 4816
f 4816 4815 4817
f 4816 4817 4818
f 4818 4814 4813
f 4818 4813 4816
f 4813 4783 4816
f 4783 4789 4816
f 4819 4820 4821
f 4819 4821 4822
f 4819 4822 4823
f 4823 4817 4815
f 4823 4815 4819
f 4815 4788 4819
f 4820 4790 4788
f 4820 4788 4819
f 4824 4825 4826
f 4824 4826 4827
f 4824 4827 4828
f 4822 4821 4824
f 4822 4824 4828
f 4829 4820 4821
f 4829 4821 4824
f 4824 4829 4825
f 4830 4831 4832
f 4830 4832 4833
f 4830 4833 4834
f 4827 4826 4830
f 4827 4830 4834
f 4835 4825 4826
f 4835 4826 4830
f 4830 4835 4831
f 4836 4837 4838
f 4836 4838 4839
f 4836 4839 4840
f 4833 4832 4836
f 4833 4836 4840
f 4841 4831 4832
f 4841 4832 4836
f 4836 4841 4837
f 4842 4843 4844
f 4842 4844 4845
f 4842 4845 4846
f 4846 4839 4838
f 4846 4838 4842
f 4847 4837 4838
f 4847 4838 4842
f 4842 4847 4843
f 4848 4849 4850
f 4848 4850 4851
f 4848 4851 4852
f 4852 4845 4844
f 4852 4844 4848
f 4853 4843 4844
f 4853 4844 4848
f 4848 4853 4849
f 4854 4855 4856
f 4854 4856 4857
f 4854 4857 4858
f 4858 4851 4850
f 4858 4850 4854
f 4859 4849 4850
f 4859 4850 4854
f 4854 4859 4855
f 4860 4794 4795
f 4860 4795 4861
f 4861 4860 4862
f 4861 4862 4863
f 4863 4857 4856
f 4863 4856 4861
f 4864 4855 4856
f 4864 4856 4861
f 4864 4796 4795
f 4864 4795 4861
f 4865 4800 4801
f 4865 4801 4866
f 4866 4865 4867
f 4866 4867 4868
f 4868 4862 4860
f 4868 4860 4866
f 4860 4794 4866
f 4794 4801 4866
f 4869 4805 4806
f 4869 4806 4870
f 4869 4321 4324
f 4869 4324 4870
f 4871 4323 4324
f 4871 4324 4870
f 4871 4867 4865
f 4871 4865 4870
f 4865 4800 4870
f 4800 4806 4870
f 4809 4309 4872
f 4309 4326 4872
f 4326 4321 4872
f 4321 4869 4872
f 4869 4805 4872
f 4805 4809 4872
f 4317 4814 4873
f 4317 4327 4873
f 4817 4818 4874
f 4817 4874 4875
f 4875 4328 4330
f 4875 4330 4874
f 4330 4327 4874
f 4327 4873 4874
f 4873 4814 4874
f 4814 4818 4874
f 4876 4822 4823
f 4876 4823 4877
f 4877 4876 4878
f 4878 4333 4328
f 4878 4328 4877
f 4328 4875 4877
f 4875 4817 4877
f 4817 4823 4877
f 4879 4827 4828
f 4879 4828 4880
f 4880 4879 4881
f 4880 4881 4882
f 4882 4878 4876
f 4882 4876 4880
f 4876 4822 4880
f 4822 4828 4880
f 4883 4833 4834
f 4883 4834 4884
f 4884 4883 4885
f 4884 4885 4886
f 4886 4881 4879
f 4886 4879 4884
f 4879 4827 4884
f 4827 4834 4884
f 4887 4839 4840
f 4887 4840 4888
f 4888 4887 4889
f 4888 4889 4890
f 4890 4885 4883
f 4890 4883 4888
f 4883 4833 4888
f 4833 4840 4888
f 4891 4845 4846
f 4891 4846 4892
f 4892 4891 4893
f 4892 4893 4894
f 4894 4889 4887
f 4894 4887 4892
f 4887 4839 4892
f 4839 4846 4892
f 4895 4851 4852
f 4895 4852 4896
f 4896 4895 4897
f 4896 4897 4898
f 4898 4893 4891
f 4898 4891 4896
f 4891 4845 4896
f 4845 4852 4896
f 4899 4857 4858
f 4899 4858 4900
f 4900 4899 4901
f 4900 4901 4902
f 4902 4897 4895
f 4902 4895 4900
f 4895 4851 4900
f 4851 4858 4900
f 4903 4862 4863
f 4903 4863 4904
f 4903 4337 4340
f 4903 4340 4904
f 4905 4339 4340
f 4905 4340 4904
f 4905 4901 4899
f 4905 4899 4904
f 4899 4857 4904
f 4857 4863 4904
f 4906 4867 4868
f 4906 4868 4907
f 4906 4341 4343
f 4906 4343 4907
f 4343 4337 4907
f 4337 4903 4907
f 4903 4862 4907
f 4862 4868 4907
f 4871 4323 4908
f 4323 4344 4908
f 4344 4341 4908
f 4341 4906 4908
f 4906 4867 4908
f 4867 4871 4908
f 4333 4878 4909
f 4333 4345 4909
f 4881 4882 4910
f 4881 4910 4911
f 4346 4348 4910
f 4346 4910 4911
f 4348 4345 4910
f 4345 4909 4910
f 4909 4878 4910
f 4878 4882 4910
f 4885 4886 4912
f 4885 4912 4913
f 4913 4350 4352
f 4913 4352 4912
f 4352 4346 4912
f 4346 4911 4912
f 4911 4881 4912
f 4881 4886 4912
f 4914 4889 4890
f 4914 4890 4915
f 4914 4354 4356
f 4914 4356 4915
f 4356 4350 4915
f 4350 4913 4915
f 4913 4885 4915
f 4885 4890 4915
f 4916 4893 4894
f 4916 4894 4917
f 4916 4358 4360
f 4916 4360 4917
f 4360 4354 4917
f 4354 4914 4917
f 4914 4889 4917
f 4889 4894 4917
f 4918 4897 4898
f 4918 4898 4919
f 4918 4362 4364
f 4918 4364 4919
f 4364 4358 4919
f 4358 4916 4919
f 4916 4893 4919
f 4893 4898 4919
f 4920 4901 4902
f 4920 4902 4921
f 4920 4365 4367
f 4920 4367 4921
f 4367 4362 4921
f 4362 4918 4921
f 4918 4897 4921
f 4897 4902 4921
f 4905 4339 4922
f 4339 4368 4922
f 4368 4365 4922
f 4365 4920 4922
f 4920 4901 4922
f 4901 4905 4922
f 4425 4423 4923
f 4425 4424 4923
f 4427 4426 4924
f 4924 4427 4423
f 4924 4423 4925
f 4423 4923 4925
f 4429 4428 4926
f 4926 4429 4426
f 4926 4426 4927
f 4426 4924 4927
f 4431 4430 4928
f 4928 4431 4428
f 4928 4428 4929
f 4428 4926 4929
f 4433 4432 4930
f 4931 4930 4433
f 4931 4433 4430
f 4430 4928 4931
f 4432 4438 4932
f 4432 4930 4932
f 4461 4459 4933
f 4461 4460 4933
f 4463 4462 4934
f 4934 4463 4459
f 4934 4459 4935
f 4459 4933 4935
f 4923 4424 4936
f 4923 4936 4937
f 4424 4464 4936
f 4464 4462 4936
f 4934 4462 4936
f 4934 4936 4938
f 4936 4938 4939
f 4936 4939 4937
f 4925 4924 4940
f 4923 4937 4941
f 4941 4923 4925
f 4941 4925 4940
f 4927 4926 4942
f 4924 4940 4943
f 4943 4924 4927
f 4943 4927 4942
f 4929 4928 4944
f 4926 4942 4945
f 4945 4926 4929
f 4945 4929 4944
f 4931 4930 4946
f 4928 4944 4947
f 4946 4947 4928
f 4946 4928 4931
f 4932 4438 4948
f 4465 4438 4948
f 4465 4948 4949
f 4948 4949 4950
f 4948 4950 4951
f 4946 4930 4948
f 4946 4948 4951
f 4930 4932 4948
f 4467 4466 4952
f 4952 4467 4465
f 4952 4465 4953
f 4465 4949 4953
f 4466 4472 4954
f 4466 4952 4954
f 4491 4489 4955
f 4491 4490 4955
f 4933 4460 4956
f 4933 4956 4957
f 4460 4492 4956
f 4492 4489 4956
f 4955 4489 4956
f 4955 4956 4958
f 4956 4958 4959
f 4956 4959 4957
f 4935 4934 4960
f 4933 4957 4961
f 4961 4933 4935
f 4961 4935 4960
f 4934 4960 4962
f 4934 4938 4962
f 4950 4949 4963
f 4950 4951 4963
f 4953 4952 4964
f 4949 4963 4965
f 4964 4965 4949
f 4964 4949 4953
f 4954 4472 4966
f 4967 4493 4472
f 4967 4472 4966
f 4966 4967 4968
f 4966 4968 4969
f 4969 4964 4952
f 4969 4952 4966
f 4952 4954 4966
f 4493 4498 4970
f 4493 4967 4970
f 4515 4513 4971
f 4515 4514 4971
f 4955 4490 4972
f 4955 4972 4973
f 4490 4516 4972
f 4516 4513 4972
f 4971 4513 4972
f 4971 4972 4974
f 4972 4974 4975
f 4972 4975 4973
f 4955 4973 4976
f 4955 4958 4976
f 4968 4967 4977
f 4968 4969 4977
f 4970 4498 4978
f 4979 4517 4498
f 4979 4498 4978
f 4978 4979 4980
f 4978 4980 4981
f 4981 4977 4967
f 4981 4967 4978
f 4967 4970 4978
f 4517 4522 4982
f 4517 4979 4982
f 4535 4533 4983
f 4535 4534 4983
f 4514 4971 4984
f 4985 4984 4514
f 4985 4514 4536
f 4986 4985 4536
f 4986 4536 4533
f 4533 4983 4986
f 4984 4985 4987
f 4988 4987 4984
f 4988 4984 4971
f 4971 4974 4988
f 4979 4980 4989
f 4979 4989 4990
f 4989 4990 4991
f 4989 4991 4992
f 4989 4992 4993
f 4989 4993 4994
f 4981 4980 4989
f 4981 4989 4994
f 4982 4522 4995
f 4996 4537 4522
f 4996 4522 4995
f 4995 4996 4997
f 4997 4991 4990
f 4997 4990 4995
f 4990 4979 4995
f 4979 4982 4995
f 4537 4542 4998
f 4537 4996 4998
f 4534 4983 4999
f 5000 4999 4534
f 5000 4534 4554
f 4554 4553 5000
f 4986 4985 5001
f 4999 5000 5002
f 5002 4999 4983
f 5002 4983 5003
f 5003 4983 4986
f 5003 4986 5001
f 4985 5001 5004
f 4985 4987 5004
f 4992 4991 5005
f 4992 4993 5005
f 5006 4996 4997
f 5006 4997 5007
f 5007 5006 5008
f 5007 5008 5009
f 5007 5009 5010
f 5010 5005 4991
f 5010 4991 5007
f 4991 4997 5007
f 4998 4542 5011
f 4542 4560 5011
f 4559 4560 5011
f 4559 5011 5012
f 5008 5006 5011
f 5008 5011 5012
f 5006 4996 5011
f 4996 4998 5011
f 4553 5000 5013
f 5014 5013 4553
f 5014 4553 4574
f 4574 4573 5014
f 5013 5014 5015
f 5015 5013 5000
f 5015 5000 5016
f 5000 5002 5016
f 5017 5008 5009
f 5017 5009 5018
f 5018 5017 5019
f 5018 5019 5020
f 5018 5020 5021
f 5018 5021 5022
f 5022 5010 5009
f 5022 5009 5018
f 5012 4559 5023
f 4559 4580 5023
f 5024 4579 4580
f 5024 4580 5023
f 5024 5019 5017
f 5024 5017 5023
f 5017 5008 5023
f 5008 5012 5023
f 4573 5014 5025
f 5025 4573 4594
f 5025 4594 5026
f 4594 4593 5026
f 5025 5026 5027
f 5028 5027 5025
f 5028 5025 5014
f 5014 5015 5028
f 5019 5020 5029
f 5019 5029 5030
f 5029 5030 5031
f 5029 5031 5032
f 5029 5032 5033
f 5029 5033 5034
f 5021 5020 5029
f 5021 5029 5034
f 5024 4579 5035
f 4579 4600 5035
f 5036 4599 4600
f 5036 4600 5035
f 5036 5031 5030
f 5036 5030 5035
f 5030 5019 5035
f 5019 5024 5035
f 4593 5026 5037
f 5037 4593 4614
f 5037 4614 5038
f 4614 4613 5038
f 5037 5038 5039
f 5039 5037 5026
f 5039 5026 5040
f 5026 5027 5040
f 5041 5031 5032
f 5041 5032 5042
f 5042 5041 5043
f 5042 5043 5044
f 5042 5044 5045
f 5042 5045 5046
f 5046 5033 5032
f 5046 5032 5042
f 5036 4599 5047
f 4599 4620 5047
f 5048 4619 4620
f 5048 4620 5047
f 5048 5043 5041
f 5048 5041 5047
f 5041 5031 5047
f 5031 5036 5047
f 4613 5038 5049
f 5049 4613 4634
f 5049 4634 5050
f 4634 4633 5050
f 5049 5050 5051
f 5051 5049 5038
f 5051 5038 5052
f 5038 5039 5052
f 5053 5043 5044
f 5053 5044 5054
f 5054 5053 5055
f 5054 5055 5056
f 5054 5056 5057
f 5054 5057 5058
f 5058 5045 5044
f 5058 5044 5054
f 5048 4619 5059
f 4619 4640 5059
f 5060 4639 4640
f 5060 4640 5059
f 5060 5055 5053
f 5060 5053 5059
f 5053 5043 5059
f 5043 5048 5059
f 4633 5050 5061
f 5061 4633 4654
f 5061 4654 5062
f 4654 4653 5062
f 5061 5062 5063
f 5064 5063 5061
f 5064 5061 5050
f 5050 5051 5064
f 5065 5055 5056
f 5065 5056 5066
f 5066 5065 5067
f 5066 5067 5068
f 5066 5068 5069
f 5066 5069 5070
f 5070 5057 5056
f 5070 5056 5066
f 5060 4639 5071
f 4639 4660 5071
f 5072 4659 4660
f 5072 4660 5071
f 5072 5067 5065
f 5072 5065 5071
f 5065 5055 5071
f 5055 5060 5071
f 4653 5062 5073
f 5073 4653 4674
f 5073 4674 5074
f 4674 4673 5074
f 5075 5076 5077
f 5075 5077 5078
f 5075 5078 5079
f 5079 5074 5073
f 5079 5073 5075
f 5073 5062 5075
f 5076 5063 5062
f 5076 5062 5075
f 5077 5078 5080
f 5077 5076 5080
f 5081 5082 5083
f 5081 5083 5084
f 5081 5084 5085
f 5081 5085 5086
f 5081 5086 5087
f 5081 5087 5082
f 5088 5067 5068
f 5088 5068 5089
f 5089 5088 5090
f 5089 5090 5091
f 5091 5084 5083
f 5091 5083 5089
f 5092 5082 5083
f 5092 5083 5089
f 5092 5069 5068
f 5092 5068 5089
f 5072 4659 5093
f 4659 4680 5093
f 5094 4679 4680
f 5094 4680 5093
f 5094 5090 5088
f 5094 5088 5093
f 5088 5067 5093
f 5067 5072 5093
f 4673 5074 5095
f 4673 4692 5095
f 5078 5079 5096
f 5078 5096 5097
f 5096 5097 5098
f 4696 4692 5096
f 4696 5096 5098
f 4692 5095 5096
f 5095 5074 5096
f 5074 5079 5096
f 5099 5100 5101
f 5099 5101 5102
f 5099 5102 5103
f 5103 5098 5097
f 5103 5097 5099
f 5097 5078 5099
f 5100 5080 5078
f 5100 5078 5099
f 5101 5102 5104
f 5101 5100 5104
f 5105 5106 5107
f 5105 5107 5108
f 5105 5108 5109
f 5105 5109 5110
f 5105 5110 5111
f 5105 5111 5106
f 5112 5084 5085
f 5112 5085 5113
f 5113 5112 5114
f 5113 5114 5115
f 5115 5108 5107
f 5115 5107 5113
f 5116 5106 5107
f 5116 5107 5113
f 5116 5086 5085
f 5116 5085 5113
f 5117 5090 5091
f 5117 5091 5118
f 5117 4698 4703
f 5117 4703 5118
f 5119 4702 4703
f 5119 4703 5118
f 5119 5114 5112
f 5119 5112 5118
f 5112 5084 5118
f 5084 5091 5118
f 5094 4679 5120
f 4679 4708 5120
f 4708 4698 5120
f 4698 5117 5120
f 5117 5090 5120
f 5090 5094 5120
f 4696 5098 5121
f 4696 4720 5121
f 5102 5103 5122
f 5102 5122 5123
f 5122 5123 5124
f 5124 4724 4720
f 5124 4720 5122
f 4720 5121 5122
f 5121 5098 5122
f 5098 5103 5122
f 5125 5126 5127
f 5125 5127 5128
f 5125 5128 5129
f 5129 5124 5123
f 5129 5123 5125
f 5123 5102 5125
f 5126 5104 5102
f 5126 5102 5125
f 5130 5131 5132
f 5130 5132 5133
f 5130 5133 5134
f 5128 5127 5130
f 5128 5130 5134
f 5126 5127 5130
f 5126 5130 5135
f 5130 5135 5131
f 5132 5133 5136
f 5132 5131 5136
f 5137 5138 5139
f 5137 5139 5140
f 5137 5140 5141
f 5137 5141 5142
f 5137 5142 5143
f 5137 5143 5138
f 5144 5145 5146
f 5144 5146 5147
f 5144 5147 5148
f 5148 5140 5139
f 5148 5139 5144
f 5149 5138 5139
f 5149 5139 5144
f 5144 5149 5145
f 5150 5108 5109
f 5150 5109 5151
f 5151 5150 5152
f 5151 5152 5153
f 5153 5147 5146
f 5153 5146 5151
f 5154 5145 5146
f 5154 5146 5151
f 5154 5110 5109
f 5154 5109 5151
f 5155 5114 5115
f 5155 5115 5156
f 5155 4726 4731
f 5155 4731 5156
f 5157 4730 4731
f 5157 4731 5156
f 5157 5152 5150
f 5157 5150 5156
f 5150 5108 5156
f 5108 5115 5156
f 5119 4702 5158
f 4702 4736 5158
f 4736 4726 5158
f 4726 5155 5158
f 5155 5114 5158
f 5114 5119 5158
f 4724 5124 5159
f 4724 4752 5159
f 5128 5129 5160
f 5128 5160 5161
f 5160 5161 5162
f 5162 4756 4752
f 5162 4752 5160
f 4752 5159 5160
f 5159 5124 5160
f 5124 5129 5160
f 5163 5133 5134
f 5163 5134 5164
f 5164 5163 5165
f 5164 5165 5166
f 5166 5162 5161
f 5166 5161 5164
f 5161 5128 5164
f 5128 5134 5164
f 5167 5168 5169
f 5167 5169 5170
f 5167 5170 5171
f 5171 5165 5163
f 5171 5163 5167
f 5163 5133 5167
f 5168 5136 5133
f 5168 5133 5167
f 5172 5173 5174
f 5172 5174 5175
f 5172 5175 5176
f 5176 5170 5169
f 5176 5169 5172
f 5177 5168 5169
f 5177 5169 5172
f 5172 5177 5173
f 5178 5179 5180
f 5178 5180 5181
f 5178 5181 5182
f 5182 5175 5174
f 5182 5174 5178
f 5183 5173 5174
f 5183 5174 5178
f 5178 5183 5179
f 5184 5185 5186
f 5184 5186 5187
f 5184 5187 5188
f 5188 5181 5180
f 5188 5180 5184
f 5189 5179 5180
f 5189 5180 5184
f 5184 5189 5185
f 5190 5191 5192
f 5190 5192 5193
f 5190 5193 5194
f 5194 5187 5186
f 5194 5186 5190
f 5195 5185 5186
f 5195 5186 5190
f 5190 5195 5191
f 5196 5140 5141
f 5196 5141 5197
f 5197 5196 5198
f 5197 5198 5199
f 5199 5193 5192
f 5199 5192 5197
f 5200 5191 5192
f 5200 5192 5197
f 5200 5142 5141
f 5200 5141 5197
f 5201 5147 5148
f 5201 5148 5202
f 5202 5201 5203
f 5202 5203 5204
f 5204 5198 5196
f 5204 5196 5202
f 5196 5140 5202
f 5140 5148 5202
f 5205 5152 5153
f 5205 5153 5206
f 5205 4758 4763
f 5205 4763 5206
f 5207 4762 4763
f 5207 4763 5206
f 5207 5203 5201
f 5207 5201 5206
f 5201 5147 5206
f 5147 5153 5206
f 5157 4730 5208
f 4730 4768 5208
f 4768 4758 5208
f 4758 5205 5208
f 5205 5152 5208
f 5152 5157 5208
f 4756 5162 5209
f 4756 4786 5209
f 5165 5166 5210
f 5165 5210 5211
f 5210 5211 5212
f 5212 4790 4786
f 5212 4786 5210
f 4786 5209 5210
f 5209 5162 5210
f 5162 5166 5210
f 5213 5170 5171
f 5213 5171 5214
f 5214 5213 5215
f 5214 5215 5216
f 5216 5212 5211
f 5216 5211 5214
f 5211 5165 5214
f 5165 5171 5214
f 5217 5175 5176
f 5217 5176 5218
f 5218 5217 5219
f 5218 5219 5220
f 5220 5215 5213
f 5220 5213 5218
f 5213 5170 5218
f 5170 5176 5218
f 5221 5181 5182
f 5221 5182 5222
f 5222 5221 5223
f 5222 5223 5224
f 5224 5219 5217
f 5224 5217 5222
f 5217 5175 5222
f 5175 5182 5222
f 5225 5187 5188
f 5225 5188 5226
f 5226 5225 5227
f 5226 5227 5228
f 5228 5223 5221
f 5228 5221 5226
f 5221 5181 5226
f 5181 5188 5226
f 5229 5193 5194
f 5229 5194 5230
f 5230 5229 5231
f 5230 5231 5232
f 5232 5227 5225
f 5232 5225 5230
f 5225 5187 5230
f 5187 5194 5230
f 5233 5198 5199
f 5233 5199 5234
f 5234 5233 5235
f 5234 5235 5236
f 5236 5231 5229
f 5236 5229 5234
f 5229 5193 5234
f 5193 5199 5234
f 5237 5203 5204
f 5237 5204 5238
f 5237 4792 4797
f 5237 4797 5238
f 5239 4796 4797
f 5239 4797 5238
f 5239 5235 5233
f 5239 5233 5238
f 5233 5198 5238
f 5198 5204 5238
f 5207 4762 5240
f 4762 4802 5240
f 4802 4792 5240
f 4792 5237 5240
f 5237 5203 5240
f 5203 5207 5240
f 4790 5212 5241
f 4790 4820 5241
f 5215 5216 5242
f 5215 5242 5243
f 4825 4829 5242
f 4825 5242 5243
f 4829 4820 5242
f 4820 5241 5242
f 5241 5212 5242
f 5212 5216 5242
f 5219 5220 5244
f 5219 5244 5245
f 5245 4831 4835
f 5245 4835 5244
f 4835 4825 5244
f 4825 5243 5244
f 5243 5215 5244
f 5215 5220 5244
f 5223 5224 5246
f 5223 5246 5247
f 5247 4837 4841
f 5247 4841 5246
f 4841 4831 5246
f 4831 5245 5246
f 5245 5219 5246
f 5219 5224 5246
f 5248 5227 5228
f 5248 5228 5249
f 5248 4843 4847
f 5248 4847 5249
f 4847 4837 5249
f 4837 5247 5249
f 5247 5223 5249
f 5223 5228 5249
f 5250 5231 5232
f 5250 5232 5251
f 5250 4849 4853
f 5250 4853 5251
f 4853 4843 5251
f 4843 5248 5251
f 5248 5227 5251
f 5227 5232 5251
f 5252 5235 5236
f 5252 5236 5253
f 5252 4855 4859
f 5252 4859 5253
f 4859 4849 5253
f 4849 5250 5253
f 5250 5231 5253
f 5231 5236 5253
f 5239 4796 5254
f 4796 4864 5254
f 4864 4855 5254
f 4855 5252 5254
f 5252 5235 5254
f 5235 5239 5254
f 4939 4937 5255
f 4939 4938 5255
f 5256 5257 5258
f 4940 4941 5256
f 4940 5256 5258
f 4941 4937 5256
f 5259 5255 4937
f 5259 4937 5256
f 5256 5259 5260
f 5256 5260 5257
f 5261 5262 5263
f 4942 4943 5261
f 4942 5261 5263
f 4943 4940 5261
f 4940 5258 5261
f 5264 5257 5258
f 5264 5258 5261
f 5261 5264 5262
f 5265 5266 5267
f 4944 4945 5265
f 4944 5265 5267
f 4945 4942 5265
f 4942 5263 5265
f 5262 5263 5265
f 5262 5265 5268
f 5265 5268 5266
f 4947 4946 5269
f 5270 5269 4947
f 5270 4947 4944
f 5271 5270 4944
f 5271 4944 5267
f 5267 5266 5271
f 4946 4951 5272
f 4946 5269 5272
f 4959 4957 5273
f 4959 4958 5273
f 5274 5275 5276
f 5276 4960 4961
f 5276 4961 5274
f 4961 4957 5274
f 5277 5273 4957
f 5277 4957 5274
f 5274 5277 5278
f 5274 5278 5275
f 5279 5255 4938
f 5279 4938 5280
f 4938 4962 5280
f 4962 4960 5280
f 4960 5276 5280
f 5275 5276 5280
f 5275 5280 5281
f 5280 5281 5279
f 5255 5279 5282
f 5255 5259 5282
f 5270 5269 5283
f 5270 5271 5283
f 5284 5272 4951
f 5284 4951 5285
f 4951 4963 5285
f 5269 5283 5286
f 5284 5286 5269
f 5284 5269 5272
f 4965 4964 5287
f 5288 5287 4965
f 5288 4965 4963
f 5289 5288 4963
f 5289 4963 5285
f 5285 5284 5289
f 4964 4969 5290
f 4964 5287 5290
f 4975 4973 5291
f 4975 4974 5291
f 5292 5273 4958
f 5292 4958 5293
f 4958 4976 5293
f 4976 4973 5293
f 5294 5291 4973
f 5294 4973 5293
f 5293 5294 5295
f 5293 5295 5292
f 5273 5292 5296
f 5273 5277 5296
f 5288 5287 5297
f 5288 5289 5297
f 5290 4969 5298
f 4977 4969 5298
f 4977 5298 5299
f 5298 5299 5300
f 5298 5300 5301
f 5297 5287 5298
f 5297 5298 5301
f 5287 5290 5298
f 4977 4981 5302
f 4977 5299 5302
f 5303 5291 4974
f 5303 4974 5304
f 4974 4988 5304
f 5305 4987 4988
f 5305 4988 5304
f 5304 5305 5306
f 5304 5306 5307
f 5304 5307 5303
f 5291 5303 5308
f 5291 5294 5308
f 5300 5299 5309
f 5300 5301 5309
f 5302 4981 5310
f 4981 4994 5310
f 5311 4993 4994
f 5311 4994 5310
f 5310 5311 5312
f 5312 5309 5299
f 5312 5299 5310
f 5299 5302 5310
f 5313 5314 5315
f 5315 5001 5003
f 5315 5003 5313
f 5002 5003 5313
f 5002 5313 5316
f 5313 5316 5317
f 5313 5317 5318
f 5313 5318 5314
f 5305 4987 5319
f 4987 5004 5319
f 5004 5001 5319
f 5001 5315 5319
f 5314 5315 5319
f 5314 5319 5320
f 5306 5305 5319
f 5306 5319 5320
f 5321 5311 4993
f 5321 4993 5322
f 4993 5005 5322
f 5311 5312 5321
f 5005 5010 5323
f 5323 5005 5322
f 5323 5322 5324
f 5322 5321 5324
f 5316 5002 5325
f 5002 5016 5325
f 5326 5015 5016
f 5326 5016 5325
f 5325 5326 5327
f 5325 5327 5328
f 5328 5317 5316
f 5328 5316 5325
f 5323 5010 5329
f 5010 5022 5329
f 5330 5021 5022
f 5330 5022 5329
f 5329 5330 5331
f 5329 5331 5332
f 5332 5324 5323
f 5332 5323 5329
f 5326 5015 5333
f 5015 5028 5333
f 5334 5027 5028
f 5334 5028 5333
f 5333 5334 5335
f 5333 5335 5336
f 5327 5326 5333
f 5327 5333 5336
f 5330 5021 5337
f 5021 5034 5337
f 5338 5033 5034
f 5338 5034 5337
f 5337 5338 5339
f 5337 5339 5340
f 5340 5331 5330
f 5340 5330 5337
f 5334 5027 5341
f 5027 5040 5341
f 5039 5040 5341
f 5039 5341 5342
f 5341 5342 5343
f 5341 5343 5344
f 5335 5334 5341
f 5335 5341 5344
f 5338 5033 5345
f 5033 5046 5345
f 5346 5045 5046
f 5346 5046 5345
f 5345 5346 5347
f 5345 5347 5348
f 5348 5339 5338
f 5348 5338 5345
f 5342 5039 5349
f 5039 5052 5349
f 5051 5052 5349
f 5051 5349 5350
f 5349 5350 5351
f 5349 5351 5352
f 5343 5342 5349
f 5343 5349 5352
f 5346 5045 5353
f 5045 5058 5353
f 5354 5057 5058
f 5354 5058 5353
f 5353 5354 5355
f 5353 5355 5356
f 5356 5347 5346
f 5356 5346 5353
f 5357 5358 5350
f 5357 5350 5051
f 5357 5051 5064
f 5357 5064 5359
f 5064 5063 5359
f 5350 5351 5358
f 5357 5359 5360
f 5357 5358 5360
f 5361 5362 5363
f 5361 5363 5364
f 5361 5364 5365
f 5361 5365 5366
f 5361 5366 5367
f 5361 5367 5362
f 5354 5057 5368
f 5057 5070 5368
f 5369 5069 5070
f 5369 5070 5368
f 5369 5364 5363
f 5369 5363 5368
f 5370 5362 5363
f 5370 5363 5368
f 5370 5355 5354
f 5370 5354 5368
f 5063 5359 5371
f 5063 5076 5371
f 5372 5373 5374
f 5372 5374 5375
f 5080 5076 5372
f 5080 5372 5375
f 5076 5371 5372
f 5371 5359 5372
f 5360 5359 5372
f 5360 5372 5373
f 5374 5375 5376
f 5374 5373 5376
f 5377 5378 5379
f 5377 5379 5380
f 5377 5380 5381
f 5377 5381 5382
f 5377 5382 5383
f 5377 5383 5378
f 5384 5364 5365
f 5384 5365 5385
f 5384 5082 5087
f 5384 5087 5385
f 5386 5086 5087
f 5386 5087 5385
f 5386 5380 5379
f 5386 5379 5385
f 5387 5378 5379
f 5387 5379 5385
f 5387 5366 5365
f 5387 5365 5385
f 5369 5069 5388
f 5069 5092 5388
f 5092 5082 5388
f 5082 5384 5388
f 5384 5364 5388
f 5364 5369 5388
f 5080 5375 5389
f 5080 5100 5389
f 5390 5391 5392
f 5390 5392 5393
f 5104 5100 5390
f 5104 5390 5393
f 5100 5389 5390
f 5389 5375 5390
f 5391 5376 5375
f 5391 5375 5390
f 5392 5393 5394
f 5392 5391 5394
f 5395 5396 5397
f 5395 5397 5398
f 5395 5398 5399
f 5395 5399 5400
f 5395 5400 5401
f 5395 5401 5396
f 5402 5380 5381
f 5402 5381 5403
f 5402 5106 5111
f 5402 5111 5403
f 5404 5110 5111
f 5404 5111 5403
f 5404 5398 5397
f 5404 5397 5403
f 5405 5396 5397
f 5405 5397 5403
f 5405 5382 5381
f 5405 5381 5403
f 5386 5086 5406
f 5086 5116 5406
f 5116 5106 5406
f 5106 5402 5406
f 5402 5380 5406
f 5380 5386 5406
f 5104 5393 5407
f 5104 5126 5407
f 5408 5409 5410
f 5410 5131 5135
f 5410 5135 5408
f 5135 5126 5408
f 5126 5407 5408
f 5407 5393 5408
f 5409 5394 5393
f 5409 5393 5408
f 5411 5412 5413
f 5411 5413 5414
f 5414 5136 5131
f 5414 5131 5411
f 5131 5410 5411
f 5409 5410 5411
f 5409 5411 5415
f 5411 5415 5412
f 5413 5414 5416
f 5413 5412 5416
f 5417 5418 5419
f 5417 5419 5420
f 5417 5420 5421
f 5417 5421 5422
f 5417 5422 5423
f 5417 5423 5418
f 5424 5425 5426
f 5426 5138 5143
f 5426 5143 5424
f 5427 5142 5143
f 5427 5143 5424
f 5427 5420 5419
f 5427 5419 5424
f 5428 5418 5419
f 5428 5419 5424
f 5424 5428 5425
f 5429 5398 5399
f 5429 5399 5430
f 5429 5145 5149
f 5429 5149 5430
f 5149 5138 5430
f 5138 5426 5430
f 5431 5425 5426
f 5431 5426 5430
f 5431 5400 5399
f 5431 5399 5430
f 5404 5110 5432
f 5110 5154 5432
f 5154 5145 5432
f 5145 5429 5432
f 5429 5398 5432
f 5398 5404 5432
f 5136 5414 5433
f 5136 5168 5433
f 5434 5435 5436
f 5173 5177 5434
f 5173 5434 5436
f 5177 5168 5434
f 5168 5433 5434
f 5433 5414 5434
f 5435 5416 5414
f 5435 5414 5434
f 5437 5438 5439
f 5439 5179 5183
f 5439 5183 5437
f 5183 5173 5437
f 5173 5436 5437
f 5440 5435 5436
f 5440 5436 5437
f 5437 5440 5438
f 5441 5442 5443
f 5443 5185 5189
f 5443 5189 5441
f 5189 5179 5441
f 5179 5439 5441
f 5444 5438 5439
f 5444 5439 5441
f 5441 5444 5442
f 5445 5420 5421
f 5445 5421 5446
f 5445 5191 5195
f 5445 5195 5446
f 5195 5185 5446
f 5185 5443 5446
f 5447 5442 5443
f 5447 5443 5446
f 5447 5422 5421
f 5447 5421 5446
f 5427 5142 5448
f 5142 5200 5448
f 5200 5191 5448
f 5191 5445 5448
f 5445 5420 5448
f 5420 5427 5448
f 5260 5257 5449
f 5260 5259 5449
f 5264 5262 5450
f 5450 5264 5257
f 5450 5257 5451
f 5257 5449 5451
f 5268 5266 5452
f 5453 5452 5268
f 5453 5268 5262
f 5262 5450 5453
f 5266 5271 5454
f 5266 5452 5454
f 5278 5275 5455
f 5278 5277 5455
f 5281 5279 5456
f 5457 5456 5281
f 5457 5281 5275
f 5275 5455 5457
f 5449 5259 5458
f 5449 5458 5459
f 5259 5282 5458
f 5282 5279 5458
f 5460 5456 5279
f 5460 5279 5458
f 5458 5460 5461
f 5458 5461 5459
f 5451 5450 5462
f 5449 5459 5463
f 5463 5449 5451
f 5463 5451 5462
f 5453 5452 5464
f 5450 5462 5465
f 5465 5450 5453
f 5465 5453 5464
f 5454 5271 5466
f 5283 5271 5466
f 5283 5466 5467
f 5466 5467 5468
f 5466 5468 5469
f 5464 5452 5466
f 5464 5466 5469
f 5452 5454 5466
f 5286 5284 5470
f 5470 5286 5283
f 5470 5283 5471
f 5283 5467 5471
f 5284 5289 5472
f 5284 5470 5472
f 5295 5292 5473
f 5295 5294 5473
f 5455 5277 5474
f 5455 5474 5475
f 5277 5296 5474
f 5296 5292 5474
f 5473 5292 5474
f 5473 5474 5476
f 5474 5476 5477
f 5474 5477 5475
f 5457 5456 5478
f 5455 5475 5479
f 5479 5455 5457
f 5479 5457 5478
f 5456 5478 5480
f 5456 5460 5480
f 5468 5467 5481
f 5468 5469 5481
f 5471 5470 5482
f 5467 5481 5483
f 5482 5483 5467
f 5482 5467 5471
f 5472 5289 5484
f 5485 5297 5289
f 5485 5289 5484
f 5484 5485 5486
f 5484 5486 5487
f 5482 5470 5484
f 5482 5484 5487
f 5470 5472 5484
f 5297 5301 5488
f 5297 5485 5488
f 5307 5303 5489
f 5307 5306 5489
f 5473 5294 5490
f 5473 5490 5491
f 5294 5308 5490
f 5308 5303 5490
f 5489 5303 5490
f 5489 5490 5492
f 5490 5492 5493
f 5490 5493 5491
f 5473 5491 5494
f 5473 5476 5494
f 5486 5485 5495
f 5486 5487 5495
f 5488 5301 5496
f 5497 5309 5301
f 5497 5301 5496
f 5496 5497 5498
f 5496 5498 5499
f 5499 5495 5485
f 5499 5485 5496
f 5485 5488 5496
f 5309 5312 5500
f 5309 5497 5500
f 5318 5314 5501
f 5318 5317 5501
f 5306 5489 5502
f 5502 5306 5320
f 5502 5320 5503
f 5503 5320 5314
f 5503 5314 5504
f 5314 5501 5504
f 5502 5503 5505
f 5506 5505 5502
f 5506 5502 5489
f 5489 5492 5506
f 5497 5498 5507
f 5497 5507 5508
f 5507 5508 5509
f 5507 5509 5510
f 5507 5510 5511
f 5507 5511 5512
f 5512 5499 5498
f 5512 5498 5507
f 5500 5312 5513
f 5514 5321 5312
f 5514 5312 5513
f 5513 5514 5515
f 5515 5509 5508
f 5515 5508 5513
f 5508 5497 5513
f 5497 5500 5513
f 5321 5324 5516
f 5321 5514 5516
f 5317 5501 5517
f 5518 5517 5317
f 5518 5317 5328
f 5328 5327 5518
f 5503 5504 5519
f 5503 5519 5520
f 5519 5520 5521
f 5519 5521 5522
f 5518 5517 5519
f 5518 5519 5522
f 5517 5501 5519
f 5501 5504 5519
f 5520 5521 5523
f 5524 5523 5520
f 5524 5520 5503
f 5503 5505 5524
f 5509 5510 5525
f 5509 5525 5526
f 5525 5526 5527
f 5525 5527 5528
f 5525 5528 5529
f 5525 5529 5530
f 5511 5510 5525
f 5511 5525 5530
f 5531 5514 5515
f 5531 5515 5532
f 5532 5531 5533
f 5532 5533 5534
f 5534 5527 5526
f 5534 5526 5532
f 5526 5509 5532
f 5509 5515 5532
f 5516 5324 5535
f 5324 5332 5535
f 5331 5332 5535
f 5331 5535 5536
f 5533 5531 5535
f 5533 5535 5536
f 5531 5514 5535
f 5514 5516 5535
f 5327 5518 5537
f 5537 5327 5336
f 5537 5336 5538
f 5336 5335 5538
f 5522 5521 5539
f 5537 5538 5540
f 5541 5540 5537
f 5541 5537 5518
f 5541 5518 5522
f 5541 5522 5539
f 5521 5539 5542
f 5521 5523 5542
f 5528 5527 5543
f 5528 5529 5543
f 5544 5533 5534
f 5544 5534 5545
f 5545 5544 5546
f 5545 5546 5547
f 5545 5547 5548
f 5548 5543 5527
f 5548 5527 5545
f 5527 5534 5545
f 5536 5331 5549
f 5331 5340 5549
f 5550 5339 5340
f 5550 5340 5549
f 5546 5544 5549
f 5546 5549 5550
f 5544 5533 5549
f 5533 5536 5549
f 5335 5538 5551
f 5551 5335 5344
f 5551 5344 5552
f 5344 5343 5552
f 5553 5554 5555
f 5553 5555 5556
f 5553 5556 5557
f 5552 5551 5553
f 5552 5553 5557
f 5551 5538 5553
f 5554 5540 5538
f 5554 5538 5553
f 5555 5556 5558
f 5555 5554 5558
f 5559 5560 5561
f 5559 5561 5562
f 5559 5562 5563
f 5559 5563 5564
f 5559 5564 5565
f 5559 5565 5560
f 5566 5546 5547
f 5566 5547 5567
f 5567 5566 5568
f 5567 5568 5569
f 5569 5562 5561
f 5569 5561 5567
f 5570 5560 5561
f 5570 5561 5567
f 5570 5548 5547
f 5570 5547 5567
f 5550 5339 5571
f 5339 5348 5571
f 5572 5347 5348
f 5572 5348 5571
f 5572 5568 5566
f 5572 5566 5571
f 5566 5546 5571
f 5546 5550 5571
f 5343 5552 5573
f 5573 5343 5352
f 5573 5352 5574
f 5352 5351 5574
f 5575 5556 5557
f 5575 5557 5576
f 5576 5575 5577
f 5576 5577 5578
f 5578 5574 5573
f 5578 5573 5576
f 5573 5552 5576
f 5552 5557 5576
f 5575 5577 5579
f 5579 5575 5556
f 5579 5556 5580
f 5556 5558 5580
f 5581 5562 5563
f 5581 5563 5582
f 5582 5581 5583
f 5582 5583 5584
f 5582 5584 5585
f 5582 5585 5586
f 5586 5564 5563
f 5586 5563 5582
f 5587 5568 5569
f 5587 5569 5588
f 5588 5587 5589
f 5588 5589 5590
f 5590 5583 5581
f 5590 5581 5588
f 5581 5562 5588
f 5562 5569 5588
f 5572 5347 5591
f 5347 5356 5591
f 5592 5355 5356
f 5592 5356 5591
f 5592 5589 5587
f 5592 5587 5591
f 5587 5568 5591
f 5568 5572 5591
f 5351 5574 5593
f 5351 5358 5593
f 5577 5578 5594
f 5577 5594 5595
f 5594 5595 5596
f 5360 5358 5594
f 5360 5594 5596
f 5358 5593 5594
f 5593 5574 5594
f 5574 5578 5594
f 5597 5598 5599
f 5597 5599 5600
f 5597 5600 5601
f 5596 5595 5597
f 5596 5597 5601
f 5595 5577 5597
f 5579 5577 5597
f 5579 5597 5598
f 5599 5600 5602
f 5599 5598 5602
f 5603 5604 5605
f 5603 5605 5606
f 5603 5606 5607
f 5603 5607 5608
f 5603 5608 5609
f 5603 5609 5604
f 5610 5583 5584
f 5610 5584 5611
f 5611 5610 5612
f 5611 5612 5613
f 5613 5606 5605
f 5613 5605 5611
f 5614 5604 5605
f 5614 5605 5611
f 5614 5585 5584
f 5614 5584 5611
f 5615 5589 5590
f 5615 5590 5616
f 5615 5362 5367
f 5615 5367 5616
f 5617 5366 5367
f 5617 5367 5616
f 5617 5612 5610
f 5617 5610 5616
f 5610 5583 5616
f 5583 5590 5616
f 5592 5355 5618
f 5355 5370 5618
f 5370 5362 5618
f 5362 5615 5618
f 5615 5589 5618
f 5589 5592 5618
f 5360 5596 5619
f 5360 5373 5619
f 5620 5600 5601
f 5620 5601 5621
f 5621 5620 5622
f 5622 5376 5373
f 5622 5373 5621
f 5373 5619 5621
f 5619 5596 5621
f 5596 5601 5621
f 5623 5624 5625
f 5623 5625 5626
f 5623 5626 5627
f 5622 5620 5623
f 5622 5623 5627
f 5620 5600 5623
f 5624 5602 5600
f 5624 5600 5623
f 5625 5626 5628
f 5625 5624 5628
f 5629 5630 5631
f 5629 5631 5632
f 5629 5632 5633
f 5629 5633 5634
f 5629 5634 5635
f 5629 5635 5630
f 5636 5606 5607
f 5636 5607 5637
f 5637 5636 5638
f 5637 5638 5639
f 5639 5632 5631
f 5639 5631 5637
f 5640 5630 5631
f 5640 5631 5637
f 5640 5608 5607
f 5640 5607 5637
f 5641 5612 5613
f 5641 5613 5642
f 5641 5378 5383
f 5641 5383 5642
f 5643 5382 5383
f 5643 5383 5642
f 5643 5638 5636
f 5643 5636 5642
f 5636 5606 5642
f 5606 5613 5642
f 5617 5366 5644
f 5366 5387 5644
f 5387 5378 5644
f 5378 5641 5644
f 5641 5612 5644
f 5612 5617 5644
f 5376 5622 5645
f 5376 5391 5645
f 5646 5626 5627
f 5646 5627 5647
f 5647 5646 5648
f 5648 5394 5391
f 5648 5391 5647
f 5391 5645 5647
f 5645 5622 5647
f 5622 5627 5647
f 5649 5650 5651
f 5649 5651 5652
f 5649 5652 5653
f 5653 5648 5646
f 5653 5646 5649
f 5646 5626 5649
f 5650 5628 5626
f 5650 5626 5649
f 5654 5655 5656
f 5654 5656 5657
f 5654 5657 5658
f 5658 5652 5651
f 5658 5651 5654
f 5659 5650 5651
f 5659 5651 5654
f 5654 5659 5655
f 5660 5661 5662
f 5660 5662 5663
f 5660 5663 5664
f 5664 5657 5656
f 5664 5656 5660
f 5665 5655 5656
f 5665 5656 5660
f 5660 5665 5661
f 5666 5667 5668
f 5666 5668 5669
f 5666 5669 5670
f 5670 5663 5662
f 5670 5662 5666
f 5671 5661 5662
f 5671 5662 5666
f 5666 5671 5667
f 5672 5673 5674
f 5672 5674 5675
f 5672 5675 5676
f 5676 5669 5668
f 5676 5668 5672
f 5677 5667 5668
f 5677 5668 5672
f 5672 5677 5673
f 5678 5632 5633
f 5678 5633 5679
f 5679 5678 5680
f 5679 5680 5681
f 5681 5675 5674
f 5681 5674 5679
f 5682 5673 5674
f 5682 5674 5679
f 5682 5634 5633
f 5682 5633 5679
f 5683 5638 5639
f 5683 5639 5684
f 5683 5396 5401
f 5683 5401 5684
f 5685 5400 5401
f 5685 5401 5684
f 5685 5680 5678
f 5685 5678 5684
f 5678 5632 5684
f 5632 5639 5684
f 5643 5382 5686
f 5382 5405 5686
f 5405 5396 5686
f 5396 5683 5686
f 5683 5638 5686
f 5638 5643 5686
f 5394 5648 5687
f 5394 5409 5687
f 5652 5653 5688
f 5652 5688 5689
f 5689 5412 5415
f 5689 5415 5688
f 5415 5409 5688
f 5409 5687 5688
f 5687 5648 5688
f 5648 5653 5688
f 5690 5657 5658
f 5690 5658 5691
f 5691 5690 5692
f 5692 5416 5412
f 5692 5412 5691
f 5412 5689 5691
f 5689 5652 5691
f 5652 5658 5691
f 5693 5663 5664
f 5693 5664 5694
f 5694 5693 5695
f 5694 5695 5696
f 5696 5692 5690
f 5696 5690 5694
f 5690 5657 5694
f 5657 5664 5694
f 5697 5669 5670
f 5697 5670 5698
f 5698 5697 5699
f 5698 5699 5700
f 5700 5695 5693
f 5700 5693 5698
f 5693 5663 5698
f 5663 5670 5698
f 5701 5675 5676
f 5701 5676 5702
f 5701 5418 5423
f 5701 5423 5702
f 5703 5422 5423
f 5703 5423 5702
f 5703 5699 5697
f 5703 5697 5702
f 5697 5669 5702
f 5669 5676 5702
f 5704 5680 5681
f 5704 5681 5705
f 5704 5425 5428
f 5704 5428 5705
f 5428 5418 5705
f 5418 5701 5705
f 5701 5675 5705
f 5675 5681 5705
f 5685 5400 5706
f 5400 5431 5706
f 5431 5425 5706
f 5425 5704 5706
f 5704 5680 5706
f 5680 5685 5706
f 5416 5692 5707
f 5416 5435 5707
f 5695 5696 5708
f 5695 5708 5709
f 5438 5440 5708
f 5438 5708 5709
f 5440 5435 5708
f 5435 5707 5708
f 5707 5692 5708
f 5692 5696 5708
f 5710 5699 5700
f 5710 5700 5711
f 5710 5442 5444
f 5710 5444 5711
f 5444 5438 5711
f 5438 5709 5711
f 5709 5695 5711
f 5695 5700 5711
f 5703 5422 5712
f 5422 5447 5712
f 5447 5442 5712
f 5442 5710 5712
f 5710 5699 5712
f 5699 5703 5712
f 5713 5714 5715
f 5715 5459 5461
f 5715 5461 5713
f 5716 5460 5461
f 5716 5461 5713
f 5713 5716 5717
f 5713 5717 5718
f 5713 5718 5714
f 5719 5720 5721
f 5721 5462 5463
f 5721 5463 5719
f 5463 5459 5719
f 5459 5715 5719
f 5722 5714 5715
f 5722 5715 5719
f 5719 5722 5720
f 5723 5724 5725
f 5464 5465 5723
f 5464 5723 5725
f 5465 5462 5723
f 5462 5721 5723
f 5720 5721 5723
f 5720 5723 5726
f 5723 5726 5724
f 5464 5469 5727
f 5728 5727 5464
f 5728 5464 5725
f 5725 5724 5728
f 5729 5730 5731
f 5731 5475 5477
f 5731 5477 5729
f 5732 5476 5477
f 5732 5477 5729
f 5729 5732 5733
f 5729 5733 5734
f 5729 5734 5730
f 5735 5736 5737
f 5737 5478 5479
f 5737 5479 5735
f 5479 5475 5735
f 5475 5731 5735
f 5738 5730 5731
f 5738 5731 5735
f 5735 5738 5736
f 5716 5460 5739
f 5460 5480 5739
f 5480 5478 5739
f 5478 5737 5739
f 5740 5736 5737
f 5740 5737 5739
f 5740 5717 5716
f 5740 5716 5739
f 5741 5742 5727
f 5741 5727 5469
f 5469 5481 5741
f 5727 5728 5742
f 5743 5744 5745
f 5482 5483 5743
f 5482 5743 5745
f 5483 5481 5743
f 5481 5741 5743
f 5746 5742 5741
f 5746 5741 5743
f 5743 5746 5744
f 5482 5487 5747
f 5747 5482 5745
f 5747 5745 5748
f 5745 5744 5748
f 5749 5750 5751
f 5491 5493 5749
f 5491 5749 5751
f 5492 5493 5749
f 5492 5749 5752
f 5749 5752 5753
f 5749 5753 5754
f 5749 5754 5750
f 5732 5476 5755
f 5476 5494 5755
f 5494 5491 5755
f 5491 5751 5755
f 5756 5750 5751
f 5756 5751 5755
f 5756 5733 5732
f 5756 5732 5755
f 5757 5758 5747
f 5757 5747 5487
f 5487 5495 5757
f 5747 5748 5758
f 5495 5499 5759
f 5759 5495 5757
f 5759 5757 5760
f 5757 5758 5760
f 5752 5492 5761
f 5492 5506 5761
f 5762 5505 5506
f 5762 5506 5761
f 5761 5762 5763
f 5761 5763 5764
f 5764 5753 5752
f 5764 5752 5761
f 5759 5499 5765
f 5499 5512 5765
f 5511 5512 5765
f 5511 5765 5766
f 5765 5766 5767
f 5765 5767 5768
f 5768 5760 5759
f 5768 5759 5765
f 5762 5505 5769
f 5505 5524 5769
f 5770 5523 5524
f 5770 5524 5769
f 5769 5770 5771
f 5769 5771 5772
f 5763 5762 5769
f 5763 5769 5772
f 5766 5511 5773
f 5511 5530 5773
f 5774 5529 5530
f 5774 5530 5773
f 5773 5774 5775
f 5773 5775 5776
f 5767 5766 5773
f 5767 5773 5776
f 5541 5539 5777
f 5541 5540 5777
f 5770 5523 5778
f 5523 5542 5778
f 5542 5539 5778
f 5777 5539 5778
f 5777 5778 5779
f 5778 5779 5780
f 5771 5770 5778
f 5771 5778 5780
f 5774 5529 5781
f 5782 5543 5529
f 5782 5529 5781
f 5781 5782 5783
f 5781 5783 5784
f 5781 5784 5785
f 5785 5775 5774
f 5785 5774 5781
f 5543 5548 5786
f 5543 5782 5786
f 5540 5777 5787
f 5540 5554 5787
f 5554 5558 5788
f 5788 5554 5787
f 5788 5787 5789
f 5789 5787 5777
f 5789 5777 5790
f 5777 5779 5790
f 5791 5782 5783
f 5791 5783 5792
f 5791 5560 5565
f 5791 5565 5792
f 5793 5564 5565
f 5793 5565 5792
f 5792 5793 5794
f 5792 5794 5795
f 5795 5784 5783
f 5795 5783 5792
f 5786 5548 5796
f 5548 5570 5796
f 5570 5560 5796
f 5560 5791 5796
f 5791 5782 5796
f 5782 5786 5796
f 5797 5798 5788
f 5797 5788 5558
f 5799 5797 5558
f 5799 5558 5580
f 5580 5579 5799
f 5788 5789 5798
f 5797 5799 5800
f 5797 5798 5800
f 5801 5802 5803
f 5801 5803 5804
f 5801 5804 5805
f 5801 5805 5806
f 5801 5806 5807
f 5801 5807 5802
f 5793 5564 5808
f 5564 5586 5808
f 5809 5585 5586
f 5809 5586 5808
f 5809 5804 5803
f 5809 5803 5808
f 5810 5802 5803
f 5810 5803 5808
f 5810 5794 5793
f 5810 5793 5808
f 5579 5799 5811
f 5579 5598 5811
f 5598 5602 5812
f 5813 5812 5598
f 5813 5598 5811
f 5814 5813 5811
f 5814 5811 5799
f 5799 5800 5814
f 5815 5804 5805
f 5815 5805 5816
f 5815 5604 5609
f 5815 5609 5816
f 5817 5608 5609
f 5817 5609 5816
f 5816 5817 5818
f 5816 5818 5819
f 5819 5806 5805
f 5819 5805 5816
f 5809 5585 5820
f 5585 5614 5820
f 5614 5604 5820
f 5604 5815 5820
f 5815 5804 5820
f 5804 5809 5820
f 5821 5822 5812
f 5821 5812 5602
f 5602 5624 5821
f 5812 5813 5822
f 5823 5824 5825
f 5823 5825 5826
f 5826 5628 5624
f 5826 5624 5823
f 5624 5821 5823
f 5827 5822 5821
f 5827 5821 5823
f 5823 5827 5824
f 5825 5826 5828
f 5825 5824 5828
f 5829 5830 5831
f 5829 5831 5832
f 5829 5832 5833
f 5829 5833 5834
f 5829 5834 5835
f 5829 5835 5830
f 5836 5837 5838
f 5838 5630 5635
f 5838 5635 5836
f 5839 5634 5635
f 5839 5635 5836
f 5839 5832 5831
f 5839 5831 5836
f 5840 5830 5831
f 5840 5831 5836
f 5836 5840 5837
f 5817 5608 5841
f 5608 5640 5841
f 5640 5630 5841
f 5630 5838 5841
f 5842 5837 5838
f 5842 5838 5841
f 5842 5818 5817
f 5842 5817 5841
f 5628 5826 5843
f 5628 5650 5843
f 5844 5845 5846
f 5655 5659 5844
f 5655 5844 5846
f 5659 5650 5844
f 5650 5843 5844
f 5843 5826 5844
f 5845 5828 5826
f 5845 5826 5844
f 5847 5848 5849
f 5849 5661 5665
f 5849 5665 5847
f 5665 5655 5847
f 5655 5846 5847
f 5850 5845 5846
f 5850 5846 5847
f 5847 5850 5848
f 5851 5852 5853
f 5853 5667 5671
f 5853 5671 5851
f 5671 5661 5851
f 5661 5849 5851
f 5854 5848 5849
f 5854 5849 5851
f 5851 5854 5852
f 5855 5832 5833
f 5855 5833 5856
f 5855 5673 5677
f 5855 5677 5856
f 5677 5667 5856
f 5667 5853 5856
f 5857 5852 5853
f 5857 5853 5856
f 5857 5834 5833
f 5857 5833 5856
f 5839 5634 5858
f 5634 5682 5858
f 5682 5673 5858
f 5673 5855 5858
f 5855 5832 5858
f 5832 5839 5858
f 5718 5714 5859
f 5718 5717 5859
f 5722 5720 5860
f 5861 5860 5722
f 5861 5722 5714
f 5714 5859 5861
f 5726 5724 5862
f 5863 5862 5726
f 5863 5726 5720
f 5720 5860 5863
f 5724 5728 5864
f 5724 5862 5864
f 5734 5730 5865
f 5734 5733 5865
f 5866 5867 5868
f 5868 5736 5738
f 5868 5738 5866
f 5738 5730 5866
f 5869 5865 5730
f 5869 5730 5866
f 5866 5869 5870
f 5866 5870 5867
f 5859 5717 5871
f 5859 5871 5872
f 5717 5740 5871
f 5740 5736 5871
f 5736 5868 5871
f 5867 5868 5871
f 5867 5871 5873
f 5871 5873 5872
f 5861 5860 5874
f 5859 5872 5875
f 5875 5859 5861
f 5875 5861 5874
f 5863 5862 5876
f 5860 5874 5877
f 5876 5877 5860
f 5876 5860 5863
f 5878 5864 5728
f 5878 5728 5879
f 5728 5742 5879
f 5862 5876 5880
f 5878 5880 5862
f 5878 5862 5864
f 5746 5744 5881
f 5881 5746 5742
f 5881 5742 5882
f 5882 5742 5879
f 5882 5879 5883
f 5879 5878 5883
f 5744 5748 5884
f 5744 5881 5884
f 5754 5750 5885
f 5754 5753 5885
f 5886 5865 5733
f 5886 5733 5887
f 5733 5756 5887
f 5756 5750 5887
f 5888 5885 5750
f 5888 5750 5887
f 5887 5888 5889
f 5887 5889 5886
f 5865 5886 5890
f 5865 5869 5890
f 5882 5881 5891
f 5882 5883 5891
f 5884 5748 5892
f 5893 5758 5748
f 5893 5748 5892
f 5892 5893 5894
f 5892 5894 5895
f 5895 5891 5881
f 5895 5881 5892
f 5881 5884 5892
f 5758 5760 5896
f 5758 5893 5896
f 5885 5753 5897
f 5885 5897 5898
f 5753 5764 5897
f 5763 5764 5897
f 5763 5897 5899
f 5897 5899 5900
f 5897 5900 5901
f 5897 5901 5898
f 5885 5898 5902
f 5885 5888 5902
f 5894 5893 5903
f 5894 5895 5903
f 5896 5760 5904
f 5760 5768 5904
f 5767 5768 5904
f 5767 5904 5905
f 5904 5905 5906
f 5906 5903 5893
f 5906 5893 5904
f 5893 5896 5904
f 5899 5763 5907
f 5763 5772 5907
f 5771 5772 5907
f 5771 5907 5908
f 5907 5908 5909
f 5907 5909 5910
f 5910 5900 5899
f 5910 5899 5907
f 5905 5767 5911
f 5767 5776 5911
f 5912 5775 5776
f 5912 5776 5911
f 5911 5912 5913
f 5911 5913 5914
f 5914 5906 5905
f 5914 5905 5911
f 5908 5771 5915
f 5771 5780 5915
f 5779 5780 5915
f 5779 5915 5916
f 5915 5916 5917
f 5915 5917 5918
f 5909 5908 5915
f 5909 5915 5918
f 5912 5775 5919
f 5775 5785 5919
f 5920 5784 5785
f 5920 5785 5919
f 5919 5920 5921
f 5919 5921 5922
f 5922 5913 5912
f 5922 5912 5919
f 5923 5924 5916
f 5923 5916 5779
f 5925 5923 5779
f 5925 5779 5790
f 5790 5789 5925
f 5916 5917 5924
f 5923 5925 5926
f 5923 5924 5926
f 5927 5928 5929
f 5927 5929 5930
f 5927 5930 5931
f 5927 5931 5932
f 5927 5932 5933
f 5927 5933 5928
f 5920 5784 5934
f 5784 5795 5934
f 5935 5794 5795
f 5935 5795 5934
f 5935 5930 5929
f 5935 5929 5934
f 5936 5928 5929
f 5936 5929 5934
f 5936 5921 5920
f 5936 5920 5934
f 5789 5925 5937
f 5789 5798 5937
f 5798 5800 5938
f 5939 5938 5798
f 5939 5798 5937
f 5939 5937 5925
f 5939 5925 5940
f 5925 5926 5940
f 5941 5930 5931
f 5941 5931 5942
f 5941 5802 5807
f 5941 5807 5942
f 5943 5806 5807
f 5943 5807 5942
f 5942 5943 5944
f 5942 5944 5945
f 5945 5932 5931
f 5945 5931 5942
f 5935 5794 5946
f 5794 5810 5946
f 5810 5802 5946
f 5802 5941 5946
f 5941 5930 5946
f 5930 5935 5946
f 5947 5938 5800
f 5947 5800 5948
f 5948 5800 5814
f 5948 5814 5949
f 5814 5813 5949
f 5938 5939 5947
f 5948 5949 5950
f 5948 5947 5950
f 5951 5952 5953
f 5951 5953 5954
f 5951 5954 5955
f 5951 5955 5956
f 5951 5956 5957
f 5951 5957 5952
f 5943 5806 5958
f 5806 5819 5958
f 5959 5818 5819
f 5959 5819 5958
f 5959 5954 5953
f 5959 5953 5958
f 5960 5952 5953
f 5960 5953 5958
f 5960 5944 5943
f 5960 5943 5958
f 5813 5949 5961
f 5813 5822 5961
f 5962 5963 5964
f 5824 5827 5962
f 5824 5962 5964
f 5827 5822 5962
f 5822 5961 5962
f 5961 5949 5962
f 5950 5949 5962
f 5950 5962 5963
f 5965 5966 5967
f 5965 5967 5968
f 5968 5828 5824
f 5968 5824 5965
f 5824 5964 5965
f 5969 5963 5964
f 5969 5964 5965
f 5965 5969 5966
f 5970 5971 5972
f 5970 5972 5973
f 5970 5973 5974
f 5974 5968 5967
f 5974 5967 5970
f 5975 5966 5967
f 5975 5967 5970
f 5970 5975 5971
f 5976 5977 5978
f 5976 5978 5979
f 5976 5979 5980
f 5980 5973 5972
f 5980 5972 5976
f 5981 5971 5972
f 5981 5972 5976
f 5976 5981 5977
f 5982 5983 5984
f 5984 5830 5835
f 5984 5835 5982
f 5985 5834 5835
f 5985 5835 5982
f 5985 5979 5978
f 5985 5978 5982
f 5986 5977 5978
f 5986 5978 5982
f 5982 5986 5983
f 5987 5954 5955
f 5987 5955 5988
f 5987 5837 5840
f 5987 5840 5988
f 5840 5830 5988
f 5830 5984 5988
f 5989 5983 5984
f 5989 5984 5988
f 5989 5956 5955
f 5989 5955 5988
f 5959 5818 5990
f 5818 5842 5990
f 5842 5837 5990
f 5837 5987 5990
f 5987 5954 5990
f 5954 5959 5990
f 5828 5968 5991
f 5828 5845 5991
f 5973 5974 5992
f 5973 5992 5993
f 5848 5850 5992
f 5848 5992 5993
f 5850 5845 5992
f 5845 5991 5992
f 5991 5968 5992
f 5968 5974 5992
f 5994 5979 5980
f 5994 5980 5995
f 5994 5852 5854
f 5994 5854 5995
f 5854 5848 5995
f 5848 5993 5995
f 5993 5973 5995
f 5973 5980 5995
f 5985 5834 5996
f 5834 5857 5996
f 5857 5852 5996
f 5852 5994 5996
f 5994 5979 5996
f 5979 5985 5996
f 5870 5867 5997
f 5870 5869 5997
f 5873 5872 5998
f 5998 5873 5867
f 5998 5867 5999
f 5867 5997 5999
f 5875 5874 6000
f 6000 5875 5872
f 6000 5872 6001
f 5872 5998 6001
f 5877 5876 6002
f 6002 5877 5874
f 6002 5874 6003
f 5874 6000 6003
f 5880 5878 6004
f 6004 5880 5876
f 6004 5876 6005
f 5876 6002 6005
f 5878 5883 6006
f 5878 6004 6006
f 5889 5886 6007
f 5889 5888 6007
f 5869 5997 6008
f 6008 5869 5890
f 6008 5890 6009
f 6009 5890 5886
f 6009 5886 6010
f 5886 6007 6010
f 5999 5998 6011
f 6008 6009 6012
f 6013 6012 6008
f 6013 6008 5997
f 6011 6013 5997
f 6011 5997 5999
f 6001 6000 6014
f 5998 6011 6015
f 6014 6015 5998
f 6014 5998 6001
f 6003 6002 6016
f 6000 6014 6017
f 6016 6017 6000
f 6016 6000 6003
f 6018 6004 6005
f 6018 6005 6019
f 6019 6018 6020
f 6019 6020 6021
f 6019 6021 6022
f 6022 6016 6002
f 6022 6002 6019
f 6002 6005 6019
f 6006 5883 6023
f 6024 5891 5883
f 6024 5883 6023
f 6023 6024 6025
f 6020 6018 6023
f 6020 6023 6025
f 6018 6004 6023
f 6004 6006 6023
f 5891 5895 6026
f 5891 6024 6026
f 5901 5898 6027
f 5901 5900 6027
f 5888 6007 6028
f 6028 5888 5902
f 6028 5902 6029
f 6029 5902 5898
f 6029 5898 6030
f 5898 6027 6030
f 6010 6009 6031
f 6028 6029 6032
f 6032 6028 6007
f 6032 6007 6033
f 6033 6007 6010
f 6033 6010 6031
f 6009 6031 6034
f 6009 6012 6034
f 6021 6020 6035
f 6021 6022 6035
f 6036 6024 6025
f 6036 6025 6037
f 6037 6036 6038
f 6037 6038 6039
f 6037 6039 6040
f 6040 6035 6020
f 6040 6020 6037
f 6020 6025 6037
f 6026 5895 6041
f 6042 5903 5895
f 6042 5895 6041
f 6041 6042 6043
f 6038 6036 6041
f 6038 6041 6043
f 6036 6024 6041
f 6024 6026 6041
f 5903 5906 6044
f 5903 6042 6044
f 5900 6027 6045
f 6046 6045 5900
f 6046 5900 5910
f 5910 5909 6046
f 6029 6030 6047
f 6029 6047 6048
f 6047 6048 6049
f 6047 6049 6050
f 6046 6045 6047
f 6046 6047 6050
f 6045 6027 6047
f 6027 6030 6047
f 6048 6049 6051
f 6052 6051 6048
f 6052 6048 6029
f 6029 6032 6052
f 6038 6039 6053
f 6038 6053 6054
f 6053 6054 6055
f 6053 6055 6056
f 6053 6056 6057
f 6053 6057 6058
f 6040 6039 6053
f 6040 6053 6058
f 6059 6042 6043
f 6059 6043 6060
f 6060 6059 6061
f 6060 6061 6062
f 6062 6055 6054
f 6062 6054 6060
f 6054 6038 6060
f 6038 6043 6060
f 6044 5906 6063
f 5906 5914 6063
f 5913 5914 6063
f 5913 6063 6064
f 6061 6059 6063
f 6061 6063 6064
f 6059 6042 6063
f 6042 6044 6063
f 5909 6046 6065
f 6065 5909 5918
f 6065 5918 6066
f 5918 5917 6066
f 6049 6050 6067
f 6049 6067 6068
f 6067 6068 6069
f 6067 6069 6070
f 6066 6065 6067
f 6066 6067 6070
f 6065 6046 6067
f 6046 6050 6067
f 6068 6069 6071
f 6071 6068 6049
f 6071 6049 6072
f 6049 6051 6072
f 6073 6055 6056
f 6073 6056 6074
f 6074 6073 6075
f 6074 6075 6076
f 6074 6076 6077
f 6074 6077 6078
f 6078 6057 6056
f 6078 6056 6074
f 6079 6061 6062
f 6079 6062 6080
f 6080 6079 6081
f 6080 6081 6082
f 6082 6075 6073
f 6082 6073 6080
f 6073 6055 6080
f 6055 6062 6080
f 6064 5913 6083
f 5913 5922 6083
f 6084 5921 5922
f 6084 5922 6083
f 6084 6081 6079
f 6084 6079 6083
f 6079 6061 6083
f 6061 6064 6083
f 5917 6066 6085
f 5917 5924 6085
f 6069 6070 6086
f 6069 6086 6087
f 6086 6087 6088
f 6088 5926 5924
f 6088 5924 6086
f 5924 6085 6086
f 6085 6066 6086
f 6066 6070 6086
f 6087 6088 6089
f 6090 6089 6087
f 6090 6087 6069
f 6069 6071 6090
f 6091 6075 6076
f 6091 6076 6092
f 6092 6091 6093
f 6092 6093 6094
f 6092 6094 6095
f 6092 6095 6096
f 6096 6077 6076
f 6096 6076 6092
f 6097 6081 6082
f 6097 6082 6098
f 6097 5928 5933
f 6097 5933 6098
f 6099 5932 5933
f 6099 5933 6098
f 6099 6093 6091
f 6099 6091 6098
f 6091 6075 6098
f 6075 6082 6098
f 6084 5921 6100
f 5921 5936 6100
f 5936 5928 6100
f 5928 6097 6100
f 6097 6081 6100
f 6081 6084 6100
f 5926 6088 6101
f 6101 5926 5940
f 6101 5940 6102
f 5940 5939 6102
f 6103 6104 6105
f 6103 6105 6106
f 6103 6106 6107
f 6107 6102 6101
f 6107 6101 6103
f 6101 6088 6103
f 6104 6089 6088
f 6104 6088 6103
f 6108 6109 6110
f 6108 6110 6111
f 6108 6111 6112
f 6106 6105 6108
f 6106 6108 6112
f 6113 6104 6105
f 6113 6105 6108
f 6108 6113 6109
f 6114 6115 6116
f 6114 6116 6117
f 6114 6117 6118
f 6111 6110 6114
f 6111 6114 6118
f 6109 6110 6114
f 6109 6114 6119
f 6114 6119 6115
f 6120 6121 6122
f 6120 6122 6123
f 6120 6123 6124
f 6124 6117 6116
f 6124 6116 6120
f 6125 6115 6116
f 6125 6116 6120
f 6120 6125 6121
f 6126 6127 6128
f 6126 6128 6129
f 6126 6129 6130
f 6130 6123 6122
f 6130 6122 6126
f 6131 6121 6122
f 6131 6122 6126
f 6126 6131 6127
f 6132 6093 6094
f 6132 6094 6133
f 6133 6132 6134
f 6133 6134 6135
f 6135 6129 6128
f 6135 6128 6133
f 6136 6127 6128
f 6136 6128 6133
f 6136 6095 6094
f 6136 6094 6133
f 6099 5932 6137
f 5932 5945 6137
f 6138 5944 5945
f 6138 5945 6137
f 6138 6134 6132
f 6138 6132 6137
f 6132 6093 6137
f 6093 6099 6137
f 5939 6102 6139
f 5939 5947 6139
f 6106 6107 6140
f 6106 6140 6141
f 6140 6141 6142
f 6142 5950 5947
f 6142 5947 6140
f 5947 6139 6140
f 6139 6102 6140
f 6102 6107 6140
f 6143 6111 6112
f 6143 6112 6144
f 6144 6143 6145
f 6144 6145 6146
f 6146 6142 6141
f 6146 6141 6144
f 6141 6106 6144
f 6106 6112 6144
f 6147 6117 6118
f 6147 6118 6148
f 6148 6147 6149
f 6148 6149 6150
f 6150 6145 6143
f 6150 6143 6148
f 6143 6111 6148
f 6111 6118 6148
f 6151 6123 6124
f 6151 6124 6152
f 6152 6151 6153
f 6152 6153 6154
f 6154 6149 6147
f 6154 6147 6152
f 6147 6117 6152
f 6117 6124 6152
f 6155 6129 6130
f 6155 6130 6156
f 6156 6155 6157
f 6156 6157 6158
f 6158 6153 6151
f 6158 6151 6156
f 6151 6123 6156
f 6123 6130 6156
f 6159 6134 6135
f 6159 6135 6160
f 6159 5952 5957
f 6159 5957 6160
f 6161 5956 5957
f 6161 5957 6160
f 6161 6157 6155
f 6161 6155 6160
f 6155 6129 6160
f 6129 6135 6160
f 6138 5944 6162
f 5944 5960 6162
f 5960 5952 6162
f 5952 6159 6162
f 6159 6134 6162
f 6134 6138 6162
f 5950 6142 6163
f 5950 5963 6163
f 6145 6146 6164
f 6145 6164 6165
f 5966 5969 6164
f 5966 6164 6165
f 5969 5963 6164
f 5963 6163 6164
f 6163 6142 6164
f 6142 6146 6164
f 6149 6150 6166
f 6149 6166 6167
f 6167 5971 5975
f 6167 5975 6166
f 5975 5966 6166
f 5966 6165 6166
f 6165 6145 6166
f 6145 6150 6166
f 6168 6153 6154
f 6168 6154 6169
f 6168 5977 5981
f 6168 5981 6169
f 5981 5971 6169
f 5971 6167 6169
f 6167 6149 6169
f 6149 6154 6169
f 6170 6157 6158
f 6170 6158 6171
f 6170 5983 5986
f 6170 5986 6171
f 5986 5977 6171
f 5977 6168 6171
f 6168 6153 6171
f 6153 6158 6171
f 6161 5956 6172
f 5956 5989 6172
f 5989 5983 6172
f 5983 6170 6172
f 6170 6157 6172
f 6157 6161 6172
f 6013 6011 6173
f 6013 6012 6173
f 6015 6014 6174
f 6175 6174 6015
f 6175 6015 6011
f 6011 6173 6175
f 6017 6016 6176
f 6177 6176 6017
f 6177 6017 6014
f 6014 6174 6177
f 6016 6022 6178
f 6016 6176 6178
f 6179 6180 6181
f 6031 6033 6179
f 6031 6179 6181
f 6032 6033 6179
f 6032 6179 6182
f 6179 6182 6183
f 6179 6183 6184
f 6179 6184 6180
f 6185 6173 6012
f 6185 6012 6186
f 6012 6034 6186
f 6034 6031 6186
f 6031 6181 6186
f 6187 6180 6181
f 6187 6181 6186
f 6186 6187 6185
f 6175 6174 6188
f 6173 6185 6189
f 6189 6173 6175
f 6189 6175 6188
f 6177 6176 6190
f 6174 6188 6191
f 6190 6191 6174
f 6190 6174 6177
f 6192 6178 6022
f 6192 6022 6193
f 6022 6035 6193
f 6176 6190 6194
f 6192 6194 6176
f 6192 6176 6178
f 6035 6040 6195
f 6195 6035 6193
f 6195 6193 6196
f 6193 6192 6196
f 6182 6032 6197
f 6032 6052 6197
f 6198 6051 6052
f 6198 6052 6197
f 6197 6198 6199
f 6197 6199 6200
f 6200 6183 6182
f 6200 6182 6197
f 6195 6040 6201
f 6040 6058 6201
f 6202 6057 6058
f 6202 6058 6201
f 6201 6202 6203
f 6201 6203 6204
f 6204 6196 6195
f 6204 6195 6201
f 6198 6051 6205
f 6051 6072 6205
f 6071 6072 6205
f 6071 6205 6206
f 6205 6206 6207
f 6205 6207 6208
f 6199 6198 6205
f 6199 6205 6208
f 6202 6057 6209
f 6057 6078 6209
f 6210 6077 6078
f 6210 6078 6209
f 6209 6210 6211
f 6209 6211 6212
f 6212 6203 6202
f 6212 6202 6209
f 6213 6214 6206
f 6213 6206 6071
f 6213 6071 6090
f 6213 6090 6215
f 6090 6089 6215
f 6206 6207 6214
f 6213 6215 6216
f 6213 6214 6216
f 6217 6218 6219
f 6217 6219 6220
f 6217 6220 6221
f 6217 6221 6222
f 6217 6222 6223
f 6217 6223 6218
f 6210 6077 6224
f 6077 6096 6224
f 6225 6095 6096
f 6225 6096 6224
f 6225 6220 6219
f 6225 6219 6224
f 6226 6218 6219
f 6226 6219 6224
f 6226 6211 6210
f 6226 6210 6224
f 6089 6215 6227
f 6089 6104 6227
f 6228 6229 6230
f 6109 6113 6228
f 6109 6228 6230
f 6113 6104 6228
f 6104 6227 6228
f 6227 6215 6228
f 6216 6215 6228
f 6216 6228 6229
f 6231 6232 6233
f 6233 6115 6119
f 6233 6119 6231
f 6119 6109 6231
f 6109 6230 6231
f 6234 6229 6230
f 6234 6230 6231
f 6231 6234 6232
f 6235 6236 6237
f 6237 6121 6125
f 6237 6125 6235
f 6125 6115 6235
f 6115 6233 6235
f 6238 6232 6233
f 6238 6233 6235
f 6235 6238 6236
f 6239 6220 6221
f 6239 6221 6240
f 6239 6127 6131
f 6239 6131 6240
f 6131 6121 6240
f 6121 6237 6240
f 6241 6236 6237
f 6241 6237 6240
f 6241 6222 6221
f 6241 6221 6240
f 6225 6095 6242
f 6095 6136 6242
f 6136 6127 6242
f 6127 6239 6242
f 6239 6220 6242
f 6220 6225 6242
f 6184 6180 6243
f 6184 6183 6243
f 6244 6245 6246
f 6246 6185 6187
f 6246 6187 6244
f 6187 6180 6244
f 6247 6243 6180
f 6247 6180 6244
f 6244 6247 6248
f 6244 6248 6245
f 6249 6250 6251
f 6251 6188 6189
f 6251 6189 6249
f 6189 6185 6249
f 6185 6246 6249
f 6245 6246 6249
f 6245 6249 6252
f 6249 6252 6250
f 6253 6254 6255
f 6190 6191 6253
f 6190 6253 6255
f 6191 6188 6253
f 6188 6251 6253
f 6250 6251 6253
f 6250 6253 6256
f 6253 6256 6254
f 6194 6192 6257
f 6258 6257 6194
f 6258 6194 6190
f 6258 6190 6255
f 6258 6255 6259
f 6255 6254 6259
f 6192 6196 6260
f 6192 6257 6260
f 6243 6183 6261
f 6243 6261 6262
f 6183 6200 6261
f 6199 6200 6261
f 6199 6261 6263
f 6261 6263 6264
f 6261 6264 6265
f 6261 6265 6262
f 6243 6262 6266
f 6243 6247 6266
f 6258 6257 6267
f 6258 6259 6267
f 6260 6196 6268
f 6196 6204 6268
f 6203 6204 6268
f 6203 6268 6269
f 6268 6269 6270
f 6270 6267 6257
f 6270 6257 6268
f 6257 6260 6268
f 6271 6272 6263
f 6271 6263 6199
f 6273 6271 6199
f 6273 6199 6208
f 6208 6207 6273
f 6263 6264 6272
f 6271 6273 6274
f 6271 6272 6274
f 6275 6276 6277
f 6275 6277 6278
f 6275 6278 6279
f 6275 6279 6280
f 6275 6280 6281
f 6275 6281 6276
f 6269 6203 6282
f 6203 6212 6282
f 6283 6211 6212
f 6283 6212 6282
f 6283 6278 6277
f 6283 6277 6282
f 6284 6276 6277
f 6284 6277 6282
f 6284 6270 6269
f 6284 6269 6282
f 6207 6273 6285
f 6207 6214 6285
f 6286 6287 6288
f 6286 6288 6289
f 6216 6214 6286
f 6216 6286 6289
f 6214 6285 6286
f 6285 6273 6286
f 6287 6274 6273
f 6287 6273 6286
f 6288 6289 6290
f 6288 6287 6290
f 6291 6292 6293
f 6291 6293 6294
f 6291 6294 6295
f 6291 6295 6296
f 6291 6296 6297
f 6291 6297 6292
f 6298 6278 6279
f 6298 6279 6299
f 6298 6218 6223
f 6298 6223 6299
f 6300 6222 6223
f 6300 6223 6299
f 6300 6294 6293
f 6300 6293 6299
f 6301 6292 6293
f 6301 6293 6299
f 6301 6280 6279
f 6301 6279 6299
f 6283 6211 6302
f 6211 6226 6302
f 6226 6218 6302
f 6218 6298 6302
f 6298 6278 6302
f 6278 6283 6302
f 6216 6289 6303
f 6216 6229 6303
f 6304 6305 6306
f 6232 6234 6304
f 6232 6304 6306
f 6234 6229 6304
f 6229 6303 6304
f 6303 6289 6304
f 6305 6290 6289
f 6305 6289 6304
f 6307 6294 6295
f 6307 6295 6308
f 6307 6236 6238
f 6307 6238 6308
f 6238 6232 6308
f 6232 6306 6308
f 6309 6305 6306
f 6309 6306 6308
f 6309 6296 6295
f 6309 6295 6308
f 6300 6222 6310
f 6222 6241 6310
f 6241 6236 6310
f 6236 6307 6310
f 6307 6294 6310
f 6294 6300 6310
f 6248 6245 6311
f 6248 6247 6311
f 6252 6250 6312
f 6312 6252 6245
f 6312 6245 6313
f 6245 6311 6313
f 6256 6254 6314
f 6315 6314 6256
f 6315 6256 6250
f 6250 6312 6315
f 6254 6259 6316
f 6254 6314 6316
f 6265 6262 6317
f 6265 6264 6317
f 6247 6311 6318
f 6319 6318 6247
f 6319 6247 6266
f 6319 6266 6262
f 6319 6262 6320
f 6262 6317 6320
f 6312 6313 6321
f 6312 6321 6322
f 6321 6322 6323
f 6321 6323 6324
f 6319 6318 6321
f 6319 6321 6324
f 6318 6311 6321
f 6311 6313 6321
f 6325 6314 6315
f 6325 6315 6326
f 6326 6325 6327
f 6326 6327 6328
f 6323 6322 6326
f 6323 6326 6328
f 6322 6312 6326
f 6312 6315 6326
f 6316 6259 6329
f 6330 6267 6259
f 6330 6259 6329
f 6329 6330 6331
f 6327 6325 6329
f 6327 6329 6331
f 6325 6314 6329
f 6314 6316 6329
f 6267 6270 6332
f 6267 6330 6332
f 6264 6317 6333
f 6264 6272 6333
f 6319 6320 6334
f 6319 6334 6335
f 6334 6335 6336
f 6336 6274 6272
f 6336 6272 6334
f 6272 6333 6334
f 6333 6317 6334
f 6317 6320 6334
f 6323 6324 6337
f 6323 6337 6338
f 6337 6338 6339
f 6337 6339 6340
f 6340 6336 6335
f 6340 6335 6337
f 6335 6319 6337
f 6319 6324 6337
f 6341 6327 6328
f 6341 6328 6342
f 6342 6341 6343
f 6342 6343 6344
f 6344 6339 6338
f 6344 6338 6342
f 6338 6323 6342
f 6323 6328 6342
f 6345 6330 6331
f 6345 6331 6346
f 6345 6276 6281
f 6345 6281 6346
f 6347 6280 6281
f 6347 6281 6346
f 6347 6343 6341
f 6347 6341 6346
f 6341 6327 6346
f 6327 6331 6346
f 6332 6270 6348
f 6270 6284 6348
f 6284 6276 6348
f 6276 6345 6348
f 6345 6330 6348
f 6330 6332 6348
f 6274 6336 6349
f 6274 6287 6349
f 6350 6339 6340
f 6350 6340 6351
f 6351 6350 6352
f 6352 6290 6287
f 6352 6287 6351
f 6287 6349 6351
f 6349 6336 6351
f 6336 6340 6351
f 6353 6343 6344
f 6353 6344 6354
f 6353 6292 6297
f 6353 6297 6354
f 6355 6296 6297
f 6355 6297 6354
f 6355 6352 6350
f 6355 6350 6354
f 6350 6339 6354
f 6339 6344 6354
f 6347 6280 6356
f 6280 6301 6356
f 6301 6292 6356
f 6292 6353 6356
f 6353 6343 6356
f 6343 6347 6356
f 6290 6352 6357
f 6290 6305 6357
f 6355 6296 6358
f 6296 6309 6358
f 6309 6305 6358
f 6305 6357 6358
f 6357 6352 6358
f 6352 6355 6358
