o anisotropic-identity-challenger-perturbed
v -0.006999042705761294 -0.1315616025366513 -0.7120171904557981
v 1.1102230246251565e-16 -0.13203661754298981 -0.7071428571428572
v 1.1102230246251565e-16 -0.1315616025366513 -0.7120171904557981
v 1.1102230246251565e-16 -0.125 -0.7120799034114288
v -0.007006856794876448 -0.125 -0.7120226324107176
v -0.03305421056992602 -0.125 -0.7071428571428572
v -0.007155041323606413 -0.1317078512408811 -0.7071428571428572
v 0.03305421056992613 -0.125 -0.7071428571428572
v -0.14188471285240295 -0.07051691829912769 -0.7130982821650663
v -0.13333333333333341 -0.07388894109430094 -0.7071428571428572
v -0.13333333333333341 -0.07051691829912769 -0.7130982821650663
v -0.13333333333333341 -0.0625 -0.7131860135995693
v -0.14188471285240295 -0.0625 -0.7130982821650663
v -0.14401441642581403 -0.0625 -0.7071428571428572
v -0.14188471285240295 -0.07051691829912769 -0.7071428571428572
v -0.10058199982298044 -0.09429562483404413 -0.7307624641624328
v -0.06666666666666665 -0.11854437508718912 -0.7071428571428572
v -0.06666666666666665 -0.09431509988724933 -0.7307769313448138
v -0.06666666666666665 -0.0625 -0.7325715817242487
v -0.1008617651252856 -0.0625 -0.7309573007122525
v -0.10737438894150612 -0.10066348963266195 -0.7071428571428572
v 1.1102230246251565e-16 -0.0990435359381924 -0.7342894838398001
v -0.03876832375179319 -0.09884530351730617 -0.7341422254699989
v 1.1102230246251565e-16 -0.0625 -0.736807121889889
v -0.04124975119605177 -0.0625 -0.7358703624401075
v -0.06139051248087393 -0.12005360545081933 -0.7071428571428572
v 0.032513202985146455 -0.09451887220142524 -0.7309283050639159
v 0.06666666666666665 -0.11854437508718912 -0.7071428571428572
v 0.06666666666666665 -0.09431509988724933 -0.7307769313448138
v 0.06666666666666665 -0.0625 -0.7325715817242487
v 0.028732469110414962 -0.0625 -0.7335613161552468
v 0.12477265527076066 -0.07052563568366194 -0.7131047579364346
v 0.13333333333333341 -0.07388894109430094 -0.7071428571428572
v 0.13333333333333341 -0.07051691829912769 -0.7130982821650663
v 0.13333333333333341 -0.0625 -0.7131860135995693
v 0.12354643719533709 -0.0625 -0.7139587312389617
v 0.09651392217277302 -0.09701819796302531 -0.7071428571428572
v 0.14401441642581403 -0.0625 -0.7071428571428572
v -0.13333333333333341 -0.023700389437561545 -0.7247488607250457
v -0.15835072639068837 -0.02345380599127029 -0.7245656844506579
v -0.13333333333333341 0 -0.725373474967265
v -0.15835072639068837 0 -0.7245656844506579
v -0.16819806483286867 0 -0.7071428571428572
v -0.16252162448510346 -0.02736402295478442 -0.7071428571428572
v -0.06666666666666665 -0.040968326170127134 -0.7375764708692373
v -0.10822075927576719 -0.0389569618210317 -0.7360823144956236
v -0.06666666666666665 0 -0.7391673804587817
v -0.10910299250519302 0 -0.7366967269232594
v 1.1102230246251565e-16 -0.04505384658107018 -0.7406114288887949
v -0.04687576175045045 -0.04394602664104734 -0.7397884769333495
v 1.1102230246251565e-16 0 -0.7424501499736611
v -0.048972147056200954 0 -0.7412484595569971
v 0.06666666666666665 -0.040968326170127134 -0.7375764708692373
v 0.02168352391992791 -0.04217169632506765 -0.738470402984336
v 0.06666666666666665 0 -0.7391673804587817
v 0.01877756422373692 0 -0.7404941963441832
v 0.13333333333333341 -0.023700389437561545 -0.7247488607250457
v 0.10582738508465642 -0.025786826483134642 -0.7262987853874715
v 0.13333333333333341 0 -0.725373474967265
v 0.10328188978920294 0 -0.7280715410396623
v 0.16819806483286864 0 -0.7071428571428572
v 0.14744704115721705 -0.049268398915109084 -0.7071428571428572
v -0.15089454584559606 0.046036363269753765 -0.7193729872853258
v -0.13333333333333341 0.04512886047200245 -0.7200471322207982
v -0.13333333333333341 0.0625 -0.7197276534487056
v -0.15089454584559606 0.0625 -0.7193729872853258
v -0.15648030367321164 0.0625 -0.7071428571428572
v -0.15966230880423204 0.037816585496032534 -0.7071428571428572
v -0.06666666666666665 0.02236929968459636 -0.7369542345200142
v -0.10570752982496312 0.02589919078909712 -0.7343320296995278
v -0.06666666666666665 0.0625 -0.7359915921832787
v -0.10514691381492272 0.0625 -0.7339416006925354
v 1.1102230246251565e-16 0.0171460905086141 -0.7408343327650295
v -0.046501018724818925 0.018905294945482216 -0.739527495183356
v 1.1102230246251565e-16 0.0625 -0.7397127116277845
v -0.045225597712375845 0.0625 -0.7386392555496903
v 0.021801473944816626 0.02043888182326552 -0.7383882592170028
v 0.06666666666666665 0.02236929968459636 -0.7369542345200142
v 0.06666666666666665 0.0625 -0.7359915921832787
v 0.023570604864603096 0.0625 -0.7371561858978658
v 0.11145011035207855 0.0419844784550736 -0.7223829588619454
v 0.13333333333333341 0.04512886047200245 -0.7200471322207982
v 0.13333333333333341 0.0625 -0.7197276534487056
v 0.11273985648260024 0.0625 -0.7214847428067606
v 0.15648030367321164 0.0625 -0.7071428571428572
v 0.16478890888892148 0.029489602083363868 -0.7071428571428572
v -0.13333333333333341 0.09178920216065203 -0.7071428571428572
v -0.08125796378266498 0.1113206589537516 -0.7173046533486417
v -0.06666666666666665 0.10925334714316694 -0.7188403706936475
v -0.06666666666666665 0.125 -0.717223599322696
v -0.08081819719371292 0.125 -0.7169983873313358
v -0.0932822743643643 0.125 -0.7071428571428572
v -0.027178788499529608 0.09951988578169092 -0.726070941990744
v 1.1102230246251565e-16 0.0978733063402373 -0.7272941152901095
v 1.1102230246251565e-16 0.125 -0.7243363563090849
v -0.02411620814313184 0.125 -0.7239380735282526
v 0.048475737520927716 0.10794600392586971 -0.7198115399407825
v 0.06666666666666665 0.10925334714316694 -0.7188403706936475
v 0.06666666666666665 0.125 -0.717223599322696
v 0.051768443993512804 0.125 -0.7175184050759464
v 0.13333333333333341 0.09178920216065203 -0.7071428571428572
v 0.0932822743643643 0.125 -0.7071428571428572
v 0.11760214293648183 0.11025200900295165 -0.7071428571428572
v 0.15131535420134953 0.07935814456376515 -0.7071428571428572
v -0.06666666666666665 0.1406345457027942 -0.7071428571428572
v 1.1102230246251565e-16 0.1527468076607968 -0.7071428571428572
v -0.04793798077674136 0.14255814302180495 -0.7071428571428572
v 0.06666666666666665 0.1406345457027942 -0.7071428571428572
v 0.027025347396095405 0.15033626318383939 -0.7071428571428572
v 0.08089497812472587 0.1383390419919305 -0.7071428571428572
v -0.09469994392029041 -0.15128119742527224 -0.680237460944488
v -0.06666666666666665 -0.15641973495094313 -0.6607142857142858
v -0.06666666666666665 -0.15165751309529557 -0.6805170097279339
v -0.06666666666666665 -0.125 -0.7005881845948998
v -0.10156972823642677 -0.125 -0.6850217750217973
v -0.12654055552720347 -0.125 -0.6607142857142858
v -0.09520978533126306 -0.15175917374805908 -0.6607142857142858
v -0.0345754011309408 -0.15741443856025705 -0.6847935829304768
v 1.1102230246251565e-16 -0.1653319509035205 -0.6607142857142858
v 1.1102230246251565e-16 -0.15825221662198347 -0.6854159323477592
v -0.059872575778304064 -0.125 -0.702411258131319
v -0.03961540928558009 -0.16213944620523138 -0.6607142857142858
v 0.03735208861057289 -0.15248241692758796 -0.6811297954319225
v 0.06666666666666665 -0.15641973495094313 -0.6607142857142858
v 0.06666666666666665 -0.15165751309529557 -0.6805170097279339
v 0.06666666666666665 -0.125 -0.7005881845948998
v 0.029551841590439144 -0.15979514850896337 -0.6607142857142858
v 0.12654055552720345 -0.125 -0.6607142857142858
v -0.16812540841241164 -0.09511757038663583 -0.6849444808586438
v -0.13333333333333341 -0.12061684030226583 -0.6607142857142858
v -0.13333333333333341 -0.10144127478213347 -0.6896420898381563
v -0.1723974571047495 -0.0625 -0.687919657626522
v -0.1867139677436444 -0.0625 -0.6607142857142858
v -0.17049459527103522 -0.09733868306659546 -0.6607142857142858
v -0.06666666666666665 -0.12184917722637677 -0.7048022459395942
v -0.11819011559118016 -0.11080323336673134 -0.6965966876438576
v -0.1309769950192601 -0.12279093283055627 -0.6607142857142858
v -0.06383410880263421 -0.12234447700246959 -0.7051701829161203
v 0.06666666666666665 -0.12184917722637677 -0.7048022459395942
v 0.07323424878395005 -0.11884289176504682 -0.7025690053111777
v 0.13333333333333341 -0.12061684030226583 -0.6607142857142858
v 0.13333333333333341 -0.10144127478213347 -0.6896420898381563
v 0.1567555815749924 -0.0625 -0.6908309342602732
v 0.1867139677436444 -0.0625 -0.6607142857142858
v -0.20591451262436933 -0.005544855585346169 -0.6648333212919715
v -0.20000000000000007 -0.016488367256223976 -0.6607142857142858
v -0.20000000000000007 -0.007004946852897272 -0.6659179605192952
v -0.20000000000000007 0 -0.6677193304188098
v -0.20591451262436933 0 -0.6648333212919715
v -0.2061813248617527 0 -0.6607142857142858
v -0.20591749365042863 -0.005547650297276788 -0.6607142857142858
v -0.17911518858839273 -0.042920489301618125 -0.6925980777669164
v -0.18368332374954474 0 -0.6957794576112901
v -0.19077063604610392 -0.053847471293222364 -0.6607142857142858
v 0.19999999999999996 -0.00700494685289741 -0.6659179605192953
v 0.19999999999999996 -0.016488367256224302 -0.6607142857142858
v 0.19999999999999996 0 -0.6677193304188099
v 0.2061813248617527 0 -0.6607142857142858
v -0.20000000000000007 0.03049685021952259 -0.6607142857142858
v -0.18098092462051624 0.01783038316826609 -0.693897429646431
v -0.1780805687285123 0.0625 -0.6918775389359282
v -0.19538180057696372 0.0625 -0.6607142857142858
v 0.19999999999999996 0.030496850219523204 -0.6607142857142858
v 0.1903093581246983 0.053415023241904676 -0.667463125591728
v 0.1851868222055455 0.0625 -0.6710306059639952
v 0.1953818005769637 0.0625 -0.6607142857142858
v 0.19620113587160143 0.058938564879626384 -0.6607142857142858
v 0.20599004756276418 0.005615669590091464 -0.6607142857142858
v -0.15454511152169043 0.1051139579484153 -0.675486774095463
v -0.13333333333333341 0.125 -0.6809678962818292
v -0.14965007654795032 0.125 -0.6720777318816082
v -0.15409543940576503 0.125 -0.6607142857142858
v -0.18362509127139653 0.07785147693306582 -0.6607142857142858
v -0.11705905595311172 0.125 -0.6958089853959171
v 0.13333333333333341 0.125 -0.6809678962818292
v 0.15601007356051613 0.08375944396298385 -0.6913501273417835
v 0.154095439405765 0.125 -0.6607142857142858
v 0.17761805233480807 0.10401692406388256 -0.6607142857142858
v -0.13333333333333341 0.14276218842789473 -0.6607142857142858
v -0.06666666666666665 0.1742426933251562 -0.6607142857142858
v -0.06666666666666665 0.1527229123694249 -0.6865486936684273
v -0.10124129915181916 0.15508628204516958 -0.6607142857142858
v -0.021815056358371228 0.16704838466402688 -0.67590691424958
v 1.1102230246251565e-16 0.1828372935347607 -0.6607142857142858
v 1.1102230246251565e-16 0.175484415972218 -0.6696401481349239
v -0.006301236047696536 0.1815925912052844 -0.6607142857142858
v 0.041309036183153985 0.16372722142170681 -0.6783740640867322
v 0.06666666666666665 0.1742426933251562 -0.6607142857142858
v 0.06666666666666665 0.1527229123694249 -0.6865486936684273
v 0.055191076338995504 0.1767416340678083 -0.6607142857142858
v 0.13333333333333341 0.14276218842789473 -0.6607142857142858
v 0.08361841325013795 0.1408922624220043 -0.6953371764865112
v 0.10758135172815733 0.16335751724514747 -0.6607142857142858
v 0.14925549330368212 0.13992702497220194 -0.6607142857142858
v -0.14916051443208148 -0.13983798228007632 -0.6253082154080567
v -0.13333333333333341 -0.1451094593874581 -0.6142857142857143
v -0.13333333333333341 -0.14019515405128372 -0.6255735430095251
v -0.13333333333333341 -0.125 -0.6510045487396335
v -0.15095211528666916 -0.125 -0.6265559374317875
v -0.15771404559603333 -0.125 -0.6142857142857143
v -0.15168463915625027 -0.14220434920898456 -0.6142857142857143
v -0.10332743075494108 -0.15936946633275723 -0.6398173178471912
v -0.06666666666666665 -0.17227698852153395 -0.6142857142857143
v -0.06666666666666665 -0.16391240833134224 -0.6431920747604257
v -0.1289997995086127 -0.125 -0.6576962889434982
v -0.1095609532159711 -0.16521339363997287 -0.6142857142857143
v -0.04542909669018753 -0.16758977814705084 -0.6459238351949521
v 1.1102230246251565e-16 -0.17937937502464665 -0.6142857142857143
v 1.1102230246251565e-16 -0.17041185560557864 -0.6480202355927156
v -0.05340475995970255 -0.17506696246222117 -0.6142857142857143
v 0.02186145147781317 -0.1670048892395502 -0.6454893462922374
v 0.06666666666666665 -0.17227698852153395 -0.6142857142857143
v 0.06666666666666665 -0.16391240833134224 -0.6431920747604257
v 0.010814783552920587 -0.17736114041913703 -0.6142857142857143
v 0.11316575977036245 -0.14390710021528524 -0.6283309887313548
v 0.13333333333333341 -0.1451094593874581 -0.6142857142857143
v 0.13333333333333341 -0.14019515405128372 -0.6255735430095251
v 0.13333333333333341 -0.125 -0.6510045487396335
v 0.10336736883113862 -0.1530930917208076 -0.6142857142857143
v 0.15771404559603333 -0.125 -0.6142857142857143
v -0.20785224171914524 -0.06986147661169861 -0.6197542397686905
v -0.20000000000000007 -0.0748902454116176 -0.6142857142857143
v -0.20000000000000007 -0.07084292233913497 -0.6204833137376432
v -0.20000000000000007 -0.0625 -0.6295840677746967
v -0.20785607310297594 -0.0625 -0.6197569080538582
v -0.21091671240424878 -0.0625 -0.6142857142857143
v -0.20925583225175098 -0.07117734273601647 -0.6142857142857143
v -0.13333333333333341 -0.12196257096596094 -0.6584579098604282
v -0.1766864431806041 -0.10314354048181629 -0.644478058643635
v -0.1903829578499732 -0.0625 -0.6540167027883742
v -0.18326950266863468 -0.10931515875184496 -0.6142857142857143
v -0.13146839791385195 -0.12325162304423615 -0.6594154914042898
v 0.13333333333333341 -0.12196257096596094 -0.6584579098604282
v 0.1587614640796871 -0.10116112742529336 -0.6430054089445038
v 0.19999999999999996 -0.07489024541161776 -0.6142857142857143
v 0.19999999999999996 -0.07084292233913508 -0.6204833137376432
v 0.19999999999999996 -0.0625 -0.6295840677746969
v 0.2109167124042488 -0.0625 -0.6142857142857143
v -0.20000000000000007 -0.04277831684365708 -0.646063892512431
v -0.22472774086646996 -0.02318225706231554 -0.6315068195320059
v -0.225478490678716 0 -0.6320296631512486
v -0.23379931016899366 0 -0.6142857142857143
v -0.23090704384251187 -0.028975353602354835 -0.6142857142857143
v -0.19302413434790822 -0.05596012595116389 -0.6558560935637219
v 0.19999999999999996 -0.04277831684365722 -0.6460638925124311
v 0.20968135758555959 0 -0.6539719116814854
v 0.23379931016899363 0 -0.6142857142857143
v 0.21259729262771604 -0.050690038161516154 -0.6142857142857143
v -0.22144781382040413 0.04239267454337119 -0.6292225846249243
v -0.20000000000000007 0.0625 -0.6521525037902091
v -0.220947733683313 0.0625 -0.6288743145294501
v -0.22995767643550633 0.0625 -0.6142857142857143
v -0.2293916232504479 0.03494535320270516 -0.6142857142857143
v -0.19687151665908106 0.0625 -0.6585355205304315
v 0.19999999999999996 0.0625 -0.6521525037902092
v 0.20996933610928237 0.00934625260245227 -0.6537713552096069
v 0.22995767643550633 0.0625 -0.6142857142857143
v 0.2343719746040085 0.032223726191258004 -0.6142857142857143
v -0.20000000000000007 0.11276931904203226 -0.6142857142857143
v -0.19399074529255897 0.06813367628822603 -0.6565292690430322
v -0.17318840362177124 0.125 -0.6420419239508764
v -0.1935776392046162 0.125 -0.6142857142857143
v 0.19999999999999996 0.11276931904203247 -0.6142857142857143
v 0.19505652903821916 0.12036549597333049 -0.617728488705526
v 0.18270260359338863 0.125 -0.6263321153546044
v 0.19357763920461618 0.125 -0.6142857142857143
v 0.19664549712195448 0.12185515355183235 -0.6142857142857143
v 0.22830473028227882 0.08903568463963643 -0.6142857142857143
v -0.13333333333333341 0.17320819354302017 -0.6249024847966136
v -0.13333333333333341 0.18232877324936833 -0.6142857142857143
v -0.06666666666666665 0.1875 -0.640616015345092
v -0.09060857694435782 0.1875 -0.6309595446576778
v -0.12176111453129856 0.1875 -0.6142857142857143
v 1.1102230246251565e-16 0.1875 -0.6532283807579771
v -0.044569641072029015 0.1875 -0.6453252857465918
v 0.06666666666666665 0.1875 -0.640616015345092
v 0.015224581547162953 0.1875 -0.6501114521367973
v 0.128735107646895 0.18318916341896402 -0.6174880500316268
v 0.13333333333333341 0.18232877324936833 -0.6142857142857143
v 0.13333333333333341 0.17320819354302017 -0.6249024847966136
v 0.12176111453129856 0.1875 -0.6142857142857143
v 0.13047688668743468 0.18482208126946992 -0.6142857142857143
v 0.16046132614346675 0.15043249325950003 -0.6418215764358001
v 0.17951850467514469 0.16829859813294817 -0.6142857142857143
v -0.06666666666666665 0.22326151758669574 -0.6142857142857143
v 1.1102230246251565e-16 0.23191563704951756 -0.6142857142857143
v -0.025688110070066127 0.22591739680931294 -0.6142857142857143
v 0.06666666666666665 0.22326151758669574 -0.6142857142857143
v 0.044874099829817465 0.22956946859045385 -0.6142857142857143
v 0.09868312403782864 0.21751542878546432 -0.6142857142857143
v -0.13791145694940915 -0.254291990890071 -0.5710454789469098
v -0.13333333333333341 -0.25774226934346667 -0.5678571428571428
v -0.13333333333333341 -0.254291990890071 -0.5710454789469098
v -0.13333333333333341 -0.25 -0.5713492776118249
v -0.13800316864417816 -0.25 -0.5711093495914812
v -0.14936020116302295 -0.25 -0.5678571428571428
v -0.13954447221022123 -0.25582294269708233 -0.5678571428571428
v -0.08135025734612589 -0.263765866261993 -0.5780832149374805
v -0.06666666666666665 -0.27668646266036323 -0.5678571428571428
v -0.06666666666666665 -0.2638013293667999 -0.5781095589581943
v -0.06666666666666665 -0.25 -0.5795565769869617
v -0.08250376644721702 -0.25 -0.5788865516328833
v -0.09008956438260424 -0.27195896660869145 -0.5678571428571428
v -0.017551041500959833 -0.2664541014071499 -0.5800801896167399
v 1.1102230246251565e-16 -0.2825609356943964 -0.5678571428571428
v 1.1102230246251565e-16 -0.2665116206371596 -0.5801229181876043
v 1.1102230246251565e-16 -0.25 -0.5820167613009252
v -0.019875373922417387 -0.25 -0.5816989211245407
v -0.03229455899588643 -0.28027614905864356 -0.5678571428571428
v 0.051890810674963594 -0.26385236499222164 -0.5781474711370789
v 0.06666666666666665 -0.27668646266036323 -0.5678571428571428
v 0.06666666666666665 -0.2638013293667999 -0.5781095589581943
v 0.06666666666666665 -0.25 -0.5795565769869617
v 0.049455748107135454 -0.25 -0.5798433182825307
v 0.03579341447998997 -0.27894367392500946 -0.5678571428571428
v 0.1287411159281043 -0.2543052038174023 -0.571055294264356
v 0.13333333333333341 -0.25774226934346667 -0.5678571428571428
v 0.13333333333333341 -0.254291990890071 -0.5710454789469098
v 0.13333333333333341 -0.25 -0.5713492776118249
v 0.12794466809382857 -0.25 -0.571609963291798
v 0.12247739781237882 -0.2601774395508949 -0.5678571428571428
v 0.14936020116302293 -0.25 -0.5678571428571428
v -0.21671642971818292 -0.20317165286079644 -0.5794989421251631
v -0.20000000000000007 -0.22434778834668548 -0.5678571428571428
v -0.20000000000000007 -0.20342323543378812 -0.5796858320365283
v -0.20000000000000007 -0.1875 -0.5813180311983958
v -0.21723349833113917 -0.1875 -0.5798590434806147
v -0.24762472039102185 -0.1875 -0.5678571428571428
v -0.22450169909681972 -0.21047034290326844 -0.5678571428571428
v -0.13333333333333341 -0.2154001336424599 -0.588582956420113
v -0.16183477266249044 -0.21422009937108472 -0.5877063595328058
v -0.13333333333333341 -0.1875 -0.5923229335322263
v -0.16476228799339052 -0.1875 -0.5897451648525398
v -0.18388833064836144 -0.23489530998283878 -0.5678571428571428
v -0.06666666666666665 -0.22139527815443183 -0.5930364923432923
v -0.10152592488788417 -0.22018055458239139 -0.592134126261205
v -0.06666666666666665 -0.1875 -0.6014098755895206
v -0.10681531723361319 -0.1875 -0.5958178102162663
v 1.1102230246251565e-16 -0.22325620064727347 -0.5944188919094031
v -0.037608275274447184 -0.22275775806979428 -0.5940486202804186
v 1.1102230246251565e-16 -0.1875 -0.6061871905996626
v -0.04933346249011217 -0.1875 -0.6022143756627567
v 0.06666666666666665 -0.22139527815443183 -0.5930364923432923
v 0.029974633883267026 -0.22189878073443722 -0.5934105228312962
v 0.06666666666666665 -0.1875 -0.6014098755895206
v 0.0124999758867857 -0.1875 -0.6055803739359886
v 0.13333333333333341 -0.2154001336424599 -0.588582956420113
v 0.10228199084019918 -0.2166106335873133 -0.5894821849505756
v 0.13333333333333341 -0.1875 -0.5923229335322263
v 0.08951869848017337 -0.1875 -0.5983709064155935
v 0.182025584515847 -0.20435101451639343 -0.5803750393550351
v 0.19999999999999996 -0.22434778834668548 -0.5678571428571428
v 0.19999999999999996 -0.20342323543378815 -0.5796858320365283
v 0.19999999999999996 -0.1875 -0.5813180311983958
v 0.17748465182185846 -0.1875 -0.5835374746240629
v 0.24762472039102185 -0.1875 -0.5678571428571428
v -0.28249832519017354 -0.13984217986578767 -0.5788827621860136
v -0.2666666666666667 -0.1687167958816449 -0.5678571428571428
v -0.2666666666666667 -0.14030966273163814 -0.579230035172074
v -0.2666666666666667 -0.125 -0.5805458772799282
v -0.28269185576851563 -0.125 -0.5790175424102162
v -0.3025898233389703 -0.125 -0.5678571428571428
v -0.2897527126109116 -0.14664316807272962 -0.5678571428571428
v -0.20000000000000007 -0.15729307600484216 -0.5918462850321685
v -0.2318136305341611 -0.154825278625776 -0.590013064122005
v -0.20000000000000007 -0.125 -0.5965839654621232
v -0.23427466382100118 -0.125 -0.5917269980181972
v -0.2578348350395849 -0.17922015784961076 -0.5678571428571428
v -0.13333333333333341 -0.16725486781741306 -0.5992464732357926
v -0.17504163721599514 -0.16410153488999538 -0.5969039973468537
v -0.1811502178926443 -0.125 -0.6011581874609486
v -0.06666666666666665 -0.17714315730067087 -0.6065920597090698
v -0.11634882563908881 -0.1715770240366457 -0.602457217855794
v 1.1102230246251565e-16 -0.18151046862654807 -0.6098363481225786
v -0.05667718477228206 -0.17813486072401447 -0.6073287536806965
v 0.007113219380476337 -0.18083135683080354 -0.6093318650743113
v 0.06666666666666665 -0.17714315730067087 -0.6065920597090698
v 0.08118356421932874 -0.17389040854437932 -0.604175732061539
v 0.13333333333333341 -0.16725486781741306 -0.5992464732357926
v 0.19999999999999996 -0.15729307600484219 -0.5918462850321685
v 0.16188168687947768 -0.1607359185504897 -0.5944038252089352
v 0.19999999999999996 -0.125 -0.5965839654621232
v 0.24831042717851629 -0.14220897452014095 -0.5806409525006762
v 0.2666666666666666 -0.16871679588164504 -0.5678571428571428
v 0.2666666666666666 -0.14030966273163817 -0.579230035172074
v 0.2666666666666666 -0.125 -0.5805458772799282
v 0.24228021792463145 -0.125 -0.5848405625167745
v 0.30258982333897033 -0.125 -0.5678571428571428
v -0.33411554328817894 -0.0632333218326678 -0.5684018962185532
v -0.3333333333333333 -0.06516532887586522 -0.5678571428571428
v -0.3333333333333333 -0.06324498220455965 -0.5684105582091015
v -0.3333333333333333 -0.0625 -0.5684460150023573
v -0.33411554328817894 -0.0625 -0.5684018962185532
v -0.3346852621329317 -0.0625 -0.5678571428571428
v -0.3343770502573807 -0.06347848461629442 -0.5678571428571428
v -0.2666666666666667 -0.0905933909274913 -0.5887265189747078
v -0.29381645271441215 -0.08795292441976138 -0.5867650295689656
v -0.2666666666666667 -0.0625 -0.5909748939746579
v -0.2948338815214441 -0.0625 -0.587473596059577
v -0.3144845804816353 -0.10732929420153309 -0.5678571428571428
v -0.20000000000000007 -0.106779273330439 -0.6007503173311833
v -0.240872102159147 -0.10081759577420027 -0.5963216425751202
v -0.24387097501858207 -0.0625 -0.5984101433165125
v -0.18710758258955573 -0.11291335867770844 -0.6053070664462977
v 0.19999999999999996 -0.10677927333043905 -0.6007503173311833
v 0.2666666666666666 -0.09059339092749136 -0.5887265189747078
v 0.22959975426441215 -0.09725023037711357 -0.593671599708713
v 0.2666666666666666 -0.0625 -0.590974893974658
v 0.3323910560084543 -0.06338338499207423 -0.568513371708398
v 0.3333333333333335 -0.06516532887586492 -0.5678571428571428
v 0.3333333333333335 -0.06324498220455957 -0.5684105582091014
v 0.3333333333333335 -0.0625 -0.5684460150023573
v 0.33219232372180746 -0.0625 -0.5686517745508841
v 0.3346852621329317 -0.0625 -0.5678571428571428
v -0.3333333333333333 -0.01061135859603124 -0.5757398663856232
v -0.3439304328454977 -0.009934780792654078 -0.5752372657316859
v -0.3333333333333333 0 -0.5761391474821072
v -0.3439308592019224 0 -0.5752375626584817
v -0.35286523873952025 0 -0.5678571428571428
v -0.34985602588195197 -0.015490024264330014 -0.5678571428571428
v -0.2666666666666667 -0.03559598904582153 -0.594299877576896
v -0.29959650575375024 -0.030871724144140827 -0.5907904236499332
v -0.2666666666666667 0 -0.5962496648963106
v -0.30059349331222174 0 -0.5914847542710115
v -0.24707633086412178 -0.044134060185114135 -0.6006424447089419
v -0.24939177344551494 0 -0.6022549850781265
v 0.2666666666666666 -0.03559598904582156 -0.5942998775768961
v 0.2666666666666666 0 -0.5962496648963106
v 0.3333333333333335 -0.010611358596031163 -0.5757398663856231
v 0.318864074283258 -0.013564930359445684 -0.5779339482670168
v 0.3333333333333335 0 -0.576139147482107
v 0.31679879644407033 0 -0.5793722667621654
v 0.3528652387395203 0 -0.5678571428571428
v 0.33502467869557095 -0.06091436372290239 -0.5678571428571428
v -0.3333333333333333 0.04935271329710625 -0.5776236986935782
v -0.3458836379336217 0.05073408943722963 -0.5765975335609151
v -0.3333333333333333 0.0625 -0.577753072960804
v -0.34589026279323876 0.0625 -0.5766021473024341
v -0.35679840103826677 0.0625 -0.5678571428571428
v -0.3558045281154879 0.04143325489173008 -0.5678571428571428
v -0.2666666666666667 0.023419386000546757 -0.5968884561138795
v -0.3015642245562259 0.02978353947853822 -0.5921607992445145
v -0.2666666666666667 0.0625 -0.597260793318947
v -0.3018417428420936 0.0625 -0.5923540709078866
v -0.24955714148221966 0.01604017986041911 -0.6023701521036887
v -0.24999071048060018 0.0625 -0.6026721019418465
v 0.2666666666666666 0.02341938600054672 -0.5968884561138796
v 0.2666666666666666 0.0625 -0.597260793318947
v 0.3333333333333335 0.04935271329710632 -0.5776236986935781
v 0.31412677046448856 0.04449384731045795 -0.5812331419979455
v 0.3333333333333335 0.0625 -0.577753072960804
v 0.31365330829362026 0.0625 -0.5815628745812288
v 0.35679840103826677 0.0625 -0.5678571428571428
v 0.35378928178798313 0.019177451676234095 -0.5678571428571428
v -0.3411628355324041 0.1176598416883711 -0.5733098318886386
v -0.3333333333333333 0.11659718840330985 -0.574099231471827
v -0.3333333333333333 0.125 -0.573900967534662
v -0.341158013732683 0.125 -0.5733064738495471
v -0.3474781389488018 0.125 -0.5678571428571428
v -0.3491659052825858 0.11015696379757581 -0.5678571428571428
v -0.2666666666666667 0.08749028998413486 -0.5957214988689284
v -0.29950485457671383 0.09421419883433081 -0.5907265951516399
v -0.2666666666666667 0.125 -0.5945879522764379
v -0.2988852461609681 0.125 -0.5902950821478171
v -0.24859888450513798 0.0794385457764332 -0.6017027945660782
v -0.20000000000000007 0.125 -0.6110940549023549
v -0.24724103543061332 0.125 -0.6007571496748914
v -0.19675440109890163 0.125 -0.6120253864795923
v 0.19999999999999996 0.125 -0.6110940549023549
v 0.2666666666666666 0.08749028998413481 -0.5957214988689284
v 0.2666666666666666 0.125 -0.5945879522764379
v 0.20778868002411766 0.125 -0.6088614549832038
v 0.32042257307270927 0.11289616225566482 -0.5768485651815061
v 0.3333333333333335 0.1165971884033099 -0.574099231471827
v 0.3333333333333335 0.125 -0.573900967534662
v 0.3214396845301449 0.125 -0.5761402197022206
v 0.3474781389488018 0.125 -0.5678571428571428
v 0.3546379980594229 0.0824731231807089 -0.5678571428571428
v -0.3333333333333333 0.16226798841946563 -0.5678571428571428
v -0.2919893583485242 0.1637599765482586 -0.585492588849865
v -0.2666666666666667 0.158091673363466 -0.5897033283585681
v -0.2666666666666667 0.1875 -0.5875669019103046
v -0.29094613432893757 0.1875 -0.5847660578362244
v -0.3238701873800526 0.1875 -0.5678571428571428
v -0.20000000000000007 0.13044120070111184 -0.6102436794791741
v -0.24353856135894714 0.14668259872598713 -0.5981786409464096
v -0.20000000000000007 0.1875 -0.6010989737855444
v -0.2406513771297986 0.1875 -0.5961679233582525
v -0.19583398037743882 0.12890564339615118 -0.6113843791914306
v -0.13333333333333341 0.1875 -0.6118069457903443
v -0.18552761442425103 0.1875 -0.6042067314740319
v -0.13033093868460613 0.1875 -0.6121947608696364
v 0.13333333333333341 0.1875 -0.6118069457903443
v 0.19999999999999996 0.13044120070111176 -0.6102436794791741
v 0.19999999999999996 0.1875 -0.6010989737855444
v 0.13831096048982716 0.1875 -0.6108191525160133
v 0.21120361791837736 0.1355033917984788 -0.6064831946639871
v 0.2666666666666666 0.15809167336346597 -0.5897033283585682
v 0.2666666666666666 0.1875 -0.5875669019103046
v 0.23044071164126403 0.1875 -0.5930859329641197
v 0.3333333333333335 0.16226798841946527 -0.5678571428571428
v 0.3238701873800526 0.1875 -0.5678571428571428
v 0.3268169473835772 0.18139088817210347 -0.5678571428571428
v 0.34482021271091784 0.1357689494164854 -0.5678571428571428
v -0.275168715597117 0.24202932912770286 -0.5737782126479921
v -0.2666666666666667 0.24009856115867087 -0.5752124974249874
v -0.2666666666666667 0.25 -0.5741443587108805
v -0.2748127199477049 0.25 -0.5735302871064373
v -0.284040293847041 0.25 -0.5678571428571428
v -0.30711324002221474 0.21208133747917368 -0.5678571428571428
v -0.20000000000000007 0.2128845085344536 -0.5954286508029774
v -0.23169542696666218 0.22028553721875427 -0.5899307437803539
v -0.20000000000000007 0.25 -0.5907899284614957
v -0.22866041631233985 0.25 -0.5878170756460938
v -0.13333333333333341 0.19233736717422922 -0.6106922415277155
v -0.18053323304263486 0.20575009402252986 -0.6007285015832635
v -0.13333333333333341 0.25 -0.6002735944152567
v -0.17454067183096147 0.25 -0.5965551107394196
v -0.12917316984280194 0.19140015327237325 -0.6113884575690942
v -0.06666666666666665 0.25 -0.6053928476019697
v -0.11630926117949285 0.25 -0.6024296640357182
v 1.1102230246251565e-16 0.25 -0.6070267179439808
v -0.05459821673298791 0.25 -0.6058809009390452
v 0.06666666666666665 0.25 -0.6053928476019697
v 0.011047762249517482 0.25 -0.6065917370048004
v 0.13333333333333341 0.19233736717422922 -0.6106922415277155
v 0.13333333333333341 0.25 -0.6002735944152567
v 0.08199699581912456 0.25 -0.6036092350545382
v 0.14147505726818527 0.19513286618892364 -0.6086155851167996
v 0.19999999999999996 0.21288450853445356 -0.5954286508029774
v 0.19999999999999996 0.25 -0.5907899284614958
v 0.16116810806225798 0.25 -0.5949007818852132
v 0.2511370429289771 0.23544097774591607 -0.5786724165316052
v 0.2666666666666666 0.2400985611586708 -0.5752124974249874
v 0.2666666666666666 0.25 -0.5741443587108805
v 0.2554297185375754 0.25 -0.5756828745899027
v 0.284040293847041 0.25 -0.5678571428571428
v 0.30533579816832535 0.22375231078280494 -0.5678571428571428
v -0.2666666666666667 0.26905840503593487 -0.5678571428571428
v -0.20707041550082256 0.3058714854679789 -0.572781182223787
v -0.20000000000000007 0.30418031494492026 -0.5740374803266307
v -0.20000000000000007 0.3125 -0.5727298401461475
v -0.20639907634263271 0.3125 -0.5723136424529048
v -0.21662817707526158 0.3125 -0.5678571428571428
v -0.16039881344901413 0.28712611239154934 -0.5867063165091349
v -0.13333333333333341 0.28161546330817855 -0.5907999415424959
v -0.13333333333333341 0.3125 -0.5854344042434145
v -0.15619482643622223 0.3125 -0.5837785398395119
v -0.06666666666666665 0.2698639159663067 -0.5995296624250293
v -0.10648259699056589 0.2751725653213445 -0.5955860943327155
v -0.06666666666666665 0.3125 -0.5918143540179609
v -0.09869758445908594 0.3125 -0.5901643891768634
v -0.04707596614296515 0.2683662817409701 -0.6006421907067079
v 1.1102230246251565e-16 0.26616607246812196 -0.6022766318808237
v 1.1102230246251565e-16 0.3125 -0.5937952311638798
v -0.03627465083849177 0.3125 -0.593119846119664
v 0.01872604006313505 0.26755566255918906 -0.6012443649560311
v 0.06666666666666665 0.2698639159663067 -0.5995296624250293
v 0.06666666666666665 0.3125 -0.5918143540179609
v 0.031288563083540895 0.3125 -0.5924954649953912
v 0.09428320175236599 0.27589050164284307 -0.5950527702081737
v 0.13333333333333341 0.28161546330817855 -0.5907999415424959
v 0.13333333333333341 0.3125 -0.5854344042434145
v 0.10582843422744576 0.3125 -0.5870123404487432
v 0.1880013432628277 0.30125125930890095 -0.5762133502276735
v 0.19999999999999996 0.30418031494492026 -0.5740374803266307
v 0.19999999999999996 0.3125 -0.5727298401461475
v 0.1919732970609205 0.3125 -0.5734471681182874
v 0.2666666666666666 0.269058405035935 -0.5678571428571428
v 0.2166281770752615 0.3125 -0.5678571428571428
v 0.24524582310882814 0.29241795916452645 -0.5678571428571428
v 0.27756587364845164 0.26021800654542343 -0.5678571428571428
v -0.20000000000000007 0.3244766128003823 -0.5678571428571428
v -0.13333333333333341 0.357731006411518 -0.5678571428571428
v -0.17530234251406132 0.33565405389306757 -0.5678571428571428
v -0.06709316545326766 0.3746001573875616 -0.5681541687978114
v -0.06666666666666665 0.3745395030233527 -0.5681992263255093
v -0.06666666666666665 0.375 -0.5681039054968657
v -0.06700532433351632 0.375 -0.5680929937322703
v -0.06846235263318026 0.375 -0.5678571428571428
v -0.006359753731424882 0.3690377308767891 -0.5722862570629567
v 1.1102230246251565e-16 0.36871288885569775 -0.5725275682786245
v 1.1102230246251565e-16 0.375 -0.5711949358255206
v -0.00470385889704468 0.375 -0.5711330445890133
v 0.06614594728170906 0.37451182557660223 -0.568219786714524
v 0.06666666666666665 0.3745395030233527 -0.5681992263255093
v 0.06666666666666665 0.375 -0.5681039054968657
v 0.06630516716589833 0.375 -0.568108901438035
v 0.13333333333333341 0.357731006411518 -0.5678571428571428
v 0.06846235263318026 0.375 -0.5678571428571428
v 0.11993524699327546 0.3624392940561957 -0.5678571428571428
v 0.19999999999999996 0.3244766128003823 -0.5678571428571428
v 0.1675599987086053 0.34458749878931744 -0.5678571428571428
v 0.20841383959395907 0.32038797461933666 -0.5678571428571428
v -0.06666666666666665 0.3755107433183237 -0.5678571428571428
v 1.1102230246251565e-16 0.38198222760336586 -0.5678571428571428
v -0.06608170356560075 0.3755484029072493 -0.5678571428571428
v 0.06666666666666665 0.3755107433183237 -0.5678571428571428
v 0.006986087517683716 0.3815494570478284 -0.5678571428571428
v 0.0671261688091033 0.37543078325853435 -0.5678571428571428
v -0.06741170438865456 -0.31319847286436364 -0.5219474369849559
v -0.06666666666666665 -0.31349170925201125 -0.5214285714285715
v -0.06666666666666665 -0.3132497030921784 -0.5219854937256183
v -0.06666666666666665 -0.3125 -0.522668492788004
v -0.06797034357794274 -0.3125 -0.5223364892774959
v -0.0704305152111417 -0.3125 -0.5214285714285715
v -0.06757795105112269 -0.31335432911042754 -0.5214285714285715
v -0.005427504569650833 -0.3175882855340478 -0.5252084406824356
v 1.1102230246251565e-16 -0.3194604581497961 -0.5214285714285715
v 1.1102230246251565e-16 -0.3177302637856193 -0.5253139102407458
v 1.1102230246251565e-16 -0.3125 -0.5301672512395872
v -0.011125093212651468 -0.3125 -0.5291764042016681
v -0.007020296165907561 -0.31908152765553843 -0.5214285714285715
v 0.065842932894538 -0.31327225041137063 -0.5220022431627325
v 0.06666666666666665 -0.31349170925201125 -0.5214285714285715
v 0.06666666666666665 -0.3132497030921784 -0.5219854937256183
v 0.06666666666666665 -0.3125 -0.522668492788004
v 0.06461441943316638 -0.3125 -0.5228578150376163
v 0.0655414634574491 -0.31355487800864146 -0.5214285714285715
v 0.0704305152111417 -0.3125 -0.5214285714285715
v -0.21179054612828724 -0.26105363699526923 -0.5296398446250572
v -0.20000000000000007 -0.2691770940666238 -0.5214285714285715
v -0.20000000000000007 -0.263333981522955 -0.5313338148456237
v -0.20000000000000007 -0.25 -0.5425615611216271
v -0.21683982138843055 -0.25 -0.5331563041812284
v -0.22945786873407428 -0.25 -0.5214285714285715
v -0.21410250610822873 -0.2632210994764644 -0.5214285714285715
v -0.1628734318781403 -0.27769384238575645 -0.5420011400579905
v -0.13333333333333341 -0.29791432177562804 -0.5214285714285715
v -0.13333333333333341 -0.282667086921761 -0.5456955502847368
v -0.18068209484849493 -0.25 -0.5544036017694874
v -0.17099767415680903 -0.2853103195220084 -0.5214285714285715
v -0.06666666666666665 -0.2927673351155879 -0.553198591800151
v -0.107447711297338 -0.28823222934125436 -0.5498296560820747
v -0.12169119807372111 -0.3015854981941135 -0.5214285714285715
v 1.1102230246251565e-16 -0.29594970227284556 -0.5555626359741138
v -0.04705022368503546 -0.29410958470472076 -0.5541956914949354
v 0.06666666666666665 -0.2927673351155879 -0.553198591800151
v 0.018999977284024253 -0.29468752129622733 -0.5546250158200546
v 0.09326519876434981 -0.28756387615842205 -0.5493331651462564
v 0.13333333333333341 -0.29791432177562804 -0.5214285714285715
v 0.13333333333333341 -0.282667086921761 -0.5456955502847368
v 0.18188049696829056 -0.26698703409222757 -0.5340475110399405
v 0.19999999999999996 -0.2691770940666239 -0.5214285714285715
v 0.19999999999999996 -0.26333398152295506 -0.5313338148456238
v 0.19999999999999996 -0.25 -0.5425615611216272
v 0.164784144502114 -0.28301486452926816 -0.5214285714285715
v 0.2294578687340743 -0.25 -0.5214285714285715
v -0.2845186075939109 -0.20423619461929143 -0.5338611731457593
v -0.2666666666666667 -0.22273197471250158 -0.5214285714285715
v -0.2666666666666667 -0.20971825610181485 -0.5379335616756339
v -0.2666666666666667 -0.1875 -0.5540963997305894
v -0.29005245240329913 -0.1875 -0.537715100780869
v -0.3032090744014065 -0.1875 -0.5214285714285715
v -0.2882399778770357 -0.20772497925972094 -0.5214285714285715
v -0.20000000000000007 -0.23696008889564787 -0.5581703517510527
v -0.24036193423173083 -0.2253393133422476 -0.5495377756256696
v -0.25789948602949614 -0.1875 -0.5617514277705419
v -0.2521560722491205 -0.2363963177335504 -0.5214285714285715
v -0.1901871851043181 -0.24080048603529813 -0.56102321819765
v 0.19999999999999996 -0.23696008889564787 -0.5581703517510527
v 0.2282071773325811 -0.22355577125070514 -0.548212858643381
v 0.2666666666666666 -0.22273197471250167 -0.5214285714285715
v 0.2666666666666666 -0.20971825610181494 -0.537933561675634
v 0.2666666666666666 -0.1875 -0.5540963997305896
v 0.3032090744014065 -0.1875 -0.5214285714285715
v -0.3428538243449333 -0.133925460323375 -0.5280589133830786
v -0.3333333333333333 -0.14801917311549537 -0.5214285714285715
v -0.3333333333333333 -0.13788516814768484 -0.5310004106239945
v -0.3333333333333333 -0.125 -0.538338452441768
v -0.3446537139783635 -0.125 -0.5293124079492174
v -0.34940716978941816 -0.125 -0.5214285714285715
v -0.3446883493950731 -0.13564532755788103 -0.5214285714285715
v -0.2666666666666667 -0.17905146629297616 -0.5615810892462109
v -0.30619049101907964 -0.16205358533038713 -0.5489540919597161
v -0.31750534515930684 -0.125 -0.5568340796645173
v -0.31771724885601305 -0.17285992080251222 -0.5214285714285715
v -0.26127422454447363 -0.18244458551044399 -0.5641016920934727
v 0.2666666666666666 -0.17905146629297622 -0.5615810892462109
v 0.2978041747817905 -0.15830858614207144 -0.5461720925626816
v 0.3333333333333335 -0.14801917311549517 -0.5214285714285715
v 0.3333333333333335 -0.13788516814768473 -0.5310004106239944
v 0.3333333333333335 -0.125 -0.5383384524417679
v 0.34940716978941816 -0.125 -0.5214285714285715
v -0.3333333333333333 -0.10315481540242116 -0.5516292914417986
v -0.35994757779219877 -0.08745085418018636 -0.5399634916767099
v -0.3642494041886968 -0.0625 -0.5429594064885567
v -0.37809458066263996 -0.0625 -0.5214285714285715
v -0.36719404433270936 -0.09424441656191503 -0.5214285714285715
v -0.3218871952159487 -0.11426924551495193 -0.5598857252396786
v 0.3333333333333335 -0.10315481540242108 -0.5516292914417985
v 0.3364419201357861 -0.0625 -0.565692234191149
v 0.37809458066263996 -0.0625 -0.5214285714285715
v 0.359074629797625 -0.10086753456472661 -0.5214285714285715
v -0.37020574413023666 -0.03456788512209688 -0.5471075718049863
v -0.37392125844968743 0 -0.5496951621346038
v -0.39260596868549125 0 -0.5214285714285715
v -0.3830117350530191 -0.04657350161220544 -0.5214285714285715
v 0.34121492081088023 -0.05511101173979988 -0.5623681801495656
v 0.37873031871997354 0 -0.5362413851771612
v 0.39260596868549125 0 -0.5214285714285715
v 0.38990129750442115 -0.009467533589605115 -0.5214285714285715
v -0.375021831831565 0.023417032657907778 -0.5504616328826971
v -0.3760442552848779 0.0625 -0.5511736777876829
v -0.3958185428756917 0.0625 -0.5214285714285715
v -0.39305297597665984 0.006512835021881388 -0.5214285714285715
v 0.3858463166131387 0.04923092182481753 -0.5312856009301355
v 0.3879932229384091 0.0625 -0.5297904340250366
v 0.3958185428756917 0.0625 -0.5214285714285715
v 0.395536185254615 0.05831517367620164 -0.5214285714285715
v -0.3733857371687558 0.08745087140429142 -0.549322209813955
v -0.37103076159342113 0.125 -0.5476821375382754
v -0.3882472874614119 0.125 -0.5214285714285715
v -0.39510288825218975 0.06709104226357207 -0.5214285714285715
v 0.3751833488841377 0.10173438957887909 -0.5387115963128327
v 0.3661074532409541 0.125 -0.5450323093500499
v 0.3882472874614119 0.125 -0.5214285714285715
v 0.3897993583990811 0.11543689849913859 -0.5214285714285715
v -0.3619577135200058 0.16066464357499458 -0.541363407630004
v -0.3333333333333333 0.1875 -0.5588008090409801
v -0.35784895773917463 0.1875 -0.5385019527112109
v -0.36861300629815913 0.1875 -0.5214285714285715
v -0.3819903267731207 0.1418840686501993 -0.5214285714285715
v -0.3284213752488816 0.1875 -0.5644363149054711
v 0.3333333333333335 0.1875 -0.55880080904098
v 0.35245943834819154 0.1429307234514295 -0.5545371768646524
v 0.36861300629815913 0.1875 -0.5214285714285715
v 0.377354512465242 0.1662698554361644 -0.5214285714285715
v -0.3333333333333333 0.24856844631635405 -0.5214285714285715
v -0.3252187898736855 0.1951073844934198 -0.5622059429477453
v -0.30816354831029313 0.25 -0.5503281854303828
v -0.33245140350513414 0.25 -0.5214285714285715
v 0.3322832736227578 0.24901556902133526 -0.5221598630127224
v 0.3333333333333335 0.24856844631635383 -0.5214285714285715
v 0.32939933896301077 0.25 -0.5241683175079034
v 0.33245140350513414 0.25 -0.5214285714285715
v 0.332824293299212 0.24952277496801112 -0.5214285714285715
v 0.3591759833937843 0.21172748443167275 -0.5214285714285715
v -0.2790322034521457 0.3009073092636135 -0.53004028454703
v -0.2666666666666667 0.3125 -0.5316823889363271
v -0.274141095410748 0.3125 -0.5266339771610566
v -0.2781822851205164 0.3125 -0.5214285714285715
v -0.32743513925651585 0.25552955694701635 -0.5214285714285715
v -0.24386636975632922 0.3125 -0.5519783646517292
v 0.2666666666666666 0.3125 -0.5316823889363272
v 0.2829493729749666 0.26526503716403116 -0.5565174009638625
v 0.27818228512051646 0.3125 -0.5214285714285715
v 0.30679087543837075 0.2876164457234725 -0.5214285714285715
v -0.2666666666666667 0.3228004468260968 -0.5214285714285715
v -0.20000000000000007 0.34947538998818733 -0.5403897102944895
v -0.20000000000000007 0.3683418249229857 -0.5214285714285715
v -0.22981990014198608 0.3470438436168881 -0.5214285714285715
v -0.13333333333333341 0.375 -0.549030151343603
v -0.15808616604540965 0.375 -0.5386671513530531
v -0.1855353568975271 0.375 -0.5214285714285715
v -0.11544889481288083 0.375 -0.5554019088875419
v 0.13333333333333341 0.375 -0.549030151343603
v 0.19104853007963024 0.3666079969496534 -0.5276626308374004
v 0.19999999999999996 0.3683418249229858 -0.5214285714285715
v 0.19999999999999996 0.34947538998818745 -0.5403897102944893
v 0.1855353568975271 0.375 -0.5214285714285715
v 0.19566283109253146 0.37093390414924826 -0.5214285714285715
v 0.2666666666666666 0.32280044682609693 -0.5214285714285715
v 0.2125250846817213 0.3242422668891138 -0.5591343160252298
v 0.23816896219152378 0.3482834020545536 -0.5214285714285715
v 0.27340684991986586 0.31881892179987426 -0.5214285714285715
v -0.13333333333333341 0.3985631802613001 -0.5214285714285715
v -0.06666666666666665 0.4147605901897228 -0.5214285714285715
v -0.06666666666666665 0.376089703707759 -0.5670476486742362
v -0.1010342836187517 0.40528035910742033 -0.5214285714285715
v -0.06522163745819382 0.3763547148829433 -0.5668507832298135
v 1.1102230246251565e-16 0.4198356982577885 -0.5214285714285715
v 1.1102230246251565e-16 0.3899633341188149 -0.5567415232260232
v -0.02094335825565933 0.4178656016353193 -0.5214285714285715
v 0.013423008131691797 0.38758407012346097 -0.5585089764797146
v 0.06666666666666665 0.4147605901897228 -0.5214285714285715
v 0.06666666666666665 0.376089703707759 -0.5670476486742362
v 0.04468529267075968 0.41689246187883716 -0.5214285714285715
v 0.06741980525072887 0.3757060674225583 -0.5673326356289566
v 0.13333333333333341 0.3985631802613001 -0.5214285714285715
v 0.10197433044008941 0.4081009347875838 -0.5214285714285715
v 0.1525124356551933 0.3929804084267437 -0.5214285714285715
v -0.07680173889827246 -0.3220016302171304 -0.48205835387558266
v -0.06666666666666665 -0.3240971641004766 -0.47500000000000003
v -0.06666666666666665 -0.32328623454908334 -0.48301263137931905
v -0.09575476233261354 -0.3125 -0.495257780910213
v -0.10930993587918525 -0.3125 -0.47500000000000003
v -0.07745044080657018 -0.32260978825615955 -0.47500000000000003
v -0.016377633167662928 -0.3278540310946841 -0.4864058516703368
v 1.1102230246251565e-16 -0.3297841310320214 -0.47500000000000003
v 1.1102230246251565e-16 -0.32859268234214756 -0.4869545640255954
v -0.017492770422299367 -0.3288994722709057 -0.47500000000000003
v 0.054551383040789395 -0.32385807839925995 -0.4834374296680217
v 0.06666666666666665 -0.3240971641004766 -0.47500000000000003
v 0.06666666666666665 -0.32328623454908334 -0.48301263137931905
v 0.05355537250997855 -0.3247918382718951 -0.47500000000000003
v 0.07471061098977153 -0.3125 -0.5158265387749805
v 0.10930993587918525 -0.3125 -0.47500000000000003
v -0.22167672889450524 -0.2703219333385986 -0.4900962933372447
v -0.20000000000000007 -0.2802691425505867 -0.47500000000000003
v -0.20000000000000007 -0.27767998899405766 -0.49556227753844284
v -0.2391385217621469 -0.25 -0.502257184798638
v -0.24613692090472597 -0.25 -0.47500000000000003
v -0.22278178569855686 -0.271357924092397 -0.47500000000000003
v -0.17619320702586475 -0.29018113158674813 -0.5048488406072986
v -0.13333333333333341 -0.30703822505655437 -0.47500000000000003
v -0.13333333333333341 -0.3012468095686396 -0.5130690585367037
v -0.17867943479335843 -0.29251197011877345 -0.47500000000000003
v -0.12415936861325401 -0.30389940807492555 -0.5150395602842305
v -0.1289962521828524 -0.30843398642142406 -0.47500000000000003
v 0.13333333333333341 -0.30703822505655437 -0.47500000000000003
v 0.13333333333333341 -0.3012468095686396 -0.5130690585367037
v 0.15547552565400435 -0.29174169469937095 -0.5060081160623899
v 0.19999999999999996 -0.28026914255058677 -0.47500000000000003
v 0.19999999999999996 -0.27767998899405766 -0.4955622775384429
v 0.14521421498348172 -0.3013616734529859 -0.47500000000000003
v 0.23705535169647834 -0.25 -0.4956221657828097
v 0.24613692090472594 -0.25 -0.47500000000000003
v -0.2952517002348066 -0.21429846897013122 -0.4949074340920975
v -0.2666666666666667 -0.2351344388854071 -0.47500000000000003
v -0.2666666666666667 -0.22935403619784872 -0.5060915697469733
v -0.3103706946624798 -0.1875 -0.5054367337827984
v -0.31642966476625584 -0.1875 -0.47500000000000003
v -0.29664888227357833 -0.21560832713147968 -0.47500000000000003
v -0.2550862088051695 -0.23914332075484634 -0.5133636097036002
v -0.2588409366495018 -0.24266337810890792 -0.47500000000000003
v 0.2666666666666666 -0.2351344388854072 -0.47500000000000003
v 0.2666666666666666 -0.22935403619784878 -0.5060915697469734
v 0.3101555613025553 -0.1875 -0.49114166266429193
v 0.31642966476625584 -0.1875 -0.47500000000000003
v -0.3531177289292511 -0.1435478708711729 -0.48877841836144276
v -0.3333333333333333 -0.16559968773040937 -0.47500000000000003
v -0.3333333333333333 -0.1590718276608285 -0.500310500548044
v -0.359671504013271 -0.125 -0.49334265458067095
v -0.3624264587512876 -0.125 -0.47500000000000003
v -0.3542332546829587 -0.14459367626527378 -0.47500000000000003
v -0.3209347893852505 -0.17587636504867232 -0.5127938711790138
v -0.3247535199375375 -0.1794564249414414 -0.47500000000000003
v 0.3333333333333335 -0.15907182766082836 -0.5003105005480439
v 0.3333333333333335 -0.16559968773040917 -0.47500000000000003
v 0.35157409547983504 -0.125 -0.508725183505115
v 0.3624264587512876 -0.125 -0.47500000000000003
v -0.3735326232914162 -0.10018683433570272 -0.5029959340779506
v -0.3833619110037197 -0.0625 -0.5098413308775905
v -0.38986394854595174 -0.0625 -0.47500000000000003
v -0.37619645483464126 -0.10268417640747621 -0.47500000000000003
v 0.3692304336137224 -0.0913464684871353 -0.496428805161872
v 0.38608240943299815 -0.0625 -0.4846926077163049
v 0.38986394854595174 -0.0625 -0.47500000000000003
v 0.3803816306371452 -0.08089222127767635 -0.47500000000000003
v -0.40460284919503525 -0.004315171120345594 -0.4782055556893996
v -0.39999999999999997 -0.019406382733007564 -0.47500000000000003
v -0.39999999999999997 -0.012209941666480609 -0.4840702423808142
v -0.39999999999999997 0 -0.49355288319720675
v -0.40510331665626514 0 -0.4785540955284704
v -0.4056832022286491 0 -0.47500000000000003
v -0.40500950436445804 -0.004696410341679412 -0.47500000000000003
v -0.38699526835275755 -0.05030806408071026 -0.5123717047456705
v -0.3945849982439675 0 -0.5176574094913345
v -0.39229606720814486 -0.055277563007635824 -0.47500000000000003
v 0.3999999999999999 -0.012209941666480817 -0.48407024238081436
v 0.3999999999999999 -0.019406382733007925 -0.47500000000000003
v 0.3999999999999999 0 -0.493552883197207
v 0.4056832022286492 0 -0.47500000000000003
v -0.39999999999999997 0.02660758385177391 -0.5016629377101108
v -0.4095896542364834 0.053509699153296765 -0.48167850920040817
v -0.39999999999999997 0.0625 -0.5075482571275383
v -0.4098426576967006 0.0625 -0.48185470803877367
v -0.41109581767001474 0.0625 -0.47500000000000003
v -0.4105916141160943 0.052570361766161575 -0.47500000000000003
v -0.3949672864250522 0.00471816897651352 -0.5179236459031614
v -0.397008946748012 0.0625 -0.5193455164852228
v 0.3999999999999999 0.026607583851773725 -0.501662937710111
v 0.3999999999999999 0.0625 -0.5075482571275384
v 0.41109581767001474 0.0625 -0.47500000000000003
v 0.4059786581628593 0.005604992027680613 -0.47500000000000003
v -0.39999999999999997 0.09805713834194722 -0.4950146972316964
v -0.40353366543661173 0.12168718865317649 -0.4774609455719261
v -0.39999999999999997 0.125 -0.4851757947878534
v -0.4033124879163116 0.125 -0.4773069112274313
v -0.4038204100085719 0.125 -0.47500000000000003
v -0.4040406877324374 0.1212118552508399 -0.47500000000000003
v -0.39666139667694006 0.06562994061536867 -0.5191034726857262
v -0.3916942212188274 0.125 -0.5156441897773977
v 0.3999999999999999 0.09805713834194682 -0.49501469723169667
v 0.3999999999999999 0.125 -0.48517579478785355
v 0.4038204100085719 0.125 -0.47500000000000003
v 0.4105557570668821 0.072396022250202 -0.47500000000000003
v -0.39999999999999997 0.13695842641386113 -0.47500000000000003
v -0.3886123250757238 0.1356759452415089 -0.5134978692491649
v -0.3779218534047886 0.1875 -0.5060527193354778
v -0.3869072679462546 0.1875 -0.47500000000000003
v 0.3999999999999999 0.13695842641386133 -0.47500000000000003
v 0.3865009209301409 0.17484461337200713 -0.4844011443522233
v 0.3796586182380671 0.1875 -0.48916631944134614
v 0.38690726794625463 0.1875 -0.47500000000000003
v 0.39037022560986784 0.17847208650925117 -0.47500000000000003
v 0.4033828587680455 0.12817143009504273 -0.47500000000000003
v -0.36146744430015054 0.22362427096860885 -0.49459339870903346
v -0.3333333333333333 0.25 -0.5198114263449664
v -0.3527588420147988 0.25 -0.48852847926030635
v -0.35720239409186344 0.25 -0.47500000000000003
v -0.3731111310032862 0.2127083146844192 -0.47500000000000003
v -0.3327779546853047 0.25 -0.521041789870123
v 0.3333333333333335 0.25 -0.5198114263449661
v 0.36413049478894716 0.21637233886463794 -0.4999805482719833
v 0.35720239409186344 0.25 -0.47500000000000003
v 0.3737807644477352 0.2254194666697518 -0.47500000000000003
v -0.3333333333333333 0.2822234380792328 -0.47500000000000003
v -0.33188328889411317 0.25135941666176886 -0.5204187190512575
v -0.2984565007029778 0.3125 -0.49713934870385956
v -0.3088903721349409 0.3125 -0.47500000000000003
v 0.3333333333333335 0.2822234380792326 -0.47500000000000003
v 0.31608428424306084 0.29632901647786947 -0.48701273061643985
v 0.2855681611910112 0.3125 -0.5082650305991172
v 0.30889037213494097 0.3125 -0.47500000000000003
v 0.32136887856190144 0.3012833236517825 -0.47500000000000003
v 0.35071029893811806 0.26629090525448557 -0.47500000000000003
v -0.2666666666666667 0.35214237749049665 -0.47500000000000003
v -0.2666666666666667 0.33027065535381234 -0.5082275131657394
v -0.20000000000000007 0.375 -0.5103369427712617
v -0.2224808462849697 0.375 -0.49065630366274676
v -0.2337343998682085 0.375 -0.47500000000000003
v -0.19319912239640427 0.375 -0.5166922459546387
v 0.19999999999999996 0.375 -0.5103369427712617
v 0.24863224514508897 0.35809272982352097 -0.487559686416813
v 0.2666666666666666 0.35214237749049676 -0.47500000000000003
v 0.2666666666666666 0.3302706553538125 -0.5082275131657393
v 0.23373439986820846 0.375 -0.47500000000000003
v 0.2546243754347707 0.36371035197009755 -0.47500000000000003
v 0.27511220645998463 0.3204176935562356 -0.5155468562153679
v 0.29251453557269413 0.33673237709940074 -0.47500000000000003
v -0.20000000000000007 0.3971469242885541 -0.47500000000000003
v -0.13333333333333341 0.42460426422700764 -0.47500000000000003
v -0.13333333333333341 0.4132472337755341 -0.493016340623889
v -0.16120201351150978 0.41137311233295965 -0.47500000000000003
v -0.06666666666666665 0.4375 -0.4780422237594531
v -0.06954672113852814 0.4375 -0.477005752221475
v -0.07368501168425577 0.4375 -0.47500000000000003
v 1.1102230246251565e-16 0.4375 -0.48800333787668615
v -0.015837196016057577 0.4375 -0.4860294757968973
v 0.06666666666666665 0.4375 -0.4780422237594531
v 0.06129986811818974 0.4375 -0.47873759184626075
v 0.11638740075124221 0.4216131882042895 -0.48680163161967066
v 0.13333333333333341 0.42460426422700764 -0.47500000000000003
v 0.13333333333333341 0.4132472337755341 -0.493016340623889
v 0.07368501168425577 0.4375 -0.47500000000000003
v 0.12310035865088198 0.4279065862352018 -0.47500000000000003
v 0.19999999999999996 0.3971469242885541 -0.47500000000000003
v 0.15889094388132144 0.39896025988873884 -0.5036295212255083
v 0.1735072406590089 0.41266303811782085 -0.47500000000000003
v 0.21720272294787157 0.39112755276362965 -0.47500000000000003
v -0.06666666666666665 0.43948133106516907 -0.47500000000000003
v 1.1102230246251565e-16 0.44581947170127967 -0.47500000000000003
v -0.0644398602704562 0.43958763099644727 -0.47500000000000003
v 0.06666666666666665 0.43948133106516907 -0.47500000000000003
v 0.008466715129880004 0.4454375454342624 -0.47500000000000003
v 0.06854293546786808 0.43925900200112633 -0.47500000000000003
v -0.14346449437818398 -0.3844979634795474 -0.43562705858480666
v -0.13333333333333341 -0.3967242103823017 -0.4285714285714286
v -0.13333333333333341 -0.38480880589433963 -0.43585797009293803
v -0.13333333333333341 -0.375 -0.4378771130741059
v -0.14503649997054235 -0.375 -0.4367218481937705
v -0.1954936598235098 -0.375 -0.4285714285714286
v -0.1514654291063478 -0.391998839787201 -0.4285714285714286
v -0.08260817843155904 -0.3899451672795866 -0.43967355283626436
v -0.06666666666666665 -0.40970127061480754 -0.4285714285714286
v -0.06666666666666665 -0.39031355423934044 -0.43994721172065293
v -0.06666666666666665 -0.375 -0.44404007760161784
v -0.08649018319719978 -0.375 -0.44237709186947843
v -0.09823517156321906 -0.4045954733405179 -0.4285714285714286
v -0.018007182269304887 -0.3918817333774734 -0.44111214479469457
v 1.1102230246251565e-16 -0.41387251078752907 -0.4285714285714286
v 1.1102230246251565e-16 -0.3920348614704784 -0.4412258970923554
v 1.1102230246251565e-16 -0.375 -0.44620201703385187
v -0.0241966228115639 -0.375 -0.44542264802948206
v -0.03915759048194292 -0.4117102410768215 -0.4285714285714286
v 0.05017890375165477 -0.3904572777328237 -0.4400539777443833
v 0.06666666666666665 -0.40970127061480754 -0.4285714285714286
v 0.06666666666666665 -0.39031355423934044 -0.43994721172065293
v 0.06666666666666665 -0.375 -0.44404007760161784
v 0.043377647086751375 -0.375 -0.44479056720744103
v 0.027291110380147497 -0.41191458401861175 -0.4285714285714286
v 0.1225840906376928 -0.3850774150271631 -0.4360575083058926
v 0.13333333333333341 -0.3967242103823017 -0.4285714285714286
v 0.13333333333333341 -0.38480880589433963 -0.43585797009293803
v 0.13333333333333341 -0.375 -0.4378771130741059
v 0.11810881403346593 -0.375 -0.439174218798122
v 0.10499357296092279 -0.4015685253491349 -0.4285714285714286
v 0.19549365982350989 -0.375 -0.4285714285714286
v -0.2780828426171617 -0.32320266495358907 -0.43652197967980905
v -0.2666666666666667 -0.3406476028962531 -0.4285714285714286
v -0.2666666666666667 -0.32386764621783687 -0.4370159657618217
v -0.2666666666666667 -0.3125 -0.43932680534358465
v -0.27929020438420904 -0.3125 -0.4373628209104313
v -0.3076898673283552 -0.3125 -0.4285714285714286
v -0.28583309526375705 -0.3304685268097722 -0.4285714285714286
v -0.2234682383540228 -0.3345014734568963 -0.44491538028226585
v -0.20000000000000007 -0.3734433185877888 -0.4285714285714286
v -0.20000000000000007 -0.3360426538892174 -0.4460602571748472
v -0.20000000000000007 -0.3125 -0.4550978017542648
v -0.22828083994704096 -0.3125 -0.44826701353454634
v -0.24446122976577045 -0.35418240290540975 -0.4285714285714286
v -0.13333333333333341 -0.34435811601309324 -0.45223745760972645
v -0.16459804003148837 -0.3418106625295203 -0.45034506359335796
v -0.13333333333333341 -0.3125 -0.47060492095711165
v -0.17738403906428063 -0.3125 -0.45924959863405257
v -0.19885476135002303 -0.3739263387656465 -0.4285714285714286
v -0.06666666666666665 -0.3497297091019362 -0.45622778390429547
v -0.10367532974745539 -0.3471956216382394 -0.45434531893126356
v -0.12799081657029585 -0.3125 -0.4712793186828846
v 1.1102230246251565e-16 -0.35162250324403255 -0.4576338595527099
v -0.04059836980962119 -0.3505609716965199 -0.45684529326027196
v 0.06666666666666665 -0.3497297091019362 -0.45622778390429547
v 0.025808646326541524 -0.3508043940688674 -0.4570261213083015
v 0.13333333333333341 -0.34435811601309324 -0.45223745760972645
v 0.09659554588143837 -0.34694167573615153 -0.45415667340399835
v 0.13333333333333341 -0.3125 -0.47060492095711165
v 0.17228668571033331 -0.33848123214656256 -0.4478717724517322
v 0.19999999999999996 -0.37344331858778884 -0.4285714285714286
v 0.19999999999999996 -0.3360426538892174 -0.44606025717484726
v 0.19999999999999996 -0.3125 -0.45509780175426484
v 0.1421699458517683 -0.3125 -0.4688459305675186
v 0.25344868125814457 -0.3248918613204894 -0.4377768112666493
v 0.2666666666666666 -0.3406476028962532 -0.4285714285714286
v 0.2666666666666666 -0.3238676462178369 -0.4370159657618217
v 0.2666666666666666 -0.3125 -0.4393268053435847
v 0.24313793914473383 -0.3125 -0.44495750666706035
v 0.20391673915002276 -0.3713280570468536 -0.4285714285714286
v 0.30768986732835524 -0.3125 -0.4285714285714286
v -0.3480262388423144 -0.26377459891466976 -0.43880398776518326
v -0.3333333333333333 -0.29277349910002143 -0.4285714285714286
v -0.3333333333333333 -0.2650292838292108 -0.4397360394159852
v -0.3333333333333333 -0.25 -0.44300724431492444
v -0.3493275347824166 -0.25 -0.4397102474377545
v -0.3781924856000455 -0.25 -0.4285714285714286
v -0.3583377474867587 -0.2734416382688363 -0.4285714285714286
v -0.2666666666666667 -0.28113410855340415 -0.45169962349681453
v -0.2956476141228107 -0.277169638240135 -0.4487545884069575
v -0.2666666666666667 -0.25 -0.4662350232434899
v -0.3015268092995292 -0.25 -0.4528490279050293
v -0.3226952857838352 -0.3025268304223455 -0.4285714285714286
v -0.20000000000000007 -0.2956779556719144 -0.46250362421342217
v -0.24001035929845946 -0.28750971184230567 -0.45643578593999856
v -0.2577751398426499 -0.25 -0.46880768667613115
v -0.13333333333333341 -0.3090476517611341 -0.4724353984511282
v -0.18513016575975455 -0.29855953039976985 -0.4646442225826862
v -0.13012726176083692 -0.3094943079007845 -0.47276720015486856
v 0.13333333333333341 -0.3090476517611341 -0.4724353984511282
v 0.13798469429230237 -0.30813934910096663 -0.47176065933214667
v 0.19999999999999996 -0.29567795567191446 -0.4625036242134222
v 0.2666666666666666 -0.28113410855340415 -0.45169962349681453
v 0.22384612918056915 -0.29014425389321635 -0.45839287432067505
v 0.2666666666666666 -0.25 -0.46623502324349
v 0.3139931759467799 -0.2681313975498939 -0.4420404667513498
v 0.3333333333333335 -0.2927734991000214 -0.4285714285714286
v 0.3333333333333335 -0.2650292838292108 -0.4397360394159852
v 0.3333333333333335 -0.25 -0.44300724431492444
v 0.2907420424148815 -0.25 -0.4582332204610647
v 0.3781924856000455 -0.25 -0.4285714285714286
v -0.4107836270756186 -0.19760965038339248 -0.43608145457052017
v -0.39999999999999997 -0.22417973834157773 -0.4285714285714286
v -0.39999999999999997 -0.19868541379879262 -0.4368805931076746
v -0.39999999999999997 -0.1875 -0.4386278861473252
v -0.4114174005446565 -0.1875 -0.4365228325221715
v -0.42773168491957253 -0.1875 -0.4285714285714286
v -0.4179576350193625 -0.2043352828306524 -0.4285714285714286
v -0.3333333333333333 -0.22004498163859113 -0.4527477006458106
v -0.36212127600673194 -0.21448869625631123 -0.4486201743618312
v -0.3333333333333333 -0.1875 -0.4655506930395027
v -0.3660558035315274 -0.1875 -0.4513602917451709
v -0.3888011931348817 -0.23950111856395162 -0.4285714285714286
v -0.2666666666666667 -0.24231576323723136 -0.46929170983337193
v -0.3096882899861356 -0.22783277186200215 -0.4585329162403445
v -0.32450770682239616 -0.1875 -0.46885358153702594
v -0.2606282407408773 -0.24433897569457244 -0.47079466765882527
v 0.2666666666666666 -0.24231576323723142 -0.46929170983337193
v 0.27934181501607697 -0.23811704842242784 -0.466172664542375
v 0.3333333333333335 -0.22004498163859107 -0.45274770064581055
v 0.3333333333333335 -0.1875 -0.4655506930395026
v 0.38416147851534 -0.20234861389186873 -0.43960182746253107
v 0.3999999999999999 -0.22417973834157784 -0.4285714285714286
v 0.3999999999999999 -0.19868541379879268 -0.4368805931076746
v 0.3999999999999999 -0.1875 -0.4386278861473252
v 0.36474406259414344 -0.1875 -0.4531246706933645
v 0.4277316849195726 -0.1875 -0.4285714285714286
v -0.39999999999999997 -0.15068755222680685 -0.447653610225628
v -0.42285156988581407 -0.14642334676795069 -0.44448591474190624
v -0.39999999999999997 -0.125 -0.4537332686773204
v -0.4243667748005475 -0.125 -0.44554114673609563
v -0.4619970405367761 -0.125 -0.4285714285714286
v -0.44283653260136835 -0.16515924931378279 -0.4285714285714286
v -0.3333333333333333 -0.17846567647367842 -0.46828878823758974
v -0.37287560903304173 -0.16207088346847665 -0.45610979914801125
v -0.38079772682031526 -0.125 -0.461626988321291
v -0.32678306653826295 -0.1813591248796215 -0.47043820705343314
v 0.3333333333333335 -0.17846567647367834 -0.4682887882375897
v 0.3507273573774821 -0.17119310245861058 -0.4628863046835393
v 0.3999999999999999 -0.1506875522268069 -0.44765361022562805
v 0.3999999999999999 -0.125 -0.45373326867732044
v 0.46199704053677615 -0.125 -0.4285714285714286
v 0.4560181017645924 -0.1349830295956947 -0.4285714285714286
v -0.4755340808165364 -0.07081320076550285 -0.4347469491400879
v -0.46666666666666673 -0.11290112632717392 -0.4285714285714286
v -0.46666666666666673 -0.07206729810981417 -0.43567856431014773
v -0.46666666666666673 -0.0625 -0.4365480474277017
v -0.47580385325514457 -0.0625 -0.4349348263741185
v -0.4864364105708236 -0.0625 -0.4285714285714286
v -0.48222332858023104 -0.07708437054396655 -0.4285714285714286
v -0.39999999999999997 -0.10226154581538038 -0.4581085768914255
v -0.430657339694402 -0.09124125596350188 -0.44992207585860144
v -0.39999999999999997 -0.0625 -0.46776357630495097
v -0.4329478463789443 -0.0625 -0.4515172501567648
v -0.4634339174500622 -0.12196929760943323 -0.4285714285714286
v -0.3839753537283623 -0.10997689412033965 -0.4638399784893952
v -0.39382031177293464 -0.0625 -0.470696288556151
v 0.3999999999999999 -0.10226154581538043 -0.4581085768914255
v 0.3999999999999999 -0.0625 -0.467763576304951
v 0.44861799786572787 -0.07942062700088018 -0.4411410372006539
v 0.4666666666666668 -0.11290112632717392 -0.4285714285714286
v 0.4666666666666668 -0.07206729810981417 -0.43567856431014773
v 0.4666666666666668 -0.0625 -0.43654804742770165
v 0.4310106918599348 -0.0625 -0.453403268168974
v 0.48643641057082365 -0.0625 -0.4285714285714286
v -0.46666666666666673 -0.017140523867760826 -0.4413043891589081
v -0.48162646924442765 -0.014024814916650877 -0.4389898625095121
v -0.46666666666666673 0 -0.44261031309809523
v -0.48198907989436623 0 -0.43924239492643363
v -0.5006434898358664 0 -0.4285714285714286
v -0.49562409822257625 -0.027147592083665142 -0.4285714285714286
v -0.39999999999999997 -0.05423498792517109 -0.46886027674441283
v -0.4361402620014739 -0.03388149562638173 -0.4537405396081693
v -0.4383935817006679 0 -0.4553098158272509
v -0.39458459467959983 -0.05742305751212488 -0.47122855700900707
v 0.3999999999999999 -0.05423498792517115 -0.4688602767444129
v 0.4215437293969959 -0.04230275369031634 -0.45999633131280643
v 0.4666666666666668 -0.017140523867760826 -0.4413043891589081
v 0.4666666666666668 0 -0.44261031309809523
v 0.5006434898358665 0 -0.4285714285714286
v 0.4908860901045835 -0.039794290526953005 -0.4285714285714286
v -0.46666666666666673 0.04136619852414022 -0.4442708239534959
v -0.4840147671436546 0.04623615580282387 -0.44065314140361656
v -0.46666666666666673 0.0625 -0.4448529905791206
v -0.4841945151612928 0.0625 -0.44077832305875747
v -0.5058672464690324 0.0625 -0.4285714285714286
v -0.5033723058474934 0.02808846326797507 -0.4285714285714286
v -0.43947089228171193 0.0254960384858951 -0.4560600856961922
v -0.4403603666425632 0.0625 -0.4566795410546422
v 0.4666666666666668 0.041366198524140224 -0.4442708239534959
v 0.4666666666666668 0.0625 -0.4448529905791206
v 0.5058672464690325 0.0625 -0.4285714285714286
v 0.5031789880395665 0.034230301287093604 -0.4285714285714286
v -0.46666666666666673 0.10445466693603721 -0.4438336759903724
v -0.48295931197359376 0.1097256450247559 -0.4399180922673242
v -0.46666666666666673 0.125 -0.4432297291643199
v -0.4828524612572298 0.125 -0.43984367837557076
v -0.5026787081190006 0.125 -0.4285714285714286
v -0.5042736182412312 0.08974348289884587 -0.4285714285714286
v -0.4397148024349426 0.08776737271724132 -0.45622995169576364
v -0.43875318508316613 0.125 -0.455560253897205
v 0.4666666666666668 0.10445466693603722 -0.4438336759903724
v 0.4666666666666668 0.125 -0.4432297291643199
v 0.5026787081190007 0.125 -0.4285714285714286
v 0.5042922584673808 0.09777399231316952 -0.4285714285714286
v -0.4779651543793726 0.17690766776933825 -0.4364400182284916
v -0.46666666666666673 0.17331327661860324 -0.4391101373690376
v -0.46666666666666673 0.1875 -0.4380995620515886
v -0.47770606894837636 0.1875 -0.43625958373190493
v -0.4907354259239116 0.1875 -0.4285714285714286
v -0.49518710653055925 0.16076208762760077 -0.4285714285714286
v -0.4361588873885106 0.15360104307327135 -0.4537535108598556
v -0.39999999999999997 0.1875 -0.466728631776678
v -0.4340226737920626 0.1875 -0.45226579067661504
v -0.39267623514313454 0.1875 -0.4698995209032545
v 0.3999999999999999 0.1875 -0.46672863177667806
v 0.4666666666666668 0.17331327661860324 -0.4391101373690376
v 0.4666666666666668 0.1875 -0.4380995620515886
v 0.43111040896454045 0.1875 -0.45333382232826647
v 0.4907354259239117 0.1875 -0.4285714285714286
v 0.498018758313292 0.15439258591871124 -0.4285714285714286
v -0.4676119098986358 0.249113834470029 -0.42922972296512135
v -0.46666666666666673 0.2488518912529168 -0.42942430935497616
v -0.46666666666666673 0.25 -0.4293318334883958
v -0.46757955818634794 0.25 -0.42920719230834947
v -0.46857618066852513 0.25 -0.4285714285714286
v -0.4692892146916391 0.24754136122658843 -0.4285714285714286
v -0.39999999999999997 0.20198174462480825 -0.4642421325644282
v -0.4285522657508005 0.22323225085862453 -0.4484560422193075
v -0.39999999999999997 0.25 -0.45436569003920774
v -0.426663682873104 0.25 -0.4471407791437689
v -0.3912030618049816 0.19574712955782972 -0.46887356089989796
v -0.38084341102121366 0.25 -0.4616588041040596
v 0.3999999999999999 0.20198174462480817 -0.46424213256442826
v 0.3999999999999999 0.25 -0.4543656900392078
v 0.4615670511206234 0.24521911042558434 -0.43212294654099453
v 0.4666666666666668 0.2488518912529168 -0.42942430935497616
v 0.4666666666666668 0.25 -0.4293318334883958
v 0.46464787729934376 0.25 -0.42997737116652857
v 0.46857618066852524 0.25 -0.4285714285714286
v 0.48594683940707534 0.20557516194413306 -0.4285714285714286
v -0.46666666666666673 0.2538007949751973 -0.4285714285714286
v -0.41635185709324324 0.29717013397508446 -0.4399593290470801
v -0.39999999999999997 0.28883183589273353 -0.4461534933368265
v -0.39999999999999997 0.3125 -0.44148438625011976
v -0.41511479292511994 0.3125 -0.43909780221570854
v -0.4372178007833106 0.3125 -0.4285714285714286
v -0.37559799268309063 0.2728768818596025 -0.45800574490429535
v -0.3333333333333333 0.3125 -0.4642157667701468
v -0.3681758890221529 0.3125 -0.4528367798547137
v -0.3227787773942156 0.3125 -0.46764950568525737
v 0.3333333333333335 0.3125 -0.46421576677014675
v 0.3999999999999999 0.2888318358927335 -0.4461534933368266
v 0.3999999999999999 0.3125 -0.44148438625011976
v 0.3641529529266245 0.3125 -0.4535363363546723
v 0.4666666666666668 0.2538007949751973 -0.4285714285714286
v 0.4372178007833106 0.3125 -0.4285714285714286
v 0.4481070163289761 0.295100327808415 -0.4285714285714286
v 0.46809538143755475 0.2513394200977075 -0.4285714285714286
v -0.39999999999999997 0.3642810039547187 -0.4285714285714286
v -0.3333333333333333 0.33621501907904094 -0.45738312868414105
v -0.35675887097732983 0.35303855845875326 -0.4448856422877833
v -0.3333333333333333 0.375 -0.445973395708484
v -0.3537474199210022 0.375 -0.442788381730698
v -0.39144477728952576 0.375 -0.4285714285714286
v -0.3182813428451763 0.3266112410826472 -0.4645173637671764
v -0.2666666666666667 0.375 -0.4645495852757102
v -0.3037958262308531 0.375 -0.4544292361250584
v -0.2555645423138993 0.375 -0.46726816339717986
v 0.2666666666666666 0.375 -0.4645495852757103
v 0.3333333333333335 0.33621501907904106 -0.45738312868414094
v 0.3333333333333335 0.375 -0.44597339570848393
v 0.2919003262171315 0.375 -0.45742655852735487
v 0.3999999999999999 0.3642810039547189 -0.4285714285714286
v 0.3914447772895258 0.375 -0.4285714285714286
v 0.39547332161454485 0.37075623901363586 -0.4285714285714286
v 0.42443682683355155 0.33540952515645456 -0.4285714285714286
v -0.3333333333333333 0.43266198535022926 -0.4285714285714286
v -0.2666666666666667 0.4010987306772884 -0.4556123714968715
v -0.2891613518691015 0.41641123262271734 -0.4442373700516957
v -0.2666666666666667 0.4375 -0.4434917578784639
v -0.28499977532498627 0.4375 -0.4413391292441869
v -0.3273403003739466 0.4375 -0.4285714285714286
v -0.24888042849302086 0.391674598287793 -0.46261315555763954
v -0.20000000000000007 0.4375 -0.456221524644587
v -0.23217897169653962 0.4375 -0.4509817838600901
v -0.13333333333333341 0.4375 -0.4674708326506589
v -0.178046782454488 0.4375 -0.4597111520665184
v -0.12390704234902941 0.4375 -0.4684352616359312
v 0.13333333333333341 0.4375 -0.4674708326506589
v 0.19999999999999996 0.4375 -0.456221524644587
v 0.1474128388776662 0.4375 -0.4651946300673397
v 0.2666666666666666 0.40109873067728835 -0.45561237149687156
v 0.2666666666666666 0.4375 -0.44349175787846395
v 0.2381545712707434 0.4375 -0.44842806643644656
v 0.3333333333333335 0.4326619853502291 -0.4285714285714286
v 0.32734030037394657 0.4375 -0.4285714285714286
v 0.330768217642353 0.4350952040397058 -0.4285714285714286
v 0.3661507079745442 0.4057662887261351 -0.4285714285714286
v -0.2666666666666667 0.4804543962675502 -0.4285714285714286
v -0.2091974155783224 0.4913774228953228 -0.43497677156347453
v -0.20000000000000007 0.4873979476671978 -0.4379329531615102
v -0.20000000000000007 0.5 -0.4342091737303705
v -0.20722847805465194 0.5 -0.4336055472166326
v -0.2284126450813379 0.5 -0.4285714285714286
v -0.13333333333333341 0.4595697583686892 -0.45860532235468804
v -0.16128964620001482 0.47379095668748616 -0.44804100360358173
v -0.13333333333333341 0.5 -0.44299961823268524
v -0.15221775361794657 0.5 -0.44172307841249847
v -0.11478254430391033 0.4548913647150841 -0.4620807004973661
v -0.06666666666666665 0.5 -0.4480333110762258
v -0.09264253814428301 0.5 -0.44666176763619714
v 1.1102230246251565e-16 0.5 -0.44974841393293563
v -0.029516923957294446 0.5 -0.44912785775597297
v 0.06666666666666665 0.5 -0.4480333110762258
v 0.0378409753580466 0.5 -0.4486464635899319
v 0.13333333333333341 0.4595697583686892 -0.45860532235468804
v 0.13333333333333341 0.5 -0.44299961823268524
v 0.11082468109758045 0.5 -0.44424709709275656
v 0.17396786231281658 0.4755948709182655 -0.44670095303214563
v 0.19999999999999996 0.48739794766719774 -0.43793295316151026
v 0.19999999999999996 0.5 -0.4342091737303705
v 0.19092002493558993 0.5 -0.4348949826341427
v 0.2666666666666666 0.48045439626755027 -0.4285714285714286
v 0.22841264508133793 0.5 -0.4285714285714286
v 0.25415941996581454 0.4882744562179512 -0.4285714285714286
v 0.29533157230035934 0.46437334903158684 -0.4285714285714286
v -0.20000000000000007 0.5140739655183209 -0.4285714285714286
v -0.13333333333333341 0.5366642631283542 -0.4285714285714286
v -0.1778882339179858 0.5207297807018884 -0.4285714285714286
v -0.06666666666666665 0.549280391594447 -0.4285714285714286
v -0.0850173588504882 0.5452962260776674 -0.4285714285714286
v 1.1102230246251565e-16 0.5533528000884729 -0.4285714285714286
v -0.010585390959218649 0.5525761959757324 -0.4285714285714286
v 0.06666666666666665 0.549280391594447 -0.4285714285714286
v 0.05360516736636964 0.5502548444059715 -0.4285714285714286
v 0.13333333333333341 0.5366642631283542 -0.4285714285714286
v 0.11117960287037051 0.5417308776909723 -0.4285714285714286
v 0.19999999999999996 0.5140739655183209 -0.4285714285714286
v 0.1635911920877535 0.5283667425822689 -0.4285714285714286
v 0.21078743032801617 0.5101132159325152 -0.4285714285714286
v -0.20971728252328525 -0.3841099523655799 -0.3889102503287165
v -0.20000000000000007 -0.3889464190648211 -0.3821428571428572
v -0.20000000000000007 -0.3867705429481813 -0.39088668904722046
v -0.20000000000000007 -0.375 -0.4237184370813518
v -0.22031087316832876 -0.375 -0.39628792952794323
v -0.22894205501182505 -0.375 -0.3821428571428572
v -0.2108048544390962 -0.3851295510366526 -0.3821428571428572
v -0.15976163543947855 -0.39977653322451107 -0.40054828182392255
v -0.13333333333333341 -0.4109155020495775 -0.3821428571428572
v -0.13333333333333341 -0.4052276484765801 -0.4045976817254595
v -0.19735979262373002 -0.375 -0.42673271272009766
v -0.16323018852371074 -0.40302830174097876 -0.3821428571428572
v -0.10477132267785899 -0.41072311501049275 -0.4086800282935089
v -0.06666666666666665 -0.42324264350483254 -0.3821428571428572
v -0.06666666666666665 -0.4155822468641227 -0.4122896690990626
v -0.11053572401279127 -0.4161272412619918 -0.3821428571428572
v -0.0447667601131212 -0.4169688376060512 -0.41331970793592376
v 1.1102230246251565e-16 -0.4271998635191454 -0.3821428571428572
v 1.1102230246251565e-16 -0.418913440800424 -0.4147642703088864
v -0.052589030658076824 -0.4243022162419471 -0.3821428571428572
v 0.02123104437819137 -0.41759589589544566 -0.41378552266518825
v 0.06666666666666665 -0.42324264350483254 -0.3821428571428572
v 0.06666666666666665 -0.4155822468641227 -0.4122896690990626
v 0.011925148479857936 -0.4263201733001333 -0.3821428571428572
v 0.09565288356571278 -0.4103254216571443 -0.4083845989453072
v 0.13333333333333341 -0.4109155020495775 -0.3821428571428572
v 0.13333333333333341 -0.4052276484765801 -0.4045976817254595
v 0.08641613788208917 -0.4189848707355414 -0.3821428571428572
v 0.18342519967229662 -0.3905388753072219 -0.39368602165679345
v 0.19999999999999996 -0.3889464190648211 -0.3821428571428572
v 0.19999999999999996 -0.38677054294818136 -0.39088668904722046
v 0.19999999999999996 -0.375 -0.42371843708135204
v 0.17846173314575314 -0.39519212517585645 -0.3821428571428572
v 0.22894205501182505 -0.375 -0.3821428571428572
v -0.2934403970545195 -0.33760037223861206 -0.40078884794868325
v -0.2666666666666667 -0.3565434813342064 -0.3821428571428572
v -0.2666666666666667 -0.34854902510960856 -0.4089221329385664
v -0.315122623212303 -0.3125 -0.4158889697371396
v -0.3309183635064886 -0.3125 -0.3821428571428572
v -0.2965313400452494 -0.34049813129242124 -0.3821428571428572
v -0.20000000000000007 -0.3738255036847923 -0.4276989455944172
v -0.24850361390909675 -0.3579721380397782 -0.4159221596866924
v -0.2549211002957088 -0.36398853152722693 -0.3821428571428572
v -0.19909803932663822 -0.3741544118687233 -0.4279432773881945
v 0.19999999999999996 -0.37382550368479234 -0.4276989455944172
v 0.20241131127762704 -0.3727393956772246 -0.4268921225030812
v 0.2666666666666666 -0.35654348133420644 -0.3821428571428572
v 0.2666666666666666 -0.34854902510960867 -0.40892213293856644
v 0.329410790967327 -0.3125 -0.38487462771918307
v 0.3309183635064887 -0.3125 -0.3821428571428572
v -0.36505256067888425 -0.279736775636454 -0.4042330333299373
v -0.3333333333333333 -0.31065021308840085 -0.3821428571428572
v -0.3333333333333333 -0.29789421165318225 -0.4177214143709354
v -0.38378272910149824 -0.25 -0.4172772577671149
v -0.396943895304877 -0.25 -0.3821428571428572
v -0.3687221841723457 -0.2831770476615741 -0.3821428571428572
v -0.32475105620836614 -0.30445411519534327 -0.4225944855736836
v -0.3323625360196392 -0.3115898775184118 -0.3821428571428572
v 0.3333333333333335 -0.2978942116531822 -0.41772141437093535
v 0.3333333333333335 -0.31065021308840074 -0.3821428571428572
v 0.3954843474486489 -0.25 -0.38528768659826235
v 0.396943895304877 -0.25 -0.3821428571428572
v -0.4257253376805452 -0.2116175040755111 -0.40005871731323683
v -0.39999999999999997 -0.24636622300217517 -0.3821428571428572
v -0.39999999999999997 -0.23173139030449358 -0.4150004613690524
v -0.4365543837688483 -0.1875 -0.40760037441044794
v -0.4444532286409544 -0.1875 -0.3821428571428572
v -0.42866144711943377 -0.21437010667446912 -0.3821428571428572
v -0.3909606509394847 -0.2415256102557669 -0.42227616761856973
v -0.398472888545768 -0.24856833301165754 -0.3821428571428572
v 0.3999999999999999 -0.23173139030449363 -0.41500046136905244
v 0.3999999999999999 -0.24636622300217526 -0.3821428571428572
v 0.4360035117134671 -0.1875 -0.4034975543424069
v 0.4444532286409545 -0.1875 -0.3821428571428572
v -0.4741990422558485 -0.13206160211485793 -0.3873886187138945
v -0.46666666666666673 -0.14630520492965662 -0.3821428571428572
v -0.46666666666666673 -0.13992542071943154 -0.39323031253443486
v -0.46666666666666673 -0.125 -0.41457487027268736
v -0.47631937219618437 -0.125 -0.3888652770651998
v -0.4780468773539038 -0.125 -0.3821428571428572
v -0.47502097608680616 -0.13283216508138068 -0.3821428571428572
v -0.4471458008560092 -0.1691991883025086 -0.41497653988186356
v -0.46312771135128855 -0.125 -0.4261067989767902
v -0.45328354500106466 -0.17495332343849807 -0.3821428571428572
v 0.4666666666666668 -0.13992542071943154 -0.39323031253443486
v 0.4666666666666668 -0.14630520492965662 -0.3821428571428572
v 0.4666666666666668 -0.125 -0.41457487027268736
v 0.47804687735390383 -0.125 -0.3821428571428572
v -0.46666666666666673 -0.11789534181353849 -0.4232936824900572
v -0.4908623384661862 -0.0851834423120495 -0.3989934142889511
v -0.4960691140825788 -0.0625 -0.4026195615932245
v -0.5014321470408543 -0.0625 -0.3821428571428572
v -0.49394717958177026 -0.08807548085790955 -0.3821428571428572
v -0.46411693324697106 -0.12260962491903532 -0.42679572136842625
v 0.4666666666666668 -0.11789534181353849 -0.4232936824900572
v 0.4911991396849472 -0.0625 -0.4114863134336975
v 0.5014321470408544 -0.0625 -0.3821428571428572
v 0.4829757307474011 -0.10971025242431152 -0.3821428571428572
v -0.5025577607744861 -0.03364790072608066 -0.40713844053937426
v -0.5074782743205776 0 -0.41056522675897367
v -0.5149445961133378 0 -0.3821428571428572
v -0.507797972629192 -0.038560599339867455 -0.3821428571428572
v 0.4991280131388933 -0.032067487682287496 -0.4059644194211279
v 0.5089019904161061 0 -0.39915754238878326
v 0.5149445961133378 0 -0.3821428571428572
v 0.5093202512104161 -0.02251226449023489 -0.3821428571428572
v -0.509405736043757 0.022432122458977837 -0.4119075661733308
v -0.5116944453418014 0.0625 -0.4135014887201831
v -0.5199186402005718 0.0625 -0.3821428571428572
v -0.5165444267761417 0.01573959989736728 -0.3821428571428572
v 0.5131919238297913 0.04361742859042941 -0.3961699101899667
v 0.5154253438039487 0.0625 -0.39461449270796434
v 0.5199186402005718 0.0625 -0.3821428571428572
v 0.5185450100631902 0.04863594693424086 -0.3821428571428572
v -0.5106302677529995 0.08378412398156304 -0.4127603650422675
v -0.509159980390988 0.125 -0.41173641491515234
v -0.516915727745246 0.125 -0.3821428571428572
v -0.5191313520294515 0.07581435747238935 -0.3821428571428572
v 0.5128572016872305 0.10580362658177861 -0.3964030202535359
v 0.5114426616256129 0.125 -0.39738814636787667
v 0.516915727745246 0.125 -0.3821428571428572
v 0.517789449985673 0.11042760936156845 -0.3821428571428572
v -0.5042282456787156 0.15228601967620425 -0.40830181395481974
v -0.49958309014025887 0.1875 -0.40506679491910885
v -0.5055822270784779 0.1875 -0.3821428571428572
v -0.5128017659799373 0.1442483443938089 -0.3821428571428572
v 0.5040485737255712 0.160045537867723 -0.4025376004411201
v 0.49654980013905103 0.1875 -0.4077599606174466
v 0.5055822270784779 0.1875 -0.3821428571428572
v 0.5104244629179444 0.16602293398557294 -0.3821428571428572
v -0.48615308734718055 0.23173148061201831 -0.3957137572596436
v -0.4819491040764962 0.25 -0.3927859831961313
v -0.48470047792581156 0.25 -0.3821428571428572
v -0.491505977368192 0.22671314621732006 -0.3821428571428572
v 0.489103673308705 0.20853469372691094 -0.41294565608858047
v 0.46903072749528846 0.25 -0.42692502906578134
v 0.4847004779258116 0.25 -0.3821428571428572
v 0.4977897578538845 0.21667789798801673 -0.3821428571428572
v -0.46666666666666673 0.2860813650740156 -0.3821428571428572
v -0.46666666666666673 0.2574537171322513 -0.4230343815588991
v -0.44413321927034366 0.3125 -0.41287849199184645
v -0.4535840435911378 0.3125 -0.3821428571428572
v 0.45628329910674853 0.30276559291257665 -0.3893741309792288
v 0.4666666666666668 0.2860813650740156 -0.3821428571428572
v 0.4666666666666668 0.2574537171322513 -0.4230343815588991
v 0.4483663533412094 0.3125 -0.39488771820880064
v 0.4535840435911379 0.3125 -0.3821428571428572
v 0.4585704388429861 0.30490978641529937 -0.3821428571428572
v 0.4682936153183651 0.25152526436096717 -0.42743837504613874
v 0.48009809196088643 0.26259196121333095 -0.3821428571428572
v -0.4156663172352666 0.36031282759193756 -0.3930533280745607
v -0.39999999999999997 0.375 -0.4072167303762114
v -0.4082204138366584 0.375 -0.38786778820767287
v -0.40996244600385023 0.375 -0.3821428571428572
v -0.42607532964610095 0.3505543784567804 -0.3821428571428572
v -0.39378207299728796 0.375 -0.42424108655168274
v 0.3999999999999999 0.375 -0.40721673037621187
v 0.42797074962775966 0.33872257777602466 -0.4090917993663817
v 0.4099624460038503 0.375 -0.3821428571428572
v 0.43522306269829353 0.3455216212796502 -0.3821428571428572
v -0.39999999999999997 0.3864470677087386 -0.3821428571428572
v -0.37465426375195515 0.39876162773254203 -0.4109199336843974
v -0.3333333333333333 0.4375 -0.4165451729108715
v -0.34591800248621923 0.4375 -0.3909071803029027
v -0.34916074590079016 0.4375 -0.3821428571428572
v -0.3291870406710555 0.4375 -0.4256838318959137
v 0.3333333333333335 0.4375 -0.4165451729108712
v 0.3999999999999999 0.38644706770873877 -0.3821428571428572
v 0.3709779925094937 0.4102918679776503 -0.4023546123594598
v 0.3491607459007902 0.4375 -0.3821428571428572
v 0.3766611448055027 0.4156198232551588 -0.3821428571428572
v 0.4061805424963239 0.38079425859030375 -0.3821428571428572
v -0.3333333333333333 0.4509793361791487 -0.3821428571428572
v -0.2666666666666667 0.496222843050708 -0.3821428571428572
v -0.2666666666666667 0.4945359471606374 -0.3862018678235265
v -0.28354675182699224 0.48417492016219477 -0.3821428571428572
v -0.2415961836783951 0.5 -0.4111116279188823
v -0.2591597697730521 0.5 -0.3821428571428572
v 0.26357563685822705 0.4971021595545879 -0.3842955386165919
v 0.2666666666666666 0.4962228430507081 -0.3821428571428572
v 0.2666666666666666 0.49453594716063753 -0.38620186782352645
v 0.25194296707114117 0.5 -0.3923968622183124
v 0.2591597697730521 0.5 -0.3821428571428572
v 0.2643071696794049 0.49778797157444216 -0.3821428571428572
v 0.3333333333333335 0.4509793361791486 -0.3821428571428572
v 0.2995466263270259 0.4683249621815867 -0.4056728852365356
v 0.3061159847674097 0.4744837357194466 -0.3821428571428572
v 0.34181268504308165 0.44544939222788893 -0.3821428571428572
v -0.20000000000000007 0.5293564370513516 -0.3821428571428572
v -0.20000000000000007 0.5177453947116346 -0.41538913535707145
v -0.1665963768275583 0.5313158967241642 -0.4053081910049066
v -0.13333333333333341 0.5507734862382571 -0.3821428571428572
v -0.13333333333333341 0.5463568531061533 -0.3941349091211433
v -0.15388851429634676 0.543229517847175 -0.3821428571428572
v -0.06682073339626723 0.5623555624409995 -0.3822501536152576
v -0.06666666666666665 0.5624271270763267 -0.3821428571428572
v -0.06666666666666665 0.562397915981497 -0.3822186909851737
v -0.06676892640746611 0.5624041314930005 -0.3821428571428572
v 1.1102230246251565e-16 0.5625 -0.3963027516119159
v -0.015727931045359626 0.5625 -0.3930962376923041
v -0.06537534688820115 0.5625 -0.3821428571428572
v 0.06656774453878943 0.5624072605051151 -0.3822117493390574
v 0.06666666666666665 0.5624271270763267 -0.3821428571428572
v 0.06666666666666665 0.562397915981497 -0.3822186909851737
v 0.06537534688820117 0.5625 -0.3821428571428572
v 0.06659491655283528 0.5624327342682831 -0.3821428571428572
v 0.12017311463507964 0.550162294970387 -0.3913080094505696
v 0.13333333333333341 0.5507734862382571 -0.3821428571428572
v 0.13333333333333341 0.5463568531061533 -0.3941349091211433
v 0.12338041366126201 0.553169137807433 -0.3821428571428572
v 0.16875704987495732 0.5332097342577725 -0.4039013402656548
v 0.19999999999999996 0.5293564370513516 -0.3821428571428572
v 0.19999999999999996 0.5177453947116347 -0.4153891353570714
v 0.17539576133741994 0.5394335262538312 -0.3821428571428572
v 0.21234150800263726 0.5115701637524724 -0.4199764497838776
v 0.22244290685729953 0.5210402251787184 -0.3821428571428572
v 1.1102230246251565e-16 0.5669017831511456 -0.3821428571428572
v 0.004466827738323821 0.5666876510046784 -0.3821428571428572
v -0.21322881246510067 -0.38740201168603183 -0.34492720868105226
v -0.20000000000000007 -0.39045683926796293 -0.33571428571428574
v -0.20000000000000007 -0.39180046141715313 -0.3481946284813138
v -0.233029114113114 -0.375 -0.35871670447163295
v -0.23128635544912496 -0.375 -0.33571428571428574
v -0.21231129825686781 -0.3865418421158135 -0.33571428571428574
v -0.16681390600248047 -0.4063880368773254 -0.3590311131088703
v -0.13333333333333341 -0.4124012178730985 -0.33571428571428574
v -0.13333333333333341 -0.4141470103130128 -0.36479492194680957
v -0.1649432439693708 -0.404634291221285 -0.33571428571428574
v -0.11355036377453062 -0.4189534660386224 -0.36836543191440524
v -0.06666666666666665 -0.42437271070426563 -0.33571428571428574
v -0.06666666666666665 -0.4254046791597242 -0.37315776166150944
v -0.11187449212737151 -0.41738233636941074 -0.33571428571428574
v -0.054740052632271226 -0.4263187993427543 -0.37383682236890325
v 1.1102230246251565e-16 -0.42820275720067674 -0.33571428571428574
v 1.1102230246251565e-16 -0.42885136247370764 -0.37571815498046857
v -0.05370241827884519 -0.4253460171364174 -0.33571428571428574
v 0.010019847512536201 -0.4281063929569974 -0.3751647490537695
v 0.06666666666666665 -0.42437271070426563 -0.33571428571428574
v 0.06666666666666665 -0.4254046791597242 -0.37315776166150944
v 0.010760123509119167 -0.4274123842102009 -0.33571428571428574
v 0.08355425534762458 -0.42166788561160196 -0.37038185788290434
v 0.13333333333333341 -0.4124012178730985 -0.33571428571428574
v 0.13333333333333341 -0.4141470103130128 -0.36479492194680957
v 0.08487989527035349 -0.4204250981840436 -0.33571428571428574
v 0.17471956101538202 -0.39870041154807934 -0.3533203057214304
v 0.19999999999999996 -0.390456839267963 -0.33571428571428574
v 0.19999999999999996 -0.3918004614171532 -0.34819462848131383
v 0.17653900201941705 -0.3969946856067965 -0.33571428571428574
v 0.22724030917680743 -0.375 -0.36317192753758054
v 0.23128635544912493 -0.375 -0.33571428571428574
v -0.3001351356395045 -0.34387668966203544 -0.35902268374894064
v -0.2666666666666667 -0.35796935093872995 -0.33571428571428574
v -0.2666666666666667 -0.35923550196476284 -0.37043208717382387
v -0.3313755873046872 -0.3125 -0.3807794268729072
v -0.3325439829016867 -0.3125 -0.33571428571428574
v -0.2983326698613028 -0.3421868779949714 -0.33571428571428574
v -0.25672438708171746 -0.36567911288911004 -0.3752187695747675
v -0.255805585931581 -0.3648177368108571 -0.33571428571428574
v 0.2666666666666666 -0.35796935093873006 -0.33571428571428574
v 0.2666666666666666 -0.3592355019647629 -0.3704320871738239
v 0.3323555098171743 -0.3125 -0.33639526994875374
v 0.3325439829016867 -0.3125 -0.33571428571428574
v -0.37227518437686563 -0.2865079853533115 -0.36283450340531714
v -0.3333333333333333 -0.3118977344815721 -0.33571428571428574
v -0.3333333333333333 -0.31100131390403407 -0.3810295474715682
v -0.397516070046922 -0.25 -0.38041297735410645
v -0.3985299890470839 -0.25 -0.33571428571428574
v -0.3704744356335 -0.2848197834064063 -0.33571428571428574
v -0.3325306562981792 -0.311747490279543 -0.38158384992194627
v -0.3330131105628941 -0.31219979115271324 -0.33571428571428574
v 0.3333333333333335 -0.311001313904034 -0.38102954747156814
v 0.3333333333333335 -0.31189773448157193 -0.33571428571428574
v 0.39818476562881633 -0.25 -0.33697846679421717
v 0.3985299890470839 -0.25 -0.33571428571428574
v -0.4324863548065447 -0.21795595763113562 -0.35833871138312934
v -0.39999999999999997 -0.24826597010620627 -0.33571428571428574
v -0.39999999999999997 -0.24708166821647634 -0.3799749535322396
v -0.4477384190159321 -0.1875 -0.36896068467180987
v -0.4466680227730201 -0.1875 -0.33571428571428574
v -0.4307983835614251 -0.216373484588836 -0.33571428571428574
v -0.3987395300698676 -0.24881830944050093 -0.3812650298700864
v -0.39925980261061605 -0.24930606494745258 -0.33571428571428574
v 0.3999999999999999 -0.2470816682164764 -0.37997495353223965
v 0.3999999999999999 -0.2482659701062063 -0.33571428571428574
v 0.4432880341842277 -0.1875 -0.35199583333598433
v 0.4466680227730201 -0.1875 -0.33571428571428574
v -0.4779735839083739 -0.13560023491410048 -0.34358874593618893
v -0.46666666666666673 -0.15034603074310182 -0.33571428571428574
v -0.46666666666666673 -0.1515246104305763 -0.35541828203414244
v -0.48179152571603934 -0.125 -0.3462476696950988
v -0.48074769665927813 -0.125 -0.33571428571428574
v -0.47726073171796357 -0.13493193598559078 -0.33571428571428574
v -0.4554055314330639 -0.17694268571849733 -0.3743002808194552
v -0.45465966018416154 -0.1762434314226514 -0.33571428571428574
v 0.4666666666666668 -0.15152461043057625 -0.3554182820341424
v 0.4666666666666668 -0.15034603074310174 -0.33571428571428574
v 0.477208623966713 -0.125 -0.37480113688032496
v 0.48074769665927813 -0.125 -0.33571428571428574
v -0.49824951617012586 -0.09210892140949292 -0.35770948447562334
v -0.5057437468095672 -0.0625 -0.36292868081380575
v -0.5045725308107324 -0.0625 -0.33571428571428574
v -0.4967324162420984 -0.09068664022696721 -0.33571428571428574
v 0.4821050626628385 -0.11052650375358897 -0.37139111707409467
v 0.5002329368197737 -0.0625 -0.3587663475719434
v 0.5045725308107324 -0.0625 -0.33571428571428574
v 0.4867011571989271 -0.1062176651260059 -0.33571428571428574
v -0.5116238436272169 -0.042147353400515744 -0.36702374824038314
v -0.5180963712820464 0 -0.37153140142856805
v -0.5181382327540597 0 -0.33571428571428574
v -0.510556752645854 -0.04114695560548802 -0.33571428571428574
v 0.5093749917625413 -0.02246094522261747 -0.35239955930823014
v 0.5149920285842798 0 -0.3484876943788051
v 0.5181382327540597 0 -0.33571428571428574
v 0.5132337279230317 -0.018843380072157724 -0.33571428571428574
v -0.5195421395228333 0.012929244197343866 -0.372538275739116
v -0.5224453925038482 0.0625 -0.37456018406518
v -0.5234962056853062 0.0625 -0.33571428571428574
v -0.5195810910657656 0.01289272712584489 -0.33571428571428574
v 0.5198814734071882 0.04988888131923898 -0.3450825453057082
v 0.5211600937971599 0.0625 -0.34419207753412073
v 0.5234962056853062 0.0625 -0.33571428571428574
v 0.5223790774034391 0.05223038506572429 -0.33571428571428574
v -0.5219553201735778 0.0731668873372709 -0.3742188836923131
v -0.5200688721070913 0.125 -0.3729051073602957
v -0.5212968951610747 0.125 -0.33571428571428574
v -0.5230447067832044 0.072145587390746 -0.33571428571428574
v 0.5191725428047959 0.11172425887949615 -0.3455762648323743
v 0.5183537844862389 0.125 -0.34614647151851213
v 0.5212968951610747 0.125 -0.33571428571428574
v 0.5218094160454448 0.11419632754260459 -0.33571428571428574
v -0.5170988303852131 0.14021984651386285 -0.3708366854468448
v -0.5106472767313102 0.1875 -0.3663436391521624
v -0.5112882351509248 0.1875 -0.33571428571428574
v -0.5185255750444129 0.138882273395863 -0.33571428571428574
v 0.5110685296714877 0.1666267465670198 -0.35122013112164246
v 0.5062782581138655 0.1875 -0.3545562130992722
v 0.5112882351509248 0.1875 -0.33571428571428574
v 0.5149334647455844 0.17025012319898547 -0.33571428571428574
v -0.49986800402660014 0.21887374622506245 -0.3588366456613822
v -0.4921682844904233 0.25 -0.35347434098440195
v -0.4921194708231714 0.25 -0.33571428571428574
v -0.5005867543998871 0.2181999177501059 -0.33571428571428574
v 0.49773830583226725 0.21662966171775053 -0.3605036798668139
v 0.48465971066079894 0.25 -0.36961198721837224
v 0.4921194708231714 0.25 -0.33571428571428574
v 0.503123631909202 0.22167840491487678 -0.33571428571428574
v -0.46666666666666673 0.29597198270363995 -0.3479922414201532
v -0.46666666666666673 0.30143178106904145 -0.33571428571428574
v -0.4567401867347887 0.3125 -0.375229772904585
v -0.4613928792417746 0.3125 -0.33571428571428574
v 0.4624293294894466 0.30852749639635607 -0.33866528839127835
v 0.4666666666666668 0.30143178106904134 -0.33571428571428574
v 0.4666666666666668 0.29597198270363984 -0.3479922414201533
v 0.45953000108524933 0.3125 -0.3406844635299157
v 0.46139287924177463 0.3125 -0.33571428571428574
v 0.463336310959215 0.3093777915242639 -0.33571428571428574
v 0.4799530968897383 0.2624560283341296 -0.37288980752321804
v 0.486246489135034 0.2683560835640943 -0.33571428571428574
v -0.44118594740437417 0.33638817430839923 -0.3643973562280463
v -0.4204368413553966 0.375 -0.3499470859439369
v -0.42112089418173654 0.375 -0.33571428571428574
v -0.45113327364350503 0.3270625559592141 -0.33571428571428574
v 0.43601645572527314 0.3462654272424436 -0.3570599683341848
v 0.4103745825282072 0.375 -0.37491770145356995
v 0.4211208941817366 0.375 -0.33571428571428574
v 0.4414133646087578 0.3513250293207104 -0.33571428571428574
v -0.39999999999999997 0.39969539780850044 -0.33571428571428574
v -0.39999999999999997 0.38788167944742874 -0.3725736095533387
v -0.3611597358865416 0.4375 -0.355093387492413
v -0.36356075583381264 0.4375 -0.33571428571428574
v 0.37883283918188865 0.4176557867330206 -0.35045570128404185
v 0.3999999999999999 0.39969539780850055 -0.33571428571428574
v 0.3999999999999999 0.38788167944742896 -0.3725736095533385
v 0.3509972818678818 0.4375 -0.36984117869915384
v 0.36356075583381264 0.4375 -0.33571428571428574
v 0.38311436863802556 0.421669720598149 -0.33571428571428574
v 0.406244787626665 0.38085448839999847 -0.377793808617144
v 0.4137589022205035 0.38789897083172203 -0.33571428571428574
v -0.3333333333333333 0.4639474288231001 -0.33571428571428574
v -0.3333333333333333 0.45260750247404163 -0.3709201410192834
v -0.2666666666666667 0.5 -0.36834185466827235
v -0.2787067561441646 0.5 -0.3440993480289718
v -0.2802343498389135 0.5 -0.33571428571428574
v -0.26200763849245556 0.5 -0.3788981768072458
v 0.2666666666666666 0.5 -0.36834185466827263
v 0.30846051794358026 0.4766817355721064 -0.3530364250035781
v 0.3333333333333335 0.4639474288230999 -0.33571428571428574
v 0.3333333333333335 0.4526075024740415 -0.37092014101928344
v 0.28023434983891354 0.5 -0.33571428571428574
v 0.31366228104311467 0.4815583884779199 -0.33571428571428574
v 0.3420151723506615 0.44563922407874507 -0.3760965763986466
v 0.3504173863411702 0.45351629969484697 -0.33571428571428574
v -0.2666666666666667 0.5088596100884865 -0.33571428571428574
v -0.20000000000000007 0.5415671633144471 -0.33571428571428574
v -0.20000000000000007 0.5337751126397371 -0.3570527734676239
v -0.24928293251073835 0.5162972507711828 -0.33571428571428574
v -0.135323799997851 0.5606339375020147 -0.33710050356993193
v -0.13333333333333341 0.5618230597355103 -0.33571428571428574
v -0.13333333333333341 0.5615190657713929 -0.3364429797126796
v -0.13452647579153837 0.5613814289454329 -0.33571428571428574
v -0.06666666666666665 0.5625 -0.3818760311115468
v -0.10233653666062213 0.5625 -0.360555802317219
v -0.1295600577632939 0.5625 -0.33571428571428574
v -0.06638661309985769 0.5625 -0.38194781983740095
v 0.06666666666666665 0.5625 -0.3818760311115468
v 0.13253526731544413 0.5617518131082287 -0.33627008169103006
v 0.13333333333333341 0.5618230597355103 -0.33571428571428574
v 0.13333333333333341 0.5615190657713929 -0.3364429797126796
v 0.1295600577632939 0.5625 -0.33571428571428574
v 0.13275805553093328 0.5619606770602499 -0.33571428571428574
v 0.1796091488795682 0.5433835770745952 -0.34991505703030074
v 0.19999999999999996 0.5415671633144472 -0.33571428571428574
v 0.19999999999999996 0.5337751126397371 -0.3570527734676239
v 0.1845135168229588 0.5479814220215239 -0.33571428571428574
v 0.2666666666666666 0.5088596100884866 -0.33571428571428574
v 0.22367179818678234 0.5221923108001085 -0.36565714054849086
v 0.23212111407566124 0.5301135444459325 -0.33571428571428574
v 0.2732314826778533 0.5061545150104876 -0.33571428571428574
v -0.06666666666666665 0.5757917275391043 -0.33571428571428574
v 1.1102230246251565e-16 0.5802081488343979 -0.33571428571428574
v 1.1102230246251565e-16 0.5673662232684751 -0.37852794842913284
v -0.051738603212428486 0.5764950594883482 -0.33571428571428574
v 0.06666666666666665 0.5757917275391043 -0.33571428571428574
v 0.004883588187028485 0.5670783639253391 -0.37874178679831955
v 0.018008708604988866 0.579383164317177 -0.33571428571428574
v 0.07910334623340352 0.5741593870938158 -0.33571428571428574
v -0.26673621861958885 -0.4375652049558645 -0.2893341522529279
v -0.2666666666666667 -0.43765299498790944 -0.28928571428571426
v -0.2666666666666667 -0.43757069199980947 -0.2893382283427156
v -0.2666666666666667 -0.4375 -0.2893602789601887
v -0.26675043333620996 -0.4375 -0.2893440517877176
v -0.26694993136807954 -0.4375 -0.28928571428571426
v -0.26678026205938443 -0.43760649568067284 -0.28928571428571426
v -0.21258455272872195 -0.4492980181831768 -0.2980499563646456
v -0.20000000000000007 -0.4658626630176901 -0.28928571428571426
v -0.20000000000000007 -0.4502414333736627 -0.29875077907757797
v -0.20000000000000007 -0.4375 -0.30433355221000596
v -0.21656239045223066 -0.4375 -0.30082023620780346
v -0.2223484108614472 -0.4584516351826067 -0.28928571428571426
v -0.15409877340149822 -0.4569676000639045 -0.30374736004747194
v -0.13333333333333341 -0.48433454593709346 -0.28928571428571426
v -0.13333333333333341 -0.45845871177905045 -0.304855043035866
v -0.13333333333333341 -0.4375 -0.3163698519247598
v -0.16390901587349477 -0.4375 -0.31057949319761236
v -0.17298601050588824 -0.47467438484927016 -0.28928571428571426
v -0.09273949495589642 -0.46194327652115286 -0.30744357684428497
v -0.06666666666666665 -0.4948731229303705 -0.28928571428571426
v -0.06666666666666665 -0.4633029145185552 -0.3084535936423553
v -0.06666666666666665 -0.4375 -0.3246124158036277
v -0.10937310464112007 -0.4375 -0.31902769787506574
v -0.11946173186859357 -0.4869953736268064 -0.28928571428571426
v -0.02867059296176814 -0.4643786809016577 -0.30925273438408857
v 1.1102230246251565e-16 -0.49830536745169013 -0.28928571428571426
v 1.1102230246251565e-16 -0.46492181567317875 -0.30965620592864707
v 1.1102230246251565e-16 -0.4375 -0.3275936880258461
v -0.05156601062632685 -0.4375 -0.3251977574004777
v -0.0615421129086459 -0.49519573085185553 -0.28928571428571426
v 0.0385702553573173 -0.46384038560251506 -0.308852857876154
v 0.06666666666666665 -0.4948731229303705 -0.28928571428571426
v 0.06666666666666665 -0.4633029145185552 -0.3084535936423553
v 0.06666666666666665 -0.4375 -0.3246124158036277
v 0.012355230793339656 -0.4375 -0.32710974998320996
v 0.0019359961765147127 -0.49818500358451756 -0.28928571428571426
v 0.10961303194800684 -0.45973778254874365 -0.3058052098933524
v 0.13333333333333341 -0.48433454593709346 -0.28928571428571426
v 0.13333333333333341 -0.45845871177905045 -0.304855043035866
v 0.13333333333333341 -0.4375 -0.3163698519247598
v 0.08571668095748869 -0.4375 -0.32244731147603467
v 0.07347600824508294 -0.49361624227023476 -0.28928571428571426
v 0.18519085565214563 -0.45138357282611347 -0.29959922552796997
v 0.19999999999999996 -0.46586266301769014 -0.28928571428571426
v 0.19999999999999996 -0.4502414333736627 -0.29875077907757797
v 0.19999999999999996 -0.4375 -0.30433355221000596
v 0.1705255908430831 -0.4375 -0.30981253494856714
v 0.1580960417402577 -0.4767849608685084 -0.28928571428571426
v 0.26658369764742834 -0.4375777834555359 -0.2893434962812552
v 0.2666666666666666 -0.4376529949879095 -0.28928571428571426
v 0.2666666666666666 -0.4375706919998095 -0.2893382283427156
v 0.2666666666666666 -0.4375 -0.2893602789601887
v 0.2665114618739136 -0.4375 -0.2893938033378101
v 0.26639821174562384 -0.4377516764884776 -0.28928571428571426
v 0.2669499313680796 -0.4375 -0.28928571428571426
v -0.3434942549181651 -0.3845258639857798 -0.2963620703894364
v -0.3333333333333333 -0.4007878398414374 -0.28928571428571426
v -0.3333333333333333 -0.3857230243515895 -0.29725138951832364
v -0.3333333333333333 -0.375 -0.30133119562650135
v -0.34553444600104416 -0.375 -0.2977829177507272
v -0.3690524704694128 -0.375 -0.28928571428571426
v -0.35036123763108656 -0.3909636602791437 -0.28928571428571426
v -0.2666666666666667 -0.40125984476576876 -0.30879302754028537
v -0.29078145790343674 -0.39760761678447193 -0.3060799438970363
v -0.2666666666666667 -0.375 -0.3235887995478591
v -0.29929641308582855 -0.375 -0.3120100019704877
v -0.3105191481891618 -0.4161117014273392 -0.28928571428571426
v -0.20000000000000007 -0.4136448895528347 -0.3179933465249629
v -0.23517153331618063 -0.40797331248391927 -0.31378017498805433
v -0.2542286991333115 -0.375 -0.3270521297535562
v -0.13333333333333341 -0.4232730224215908 -0.3251456737988961
v -0.178164276536012 -0.4170290092525112 -0.32050726401615115
v -0.06666666666666665 -0.4295442063268142 -0.329804267557062
v -0.1195599665866791 -0.4245874686750116 -0.3261221195871515
v 1.1102230246251565e-16 -0.4317374953028531 -0.3314335679392623
v -0.05846386645809411 -0.42980987480446325 -0.33000162128331556
v 0.006366754406080647 -0.4315311677442995 -0.3312802960386225
v 0.06666666666666665 -0.4295442063268142 -0.329804267557062
v 0.0761128265402096 -0.4286442251185535 -0.32913571008806836
v 0.13333333333333341 -0.4232730224215908 -0.3251456737988961
v 0.19999999999999996 -0.4136448895528347 -0.3179933465249629
v 0.15146272397681093 -0.4205036962717398 -0.32308846008757813
v 0.2666666666666666 -0.4012598447657688 -0.30879302754028537
v 0.23250208469752254 -0.4070292955960726 -0.31307890529993965
v 0.2666666666666666 -0.375 -0.32358879954785913
v 0.319375924018327 -0.38808507123281855 -0.29900605291580806
v 0.3333333333333335 -0.40078783984143723 -0.28928571428571426
v 0.3333333333333335 -0.38572302435158945 -0.2972513895183236
v 0.3333333333333335 -0.375 -0.30133119562650124
v 0.29944551825107224 -0.375 -0.312886156932289
v 0.3690524704694127 -0.375 -0.28928571428571426
v -0.41300682977484293 -0.32469390291391526 -0.29834404216462274
v -0.39999999999999997 -0.3503025225603508 -0.28928571428571426
v -0.39999999999999997 -0.32681477723420294 -0.29991954880255073
v -0.39999999999999997 -0.3125 -0.3052604423566053
v -0.4151983788358338 -0.3125 -0.2998702995463843
v -0.4396640737674309 -0.3125 -0.28928571428571426
v -0.4219084813503234 -0.3330392012659282 -0.28928571428571426
v -0.3333333333333333 -0.34700964441524135 -0.31492145013703643
v -0.36272211532032433 -0.3400519831128041 -0.30975290174094017
v -0.3333333333333333 -0.3125 -0.33530961453224006
v -0.3721297581380588 -0.3125 -0.3163046529890053
v -0.3868296797659485 -0.36265282478057675 -0.28928571428571426
v -0.2666666666666667 -0.36568534844806644 -0.3287948302757065
v -0.310618064641951 -0.35370443560182907 -0.31989472358993015
v -0.3329619020925768 -0.3125 -0.33545561038590177
v -0.258782460005704 -0.36760855625534744 -0.3302234989325438
v 0.2666666666666666 -0.3656853484480665 -0.32879483027570655
v 0.3333333333333335 -0.3470096444152413 -0.3149214501370364
v 0.28103964120903463 -0.36152533636653 -0.3257045355865652
v 0.3333333333333335 -0.3125 -0.33530961453224
v 0.3788522428664727 -0.3323260223126818 -0.30401361657513504
v 0.3999999999999999 -0.3503025225603509 -0.28928571428571426
v 0.3999999999999999 -0.32681477723420294 -0.29991954880255073
v 0.3999999999999999 -0.3125 -0.3052604423566054
v 0.33485342593071793 -0.3125 -0.33465564979825013
v 0.43966407376743083 -0.3125 -0.28928571428571426
v -0.4762320223738392 -0.2589675209754742 -0.29594730129606656
v -0.46666666666666673 -0.2818243976199579 -0.28928571428571426
v -0.46666666666666673 -0.260785599362556 -0.2972978738121844
v -0.46666666666666673 -0.25 -0.300542662470229
v -0.4773837805430176 -0.25 -0.2967494185924586
v -0.4920168908964692 -0.25 -0.28928571428571426
v -0.48258428420805694 -0.2649227664450533 -0.28928571428571426
v -0.39999999999999997 -0.2862653253378979 -0.3162256702510099
v -0.4291752250658164 -0.27735177349920287 -0.30960417459940787
v -0.39999999999999997 -0.25 -0.3347808152713065
v -0.43628355344160036 -0.25 -0.31455461757540026
v -0.4529800529711286 -0.299668799660433 -0.28928571428571426
v -0.3333333333333333 -0.31217752762787637 -0.3354747348092796
v -0.38015869038581956 -0.29389877223670585 -0.3218962308044101
v -0.399208298499775 -0.25 -0.33516292216948623
v -0.3330826442831528 -0.31226497901545575 -0.33553969869719574
v 0.3333333333333335 -0.31217752762787626 -0.33547473480927953
v 0.3339184388943791 -0.3119514635365197 -0.3353068014842718
v 0.3999999999999999 -0.28626532533789795 -0.3162256702510099
v 0.3999999999999999 -0.25 -0.33478081527130654
v 0.44864470133792383 -0.26689559249569644 -0.30183672585394594
v 0.4666666666666668 -0.28182439761995787 -0.28928571428571426
v 0.4666666666666668 -0.260785599362556 -0.2972978738121844
v 0.4666666666666668 -0.25 -0.3005426624702289
v 0.404740857630387 -0.25 -0.33241261700740904
v 0.49201689089646927 -0.25 -0.28928571428571426
v -0.46666666666666673 -0.21729487214354182 -0.31141904787805963
v -0.4901897714498561 -0.20955291073423998 -0.3056678765454354
v -0.46666666666666673 -0.1875 -0.3223568757975869
v -0.49378498423433953 -0.1875 -0.308171685448915
v -0.5306632902884509 -0.1875 -0.28928571428571426
v -0.509059579182796 -0.22724335548387112 -0.28928571428571426
v -0.39999999999999997 -0.24919512613035583 -0.3351163794111215
v -0.44350385641044143 -0.22828486538478882 -0.3195830428572717
v -0.4557454421008208 -0.1875 -0.32810843289164304
v -0.3994219654063725 -0.2494580925684742 -0.33531172590800945
v 0.3999999999999999 -0.24919512613035585 -0.3351163794111215
v 0.40174610389091275 -0.24836302760226922 -0.3344982490759714
v 0.4666666666666668 -0.2172948721435418 -0.31141904787805963
v 0.4666666666666668 -0.1875 -0.3223568757975868
v 0.530663290288451 -0.1875 -0.28928571428571426
v 0.5262566190796518 -0.19413441961282635 -0.28928571428571426
v -0.5449067555369016 -0.13585008331584514 -0.2973457761774849
v -0.5333333333333334 -0.18195034201104235 -0.28928571428571426
v -0.5333333333333334 -0.13918445323681872 -0.2998227366902082
v -0.5333333333333334 -0.125 -0.30292769250890084
v -0.5458022164318274 -0.125 -0.2979694007293082
v -0.5605464608271544 -0.125 -0.28928571428571426
v -0.5535314956051042 -0.1439357771297851 -0.28928571428571426
v -0.46666666666666673 -0.17466595203973662 -0.3261804215152329
v -0.5011547560096365 -0.1573325837590342 -0.31330420507813966
v -0.5068678002836229 -0.125 -0.31728293234038013
v -0.531600082031828 -0.1858750769048386 -0.28928571428571426
v -0.45800665946778707 -0.17938124325105034 -0.32968320927220884
v 0.4666666666666668 -0.17466595203973656 -0.3261804215152329
v 0.4990286412710817 -0.1571606488083609 -0.31317648197192527
v 0.5333333333333332 -0.18195034201104293 -0.28928571428571426
v 0.5333333333333332 -0.13918445323681888 -0.2998227366902083
v 0.5333333333333332 -0.125 -0.30292769250890095
v 0.5605464608271545 -0.125 -0.28928571428571426
v -0.5333333333333334 -0.08987445738134311 -0.30962102548328346
v -0.5534096299829943 -0.08132152810905705 -0.30326742088101377
v -0.5333333333333334 -0.0625 -0.31508300238652737
v -0.5548763911243727 -0.0625 -0.3042889152473309
v -0.5807904207392377 -0.0625 -0.28928571428571426
v -0.5709122416710442 -0.09773022656660388 -0.28928571428571426
v -0.5107255388146562 -0.10380519263874007 -0.31996957167449264
v -0.5171787779437955 -0.0625 -0.32446379178228607
v 0.5333333333333332 -0.08987445738134327 -0.3096210254832836
v 0.5333333333333332 -0.0625 -0.31508300238652753
v 0.5807904207392377 -0.0625 -0.28928571428571426
v 0.5712518640249038 -0.08945137747665267 -0.28928571428571426
v -0.5333333333333334 -0.038853920086385024 -0.31814862634988605
v -0.5590343844095862 -0.024094735383987 -0.3071846605709618
v -0.5333333333333334 0 -0.3237740959698335
v -0.5604971995190736 0 -0.3082034068079262
v -0.5930604634575501 0 -0.28928571428571426
v -0.5843006778891521 -0.04778188552108008 -0.28928571428571426
v -0.5188025370481322 -0.048877378482623836 -0.3255946240156634
v -0.524209848397529 0 -0.3293604301339934
v 0.5333333333333332 -0.03885392008638523 -0.31814862634988617
v 0.5333333333333332 0 -0.32377409596983364
v 0.5930604634575501 0 -0.28928571428571426
v 0.5911694840494724 -0.008278608703619593 -0.28928571428571426
v -0.5333333333333334 0.0148829736314913 -0.32465836244517793
v -0.562157414364038 0.035477424033714414 -0.3093596278606693
v -0.5333333333333334 0.0625 -0.3277144926092116
v -0.5629201884887813 0.0625 -0.30989084555468693
v -0.5982881995376736 0.0625 -0.28928571428571426
v -0.5936709833175555 0.005933453139791681 -0.28928571428571426
v -0.5246424167235622 0.00814773432166059 -0.3296616830753379
v -0.5272814252662069 0.0625 -0.3314995640246797
v 0.5333333333333332 0.014882973631491058 -0.3246583624451781
v 0.5333333333333332 0.0625 -0.32771449260921176
v 0.5982881995376736 0.0625 -0.28928571428571426
v 0.5981091151563663 0.060727295459093396 -0.28928571428571426
v -0.5333333333333334 0.07352052891429674 -0.3275276070922367
v -0.5624607018787917 0.09769309198863285 -0.3095708459513013
v -0.5333333333333334 0.125 -0.32617900820841117
v -0.5621768892790756 0.125 -0.3093731907479276
v -0.5968224002421768 0.125 -0.28928571428571426
v -0.5982409298472113 0.06414912826823939 -0.28928571428571426
v -0.5271951673696221 0.06825453059097934 -0.3314394915609868
v -0.526061485014435 0.125 -0.33064996277791
v 0.5333333333333332 0.07352052891429647 -0.32752760709223694
v 0.5333333333333332 0.125 -0.3261790082084114
v 0.5968224002421768 0.125 -0.28928571428571426
v 0.5969059715762004 0.12209934835268776 -0.28928571428571426
v -0.5333333333333334 0.13963750080517603 -0.32484071368758355
v -0.5594602063944101 0.1630060565052406 -0.3074812151675355
v -0.5333333333333334 0.1875 -0.319648198472904
v -0.5583135282644697 0.1875 -0.3066826357556127
v -0.5885679812620717 0.1875 -0.28928571428571426
v -0.5962725871828753 0.12849444951605432 -0.28928571428571426
v -0.5254586934734107 0.13238247486867755 -0.3302301615261253
v -0.5207903493666622 0.1875 -0.32697899330892544
v 0.5333333333333332 0.13963750080517573 -0.32484071368758377
v 0.5333333333333332 0.1875 -0.31964819847290415
v 0.5885679812620717 0.1875 -0.28928571428571426
v 0.5900750533861324 0.17819536254949905 -0.28928571428571426
v -0.5333333333333334 0.21487793172059938 -0.31537639357898334
v -0.5526102436269967 0.2319278965996906 -0.302710705383087
v -0.5333333333333334 0.25 -0.30940702748693244
v -0.5512953766929111 0.25 -0.30179499448256303
v -0.5729493188572308 0.25 -0.28928571428571426
v -0.584422771290902 0.20210365191477936 -0.28928571428571426
v -0.5188414358874143 0.2010861538555492 -0.3256217142787349
v -0.5121459594210891 0.25 -0.32095879316825837
v 0.5333333333333332 0.2148779317205991 -0.31537639357898356
v 0.5333333333333332 0.25 -0.30940702748693255
v 0.5729493188572308 0.25 -0.28928571428571426
v 0.5788858905229073 0.2302055223652255 -0.28928571428571426
v -0.5410574783522176 0.30525861404479604 -0.2946650295667229
v -0.5333333333333334 0.2991437344622848 -0.2992075115423027
v -0.5333333333333334 0.3125 -0.296467575310853
v -0.5404418470152508 0.3125 -0.2942362863141924
v -0.5486689923419888 0.3125 -0.28928571428571426
v -0.5561515832170392 0.2911078907340258 -0.28928571428571426
v -0.5072940110912058 0.2744118646019947 -0.3175797577242325
v -0.46666666666666673 0.3125 -0.33206983295448883
v -0.5008213042630917 0.3125 -0.31307197975465306
v -0.4637096180282074 0.3125 -0.33365491255535873
v 0.4666666666666668 0.3125 -0.3320698329544888
v 0.5333333333333332 0.29914373446228454 -0.2992075115423029
v 0.5333333333333332 0.3125 -0.2964675753108531
v 0.48856098674361254 0.3125 -0.3204664556606985
v 0.5486689923419888 0.3125 -0.28928571428571426
v 0.5637836257410579 0.27854714913224177 -0.28928571428571426
v -0.5333333333333334 0.34133158364607213 -0.28928571428571426
v -0.46666666666666673 0.3209603881455712 -0.32942942594900426
v -0.49091318757890695 0.3522688866447748 -0.3061716842067387
v -0.46666666666666673 0.375 -0.31127570043102004
v -0.4868824771004375 0.375 -0.3033645822663761
v -0.5151916966536009 0.375 -0.28928571428571426
v -0.46260068038090374 0.3163118621429028 -0.33288261669384367
v -0.44562889137955247 0.375 -0.32106297792504546
v 0.4666666666666668 0.32096038814557126 -0.3294294259490042
v 0.4666666666666668 0.375 -0.31127570043102004
v 0.5333333333333332 0.3413315836460727 -0.28928571428571426
v 0.515191696653601 0.375 -0.28928571428571426
v 0.5220645831344244 0.3644355466885229 -0.28928571428571426
v 0.5444343125720039 0.32290716803625374 -0.28928571428571426
v -0.4686101537771611 0.43567798083391157 -0.2906392142376657
v -0.46666666666666673 0.43384662033063603 -0.29199965346867035
v -0.46666666666666673 0.4375 -0.2908477673959645
v -0.4683222443906581 0.4375 -0.29043870591492255
v -0.4705131004635362 0.4375 -0.28928571428571426
v -0.47705316433792694 0.42776265843319355 -0.28928571428571426
v -0.43625799398115245 0.4035081306426696 -0.314536817236874
v -0.39999999999999997 0.4375 -0.31838779508826864
v -0.4267144904089522 0.4375 -0.30789044867766313
v -0.38423528898745757 0.4375 -0.3247352905448366
v 0.3999999999999999 0.4375 -0.3183877950882687
v 0.4666666666666668 0.43384662033063615 -0.2919996534686703
v 0.4666666666666668 0.4375 -0.29084776739596446
v 0.4613052668526882 0.4375 -0.29301954629902077
v 0.4705131004635362 0.4375 -0.28928571428571426
v 0.4980119437390989 0.4043861972554052 -0.28928571428571426
v -0.46666666666666673 0.4420058466638606 -0.28928571428571426
v -0.40567108144521896 0.4946833611451072 -0.2932352174350632
v -0.39999999999999997 0.48816689422310644 -0.29807602143426376
v -0.39999999999999997 0.5 -0.293391346321066
v -0.404427345669835 0.5 -0.2923690443057779
v -0.41145548090265444 0.5 -0.28928571428571426
v -0.37421620804539313 0.46167230495744394 -0.31775771631732735
v -0.3333333333333333 0.5 -0.31638676796237997
v -0.3598055557806413 0.5 -0.3077217263472323
v -0.3142980613653604 0.5 -0.322457578450876
v 0.3333333333333335 0.5 -0.31638676796237986
v 0.3999999999999999 0.4881668942231064 -0.2980760214342638
v 0.3999999999999999 0.5 -0.293391346321066
v 0.3885880626987267 0.5 -0.29723331347767246
v 0.4666666666666668 0.4420058466638605 -0.28928571428571426
v 0.4114554809026544 0.5 -0.28928571428571426
v 0.4399164727316768 0.47492169318594696 -0.28928571428571426
v 0.46903673605355 0.43972194005020304 -0.28928571428571426
v -0.39999999999999997 0.5103136505110343 -0.28928571428571426
v -0.3333333333333333 0.5602745674011691 -0.28928571428571426
v -0.3466951926823945 0.5499732568602551 -0.28928571428571426
v -0.29792324104235085 0.533196961522796 -0.3110536857259229
v -0.2666666666666667 0.5625 -0.3061528920440424
v -0.2849307563840146 0.5625 -0.30200534819601016
v -0.32963988516419945 0.5625 -0.28928571428571426
v -0.20000000000000007 0.5625 -0.3217571293908532
v -0.23475931406787795 0.5625 -0.31349309372584355
v -0.13333333333333341 0.5625 -0.33519091405920726
v -0.18402793282964938 0.5625 -0.32459088179207723
v -0.1326884712860896 0.5625 -0.33526518535995525
v 0.13333333333333341 0.5625 -0.33519091405920726
v 0.19999999999999996 0.5625 -0.32175712939085327
v 0.1343543910535903 0.5625 -0.33500319194482114
v 0.2666666666666666 0.5625 -0.30615289204404245
v 0.2300497326959255 0.5625 -0.31478679330105186
v 0.3221014344463159 0.5519700947934211 -0.29710792958203003
v 0.3333333333333335 0.560274567401169 -0.28928571428571426
v 0.3296398851641995 0.5625 -0.28928571428571426
v 0.33198197291462195 0.5612330996074579 -0.28928571428571426
v 0.3999999999999999 0.5103136505110343 -0.28928571428571426
v 0.3715314148415019 0.535810701413908 -0.28928571428571426
v 0.4062180807499977 0.5058294507031229 -0.28928571428571426
v -0.2666666666666667 0.598339079325309 -0.28928571428571426
v -0.20000000000000007 0.6249745656094144 -0.28928571428571426
v -0.20005177883815006 0.6249514573392344 -0.28928571428571426
v -0.13333333333333341 0.5655641908899195 -0.33343802962463126
v -0.16082831746023848 0.5992234523810265 -0.308434006802666
v -0.13333333333333341 0.625 -0.2990662300301089
v -0.14535641013225198 0.625 -0.2976589284849611
v -0.19991016114351093 0.625 -0.28928571428571426
v -0.13129274163655724 0.5644130547157277 -0.3342931593540309
v -0.06666666666666665 0.625 -0.30503243299310967
v -0.0868997581239049 0.625 -0.3033766172648623
v 1.1102230246251565e-16 0.625 -0.30706924908137634
v -0.02450451146785753 0.625 -0.3063513562008294
v 0.06666666666666665 0.625 -0.30503243299310967
v 0.04306023497147753 0.625 -0.305725907787721
v 0.13333333333333341 0.5655641908899195 -0.33343802962463126
v 0.13333333333333341 0.625 -0.2990662300301089
v 0.11738950154103098 0.625 -0.3003894542839249
v 0.19999999999999996 0.6249745656094144 -0.28928571428571426
v 0.19991016114351082 0.625 -0.28928571428571426
v 0.19998011154918688 0.6249813545773627 -0.28928571428571426
v 0.2666666666666666 0.5983390793253092 -0.28928571428571426
v 0.24797430792204744 0.6074759136769196 -0.28928571428571426
v 0.2924169041245334 0.5866408476167501 -0.28928571428571426
v -0.13333333333333341 0.6445831864483853 -0.28928571428571426
v -0.06666666666666665 0.6556433296099093 -0.28928571428571426
v -0.10861815885121923 0.648170476076982 -0.28928571428571426
v 1.1102230246251565e-16 0.659226745627645 -0.28928571428571426
v -0.03222178700952959 0.657292074678566 -0.28928571428571426
v 0.06666666666666665 0.6556433296099093 -0.28928571428571426
v 0.034758161130291204 0.657585776059648 -0.28928571428571426
v 0.13333333333333341 0.6445831864483853 -0.28928571428571426
v 0.0951296503845431 0.6516840472355091 -0.28928571428571426
v 0.15016067159584165 0.6407756296211015 -0.28928571428571426
v -0.2666666666666667 -0.4375 -0.2890335400058065
v -0.20377754219088048 -0.4410414458039504 -0.2454879311686489
v -0.20000000000000007 -0.44100954183745095 -0.24285714285714288
v -0.20000000000000007 -0.44312837223988477 -0.24703821937820014
v -0.20786090888935974 -0.4375 -0.24285714285714288
v -0.20282896718903592 -0.4401521567397211 -0.24285714285714288
v -0.16265563114662432 -0.46498965419996025 -0.26327802883425616
v -0.13333333333333341 -0.46211839241301755 -0.24285714285714288
v -0.13333333333333341 -0.47595446793581453 -0.2714233190380337
v -0.15471055886488227 -0.45754114893582704 -0.24285714285714288
v -0.11433174833136715 -0.48218601406065664 -0.27605246758791635
v -0.06666666666666665 -0.4735295737588233 -0.24285714285714288
v -0.06666666666666665 -0.4925378785253188 -0.28374242404737965
v -0.10031964221267355 -0.4690496645743814 -0.24285714285714288
v -0.05949928495333924 -0.49328057964375555 -0.2842941448782184
v 1.1102230246251565e-16 -0.4771665505629256 -0.24285714285714288
v 1.1102230246251565e-16 -0.4975777850727798 -0.2874863546254935
v -0.04033669909480839 -0.47531565540138293 -0.24285714285714288
v 0.0028939149375536394 -0.49728695474604356 -0.28727030923991803
v 0.06666666666666665 -0.4735295737588233 -0.24285714285714288
v 0.06666666666666665 -0.4925378785253188 -0.28374242404737965
v 0.026210805996128045 -0.47542736937863 -0.24285714285714288
v 0.07835805671516435 -0.4890393218295334 -0.2811434962162248
v 0.13333333333333341 -0.46211839241301755 -0.24285714285714288
v 0.13333333333333341 -0.47595446793581453 -0.2714233190380337
v 0.10236002848973547 -0.46653747329087303 -0.24285714285714288
v 0.1888162815970108 -0.44798473600280236 -0.25064580388779606
v 0.19999999999999996 -0.44100954183745095 -0.24285714285714288
v 0.19999999999999996 -0.44312837223988477 -0.24703821937820014
v 0.1949526604950919 -0.4422318807858513 -0.24285714285714288
v 0.2666666666666666 -0.4375 -0.2890335400058064
v 0.23525321703263327 -0.4375 -0.2647343667094161
v 0.20786090888935965 -0.4375 -0.24285714285714288
v 0.26683295016781283 -0.4375 -0.28916990970455886
v -0.3333333333333333 -0.375 -0.24755577231199732
v -0.2666666666666667 -0.4133585655308738 -0.24285714285714288
v -0.30359152605342177 -0.4096170556750829 -0.26857266993006157
v -0.32934065538517754 -0.375 -0.24285714285714288
v -0.2947423149399412 -0.4013209202561948 -0.24285714285714288
v -0.2504936361336841 -0.4223377838753288 -0.24285714285714288
v 0.2666666666666666 -0.41335856553087386 -0.24285714285714288
v 0.2700793231685446 -0.4343006345294894 -0.28690904279333496
v 0.3333333333333335 -0.375 -0.24755577231199766
v 0.3306986047937952 -0.375 -0.24469204309003562
v 0.3293406553851774 -0.375 -0.24285714285714288
v 0.35606538400356863 -0.375 -0.27345446471180046
v -0.4051586733281916 -0.3173362562451797 -0.24644979035356207
v -0.39999999999999997 -0.3190750256208128 -0.24285714285714288
v -0.39999999999999997 -0.3254857029954866 -0.2525036650823615
v -0.41340515897121755 -0.3125 -0.2521928785692408
v -0.40690829612560836 -0.3125 -0.24285714285714288
v -0.4040010861868443 -0.31625101830016655 -0.24285714285714288
v -0.3333333333333333 -0.37245811176854937 -0.24285714285714288
v -0.3836015274449255 -0.35962643197961763 -0.2778653494705731
v -0.3719202445092459 -0.34867522922741806 -0.24285714285714288
v -0.33187478192814507 -0.37363260805763604 -0.24285714285714288
v 0.3333333333333335 -0.37245811176854915 -0.24285714285714288
v 0.3999999999999999 -0.32548570299548674 -0.25250366508236155
v 0.3999999999999999 -0.31907502562081286 -0.24285714285714288
v 0.35542249719701585 -0.3542914088777977 -0.24285714285714288
v 0.42685835068846556 -0.3125 -0.2705807914848186
v 0.40690829612560836 -0.3125 -0.24285714285714288
v -0.46666666666666673 -0.25 -0.25036922773347364
v -0.4496063573840628 -0.29650596004755886 -0.2774044274639008
v -0.4623710402570087 -0.25 -0.24285714285714288
v -0.4381225044732469 -0.28573984794366897 -0.24285714285714288
v 0.458668230303715 -0.25749853409026724 -0.2484274824670557
v 0.4666666666666668 -0.25 -0.25036922773347375
v 0.4633873728681539 -0.25 -0.2451409367525358
v 0.4623710402570087 -0.25 -0.24285714285714288
v 0.43712625343285466 -0.2776941374066988 -0.24285714285714288
v 0.48472748436883084 -0.25 -0.2767076448145642
v -0.46666666666666673 -0.2439343917129974 -0.24285714285714288
v -0.501616497944422 -0.22026546682289555 -0.26719720392557955
v -0.529198451556183 -0.1875 -0.28640606447662736
v -0.505194688111708 -0.1875 -0.24285714285714288
v -0.4933494156373278 -0.21251507715999474 -0.24285714285714288
v -0.46433796219892554 -0.24781683956149264 -0.24285714285714288
v 0.4666666666666668 -0.2439343917129973 -0.24285714285714288
v 0.495505912707818 -0.22296320683642062 -0.26920123936419815
v 0.5123033316981381 -0.1875 -0.25750303685308235
v 0.505194688111708 -0.1875 -0.24285714285714288
v -0.534087502454889 -0.12570703355145835 -0.24338236778108335
v -0.5333333333333334 -0.12649210628477023 -0.24285714285714288
v -0.5333333333333334 -0.13829256182628358 -0.2527316173566678
v -0.5345222033170581 -0.125 -0.24368510588152256
v -0.5340851670919746 -0.125 -0.24285714285714288
v -0.5339029602389831 -0.1255340252240466 -0.24285714285714288
v -0.5312234703632237 -0.1855220034655221 -0.2878163454315307
v -0.5156511775822281 -0.17092297898333877 -0.24285714285714288
v 0.5333333333333332 -0.13829256182628955 -0.25273161735667227
v 0.5333333333333332 -0.12649210628477092 -0.24285714285714288
v 0.5534873603825736 -0.125 -0.2752498740192791
v 0.5340851670919747 -0.125 -0.24285714285714288
v -0.5598871001024484 -0.08739415634604526 -0.26134994471420503
v -0.5705779809779684 -0.0625 -0.26879537960965655
v -0.5574559886399252 -0.0625 -0.24285714285714288
v -0.5529141516539623 -0.08085701717558962 -0.24285714285714288
v 0.5580922426063902 -0.10178852255650911 -0.27204290247054963
v 0.5683529634107949 -0.0625 -0.26489704333891073
v 0.5574559886399253 -0.0625 -0.24285714285714288
v 0.5343542528342514 -0.12404288796788918 -0.24285714285714288
v -0.5786739965706665 -0.042506871784999886 -0.27443367618314274
v -0.5899545238073354 0 -0.28228975765153713
v -0.5707928511852447 0 -0.24285714285714288
v -0.5658522383115209 -0.030486473417050734 -0.24285714285714288
v 0.5732296168218528 -0.02509723422951298 -0.26150080257049535
v 0.5774654453622656 0 -0.25855085055127935
v 0.5707928511852447 0 -0.24285714285714288
v 0.562199290966548 -0.03543816471886129 -0.24285714285714288
v -0.5913224924510696 0.008135163327122207 -0.28324245009985205
v -0.5975844155040289 0.0625 -0.28760343222602014
v -0.5763252398080125 0.0625 -0.24285714285714288
v -0.5735513214558767 0.024795636135115547 -0.24285714285714288
v 0.5800326625581592 0.04378062114827428 -0.25676296714699626
v 0.5814330347412514 0.0625 -0.2557877079480571
v 0.5763252398080126 0.0625 -0.24285714285714288
v 0.5736666480730936 0.037812482568525256 -0.24285714285714288
v -0.597475947062233 0.06486629962915663 -0.287527891704055
v -0.5954834543665873 0.125 -0.28614026286244476
v -0.5747822003287267 0.125 -0.24285714285714288
v -0.5756243206544606 0.08535219938644326 -0.24285714285714288
v 0.580700010059349 0.1069062594306397 -0.2562982072800962
v 0.5803142540523385 0.125 -0.2565668587849786
v 0.5747822003287268 0.125 -0.24285714285714288
v 0.575493302442586 0.10202497103992439 -0.24285714285714288
v -0.5940940778443273 0.13053680202094306 -0.2851726613558708
v -0.5830958772185864 0.1875 -0.27751320020580117
v -0.5659704138130117 0.1875 -0.24285714285714288
v -0.5700894516329683 0.15304113909409223 -0.24285714285714288
v 0.5767111280706558 0.16566668256623987 -0.2590761786650789
v 0.5741010183118163 0.1875 -0.2608939336756994
v 0.5659704138130117 0.1875 -0.24285714285714288
v 0.5707959430923519 0.16012119664907998 -0.24285714285714288
v -0.5703228850052567 0.2153222953075718 -0.2686177234858038
v -0.5571703973829321 0.25 -0.25945795532025623
v -0.5486187451225113 0.25 -0.24285714285714288
v -0.5525865609316057 0.23195009912661974 -0.24285714285714288
v 0.5690382953094519 0.22097340185261125 -0.26441975862377454
v 0.5626058341512312 0.25 -0.2688995083589639
v 0.5486187451225114 0.25 -0.24285714285714288
v 0.5608448255358207 0.21329202393983193 -0.24285714285714288
v -0.5333333333333334 0.298326424482355 -0.2533860846702506
v -0.5333333333333334 0.2852757984649882 -0.24285714285714288
v -0.5333333333333334 0.3125 -0.2638508206629635
v -0.5226754866645826 0.3125 -0.24285714285714288
v 0.5270255059601031 0.30658641183759683 -0.24725009406349954
v 0.5333333333333332 0.2852757984649889 -0.24285714285714288
v 0.5333333333333332 0.29832642448235536 -0.2533860846702503
v 0.5333333333333332 0.3125 -0.263850820662963
v 0.5249531320353993 0.3125 -0.24869335447534685
v 0.5226754866645827 0.3125 -0.24285714285714288
v 0.5261840932415509 0.3057975874139541 -0.24285714285714288
v 0.557792524495572 0.2729304917145989 -0.272251634726298
v 0.5447169630921536 0.3125 -0.2813578292751073
v 0.5453653253436502 0.2612799925096721 -0.24285714285714288
v -0.5333333333333334 0.32844971410683826 -0.27743735523492014
v -0.5030978001208765 0.375 -0.2682288250841817
v -0.4883522026644648 0.375 -0.24285714285714288
v -0.5086849777234275 0.33560783338428685 -0.24285714285714288
v 0.5333333333333332 0.32844971410683854 -0.2774373552349199
v 0.5108638813683677 0.35393488878284474 -0.2585055111898868
v 0.5011306760205312 0.375 -0.2652839934857015
v 0.4883522026644648 0.375 -0.24285714285714288
v 0.506518607187095 0.3498611942379015 -0.24285714285714288
v 0.5424664715701746 0.3210623170970388 -0.28292513587077117
v -0.46666666666666673 0.41628119990467455 -0.2586196800708132
v -0.46666666666666673 0.4041913516510109 -0.24285714285714288
v -0.46666666666666673 0.4375 -0.2837910732460604
v -0.44076621916605774 0.4375 -0.24285714285714288
v 0.45494909002581513 0.4265147718992016 -0.25101759801773593
v 0.4666666666666668 0.4041913516510108 -0.24285714285714288
v 0.4666666666666668 0.4162811999046745 -0.25861968007081326
v 0.4666666666666668 0.4375 -0.2837910732460605
v 0.4480344688212692 0.4375 -0.25583313778518757
v 0.4407662191660577 0.4375 -0.24285714285714288
v 0.4533585062031312 0.4250235995654354 -0.24285714285714288
v 0.49227531978556865 0.3990081122989706 -0.27145111657790755
v 0.4694172411278053 0.4375 -0.2873701356431356
v 0.48128929642925283 0.38870871540242447 -0.24285714285714288
v -0.46666666666666673 0.44044960466190175 -0.28709457939401584
v -0.45684953750240365 0.44670355859149663 -0.28244878504631676
v -0.39999999999999997 0.4793378821358814 -0.24285714285714288
v -0.39999999999999997 0.4855209478508914 -0.25361301016790927
v -0.39999999999999997 0.5 -0.274632288380958
v -0.3763703412950964 0.5 -0.24285714285714288
v 0.3909612692643786 0.49152618993535496 -0.24915197319087917
v 0.3999999999999999 0.4793378821358814 -0.24285714285714288
v 0.3999999999999999 0.4855209478508914 -0.25361301016790927
v 0.3999999999999999 0.5 -0.274632288380958
v 0.3838615401312592 0.5 -0.2540964274085873
v 0.3763703412950964 0.5 -0.24285714285714288
v 0.3898550126331474 0.49048907434357575 -0.24285714285714288
v 0.4666666666666668 0.4404496046619017 -0.2870945793940159
v 0.4325012057336309 0.4679698803752789 -0.2666509460069356
v 0.4077880830063786 0.5 -0.28386187076341485
v 0.42449356473536953 0.460462716939409 -0.24285714285714288
v 0.46865305598712376 0.43936223998792845 -0.2879023360089674
v -0.39999999999999997 0.5071246735524252 -0.28399309964676983
v -0.3848292421469507 0.5142225854872337 -0.2787203650666264
v -0.3333333333333333 0.5336116661368238 -0.24285714285714288
v -0.3333333333333333 0.5416674574824593 -0.25833274587017313
v -0.3219587226334094 0.5625 -0.2813641104054101
v -0.2842766649921664 0.5625 -0.24285714285714288
v 0.3187430959548223 0.5488216524576458 -0.25301820103146316
v 0.3333333333333335 0.5336116661368236 -0.24285714285714288
v 0.3333333333333335 0.5416674574824591 -0.2583327458701732
v 0.30382300808838797 0.5625 -0.2634089765098727
v 0.2842766649921664 0.5625 -0.24285714285714288
v 0.31650881345712484 0.5467270126160545 -0.24285714285714288
v 0.3999999999999999 0.5071246735524252 -0.28399309964676983
v 0.36441620398975805 0.5291401912403981 -0.2676387150785614
v 0.3557953801393211 0.5210581688806135 -0.24285714285714288
v 0.40519939765767926 0.5048744353040744 -0.2856647052026876
v -0.2666666666666667 0.5728995531018425 -0.24285714285714288
v -0.2666666666666667 0.5882378343034133 -0.27016618023175015
v -0.22829716731531002 0.5984714056418969 -0.26256409866601943
v -0.20000000000000007 0.6022080842679246 -0.24285714285714288
v -0.20000000000000007 0.6075849272134197 -0.2557940540700311
v -0.24807973966937674 0.5799252440599594 -0.24285714285714288
v -0.13844494608594368 0.6202078630444279 -0.24641701602413932
v -0.13333333333333341 0.6205829266100744 -0.24285714285714288
v -0.13333333333333341 0.6214139520653797 -0.24552106418000363
v -0.13333333333333341 0.625 -0.2528781049105336
v -0.14065614640462198 0.618134862745667 -0.24285714285714288
v -0.10564291057679184 0.625 -0.24285714285714288
v 0.13002917098978745 0.6219023478029256 -0.2451582559178267
v 0.13333333333333341 0.6205829266100744 -0.24285714285714288
v 0.13333333333333341 0.6214139520653797 -0.24552106418000363
v 0.13333333333333341 0.625 -0.2528781049105336
v 0.12371611641295496 0.625 -0.2495548474981207
v 0.10564291057679184 0.625 -0.24285714285714288
v 0.12950052165884138 0.6214067390551637 -0.24285714285714288
v 0.18528930749220096 0.6112087257739384 -0.25310208942507434
v 0.19999999999999996 0.6022080842679246 -0.24285714285714288
v 0.19999999999999996 0.6075849272134197 -0.2557940540700311
v 0.1625690559911166 0.625 -0.2689251217204724
v 0.1825795701940323 0.6086683470569053 -0.24285714285714288
v 0.2381363984353651 0.5982528735331548 -0.26272643680394214
v 0.2666666666666666 0.5728995531018426 -0.24285714285714288
v 0.2666666666666666 0.5882378343034134 -0.2701661802317501
v 0.23157065577917268 0.5920974897929744 -0.24285714285714288
v 0.28766872742862265 0.5821894319643337 -0.2746592791122092
v 0.27439494521563534 0.5697452611396582 -0.24285714285714288
v -0.13333333333333341 0.6396123892382278 -0.2784307965658879
v -0.11597415838501507 0.6412742265140484 -0.2771962888752783
v -0.06666666666666665 0.6325015996158029 -0.24285714285714288
v -0.06666666666666665 0.6478130447985524 -0.27233888100678966
v -0.04148313767902129 0.6486095584259175 -0.2717471851693184
v 1.1102230246251565e-16 0.6366818182630372 -0.24285714285714288
v 1.1102230246251565e-16 0.6504625128604313 -0.270370704732251
v -0.05827251008819795 0.6328695217923144 -0.24285714285714288
v 0.026285971073669877 0.6496430978815655 -0.27097941300226563
v 0.06666666666666665 0.6325015996158029 -0.24285714285714288
v 0.06666666666666665 0.6478130447985524 -0.27233888100678966
v 0.011916917652002174 0.636172110298752 -0.24285714285714288
v 0.13333333333333341 0.6396123892382278 -0.2784307965658879
v 0.08883595629171903 0.6457837090234866 -0.2738463875825528
v 0.07371469684263472 0.63160752828997 -0.24285714285714288
v 0.14679617639711356 0.6376214153722939 -0.27990980572343876
v -0.20332919855212783 -0.4406211236426198 -0.19874712042023182
v -0.20000000000000007 -0.4412740983944485 -0.1964285714285714
v -0.20000000000000007 -0.4416196796345149 -0.1994889048713539
v -0.20912374496502975 -0.4375 -0.20278260810064563
v -0.2084877634545796 -0.4375 -0.1964285714285714
v -0.20309054215413658 -0.44039738326950295 -0.1964285714285714
v -0.15609968840210578 -0.4588434578769741 -0.21228371156575218
v -0.13333333333333341 -0.46220578872484863 -0.1964285714285714
v -0.13333333333333341 -0.4635357502203031 -0.21576941444936798
v -0.1547191897341491 -0.4575492403757647 -0.1964285714285714
v -0.10178001185777746 -0.47041876111666636 -0.220882508258095
v -0.06666666666666665 -0.4736367900214689 -0.1964285714285714
v -0.06666666666666665 -0.47485841979012344 -0.22418054041552027
v -0.10031075351413185 -0.4690413314194986 -0.1964285714285714
v -0.04169619685957438 -0.476590184555851 -0.22546699424148933
v 1.1102230246251565e-16 -0.47729312030241317 -0.1964285714285714
v 1.1102230246251565e-16 -0.47840009937994504 -0.22681150239653058
v -0.040423771589947595 -0.47539728586557595 -0.1964285714285714
v 0.02482933799304391 -0.4767224956315214 -0.22556528246913018
v 0.06666666666666665 -0.4736367900214689 -0.1964285714285714
v 0.06666666666666665 -0.47485841979012344 -0.22418054041552027
v 0.026047069910372506 -0.4755808719590258 -0.1964285714285714
v 0.10079533011453792 -0.46800437801762074 -0.2190889665273754
v 0.13333333333333341 -0.46220578872484863 -0.1964285714285714
v 0.13333333333333341 -0.4635357502203031 -0.21576941444936798
v 0.10213743221595184 -0.4667461572975452 -0.1964285714285714
v 0.19409644159945588 -0.44303458600051004 -0.20053997817180746
v 0.19999999999999996 -0.44127409839444853 -0.1964285714285714
v 0.19999999999999996 -0.441619679634515 -0.19948890487135396
v 0.19455440391740347 -0.4426052463274342 -0.1964285714285714
v 0.20730178481312458 -0.4375 -0.23777197129085967
v 0.20848776345457964 -0.4375 -0.1964285714285714
v -0.2961169282236671 -0.4026096202096878 -0.21693857501291097
v -0.2666666666666667 -0.4133707675054865 -0.1964285714285714
v -0.2666666666666667 -0.41459167259511376 -0.22583952821351305
v -0.32964478527481883 -0.375 -0.240288332602106
v -0.3294989960287268 -0.375 -0.1964285714285714
v -0.2945295944219408 -0.40112149477056946 -0.1964285714285714
v -0.2514220679402115 -0.4232081886939482 -0.2322403687440758
v -0.25042117353936943 -0.4222698501931588 -0.1964285714285714
v 0.2666666666666666 -0.4133707675054866 -0.1964285714285714
v 0.2666666666666666 -0.4145916725951138 -0.22583952821351314
v 0.3291836375116916 -0.375 -0.19931853816150052
v 0.3294989960287268 -0.375 -0.1964285714285714
v -0.4043186927636988 -0.3165487744659677 -0.1994362324604331
v -0.39999999999999997 -0.3189757894948438 -0.1964285714285714
v -0.39999999999999997 -0.3195699746602266 -0.20168055260473972
v -0.4074293178052187 -0.3125 -0.20160256061434872
v -0.4067811377489795 -0.3125 -0.1964285714285714
v -0.4040245611825675 -0.3162730261086571 -0.1964285714285714
v -0.37317434958125023 -0.3498509527324221 -0.22417499345837072
v -0.3333333333333333 -0.37254585904707277 -0.1964285714285714
v -0.3333333333333333 -0.37264090720271564 -0.24110467392201737
v -0.37158205834488345 -0.3483581796983283 -0.1964285714285714
v -0.33197365847875776 -0.3737253048238354 -0.24191022644056348
v -0.33191784869592095 -0.37367298315242586 -0.1964285714285714
v 0.3333333333333335 -0.37254585904707266 -0.1964285714285714
v 0.3333333333333335 -0.3726409072027155 -0.24110467392201723
v 0.354236155235816 -0.3554036044664226 -0.22829982046077107
v 0.3999999999999999 -0.31897578949484384 -0.1964285714285714
v 0.3999999999999999 -0.31956997466022663 -0.20168055260473974
v 0.35483009308132035 -0.35484678773626227 -0.1964285714285714
v 0.40630073823192775 -0.3125 -0.238469128731336
v 0.40678113774897945 -0.3125 -0.1964285714285714
v -0.4393494595787992 -0.2868901183551242 -0.22383265934952085
v -0.46266509269853356 -0.25 -0.24007033241505013
v -0.4621587198731716 -0.25 -0.1964285714285714
v -0.4376881938567336 -0.2853326817406877 -0.1964285714285714
v 0.4350201849830061 -0.2796685765784318 -0.21846808545826363
v 0.46183032883940295 -0.25 -0.1997967352725587
v 0.4621587198731716 -0.25 -0.1964285714285714
v 0.43637097708751943 -0.2784022089804506 -0.1964285714285714
v -0.49454934232207554 -0.21364000842694575 -0.21584686340287398
v -0.46666666666666673 -0.24363893919095914 -0.1964285714285714
v -0.46666666666666673 -0.2443301378767362 -0.2386452452798612
v -0.5063979801021682 -0.1875 -0.22409859328543852
v -0.5046946769900985 -0.1875 -0.1964285714285714
v -0.49287677153466763 -0.21207197331375083 -0.1964285714285714
v -0.46448969583788174 -0.24795908984801407 -0.24134103817281047
v -0.4642051449660261 -0.24769232340564942 -0.1964285714285714
v 0.4666666666666668 -0.24363893919095914 -0.1964285714285714
v 0.4666666666666668 -0.2443301378767361 -0.23864524527986114
v 0.5034724813862466 -0.1875 -0.21722452189172115
v 0.5046946769900985 -0.1875 -0.1964285714285714
v -0.5336394443579855 -0.12528697908561134 -0.1966417558921684
v -0.5333333333333334 -0.12572795891734287 -0.1964285714285714
v -0.5333333333333334 -0.1258076175408975 -0.19702851588752382
v -0.533737876147376 -0.125 -0.19671030660263678
v -0.5336975765971523 -0.125 -0.1964285714285714
v -0.5336154834763824 -0.1252645157591085 -0.1964285714285714
v -0.5165644336836919 -0.17177915657846105 -0.23117880202971394
v -0.5152107823322714 -0.17051010843650435 -0.1964285714285714
v 0.5333333333333332 -0.12580761754089828 -0.1970285158875244
v 0.5333333333333332 -0.12572795891734356 -0.1964285714285714
v 0.5340106249027142 -0.125 -0.24238545765703823
v 0.5336975765971524 -0.125 -0.1964285714285714
v -0.553853601423813 -0.08173775133482462 -0.21071947242015543
v -0.5584968925490967 -0.0625 -0.21395319302526372
v -0.5567902872962388 -0.0625 -0.1964285714285714
v -0.5523855959015325 -0.08036149615768659 -0.1964285714285714
v 0.5342488932138291 -0.12414166261203517 -0.24221952079751188
v 0.5557817943495715 -0.0625 -0.22722339322083407
v 0.5567902872962388 -0.0625 -0.1964285714285714
v 0.5338265389440418 -0.1245376197399608 -0.1964285714285714
v -0.5670194272312318 -0.03158071302927973 -0.2198885296788935
v -0.5719369008122189 0 -0.22331319877993816
v -0.5701208848018839 0 -0.1964285714285714
v -0.5651783158756745 -0.029854671133444727 -0.1964285714285714
v 0.5603995474480957 -0.03712542426741028 -0.22400745802721905
v 0.5689623253674098 0 -0.21804409483341103
v 0.570120884801884 0 -0.1964285714285714
v 0.5614834246759826 -0.036109289366266326 -0.1964285714285714
v -0.5746633979715245 0.023753064401695733 -0.22521200930159746
v -0.5773862632862252 0.0625 -0.22710829050290685
v -0.575676331221165 0.0625 -0.1964285714285714
v -0.5728999585772722 0.025406288833807418 -0.1964285714285714
v 0.5718551502036847 0.03611420331595443 -0.216029448965291
v 0.5745813710259992 0.0625 -0.2141308308926077
v 0.575676331221165 0.0625 -0.1964285714285714
v 0.5729875950593628 0.037175870368152626 -0.1964285714285714
v -0.5766994806606652 0.08434423688062637 -0.22662999546010612
v -0.5758733140340395 0.125 -0.2260546294165632
v -0.5741254915285979 0.125 -0.1964285714285714
v -0.574967127189574 0.08596831825977437 -0.1964285714285714
v 0.5737349477565007 0.10037651352171939 -0.21472030424100846
v 0.5730054925602841 0.125 -0.21522831768123069
v 0.5741254915285979 0.125 -0.1964285714285714
v 0.5748441327177818 0.10141637442292037 -0.1964285714285714
v -0.5712310418484444 0.15197089826708343 -0.2228216184301666
v -0.5671286195400642 0.1875 -0.2199645743225447
v -0.5652900433705004 0.1875 -0.1964285714285714
v -0.5693889146735721 0.15369789249352617 -0.1964285714285714
v 0.5689741763252919 0.15841329030496118 -0.2180358414877431
v 0.5641358034810606 0.1875 -0.22140542257568993
v 0.5652900433705005 0.1875 -0.1964285714285714
v 0.5701355247407747 0.15950205444447624 -0.1964285714285714
v -0.553409709601895 0.2311783972482236 -0.21041033347274818
v -0.5493294867706756 0.25 -0.2075687497152919
v -0.5480259121709109 0.25 -0.1964285714285714
v -0.5518960166308354 0.23259748440859188 -0.1964285714285714
v 0.5590796540818045 0.21163717570169177 -0.22492666947874326
v 0.5473570607465014 0.25 -0.23309061840868647
v 0.5480259121709109 0.25 -0.1964285714285714
v 0.560186288821855 0.21267464577048903 -0.1964285714285714
v -0.5333333333333334 0.28345106927195407 -0.2180077771122627
v -0.5333333333333334 0.28437206147025024 -0.1964285714285714
v -0.5233125164008805 0.3125 -0.23587835963632744
v -0.5222659261702162 0.3125 -0.1964285714285714
v 0.5253953875676975 0.30505817584471656 -0.20195678365821051
v 0.5333333333333332 0.28437206147025096 -0.1964285714285714
v 0.5333333333333332 0.2834510692719548 -0.21800777711226216
v 0.5215761731946089 0.3125 -0.20461659366804016
v 0.5222659261702162 0.3125 -0.1964285714285714
v 0.5258708779356196 0.3055039480646435 -0.1964285714285714
v 0.5444326482091427 0.26040560769607135 -0.23512726285434699
v 0.5449929140304275 0.26093085690352585 -0.1964285714285714
v -0.5098123152227569 0.33455095447866545 -0.22647643381584853
v -0.4894379975263008 0.375 -0.2122871768486737
v -0.4878843332311289 0.375 -0.1964285714285714
v -0.5079866514006228 0.3362625143119161 -0.1964285714285714
v 0.5048122918576717 0.34826152361656726 -0.21629143959912145
v 0.4868385766649475 0.375 -0.22880884839405446
v 0.48788433323112895 0.375 -0.1964285714285714
v 0.5059958861142401 0.3493711432321001 -0.1964285714285714
v -0.46666666666666673 0.40266130334431277 -0.22230874608708193
v -0.46666666666666673 0.40379565194404665 -0.1964285714285714
v -0.4420039630456574 0.4375 -0.22568133140679714
v -0.44045080854024854 0.4375 -0.1964285714285714
v 0.45227542169561186 0.42400820783963605 -0.2064510456048418
v 0.4666666666666668 0.40379565194404665 -0.1964285714285714
v 0.4666666666666668 0.4026613033443127 -0.22230874608708198
v 0.4391861131519994 0.4375 -0.21556681405485756
v 0.4404508085402486 0.4375 -0.1964285714285714
v 0.4530720081137851 0.4247550076066735 -0.1964285714285714
v 0.4802601088963935 0.3877438520903688 -0.23339028130429745
v 0.481070476070526 0.38850357131611807 -0.1964285714285714
v -0.39999999999999997 0.47806289607196245 -0.2127247057751136
v -0.39999999999999997 0.47917229748076323 -0.1964285714285714
v -0.37762739376313353 0.5 -0.22727622065646802
v -0.3762577919258315 0.5 -0.1964285714285714
v 0.38904889037587054 0.4897333347273787 -0.20405523705966155
v 0.3999999999999999 0.4791722974807633 -0.1964285714285714
v 0.3999999999999999 0.47806289607196245 -0.2127247057751136
v 0.3749672759027505 0.5 -0.21386207571058446
v 0.3762577919258314 0.5 -0.1964285714285714
v 0.38969762750881265 0.4903415257895119 -0.1964285714285714
v 0.4229814031486714 0.45904506545187945 -0.22685223709288957
v 0.4241833482790605 0.46017188901161926 -0.1964285714285714
v -0.3333333333333333 0.5335342282572156 -0.1964285714285714
v -0.3333333333333333 0.5322339908352453 -0.21891189252238924
v -0.2856821354748473 0.5625 -0.20967148720569717
v -0.284503261587144 0.5625 -0.1964285714285714
v 0.315372226174036 0.5456614620381587 -0.20893719962879642
v 0.3333333333333335 0.5335342282572155 -0.1964285714285714
v 0.3333333333333335 0.5322339908352453 -0.21891189252238927
v 0.28315477455337873 0.5625 -0.23137435343603982
v 0.2845032615871441 0.5625 -0.1964285714285714
v 0.3163514460950201 0.5465794807140812 -0.1964285714285714
v 0.35439677785046925 0.5197469792348148 -0.228187958282709
v 0.3556172786721129 0.5208911987551058 -0.1964285714285714
v -0.2666666666666667 0.5729913722042045 -0.1964285714285714
v -0.2666666666666667 0.5720994272882446 -0.2357261397287326
v -0.2491336050445302 0.578937245270753 -0.23064661779886922
v -0.20000000000000007 0.6022768442338923 -0.1964285714285714
v -0.20000000000000007 0.6010368309837079 -0.214229782697817
v -0.2477319049008031 0.5802513391554971 -0.1964285714285714
v -0.14077839846159473 0.618020251442255 -0.2016135275000391
v -0.13333333333333341 0.6208258630048844 -0.1964285714285714
v -0.13333333333333341 0.6205058835606141 -0.19976705792640095
v -0.140235731809834 0.6185290014282807 -0.1964285714285714
v -0.1077916247229086 0.625 -0.2250691672177399
v -0.10749763126589013 0.625 -0.1964285714285714
v 0.12943270439349452 0.621343160368901 -0.19914508086881635
v 0.13333333333333341 0.6208258630048844 -0.1964285714285714
v 0.13333333333333341 0.6205058835606141 -0.19976705792640095
v 0.1053410191937259 0.625 -0.21592321877579806
v 0.10749763126589013 0.625 -0.1964285714285714
v 0.12970513509800935 0.6215985641543837 -0.1964285714285714
v 0.1815299298708221 0.6076843092538957 -0.20929165598282032
v 0.19999999999999996 0.6022768442338923 -0.1964285714285714
v 0.19999999999999996 0.6010368309837079 -0.21422978269781698
v 0.18257069119935043 0.608660022999391 -0.1964285714285714
v 0.22999193602414283 0.5906174400226339 -0.2219699016974719
v 0.2666666666666666 0.5729913722042046 -0.1964285714285714
v 0.2666666666666666 0.5720994272882447 -0.23572613972873255
v 0.23139626191557355 0.5919339955458502 -0.1964285714285714
v 0.2738580828470182 0.5692419526690796 -0.23784883516011232
v 0.27456593004329116 0.5699055594155855 -0.1964285714285714
v -0.06666666666666665 0.6327861726285574 -0.1964285714285714
v -0.06666666666666665 0.6319151024409665 -0.23772020961528204
v -0.05892567366799444 0.6322571809362552 -0.23746609416163902
v 1.1102230246251565e-16 0.636910189306533 -0.1964285714285714
v 1.1102230246251565e-16 0.6358316515690489 -0.2348107731201351
v -0.0579573207008284 0.6331650118429734 -0.1964285714285714
v 0.011042837351422613 0.6353526600169586 -0.23516659541597362
v 0.06666666666666665 0.6327861726285574 -0.1964285714285714
v 0.06666666666666665 0.6319151024409665 -0.23772020961528204
v 0.012153622330343476 0.6363940209346969 -0.1964285714285714
v 0.07317751275583884 0.6311039182085989 -0.2383228036164694
v 0.07401116165901718 0.6318854640553286 -0.1964285714285714
v -0.14100013800423336 -0.5071876293789687 -0.15533938182437676
v -0.13333333333333341 -0.5140827388828652 -0.15000000000000002
v -0.13333333333333341 -0.507799917124198 -0.15579422414940428
v -0.13333333333333341 -0.5 -0.16086422961019872
v -0.14538700083132458 -0.5 -0.158394518436101
v -0.18377789968072508 -0.5 -0.15000000000000002
v -0.1455555951672196 -0.5114583704692683 -0.15000000000000002
v -0.08048037123897436 -0.5129503480365385 -0.15962025854142858
v -0.06666666666666665 -0.5247896951051315 -0.15000000000000002
v -0.06666666666666665 -0.5136475905221622 -0.1601382101021777
v -0.06666666666666665 -0.5 -0.16994811834556123
v -0.09059599323559686 -0.5 -0.1666650667176478
v -0.08984904896122757 -0.5217334834011509 -0.15000000000000002
v -0.016264497695648403 -0.5152479665896704 -0.16132706089518378
v 1.1102230246251565e-16 -0.528261502817382 -0.15000000000000002
v 1.1102230246251565e-16 -0.5155393445751877 -0.16154351311299653
v 1.1102230246251565e-16 -0.5 -0.17309731599089243
v -0.031019048665178336 -0.5 -0.17160255174896352
v -0.0287735295022572 -0.5269751839083662 -0.15000000000000002
v 0.05182144646458539 -0.5139173939394512 -0.16033863549787805
v 0.06666666666666665 -0.5247896951051315 -0.15000000000000002
v 0.06666666666666665 -0.5136475905221622 -0.1601382101021777
v 0.06666666666666665 -0.5 -0.16994811834556123
v 0.035899390560170386 -0.5 -0.17142721014559564
v 0.03888190565668756 -0.5260482134468555 -0.15000000000000002
v 0.12451613624897963 -0.5082661222665816 -0.15614054796946067
v 0.13333333333333341 -0.5140827388828652 -0.15000000000000002
v 0.13333333333333341 -0.507799917124198 -0.15579422414940428
v 0.13333333333333341 -0.5 -0.16086422961019872
v 0.11391461218235291 -0.5 -0.16352375223014712
v 0.11573493793199428 -0.5164984956887554 -0.15000000000000002
v 0.183777899680725 -0.5 -0.15000000000000002
v -0.2822181078482758 -0.4520794761077585 -0.16083046796576345
v -0.2666666666666667 -0.4703252497634006 -0.15000000000000002
v -0.2666666666666667 -0.454553663919337 -0.16266843605436465
v -0.2666666666666667 -0.4375 -0.17459190789445928
v -0.2891397051529965 -0.4375 -0.16565086608869395
v -0.3277684063417023 -0.4375 -0.15000000000000002
v -0.2906842623944888 -0.46001649599483324 -0.15000000000000002
v -0.22801517524440373 -0.46376422679162843 -0.16951056847378113
v -0.20000000000000007 -0.495689843239103 -0.15000000000000002
v -0.20000000000000007 -0.46808343046615586 -0.17271911977485865
v -0.24567111102353742 -0.4375 -0.1818066666056778
v -0.24541243001728708 -0.4800741531412066 -0.15000000000000002
v -0.13333333333333341 -0.4777869478453864 -0.17992744697085844
v -0.17114463853986053 -0.4729480986311192 -0.17633287326883137
v -0.1965745252817707 -0.49678861745166 -0.15000000000000002
v -0.06666666666666665 -0.4837661363608677 -0.18436912986807313
v -0.11195417432727163 -0.4799570384318171 -0.18153951426363554
v 1.1102230246251565e-16 -0.48579851652977935 -0.18587889799355034
v -0.04995544495744691 -0.4843332296476065 -0.1847903991667934
v 0.06666666666666665 -0.4837661363608677 -0.18436912986807313
v 0.01571437004378551 -0.48526777808395116 -0.18548463514807798
v 0.13333333333333341 -0.4777869478453864 -0.17992744697085844
v 0.08604588365275051 -0.4818319840755464 -0.18293233102754874
v 0.16199155098741244 -0.4731329209493009 -0.17647016984805206
v 0.19999999999999996 -0.495689843239103 -0.15000000000000002
v 0.19999999999999996 -0.46808343046615586 -0.17271911977485865
v 0.2445605563510252 -0.45822447842091385 -0.16539532682696456
v 0.2666666666666666 -0.4703252497634008 -0.15000000000000002
v 0.2666666666666666 -0.4545536639193371 -0.1626684360543647
v 0.2666666666666666 -0.4375 -0.17459190789445936
v 0.2083442894204836 -0.49217722866829655 -0.15000000000000002
v 0.3277684063417023 -0.4375 -0.15000000000000002
v -0.4054376404201395 -0.3800977878938808 -0.15378692814974004
v -0.39999999999999997 -0.38791689939579627 -0.15000000000000002
v -0.39999999999999997 -0.38129648169745156 -0.15467738640382117
v -0.39999999999999997 -0.375 -0.15805232003166672
v -0.40696297552207783 -0.375 -0.1548492150957328
v -0.4152895353609761 -0.375 -0.15000000000000002
v -0.40798909881453416 -0.3824897801386258 -0.15000000000000002
v -0.3581239910513686 -0.39824124161065805 -0.167264922339346
v -0.3333333333333333 -0.43438595125202034 -0.15000000000000002
v -0.3333333333333333 -0.4043120707338668 -0.17177468111658678
v -0.3333333333333333 -0.375 -0.19423399769807334
v -0.3683861984747331 -0.375 -0.1744118167949034
v -0.3719489150699996 -0.4112021078781246 -0.15000000000000002
v -0.2666666666666667 -0.42330721553019135 -0.18588536010814213
v -0.307054357749053 -0.4128634603897372 -0.17812714200380475
v -0.33148525943483564 -0.375 -0.19514151996354623
v -0.33138311988478797 -0.43567167489198877 -0.15000000000000002
v -0.2548105981462279 -0.42638493576208863 -0.18817166656612297
v 0.2666666666666666 -0.4233072155301914 -0.18588536010814216
v 0.28921962165383447 -0.4163566046995302 -0.18072204920536528
v 0.3333333333333335 -0.4343859512520203 -0.15000000000000002
v 0.3333333333333335 -0.40431207073386677 -0.17177468111658675
v 0.3333333333333335 -0.375 -0.19423399769807326
v 0.390453060965491 -0.38395025534485216 -0.15664876111331874
v 0.3999999999999999 -0.3879168993957964 -0.15000000000000002
v 0.3999999999999999 -0.3812964816974516 -0.1546773864038212
v 0.3999999999999999 -0.375 -0.1580523200316668
v 0.3471808959673776 -0.375 -0.18678473316557634
v 0.34779822753694295 -0.42393916168411605 -0.15000000000000002
v 0.4152895353609762 -0.375 -0.15000000000000002
v -0.47154162086297113 -0.3170702695590354 -0.15339505738671202
v -0.46666666666666673 -0.3256255193672195 -0.15000000000000002
v -0.46666666666666673 -0.3183968958296654 -0.15438055118775149
v -0.46666666666666673 -0.3125 -0.15720254545561718
v -0.47264026967599004 -0.3125 -0.15416018781006446
v -0.47871280174365183 -0.3125 -0.15000000000000002
v -0.47380866592768933 -0.3191956243072087 -0.15000000000000002
v -0.39999999999999997 -0.34732710314168336 -0.17587156233382192
v -0.4274398228688481 -0.33822483393954506 -0.1691098766408049
v -0.43681007321700144 -0.3125 -0.1756355867046974
v -0.44272856806588246 -0.35255803256176477 -0.15000000000000002
v -0.3333333333333333 -0.3735336392939879 -0.1953392749041053
v -0.37973442401299956 -0.3560010225121871 -0.18231504529476755
v -0.3322129940589199 -0.3739496819302374 -0.19564833514817634
v 0.3333333333333335 -0.37353363929398786 -0.19533927490410524
v 0.3361252796838185 -0.3723825502964203 -0.1944841802201979
v 0.3999999999999999 -0.3473271031416834 -0.17587156233382195
v 0.4561434789518284 -0.322365488482661 -0.1573286485871196
v 0.4666666666666668 -0.3256255193672195 -0.15000000000000002
v 0.4666666666666668 -0.3183968958296654 -0.15438055118775149
v 0.4666666666666668 -0.3125 -0.15720254545561718
v 0.4787128017436519 -0.3125 -0.15000000000000002
v -0.46666666666666673 -0.2819688578165555 -0.17374829437801265
v -0.49063297662886374 -0.2724684155895597 -0.1666908230093872
v -0.46666666666666673 -0.25 -0.19259194142358857
v -0.4966010598660122 -0.25 -0.17084716669240133
v -0.5264987303423385 -0.25 -0.15000000000000002
v -0.5038042691033656 -0.28481650228440514 -0.15000000000000002
v -0.44600646073550226 -0.29313105693953334 -0.18204021372651047
v -0.46395763088907255 -0.25 -0.1945419215120326
v 0.4666666666666668 -0.2819688578165555 -0.17374829437801265
v 0.4666666666666668 -0.25 -0.19259194142358854
v 0.5264987303423386 -0.25 -0.15000000000000002
v 0.5070363099021564 -0.27465345946672837 -0.15000000000000002
v -0.5471677866389395 -0.20046979997400569 -0.15963470855211853
v -0.5333333333333334 -0.2388711291182256 -0.15000000000000002
v -0.5333333333333334 -0.2062846748058555 -0.16395432985577835
v -0.5333333333333334 -0.1875 -0.17174206473160447
v -0.5494046177332549 -0.1875 -0.16119250163565962
v -0.5637184574737933 -0.1875 -0.15000000000000002
v -0.5544625735661171 -0.20730866271823467 -0.15000000000000002
v -0.46666666666666673 -0.24695757369817423 -0.1941684833186437
v -0.5059503800567743 -0.22432848130322583 -0.17735830039668204
v -0.5164144903474002 -0.1875 -0.1846458057776536
v -0.5292710127344049 -0.24619157443850448 -0.15000000000000002
v -0.46471701550915084 -0.24817220203982887 -0.19507077865815856
v 0.4666666666666668 -0.24695757369817423 -0.19416848331864367
v 0.47639388033055946 -0.24088073719010056 -0.18965426191264612
v 0.5333333333333332 -0.2388711291182261 -0.15000000000000002
v 0.5333333333333332 -0.20628467480585566 -0.1639543298557785
v 0.5333333333333332 -0.1875 -0.17174206473160472
v 0.5637184574737935 -0.1875 -0.15000000000000002
v -0.5333333333333334 -0.16527422480155585 -0.17991799556687005
v -0.5596823364255196 -0.14970219039892455 -0.16835019858205824
v -0.5638610000046538 -0.125 -0.1712603392889553
v -0.5905774799031657 -0.125 -0.15000000000000002
v -0.5755178812416964 -0.16454801366409041 -0.15000000000000002
v -0.5200761548231889 -0.17507139514673947 -0.18719589353757787
v 0.5333333333333332 -0.16527422480155607 -0.17991799556687021
v 0.5358672286358738 -0.125 -0.1946638943428735
v 0.5905774799031657 -0.125 -0.15000000000000002
v 0.5831343430523286 -0.14081155338844203 -0.15000000000000002
v -0.6052731753334751 -0.06744360187513296 -0.1536723899643845
v -0.6 -0.09400229524517673 -0.15000000000000002
v -0.6 -0.0702382607620901 -0.1557484222804098
v -0.6 -0.0625 -0.15746899813739804
v -0.605722169090208 -0.0625 -0.15398508204496636
v -0.610106515529102 -0.0625 -0.15000000000000002
v -0.6082326568453947 -0.07021811579255757 -0.15000000000000002
v -0.5695041869679978 -0.09641017528249789 -0.17519041592414128
v -0.5744490413461736 -0.0625 -0.17863415379465655
v -0.5930047783448942 -0.11844197969833833 -0.15000000000000002
v 0.6000000000000001 -0.09400229524517628 -0.15000000000000002
v 0.6000000000000001 -0.07023826076208997 -0.15574842228040972
v 0.6000000000000001 -0.0625 -0.15746899813739793
v 0.610106515529102 -0.0625 -0.15000000000000002
v -0.6 -0.019353944584597563 -0.16437721597712962
v -0.6120078815958038 -0.011257388996066042 -0.15836263182564908
v -0.6 0 -0.16748140566283087
v -0.6126966246995775 0 -0.1588422922014915
v -0.6225892306689276 0 -0.15000000000000002
v -0.6196551188196879 -0.01842667389345743 -0.15000000000000002
v -0.5771612880182757 -0.04108870751713346 -0.18052303986987056
v -0.5813966167439327 0 -0.18347264380381031
v 0.6000000000000001 -0.019353944584597486 -0.16437721597712956
v 0.6000000000000001 0 -0.16748140566283082
v 0.6225892306689277 0 -0.15000000000000002
v 0.6119784051391853 -0.05127024518201386 -0.15000000000000002
v -0.6 0.03551433968430232 -0.17004649052023257
v -0.6152264136793184 0.048225237175638994 -0.16060410952666818
v -0.6 0.0625 -0.17206926023496064
v -0.6156297371161122 0.0625 -0.16088499549157817
v -0.6278758205477575 0.0625 -0.15000000000000002
v -0.6261355882046542 0.03799788605813666 -0.15000000000000002
v -0.5823202364028003 0.016574778372374793 -0.18411587892337872
v -0.5845093543878132 0.0625 -0.18564044323436985
v 0.6000000000000001 0.03551433968430242 -0.1700464905202325
v 0.6000000000000001 0.0625 -0.17206926023496058
v 0.6278758205477575 0.0625 -0.15000000000000002
v 0.6242345195142239 0.022719862044584805 -0.15000000000000002
v -0.6 0.09622507699918269 -0.17137565708632144
v -0.6149231772040029 0.11100952137124723 -0.1603929269813592
v -0.6 0.125 -0.17076012817457537
v -0.6148082819745758 0.125 -0.16031291066086534
v -0.6263953881939 0.125 -0.15000000000000002
v -0.6269075288119658 0.0997741917387821 -0.15000000000000002
v -0.5842781734194231 0.07723921241929083 -0.1854794422028125
v -0.5836264722562563 0.125 -0.1850255788927499
v 0.6000000000000001 0.09622507699918278 -0.17137565708632135
v 0.6000000000000001 0.125 -0.17076012817457525
v 0.6263953881939 0.125 -0.15000000000000002
v 0.6273579315081538 0.08814806078889412 -0.15000000000000002
v -0.6 0.16569580793465938 -0.1661973998199673
v -0.6106050173748325 0.17755779621109455 -0.15738563710032977
v -0.6 0.1875 -0.1637046929977026
v -0.6101613324339203 0.1875 -0.15707664223076598
v -0.6180311866541481 0.1875 -0.15000000000000002
v -0.6201832306501593 0.16857822126547564 -0.15000000000000002
v -0.5821906152195899 0.1416962982316345 -0.18402560702792867
v -0.5787979141121914 0.1875 -0.18166283304241895
v 0.6000000000000001 0.1656958079346595 -0.16619739981996723
v 0.6000000000000001 0.1875 -0.16370469299770252
v 0.6180311866541481 0.1875 -0.15000000000000002
v 0.6239218491086401 0.14742673353935007 -0.15000000000000002
v -0.6012750476748392 0.24880464280483827 -0.1508879796306916
v -0.6 0.24728517902009411 -0.15201672415650155
v -0.6 0.25 -0.15149476297407283
v -0.6011793013282815 0.25 -0.15082129913933892
v -0.602072710683958 0.25 -0.15000000000000002
v -0.6025763601510078 0.24758466235843019 -0.15000000000000002
v -0.57523838391565 0.21071401507907822 -0.17918387451268475
v -0.570234951746663 0.25 -0.17569934139499743
v 0.6000000000000001 0.24728517902009423 -0.15201672415650147
v 0.6000000000000001 0.25 -0.15149476297407277
v 0.602072710683958 0.25 -0.15000000000000002
v 0.6152239561467335 0.20177245888756265 -0.15000000000000002
v -0.6 0.2555935567792309 -0.15000000000000002
v -0.5626418689391386 0.2850232478695576 -0.1704113015826143
v -0.5333333333333334 0.3125 -0.18585570461423884
v -0.558025086550671 0.3125 -0.16719604241921723
v -0.5799083199445292 0.3125 -0.15000000000000002
v -0.52632994195999 0.3125 -0.19155120957927865
v 0.5333333333333332 0.3125 -0.18585570461423911
v 0.6000000000000001 0.2555935567792307 -0.15000000000000002
v 0.5636751846505044 0.27844548560984783 -0.17529763926125588
v 0.5799083199445293 0.3125 -0.15000000000000002
v 0.5857038129516823 0.2990973246422021 -0.15000000000000002
v 0.6016448320597523 0.25154203005601766 -0.15000000000000002
v -0.5333333333333334 0.3436503810151505 -0.17328828838874535
v -0.5432415607669909 0.365711036780946 -0.1569003726770115
v -0.5333333333333334 0.375 -0.16038731080579924
v -0.5414738630353864 0.375 -0.1556692974710726
v -0.5486478940376878 0.375 -0.15000000000000002
v -0.5605037297448727 0.34952775336418185 -0.15000000000000002
v -0.5234078694872235 0.321805122355728 -0.18951619482145915
v -0.5080532826117855 0.375 -0.17882282181892195
v 0.5333333333333332 0.3436503810151497 -0.1732882883887459
v 0.5333333333333332 0.375 -0.16038731080579946
v 0.5486478940376879 0.375 -0.15000000000000002
v 0.5667489025963085 0.3438270961840393 -0.15000000000000002
v -0.5333333333333334 0.3987767612393456 -0.15000000000000002
v -0.49483383669963066 0.41109327809409635 -0.16961642198724272
v -0.46666666666666673 0.4375 -0.1765781721024593
v -0.48677566104300873 0.4375 -0.16400447822638106
v -0.5072785634973681 0.4375 -0.15000000000000002
v -0.4521090829832128 0.4375 -0.18629025422045173
v 0.4666666666666668 0.4375 -0.1765781721024593
v 0.5333333333333332 0.3987767612393461 -0.15000000000000002
v 0.49990986001123183 0.40616549376052985 -0.1732770617778921
v 0.5072785634973682 0.4375 -0.15000000000000002
v 0.5184784646113536 0.4235735605731441 -0.15000000000000002
v 0.543749828417582 0.38476546414148327 -0.15000000000000002
v -0.46666666666666673 0.4854815177771791 -0.15000000000000002
v -0.4405832509079507 0.4619532022737962 -0.17826333545375136
v -0.39999999999999997 0.5 -0.18104241410044847
v -0.42431192245784993 0.5 -0.16693151742600265
v -0.4528937709800171 0.5 -0.15000000000000002
v -0.3878456045787198 0.5 -0.18796390318875128
v 0.3999999999999999 0.5 -0.18104241410044847
v 0.45280248273313883 0.4870023275623176 -0.1596554138108498
v 0.4666666666666668 0.4854815177771791 -0.15000000000000002
v 0.4528937709800171 0.5 -0.15000000000000002
v 0.4598883576347319 0.4936453352825611 -0.15000000000000002
v 0.49132850678295625 0.4606204751090215 -0.15000000000000002
v -0.39999999999999997 0.5477955237376979 -0.15000000000000002
v -0.37323355814813436 0.525093539236124 -0.1777876565674507
v -0.3333333333333333 0.5625 -0.17267462104643072
v -0.3528517541435947 0.5625 -0.16359318592143207
v -0.3804012640911149 0.5625 -0.15000000000000002
v -0.3124910596074437 0.5625 -0.18191341651232687
v 0.3333333333333335 0.5625 -0.17267462104643067
v 0.38296147637463585 0.5465263841012211 -0.1618661146676643
v 0.3999999999999999 0.5477955237376979 -0.15000000000000002
v 0.38040126409111497 0.5625 -0.15000000000000002
v 0.3918952106896322 0.5549017600215302 -0.15000000000000002
v 0.4282547540047453 0.5264888318794487 -0.15000000000000002
v -0.3333333333333333 0.5948964648474951 -0.15000000000000002
v -0.2750933810985109 0.6170999552201462 -0.15586860469360575
v -0.2666666666666667 0.625 -0.1534353395696216
v -0.2700367676864113 0.625 -0.15234703463875074
v -0.2760163429590238 0.625 -0.15000000000000002
v -0.20000000000000007 0.625 -0.17454597422710408
v -0.2242149112569279 0.625 -0.1668639560539319
v -0.13333333333333341 0.625 -0.19187812490231773
v -0.17669487623544936 0.625 -0.1801982173782593
v -0.12799772585956565 0.625 -0.1927127019379117
v 0.13333333333333341 0.625 -0.19187812490231773
v 0.19999999999999996 0.625 -0.1745459742271041
v 0.14351406547860485 0.625 -0.18933841868454307
v 0.2666666666666666 0.625 -0.15343533956962166
v 0.25761372515340286 0.625 -0.15630472712530868
v 0.2861127411944071 0.5807306948697567 -0.1828857695253236
v 0.3333333333333335 0.594896464847495 -0.15000000000000002
v 0.2760163429590238 0.625 -0.15000000000000002
v 0.314169198982002 0.6070336240456268 -0.15000000000000002
v 0.3550227860096193 0.582833861884018 -0.15000000000000002
v -0.2666666666666667 0.6298326498147715 -0.15000000000000002
v -0.20000000000000007 0.6563906819022528 -0.15000000000000002
v -0.25841041536497983 0.6327402355953314 -0.15000000000000002
v -0.13333333333333341 0.6739201506672063 -0.15000000000000002
v -0.1543518562721037 0.6677951347449028 -0.15000000000000002
v -0.06666666666666665 0.6839624671844586 -0.15000000000000002
v -0.06666666666666665 0.6685125517524891 -0.16410496155529378
v -0.07131411428126874 0.6831430178613106 -0.15000000000000002
v -0.0021036601550507156 0.6855278186046398 -0.15146504903655328
v 1.1102230246251565e-16 0.6872389029764822 -0.15000000000000002
v 1.1102230246251565e-16 0.6862266322711595 -0.15094593031285294
v -0.0002973254748721843 0.6872212573673072 -0.15000000000000002
v 0.05214317200730155 0.6738842237568452 -0.16011457663777215
v 0.06666666666666665 0.6839624671844586 -0.15000000000000002
v 0.06666666666666665 0.6685125517524891 -0.16410496155529378
v 0.06312041113734787 0.6841753854412637 -0.15000000000000002
v 0.13333333333333341 0.6739201506672063 -0.15000000000000002
v 0.09214616702200877 0.6488870315831332 -0.17868391939538675
v 0.12121083553635548 0.6761351583153332 -0.15000000000000002
v 0.19999999999999996 0.6563906819022528 -0.15000000000000002
v 0.17506592749937244 0.6641243070306616 -0.15000000000000002
v 0.2666666666666666 0.6298326498147716 -0.15000000000000002
v 0.22495402746363286 0.6483944007471558 -0.15000000000000002
v 0.27028653511301787 0.6283936266684543 -0.15000000000000002
v -0.13333333333333341 -0.5 -0.13960613894614757
v -0.06666666666666665 -0.5 -0.13105341953587935
v -0.1151115239534353 -0.5 -0.13730981132471387
v 1.1102230246251565e-16 -0.5 -0.12811438547995974
v -0.037622531819485744 -0.5 -0.1297728346599991
v 0.06666666666666665 -0.5 -0.13105341953587935
v 0.02955437778917884 -0.5 -0.12941748689682198
v 0.13333333333333341 -0.5 -0.13960613894614757
v 0.08972278686434497 -0.5 -0.13394305914804552
v 0.1451018130249784 -0.5 -0.14180409450046152
v -0.2666666666666667 -0.4375 -0.1267137518193659
v -0.20000000000000007 -0.4375 -0.10364721351497756
v -0.2002098721141533 -0.4375 -0.10371758950807108
v -0.1899294176167672 -0.4905588290157192 -0.14298655869739144
v -0.13333333333333341 -0.4589164771957137 -0.10357142857142865
v -0.19973918308929334 -0.4375 -0.10357142857142865
v -0.15194933010317696 -0.4549524969717283 -0.10357142857142865
v -0.06666666666666665 -0.47055957666530773 -0.10357142857142865
v -0.097512670494207 -0.46641812858831905 -0.10357142857142865
v 1.1102230246251565e-16 -0.47427048279981165 -0.10357142857142865
v -0.03737888692930447 -0.472542706496223 -0.10357142857142865
v 0.06666666666666665 -0.47055957666530773 -0.10357142857142865
v 0.02953221410293149 -0.4723135492785018 -0.10357142857142865
v 0.13333333333333341 -0.4589164771957137 -0.10357142857142865
v 0.10635440638977423 -0.4627927440095867 -0.10357142857142865
v 0.19953011587001068 -0.43794051637186493 -0.10389866930481403
v 0.19999999999999996 -0.4375 -0.10364721351497748
v 0.1999203892456155 -0.4375 -0.10362687177537497
v 0.1997391830892935 -0.4375 -0.10357142857142865
v 0.2666666666666666 -0.4375 -0.1267137518193658
v 0.24401845325058805 -0.4375 -0.11934429148619763
v 0.28867982894871824 -0.4375 -0.13466940483928558
v -0.39999999999999997 -0.375 -0.14227474725776235
v -0.3333333333333333 -0.375 -0.10863554973005901
v -0.35952093132397717 -0.375 -0.12180922002919847
v -0.32883755315744556 -0.43328520608510523 -0.1468690102346496
v -0.2666666666666667 -0.4099342089556529 -0.10357142857142865
v -0.32370369379943736 -0.375 -0.10357142857142865
v -0.2922036698695528 -0.39894094050270573 -0.10357142857142865
v -0.20000000000000007 -0.43742389623788724 -0.10357142857142865
v -0.24818136815073083 -0.4201700326413101 -0.10357142857142865
v -0.19994222029173078 -0.43744583152349753 -0.10357142857142865
v 0.19999999999999996 -0.43742389623788736 -0.10357142857142865
v 0.2666666666666666 -0.40993420895565297 -0.10357142857142865
v 0.20016674338139853 -0.43734367807993885 -0.10357142857142865
v 0.3216432239041352 -0.38595947758987337 -0.11171275478104886
v 0.3333333333333335 -0.375 -0.1086355497300591
v 0.3289512263220897 -0.375 -0.10662325309711629
v 0.32370369379943736 -0.375 -0.10357142857142865
v 0.3999999999999999 -0.375 -0.1422747472577623
v 0.36755497835101286 -0.375 -0.1261670686484018
v 0.40694898044526384 -0.375 -0.14516053147561983
v -0.46666666666666673 -0.3125 -0.1430839248273895
v -0.4028928799255327 -0.3152120749301869 -0.10558611280528177
v -0.39999999999999997 -0.3143454061193067 -0.10357142857142865
v -0.401933422878387 -0.3125 -0.10357142857142865
v -0.40116186329174475 -0.31358924683601075 -0.10357142857142865
v -0.3333333333333333 -0.36885499511229125 -0.10357142857142865
v -0.36947832739334613 -0.346385931931262 -0.10357142857142865
v -0.3298035125321838 -0.3716907929989223 -0.10357142857142865
v 0.3333333333333335 -0.36885499511229114 -0.10357142857142865
v 0.3999999999999999 -0.3143454061193067 -0.10357142857142865
v 0.3872876744507524 -0.3244178052024196 -0.10357142857142865
v 0.41092277530043725 -0.36475989815584 -0.14239306720148118
v 0.4666666666666668 -0.3125 -0.1430839248273895
v 0.4360192185508246 -0.3125 -0.12491518708067578
v 0.401933422878387 -0.3125 -0.10357142857142865
v 0.4726398938589521 -0.3125 -0.14584007391965845
v -0.46666666666666673 -0.2801469513999593 -0.12596630675425555
v -0.46666666666666673 -0.25 -0.11009238879513297
v -0.4583646264837527 -0.25 -0.10357142857142865
v -0.4356100448666201 -0.2833844170624563 -0.10357142857142865
v 0.4585424030736773 -0.25761649711842766 -0.10922939785940347
v 0.4666666666666668 -0.2801469513999593 -0.12596630675425555
v 0.4666666666666668 -0.25 -0.11009238879513297
v 0.4619098596949339 -0.25 -0.10688420485531404
v 0.45836462648375276 -0.25 -0.10357142857142865
v 0.41031868630345514 -0.30282623159051075 -0.10357142857142865
v 0.4748056728243197 -0.30486968172720036 -0.14433176356877747
v 0.49615205688184916 -0.25 -0.12946553181442652
v -0.5333333333333334 -0.1875 -0.12934474738166496
v -0.5240624696502085 -0.2413085652970704 -0.14354350564925233
v -0.46666666666666673 -0.2382694357049145 -0.10357142857142865
v -0.5012026589640887 -0.1875 -0.10357142857142865
v -0.4906206835013205 -0.20995689078248791 -0.10357142857142865
v -0.4621551747602141 -0.24577047633770066 -0.10357142857142865
v 0.4666666666666668 -0.2382694357049145 -0.10357142857142865
v 0.5068771773869595 -0.21230264619972544 -0.12199625146265324
v 0.5333333333333332 -0.1875 -0.12934474738166474
v 0.5151957432667025 -0.1875 -0.11620296451068934
v 0.5012026589640887 -0.1875 -0.10357142857142865
v 0.5493619770979805 -0.1875 -0.13883719452104928
v -0.5333333333333334 -0.13208776499726615 -0.10883662542654063
v -0.5333333333333334 -0.125 -0.10628890744920116
v -0.5304815862544906 -0.125 -0.10357142857142865
v -0.5130939185910872 -0.16852554867914413 -0.10357142857142865
v 0.5308734076440498 -0.12730618033370325 -0.10528459110503678
v 0.5333333333333332 -0.1320877649972655 -0.10883662542654013
v 0.5333333333333332 -0.125 -0.10628890744920089
v 0.5315198694742373 -0.125 -0.10483437661615609
v 0.5304815862544907 -0.125 -0.10357142857142865
v 0.5275289028507917 -0.13044165357738266 -0.10357142857142865
v 0.5524138934073205 -0.16961197493063693 -0.13671175280561604
v 0.5634697920075317 -0.125 -0.12901210913761188
v -0.6 -0.0625 -0.14282634462696514
v -0.5333333333333334 -0.11654065981145517 -0.10357142857142865
v -0.5804657409005173 -0.10668663209423492 -0.1363957838414317
v -0.5535056785100155 -0.0625 -0.10357142857142865
v -0.549785636462101 -0.07792403418321958 -0.10357142857142865
v -0.5313175736739411 -0.12311022531931966 -0.10357142857142865
v 0.5333333333333332 -0.11654065981145599 -0.10357142857142865
v 0.5681392778617713 -0.09236942700458933 -0.12576014577483785
v 0.6000000000000001 -0.0625 -0.14282634462696525
v 0.5736901624939946 -0.0625 -0.12189435112025376
v 0.5535056785100156 -0.0625 -0.10357142857142865
v 0.6057221690902082 -0.0625 -0.14601491795503374
v -0.6 -0.050432326366284766 -0.14103544244352587
v -0.6 0 -0.13333562689281847
v -0.5671002701695543 0 -0.10357142857142865
v -0.5626275846272661 -0.027463360588062008 -0.10357142857142865
v 0.6000000000000001 -0.05043232636628494 -0.14103544244352598
v 0.5778403970507276 -0.020774627764942828 -0.11900400919681473
v 0.6000000000000001 0 -0.13333562689281855
v 0.5803645702864595 0 -0.11724610283621581
v 0.5671002701695543 0 -0.10357142857142865
v 0.5574856969665308 -0.03985715909387734 -0.10357142857142865
v 0.6060905420687361 -0.05679011681055997 -0.14575837248784457
v 0.6126966050982428 0 -0.1411577214494382
v -0.6 0.024728580193028166 -0.1316301975708934
v -0.6 0.0625 -0.12902919315456854
v -0.5727422487995038 0.0625 -0.10357142857142865
v -0.5701903529352051 0.027946544123245202 -0.10357142857142865
v 0.6000000000000001 0.02472858019302808 -0.13163019757089348
v 0.5824599810512118 0.046056232235510974 -0.11578679891076334
v 0.6000000000000001 0.0625 -0.1290291931545686
v 0.5833490966087589 0.0625 -0.11516759343318583
v 0.5727422487995038 0.0625 -0.10357142857142865
v 0.5696992215925673 0.03409302024303184 -0.10357142857142865
v 0.613042558113268 0.01222739823118873 -0.14091678988540268
v 0.6156213234667497 0.0625 -0.13912086401422796
v -0.6 0.08999967863317163 -0.12957166730107256
v -0.6 0.125 -0.13025550029042748
v -0.571168533214676 0.125 -0.10357142857142865
v -0.5719397733880542 0.08880646244869912 -0.10357142857142865
v 0.6000000000000001 0.08999967863317153 -0.1295716673010726
v 0.5827513385377598 0.10882937987914981 -0.11558388923263163
v 0.6000000000000001 0.125 -0.13025550029042754
v 0.5825028913645426 0.125 -0.1157569149425508
v 0.571168533214676 0.125 -0.10357142857142865
v 0.5719770550635245 0.0987284891220542 -0.10357142857142865
v 0.6155065808240292 0.07703741952252731 -0.13920077406897974
v 0.614803973423529 0.125 -0.13969008993718526
v -0.6 0.14827398985196663 -0.13271075039568198
v -0.6 0.1875 -0.1368999581864478
v -0.5621833935905208 0.1875 -0.10357142857142865
v -0.5658364303466534 0.1570283465500124 -0.10357142857142865
v 0.6000000000000001 0.14827398985196658 -0.132710750395682
v 0.5795084334811387 0.1682891563885675 -0.11784234096849278
v 0.6000000000000001 0.1875 -0.13689995818644785
v 0.5778703503980648 0.1875 -0.11898314882991923
v 0.5621833935905209 0.1875 -0.10357142857142865
v 0.5675158284376965 0.1570460891603405 -0.10357142857142865
v 0.6142333909581067 0.138343804023225 -0.14008745986846147
v 0.6101613324339205 0.1875 -0.1429233577692341
v -0.6 0.2017662170459703 -0.13940223876585067
v -0.6 0.25 -0.14855729764958014
v -0.5445187114509894 0.25 -0.10357142857142865
v -0.5474203965336376 0.23679337824971478 -0.10357142857142865
v 0.6000000000000001 0.20176621704597025 -0.1394022387658507
v 0.573486309662282 0.2251434153083893 -0.12203632005662515
v 0.6000000000000001 0.25 -0.1485572976495802
v 0.5696307003113626 0.25 -0.1247214765688725
v 0.5445187114509895 0.25 -0.10357142857142865
v 0.5576469596435492 0.21029402466582736 -0.10357142857142865
v 0.6094951880767908 0.19640173882199136 -0.14338727973223503
v 0.6011793013282816 0.25 -0.14917870086066115
v -0.6 0.25149972308797547 -0.14888591999178968
v -0.5932370583708959 0.2563402577772851 -0.14529009422258826
v -0.5333333333333334 0.2759442463070631 -0.10357142857142865
v -0.5333333333333334 0.30049802176850027 -0.11248718382911417
v -0.5333333333333334 0.3125 -0.11624812770982118
v -0.5190147931067663 0.3125 -0.10357142857142865
v 0.5263036177787963 0.30590964166762163 -0.108467123332624
v 0.5333333333333332 0.2759442463070639 -0.10357142857142865
v 0.5333333333333332 0.3004980217685005 -0.11248718382911399
v 0.5333333333333332 0.3125 -0.11624812770982094
v 0.5246623076469559 0.3125 -0.1096101786030129
v 0.5190147931067663 0.3125 -0.10357142857142865
v 0.5237114441325625 0.3034794788742775 -0.10357142857142865
v 0.6000000000000001 0.2514997230879754 -0.1488859199917897
v 0.5652100198912389 0.27988439364803647 -0.12780016471860156
v 0.5578009554693861 0.3125 -0.13296004886953464
v 0.5422576902251812 0.25836658458610745 -0.10357142857142865
v 0.60107640031715 0.2510091252973281 -0.14925036406484202
v -0.5333333333333334 0.3424353348830993 -0.12776232265826915
v -0.5333333333333334 0.375 -0.14004899822373668
v -0.48405237492722736 0.375 -0.10357142857142865
v -0.5003594742385113 0.3434129929013957 -0.10357142857142865
v 0.5333333333333332 0.34243533488309946 -0.127762322658269
v 0.5131877735083872 0.356113537664113 -0.1176013720209447
v 0.5333333333333332 0.375 -0.14004899822373645
v 0.5071854453532557 0.375 -0.12178156484326835
v 0.4840523749272274 0.375 -0.10357142857142865
v 0.5038642544980109 0.3473727385918852 -0.10357142857142865
v 0.5546085322098683 0.33244549894675157 -0.13518334363955603
v 0.5414738630353864 0.375 -0.14433070252892732
v -0.5333333333333334 0.38399200864309835 -0.14332022215084128
v -0.5121472527375402 0.3948619505585561 -0.13524540815650124
v -0.46666666666666673 0.39849640906927397 -0.10357142857142865
v -0.46666666666666673 0.42035831463781326 -0.1163052519833388
v -0.46666666666666673 0.4375 -0.12484431893427111
v -0.4363679015240721 0.4375 -0.10357142857142865
v 0.45523577608182564 0.4267835400767115 -0.11153222737158583
v 0.4666666666666668 0.39849640906927397 -0.10357142857142865
v 0.4666666666666668 0.42035831463781326 -0.1163052519833388
v 0.4666666666666668 0.4375 -0.12484431893427111
v 0.45064637231331006 0.4375 -0.11472841928180205
v 0.4363679015240721 0.4375 -0.10357142857142865
v 0.4510503386193787 0.42285969245566746 -0.10357142857142865
v 0.5333333333333332 0.3839920086430985 -0.14332022215084114
v 0.499225583894724 0.4055239849013037 -0.127325039787603
v 0.48660224932221413 0.4375 -0.13611629065060094
v 0.47856846189586083 0.38615793302736945 -0.10357142857142865
v 0.5403140340321315 0.3815444069051234 -0.1451384405847655
v -0.46666666666666673 0.4578498461085254 -0.1348829714622383
v -0.4269950616242626 0.47469212972725383 -0.12237156077404007
v -0.39999999999999997 0.47491664379559495 -0.10357142857142865
v -0.39999999999999997 0.4873195171282735 -0.11299121584756833
v -0.39999999999999997 0.5 -0.12071803703256179
v -0.3713694459117885 0.5 -0.10357142857142865
v 0.39083870794038567 0.4914112886941116 -0.10995161411294571
v 0.3999999999999999 0.47491664379559506 -0.10357142857142865
v 0.3999999999999999 0.48731951712827354 -0.1129912158475683
v 0.3999999999999999 0.5 -0.12071803703256176
v 0.3861003215474155 0.5 -0.1132515617794785
v 0.37136944591178855 0.5 -0.10357142857142865
v 0.3876645966451596 0.4884355593548372 -0.10357142857142865
v 0.4666666666666668 0.4578498461085254 -0.1348829714622383
v 0.4375636674102947 0.47271593819715124 -0.12383958876783055
v 0.4239599057781182 0.5 -0.13331363704738197
v 0.4219256185450469 0.45805526738598146 -0.10357142857142865
v 0.4829596072757687 0.4527746318210331 -0.1386531306472326
v -0.39999999999999997 0.5221423924223038 -0.13355136562914577
v -0.3640859520167312 0.5336694199843144 -0.12498843086879503
v -0.3333333333333333 0.5297518308152613 -0.10357142857142865
v -0.3333333333333333 0.5451199576271801 -0.1164823171912377
v -0.3333333333333333 0.5625 -0.12849466869018514
v -0.2779009376383204 0.5625 -0.10357142857142865
v 0.31969798268605315 0.5497168587681747 -0.1130674763436417
v 0.3333333333333335 0.5297518308152612 -0.10357142857142865
v 0.3333333333333335 0.54511995762718 -0.11648231719123772
v 0.3333333333333335 0.5625 -0.12849466869018517
v 0.31101751344256234 0.5625 -0.11911280313821561
v 0.27790093763832047 0.5625 -0.10357142857142865
v 0.31423468118609105 0.5445950136119603 -0.10357142857142865
v 0.3999999999999999 0.5221423924223039 -0.13355136562914577
v 0.3699652160255321 0.5343423900239364 -0.12448851026793306
v 0.3525631250965293 0.5625 -0.1366078235934886
v 0.3532760106294039 0.5186962599650661 -0.10357142857142865
v 0.4185737751604547 0.5174129142129263 -0.13706469229896906
v -0.3333333333333333 0.5786544578273043 -0.13799954561400252
v -0.3109303466821882 0.5835027999854485 -0.1343979200108097
v -0.2666666666666667 0.5691404217747423 -0.10357142857142865
v -0.2666666666666667 0.5961416515385188 -0.12500905885710034
v -0.2666666666666667 0.625 -0.14669192584079901
v -0.22127761598796383 0.6050522350112839 -0.11838976827733197
v -0.20000000000000007 0.5990457559105666 -0.10357142857142865
v -0.20000000000000007 0.6099586455828784 -0.11474500613843329
v -0.20000000000000007 0.625 -0.12676082065890298
v -0.2584599040332428 0.625 -0.14428457602315123
v -0.2547556406007638 0.5736665869367841 -0.10357142857142865
v -0.1392499989883823 0.6194531259483916 -0.10769196358119484
v -0.13333333333333341 0.6177951251307706 -0.10357142857142865
v -0.13333333333333341 0.6204671726001434 -0.10693867178275071
v -0.13333333333333341 0.625 -0.1108153224857174
v -0.14897852036751608 0.625 -0.11446718382737728
v -0.14527616010873562 0.6138035998980604 -0.10357142857142865
v -0.08836677374833413 0.625 -0.10357142857142865
v 0.12899270361463205 0.6209306596387175 -0.10659436712552423
v 0.13333333333333341 0.6177951251307706 -0.10357142857142865
v 0.13333333333333341 0.6204671726001434 -0.10693867178275071
v 0.13333333333333341 0.625 -0.1108153224857174
v 0.1247381465635172 0.625 -0.10955736221469349
v 0.08836677374833414 0.625 -0.10357142857142865
v 0.1270795884037298 0.6191371141284966 -0.10357142857142865
v 0.186476841193 0.6123220386184376 -0.11298934274058933
v 0.19999999999999996 0.5990457559105666 -0.10357142857142865
v 0.19999999999999996 0.6099586455828784 -0.11474500613843328
v 0.19999999999999996 0.625 -0.12676082065890293
v 0.17495877663229426 0.625 -0.1210108519882237
v 0.18014934389266296 0.6063900098993715 -0.10357142857142865
v 0.24219530865057498 0.6020581018599142 -0.12061398147549243
v 0.2666666666666666 0.5691404217747424 -0.10357142857142865
v 0.2666666666666666 0.5961416515385188 -0.1250090588571003
v 0.2666666666666666 0.625 -0.14669192584079896
v 0.223590816885701 0.625 -0.13357068109745823
v 0.22899115152288527 0.589679204552705 -0.10357142857142865
v 0.3333333333333335 0.5786544578273043 -0.13799954561400254
v 0.2963547485205941 0.590332576738057 -0.1293243715660149
v 0.27001220593882785 0.625 -0.14767007086403058
v 0.2717116269382674 0.5672296502546257 -0.10357142857142865
v 0.3476372198267367 0.5759098935875655 -0.14003836476352277
v -0.2666666666666667 0.6276062628506075 -0.148063919025263
v -0.26343181349314115 0.6280326748501802 -0.14774715582558043
v -0.20000000000000007 0.6416806795347978 -0.1376086380598645
v -0.13333333333333341 0.6509002711517501 -0.13075979857298572
v -0.18006340507447155 0.643690557742683 -0.1361155856768641
v -0.10361555686089682 0.6528604154429093 -0.12930369138526746
v -0.06666666666666665 0.6291843504582495 -0.10357142857142865
v -0.06666666666666665 0.656321174710184 -0.1267328416438633
v -0.03242483957329296 0.6571017129000378 -0.12615301327425768
v 1.1102230246251565e-16 0.6334372206820913 -0.10357142857142865
v 1.1102230246251565e-16 0.6581259214802133 -0.1253921726146987
v -0.06199071132938726 0.6293837081286994 -0.10357142857142865
v 0.03450344502998019 0.6573469797156064 -0.12597081506840674
v 0.06666666666666665 0.6291843504582495 -0.10357142857142865
v 0.06666666666666665 0.656321174710184 -0.1267328416438633
v 0.008617758080814945 0.6330791482007639 -0.10357142857142865
v 0.13333333333333341 0.6509002711517501 -0.13075979857298572
v 0.0979452419537923 0.6543236643316802 -0.12821670649646616
v 0.07062557751763111 0.6287114789227792 -0.10357142857142865
v 0.19999999999999996 0.6416806795347979 -0.13760863805986448
v 0.1584336388358229 0.648531536408584 -0.13251943009648054
v 0.2666666666666666 0.6276062628506076 -0.14806391902526297
v 0.21580085061684476 0.639813297453292 -0.13899583617755454
v 0.2690861850653552 0.6272682984987705 -0.14831497825805617
v -0.14649907093014614 -0.4498428789970119 -0.0663118529692089
v -0.13333333333333341 -0.4520868915544359 -0.05714285714285716
v -0.13333333333333341 -0.4530468421255696 -0.06869193986470891
v -0.19959030190281338 -0.4375 -0.10328610311088793
v -0.17835531116950576 -0.4375 -0.05714285714285716
v -0.1460448728374113 -0.449417068285073 -0.05714285714285716
v -0.09295676204657594 -0.46214696441866493 -0.07545203071100827
v -0.06666666666666665 -0.46417838293920327 -0.05714285714285716
v -0.06666666666666665 -0.4661994809344589 -0.07846247155131238
v -0.09163222732561668 -0.4609052131177656 -0.05714285714285716
v -0.033229646044703215 -0.46865279316690933 -0.08028493206684698
v 1.1102230246251565e-16 -0.46801395292116216 -0.05714285714285716
v 1.1102230246251565e-16 -0.47041871801795376 -0.08159676195619428
v -0.03104822205553641 -0.46660770817706543 -0.05714285714285716
v 0.0341744252327556 -0.46796147634429164 -0.07977138242718815
v 0.06666666666666665 -0.46417838293920327 -0.05714285714285716
v 0.06666666666666665 -0.4661994809344589 -0.07846247155131238
v 0.036729699346682854 -0.4655659068624849 -0.05714285714285716
v 0.11322866411854515 -0.456348127388864 -0.07114432320315611
v 0.13333333333333341 -0.4520868915544359 -0.05714285714285716
v 0.13333333333333341 -0.4530468421255696 -0.06869193986470891
v 0.11502036731390716 -0.4546684056432121 -0.05714285714285716
v 0.1844044924131279 -0.4375 -0.06800401421228597
v 0.17835531116950576 -0.4375 -0.05714285714285716
v -0.28790339926717 -0.39490943681297186 -0.07193272448963628
v -0.2666666666666667 -0.40304662322328955 -0.05714285714285716
v -0.2666666666666667 -0.4055165912093869 -0.07981232489840172
v -0.32112200766132126 -0.375 -0.09506711247842023
v -0.3124628083144063 -0.375 -0.05714285714285716
v -0.2873107619519361 -0.39435383932994006 -0.05714285714285716
v -0.245972479904755 -0.41809919991070776 -0.0891594056479544
v -0.20000000000000007 -0.4312448788716311 -0.05714285714285716
v -0.20000000000000007 -0.43741072752165683 -0.10350511187323085
v -0.24364115974630157 -0.41591358726215766 -0.05714285714285716
v -0.19993441724771238 -0.4374385161697303 -0.10352575486894258
v -0.19525896482798408 -0.433055279526235 -0.05714285714285716
v 0.19999999999999996 -0.4312448788716311 -0.05714285714285716
v 0.19999999999999996 -0.4374107275216569 -0.10350511187323091
v 0.20022128980788267 -0.43729254080511 -0.10341731602665319
v 0.2666666666666666 -0.40304662322328966 -0.05714285714285716
v 0.2666666666666666 -0.40551659120938693 -0.07981232489840179
v 0.21371186127920774 -0.4246451300507427 -0.05714285714285716
v 0.3163026541503197 -0.375 -0.06900350871674173
v 0.31246280831440637 -0.375 -0.05714285714285716
v -0.39999999999999997 -0.3125 -0.0934389238597032
v -0.36627453429319345 -0.34338237589986886 -0.08008405066847407
v -0.3333333333333333 -0.3617639222440514 -0.05714285714285716
v -0.3333333333333333 -0.3677020129859358 -0.09815006678955236
v -0.3933079799704431 -0.3125 -0.05714285714285716
v -0.3652224844674157 -0.3423960791882022 -0.05714285714285716
v -0.3293764927968059 -0.37129046199700555 -0.10081577176920418
v -0.32575618864106864 -0.3678964268510019 -0.05714285714285716
v 0.3333333333333335 -0.3617639222440513 -0.05714285714285716
v 0.3333333333333335 -0.36770201298593563 -0.09815006678955226
v 0.3999999999999999 -0.3125 -0.09343892385970312
v 0.3943816964139943 -0.3125 -0.061055604283111096
v 0.39330797997044303 -0.3125 -0.05714285714285716
v 0.4018305630395395 -0.3125 -0.10229657216889214
v -0.39999999999999997 -0.3061596697786607 -0.05714285714285716
v -0.4324376477215653 -0.28041029473896745 -0.07973336180609014
v -0.45687762878110916 -0.25 -0.09675406290112962
v -0.4513335871794833 -0.25 -0.05714285714285716
v -0.4315016777483706 -0.2795328228890974 -0.05714285714285716
v -0.3969742215171246 -0.30966333267230434 -0.05714285714285716
v 0.3999999999999999 -0.3061596697786607 -0.05714285714285716
v 0.40636298151175265 -0.3065347048327318 -0.09914006644717228
v 0.45346731152249814 -0.25 -0.06633526518968888
v 0.45133358717948335 -0.25 -0.05714285714285716
v -0.4865402315452554 -0.20613146707367686 -0.0709833755404457
v -0.46666666666666673 -0.2283627749325298 -0.05714285714285716
v -0.46666666666666673 -0.23538899257340345 -0.09271753734024263
v -0.49658213134597756 -0.1875 -0.0779768414730915
v -0.49469579894440047 -0.1875 -0.05714285714285716
v -0.48615903348985046 -0.20577409389673473 -0.05714285714285716
v -0.46163233842567997 -0.24528031727407493 -0.10006537854645572
v -0.458389246516347 -0.24223991860907523 -0.05714285714285716
v 0.4666666666666668 -0.2283627749325298 -0.05714285714285716
v 0.4666666666666668 -0.23538899257340345 -0.09271753734024263
v 0.4992835512904241 -0.1875 -0.08085609820845469
v 0.49469579894440047 -0.1875 -0.05714285714285716
v -0.5108957660785854 -0.16646478069867382 -0.08794526566187202
v -0.530037819880581 -0.125 -0.1012763388454046
v -0.5248753740432177 -0.125 -0.05714285714285716
v -0.5091502110900773 -0.16482832289694735 -0.05714285714285716
v 0.5193061752283091 -0.1381504607234601 -0.06691177082314181
v 0.5259331255320046 -0.125 -0.062296573290211044
v 0.5248753740432177 -0.125 -0.05714285714285716
v 0.5159809691667302 -0.14126784140619036 -0.05714285714285716
v -0.5450340283243313 -0.07346940155406056 -0.06529155544015931
v -0.5333333333333334 -0.09985361245690955 -0.05714285714285716
v -0.5333333333333334 -0.112865317561874 -0.0945570930459636
v -0.5479933473878724 -0.0625 -0.06735250978798259
v -0.5474666305965838 -0.0625 -0.05714285714285716
v -0.5448366262701942 -0.07328433712830701 -0.05714285714285716
v -0.5310720004030386 -0.12288000037784856 -0.101996571709259
v -0.5273773440509935 -0.11941626004780624 -0.05714285714285716
v 0.5333333333333332 -0.09985361245691032 -0.05714285714285716
v 0.5333333333333332 -0.11286531756187515 -0.09455709304596446
v 0.5528552535247524 -0.0625 -0.08997580558097605
v 0.5474666305965838 -0.0625 -0.05714285714285716
v -0.5586582718343223 -0.023742129844677023 -0.07477986788461725
v -0.5630060980054802 0 -0.07780781825381658
v -0.561627370450352 0 -0.05714285714285716
v -0.5579295990131062 -0.023058999074787014 -0.05714285714285716
v 0.5562048885987259 -0.04105791693869443 -0.08764302401160164
v 0.5656977363972717 0 -0.08103193358047148
v 0.561627370450352 0 -0.05714285714285716
v 0.5502229044952336 -0.046666027035718496 -0.05714285714285716
v -0.5666847090499288 0.03123308526569172 -0.08036970808834334
v -0.5692866291050186 0.0625 -0.08218175955528084
v -0.5674682710170272 0.0625 -0.05714285714285716
v -0.5652826738931327 0.03254749322518814 -0.05714285714285716
v 0.567883470257402 0.0323907533663144 -0.07950972607073792
v 0.5709632482844424 0.0625 -0.07736488065904906
v 0.5674682710170272 0.0625 -0.05714285714285716
v 0.5637822240186521 0.028545835017486296 -0.05714285714285716
v -0.5683190289072887 0.09220091039941686 -0.08150789513186182
v -0.56753196561192 0.125 -0.0809597617654443
v -0.5658410468247707 0.125 -0.05714285714285716
v -0.5664967670298493 0.09390928090951632 -0.05714285714285716
v 0.5703167015567939 0.0971719077094943 -0.07781515427294713
v 0.5694980867030395 0.125 -0.07838526104609757
v 0.5658410468247708 0.125 -0.05714285714285716
v 0.5668125370348586 0.09388675347017991 -0.05714285714285716
v -0.5610528059928779 0.161512994381677 -0.07644748988789712
v -0.5575562064034769 0.1875 -0.07401235803099286
v -0.5565204993872688 0.1875 -0.05714285714285716
v -0.559424803542598 0.16303924667881436 -0.05714285714285716
v 0.5663858972361799 0.1559867786589187 -0.08055267871051759
v 0.5610791738881451 0.1875 -0.08424843247075611
v 0.5565204993872688 0.1875 -0.05714285714285716
v 0.5627401561788703 0.15256889641769092 -0.05714285714285716
v -0.5396083396797949 0.24411718155019232 -0.06151295084842858
v -0.5381678444267979 0.25 -0.0605097487972342
v -0.5380261282915242 0.25 -0.05714285714285716
v -0.5392333614105511 0.2444687236776084 -0.05714285714285716
v 0.5571542218406693 0.20983208297562753 -0.08698188121810532
v 0.5442236183082856 0.25 -0.09598712296387253
v 0.5380261282915243 0.25 -0.05714285714285716
v 0.5529159595429833 0.20585871207154688 -0.05714285714285716
v -0.5333333333333334 0.27178723555270373 -0.08738662501799155
v -0.5333333333333334 0.2607419573488657 -0.05714285714285716
v -0.5168501487063928 0.3125 -0.09209206784909493
v -0.5131046549778743 0.3125 -0.05714285714285716
v 0.5211464279992147 0.30107477624926393 -0.06563016621483253
v 0.5333333333333332 0.2607419573488664 -0.05714285714285716
v 0.5333333333333332 0.27178723555270434 -0.0873866250179911
v 0.5155872352588685 0.3125 -0.06950174687328803
v 0.5131046549778744 0.3125 -0.05714285714285716
v 0.5198043164214572 0.2998165466451162 -0.05714285714285716
v 0.5421203449612673 0.25823782340118817 -0.09745190261626027
v 0.537040245825773 0.2534752304616623 -0.05714285714285716
v -0.4903846334188825 0.35276440616979776 -0.07366072684529315
v -0.4773422604868982 0.375 -0.06457764569623267
v -0.4768005788089189 0.375 -0.05714285714285716
v -0.4862657434574184 0.3566258655086703 -0.05714285714285716
v 0.5028464126648031 0.34641851187325295 -0.07837481975129786
v 0.4832711901283993 0.375 -0.092007564017722
v 0.47680057880891896 0.375 -0.05714285714285716
v 0.49980310144682244 0.34356540760639603 -0.05714285714285716
v -0.46666666666666673 0.39620245624268685 -0.08782103250543268
v -0.46666666666666673 0.3885753171077152 -0.05714285714285716
v -0.43122832447885756 0.4375 -0.07889115454777583
v -0.42859319991902955 0.4375 -0.05714285714285716
v 0.4490580414410787 0.4209919138510112 -0.06940600685353457
v 0.4666666666666668 0.3885753171077152 -0.05714285714285716
v 0.4666666666666668 0.39620245624268685 -0.08782103250543268
v 0.43371164584907407 0.4375 -0.08009367521225205
v 0.42859319991902955 0.4375 -0.05714285714285716
v 0.44720697572705603 0.419256539744115 -0.05714285714285716
v 0.47835614346260624 0.38595888449619326 -0.09543054294568507
v 0.4735379832574809 0.3814418593038883 -0.05714285714285716
v -0.39999999999999997 0.4715874297520382 -0.07824933789848594
v -0.39999999999999997 0.46676904412935305 -0.05714285714285716
v -0.3654917651396581 0.5 -0.07953890786511911
v -0.36189406349956693 0.5 -0.05714285714285716
v 0.38532356027425824 0.48624083775711713 -0.06736394909471302
v 0.3999999999999999 0.4667690441293531 -0.05714285714285716
v 0.3999999999999999 0.47158742975203827 -0.07824933789848589
v 0.36777038791723043 0.5 -0.07958847984335743
v 0.361894063499567 0.5 -0.05714285714285716
v 0.3837406947425822 0.48475690132117083 -0.05714285714285716
v 0.42151255421292755 0.4576680195746196 -0.08858947117313978
v 0.4172753614501952 0.453695651359558 -0.05714285714285716
v -0.3333333333333333 0.5222903503964745 -0.05714285714285716
v -0.3333333333333333 0.5275892551543453 -0.08307655331391497
v -0.2689813641482994 0.5603299711109694 -0.0587548786032799
v -0.2666666666666667 0.5615572234974489 -0.05714285714285716
v -0.2666666666666667 0.561690595296156 -0.057744129208569875
v -0.2666666666666667 0.5625 -0.06358960162452884
v -0.26991842328489246 0.5594514781704134 -0.05714285714285716
v -0.26457694484669736 0.5625 -0.05714285714285716
v 0.2661119998038897 0.5619799998161467 -0.05752914299371965
v 0.2666666666666666 0.561557223497449 -0.05714285714285716
v 0.2666666666666666 0.5616905952961561 -0.05774412920856984
v 0.2666666666666666 0.5625 -0.0635896016245284
v 0.26504637693462535 0.5625 -0.058271273206243035
v 0.2645769448466974 0.5625 -0.05714285714285716
v 0.26604493678191965 0.5619171282330497 -0.05714285714285716
v 0.31227985246591294 0.5427623616867933 -0.07180510274695359
v 0.3333333333333335 0.5222903503964744 -0.05714285714285716
v 0.3333333333333335 0.5275892551543452 -0.08307655331391503
v 0.2766581187511632 0.5625 -0.09661309586972569
v 0.3099908571481066 0.5406164285763498 -0.05714285714285716
v 0.3528541652295015 0.5183007799026577 -0.08997656350088297
v 0.348338149959624 0.5140670155871474 -0.05714285714285716
v -0.2666666666666667 0.5688177408962217 -0.09887824961994969
v -0.2562567286456667 0.5722593168946876 -0.09632165030680359
v -0.20000000000000007 0.5924821341843617 -0.05714285714285716
v -0.20000000000000007 0.5965623864384324 -0.07826794150287883
v -0.15166399960304938 0.6078150003721413 -0.06990885686640938
v -0.13333333333333341 0.6117407700912894 -0.05714285714285716
v -0.13333333333333341 0.6134612960335992 -0.065714465803612
v -0.1553370606779268 0.6043715056144437 -0.05714285714285716
v -0.06961374045687357 0.622237118321681 -0.05919528353246555
v -0.06666666666666665 0.6224482597767101 -0.05714285714285716
v -0.06666666666666665 0.6227848805575786 -0.058788374442941584
v -0.06666666666666665 0.625 -0.07681976882060607
v -0.07014242455194974 0.6217414769825471 -0.05714285714285716
v -0.01763199885137945 0.625 -0.05714285714285716
v 0.06445483152569842 0.6229264045553423 -0.05868324233031719
v 0.06666666666666665 0.6224482597767101 -0.05714285714285716
v 0.06666666666666665 0.6227848805575786 -0.058788374442941584
v 0.06666666666666665 0.625 -0.07681976882060607
v 0.04918206751061601 0.625 -0.06931963155510676
v 0.017631998851379616 0.625 -0.05714285714285716
v 0.06413422342119468 0.6226258344573701 -0.05714285714285716
v 0.12316950030429194 0.6154714065352737 -0.06422124085951104
v 0.13333333333333341 0.6117407700912894 -0.05714285714285716
v 0.13333333333333341 0.6134612960335992 -0.065714465803612
v 0.08115675000841861 0.625 -0.09348012052985138
v 0.12183689729023217 0.6142220912095926 -0.05714285714285716
v 0.17782356364548202 0.6042095909176394 -0.07258716103261077
v 0.19999999999999996 0.5924821341843618 -0.05714285714285716
v 0.19999999999999996 0.5965623864384324 -0.07826794150287883
v 0.17518849795235286 0.6017392168303308 -0.05714285714285716
v 0.2666666666666666 0.5688177408962217 -0.0988782496199496
v 0.22808415503508767 0.5888288953453947 -0.08401282060056396
v 0.22394015254962446 0.5849438930152729 -0.05714285714285716
v 0.27156731280846924 0.56709435575794 -0.10015847857981611
v -0.06666666666666665 0.6290068178890833 -0.10059493528239537
v -0.06221073425999907 0.6291774366312508 -0.10046818993107087
v 1.1102230246251565e-16 0.6261620033234329 -0.05714285714285716
v 1.1102230246251565e-16 0.633066689172294 -0.09757903090058168
v 0.06666666666666665 0.6290068178890833 -0.10059493528239537
v 0.008275576287341 0.6327583527693821 -0.09780808079988765
v 0.0011863414351193143 0.6261121950954243 -0.05714285714285716
v 0.07049038796414707 0.6285847387163879 -0.10090847981068336
v -0.21063188519968298 -0.44746739237470273 -0.018118634335493433
v -0.20000000000000007 -0.45390012701230803 -0.010714285714285676
v -0.20000000000000007 -0.4497103127586998 -0.01978480376360557
v -0.20000000000000007 -0.4375 -0.04237389667109769
v -0.2207482795914946 -0.4375 -0.025163980429790817
v -0.23861405443084568 -0.4375 -0.010714285714285676
v -0.21299016707409824 -0.44967828163196705 -0.010714285714285676
v -0.15747398551679131 -0.4601318614219918 -0.027526525627765315
v -0.13333333333333341 -0.4731362398387781 -0.010714285714285676
v -0.13333333333333341 -0.46394708027456455 -0.030360688203962233
v -0.18891087615478383 -0.4375 -0.04942007446493869
v -0.16360497474492292 -0.46587966382336515 -0.010714285714285676
v -0.09997666173832657 -0.46872812037968115 -0.03391231799633455
v -0.06666666666666665 -0.484039992879349 -0.010714285714285676
v -0.06666666666666665 -0.47212633408229426 -0.03643670531827574
v -0.1095733790722244 -0.47772504288021034 -0.010714285714285676
v -0.038356772899356226 -0.4734594745931465 -0.037427038269194544
v 1.1102230246251565e-16 -0.48758104848195744 -0.010714285714285676
v 1.1102230246251565e-16 -0.4748267170107394 -0.03844270406512069
v -0.05071930998931908 -0.48504935311498665 -0.010714285714285676
v 0.028254224076722873 -0.47351166492807234 -0.03746580823228232
v 0.06666666666666665 -0.484039992879349 -0.010714285714285676
v 0.06666666666666665 -0.47212633408229426 -0.03643670531827574
v 0.014192231553990114 -0.48669478291813434 -0.010714285714285676
v 0.10152409767759533 -0.4673211584272544 -0.032867146260246116
v 0.13333333333333341 -0.4731362398387781 -0.010714285714285676
v 0.13333333333333341 -0.46394708027456455 -0.030360688203962233
v 0.08788393516793519 -0.4801088107800608 -0.010714285714285676
v 0.18407845726548502 -0.4524264463136078 -0.02180250297582289
v 0.19999999999999996 -0.4539001270123081 -0.010714285714285676
v 0.19999999999999996 -0.4497103127586999 -0.019784803763605613
v 0.19999999999999996 -0.4375 -0.04237389667109781
v 0.17586699576226225 -0.46012469147287915 -0.010714285714285676
v 0.23861405443084574 -0.4375 -0.010714285714285676
v -0.3402049496254826 -0.38144214027388995 -0.015499875632032485
v -0.3333333333333333 -0.3873449464875946 -0.010714285714285676
v -0.3333333333333333 -0.3838585182129525 -0.017294899243907556
v -0.3333333333333333 -0.375 -0.03146121025007094
v -0.3443992253607905 -0.375 -0.01842088909055052
v -0.3504338505300114 -0.375 -0.010714285714285676
v -0.3415532907323624 -0.3827062100615898 -0.010714285714285676
v -0.2956724631927842 -0.40219293424323516 -0.03091475115211754
v -0.2666666666666667 -0.42561311235989846 -0.010714285714285676
v -0.2666666666666667 -0.41143350298866693 -0.037779173648723983
v -0.3193500623839449 -0.375 -0.047404507731675934
v -0.30229544036505085 -0.40840197534223516 -0.010714285714285676
v -0.20000000000000007 -0.4323355421138305 -0.05330640271313127
v -0.24670733212936766 -0.4187881238712821 -0.04324260630438101
v -0.2584653609329333 -0.4298112758746249 -0.010714285714285676
v -0.19570451042328413 -0.4334729785218288 -0.05415135547335855
v 0.19999999999999996 -0.4323355421138306 -0.0533064027131313
v 0.20873630527448672 -0.42930971380516864 -0.05105864454098243
v 0.2666666666666666 -0.42561311235989857 -0.010714285714285676
v 0.2666666666666666 -0.411433502988667 -0.03777917364872403
v 0.31796062621978743 -0.3894119129189494 -0.02142027816836236
v 0.3333333333333335 -0.3873449464875945 -0.010714285714285676
v 0.3333333333333335 -0.38385851821295247 -0.017294899243907508
v 0.3333333333333335 -0.375 -0.0314612102500708
v 0.3015163273104691 -0.40482844314643524 -0.010714285714285676
v 0.35043385053001147 -0.375 -0.010714285714285676
v -0.4112831787484713 -0.32307798007669186 -0.01857221377125679
v -0.39999999999999997 -0.33559249228282145 -0.010714285714285676
v -0.39999999999999997 -0.328290029830952 -0.022444022160135774
v -0.39999999999999997 -0.3125 -0.04635553787206756
v -0.4166975174983286 -0.3125 -0.022342913972050266
v -0.4242881865775953 -0.3125 -0.010714285714285676
v -0.41350805915985717 -0.3251638054623661 -0.010714285714285676
v -0.3333333333333333 -0.3647886786373517 -0.049557304130604135
v -0.3705215403001847 -0.3473639440314232 -0.03661321556620006
v -0.39499878628416957 -0.3125 -0.05365986901933242
v -0.3790806992581957 -0.3553881555545585 -0.010714285714285676
v -0.3263675419090234 -0.36846957053970947 -0.052291680972355606
v 0.3333333333333335 -0.36478867863735165 -0.04955730413060409
v 0.36143734419881046 -0.34865248981361524 -0.03757042100439987
v 0.3999999999999999 -0.33559249228282145 -0.010714285714285676
v 0.3999999999999999 -0.32829002983095207 -0.02244402216013578
v 0.3999999999999999 -0.3125 -0.04635553787206756
v 0.4242881865775953 -0.3125 -0.010714285714285676
v -0.4727815890279034 -0.2557327397136594 -0.014972892358718376
v -0.46666666666666673 -0.26443018823133635 -0.010714285714285676
v -0.46666666666666673 -0.2593096373693823 -0.017630016331541085
v -0.46666666666666673 -0.25 -0.029074195572820042
v -0.47501309973144773 -0.25 -0.016526980170115314
v -0.4782159625436053 -0.25 -0.010714285714285676
v -0.4739650004806041 -0.25684218795056624 -0.010714285714285676
v -0.39999999999999997 -0.30778403219990474 -0.053639566777072094
v -0.4368943617907423 -0.2845884641788209 -0.03640857338998123
v -0.45482793184876175 -0.25 -0.04889802396610191
v -0.4453362850812141 -0.29250276726363816 -0.010714285714285676
v -0.3971641772752413 -0.30984141619553873 -0.0551679091738288
v 0.3999999999999999 -0.30778403219990474 -0.053639566777072094
v 0.4244149228513088 -0.289611009826898 -0.040139607299981374
v 0.4666666666666668 -0.26443018823133635 -0.010714285714285676
v 0.4666666666666668 -0.2593096373693823 -0.017630016331541085
v 0.4666666666666668 -0.25 -0.029074195572820042
v 0.4782159625436054 -0.25 -0.010714285714285676
v -0.46666666666666673 -0.23561687045861213 -0.04645824662639758
v -0.4948409022374327 -0.21391334584759308 -0.030335628343926273
v -0.5041581086996032 -0.1875 -0.03682439713008075
v -0.5185335963149059 -0.1875 -0.010714285714285676
v -0.5011532174127714 -0.2198311413244731 -0.010714285714285676
v -0.4590708828250867 -0.24287895264851872 -0.05185293625318534
v 0.4666666666666668 -0.23561687045861213 -0.04645824662639758
v 0.5109501133850909 -0.1875 -0.026302599606811694
v 0.518533596314906 -0.1875 -0.010714285714285676
v 0.4937741321866197 -0.22458675107504406 -0.010714285714285676
v -0.5427005872205255 -0.13378180051924263 -0.017237908957151632
v -0.5333333333333334 -0.15669949398102265 -0.010714285714285676
v -0.5333333333333334 -0.14212391019665657 -0.023434904717516282
v -0.5333333333333334 -0.125 -0.038409519268613565
v -0.544791391504649 -0.125 -0.018694004797880436
v -0.5486013402852757 -0.125 -0.010714285714285676
v -0.5447101630805116 -0.13566577788797957 -0.010714285714285676
v -0.5124237408777649 -0.16789725707290445 -0.04258081953987188
v -0.5263692142091968 -0.125 -0.05229284560997626
v -0.5237658330509595 -0.1785304684852744 -0.010714285714285676
v 0.5333333333333332 -0.14212391019665688 -0.023434904717516518
v 0.5333333333333332 -0.15669949398102323 -0.010714285714285676
v 0.5333333333333332 -0.125 -0.03840951926861412
v 0.5486013402852757 -0.125 -0.010714285714285676
v -0.5333333333333334 -0.11201032490852972 -0.047493384217764945
v -0.5565709705707418 -0.0842852849100704 -0.026897640218909415
v -0.5605596718642853 -0.0625 -0.029675485762627272
v -0.5697623032494153 -0.0625 -0.010714285714285676
v -0.562246490089063 -0.08960608445849658 -0.010714285714285676
v -0.5279416729479275 -0.11994531838868194 -0.05338795080302088
v 0.5333333333333332 -0.11201032490853013 -0.04749338421776525
v 0.5546338328649356 -0.0625 -0.04230858068334837
v 0.5697623032494155 -0.0625 -0.010714285714285676
v 0.5545649002684662 -0.10509540599831291 -0.010714285714285676
v -0.5662642642886713 -0.030872747770629323 -0.03364832691532463
v -0.570119423415895 0 -0.036333169878926895
v -0.5824991686223461 0 -0.010714285714285676
v -0.5753413644747535 -0.039382529195081395 -0.010714285714285676
v 0.5624261153726748 -0.035225516838117296 -0.036881812508315695
v 0.5751485796089755 0 -0.028021524915177752
v 0.5824991686223461 0 -0.010714285714285676
v 0.5776790717543892 -0.020925870230260227 -0.010714285714285676
v -0.5721503282895802 0.026109067228518565 -0.03774755005881478
v -0.5742520071558399 0.0625 -0.039211219269245645
v -0.587907446769829 0.0625 -0.010714285714285676
v -0.5840534056143778 0.014949932236520833 -0.010714285714285676
v 0.5803197018939421 0.04404972052557071 -0.02442020760957602
v 0.5832486055943121 0.0625 -0.022380435389675497
v 0.587907446769829 0.0625 -0.010714285714285676
v 0.5866298244312975 0.04996546040434134 -0.010714285714285676
v -0.5737175019261461 0.08713984194423802 -0.038838974555708894
v -0.5730884234746111 0.125 -0.03840086634838982
v -0.5863920812903974 0.125 -0.010714285714285676
v -0.5875703063032162 0.07415283784073483 -0.010714285714285676
v 0.5817982021587232 0.10793581452380296 -0.02339053778231777
v 0.5810166487137333 0.125 -0.02393483393150718
v 0.5863920812903974 0.125 -0.010714285714285676
v 0.5867533744105198 0.11258128850986221 -0.010714285714285676
v -0.569711860634419 0.15339513065523222 -0.03604933151325607
v -0.5666013394705768 0.1875 -0.033883075702723045
v -0.5778429718896761 0.1875 -0.010714285714285676
v -0.5840134878372233 0.1399873551526032 -0.010714285714285676
v 0.5742765196706838 0.16338423719126605 -0.02862885237220236
v 0.5678791318264003 0.1875 -0.0330841760494712
v 0.5778429718896761 0.1875 -0.010714285714285676
v 0.5807916932333311 0.16949221240624793 -0.010714285714285676
v -0.5582234803243513 0.22666548719592072 -0.02804849522588745
v -0.5544829798139517 0.25 -0.025443503799001982
v -0.5615889025957366 0.25 -0.010714285714285676
v -0.5697182357341501 0.2158891539992343 -0.010714285714285676
v 0.5598015460742113 0.21231394944457316 -0.03870963755545995
v 0.5404697282026638 0.25 -0.05217286785885908
v 0.5615889025957366 0.25 -0.010714285714285676
v 0.5701025361672621 0.22197112765680824 -0.010714285714285676
v -0.5359776068238642 0.31002099360262736 -0.012555833323762484
v -0.5333333333333334 0.3125 -0.015435656784051774
v -0.5354076817252317 0.3125 -0.012158921201500562
v -0.53609018531051 0.3125 -0.010714285714285676
v -0.5374249392990429 0.30866411940714744 -0.010714285714285676
v -0.5172669531677798 0.3125 -0.045953770956132324
v 0.5333333333333332 0.3125 -0.015435656784052273
v 0.538219265576771 0.2545805614782229 -0.05374015433046301
v 0.53609018531051 0.3125 -0.010714285714285676
v 0.5551153658607114 0.27042065549441696 -0.010714285714285676
v -0.5333333333333334 0.31764198826905854 -0.010714285714285676
v -0.5062811271080626 0.33786144333619134 -0.0383029278074007
v -0.4924435060649245 0.375 -0.028666013152358037
v -0.5024642872833283 0.375 -0.010714285714285676
v 0.5333333333333332 0.3176419882690591 -0.010714285714285676
v 0.509675608651334 0.35282088311062565 -0.027190201117820927
v 0.4831988466125076 0.375 -0.04562937468057509
v 0.5024642872833283 0.375 -0.010714285714285676
v 0.5142535816807721 0.3571127328257239 -0.010714285714285676
v 0.5353388141120649 0.31438013823006083 -0.010714285714285676
v -0.46666666666666673 0.40715866690777763 -0.03325356172565088
v -0.46666666666666673 0.42427907680287524 -0.010714285714285676
v -0.43895865678760165 0.4375 -0.03784620740565112
v -0.4562022779897851 0.4375 -0.010714285714285676
v 0.46017299976914383 0.4314121872835722 -0.015236660875060593
v 0.4666666666666668 0.42427907680287524 -0.010714285714285676
v 0.4666666666666668 0.40715866690777763 -0.03325356172565088
v 0.44943424972702584 0.4375 -0.022715433225821327
v 0.45620227798978513 0.4375 -0.010714285714285676
v 0.4610839757140638 0.4322662272319347 -0.010714285714285676
v 0.4754681601020226 0.38325140009564607 -0.05101324564323434
v 0.48989958702917863 0.3967808628398549 -0.010714285714285676
v -0.39999999999999997 0.491813813011415 -0.01679545319152026
v -0.39999999999999997 0.49534342040914425 -0.010714285714285676
v -0.3736296285036447 0.5 -0.03877777699360971
v -0.39467134169025764 0.5 -0.010714285714285676
v 0.39726256039009694 0.49743365036571596 -0.012620716871182408
v 0.3999999999999999 0.49534342040914436 -0.010714285714285676
v 0.3999999999999999 0.49181381301141514 -0.016795453191520163
v 0.3899688784734597 0.5 -0.017700245348840522
v 0.3946713416902577 0.5 -0.010714285714285676
v 0.39761049919593733 0.4977598429961913 -0.010714285714285676
v 0.42206650390379685 0.45818734740980954 -0.0417751133527129
v 0.4320581469355536 0.4675545127520815 -0.010714285714285676
v -0.3333333333333333 0.5376813252668841 -0.029151015516028996
v -0.3333333333333333 0.547239055311 -0.010714285714285676
v -0.2666666666666667 0.5625 -0.05501247631377005
v -0.2914329199016895 0.5625 -0.027962212074390883
v -0.3078767353980464 0.5625 -0.010714285714285676
v -0.2653569672334741 0.5625 -0.05623074503759801
v 0.2666666666666666 0.5625 -0.055012476313770195
v 0.32237434314474317 0.5522259466981967 -0.018346439595625326
v 0.3333333333333335 0.5472390553109999 -0.010714285714285676
v 0.3333333333333335 0.537681325266884 -0.02915101551602909
v 0.3078767353980465 0.5625 -0.010714285714285676
v 0.3240953849087331 0.5538394233519371 -0.010714285714285676
v 0.3525447825580366 0.5180107336481593 -0.04376345500422456
v 0.36347771215543223 0.5282603551457177 -0.010714285714285676
v -0.2666666666666667 0.5859836202705703 -0.010714285714285676
v -0.20000000000000007 0.6135838429528345 -0.010714285714285676
v -0.20000000000000007 0.6084260309833228 -0.023026376983817348
v -0.22327306495651544 0.6031815016032668 -0.010714285714285676
v -0.13333333333333341 0.625 -0.02553212856658761
v -0.14503674287273788 0.625 -0.01886487450065666
v -0.1593478347479188 0.625 -0.010714285714285676
v -0.06666666666666665 0.625 -0.050535046012584635
v -0.10345118959095584 0.625 -0.036332078465129924
v -0.058638383553563427 0.625 -0.05155173140337456
v 0.06666666666666665 0.625 -0.050535046012584635
v 0.13333333333333341 0.625 -0.02553212856658761
v 0.08690043472997154 0.625 -0.043051482955912684
v 0.1890165994879831 0.6147030620199841 -0.018363439642297447
v 0.19999999999999996 0.6135838429528345 -0.010714285714285676
v 0.19999999999999996 0.6084260309833228 -0.023026376983817307
v 0.15934783474791883 0.625 -0.010714285714285676
v 0.19108804767801957 0.6166450446981434 -0.010714285714285676
v 0.2666666666666666 0.5859836202705704 -0.010714285714285676
v 0.2314770066486511 0.5920096937331104 -0.03522137036968938
v 0.23939426396257557 0.5994321224649146 -0.010714285714285676
v 0.28364808163055094 0.5784200765286415 -0.010714285714285676
v -0.13333333333333341 0.6326918903510186 -0.010714285714285676
v -0.06666666666666665 0.6442857854937722 -0.010714285714285676
v -0.1236494134028159 0.6340786749348601 -0.010714285714285676
v 1.1102230246251565e-16 0.6480274941924552 -0.010714285714285676
v 1.1102230246251565e-16 0.6267449124286553 -0.05584663648157038
v -0.0450045455157282 0.6453082385790048 -0.010714285714285676
v 0.0017292279573646741 0.6266211512100293 -0.05593857338683541
v 0.06666666666666665 0.6442857854937722 -0.010714285714285676
v 0.023401946835412885 0.6469393251581995 -0.010714285714285676
v 0.13333333333333341 0.6326918903510186 -0.010714285714285676
v 0.08461981615459378 0.6418310776449316 -0.010714285714285676
v 0.1399690385733641 0.6312209736625288 -0.010714285714285676
v -0.20000000000000007 -0.4375 -0.0030410726677033437
v -0.13333333333333341 -0.4375 0.005855218612675926
v -0.1872119754499947 -0.4375 -0.0018083400455319622
v -0.06666666666666665 -0.4375 0.01109309132172737
v -0.1070550783509257 -0.4375 0.007586641862748215
v 1.1102230246251565e-16 -0.4375 0.012876865537635836
v -0.03423838384478761 -0.4375 0.011869696965237167
v 0.06666666666666665 -0.4375 0.01109309132172737
v 0.032757196133967055 -0.4375 0.012098761593298462
v 0.13333333333333341 -0.4375 0.005855218612675926
v 0.09535569365596996 -0.4375 0.009265572367550504
v 0.19999999999999996 -0.4375 -0.0030410726677033107
v 0.15442857718312278 -0.4375 0.003977044823960505
v 0.20943474039124035 -0.4375 -0.00414366294181469
v -0.3333333333333333 -0.375 -0.005510221011194234
v -0.2666666666666667 -0.375 0.010580944941139678
v -0.32308370170510065 -0.375 -0.003576149401766502
v -0.20000000000000007 -0.4147689691547284 0.006171622913630367
v -0.20000000000000007 -0.375 0.023990436222046475
v -0.22408423548588519 -0.375 0.018941336000901445
v -0.13333333333333341 -0.37506995145042465 0.0357142857142857
v -0.133512736245856 -0.375 0.0357142857142857
v -0.13339558697137827 -0.37505836278566707 0.0357142857142857
v -0.06666666666666665 -0.390800074275312 0.0357142857142857
v -0.08159600262453703 -0.38899625246050346 0.0357142857142857
v 1.1102230246251565e-16 -0.3955475495052174 0.0357142857142857
v -0.020942618951721934 -0.3946337052672394 0.0357142857142857
v 0.06666666666666665 -0.390800074275312 0.0357142857142857
v 0.04895509152804631 -0.3916046016924566 0.0357142857142857
v 0.13333333333333341 -0.37506995145042465 0.0357142857142857
v 0.1332458655576753 -0.3750820010396795 0.0357142857142857
v 0.19999999999999996 -0.4147689691547283 0.006171622913630433
v 0.17146550166687144 -0.40175109218730803 0.015842045803714046
v 0.19999999999999996 -0.375 0.023990436222046496
v 0.18631524061399843 -0.375 0.026183828284748918
v 0.133512736245856 -0.375 0.0357142857142857
v 0.21433438353055925 -0.4240615154401007 -0.0007314114697890405
v 0.2666666666666666 -0.375 0.010580944941139734
v 0.23910224751038722 -0.375 0.016517636659019706
v 0.3333333333333335 -0.375 -0.005510221011194267
v 0.29137128072636753 -0.375 0.00649071336300595
v 0.33932031465108753 -0.375 -0.006544780867992654
v -0.39999999999999997 -0.3125 -0.0021400629041092144
v -0.3333333333333333 -0.36261405835167704 -0.0015133004898172167
v -0.3333333333333333 -0.3125 0.01762491966080954
v -0.38028846989127824 -0.3125 0.0030133870400026724
v -0.2666666666666667 -0.31794612871662475 0.0357142857142857
v -0.2743289548206099 -0.3125 0.0357142857142857
v -0.2708134394255338 -0.31638759946143796 0.0357142857142857
v -0.20000000000000007 -0.3539553531681814 0.0357142857142857
v -0.23237317227603888 -0.3428498490087864 0.0357142857142857
v -0.18505606127248256 -0.3609900574429523 0.0357142857142857
v 0.19999999999999996 -0.35395535316818144 0.0357142857142857
v 0.2666666666666666 -0.31794612871662487 0.0357142857142857
v 0.25559306575777935 -0.32288150085208184 0.0357142857142857
v 0.3333333333333335 -0.36261405835167715 -0.0015133004898172792
v 0.3023639872925856 -0.341533761913201 0.014146348293050684
v 0.3333333333333335 -0.3125 0.017624919660809504
v 0.3149277914200656 -0.3125 0.022896140453259925
v 0.2743289548206099 -0.3125 0.0357142857142857
v 0.3411776255624149 -0.3676459760352362 -0.005251296483318273
v 0.3999999999999999 -0.3125 -0.0021400629041092127
v 0.3638719972455385 -0.3125 0.010553712367428563
v 0.4095409690616245 -0.3125 -0.004069682260654278
v -0.46666666666666673 -0.25 -0.006061467403710357
v -0.39999999999999997 -0.2941106896312607 0.0029463448453492073
v -0.39999999999999997 -0.25 0.017478644746508693
v -0.45471840137703945 -0.25 -0.00239317238758098
v -0.3333333333333333 -0.2686769746995748 0.0357142857142857
v -0.35315857977379794 -0.25 0.0357142857142857
v -0.3457975467407365 -0.2616852000694405 0.0357142857142857
v -0.3114157592857761 -0.2919522743304151 0.0357142857142857
v 0.3333333333333335 -0.2686769746995746 0.0357142857142857
v 0.3999999999999999 -0.2941106896312607 0.0029463448453492073
v 0.3739153527645722 -0.27445435678321356 0.017548192103898498
v 0.3999999999999999 -0.25 0.017478644746508693
v 0.38263934248770703 -0.25 0.02362382780393886
v 0.35315857977379783 -0.25 0.0357142857142857
v 0.41169012959367923 -0.3015405035059257 -0.0025729454615447695
v 0.4666666666666668 -0.25 -0.006061467403710357
v 0.42939291446504707 -0.25 0.00975577971672923
v 0.4717292726909501 -0.25 -0.007188542233088339
v -0.46666666666666673 -0.24140632398654235 -0.004330412104288572
v -0.46666666666666673 -0.1875 0.010138481591422166
v -0.39999999999999997 -0.1942351708837711 0.0357142857142857
v -0.4054021319317463 -0.1875 0.0357142857142857
v -0.40386860872188224 -0.19112682067676462 0.0357142857142857
v -0.3779766940032045 -0.22935315062800427 0.0357142857142857
v 0.3999999999999999 -0.19423517088377118 0.0357142857142857
v 0.4666666666666668 -0.24140632398654235 -0.004330412104288572
v 0.4353489715303707 -0.21686033919027745 0.013903748030079616
v 0.4666666666666668 -0.1875 0.010138481591422166
v 0.4436413055188637 -0.1875 0.019678766343494362
v 0.4054021319317463 -0.1875 0.0357142857142857
v 0.4725099712439707 -0.24452190195877757 -0.006644841455091884
v 0.48863084429738074 -0.1875 0.004582195135675874
v -0.5333333333333334 -0.125 -0.003863158375610541
v -0.46666666666666673 -0.148236093160387 0.01845318793799823
v -0.46666666666666673 -0.125 0.02374064470473461
v -0.5112229151946519 -0.125 0.004684041203724645
v -0.443904591345907 -0.125 0.0357142857142857
v -0.4321365835567941 -0.15512804708449446 0.0357142857142857
v 0.4531389205723942 -0.13768226196338054 0.026293176827203023
v 0.4666666666666668 -0.14823609316038702 0.01845318793799822
v 0.4666666666666668 -0.125 0.023740644704734602
v 0.4560802771528436 -0.125 0.02834162158858746
v 0.443904591345907 -0.125 0.0357142857142857
v 0.41030074550299056 -0.17784305109094628 0.0357142857142857
v 0.49139043970334306 -0.1643214627781159 0.006504056221971061
v 0.5333333333333332 -0.125 -0.0038631583756104154
v 0.5000633632895303 -0.125 0.012544128005208582
v 0.5405840390244299 -0.125 -0.005664687107986276
v -0.5333333333333334 -0.11421209791503063 -0.002700415594022728
v -0.5333333333333334 -0.0625 0.005523501727152387
v -0.46666666666666673 -0.06284171241434203 0.0357142857142857
v -0.4668203845580756 -0.0625 0.0357142857142857
v -0.46679427068520735 -0.06261962876738184 0.0357142857142857
v -0.4515758548125151 -0.11085236388673286 0.0357142857142857
v 0.4666666666666668 -0.06284171241434189 0.0357142857142857
v 0.5333333333333332 -0.11421209791503044 -0.002700415594022579
v 0.5031634761033548 -0.09078424115310495 0.01470313514340776
v 0.5333333333333332 -0.0625 0.005523501727152512
v 0.5077284791656267 -0.0625 0.017882333704632908
v 0.4668203845580756 -0.0625 0.0357142857142857
v 0.5411127139110882 -0.11770683070835475 -0.005296502811920641
v 0.550270628946751 -0.0625 0.0010813308736302742
v -0.5333333333333334 -0.0381097454469708 0.007404189096535993
v -0.5333333333333334 0 0.011342247103385165
v -0.4843815675273915 0 0.0357142857142857
v -0.48221322622751617 -0.01457489958829631 0.0357142857142857
v 0.5333333333333332 -0.038109745446970614 0.007404189096536132
v 0.5104103299936431 -0.021490315630959544 0.019750051245572914
v 0.5333333333333332 0 0.011342247103385272
v 0.5126461267731721 0 0.02130712400274489
v 0.4843815675273915 0 0.0357142857142857
v 0.4668495028192096 -0.06232859110699108 0.0357142857142857
v 0.551069536682478 -0.0458723093601768 0.0016377130467258305
v 0.5559246726909359 0 0.005018968481187599
v -0.5333333333333334 0.03114742085195063 0.012423798347163336
v -0.5333333333333334 0.0625 0.013862975229105838
v -0.4906035577953447 0.0625 0.0357142857142857
v -0.48919227208587746 0.041382244919489955 0.0357142857142857
v 0.5333333333333332 0.03114742085195079 0.012423798347163454
v 0.513952716736206 0.04433067194019321 0.02221707058414353
v 0.5333333333333332 0.0625 0.013862975229105956
v 0.5147884565513037 0.0625 0.022799103669657914
v 0.4906035577953447 0.0625 0.0357142857142857
v 0.4856208730856232 0.01776956851777169 0.0357142857142857
v 0.5563838914814766 0.02160989826388438 0.005338781567456985
v 0.5582898316382702 0.0625 0.006666132748081033
v -0.5333333333333334 0.09499366034727999 0.013423861972265149
v -0.5333333333333334 0.125 0.013033150726870089
v -0.4873192664399605 0.125 0.0357142857142857
v -0.48786372848430504 0.10512775454596407 0.0357142857142857
v 0.5333333333333332 0.09499366034728016 0.013423861972265264
v 0.5142765475716898 0.10713426334845924 0.022442595630284008
v 0.5333333333333332 0.125 0.0130331507268702
v 0.5140431700843502 0.125 0.022280064880172486
v 0.4873192664399605 0.125 0.0357142857142857
v 0.490024873350006 0.08439831876563056 0.0357142857142857
v 0.5581518093757806 0.08576732128979428 0.006570010100990054
v 0.5576291654633865 0.125 0.006206025947715618
v -0.5333333333333334 0.15482235845545647 0.011439466281196256
v -0.5333333333333334 0.1875 0.009061998179703105
v -0.4735559824441907 0.1875 0.0357142857142857
v -0.47445200822926803 0.1802012422850613 0.0357142857142857
v 0.5333333333333332 0.1548223584554566 0.01143946628119636
v 0.5121069968057177 0.1676003095053604 0.020931658489696296
v 0.5333333333333332 0.1875 0.009061998179703212
v 0.5106498552424837 0.1875 0.019916863472444073
v 0.4735559824441907 0.1875 0.0357142857142857
v 0.48541383574599906 0.14257547101187404 0.0357142857142857
v 0.5569232314432867 0.14711552947808132 0.005714393326574713
v 0.5538718116227938 0.1875 0.0035892973801600215
v -0.5333333333333334 0.21151508429861962 0.007125491193260308
v -0.5333333333333334 0.25 0.0019048366334868897
v -0.4858229820287116 0.23204095434808295 0.02237328037286162
v -0.46666666666666673 0.20488071681869893 0.0357142857142857
v -0.46666666666666673 0.24164552041149634 0.02950810087711156
v -0.46666666666666673 0.25 0.028338709117142605
v -0.4935110123895804 0.25 0.017019116371542277
v -0.4521205923717878 0.25 0.0357142857142857
v 0.4608679656935958 0.24456371783774594 0.031675904679468396
v 0.4666666666666668 0.20488071681869882 0.0357142857142857
v 0.4666666666666668 0.24164552041149634 0.029508100877111546
v 0.4666666666666668 0.25 0.028338709117142598
v 0.4600962909724791 0.25 0.031138488355833605
v 0.4521205923717878 0.25 0.0357142857142857
v 0.45670007020857206 0.2406563158205362 0.0357142857142857
v 0.5333333333333332 0.21151508429861976 0.007125491193260402
v 0.5079910428642445 0.2262416026852292 0.01806519056617026
v 0.5333333333333332 0.25 0.0019048366334870025
v 0.5047482554214038 0.25 0.015806820739906254
v 0.47255721549132557 0.19302238952311765 0.0357142857142857
v 0.552865445083365 0.20581135476565476 0.0028884349687721324
v 0.5465752235894007 0.25 -0.0014922550002387062
v -0.5333333333333334 0.26477094162277576 0.00025841377691913914
v -0.5333333333333334 0.3125 -0.009471288102062334
v -0.46666666666666673 0.29235623819703266 0.020750348374938554
v -0.508619021344946 0.2731696674891132 0.006497467277626987
v -0.46666666666666673 0.3125 0.016816693903814482
v -0.5300160704294046 0.3125 -0.00840404904904949
v -0.41963506870491496 0.3125 0.0357142857142857
v -0.4341668585247991 0.2804685701330009 0.0357142857142857
v 0.4666666666666668 0.29235623819703266 0.020750348374938547
v 0.45227481691640425 0.2990076408591289 0.025691390352495756
v 0.4666666666666668 0.3125 0.016816693903814475
v 0.4495368354432984 0.3125 0.023784581826582787
v 0.4196350687049149 0.3125 0.0357142857142857
v 0.4391517128986264 0.28670473084246223 0.0357142857142857
v 0.5333333333333332 0.26477094162277587 0.00025841377691923975
v 0.5016568760225407 0.28280332127113195 0.013653895801412318
v 0.5333333333333332 0.3125 -0.009471288102062204
v 0.49556889632778045 0.3125 0.009414052799704253
v 0.5457325511820669 0.2616242667331878 -0.0020791161410604712
v 0.5346603514637714 0.3125 -0.009790112373444794
v -0.5333333333333334 0.3139136087784636 -0.009664176335998458
v -0.5311177412915729 0.3145771175391505 -0.009171284113773867
v -0.46666666666666673 0.34305349250017514 0.011982594428701532
v -0.46666666666666673 0.375 0.0035768060482098112
v -0.4188176179148688 0.35735848320481045 0.022609158952144916
v -0.39999999999999997 0.338845221595432 0.0357142857142857
v -0.39999999999999997 0.36466499812745257 0.028036855751821903
v -0.39999999999999997 0.375 0.025329033117709003
v -0.43054892019756197 0.375 0.014439144862412198
v -0.371861587706979 0.375 0.0357142857142857
v 0.3921033427882107 0.36759688386394757 0.030214828013218197
v 0.3999999999999999 0.33884522159543207 0.0357142857142857
v 0.3999999999999999 0.36466499812745257 0.02803685575182191
v 0.3999999999999999 0.375 0.025329033117709024
v 0.3900238187978063 0.375 0.028766588091329412
v 0.371861587706979 0.375 0.0357142857142857
v 0.3862947226041274 0.3621513024413695 0.0357142857142857
v 0.4666666666666668 0.34305349250017514 0.011982594428701532
v 0.44366580789068244 0.3534366948975147 0.019695830495296666
v 0.4666666666666668 0.375 0.0035768060482098112
v 0.43774878574051 0.375 0.015575047212140886
v 0.4143410077264218 0.32594469474352045 0.0357142857142857
v 0.5333333333333332 0.3139136087784637 -0.009664176335998347
v 0.49277732450431233 0.3369787417227928 0.007469922422646099
v 0.48202561353203394 0.375 -0.000017876290190683986
v 0.5345678060804677 0.3136573182004386 -0.009854563622531318
v -0.46666666666666673 0.39058273967395396 0.0008614637577944104
v -0.39999999999999997 0.41240499956428767 0.017072285390613697
v -0.44421566646515925 0.3960478126889132 0.004921232283192703
v -0.39999999999999997 0.4375 0.008902413547292706
v -0.346537789108075 0.4251208227111797 0.026518325442590605
v -0.3333333333333333 0.41343695673065534 0.0357142857142857
v -0.3333333333333333 0.4293078472491486 0.02962868652793895
v -0.3333333333333333 0.4375 0.02696034427743884
v -0.3556493690137279 0.4375 0.020172760865439475
v -0.3029586449503923 0.4375 0.0357142857142857
v 0.3266397618218964 0.4312247767080278 0.031052691268820626
v 0.3333333333333335 0.41343695673065517 0.0357142857142857
v 0.3333333333333335 0.42930784724914856 0.02962868652793891
v 0.3333333333333335 0.4375 0.026960344277438777
v 0.3243464259183245 0.4375 0.029455546621690205
v 0.3029586449503923 0.4375 0.0357142857142857
v 0.3216121330625074 0.42651137474610057 0.0357142857142857
v 0.3999999999999999 0.41240499956428767 0.0170722853906137
v 0.3806230275594441 0.4193340883369789 0.022219608478898582
v 0.3999999999999999 0.4375 0.008902413547292706
v 0.3742040744076386 0.4375 0.01774926610531972
v 0.3580198017782335 0.39814356416709384 0.0357142857142857
v 0.4666666666666668 0.39058273967395396 0.0008614637577944104
v 0.43291098889611646 0.40585405209010916 0.012205867266938241
v 0.42157822350051616 0.4375 0.00431340565214521
v 0.480436418997357 0.38790914281002215 -0.001124636769697802
v -0.39999999999999997 0.45813608783827886 0.004615379537007153
v -0.3333333333333333 0.4753146672481577 0.01737660995577427
v -0.3723792928188839 0.46339441298229633 0.008521563929705857
v -0.3333333333333333 0.5 0.007669518751370508
v -0.2843790393536664 0.4833946506059378 0.02337888330726806
v -0.2666666666666667 0.4646354008707635 0.0357142857142857
v -0.2666666666666667 0.4877971445324562 0.026649307366967474
v -0.2666666666666667 0.5 0.021958708424762295
v -0.29720981242635947 0.5 0.014443166345928245
v -0.20160578036654084 0.498494580906368 0.03459597438758766
v -0.20000000000000007 0.49723145678936165 0.0357142857142857
v -0.20000000000000007 0.4988153876536209 0.03483428797126119
v -0.20000000000000007 0.5 0.03436177282768353
v -0.2027380007276004 0.5 0.03380746377899262
v -0.2078040507888277 0.4926837023854741 0.0357142857142857
v -0.19171992102434532 0.5 0.0357142857142857
v 0.19891160266689784 0.49897962750021674 0.03495629471444672
v 0.19999999999999996 0.49723145678936176 0.0357142857142857
v 0.19999999999999996 0.4988153876536209 0.0348342879712612
v 0.19999999999999996 0.5 0.03436177282768356
v 0.1984095509510364 0.5 0.03460665155518607
v 0.1917199210243454 0.5 0.0357142857142857
v 0.19805877539652436 0.4981801019342416 0.0357142857142857
v 0.2560264216073064 0.49002477025684976 0.02830411504794554
v 0.2666666666666666 0.46463540087076355 0.0357142857142857
v 0.2666666666666666 0.4877971445324562 0.026649307366967474
v 0.2666666666666666 0.5 0.021958708424762302
v 0.25148206496144376 0.5 0.025139295241005506
v 0.24579958514914646 0.48043711107732484 0.0357142857142857
v 0.3333333333333335 0.47531466724815763 0.017376609955774246
v 0.3130359103481636 0.4809711659514033 0.02157858042104245
v 0.3333333333333335 0.5 0.007669518751370483
v 0.30455415257537455 0.5 0.015671641972135796
v 0.2865588916344435 0.4561489609072908 0.0357142857142857
v 0.3999999999999999 0.45813608783827886 0.004615379537007155
v 0.3677542580869202 0.46976961695648767 0.013257429739105136
v 0.3542371465299186 0.5 0.0038437270476218473
v 0.4187040991115063 0.45503509291703714 0.002311783309799059
v -0.3333333333333333 0.5188015042783498 0.0032525460353456086
v -0.2666666666666667 0.5327495947310072 0.013613984657319701
v -0.30972952453906827 0.5221285707446235 0.005724081124577486
v -0.2666666666666667 0.5625 -0.0003703695879980935
v -0.20000000000000007 0.5423736591174547 0.020763289630109184
v -0.22693614950471183 0.5372473598393327 0.016955181594932884
v -0.20000000000000007 0.5625 0.01155519750479463
v -0.24816626798687536 0.5625 0.002169920509140442
v -0.15046347105326616 0.546440495887563 0.02378436837361826
v -0.13333333333333341 0.5237244711418696 0.0357142857142857
v -0.13333333333333341 0.5487645847543947 0.02551083438897892
v -0.13333333333333341 0.5625 0.01932950590867143
v -0.1627526358550319 0.5625 0.015225842886674265
v -0.07821309582209088 0.5516752226667898 0.027673022552472427
v -0.06666666666666665 0.5371729880295526 0.0357142857142857
v -0.06666666666666665 0.5526210579587724 0.028375643055088016
v -0.06666666666666665 0.5625 0.02394525015983017
v -0.08590360198777357 0.5625 0.022317134329943422
v -0.10324252004142219 0.5282101374611667 0.0357142857142857
v -0.009374411908031913 0.55371148883622 0.029185677421191984
v 1.1102230246251565e-16 0.5412867855992318 0.0357142857142857
v 1.1102230246251565e-16 0.5539700172546475 0.029377727103452413
v 1.1102230246251565e-16 0.5625 0.025546957140932844
v -0.015224272822520327 0.5625 0.025111667141458995
v -0.024838399678446574 0.5392140003014563 0.0357142857142857
v 0.05643299578933017 0.5529059335524971 0.028587264924712072
v 0.06666666666666665 0.5371729880295526 0.0357142857142857
v 0.06666666666666665 0.5526210579587724 0.028375643055088016
v 0.06666666666666665 0.5625 0.02394525015983017
v 0.05043964153397865 0.5625 0.024413321782592264
v 0.04194139669290757 0.5393200593996008 0.0357142857142857
v 0.11989626071683467 0.5499027444220325 0.02635632442779552
v 0.13333333333333341 0.5237244711418696 0.0357142857142857
v 0.13333333333333341 0.5487645847543947 0.02551083438897892
v 0.13333333333333341 0.5625 0.01932950590867143
v 0.11243591752637672 0.5625 0.021160728277298042
v 0.1014590161916828 0.5326178276797026 0.0357142857142857
v 0.19999999999999996 0.5423736591174547 0.020763289630109198
v 0.1814030291579089 0.5450653398355396 0.022762823877829408
v 0.19999999999999996 0.5625 0.01155519750479465
v 0.17144893845276085 0.5625 0.015830510708172738
v 0.15387846700057808 0.519261062813042 0.0357142857142857
v 0.2666666666666666 0.5327495947310072 0.013613984657319715
v 0.24073931207494348 0.5381931050702595 0.017657735195049973
v 0.2666666666666666 0.5625 -0.0003703695879980328
v 0.22717091717757348 0.5625 0.008208317320095873
v 0.3333333333333335 0.5188015042783498 0.0032525460353455913
v 0.2975697167382033 0.5289716094420656 0.010807481299820173
v 0.2789121810723413 0.5625 -0.002186159610333728
v 0.35092559353542707 0.5164927439394628 0.0015374669264581007
v -0.2666666666666667 0.5729021315498356 -0.00298698799155068
v -0.2543168834486854 0.5740779217668575 -0.0021135438303344373
v -0.20000000000000007 0.5845639980157185 0.005676112811676622
v -0.13333333333333341 0.5920064016344339 0.011204755499865122
v -0.17454925053196008 0.5863600776262875 0.007010343379527877
v -0.13333333333333341 0.625 -0.006946926779908963
v -0.06666666666666665 0.5961948560641903 0.014316178790541412
v -0.1003481969999892 0.5934235653125102 0.012257505660721833
v -0.06666666666666665 0.625 -0.0013115975620699456
v -0.1274548798695445 0.625 -0.006620362766289841
v 1.1102230246251565e-16 0.5975508419386991 0.015323482583033662
v -0.030168466575700353 0.5967170625852809 0.014704103634780075
v 1.1102230246251565e-16 0.625 0.0004965908535239823
v -0.05279916276533273 0.625 -0.001056559782999577
v 0.06666666666666665 0.5961948560641903 0.014316178790541412
v 0.03683354313380384 0.5970314466879411 0.014937646111041938
v 0.06666666666666665 0.625 -0.0013115975620699456
v 0.0156900684867661 0.625 0.0002127262675692184
v 0.13333333333333341 0.5920064016344339 0.011204755499865122
v 0.10109922590147699 0.5947805242826346 0.013265532324242886
v 0.13333333333333341 0.625 -0.006946926779908963
v 0.07921652629239462 0.625 -0.0019742049035108705
v 0.19999999999999996 0.5845639980157186 0.00567611281167664
v 0.16276134601682068 0.5900887618907693 0.009780223118857255
v 0.13815903486473952 0.625 -0.007353529290627863
v 0.2666666666666666 0.5729021315498356 -0.0029869879915506367
v 0.22159648947965013 0.5827467088871721 0.004326126601899252
v 0.2767512252266054 0.5719542736499426 -0.003691111002899759
v -0.13333333333333341 0.6287383388573753 -0.007937233991664072
v -0.12919780606830944 0.62887705681096 -0.007834186369001123
v -0.06666666666666665 0.6342484635185177 -0.0038439985291010646
v -0.05668115105749066 0.6343614208836025 -0.0037600873436095554
v 1.1102230246251565e-16 0.6359969482462092 -0.002545124159958818
v 0.06666666666666665 0.6342484635185177 -0.0038439985291010646
v 0.011592845295431777 0.6358682924644672 -0.0026406970263957597
v 0.13333333333333341 0.6287383388573753 -0.007937233991664072
v 0.07621001784315037 0.6339468917279535 -0.004068023287805956
v 0.13712806569318048 0.6285575615873567 -0.008071525677963605
v -0.13333333333333341 -0.375 0.03580100286591949
v -0.06666666666666665 -0.375 0.05699229807719722
v -0.13311504306946048 -0.375 0.035866309290911495
v 1.1102230246251565e-16 -0.375 0.06407248190980681
v -0.03087526361242892 -0.375 0.060640441412772625
v 0.06666666666666665 -0.375 0.05699229807719722
v 0.035591269702652466 -0.375 0.06050106282863289
v 0.13333333333333341 -0.375 0.03580100286591949
v 0.08834631483994647 -0.375 0.05081261212067696
v 0.1334096689777525 -0.375 0.03576744803807756
v -0.2666666666666667 -0.3125 0.04212355330942924
v -0.2097986497027341 -0.32168623409631314 0.07531879752845302
v -0.20000000000000007 -0.3207819511610175 0.08214285714285707
v -0.20000000000000007 -0.3290290273986737 0.06986415107527091
v -0.21495062947195587 -0.3125 0.08214285714285707
v -0.20638052092082337 -0.31848173836327187 0.08214285714285707
v -0.13333333333333341 -0.3465985310262442 0.08214285714285707
v -0.17559095629483712 -0.3521165215264097 0.05271344115180988
v -0.16158635830309787 -0.3389872109091542 0.08214285714285707
v -0.06666666666666665 -0.36018954863140357 0.08214285714285707
v -0.10981076024587157 -0.35294758773050455 0.08214285714285707
v 1.1102230246251565e-16 -0.3644873864319059 0.08214285714285707
v -0.05220262423710112 -0.3614399602222823 0.08214285714285707
v 0.06666666666666665 -0.36018954863140357 0.08214285714285707
v 0.012318211367822901 -0.3634516768426661 0.08214285714285707
v 0.13333333333333341 -0.3465985310262442 0.08214285714285707
v 0.08811860916319095 -0.3548888039095085 0.08214285714285707
v 0.19999999999999996 -0.32078195116101754 0.08214285714285707
v 0.19999999999999996 -0.3290290273986738 0.06986415107527083
v 0.18669454187742723 -0.32497386698991193 0.08214285714285707
v 0.2666666666666666 -0.3125 0.04212355330942933
v 0.2408652136319287 -0.3125 0.06417398806509318
v 0.21495062947195587 -0.3125 0.08214285714285707
v 0.2710431850334875 -0.3125 0.03876221814832167
v -0.3333333333333333 -0.25 0.05620777297237916
v -0.2666666666666667 -0.2834864088371154 0.08214285714285707
v -0.29889525806231376 -0.28021430443341916 0.05969794527803145
v -0.30895891392113456 -0.25 0.08214285714285707
v -0.2890757913830655 -0.27100855442162386 0.08214285714285707
v -0.24961244084275727 -0.2965116632900849 0.08214285714285707
v 0.2666666666666666 -0.28348640883711546 0.08214285714285707
v 0.2796031586060631 -0.30037203880681584 0.044723628314936786
v 0.3333333333333335 -0.25 0.05620777297237889
v 0.31940217174996954 -0.25 0.07244079818301438
v 0.3089589139211345 -0.25 0.08214285714285707
v 0.34581650143186426 -0.25 0.04440792064004822
v -0.39999999999999997 -0.1875 0.04173195928973975
v -0.3333333333333333 -0.22707981833271618 0.08214285714285707
v -0.36536698228465253 -0.21753154589186177 0.0598337087660455
v -0.36885320256622983 -0.1875 0.08214285714285707
v -0.3556585335984529 -0.2084298752485496 0.08214285714285707
v -0.3225804292524848 -0.23991915242420453 0.08214285714285707
v 0.3333333333333335 -0.22707981833271595 0.08214285714285707
v 0.35619313982310696 -0.22856893141583728 0.051634508091092254
v 0.3999999999999999 -0.1875 0.04173195928973982
v 0.38094850364158095 -0.1875 0.06887485075038668
v 0.36885320256622983 -0.1875 0.08214285714285707
v 0.4034641193305772 -0.1875 0.03812679739093774
v -0.39999999999999997 -0.13835351791373585 0.08214285714285707
v -0.4092394651295185 -0.1336619985589236 0.0757082296419424
v -0.4166708817265773 -0.125 0.07053277879756217
v -0.40837609437882394 -0.125 0.08214285714285707
v -0.40606100432549935 -0.13068219155515565 0.08214285714285707
v -0.3828025599395009 -0.17137739994328213 0.08214285714285707
v 0.3999999999999999 -0.13835351791373585 0.08214285714285707
v 0.40486694700523135 -0.18293723718259555 0.039103766664357574
v 0.4302610707641481 -0.125 0.05678895999646024
v 0.4083760943788239 -0.125 0.08214285714285707
v -0.46666666666666673 -0.0625 0.035890921437854356
v -0.4416812787172536 -0.10157619879742523 0.05311482375048408
v -0.43578658626085764 -0.0625 0.08214285714285707
v -0.42788234142169246 -0.08863969508283669 0.08214285714285707
v 0.4381758942775472 -0.08921009911479952 0.06230106922900602
v 0.4666666666666668 -0.0625 0.03589092143785428
v 0.4469090071206814 -0.0625 0.06838305853047444
v 0.43578658626085764 -0.0625 0.08214285714285707
v 0.41253826150203354 -0.1132453798418435 0.08214285714285707
v 0.4667655752031555 -0.0625 0.035783168445054594
v -0.46666666666666673 -0.06209564560215636 0.036014663266969546
v -0.46666666666666673 0 0.057139460093197654
v -0.450116936235381 0 0.08214285714285707
v -0.4426512342935302 -0.039985532150184556 0.08214285714285707
v 0.4666666666666668 -0.06209564560215654 0.036014663266969414
v 0.4534609120111375 -0.012380394989558709 0.07294599229347062
v 0.4666666666666668 0 0.057139460093197564
v 0.45599296179621773 0 0.07470938410808009
v 0.45011693623538096 0 0.08214285714285707
v 0.44426548317312553 -0.021001109525194878 0.08214285714285707
v 0.4667757700764776 -0.062397715553302396 0.035790268446118205
v 0.47849558084568133 0 0.043952279517528
v -0.46666666666666673 0.03318947296241869 0.060369322772082415
v -0.46666666666666673 0.0625 0.06426344445439547
v -0.4545104896172387 0.0625 0.08214285714285707
v -0.4514922991564255 0.014225969540851115 0.08214285714285707
v 0.4666666666666668 0.03318947296241853 0.06036932277208229
v 0.458262080091178 0.05462070008547933 0.07628966292064174
v 0.4666666666666668 0.0625 0.06426344445439537
v 0.4588763413311526 0.0625 0.07671745199848116
v 0.4545104896172387 0.0625 0.08214285714285707
v 0.45333787599740494 0.05000425874756704 0.08214285714285707
v 0.47885063090115204 0.01142246646982996 0.04419954652044509
v 0.482649751697814 0.0625 0.04684536278954894
v -0.46666666666666673 0.09623131914754934 0.0607718370810366
v -0.46666666666666673 0.125 0.05864343424354976
v -0.4496885062957716 0.125 0.08214285714285707
v -0.4532947803090048 0.07503614346030807 0.08214285714285707
v 0.4666666666666668 0.09623131914754923 0.06077183708103653
v 0.4564878654363155 0.11545737384654567 0.07505404914314816
v 0.4666666666666668 0.125 0.058643434243549675
v 0.45600404707257286 0.125 0.07471710421125596
v 0.4496885062957716 0.125 0.08214285714285707
v 0.4511365409689518 0.11044050715839221 0.08214285714285707
v 0.4821441519771318 0.07701014247856099 0.046493248698359566
v 0.48006889274948444 0.125 0.04504797887910517
v -0.46666666666666673 0.14761231786835635 0.05251200755935039
v -0.46666666666666673 0.1875 0.042358381782758
v -0.43485968123101465 0.1875 0.08214285714285707
v -0.443569551530826 0.14665354543985065 0.08214285714285707
v 0.4666666666666668 0.14761231786835627 0.052512007559350336
v 0.45021236002754783 0.172074087525826 0.07068360787632783
v 0.4666666666666668 0.1875 0.04235838178275794
v 0.4474341025103439 0.1875 0.06874874996256083
v 0.43485968123101465 0.1875 0.08214285714285707
v 0.44197859970705466 0.16435493722536373 0.08214285714285707
v 0.4790129912538708 0.1365746793005038 0.04431261890894565
v 0.4708502970287732 0.1875 0.03862788543075266
v -0.46666666666666673 0.19339949104782475 0.040096764778384086
v -0.4199295823117561 0.25 0.06826332660431268
v -0.40689622985399676 0.25 0.08214285714285707
v -0.4104014392123411 0.24024865073843016 0.08214285714285707
v 0.4666666666666668 0.19339949104782472 0.04009676477838406
v 0.4404127917088052 0.22538699222700484 0.06385890851148926
v 0.43281729843965155 0.25 0.05856918998475727
v 0.4068962298539967 0.25 0.08214285714285707
v 0.4270790046660007 0.21288656687437565 0.08214285714285707
v 0.470399204654615 0.19099925436370147 0.03831373181303535
v -0.39999999999999997 0.28973495655867043 0.06523168201501227
v -0.39999999999999997 0.26074957346528366 0.08214285714285707
v -0.39999999999999997 0.3125 0.051438404825124226
v -0.36683830257545086 0.3125 0.08214285714285707
v 0.3875783391691589 0.3008546929710865 0.0734920576356642
v 0.3999999999999999 0.26074957346528366 0.08214285714285707
v 0.3999999999999999 0.28973495655867043 0.06523168201501227
v 0.3999999999999999 0.3125 0.051438404825124226
v 0.3820586743045313 0.3125 0.0696480053192271
v 0.36683830257545075 0.3125 0.08214285714285707
v 0.38166432089379654 0.29531030083793425 0.08214285714285707
v 0.4270131461475213 0.2753248245133012 0.054527012495595134
v 0.4111052307925165 0.3125 0.04344828573050256
v 0.40499943481985085 0.25468697014361025 0.08214285714285707
v -0.39999999999999997 0.3244151004981355 0.04456550322718633
v -0.3716941573904101 0.3390367274464905 0.05542728324596432
v -0.3333333333333333 0.34954983448109916 0.08214285714285707
v -0.3333333333333333 0.3622789680662551 0.07269294770636085
v -0.3333333333333333 0.375 0.06268849564416892
v -0.3061731257266347 0.375 0.08214285714285707
v 0.32523347954885506 0.36740638707705153 0.07650188754295248
v 0.3333333333333335 0.3495498344810989 0.08214285714285707
v 0.3333333333333335 0.3622789680662549 0.07269294770636076
v 0.3333333333333335 0.375 0.06268849564416876
v 0.32018162654808663 0.375 0.07298363277456021
v 0.3061731257266347 0.375 0.08214285714285707
v 0.32131117550262533 0.36372922703371113 0.08214285714285707
v 0.3999999999999999 0.3244151004981355 0.04456550322718633
v 0.37035908224049857 0.34721163960046736 0.061500075131775724
v 0.35378743742936736 0.375 0.0499591082097379
v 0.35448480957225126 0.3323295089739855 0.08214285714285707
v 0.40910794506634257 0.32103869849969624 0.042057318885488595
v -0.3333333333333333 0.39408082657904003 0.04988861403014398
v -0.30100374927082213 0.40530898505860424 0.058229531757820266
v -0.2666666666666667 0.40605716069666126 0.08214285714285707
v -0.2666666666666667 0.42089139375875134 0.06980503536364381
v -0.2666666666666667 0.4375 0.05490030516696803
v -0.21063744341969282 0.4375 0.08214285714285707
v 0.25450990672265 0.42610303755248446 0.07367654218184552
v 0.2666666666666666 0.4060571606966613 0.08214285714285707
v 0.2666666666666666 0.4208913937587514 0.06980503536364382
v 0.2666666666666666 0.4375 0.054900305166968096
v 0.24455140837492875 0.4375 0.06674115940396821
v 0.2106374434196928 0.4375 0.08214285714285707
v 0.24808701051611987 0.42008157235886245 0.08214285714285707
v 0.3333333333333335 0.3940808265790399 0.04988861403014393
v 0.3042169944829507 0.41020343232776624 0.06186540687205486
v 0.2831594432327184 0.4375 0.047200326537071735
v 0.2877030828672643 0.3947216401880603 0.08214285714285707
v 0.34902161607709986 0.389707765072281 0.04664005405369444
v -0.2666666666666667 0.4510435051864622 0.0457751752813719
v -0.24809538982312151 0.45491057204082364 0.04864785351604038
v -0.20000000000000007 0.4433924787167055 0.08214285714285707
v -0.20000000000000007 0.470301911101027 0.06008141967504857
v -0.1576687143493029 0.4771855802975286 0.06519500250673549
v -0.13333333333333341 0.4693393871512497 0.08214285714285707
v -0.13333333333333341 0.4830543250846405 0.06955464149144716
v -0.13333333333333341 0.5 0.05254272333601549
v -0.190610210069289 0.4463029280600416 0.08214285714285707
v -0.07881136364594143 0.4886143465819299 0.07368494317514787
v -0.06666666666666665 0.48312814406089477 0.08214285714285707
v -0.06666666666666665 0.4904345958987671 0.07503712838194121
v -0.06666666666666665 0.5 0.0649076662062656
v -0.1008646481011246 0.5 0.05832640578671679
v -0.09104922246332454 0.4771413539406333 0.08214285714285707
v -0.00805946614434317 0.4924442504896782 0.07653001464947516
v 1.1102230246251565e-16 0.48749803687106064 0.08214285714285707
v 1.1102230246251565e-16 0.4928571177697132 0.07683671605750118
v 1.1102230246251565e-16 0.5 0.06914631761822376
v -0.020667017558154553 0.5 0.06774975562914226
v -0.014640172514239422 0.48627483826790047 0.08214285714285707
v 0.057001778224855776 0.49093916708580226 0.07541195269231021
v 0.06666666666666665 0.48312814406089477 0.08214285714285707
v 0.06666666666666665 0.4904345958987671 0.07503712838194121
v 0.06666666666666665 0.5 0.0649076662062656
v 0.044125959290735775 0.5 0.06644486450604806
v 0.05017910039933882 0.48454290662438015 0.08214285714285707
v 0.11787894215720279 0.48551150827237755 0.07137997757376613
v 0.13333333333333341 0.4693393871512497 0.08214285714285707
v 0.13333333333333341 0.4830543250846405 0.06955464149144716
v 0.13333333333333341 0.5 0.05254272333601549
v 0.10023617147005051 0.5 0.05909304798807083
v 0.10788227390821392 0.4761396317889505 0.08214285714285707
v 0.1753719389857095 0.47691119279910266 0.06499117179361906
v 0.19999999999999996 0.44339247871670556 0.08214285714285707
v 0.19999999999999996 0.470301911101027 0.06008141967504858
v 0.1510161180255408 0.5 0.0480290821963587
v 0.15982418423090458 0.462335172716473 0.08214285714285707
v 0.2666666666666666 0.45104350518646225 0.045775175281371934
v 0.2294501993346427 0.4651095618762276 0.05622424596519758
v 0.20462676491049087 0.4418375921035852 0.08214285714285707
v 0.278746136762105 0.4488245032144735 0.04412677381646598
v -0.13333333333333341 0.5118753935897727 0.0445360066666883
v -0.06666666666666665 0.5196546295571659 0.050314867671037496
v -0.11969740833564071 0.5127836796853369 0.04521073348053595
v 1.1102230246251565e-16 0.52216442338243 0.052179285941233645
v -0.045183788030289565 0.5201401987216034 0.05067557619319113
v 0.06666666666666665 0.5196546295571659 0.050314867671037496
v 0.02309866678231127 0.5216550001084168 0.051800857223395266
v 0.13333333333333341 0.5118753935897727 0.0445360066666883
v 0.08633516946476086 0.5184392213732133 0.049411993020101276
v 0.144897528692721 0.5108414331494259 0.04376792176814491
v -0.20000000000000007 -0.3125 0.10833658661502715
v -0.1521507724339596 -0.33014134915683707 0.11546642634063531
v -0.13333333333333341 -0.33287605684845956 0.12857142857142856
v -0.13333333333333341 -0.3369354959554858 0.11041934586163912
v -0.18461308417262953 -0.3125 0.12857142857142856
v -0.15009356187290282 -0.3282127142558463 0.12857142857142856
v -0.10287658309252881 -0.3464467966492457 0.10335380820341741
v -0.06666666666666665 -0.3475636614828872 0.12857142857142856
v -0.06666666666666665 -0.35475506399285794 0.09718195246244835
v -0.09816876160934454 -0.34203321400876047 0.12857142857142856
v -0.04717792561971923 -0.35672930526848684 0.09571537322912402
v 1.1102230246251565e-16 -0.35222968595702564 0.12857142857142856
v 1.1102230246251565e-16 -0.36052220544691727 0.09289779023943284
v -0.03980939971700588 -0.34982131223469304 0.12857142857142856
v 0.01727171826113556 -0.3588077641301855 0.09417137521757644
v 0.06666666666666665 -0.3475636614828872 0.12857142857142856
v 0.06666666666666665 -0.35475506399285794 0.09718195246244835
v 0.026620180814562126 -0.35004358048634804 0.12857142857142856
v 0.09800988990100691 -0.34561572821780606 0.10397117332391546
v 0.13333333333333341 -0.33287605684845956 0.12857142857142856
v 0.13333333333333341 -0.3369354959554858 0.11041934586163912
v 0.10611295047890157 -0.3380191089260298 0.12857142857142856
v 0.19999999999999996 -0.3125 0.10833658661502735
v 0.19078282235772487 -0.3125 0.12215232271341553
v 0.18461308417262956 -0.3125 0.12857142857142856
v 0.21147484797888547 -0.3125 0.09013426912815235
v -0.2794071468040539 -0.26194420012880043 0.11969859419003392
v -0.2666666666666667 -0.26744863680082676 0.12857142857142856
v -0.2666666666666667 -0.2718769933144597 0.11231994782354418
v -0.29649294869931014 -0.25 0.10779955358440897
v -0.2888220532689244 -0.25 0.12857142857142856
v -0.27821748563014587 -0.2608288927782617 0.12857142857142856
v -0.20000000000000007 -0.30635720532231026 0.12857142857142856
v -0.24480083701448896 -0.2920007847010833 0.09737084565062376
v -0.23971460160133176 -0.28723243900124845 0.12857142857142856
v -0.1957278508305232 -0.30849486015361544 0.12857142857142856
v 0.19999999999999996 -0.3063572053223103 0.12857142857142856
v 0.2666666666666666 -0.26744863680082687 0.12857142857142856
v 0.2666666666666666 -0.27187699331445986 0.11231994782354408
v 0.21954201369520737 -0.29417936216074303 0.12857142857142856
v 0.30107649725240504 -0.25 0.106106846300782
v 0.2888220532689244 -0.25 0.12857142857142856
v -0.3459571537721944 -0.1993348316614323 0.11977983933722172
v -0.3333333333333333 -0.20812557818875047 0.12857142857142856
v -0.3333333333333333 -0.21530027375396227 0.1079197966399137
v -0.3564009341395135 -0.1875 0.11250649229569591
v -0.3517406355897471 -0.1875 0.12857142857142856
v -0.34477768775290935 -0.19822908226835256 0.12857142857142856
v -0.319384021332797 -0.2369225199994972 0.09185755657180203
v -0.31327391429047646 -0.2311942946473217 0.12857142857142856
v 0.3333333333333335 -0.21530027375396193 0.10791979663991394
v 0.3333333333333335 -0.20812557818875022 0.12857142857142856
v 0.36341281161920086 -0.1875 0.10309106523480054
v 0.35174063558974705 -0.1875 0.12857142857142856
v -0.39999999999999997 -0.125 0.1069437694093755
v -0.37791460051806913 -0.1667949379856898 0.09752376035348752
v -0.3929966567989067 -0.125 0.12857142857142856
v -0.37284703484578025 -0.162044095167919 0.12857142857142856
v 0.3885313864712213 -0.13575182518322998 0.12058435843531484
v 0.3999999999999999 -0.125 0.1069437694093755
v 0.39492651435942305 -0.125 0.12503810821459826
v 0.39299665679890666 -0.125 0.12857142857142856
v 0.37937903549004487 -0.14433215422808293 0.12857142857142856
v 0.4072954308801944 -0.125 0.08722360364870678
v -0.39999999999999997 -0.1093845210060982 0.12857142857142856
v -0.4182253298276339 -0.07958624671340676 0.11587878815575495
v -0.4251684892969078 -0.0625 0.11104337352536772
v -0.42099137226972816 -0.0625 0.12857142857142856
v -0.4162277028976402 -0.0777134714665377 0.12857142857142856
v -0.3954149052989604 -0.1207014737177754 0.12857142857142856
v 0.3999999999999999 -0.1093845210060982 0.12857142857142856
v 0.40995450449331255 -0.11566765203751943 0.08907545848641407
v 0.4311709159898037 -0.0625 0.10385117363575612
v 0.4209913722697281 -0.0625 0.12857142857142856
v -0.43536906809563786 -0.03315850133966046 0.10393939900482362
v -0.4438896402988541 0 0.09800542907758374
v -0.4363881391094736 0 0.12857142857142856
v -0.43075361835661236 -0.02883151720932408 0.12857142857142856
v 0.4368035409765289 -0.02799668033450417 0.10777389460865401
v 0.44358791173158 0 0.11249872424163601
v 0.43638813910947355 0 0.12857142857142856
v 0.4261391189482217 -0.03799457598604214 0.12857142857142856
v -0.4459609730348394 0.019411587779838115 0.09656289377930827
v -0.4497172054326597 0.0625 0.09394694621654054
v -0.4410169695107109 0.0625 0.12857142857142856
v -0.4387070749614928 0.026212117223600527 0.12857142857142856
v 0.4457128608541824 0.04285580705079596 0.1139785995234484
v 0.4473128846681619 0.0625 0.11509290182246981
v 0.44101696951071084 0.0625 0.12857142857142856
v 0.438751447751174 0.03632948226672559 0.12857142857142856
v -0.44750844064082007 0.0804608368992312 0.09548519312514311
v -0.443033641984349 0.125 0.09860157076089975
v -0.4355729749007627 0.125 0.12857142857142856
v -0.43832084400711785 0.08907420874332701 0.12857142857142856
v 0.44494254649322085 0.1046336373373945 0.11344213059349302
v 0.4431822122659365 0.125 0.1122161835423486
v 0.4355729749007627 0.125 0.12857142857142856
v 0.43833724625012654 0.0984411683594936 0.12857142857142856
v -0.4317957513286722 0.1576914831293698 0.10642795889610325
v -0.42308691995018294 0.1875 0.11249303789183686
v -0.41923182719777385 0.1875 0.12857142857142856
v -0.4242816148338585 0.16473598609325762 0.12857142857142856
v 0.43769773125701744 0.16034162305345384 0.10839663426827995
v 0.4304105397174349 0.1875 0.10332162587464215
v 0.4192318271977738 0.1875 0.12857142857142856
v 0.4298274660602071 0.15296324943144415 0.12857142857142856
v -0.39999999999999997 0.23782143574068407 0.119524495121651
v -0.39999999999999997 0.22914770855933064 0.12857142857142856
v -0.39999999999999997 0.25 0.10121161801542111
v -0.39033285024814485 0.25 0.12857142857142856
v 0.39533013046754517 0.24562199731332368 0.12531919800418329
v 0.3999999999999999 0.22914770855933064 0.12857142857142856
v 0.3999999999999999 0.23782143574068407 0.119524495121651
v 0.3999999999999999 0.25 0.10121161801542111
v 0.39322785367206725 0.25 0.12385511237876115
v 0.3903328502481448 0.25 0.12857142857142856
v 0.393747912355067 0.2441386678328754 0.12857142857142856
v 0.4247144088788599 0.2106697583239312 0.09935467761206312
v 0.4060257751400369 0.25 0.08633937911538282
v 0.41477620260327747 0.20135268994057268 0.12857142857142856
v -0.39999999999999997 0.2582532473336627 0.08827384087643511
v -0.3513502421055417 0.3125 0.11602393853364053
v -0.34755827209341367 0.3125 0.12857142857142856
v -0.37027261296586156 0.27786942534450476 0.12857142857142856
v 0.3999999999999999 0.2582532473336627 0.08827384087643511
v 0.37725188125128306 0.2911736386730779 0.11272898872857212
v 0.36168637033467926 0.3125 0.10188872219736585
v 0.3475582720934136 0.3125 0.12857142857142856
v 0.3708510867456239 0.2851728938240224 0.12857142857142856
v 0.4046351851209452 0.2543454860508862 0.08537093249494397
v -0.3333333333333333 0.34234492928850574 0.10431337604288995
v -0.3333333333333333 0.3281835812919533 0.12857142857142856
v -0.28886387986364354 0.375 0.11311265509496252
v -0.2825734270144235 0.375 0.12857142857142856
v 0.3160333529674149 0.3587812684069514 0.1165232279594496
v 0.3333333333333335 0.328183581291953 0.12857142857142856
v 0.3333333333333335 0.3423449292885055 0.10431337604288979
v 0.29848744606094313 0.375 0.10430375707815677
v 0.28257342701442356 0.375 0.12857142857142856
v 0.3107483202777545 0.3538265502603948 0.12857142857142856
v 0.35290535346234175 0.3308487688709453 0.0957733711612736
v 0.3421463043802913 0.320762160356523 0.12857142857142856
v -0.2666666666666667 0.4011565408501583 0.10157343034583183
v -0.2666666666666667 0.3873787680634957 0.12857142857142856
v -0.21764053394222757 0.4209619994291617 0.11628605671880582
v -0.20000000000000007 0.4265191476783987 0.12857142857142856
v -0.20000000000000007 0.42995374814837867 0.12296564148165272
v -0.20000000000000007 0.4375 0.09830890158688821
v -0.2341230661867849 0.4055096254498892 0.12857142857142856
v -0.17200074809996352 0.4375 0.12857142857142856
v 0.19442447330921694 0.43227294372739095 0.12468847248320467
v 0.19999999999999996 0.4265191476783987 0.12857142857142856
v 0.19999999999999996 0.4299537481483787 0.12296564148165273
v 0.19999999999999996 0.4375 0.09830890158688835
v 0.18479252636065813 0.4375 0.11798050942974403
v 0.17200074809996352 0.4375 0.12857142857142856
v 0.19233609493080245 0.4303150889976273 0.12857142857142856
v 0.24356533912378148 0.4158425054285452 0.11248300403263355
v 0.2666666666666666 0.3873787680634958 0.12857142857142856
v 0.2666666666666666 0.40115654085015834 0.10157343034583187
v 0.20810167475029168 0.4375 0.08778509491538168
v 0.23656863885295404 0.40928309892464443 0.12857142857142856
v 0.2861472086280753 0.3932630080888206 0.09570966315169525
v 0.27493951794675436 0.38275579807508225 0.12857142857142856
v -0.20000000000000007 0.44267038530778496 0.08598371480006875
v -0.19260437738874514 0.4444333961980515 0.0872933800328382
v -0.13333333333333341 0.45274374289698405 0.12857142857142856
v -0.13333333333333341 0.4650913353866507 0.10263927771579764
v -0.09886630542207432 0.46981283866680534 0.10614668015248394
v -0.06666666666666665 0.4676405663862701 0.12857142857142856
v -0.06666666666666665 0.4765852984441222 0.11117765027277643
v -0.11306402591840163 0.4565024757014985 0.12857142857142856
v -0.022923848112290715 0.4785088923947274 0.1126066057789403
v 1.1102230246251565e-16 0.472361272876013 0.12857142857142856
v 1.1102230246251565e-16 0.48014242280510716 0.11382008551236529
v -0.03228811317139022 0.4697298939018216 0.12857142857142856
v 0.04350680315705717 0.47828762795974106 0.11244223791295048
v 0.06666666666666665 0.4676405663862701 0.12857142857142856
v 0.06666666666666665 0.4765852984441222 0.11117765027277643
v 0.034971865469375064 0.4702861238775391 0.12857142857142856
v 0.10347237557787807 0.47200535210426064 0.10777540442030788
v 0.13333333333333341 0.45274374289698405 0.12857142857142856
v 0.13333333333333341 0.4650913353866507 0.10263927771579764
v 0.09383325502917689 0.4629686765898533 0.12857142857142856
v 0.19999999999999996 0.442670385307785 0.08598371480006879
v 0.15757182382903656 0.46022358483972176 0.09902323445236468
v 0.14593811201564763 0.44931698001466963 0.12857142857142856
v 0.20429886570143801 0.4415301865950982 0.08513671004207286
v -0.13333333333333341 -0.3125 0.1386461936122321
v -0.06666666666666665 -0.3125 0.14738566452060603
v -0.11540379980673406 -0.3125 0.14105806799173878
v 1.1102230246251565e-16 -0.3125 0.15070224668728754
v -0.03734188124285982 -0.3125 0.1489940469915797
v 0.06666666666666665 -0.3125 0.14738566452060603
v 0.029427169796313015 -0.3125 0.14906535039386076
v 0.13333333333333341 -0.3125 0.1386461936122321
v 0.08927801148486554 -0.3125 0.1443186151412456
v 0.14554000385019586 -0.3125 0.13707250268138635
v -0.2666666666666667 -0.25 0.13574754328454636
v -0.20000000000000007 -0.25 0.1558106977962106
v -0.24855174332831093 -0.25 0.14118717875349776
v -0.17335636809248503 -0.28752159508670466 0.14712681507844794
v -0.13333333333333341 -0.2569401429921579 0.17499999999999993
v -0.14590579108962548 -0.25 0.17499999999999993
v -0.13945052720397424 -0.2557348692537258 0.17499999999999993
v -0.06666666666666665 -0.27840132473416596 0.17499999999999993
v -0.09236938021077973 -0.274096293947606 0.17499999999999993
v 1.1102230246251565e-16 -0.2846373488847309 0.17499999999999993
v -0.034592844094744744 -0.28243079133882326 0.17499999999999993
v 0.06666666666666665 -0.27840132473416596 0.17499999999999993
v 0.03401297182450111 -0.28061283891453026 0.17499999999999993
v 0.13333333333333341 -0.2569401429921579 0.17499999999999993
v 0.12385112887786137 -0.258889566677005 0.17499999999999993
v 0.15601419993558877 -0.29123668756038557 0.14436703209799925
v 0.19999999999999996 -0.25 0.1558106977962106
v 0.17954828732609457 -0.25 0.1607568429592444
v 0.14590579108962548 -0.25 0.17499999999999993
v 0.2666666666666666 -0.25 0.13574754328454638
v 0.22734801254474427 -0.25 0.1476173658793755
v 0.2752590203704659 -0.25 0.13455538918657448
v -0.3333333333333333 -0.1875 0.13560360554361547
v -0.2666666666666667 -0.22932598525711115 0.1439292680947174
v -0.2666666666666667 -0.1875 0.16096179990519674
v -0.3114354548942878 -0.1875 0.14382173677004953
v -0.20000000000000007 -0.22132492214639798 0.17499999999999993
v -0.24065256682587374 -0.1875 0.17499999999999993
v -0.2244189255379987 -0.21039274269187372 0.17499999999999993
v -0.1835402677210811 -0.23456900098851347 0.17499999999999993
v 0.19999999999999996 -0.22132492214639804 0.17499999999999993
v 0.2666666666666666 -0.22932598525711098 0.1439292680947175
v 0.24352288108063774 -0.2091972989869021 0.1588820064668727
v 0.2666666666666666 -0.1875 0.1609617999051968
v 0.2532017098563531 -0.1875 0.16562261936424588
v 0.24065256682587371 -0.1875 0.17499999999999993
v 0.2768542841831805 -0.24044910857826826 0.135666376484715
v 0.3333333333333335 -0.1875 0.1356036055436154
v 0.2971407516788088 -0.1875 0.1497944520620275
v 0.34165370875190865 -0.1875 0.1343659757379363
v -0.3333333333333333 -0.17355368667682336 0.13893154704007407
v -0.3333333333333333 -0.125 0.15284759206245083
v -0.2666666666666667 -0.158954771305982 0.17499999999999993
v -0.29408343730888564 -0.125 0.17499999999999993
v -0.28684605560825643 -0.14391817713274038 0.17499999999999993
v -0.2548637651486775 -0.1764347798268851 0.17499999999999993
v 0.2666666666666666 -0.15895477130598212 0.17499999999999993
v 0.3333333333333335 -0.1735536866768235 0.13893154704007393
v 0.30502385895914313 -0.15154013222580337 0.15528447320368888
v 0.3333333333333335 -0.125 0.15284759206245072
v 0.3132183428685518 -0.125 0.16099134592631276
v 0.29408343730888564 -0.125 0.17499999999999993
v 0.34253806364055817 -0.17887056533697684 0.13498186574967433
v 0.35862186561539144 -0.125 0.14618308498214755
v -0.39999999999999997 -0.0625 0.13776132381750802
v -0.3333333333333333 -0.07657739598624637 0.16454250583878835
v -0.3333333333333333 -0.0625 0.1678205417871132
v -0.3634683461024864 -0.0625 0.15401311610719692
v -0.3234905662635543 -0.0625 0.17499999999999993
v -0.3098531769331791 -0.10298735337485537 0.17499999999999993
v 0.3252663187033059 -0.07006282621565083 0.16938190052551647
v 0.3333333333333335 -0.0765773959862466 0.16454250583878818
v 0.3333333333333335 -0.0625 0.1678205417871131
v 0.32712717920715756 -0.0625 0.1706778569478417
v 0.3234905662635543 -0.0625 0.17499999999999993
v 0.31245121852852104 -0.08207698262951162 0.17499999999999993
v 0.36078974779534073 -0.0992596114418681 0.14769286007175508
v 0.3999999999999999 -0.0625 0.13776132381750802
v 0.36844780455573317 -0.0625 0.15302614960131414
v 0.410619691332047 -0.0625 0.13596728503481847
v -0.39999999999999997 -0.04895477769254055 0.1386335937141127
v -0.39999999999999997 0 0.14436531351737467
v -0.3333333333333333 -0.01933440147837466 0.17499999999999993
v -0.33951665534804587 0 0.17499999999999993
v -0.33890419917518994 -0.005222686726740568 0.17499999999999993
v -0.32591030650904207 -0.05554091235222695 0.17499999999999993
v 0.3333333333333335 -0.019334401478373932 0.17499999999999993
v 0.3999999999999999 -0.04895477769254055 0.1386335937141127
v 0.3703408512737391 -0.027805451930869612 0.15434452142278254
v 0.3999999999999999 0 0.14436531351737467
v 0.3737771771411945 0 0.1567376769376176
v 0.33951665534804576 0 0.17499999999999993
v 0.4109418166291937 -0.05224204691013082 0.13619162229533135
v 0.4178576726009168 0 0.14100802198992415
v -0.39999999999999997 0.021842560397522283 0.14479733058101651
v -0.39999999999999997 0.0625 0.14632034579991676
v -0.34308312825968396 0.0625 0.17499999999999993
v -0.34274524847633936 0.05367632955343182 0.17499999999999993
v 0.3999999999999999 0.021842560397522283 0.14479733058101651
v 0.3744294593259761 0.038527618118102576 0.1571919448877333
v 0.3999999999999999 0.0625 0.14632034579991676
v 0.37537325218324197 0.0625 0.15784922919904346
v 0.3430831282596839 0.0625 0.17499999999999993
v 0.33975162425091743 0.006017147735234992 0.17499999999999993
v 0.4180375290451252 0.016910183479804927 0.14113327915642648
v 0.4199578506409678 0.0625 0.14247064598210257
v -0.39999999999999997 0.08562792686923745 0.1457521742457192
v -0.39999999999999997 0.125 0.14397745212970992
v -0.33885043434682327 0.11982771779985317 0.17115773322274802
v -0.3333333333333333 0.10963574705223425 0.17499999999999993
v -0.3333333333333333 0.12302046598010924 0.1735294890137954
v -0.3333333333333333 0.125 0.17342482718307928
v -0.3397620337526441 0.125 0.17052286935083708
v -0.33109990698948955 0.125 0.17499999999999993
v 0.33204875360244757 0.12379570650229443 0.17410538197313294
v 0.3333333333333335 0.10963574705223335 0.17499999999999993
v 0.3333333333333335 0.12302046598010913 0.17352948901379528
v 0.3333333333333335 0.125 0.17342482718307917
v 0.3319601426210097 0.125 0.1740436707539173
v 0.33109990698948955 0.125 0.17499999999999993
v 0.3315062870987212 0.12328714415505099 0.17499999999999993
v 0.3999999999999999 0.08562792686923745 0.1457521742457192
v 0.37455797718780415 0.1011481036135664 0.15728144839864927
v 0.3999999999999999 0.125 0.14397745212970992
v 0.3734306039348755 0.125 0.15649631345464537
v 0.3426569741284139 0.07124091324538791 0.17499999999999993
v 0.419735228985334 0.08100177717375065 0.14231560590050046
v 0.417484423464042 0.125 0.14074808062674357
v -0.39999999999999997 0.14419071097867847 0.14282738529844685
v -0.39999999999999997 0.1875 0.13700248754210462
v -0.3333333333333333 0.17290953967625927 0.1641613723309354
v -0.36537659844183284 0.15745943896078168 0.15268415465658064
v -0.3333333333333333 0.1875 0.1621664751286111
v -0.3765934429796171 0.1875 0.14487242363919517
v -0.309614177749816 0.1875 0.17499999999999993
v -0.32934177765245115 0.12874208345082702 0.17499999999999993
v 0.3333333333333335 0.17290953967625916 0.1641613723309353
v 0.3230501593042537 0.1778595243477377 0.16783850380117651
v 0.3333333333333335 0.1875 0.162166475128611
v 0.32153543062933687 0.1875 0.16678360347400234
v 0.309614177749816 0.1875 0.17499999999999993
v 0.3179254195165211 0.17305508079673843 0.17499999999999993
v 0.3999999999999999 0.14419071097867847 0.14282738529844685
v 0.37158978046011365 0.16086541918135655 0.1552143113918648
v 0.3999999999999999 0.1875 0.13700248754210462
v 0.3678484078577466 0.1875 0.1526087126152163
v 0.41701644805639465 0.14095292005287 0.14042216918213196
v 0.409765334648507 0.1875 0.13537228663021025
v -0.39999999999999997 0.19763971775357006 0.13610379033122344
v -0.3852254559429358 0.2013511350534977 0.13886084318259828
v -0.3333333333333333 0.22371189677950565 0.15547169475048989
v -0.3333333333333333 0.25 0.14977420985873927
v -0.26806382353578817 0.24869016543519865 0.17402698003757608
v -0.2666666666666667 0.2481238445983592 0.17499999999999993
v -0.2666666666666667 0.24925591541562983 0.17444725145161066
v -0.2666666666666667 0.25 0.17425999226610367
v -0.26892616986111123 0.25 0.17342641741815465
v -0.26518965370172837 0.25 0.17499999999999993
v 0.26611666231935155 0.24948437092439213 0.17461696125811982
v 0.2666666666666666 0.24812384459835934 0.17499999999999993
v 0.2666666666666666 0.24925591541562991 0.17444725145161072
v 0.2666666666666666 0.25 0.17425999226610375
v 0.2659446844080689 0.25 0.17449719092704796
v 0.2651896537017284 0.25 0.17499999999999993
v 0.26594093857788664 0.24931962991676881 0.17499999999999993
v 0.3333333333333335 0.2237118967795056 0.15547169475048983
v 0.31399439713299215 0.23186974731218005 0.161531812289048
v 0.3333333333333335 0.25 0.1497742098587392
v 0.30969712239587255 0.25 0.1585390673828397
v 0.2991943100579211 0.21799466567930098 0.17499999999999993
v 0.3999999999999999 0.19763971775357006 0.13610379033122344
v 0.36558112306404034 0.2177323028725378 0.15102971070531376
v 0.3575827678890609 0.25 0.14545942763702446
v 0.4094851908176339 0.19639236639153185 0.13517718646228077
v -0.3333333333333333 0.2741704898655639 0.14652664961441886
v -0.3333333333333333 0.3125 0.13401779061132
v -0.2666666666666667 0.2922288481416395 0.15994143004807504
v -0.30064921714768644 0.28064135892404396 0.15133358091500407
v -0.2666666666666667 0.3125 0.15371173267600502
v -0.3220978043823645 0.3125 0.13639617194799614
v -0.20265685071832173 0.31000920245157343 0.1731496932497402
v -0.20000000000000007 0.30907022164321507 0.17499999999999993
v -0.20000000000000007 0.3107943047148005 0.17373291207385175
v -0.20000000000000007 0.3125 0.17313568166211746
v -0.2045482228808017 0.3125 0.1718324876365845
v -0.1942679715747156 0.3125 0.17499999999999993
v 0.19859144433228004 0.31117947906151255 0.17401904158855214
v 0.19999999999999996 0.3090702216432152 0.17499999999999993
v 0.19999999999999996 0.3107943047148006 0.17373291207385178
v 0.19999999999999996 0.3125 0.1731356816621175
v 0.19797963504451782 0.3125 0.17359296012028916
v 0.19426797157471565 0.3125 0.17499999999999993
v 0.1980890966736719 0.3107085281315674 0.17499999999999993
v 0.2666666666666666 0.2922288481416396 0.15994143004807504
v 0.2503342408917276 0.2971883508359947 0.16362563204959601
v 0.2666666666666666 0.3125 0.15371173267600505
v 0.24492913884698925 0.3125 0.1598613645541532
v 0.23988433340295806 0.28739156256527326 0.17499999999999993
v 0.3333333333333335 0.27417048986556386 0.1465266496144188
v 0.30515456600779123 0.28608240563230425 0.15537550132685454
v 0.3333333333333335 0.3125 0.13401779061131988
v 0.2957595417507175 0.3125 0.14883253800496393
v 0.35586916027648696 0.2711273377592065 0.1442660223354105
v 0.33981084911712245 0.3125 0.13308255563513874
v -0.3333333333333333 0.31869671829046065 0.13317470501577075
v -0.3255397058576095 0.3198065257584911 0.13399913342059339
v -0.2666666666666667 0.33971483908223304 0.14878816617537308
v -0.2666666666666667 0.375 0.13368731069999043
v -0.20000000000000007 0.352478989884331 0.15827010677121725
v -0.23309708364971476 0.34397148407839245 0.1519502453153772
v -0.20000000000000007 0.375 0.14922231223296792
v -0.2573305601373919 0.375 0.13507335990431635
v -0.15030702044072783 0.35908716833681775 0.16317903933592168
v -0.13333333333333341 0.34784959699374474 0.17499999999999993
v -0.13333333333333341 0.3622939528886509 0.1655612221458549
v -0.13333333333333341 0.375 0.16034451431105498
v -0.162054071919 0.375 0.15499805705641073
v -0.07298630879002926 0.36907533550934757 0.17059882066408671
v -0.06666666666666665 0.3657306289728891 0.17499999999999993
v -0.06666666666666665 0.3698389450210071 0.17116607344417661
v -0.06666666666666665 0.375 0.16890159772292362
v -0.07727780625743061 0.375 0.16761009921357506
v -0.08264419198070133 0.3600210700180925 0.17499999999999993
v -0.0025388868391534314 0.37261979358829356 0.17323184666558944
v 1.1102230246251565e-16 0.37113916699844746 0.17499999999999993
v 1.1102230246251565e-16 0.37273383297169904 0.17331656163611925
v 1.1102230246251565e-16 0.375 0.1722814514536215
v -0.004157552323526076 0.375 0.17210456177468705
v -0.004743005684081092 0.37055343217117387 0.17499999999999993
v 0.06141365897530253 0.3700753052893461 0.1713416553577999
v 0.06666666666666665 0.3657306289728891 0.17499999999999993
v 0.06666666666666665 0.3698389450210071 0.17116607344417661
v 0.06666666666666665 0.375 0.16890159772292362
v 0.05840783165631069 0.375 0.16924831133207346
v 0.057986783294456716 0.3668626093385532 0.17499999999999993
v 0.12134177389247014 0.3637579130241907 0.16664873538939873
v 0.13333333333333341 0.34784959699374474 0.17499999999999993
v 0.13333333333333341 0.3622939528886509 0.1655612221458549
v 0.13333333333333341 0.375 0.16034451431105498
v 0.11538344293351988 0.375 0.1624991834715584
v 0.1134728719000172 0.3563808174062661 0.17499999999999993
v 0.19999999999999996 0.352478989884331 0.15827010677121728
v 0.1802541986322238 0.3564883112177098 0.16124845976172725
v 0.19999999999999996 0.375 0.14922231223296795
v 0.1711969751824499 0.375 0.15494075057349183
v 0.16274493281966057 0.3400733745184318 0.17499999999999993
v 0.2666666666666666 0.3397148390822331 0.1487881661753731
v 0.23829665772169104 0.3484031166140854 0.1552423151990348
v 0.2666666666666666 0.375 0.13368731069999049
v 0.22523793321179955 0.375 0.14614784634393185
v 0.3333333333333335 0.31869671829046053 0.13317470501577067
v 0.292713563257627 0.3369189655540253 0.14671123155441876
v 0.27288957469299957 0.375 0.132905239518339
v 0.3395370421113357 0.3183159769793771 0.13289186861325153
v -0.2666666666666667 0.3807012184213388 0.1328066193987088
v -0.2599652096335585 0.38128261596853896 0.13323851471948606
v -0.20000000000000007 0.39717156395676795 0.14504173322502759
v -0.13333333333333341 0.4066467223938766 0.15208042234973687
v -0.17435687395242827 0.3990404306695986 0.14643003421170175
v -0.13333333333333341 0.4375 0.13578648441557242
v -0.06666666666666665 0.41174773068999587 0.15586974279828258
v -0.09782112566459217 0.40829269468944485 0.15330314462644473
v -0.06666666666666665 0.4375 0.14266704771269095
v -0.12201595172946203 0.4375 0.1364531764741247
v 1.1102230246251565e-16 0.4133713745069803 0.15707587820518532
v -0.026805117607610465 0.41237020224286514 0.1563321502375569
v 1.1102230246251565e-16 0.4375 0.1448162196883122
v -0.04584049218534536 0.4375 0.14307537151377728
v 0.06666666666666665 0.41174773068999587 0.15586974279828258
v 0.04027443487767476 0.4127572826978201 0.15661969571838058
v 0.06666666666666665 0.4375 0.14266704771269095
v 0.022704024631959287 0.4375 0.144383160011543
v 0.13333333333333341 0.4066467223938766 0.15208042234973687
v 0.10414552972694138 0.4101364341190075 0.1546727796312627
v 0.13333333333333341 0.4375 0.13578648441557242
v 0.08545063615363108 0.4375 0.14165312160699303
v 0.19999999999999996 0.39717156395676795 0.14504173322502759
v 0.16495177955551776 0.4046422933332979 0.15059141790473551
v 0.14261911156385274 0.4375 0.13503830983911166
v 0.2666666666666666 0.38070121842133886 0.13280661939870883
v 0.22203750611452894 0.3956601619823709 0.1439189774726184
v 0.27250491314221553 0.3804733560708271 0.132637350224043
v -0.13333333333333341 0.44535434054923195 0.13440608155085798
v -0.12471356488148505 0.44558103292360784 0.13457448160039437
v -0.06666666666666665 0.4525295185665524 0.13973621379229603
v -0.05046952572820997 0.4526848196298031 0.13985158029642514
v 1.1102230246251565e-16 0.4547160555714791 0.1413604984245273
v 0.06666666666666665 0.4525295185665524 0.13973621379229603
v 0.01818396281704124 0.4545474651409761 0.14123525981901078
v 0.13333333333333341 0.44535434054923195 0.13440608155085798
v 0.08230444395029543 0.45216041620340197 0.13946202346538428
v 0.14149654880479928 0.4451530145044993 0.13425652506048516
v -0.13333333333333341 -0.25 0.21122523061627088
v -0.08654681137124558 -0.2686376356605427 0.2075834706521683
v -0.06666666666666665 -0.27154952907715274 0.22142857142857153
v -0.06666666666666665 -0.27253981160114465 0.2046847113820069
v -0.12823533689620448 -0.25 0.22142857142857153
v -0.08566070322309968 -0.26780690927165596 0.22142857142857153
v -0.029349489657836306 -0.2775151465542216 0.20098874827400684
v 1.1102230246251565e-16 -0.2784974732007074 0.22142857142857153
v 1.1102230246251565e-16 -0.27971779538180863 0.1993524948592279
v -0.02821436352908669 -0.27645096580851886 0.22142857142857153
v 0.040400519831794365 -0.27462451265769283 0.20313607631142822
v 0.06666666666666665 -0.27154952907715274 0.22142857142857153
v 0.06666666666666665 -0.27253981160114465 0.2046847113820069
v 0.04163878136102878 -0.27346364247403554 0.22142857142857153
v 0.13333333333333341 -0.25 0.21122523061627088
v 0.12979355705459955 -0.25 0.21896337009159617
v 0.12823533689620448 -0.25 0.22142857142857153
v 0.1439420404439146 -0.25 0.18238820673772616
v -0.2162766816723241 -0.2027593890678038 0.21009302526391724
v -0.20000000000000007 -0.2093302283980503 0.22142857142857153
v -0.20000000000000007 -0.21233171211444776 0.2029821567149817
v -0.2310793908347136 -0.1875 0.19978399566868166
v -0.22479524940907492 -0.1875 0.22142857142857153
v -0.21484514314259986 -0.2014173216961873 0.22142857142857153
v -0.13333333333333341 -0.24828585246161394 0.22142857142857153
v -0.17992830353693479 -0.23118278456587632 0.18897850289392043
v -0.17693364840422696 -0.2283752953789627 0.22142857142857153
v -0.1321014295430499 -0.24884509019660922 0.22142857142857153
v 0.13333333333333341 -0.24828585246161394 0.22142857142857153
v 0.19999999999999996 -0.20933022839805035 0.22142857142857153
v 0.19999999999999996 -0.21233171211444785 0.20298215671498163
v 0.1393556073551559 -0.2443541181045414 0.22142857142857153
v 0.23429831636147655 -0.1875 0.19888632746602836
v 0.22479524940907492 -0.1875 0.22142857142857153
v -0.27455274277130165 -0.13239319634809524 0.2159364827128436
v -0.2666666666666667 -0.13747132214980362 0.22142857142857153
v -0.2666666666666667 -0.141800772876511 0.20894799729173474
v -0.2785037758103947 -0.125 0.2131848704177609
v -0.2758986047799663 -0.125 0.22142857142857153
v -0.2734714442352929 -0.13137947897058708 0.22142857142857153
v -0.25155715103905923 -0.17333482909911802 0.18552269838351232
v -0.24654831066872285 -0.16863904125192763 0.22142857142857153
v 0.2666666666666666 -0.14180077287651124 0.20894799729173458
v 0.2666666666666666 -0.1374713221498038 0.22142857142857153
v 0.28947582098142743 -0.125 0.19088494675492265
v 0.2758986047799663 -0.125 0.22142857142857153
v -0.30198015807806194 -0.09560639819818303 0.19683524705277833
v -0.31863381622979653 -0.0625 0.18523716369710597
v -0.30595495944105444 -0.0625 0.22142857142857153
v -0.2970735433569929 -0.09100644689718082 0.22142857142857153
v 0.2980593589458699 -0.095569350988247 0.19686276783730225
v 0.31339345751540104 -0.0625 0.20754187219822573
v 0.30595495944105444 -0.0625 0.22142857142857153
v 0.28104820825818094 -0.11151730475795538 0.22142857142857153
v -0.3333333333333333 0 0.18627374127314622
v -0.3225152828185021 -0.052358077642345756 0.18253399946568596
v -0.3191374083062775 0 0.22142857142857153
v -0.31179687625306746 -0.042309571487250744 0.22142857142857153
v 0.3203464043934247 -0.012175245881164413 0.2123841030597065
v 0.3333333333333335 0 0.18627374127314583
v 0.32340403829119135 0 0.2145135266670797
v 0.31913740830627757 0 0.22142857142857153
v 0.314453681555508 -0.017699673541711314 0.22142857142857153
v 0.33806241212701094 0 0.17829346558845388
v -0.3333333333333333 0.015433386786183763 0.18646480161259363
v -0.3333333333333333 0.0625 0.19102875175192457
v -0.3194820799955057 0.0625 0.22142857142857153
v -0.31923627842632624 0.013215988975319141 0.22142857142857153
v 0.3333333333333335 0.015433386786183232 0.18646480161259324
v 0.3235906372335994 0.05336622240649933 0.21464347950197102
v 0.3333333333333335 0.0625 0.19102875175192424
v 0.3239427487768489 0.0625 0.2148887000410198
v 0.31948207999550576 0.0625 0.22142857142857153
v 0.3193844763816246 0.04942294660777295 0.22142857142857153
v 0.33807148137428356 0.00444201378839072 0.17829978167137592
v 0.3406365991973967 0.0625 0.18008620301247255
v -0.3333333333333333 0.07701537111510995 0.18578284711408166
v -0.32931872008230395 0.125 0.17779589137125254
v -0.3070740791294561 0.125 0.22142857142857153
v -0.31522791701758807 0.0794738277960112 0.22142857142857153
v 0.3333333333333335 0.07701537111510967 0.18578284711408144
v 0.31851612890854886 0.11110887085176446 0.21110944691845368
v 0.31599311827914633 0.125 0.20935235023011975
v 0.30707407912945617 0.125 0.22142857142857153
v 0.3124189899738762 0.10539280310050883 0.22142857142857153
v 0.34025010346052287 0.06898447199424004 0.17981703633857826
v -0.3190354934503137 0.1384042248903309 0.1849574242042458
v -0.28646304987796883 0.1875 0.20764180454927178
v -0.2782015034849653 0.1875 0.22142857142857153
v -0.28435519634021683 0.17091700343104677 0.22142857142857153
v 0.30815665821210253 0.16389686707384607 0.2038948155405714
v 0.2981888662545247 0.1875 0.19695296042725827
v 0.27820150348496536 0.1875 0.22142857142857153
v 0.2980870529533155 0.15445661214373324 0.22142857142857153
v -0.2666666666666667 0.2245621623989223 0.20253189206777086
v -0.2666666666666667 0.20335333560772234 0.22142857142857153
v -0.2628547536309296 0.25 0.17765472514988828
v -0.22842903159307804 0.25 0.22142857142857153
v 0.25358686253524354 0.23773768362679087 0.212319422122759
v 0.2666666666666666 0.2033533356077225 0.22142857142857153
v 0.2666666666666666 0.22456216239892235 0.20253189206777092
v 0.24437070992200563 0.25 0.205901030124254
v 0.22842903159307804 0.25 0.22142857142857153
v 0.24810549774751134 0.23259890413829193 0.22142857142857153
v 0.2923565746022978 0.2115842886896542 0.1928911858837431
v 0.2751722982535236 0.19547402961267837 0.22142857142857153
v -0.20000000000000007 0.275306110043 0.22142857142857153
v -0.20000000000000007 0.2903461541055993 0.2049714287641595
v -0.15600603858879603 0.3125 0.2056386516970886
v -0.1367786150978445 0.3125 0.22142857142857153
v 0.18545462319552436 0.2988637092458041 0.21129875543974025
v 0.19999999999999996 0.2753061100430001 0.22142857142857153
v 0.19999999999999996 0.29034615410559933 0.20497142876415952
v 0.16861421252311798 0.3125 0.19957061229288575
v 0.1367786150978445 0.3125 0.22142857142857153
v 0.17902683198259994 0.29283765498368747 0.22142857142857153
v 0.23188680872014156 0.27989388317513275 0.19720688464438435
v 0.21700875373459275 0.2659457066261808 0.22142857142857153
v -0.13333333333333341 0.33756658158290864 0.19362088917587497
v -0.13333333333333341 0.3144651489436123 0.22142857142857153
v -0.10153715856948542 0.34230891384110745 0.19714376456767985
v -0.06666666666666665 0.3375964389373633 0.22142857142857153
v -0.06666666666666665 0.3514197863898292 0.20391184131815884
v -0.13051109195848487 0.3151458512889205 0.22142857142857153
v -0.02284608738997812 0.3535817930718954 0.20551790342483667
v 1.1102230246251565e-16 0.3444302197327496 0.22142857142857153
v 1.1102230246251565e-16 0.35565831199986425 0.20706046034275635
v -0.037458923171058 0.3398822595271331 0.22142857142857153
v 0.043836490299392156 0.35359670965568013 0.20552898431564814
v 0.06666666666666665 0.3375964389373633 0.22142857142857153
v 0.06666666666666665 0.3514197863898292 0.20391184131815884
v 0.031556885923258754 0.342084580553055 0.22142857142857153
v 0.10319617528248054 0.34674641432732545 0.20044019350029896
v 0.13333333333333341 0.3144651489436123 0.22142857142857153
v 0.13333333333333341 0.33756658158290864 0.19362088917587497
v 0.08867273673959351 0.3331306906933689 0.22142857142857153
v 0.15595554306100468 0.33370832161969183 0.19075475320319965
v 0.13495299913722594 0.31401843669114926 0.22142857142857153
v -0.06666666666666665 -0.25 0.2515157597952749
v 1.1102230246251565e-16 -0.25 0.2614645769529647
v -0.012139628543246232 -0.25 0.25940275869309626
v 0.06666666666666665 -0.25 0.2515157597952749
v 0.047977937727351316 -0.25 0.25484177806011965
v 0.09439348934972082 -0.25 0.24073832293998415
v -0.20000000000000007 -0.1875 0.24704857145145664
v -0.1603128276292088 -0.21279327590238314 0.24906785218680108
v -0.13333333333333341 -0.21432489926335052 0.2678571428571428
v -0.13333333333333341 -0.2454556813557884 0.224804350992843
v -0.17395136714359186 -0.1875 0.2678571428571428
v -0.15309871963916707 -0.20603004966171906 0.2678571428571428
v -0.1310131672164198 -0.2478248442653935 0.22304440140285064
v -0.06666666666666665 -0.23804521773846213 0.2678571428571428
v -0.10803411046401724 -0.2262819785600161 0.2678571428571428
v 1.1102230246251565e-16 -0.24530843140013628 0.2678571428571428
v -0.05564882346115482 -0.23967077199483267 0.2678571428571428
v 0.06666666666666665 -0.23804521773846213 0.2678571428571428
v 0.005892095616589898 -0.24447616035944705 0.2678571428571428
v 0.13333333333333341 -0.21432489926335052 0.2678571428571428
v 0.13333333333333341 -0.2454556813557884 0.224804350992843
v 0.08930940695752689 -0.22877243097731856 0.2678571428571428
v 0.19999999999999996 -0.1875 0.24704857145145676
v 0.18750558673259077 -0.1875 0.25915567647448284
v 0.17395136714359186 -0.1875 0.2678571428571428
v 0.21717781543469314 -0.1875 0.23339169289201853
v -0.2666666666666667 -0.125 0.2329529635573928
v -0.20000000000000007 -0.16637979047627657 0.2678571428571428
v -0.23234366713310337 -0.15532218793728436 0.2453320889608745
v -0.2370120622331594 -0.125 0.2678571428571428
v -0.22372100419084467 -0.14723844142891684 0.2678571428571428
v -0.18928176431061577 -0.17745165404120222 0.2678571428571428
v 0.19999999999999996 -0.16637979047627668 0.2678571428571428
v 0.22930433670316092 -0.16002718434078658 0.2418369487754157
v 0.2666666666666666 -0.125 0.23295296355739298
v 0.2502644548152676 -0.125 0.2564341738892042
v 0.2370120622331594 -0.125 0.2678571428571428
v 0.27379170602854846 -0.125 0.2263906524127392
v -0.2705714174758333 -0.06616070388359369 0.2651377628293303
v -0.2666666666666667 -0.0695822073721482 0.2678571428571428
v -0.27308137983998765 -0.0625 0.2633897533257229
v -0.2703745131970512 -0.0625 0.2678571428571428
v -0.2696178122015714 -0.06526669893897313 0.2678571428571428
v -0.24909892461389513 -0.10853024182552662 0.2678571428571428
v 0.2666666666666666 -0.06958220737214836 0.2678571428571428
v 0.2754707504318788 -0.11674617147011361 0.22755998690791568
v 0.2961684148422253 -0.0625 0.24197443176512118
v 0.2703745131970512 -0.0625 0.2678571428571428
v -0.29305753884664654 -0.024741442668731094 0.24947778544608548
v -0.3024085223205856 0 0.2429654933838779
v -0.2870635200604299 0 0.2678571428571428
v -0.2844024910061958 -0.016627335318308532 0.2678571428571428
v 0.29941333533608006 -0.03179999812242499 0.24423428710905573
v 0.3056681991421157 0 0.24859035297397336
v 0.2870635200604299 0 0.2678571428571428
v 0.271122490341012 -0.05832266530530121 0.2678571428571428
v -0.3027990140478257 0.028625924330163418 0.2426935437881214
v -0.3031669567002867 0.0625 0.24243729801230035
v -0.28748982384459776 0.0625 0.2678571428571428
v -0.28739875510004903 0.04306366709370408 0.2678571428571428
v 0.30577120049600226 0.036660500465002084 0.24866208605971585
v 0.30591451669707526 0.0625 0.24876189555689165
v 0.2874898238445978 0.0625 0.2678571428571428
v 0.2871537730107793 0.0192066621976056 0.2678571428571428
v -0.28082282887107574 0.11172859793336651 0.2579983870362151
v -0.27559661139484104 0.125 0.2616380742071643
v -0.27182242941417994 0.125 0.2678571428571428
v -0.2727935006154593 0.11925609317300692 0.2678571428571428
v 0.3028296926059744 0.09640283681810098 0.24661353592201787
v 0.29698126987833956 0.125 0.24254052723670078
v 0.27182242941417994 0.125 0.2678571428571428
v 0.2848906354791378 0.07958497076169166 0.2678571428571428
v -0.2666666666666667 0.16610018978383678 0.25196014098227876
v -0.2666666666666667 0.1351129106413677 0.2678571428571428
v -0.2666666666666667 0.1875 0.23585419759963647
v -0.23945369600397437 0.1875 0.2678571428571428
v 0.2562448792633235 0.1777295743093658 0.26059911234410027
v 0.2666666666666666 0.13511291064136796 0.2678571428571428
v 0.2666666666666666 0.1661001897838369 0.2519601409822788
v 0.2666666666666666 0.1875 0.23585419759963663
v 0.2516429606313772 0.1875 0.2573942047254234
v 0.23945369600397437 0.1875 0.2678571428571428
v 0.250331322951098 0.17218561526665443 0.2678571428571428
v 0.29304895794621466 0.14973339807457622 0.23980195285539951
v 0.27554846351503837 0.1875 0.2276141085194018
v 0.2707840047002325 0.12886000440646803 0.2678571428571428
v -0.2666666666666667 0.1975233439015694 0.22887448404116592
v -0.23724559913553975 0.21508225081043153 0.24191824345917773
v -0.20000000000000007 0.23234803838220536 0.2678571428571428
v -0.20000000000000007 0.2411017223451713 0.26124699374212723
v -0.20000000000000007 0.25 0.250838137563685
v -0.17868997450340057 0.25 0.2678571428571428
v 0.19435601487630735 0.24470876394653818 0.26392651036028547
v 0.19999999999999996 0.23234803838220547 0.2678571428571428
v 0.19999999999999996 0.24110172234517135 0.26124699374212723
v 0.19999999999999996 0.25 0.2508381375636851
v 0.18979600188108353 0.25 0.260750787024326
v 0.17868997450340057 0.25 0.2678571428571428
v 0.19110625016963478 0.24166210953403267 0.2678571428571428
v 0.2666666666666666 0.1975233439015695 0.228874484041166
v 0.2395287215137616 0.22455817641915155 0.2489575024827983
v 0.21964702428107058 0.25 0.23511132048145994
v 0.2253702903784572 0.21128464722980367 0.2678571428571428
v 0.27438368345868197 0.19473470324251438 0.22680292240872504
v -0.20000000000000007 0.2679438742328659 0.23475830657298616
v -0.17116680835399756 0.27703111716812734 0.24150882989632322
v -0.13333333333333341 0.2802616197963777 0.2678571428571428
v -0.13333333333333341 0.2943332719878741 0.2543618591909922
v -0.13333333333333341 0.3125 0.22409958741337294
v -0.07413340896947368 0.30549992909111845 0.26265709018197364
v -0.06666666666666665 0.30387760737361047 0.2678571428571428
v -0.06666666666666665 0.3076211320824885 0.2642328409755628
v -0.06666666666666665 0.3125 0.256279382431852
v -0.12230023965075576 0.3125 0.22911233310036666
v -0.08312882695331614 0.2970667247312661 0.2678571428571428
v -0.0009211484544532078 0.31163642332395003 0.2672156287549342
v 1.1102230246251565e-16 0.31113295020288867 0.2678571428571428
v 1.1102230246251565e-16 0.3117267374000526 0.26728271921146757
v 1.1102230246251565e-16 0.3125 0.2660269774813047
v -0.00347380846554321 0.3125 0.265437883390068
v -0.0017199001263532715 0.3108875936315437 0.2678571428571428
v 0.06197483059001816 0.30810140367814204 0.26458961416090543
v 0.06666666666666665 0.30387760737361047 0.2678571428571428
v 0.06666666666666665 0.3076211320824885 0.2642328409755628
v 0.06666666666666665 0.3125 0.256279382431852
v 0.05341897167786003 0.3125 0.2586310695613668
v 0.05872992530739428 0.3050593049756821 0.2678571428571428
v 0.11895057361615685 0.299016162765147 0.25784057805410915
v 0.13333333333333341 0.2802616197963777 0.2678571428571428
v 0.13333333333333341 0.2943332719878741 0.2543618591909922
v 0.13333333333333341 0.3125 0.22409958741337294
v 0.0987284931892021 0.3125 0.24375734347105146
v 0.11052793724000531 0.29111994116250495 0.2678571428571428
v 0.19999999999999996 0.267943874232866 0.23475830657298621
v 0.17088246837056034 0.2852023140974003 0.24757886190092596
v 0.1354165618265129 0.3125 0.22287939127203582
v 0.15543772687232135 0.27072286894280123 0.2678571428571428
v 0.21514331255476937 0.2641968555200963 0.2319748069577859
v -0.13333333333333341 0.3140489161578502 0.22257919486011737
v -0.13142895289322729 0.3142853566625995 0.22275483637793114
v -0.06666666666666665 0.3317872841740872 0.23575626824360768
v 1.1102230246251565e-16 0.33687721118316566 0.2395373568789231
v -0.045125993875122214 0.33269438074207286 0.23643011140839704
v 0.06666666666666665 0.3317872841740872 0.23575626824360768
v 0.024945162877816833 0.33588609019795324 0.23880109557562243
v 0.13333333333333341 0.3140489161578502 0.22257919486011737
v 0.08522363690581827 0.3298971595992046 0.23435217570226635
v 0.134815590284798 0.31388961589199804 0.2224608575197701
v -0.13333333333333341 -0.1875 0.28033642049695984
v -0.06666666666666665 -0.1875 0.2906682386129129
v -0.11282977946166313 -0.1875 0.2821364035891989
v 1.1102230246251565e-16 -0.1875 0.2937378404927154
v -0.03245133864510526 -0.1875 0.29168567487215874
v 0.06666666666666665 -0.1875 0.2906682386129129
v 0.035713742101332394 -0.1875 0.29272921324914214
v 0.13333333333333341 -0.1875 0.28033642049695984
v 0.09628292972171032 -0.1875 0.28848275462761963
v 0.14926042060930572 -0.1875 0.2789492214957664
v -0.20000000000000007 -0.125 0.28288430510463203
v -0.13333333333333341 -0.1573107133748063 0.29028347006442956
v -0.13333333333333341 -0.125 0.3030378981527254
v -0.1639989903480648 -0.125 0.2929292745790263
v -0.06666666666666665 -0.15214790140715206 0.3142857142857143
v -0.10784376684536315 -0.125 0.3142857142857143
v -0.09257217888683117 -0.1492864177064042 0.3142857142857143
v 1.1102230246251565e-16 -0.16208574881291482 0.3142857142857143
v -0.03813716852795977 -0.16075359549496232 0.3142857142857143
v 0.06666666666666665 -0.15214790140715206 0.3142857142857143
v 0.03626550368217156 -0.15350109029796422 0.3142857142857143
v 0.11134433037140407 -0.14561469027680873 0.2989719443657992
v 0.13333333333333341 -0.1573107133748063 0.29028347006442956
v 0.13333333333333341 -0.125 0.3030378981527254
v 0.12159318213717085 -0.125 0.30610953755981535
v 0.10784376684536315 -0.125 0.3142857142857143
v 0.15172110358562038 -0.17026146538848094 0.2806629114256998
v 0.19999999999999996 -0.125 0.28288430510463203
v 0.1706956756023259 -0.125 0.29387734550876266
v 0.21861931739059753 -0.125 0.28082416746845185
v -0.2666666666666667 -0.0625 0.2697645868461822
v -0.20000000000000007 -0.09782016066637522 0.2880478806478355
v -0.20000000000000007 -0.0625 0.2972362809225846
v -0.2617974090821111 -0.0625 0.27124823296067263
v -0.13333333333333341 -0.10925051482879405 0.3142857142857143
v -0.1773683464500628 -0.0625 0.3142857142857143
v -0.16983409113901266 -0.09671946044282431 0.3142857142857143
v -0.12559364542468918 -0.11774404258564604 0.3142857142857143
v 0.13333333333333341 -0.10925051482879405 0.3142857142857143
v 0.19999999999999996 -0.09782016066637512 0.2880478806478356
v 0.1781435952783908 -0.08299037942650862 0.29906428956887926
v 0.19999999999999996 -0.0625 0.29723628092258464
v 0.18545040864095663 -0.0625 0.3041529631606662
v 0.17736834645006277 -0.0625 0.3142857142857143
v 0.21966617099279545 -0.10656296469425423 0.28155322622712536
v 0.2666666666666666 -0.0625 0.26976458684618226
v 0.2322485181323121 -0.0625 0.29031593227071734
v 0.2691856571519146 -0.0625 0.26961143980222624
v -0.2666666666666667 -0.05974862378430357 0.26990102233166013
v -0.2666666666666667 0 0.2781099594982179
v -0.25181143864554767 -0.04857322373020091 0.27820274808613643
v -0.20000000000000007 -0.008596585504827142 0.30789967933927126
v -0.20000000000000007 0 0.3092526378450235
v -0.2241140119336847 0 0.29749202740332675
v -0.1952382769229254 0 0.3142857142857143
v -0.18542081223948853 -0.048832011474520445 0.3142857142857143
v 0.19524976098604258 -0.004453349075585061 0.3109775121152797
v 0.19999999999999996 -0.00859658550482701 0.30789967933927137
v 0.19999999999999996 0 0.3092526378450236
v 0.1963960837005682 0 0.31177584400575287
v 0.19523827692292536 0 0.3142857142857143
v 0.19174933763832963 -0.00773499596406594 0.3142857142857143
v 0.2666666666666666 -0.059748623784303505 0.2699010223316602
v 0.23345071443167748 -0.03113995522030233 0.2911531761220611
v 0.2666666666666666 0 0.27810995949821793
v 0.23794285572935514 0 0.29428163166865806
v 0.2691856571519146 -0.060138446420080004 0.26961143980222624
v 0.2796428369292803 0 0.27689411857574875
v -0.2666666666666667 0.013827005617415063 0.27812863274436544
v -0.2666666666666667 0.0625 0.2783184391645469
v -0.20000000000000007 0.0504266219932781 0.3053169191950066
v -0.23515942146254432 0.029538042378864773 0.2897996886242995
v -0.20000000000000007 0.0625 0.30536511066265265
v -0.23476747202531434 0.0625 0.2900726534109418
v -0.18949311011012657 0.0625 0.3142857142857143
v -0.19421568723455415 0.005422793217605542 0.3142857142857143
v 0.19999999999999996 0.050426621993278194 0.30531691919500664
v 0.19325650477790854 0.05617797322928929 0.30958935154175776
v 0.19999999999999996 0.0625 0.3053651106626527
v 0.192822980510641 0.0625 0.309287432855625
v 0.18949311011012654 0.0625 0.3142857142857143
v 0.19123032889812436 0.05427843334199162 0.3142857142857143
v 0.2666666666666666 0.013827005617415115 0.27812863274436544
v 0.23798103733954776 0.035607222505826076 0.29430822243289934
v 0.2666666666666666 0.0625 0.27831843916454696
v 0.23809004700004885 0.0625 0.29438413987503403
v 0.2796428369292803 0.012165159621200324 0.27689411857574875
v 0.2798909666099865 0.0625 0.277066923174812
v -0.2666666666666667 0.07583852260152305 0.27776575964684563
v -0.2666666666666667 0.125 0.27050383469899036
v -0.24696111640678237 0.08097395336864158 0.281580651073848
v -0.20000000000000007 0.10361764967357626 0.2984016826146566
v -0.20000000000000007 0.125 0.2956563531164997
v -0.2609667396154608 0.125 0.27182673491066117
v -0.15408185226160917 0.125 0.3142857142857143
v -0.16646554563600172 0.09393855096624845 0.3142857142857143
v 0.19999999999999996 0.10361764967357628 0.29840168261465666
v 0.18608469175518977 0.11195439852049044 0.30459469604379286
v 0.19999999999999996 0.125 0.2956563531164997
v 0.182174336101049 0.125 0.30187141264180195
v 0.15408185226160914 0.125 0.3142857142857143
v 0.1806456220910107 0.10685527071032254 0.3142857142857143
v 0.2666666666666666 0.07583852260152313 0.2777657596468457
v 0.23694966401514864 0.0971403100142019 0.2935899445819785
v 0.2666666666666666 0.125 0.2705038346989904
v 0.23273730153775324 0.125 0.2906563349995067
v 0.2798909666099865 0.0748977811968624 0.277066923174812
v 0.27015015720254487 0.125 0.2702831451946294
v -0.2666666666666667 0.12830696166306152 0.2703137429497028
v -0.26231614458742947 0.12907861444928495 0.27088697073375445
v -0.20000000000000007 0.15793927552837012 0.2923263189639321
v -0.20000000000000007 0.1875 0.2838272696295187
v -0.15761321667778647 0.16473760936457527 0.29737650981368446
v -0.13333333333333341 0.14661372605306766 0.3142857142857143
v -0.13333333333333341 0.17263831204367916 0.30324560323244737
v -0.13333333333333341 0.1875 0.29931004407802203
v -0.16993404262933626 0.1875 0.28879593459742653
v -0.07456894663071066 0.18009161253370876 0.3087823407393265
v -0.06666666666666665 0.17916866833256961 0.3142857142857143
v -0.06666666666666665 0.1822518428672039 0.31038708327278003
v -0.06666666666666665 0.1875 0.30842288612436264
v -0.07801909835235966 0.1875 0.30637955650460663
v -0.096610617991602 0.15942754563287315 0.3142857142857143
v -0.0009050281651360459 0.18665153609518487 0.3136554268135659
v 1.1102230246251565e-16 0.18644555717926703 0.3142857142857143
v 1.1102230246251565e-16 0.18676145056071475 0.31373707755938807
v 1.1102230246251565e-16 0.1875 0.31339160877749495
v -0.0014158134474875905 0.1875 0.31329970134907104
v -0.001504641203933177 0.18608939887131254 0.3142857142857143
v 0.06174836212176494 0.18288908948915464 0.31086046647765775
v 0.06666666666666665 0.17916866833256961 0.3142857142857143
v 0.06666666666666665 0.1822518428672039 0.31038708327278003
v 0.06666666666666665 0.1875 0.30842288612436264
v 0.05895580382924008 0.1875 0.3089156490953636
v 0.059828092047402345 0.1810888362944397 0.3142857142857143
v 0.12164211639167727 0.1765394841171974 0.3061436167727752
v 0.13333333333333341 0.14661372605306766 0.3142857142857143
v 0.13333333333333341 0.17263831204367916 0.30324560323244737
v 0.13333333333333341 0.1875 0.29931004407802203
v 0.11659337908703028 0.1875 0.30262753186418173
v 0.1158014408436299 0.17106385079090297 0.3142857142857143
v 0.19999999999999996 0.15793927552837014 0.2923263189639321
v 0.17811329495920897 0.16698121402425842 0.29904318756087767
v 0.19999999999999996 0.1875 0.28382726962951876
v 0.17151691167900837 0.1875 0.29444927777645225
v 0.15015267727102238 0.14076813494158344 0.3142857142857143
v 0.2666666666666666 0.1283069616630616 0.27031374294970284
v 0.23142491772840934 0.15446086037038378 0.28974235341799937
v 0.21970453433632095 0.1875 0.2815799435556521
v 0.27015015720254487 0.12826577237738587 0.2702831451946294
v -0.20000000000000007 0.20625178335142527 0.28178703906105873
v -0.17754252893485703 0.2085538791235716 0.28349716734893887
v -0.13333333333333341 0.2228117201981466 0.29408870643290885
v -0.13333333333333341 0.25 0.2817169224356995
v -0.06666666666666665 0.2307994777510412 0.30002246918648773
v -0.09242604343086838 0.22585058428356092 0.29634614832493095
v -0.06666666666666665 0.25 0.2918143705942636
v -0.11051665670571435 0.25 0.2837473283656632
v 1.1102230246251565e-16 0.23326454618146292 0.30185366287765814
v -0.019186378080729406 0.2320127705493161 0.3009237724080634
v 1.1102230246251565e-16 0.25 0.2948225873523461
v -0.03072301918840744 0.25 0.29288932592235906
v 0.06666666666666665 0.2307994777510412 0.30002246918648773
v 0.04757518752283541 0.23210173830265818 0.3009898627391175
v 0.06666666666666665 0.25 0.2918143705942636
v 0.03720122302341787 0.25 0.29376513746273736
v 0.13333333333333341 0.2228117201981466 0.29408870643290885
v 0.1098949873311038 0.22802655062290977 0.29796258046273294
v 0.13333333333333341 0.25 0.2817169224356995
v 0.09771937759004788 0.25 0.2894831379644976
v 0.19999999999999996 0.2062517833514253 0.28178703906105873
v 0.1681918744578996 0.22017988230428087 0.2921336268546086
v 0.15094713314240069 0.25 0.2801238962956004
v 0.2195214050205335 0.20580131720675018 0.2814524070678715
v -0.13333333333333341 0.2661446980280451 0.2798503471065477
v -0.11557780591693179 0.2666458069528765 0.2802225994507082
v -0.06666666666666665 0.2766585315836353 0.287660623462129
v 1.1102230246251565e-16 0.2796514416106242 0.2898839280536065
v -0.037830600287417415 0.27703381223054613 0.2879394033712628
v 0.06666666666666665 0.2766585315836353 0.287660623462129
v 0.03122113315237605 0.2792698123303525 0.2896004320168333
v 0.13333333333333341 0.2661446980280451 0.2798503471065477
v 0.09442889390225512 0.2760270880333642 0.28719155111049904
v 0.15050289650729018 0.2660964654755845 0.27981451721043415
v -0.07347120930213655 -0.131379258720753 0.35597540780744064
v -0.06666666666666665 -0.13039037302621165 0.36071428571428577
v -0.06666666666666665 -0.1325475994095338 0.35510749758148924
v -0.0816108927206991 -0.125 0.35030669971237033
v -0.07497176229659641 -0.125 0.36071428571428577
v -0.07241639603561001 -0.13039037128338438 0.36071428571428577
v -0.026144883196379358 -0.1495108279966057 0.34250624205966435
v 1.1102230246251565e-16 -0.14452786936943976 0.36071428571428577
v 1.1102230246251565e-16 -0.1508286069314797 0.34152732056518653
v -0.02047909002584454 -0.14419914689922933 0.36071428571428577
v 0.057974385827217076 -0.133149013286984 0.35466073298681194
v 0.06666666666666665 -0.13039037302621165 0.36071428571428577
v 0.06666666666666665 -0.1325475994095338 0.35510749758148924
v 0.0607863827880166 -0.13051276613623441 0.36071428571428577
v 0.09620636447415136 -0.125 0.3348580038302126
v 0.07497176229659641 -0.125 0.36071428571428577
v -0.15955878854690075 -0.08708636426271937 0.34245012940483704
v -0.13333333333333341 -0.08995717325360197 0.36071428571428577
v -0.13333333333333341 -0.10087678658154875 0.3322058156822781
v -0.1673648332922779 -0.0625 0.33701377681430655
v -0.15975184073615672 -0.0625 0.36071428571428577
v -0.15613154259261464 -0.08387332118057615 0.36071428571428577
v -0.12348752759403651 -0.11576955711940917 0.32114261471129607
v -0.11598290646776255 -0.10873397481352734 0.36071428571428577
v 0.13333333333333341 -0.08995717325360197 0.36071428571428577
v 0.13333333333333341 -0.10087678658154875 0.3322058156822781
v 0.17003413918420743 -0.0625 0.3398452040747159
v 0.1597518407361567 -0.0625 0.36071428571428577
v -0.1807388738975316 -0.0444426942789358 0.327699712821362
v -0.19330379452932714 0 0.3189491430956472
v -0.18103457000039347 0 0.36071428571428577
v -0.17384825852865646 -0.03798274237061537 0.36071428571428577
v 0.17769143646795427 -0.020914278311292882 0.34517796468303963
v 0.18566636425602745 0 0.3507319322497335
v 0.18103457000039347 0 0.36071428571428577
v 0.16772606578209462 -0.030256813329286307 0.36071428571428577
v -0.1907075322923128 0.008711688475956806 0.32075725429642504
v -0.18387914488390622 0.0625 0.3255127383844225
v -0.1707481989120902 0.0625 0.36071428571428577
v -0.17561551861843946 0.02286045129521308 0.36071428571428577
v 0.18194876421770517 0.04557696645409861 0.3481428893659019
v 0.1790385903710906 0.0625 0.3461161611512953
v 0.17074819891209017 0.0625 0.36071428571428577
v 0.17665162357967543 0.04061089710594571 0.36071428571428577
v -0.13333333333333341 0.11399595852367123 0.35253985490329864
v -0.13333333333333341 0.10831177111930516 0.36071428571428577
v -0.13333333333333341 0.125 0.3358199501681848
v -0.11263222876729863 0.125 0.36071428571428577
v 0.12731627124864056 0.11935900429560045 0.3565238317624461
v 0.13333333333333341 0.10831177111930516 0.36071428571428577
v 0.13333333333333341 0.11399595852367123 0.35253985490329864
v 0.13333333333333341 0.125 0.3358199501681848
v 0.12139880111857565 0.125 0.35240273649329373
v 0.11263222876729863 0.125 0.36071428571428577
v 0.12554391917667607 0.11769742422813373 0.36071428571428577
v 0.17274460463669206 0.09944806684689877 0.34173284965769624
v 0.1473941360480446 0.125 0.3240780590334596
v 0.16392946224773075 0.09118387085724756 0.36071428571428577
v -0.13333333333333341 0.1381500238801378 0.32405430345381664
v -0.11752362715802211 0.13982159953935433 0.3252960453720918
v -0.06666666666666665 0.15273846673461725 0.36071428571428577
v -0.06666666666666665 0.16389810110212782 0.34318144653300925
v -0.022417214603242384 0.1664838613094602 0.34510229697274186
v 1.1102230246251565e-16 0.16301444337599807 0.36071428571428577
v 1.1102230246251565e-16 0.17040492853242856 0.34801508976694695
v -0.0340881329024742 0.15554237540393037 0.36071428571428577
v 0.04594742373149218 0.1680757097482739 0.34628481295586067
v 0.06666666666666665 0.15273846673461725 0.36071428571428577
v 0.06666666666666665 0.16389810110212782 0.34318144653300925
v 0.03763401543938836 0.16028188947442656 0.36071428571428577
v 0.13333333333333341 0.1381500238801378 0.32405430345381664
v 0.1057016871284503 0.16159533168292212 0.3414708178215993
v 0.09374481532949692 0.15038576437140333 0.36071428571428577
v 0.14736002547214705 0.1381500238801378 0.32405430345381664
v -0.06666666666666665 -0.125 0.36751695828969794
v 1.1102230246251565e-16 -0.125 0.38777597249683293
v -0.0513827012211115 -0.125 0.37135847593529736
v 0.06666666666666665 -0.125 0.36751695828969794
v 0.0297618330048705 -0.125 0.3814412765569634
v 0.07264628291996252 -0.125 0.36487866131925967
v -0.13333333333333341 -0.0625 0.3914818384027918
v -0.06666666666666665 -0.09859353480585067 0.40714285714285725
v -0.1020786966602879 -0.09569877811901989 0.3824809076830139
v -0.11597619193141862 -0.0625 0.40714285714285725
v -0.09597471106587876 -0.08997629162426132 0.40714285714285725
v 1.1102230246251565e-16 -0.1118131866307937 0.40714285714285725
v -0.04555802276915974 -0.10521064634608729 0.40714285714285725
v 0.06666666666666665 -0.09859353480585067 0.40714285714285725
v 0.019792342521524658 -0.1064446788860707 0.40714285714285725
v 0.08419838302475366 -0.10856401591429346 0.3729238738922392
v 0.13333333333333341 -0.0625 0.3914818384027918
v 0.1251300468508914 -0.0625 0.40142985405687087
v 0.11597619193141862 -0.0625 0.40714285714285725
v 0.15623084885207847 -0.0625 0.376660769736269
v -0.13333333333333341 -0.030224444070441968 0.40714285714285725
v -0.14922094218172563 -0.0148946332953677 0.3960782724091555
v -0.15579005624438783 0 0.39150335368694433
v -0.14792597446746003 0 0.40714285714285725
v -0.14663947095594201 -0.012474504021195557 0.40714285714285725
v -0.12336972529202644 -0.053159117461274726 0.40714285714285725
v 0.13333333333333341 -0.030224444070441968 0.40714285714285725
v 0.15801574371569135 -0.03936024026653939 0.3779038215162851
v 0.17207754680290907 0 0.38769686295202604
v 0.14792597446746003 0 0.40714285714285725
v -0.13333333333333341 0.060863734652669046 0.4059273457419828
v -0.13333333333333341 0.05515755549576764 0.40714285714285725
v -0.13333333333333341 0.0625 0.40540028930380034
v -0.13139337754400637 0.0625 0.40714285714285725
v 0.13256649826635025 0.06178109212470327 0.4066088112926368
v 0.13333333333333341 0.05515755549576764 0.40714285714285725
v 0.13333333333333341 0.060863734652669046 0.4059273457419828
v 0.13333333333333341 0.0625 0.40540028930380034
v 0.1324023467264928 0.0625 0.4064944914702361
v 0.13139337754400637 0.0625 0.40714285714285725
v 0.1319043443088856 0.061160322789580154 0.40714285714285725
v 0.1707792506106909 0.035105547447522714 0.3867926923895884
v 0.1646042724775718 0.0625 0.38249226118973756
v 0.14703971725554987 0.012849734927077947 0.40714285714285725
v -0.13333333333333341 0.09478419152707614 0.38469682799154237
v -0.07665094699445812 0.1156397371926955 0.40018951905743105
v -0.06666666666666665 0.1175475850691426 0.40714285714285725
v -0.06666666666666665 0.12124212452611335 0.40435129250511287
v -0.06666666666666665 0.125 0.3988402065651578
v -0.034697440276077116 0.125 0.40714285714285725
v 0.0634300209183673 0.12196564461096934 0.40488876456814876
v 0.06666666666666665 0.1175475850691426 0.40714285714285725
v 0.06666666666666665 0.12124212452611335 0.40435129250511287
v 0.06666666666666665 0.125 0.3988402065651578
v 0.05878604742121995 0.125 0.4016545687397783
v 0.03469744027607722 0.125 0.40714285714285725
v 0.06090466105995127 0.11959811974370432 0.40714285714285725
v 0.13333333333333341 0.09478419152707614 0.38469682799154237
v 0.11642112263854094 0.10914480247363209 0.3953647104089839
v 0.09757231257060829 0.125 0.3822378605402451
v 0.10544122739677328 0.09885115068447492 0.40714285714285725
v 0.16387852972730538 0.09113612161934878 0.3819868332029449
v -0.06666666666666665 0.15038587977576706 0.379572367833427
v -0.039180805962850666 0.15076799440982744 0.379856224418729
v 1.1102230246251565e-16 0.13388897728883278 0.40714285714285725
v 1.1102230246251565e-16 0.15828871289797486 0.3854430438670671
v 0.06666666666666665 0.15038587977576706 0.379572367833427
v 0.035087944811797216 0.15789494826105985 0.38515053299393026
v 0.009277752541477214 0.1336978930076348 0.40714285714285725
v 0.09374481532949692 0.15038576437140333 0.37957228210447114
v -0.06666666666666665 -0.0625 0.4282004604816456
v 1.1102230246251565e-16 -0.0625 0.4345188220288802
v -0.03490446362284587 -0.0625 0.4292629628340895
v 0.06666666666666665 -0.0625 0.4282004604816456
v 0.037813646805465055 -0.0625 0.4334773611680917
v 0.09527068512417694 -0.0625 0.4270635128543375
v -0.13333333333333341 0 0.41655761150193527
v -0.06666666666666665 -0.0314044496774713 0.4302424088110213
v -0.06666666666666665 0 0.4380099362330656
v -0.11692834241895173 0 0.41856776152965874
v -0.03063889959584743 -0.02872396837110703 0.43223362349574906
v 1.1102230246251565e-16 -0.021878134696552212 0.4373190999397041
v 1.1102230246251565e-16 0 0.4424174517238055
v -0.019867290741530125 0 0.4397352796621486
v 0.06666666666666665 -0.0314044496774713 0.4302424088110213
v 0.040660356603976947 -0.024380915683771646 0.4354598912063411
v 0.06666666666666665 0 0.4380099362330656
v 0.04846677042310818 0 0.4408965008303789
v 0.09570335628535906 -0.035278103482475905 0.42736483741301795
v 0.13333333333333341 0 0.41655761150193527
v 0.10714630408174461 0 0.4353340331997864
v 0.14656918319271536 0 0.41636068115206964
v -0.13333333333333341 0.012453485765177838 0.41639401799698933
v -0.11818981994024383 0.014197043806021464 0.417689232541616
v -0.06666666666666665 0.0400679935133944 0.43690765232423584
v -0.06666666666666665 0.0625 0.43343258546455377
v 1.1102230246251565e-16 0.045688395433814026 0.44108280803654754
v -0.02204397472682669 0.041833773693599904 0.43821937474381706
v 1.1102230246251565e-16 0.0625 0.4386762171857063
v -0.026888138678860946 0.0625 0.4348457605629361
v 0.06666666666666665 0.0400679935133944 0.43690765232423584
v 0.04704763888708987 0.04410716145664673 0.4399081770820804
v 0.06666666666666665 0.0625 0.43343258546455377
v 0.0434220240331313 0.0625 0.43738319530878783
v 0.13333333333333341 0.012453485765177838 0.41639401799698933
v 0.10679665068569572 0.0376218600178397 0.43509052458468095
v 0.10166585393094982 0.0625 0.4315172911304829
v 0.14656918319271536 0.012408609243170606 0.41636068115206964
v -0.06666666666666665 0.09525049563044974 0.4314717967540484
v 1.1102230246251565e-16 0.10099053609103772 0.43573582681048517
v -0.03144203220706804 0.09552309480587365 0.431674298998649
v 1.1102230246251565e-16 0.125 0.41370528028864617
v 0.06666666666666665 0.09525049563044974 0.4314717967540484
v 0.040780097067289266 0.10073134100058365 0.4355432818861479
v 0.009282303682395878 0.125 0.4136073186359543
v 0.10159092763790434 0.09524149466053529 0.43146511031925483
v 1.1102230246251565e-16 0.1336978356880153 0.41360410651109714
v 0.009277691400549732 0.1336978356880153 0.41360410651109714
f 1 2 3
f 1 3 4
f 1 4 5
f 1 5 6
f 1 6 7
f 1 7 2
f 3 4 8
f 3 2 8
f 9 10 11
f 9 11 12
f 9 12 13
f 9 13 14
f 9 14 15
f 9 15 10
f 16 17 18
f 16 18 19
f 16 19 20
f 20 12 11
f 20 11 16
f 21 10 11
f 21 11 16
f 16 21 17
f 22 4 5
f 22 5 23
f 23 22 24
f 23 24 25
f 25 19 18
f 25 18 23
f 26 17 18
f 26 18 23
f 26 6 5
f 26 5 23
f 27 28 29
f 27 29 30
f 27 30 31
f 31 24 22
f 31 22 27
f 22 4 27
f 28 8 4
f 28 4 27
f 32 33 34
f 32 34 35
f 32 35 36
f 30 29 32
f 30 32 36
f 37 28 29
f 37 29 32
f 32 37 33
f 34 35 38
f 34 33 38
f 39 12 13
f 39 13 40
f 40 39 41
f 40 41 42
f 40 42 43
f 40 43 44
f 44 14 13
f 44 13 40
f 45 19 20
f 45 20 46
f 46 45 47
f 46 47 48
f 48 41 39
f 48 39 46
f 39 12 46
f 12 20 46
f 49 24 25
f 49 25 50
f 50 49 51
f 50 51 52
f 52 47 45
f 52 45 50
f 45 19 50
f 19 25 50
f 53 30 31
f 53 31 54
f 54 53 55
f 54 55 56
f 56 51 49
f 56 49 54
f 49 24 54
f 24 31 54
f 57 35 36
f 57 36 58
f 58 57 59
f 58 59 60
f 55 53 58
f 55 58 60
f 53 30 58
f 30 36 58
f 57 59 61
f 61 57 35
f 61 35 62
f 35 38 62
f 41 42 63
f 41 63 64
f 63 64 65
f 63 65 66
f 63 66 67
f 63 67 68
f 43 42 63
f 43 63 68
f 69 47 48
f 69 48 70
f 70 69 71
f 70 71 72
f 72 65 64
f 72 64 70
f 64 41 70
f 41 48 70
f 73 51 52
f 73 52 74
f 74 73 75
f 74 75 76
f 76 71 69
f 76 69 74
f 69 47 74
f 47 52 74
f 55 56 77
f 55 77 78
f 77 78 79
f 77 79 80
f 75 73 77
f 75 77 80
f 73 51 77
f 51 56 77
f 59 60 81
f 59 81 82
f 81 82 83
f 81 83 84
f 79 78 81
f 79 81 84
f 78 55 81
f 55 60 81
f 82 83 85
f 86 85 82
f 86 82 59
f 59 61 86
f 66 65 87
f 66 67 87
f 71 72 88
f 71 88 89
f 88 89 90
f 88 90 91
f 88 91 92
f 92 87 65
f 92 65 88
f 65 72 88
f 75 76 93
f 75 93 94
f 93 94 95
f 93 95 96
f 96 90 89
f 96 89 93
f 89 71 93
f 71 76 93
f 79 80 97
f 79 97 98
f 97 98 99
f 97 99 100
f 95 94 97
f 95 97 100
f 94 75 97
f 75 80 97
f 84 83 101
f 98 99 102
f 103 102 98
f 103 98 79
f 103 79 84
f 103 84 101
f 83 101 104
f 83 85 104
f 91 90 105
f 91 92 105
f 96 95 106
f 90 105 107
f 106 107 90
f 106 90 96
f 100 99 108
f 95 106 109
f 109 95 100
f 109 100 108
f 99 108 110
f 99 102 110
f 111 112 113
f 111 113 114
f 111 114 115
f 111 115 116
f 111 116 117
f 111 117 112
f 118 119 120
f 120 2 7
f 120 7 118
f 121 6 7
f 121 7 118
f 121 114 113
f 121 113 118
f 122 112 113
f 122 113 118
f 118 122 119
f 123 124 125
f 123 125 126
f 126 8 2
f 126 2 123
f 2 120 123
f 127 119 120
f 127 120 123
f 123 127 124
f 125 126 128
f 125 124 128
f 129 130 131
f 131 10 15
f 131 15 129
f 132 14 15
f 132 15 129
f 129 132 133
f 129 133 134
f 129 134 130
f 135 114 115
f 135 115 136
f 135 17 21
f 135 21 136
f 21 10 136
f 10 131 136
f 137 130 131
f 137 131 136
f 137 116 115
f 137 115 136
f 121 6 138
f 6 26 138
f 26 17 138
f 17 135 138
f 135 114 138
f 114 121 138
f 8 126 139
f 8 28 139
f 140 141 142
f 33 37 140
f 33 140 142
f 37 28 140
f 28 139 140
f 139 126 140
f 141 128 126
f 141 126 140
f 33 38 143
f 144 143 33
f 144 33 142
f 142 141 144
f 145 146 147
f 145 147 148
f 145 148 149
f 145 149 150
f 145 150 151
f 145 151 146
f 132 14 152
f 14 44 152
f 153 43 44
f 153 44 152
f 153 148 147
f 153 147 152
f 154 146 147
f 154 147 152
f 154 133 132
f 154 132 152
f 155 156 143
f 155 143 38
f 157 155 38
f 157 38 62
f 62 61 157
f 143 144 156
f 155 157 158
f 155 156 158
f 149 148 159
f 149 150 159
f 153 43 160
f 43 68 160
f 161 67 68
f 161 68 160
f 160 161 162
f 162 159 148
f 162 148 160
f 148 153 160
f 163 157 61
f 163 61 164
f 61 86 164
f 85 86 164
f 85 164 165
f 164 165 166
f 164 166 167
f 164 167 163
f 157 163 168
f 157 158 168
f 161 67 169
f 170 87 67
f 170 67 169
f 169 170 171
f 169 171 172
f 169 172 173
f 173 162 161
f 173 161 169
f 87 92 174
f 87 170 174
f 103 101 175
f 103 102 175
f 165 85 176
f 85 104 176
f 104 101 176
f 177 175 101
f 177 101 176
f 176 177 178
f 178 166 165
f 178 165 176
f 171 170 179
f 171 172 179
f 180 174 92
f 180 92 181
f 92 105 181
f 170 179 182
f 180 182 170
f 180 170 174
f 183 184 185
f 106 107 183
f 106 183 185
f 107 105 183
f 105 181 183
f 180 181 183
f 180 183 186
f 183 186 184
f 187 188 189
f 189 108 109
f 189 109 187
f 109 106 187
f 106 185 187
f 190 184 185
f 190 185 187
f 187 190 188
f 191 175 102
f 191 102 192
f 102 110 192
f 110 108 192
f 108 189 192
f 188 189 192
f 188 192 193
f 192 193 191
f 175 191 194
f 175 177 194
f 195 196 197
f 195 197 198
f 195 198 199
f 195 199 200
f 195 200 201
f 195 201 196
f 202 203 204
f 204 112 117
f 204 117 202
f 205 116 117
f 205 117 202
f 205 198 197
f 205 197 202
f 206 196 197
f 206 197 202
f 202 206 203
f 207 208 209
f 209 119 122
f 209 122 207
f 122 112 207
f 112 204 207
f 210 203 204
f 210 204 207
f 207 210 208
f 211 212 213
f 213 124 127
f 213 127 211
f 127 119 211
f 119 209 211
f 214 208 209
f 214 209 211
f 211 214 212
f 215 216 217
f 215 217 218
f 218 128 124
f 218 124 215
f 124 213 215
f 212 213 215
f 212 215 219
f 215 219 216
f 217 218 220
f 217 216 220
f 221 222 223
f 221 223 224
f 221 224 225
f 221 225 226
f 221 226 227
f 221 227 222
f 228 198 199
f 228 199 229
f 228 130 134
f 228 134 229
f 230 133 134
f 230 134 229
f 230 224 223
f 230 223 229
f 231 222 223
f 231 223 229
f 231 200 199
f 231 199 229
f 205 116 232
f 116 137 232
f 137 130 232
f 130 228 232
f 228 198 232
f 198 205 232
f 128 218 233
f 128 141 233
f 234 235 236
f 234 236 237
f 144 141 234
f 144 234 237
f 141 233 234
f 233 218 234
f 220 218 234
f 220 234 235
f 236 237 238
f 236 235 238
f 239 224 225
f 239 225 240
f 239 146 151
f 239 151 240
f 241 150 151
f 241 151 240
f 240 241 242
f 240 242 243
f 243 226 225
f 243 225 240
f 230 133 244
f 133 154 244
f 154 146 244
f 146 239 244
f 239 224 244
f 224 230 244
f 144 237 245
f 144 156 245
f 156 158 246
f 247 246 156
f 247 156 245
f 247 245 237
f 247 237 248
f 237 238 248
f 241 150 249
f 250 159 150
f 250 150 249
f 249 250 251
f 249 251 252
f 249 252 253
f 253 242 241
f 253 241 249
f 159 162 254
f 159 250 254
f 167 163 255
f 167 166 255
f 246 158 256
f 158 168 256
f 168 163 256
f 255 163 256
f 255 256 257
f 256 257 258
f 247 246 256
f 247 256 258
f 251 250 259
f 251 252 259
f 254 162 260
f 162 173 260
f 172 173 260
f 172 260 261
f 260 261 262
f 262 259 250
f 262 250 260
f 250 254 260
f 263 255 166
f 263 166 264
f 166 178 264
f 177 178 264
f 177 264 265
f 264 265 266
f 264 266 267
f 264 267 263
f 255 263 268
f 255 257 268
f 269 270 261
f 269 261 172
f 172 179 269
f 261 262 270
f 182 180 271
f 272 271 182
f 272 182 179
f 272 179 269
f 272 269 273
f 269 270 273
f 186 184 274
f 275 274 186
f 275 186 180
f 180 271 275
f 190 188 276
f 276 190 184
f 276 184 277
f 184 274 277
f 278 279 280
f 191 193 278
f 191 278 280
f 193 188 278
f 276 188 278
f 276 278 281
f 278 281 282
f 278 282 279
f 265 177 283
f 177 194 283
f 194 191 283
f 191 280 283
f 284 279 280
f 284 280 283
f 284 266 265
f 284 265 283
f 272 271 285
f 272 273 285
f 275 274 286
f 271 285 287
f 286 287 271
f 286 271 275
f 277 276 288
f 274 286 289
f 289 274 277
f 289 277 288
f 276 288 290
f 276 281 290
f 291 292 293
f 291 293 294
f 291 294 295
f 291 295 296
f 291 296 297
f 291 297 292
f 298 299 300
f 298 300 301
f 298 301 302
f 302 294 293
f 302 293 298
f 303 292 293
f 303 293 298
f 298 303 299
f 304 305 306
f 304 306 307
f 304 307 308
f 308 301 300
f 308 300 304
f 309 299 300
f 309 300 304
f 304 309 305
f 310 311 312
f 310 312 313
f 310 313 314
f 307 306 310
f 307 310 314
f 315 305 306
f 315 306 310
f 310 315 311
f 316 317 318
f 316 318 319
f 316 319 320
f 313 312 316
f 313 316 320
f 311 312 316
f 311 316 321
f 316 321 317
f 318 319 322
f 318 317 322
f 323 324 325
f 323 325 326
f 323 326 327
f 323 327 328
f 323 328 329
f 323 329 324
f 330 294 295
f 330 295 331
f 331 330 332
f 331 332 333
f 333 326 325
f 333 325 331
f 334 324 325
f 334 325 331
f 334 296 295
f 334 295 331
f 335 301 302
f 335 302 336
f 336 335 337
f 336 337 338
f 338 332 330
f 338 330 336
f 330 294 336
f 294 302 336
f 339 307 308
f 339 308 340
f 340 339 341
f 340 341 342
f 342 337 335
f 342 335 340
f 335 301 340
f 301 308 340
f 343 313 314
f 343 314 344
f 344 343 345
f 344 345 346
f 346 341 339
f 346 339 344
f 339 307 344
f 307 314 344
f 347 319 320
f 347 320 348
f 348 347 349
f 348 349 350
f 350 345 343
f 350 343 348
f 343 313 348
f 313 320 348
f 351 352 353
f 351 353 354
f 351 354 355
f 349 347 351
f 349 351 355
f 347 319 351
f 352 322 319
f 352 319 351
f 353 354 356
f 353 352 356
f 357 358 359
f 357 359 360
f 357 360 361
f 357 361 362
f 357 362 363
f 357 363 358
f 364 326 327
f 364 327 365
f 365 364 366
f 365 366 367
f 367 360 359
f 367 359 365
f 368 358 359
f 368 359 365
f 368 328 327
f 368 327 365
f 369 332 333
f 369 333 370
f 369 196 201
f 369 201 370
f 371 200 201
f 371 201 370
f 371 366 364
f 371 364 370
f 364 326 370
f 326 333 370
f 372 337 338
f 372 338 373
f 372 203 206
f 372 206 373
f 206 196 373
f 196 369 373
f 369 332 373
f 332 338 373
f 374 341 342
f 374 342 375
f 374 208 210
f 374 210 375
f 210 203 375
f 203 372 375
f 372 337 375
f 337 342 375
f 345 346 376
f 345 376 377
f 212 214 376
f 212 376 377
f 214 208 376
f 208 374 376
f 374 341 376
f 341 346 376
f 349 350 378
f 349 378 379
f 379 216 219
f 379 219 378
f 219 212 378
f 212 377 378
f 377 345 378
f 345 350 378
f 380 354 355
f 380 355 381
f 381 380 382
f 382 220 216
f 382 216 381
f 216 379 381
f 379 349 381
f 349 355 381
f 383 384 385
f 383 385 386
f 383 386 387
f 382 380 383
f 382 383 387
f 380 354 383
f 384 356 354
f 384 354 383
f 385 386 388
f 385 384 388
f 389 390 391
f 389 391 392
f 389 392 393
f 389 393 394
f 389 394 395
f 389 395 390
f 396 360 361
f 396 361 397
f 397 396 398
f 397 398 399
f 399 392 391
f 399 391 397
f 400 390 391
f 400 391 397
f 400 362 361
f 400 361 397
f 401 366 367
f 401 367 402
f 401 222 227
f 401 227 402
f 403 226 227
f 403 227 402
f 403 398 396
f 403 396 402
f 396 360 402
f 360 367 402
f 371 200 404
f 200 231 404
f 231 222 404
f 222 401 404
f 401 366 404
f 366 371 404
f 220 382 405
f 220 235 405
f 406 386 387
f 406 387 407
f 407 406 408
f 408 238 235
f 408 235 407
f 235 405 407
f 405 382 407
f 382 387 407
f 409 410 411
f 409 411 412
f 409 412 413
f 408 406 409
f 408 409 413
f 406 386 409
f 388 386 409
f 388 409 410
f 411 412 414
f 411 410 414
f 415 392 393
f 415 393 416
f 416 415 417
f 416 417 418
f 416 418 419
f 416 419 420
f 420 394 393
f 420 393 416
f 421 398 399
f 421 399 422
f 422 421 423
f 422 423 424
f 424 417 415
f 424 415 422
f 415 392 422
f 392 399 422
f 403 226 425
f 226 243 425
f 426 242 243
f 426 243 425
f 426 423 421
f 426 421 425
f 421 398 425
f 398 403 425
f 238 408 427
f 427 238 248
f 427 248 428
f 248 247 428
f 429 412 413
f 429 413 430
f 430 429 431
f 430 431 432
f 428 427 430
f 428 430 432
f 427 408 430
f 408 413 430
f 429 431 433
f 433 429 412
f 433 412 434
f 412 414 434
f 435 417 418
f 435 418 436
f 436 435 437
f 436 437 438
f 436 438 439
f 436 439 440
f 440 419 418
f 440 418 436
f 441 423 424
f 441 424 442
f 442 441 443
f 442 443 444
f 444 437 435
f 444 435 442
f 435 417 442
f 417 424 442
f 426 242 445
f 242 253 445
f 446 252 253
f 446 253 445
f 446 443 441
f 446 441 445
f 441 423 445
f 423 426 445
f 247 428 447
f 447 247 258
f 447 258 448
f 258 257 448
f 449 431 432
f 449 432 450
f 450 449 451
f 450 451 452
f 448 447 450
f 448 450 452
f 447 428 450
f 428 432 450
f 449 451 453
f 454 453 449
f 454 449 431
f 431 433 454
f 437 438 455
f 437 455 456
f 455 456 457
f 455 457 458
f 455 458 459
f 455 459 460
f 439 438 455
f 439 455 460
f 461 443 444
f 461 444 462
f 462 461 463
f 462 463 464
f 464 457 456
f 464 456 462
f 456 437 462
f 437 444 462
f 446 252 465
f 466 259 252
f 466 252 465
f 465 466 467
f 467 463 461
f 467 461 465
f 461 443 465
f 443 446 465
f 259 262 468
f 259 466 468
f 267 263 469
f 267 266 469
f 257 448 470
f 470 257 268
f 470 268 471
f 471 268 263
f 471 263 472
f 263 469 472
f 451 452 473
f 451 473 474
f 473 474 475
f 473 475 476
f 471 470 473
f 471 473 476
f 470 448 473
f 448 452 473
f 474 475 477
f 478 477 474
f 478 474 451
f 451 453 478
f 458 457 479
f 458 459 479
f 463 464 480
f 463 480 481
f 480 481 482
f 480 482 483
f 480 483 484
f 484 479 457
f 484 457 480
f 457 464 480
f 485 466 467
f 485 467 486
f 486 485 487
f 486 487 488
f 488 482 481
f 488 481 486
f 481 463 486
f 463 467 486
f 468 262 489
f 490 270 262
f 490 262 489
f 489 490 491
f 487 485 489
f 487 489 491
f 485 466 489
f 466 468 489
f 270 273 492
f 270 490 492
f 282 279 493
f 282 281 493
f 266 469 494
f 495 494 266
f 495 266 284
f 495 284 279
f 495 279 496
f 279 493 496
f 471 472 497
f 471 497 498
f 497 498 499
f 497 499 500
f 495 494 497
f 495 497 500
f 494 469 497
f 469 472 497
f 476 475 501
f 498 499 502
f 503 502 498
f 503 498 471
f 501 503 471
f 501 471 476
f 475 501 504
f 475 477 504
f 482 483 505
f 482 505 506
f 505 506 507
f 505 507 508
f 505 508 509
f 505 509 510
f 510 484 483
f 510 483 505
f 511 487 488
f 511 488 512
f 512 511 513
f 512 513 514
f 514 507 506
f 514 506 512
f 506 482 512
f 482 488 512
f 515 490 491
f 515 491 516
f 516 515 517
f 516 517 518
f 513 511 516
f 513 516 518
f 511 487 516
f 487 491 516
f 492 273 519
f 285 273 519
f 285 519 520
f 519 520 521
f 517 515 519
f 517 519 521
f 515 490 519
f 490 492 519
f 287 286 522
f 522 287 285
f 522 285 523
f 285 520 523
f 289 288 524
f 524 289 286
f 524 286 525
f 286 522 525
f 281 493 526
f 527 526 281
f 527 281 290
f 527 290 288
f 527 288 528
f 288 524 528
f 495 496 529
f 495 529 530
f 529 530 531
f 529 531 532
f 527 526 529
f 527 529 532
f 526 493 529
f 493 496 529
f 499 500 533
f 499 533 534
f 533 534 535
f 533 535 536
f 531 530 533
f 531 533 536
f 530 495 533
f 495 500 533
f 534 535 537
f 538 537 534
f 538 534 499
f 499 502 538
f 508 507 539
f 508 509 539
f 513 514 540
f 513 540 541
f 540 541 542
f 540 542 543
f 540 543 544
f 539 507 540
f 539 540 544
f 507 514 540
f 517 518 545
f 517 545 546
f 545 546 547
f 545 547 548
f 548 542 541
f 548 541 545
f 541 513 545
f 513 518 545
f 549 520 521
f 549 521 550
f 550 549 551
f 550 551 552
f 547 546 550
f 547 550 552
f 546 517 550
f 517 521 550
f 522 523 553
f 522 553 554
f 553 554 555
f 553 555 556
f 551 549 553
f 551 553 556
f 549 520 553
f 520 523 553
f 524 525 557
f 524 557 558
f 557 558 559
f 557 559 560
f 555 554 557
f 555 557 560
f 554 522 557
f 522 525 557
f 527 528 561
f 527 561 562
f 561 562 563
f 561 563 564
f 559 558 561
f 559 561 564
f 558 524 561
f 524 528 561
f 531 532 565
f 531 565 566
f 565 566 567
f 565 567 568
f 563 562 565
f 563 565 568
f 562 527 565
f 527 532 565
f 536 535 569
f 566 567 570
f 571 570 566
f 571 566 531
f 571 531 536
f 571 536 569
f 535 569 572
f 535 537 572
f 543 542 573
f 543 544 573
f 548 547 574
f 542 573 575
f 574 575 542
f 574 542 548
f 551 552 576
f 551 576 577
f 576 577 578
f 576 578 579
f 576 579 580
f 574 547 576
f 574 576 580
f 547 552 576
f 555 556 581
f 555 581 582
f 581 582 583
f 581 583 584
f 584 578 577
f 584 577 581
f 577 551 581
f 551 556 581
f 559 560 585
f 559 585 586
f 585 586 587
f 585 587 588
f 583 582 585
f 583 585 588
f 582 555 585
f 555 560 585
f 564 563 589
f 586 587 590
f 591 590 586
f 591 586 559
f 589 591 559
f 589 559 564
f 568 567 592
f 563 589 593
f 593 563 568
f 593 568 592
f 567 592 594
f 567 570 594
f 579 578 595
f 579 580 595
f 584 583 596
f 578 595 597
f 596 597 578
f 596 578 584
f 588 587 598
f 583 596 599
f 599 583 588
f 599 588 598
f 587 598 600
f 587 590 600
f 601 602 603
f 601 603 604
f 601 604 605
f 601 605 606
f 601 606 607
f 601 607 602
f 608 609 610
f 608 610 611
f 608 611 612
f 612 604 603
f 612 603 608
f 613 602 603
f 613 603 608
f 608 613 609
f 614 615 616
f 614 616 617
f 614 617 618
f 611 610 614
f 611 614 618
f 609 610 614
f 609 614 619
f 614 619 615
f 616 617 620
f 616 615 620
f 621 622 623
f 621 623 624
f 621 624 625
f 621 625 626
f 621 626 627
f 621 627 622
f 628 629 630
f 630 292 297
f 630 297 628
f 631 296 297
f 631 297 628
f 631 624 623
f 631 623 628
f 632 622 623
f 632 623 628
f 628 632 629
f 633 604 605
f 633 605 634
f 633 299 303
f 633 303 634
f 303 292 634
f 292 630 634
f 635 629 630
f 635 630 634
f 635 606 605
f 635 605 634
f 636 611 612
f 636 612 637
f 636 305 309
f 636 309 637
f 309 299 637
f 299 633 637
f 633 604 637
f 604 612 637
f 638 617 618
f 638 618 639
f 638 311 315
f 638 315 639
f 315 305 639
f 305 636 639
f 636 611 639
f 611 618 639
f 640 641 642
f 642 317 321
f 642 321 640
f 321 311 640
f 311 638 640
f 638 617 640
f 641 620 617
f 641 617 640
f 643 644 645
f 643 645 646
f 646 322 317
f 646 317 643
f 317 642 643
f 647 641 642
f 647 642 643
f 643 647 644
f 645 646 648
f 645 644 648
f 649 650 651
f 649 651 652
f 649 652 653
f 649 653 654
f 649 654 655
f 649 655 650
f 656 624 625
f 656 625 657
f 656 324 329
f 656 329 657
f 658 328 329
f 658 329 657
f 658 652 651
f 658 651 657
f 659 650 651
f 659 651 657
f 659 626 625
f 659 625 657
f 631 296 660
f 296 334 660
f 334 324 660
f 324 656 660
f 656 624 660
f 624 631 660
f 322 646 661
f 322 352 661
f 662 663 664
f 662 664 665
f 665 356 352
f 665 352 662
f 352 661 662
f 661 646 662
f 663 648 646
f 663 646 662
f 664 665 666
f 664 663 666
f 667 668 669
f 667 669 670
f 667 670 671
f 667 671 672
f 667 672 673
f 667 673 668
f 674 652 653
f 674 653 675
f 674 358 363
f 674 363 675
f 676 362 363
f 676 363 675
f 676 670 669
f 676 669 675
f 677 668 669
f 677 669 675
f 677 654 653
f 677 653 675
f 658 328 678
f 328 368 678
f 368 358 678
f 358 674 678
f 674 652 678
f 652 658 678
f 356 665 679
f 356 384 679
f 680 681 682
f 680 682 683
f 388 384 680
f 388 680 683
f 384 679 680
f 679 665 680
f 666 665 680
f 666 680 681
f 682 683 684
f 682 681 684
f 685 670 671
f 685 671 686
f 685 390 395
f 685 395 686
f 687 394 395
f 687 395 686
f 686 687 688
f 686 688 689
f 689 672 671
f 689 671 686
f 676 362 690
f 362 400 690
f 400 390 690
f 390 685 690
f 685 670 690
f 670 676 690
f 388 683 691
f 388 410 691
f 410 414 692
f 693 692 410
f 693 410 691
f 693 691 683
f 693 683 694
f 683 684 694
f 687 394 695
f 394 420 695
f 696 419 420
f 696 420 695
f 695 696 697
f 695 697 698
f 698 688 687
f 698 687 695
f 692 414 699
f 414 434 699
f 433 434 699
f 433 699 700
f 699 700 701
f 699 701 702
f 693 692 699
f 693 699 702
f 696 419 703
f 419 440 703
f 704 439 440
f 704 440 703
f 703 704 705
f 703 705 706
f 706 697 696
f 706 696 703
f 700 433 707
f 433 454 707
f 453 454 707
f 453 707 708
f 707 708 709
f 707 709 710
f 701 700 707
f 701 707 710
f 704 439 711
f 439 460 711
f 712 459 460
f 712 460 711
f 711 712 713
f 711 713 714
f 714 705 704
f 714 704 711
f 708 453 715
f 453 478 715
f 477 478 715
f 477 715 716
f 715 716 717
f 715 717 718
f 718 709 708
f 718 708 715
f 712 459 719
f 720 479 459
f 720 459 719
f 719 720 721
f 719 721 722
f 719 722 723
f 723 713 712
f 723 712 719
f 479 484 724
f 479 720 724
f 503 501 725
f 503 502 725
f 716 477 726
f 477 504 726
f 504 501 726
f 727 725 501
f 727 501 726
f 726 727 728
f 717 716 726
f 717 726 728
f 721 720 729
f 721 722 729
f 724 484 730
f 484 510 730
f 509 510 730
f 509 730 731
f 730 731 732
f 732 729 720
f 732 720 730
f 720 724 730
f 725 502 733
f 725 733 734
f 502 538 733
f 537 538 733
f 537 733 735
f 733 735 736
f 733 736 737
f 733 737 734
f 725 734 738
f 725 727 738
f 731 509 739
f 539 509 739
f 539 739 740
f 739 740 741
f 739 741 742
f 739 742 743
f 743 732 731
f 743 731 739
f 539 544 744
f 539 740 744
f 571 569 745
f 571 570 745
f 735 537 746
f 537 572 746
f 572 569 746
f 747 745 569
f 747 569 746
f 746 747 748
f 748 736 735
f 748 735 746
f 741 740 749
f 741 742 749
f 750 751 744
f 750 744 544
f 544 573 750
f 740 749 752
f 751 752 740
f 751 740 744
f 575 574 753
f 753 575 573
f 753 573 754
f 754 573 750
f 754 750 755
f 750 751 755
f 574 580 756
f 574 753 756
f 591 589 757
f 591 590 757
f 758 759 760
f 592 593 758
f 592 758 760
f 593 589 758
f 757 589 758
f 757 758 761
f 758 761 762
f 758 762 759
f 763 745 570
f 763 570 764
f 570 594 764
f 594 592 764
f 592 760 764
f 765 759 760
f 765 760 764
f 764 765 763
f 745 763 766
f 745 747 766
f 754 753 767
f 754 755 767
f 768 756 580
f 768 580 769
f 580 595 769
f 753 767 770
f 770 753 756
f 770 756 768
f 771 772 773
f 596 597 771
f 596 771 773
f 597 595 771
f 595 769 771
f 768 769 771
f 768 771 774
f 771 774 772
f 775 776 777
f 777 598 599
f 777 599 775
f 599 596 775
f 596 773 775
f 772 773 775
f 772 775 778
f 775 778 776
f 757 590 779
f 757 779 780
f 590 600 779
f 600 598 779
f 598 777 779
f 776 777 779
f 776 779 781
f 779 781 780
f 757 780 782
f 757 761 782
f 783 784 785
f 785 602 607
f 785 607 783
f 786 606 607
f 786 607 783
f 783 786 787
f 783 787 788
f 783 788 784
f 789 790 791
f 791 609 613
f 791 613 789
f 613 602 789
f 602 785 789
f 792 784 785
f 792 785 789
f 789 792 790
f 793 794 795
f 795 615 619
f 795 619 793
f 619 609 793
f 609 791 793
f 790 791 793
f 790 793 796
f 793 796 794
f 615 620 797
f 798 797 615
f 798 615 795
f 795 794 798
f 799 800 801
f 801 622 627
f 801 627 799
f 802 626 627
f 802 627 799
f 799 802 803
f 799 803 804
f 799 804 800
f 805 806 807
f 807 629 632
f 807 632 805
f 632 622 805
f 622 801 805
f 808 800 801
f 808 801 805
f 805 808 806
f 786 606 809
f 606 635 809
f 635 629 809
f 629 807 809
f 810 806 807
f 810 807 809
f 810 787 786
f 810 786 809
f 811 797 620
f 811 620 812
f 620 641 812
f 797 798 811
f 813 814 815
f 644 647 813
f 644 813 815
f 647 641 813
f 641 812 813
f 816 811 812
f 816 812 813
f 813 816 814
f 644 648 817
f 818 817 644
f 818 644 815
f 815 814 818
f 819 820 821
f 821 650 655
f 821 655 819
f 822 654 655
f 822 655 819
f 819 822 823
f 819 823 824
f 819 824 820
f 802 626 825
f 626 659 825
f 659 650 825
f 650 821 825
f 826 820 821
f 826 821 825
f 826 803 802
f 826 802 825
f 827 817 648
f 827 648 828
f 648 663 828
f 817 818 827
f 663 666 829
f 830 829 663
f 830 663 828
f 828 827 830
f 831 832 833
f 833 668 673
f 833 673 831
f 834 672 673
f 834 673 831
f 831 834 835
f 831 835 836
f 831 836 832
f 822 654 837
f 654 677 837
f 677 668 837
f 668 833 837
f 838 832 833
f 838 833 837
f 838 823 822
f 838 822 837
f 839 840 829
f 839 829 666
f 666 681 839
f 829 830 840
f 681 684 841
f 842 841 681
f 842 681 839
f 839 840 842
f 834 672 843
f 672 689 843
f 844 688 689
f 844 689 843
f 843 844 845
f 843 845 846
f 846 835 834
f 846 834 843
f 841 684 847
f 684 694 847
f 693 694 847
f 693 847 848
f 847 848 849
f 847 849 850
f 842 841 847
f 842 847 850
f 851 852 853
f 851 853 854
f 851 854 855
f 851 855 856
f 851 856 857
f 851 857 852
f 844 688 858
f 688 698 858
f 859 697 698
f 859 698 858
f 859 854 853
f 859 853 858
f 860 852 853
f 860 853 858
f 860 845 844
f 860 844 858
f 861 862 848
f 861 848 693
f 863 861 693
f 863 693 702
f 702 701 863
f 848 849 862
f 861 863 864
f 861 862 864
f 865 854 855
f 865 855 866
f 866 865 867
f 866 867 868
f 866 868 869
f 866 869 870
f 870 856 855
f 870 855 866
f 859 697 871
f 697 706 871
f 872 705 706
f 872 706 871
f 872 867 865
f 872 865 871
f 865 854 871
f 854 859 871
f 701 863 873
f 873 701 710
f 873 710 874
f 710 709 874
f 873 874 875
f 875 873 863
f 875 863 876
f 863 864 876
f 877 867 868
f 877 868 878
f 878 877 879
f 878 879 880
f 878 880 881
f 878 881 882
f 869 868 878
f 869 878 882
f 872 705 883
f 705 714 883
f 713 714 883
f 713 883 884
f 884 879 877
f 884 877 883
f 877 867 883
f 867 872 883
f 709 874 885
f 886 885 709
f 886 709 718
f 718 717 886
f 885 886 887
f 887 885 874
f 887 874 888
f 874 875 888
f 880 879 889
f 880 881 889
f 884 713 890
f 713 723 890
f 722 723 890
f 722 890 891
f 890 891 892
f 892 889 879
f 892 879 890
f 879 884 890
f 893 886 717
f 893 717 894
f 717 728 894
f 727 728 894
f 727 894 895
f 894 895 896
f 894 896 897
f 894 897 893
f 886 893 898
f 886 887 898
f 891 722 899
f 900 729 722
f 900 722 899
f 899 900 901
f 899 901 902
f 899 902 903
f 903 892 891
f 903 891 899
f 729 732 904
f 729 900 904
f 737 734 905
f 737 736 905
f 895 727 906
f 727 738 906
f 738 734 906
f 907 905 734
f 907 734 906
f 906 907 908
f 908 896 895
f 908 895 906
f 901 900 909
f 901 902 909
f 904 732 910
f 732 743 910
f 742 743 910
f 742 910 911
f 910 911 912
f 909 900 910
f 909 910 912
f 900 904 910
f 913 905 736
f 913 736 914
f 736 748 914
f 915 747 748
f 915 748 914
f 914 915 916
f 914 916 917
f 914 917 913
f 905 913 918
f 905 907 918
f 919 911 742
f 919 742 920
f 742 749 920
f 911 912 919
f 752 751 921
f 922 921 752
f 922 752 749
f 922 749 920
f 922 920 923
f 920 919 923
f 751 755 924
f 751 921 924
f 762 759 925
f 762 761 925
f 926 927 928
f 928 763 765
f 928 765 926
f 765 759 926
f 929 925 759
f 929 759 926
f 926 929 930
f 926 930 927
f 915 747 931
f 747 766 931
f 766 763 931
f 763 928 931
f 927 928 931
f 927 931 932
f 916 915 931
f 916 931 932
f 922 921 933
f 922 923 933
f 934 924 755
f 934 755 935
f 755 767 935
f 921 933 936
f 936 921 924
f 936 924 934
f 770 768 937
f 938 937 770
f 938 770 767
f 939 938 767
f 939 767 935
f 935 934 939
f 774 772 940
f 941 940 774
f 941 774 768
f 768 937 941
f 778 776 942
f 943 942 778
f 943 778 772
f 772 940 943
f 944 945 946
f 780 781 944
f 780 944 946
f 781 776 944
f 947 942 776
f 947 776 944
f 944 947 948
f 944 948 945
f 949 925 761
f 949 761 950
f 761 782 950
f 782 780 950
f 780 946 950
f 951 945 946
f 951 946 950
f 950 951 949
f 925 949 952
f 925 929 952
f 938 937 953
f 938 939 953
f 941 940 954
f 937 953 955
f 954 955 937
f 954 937 941
f 943 942 956
f 940 954 957
f 957 940 943
f 957 943 956
f 942 956 958
f 942 947 958
f 959 960 961
f 959 961 962
f 959 962 963
f 959 963 964
f 959 964 965
f 959 965 960
f 966 967 968
f 966 968 969
f 966 969 970
f 970 962 961
f 970 961 966
f 971 960 961
f 971 961 966
f 966 971 967
f 972 973 974
f 972 974 975
f 972 975 976
f 976 969 968
f 976 968 972
f 977 967 968
f 977 968 972
f 972 977 973
f 978 979 980
f 978 980 981
f 978 981 982
f 982 975 974
f 982 974 978
f 983 973 974
f 983 974 978
f 978 983 979
f 984 985 986
f 984 986 987
f 984 987 988
f 981 980 984
f 981 984 988
f 989 979 980
f 989 980 984
f 984 989 985
f 986 987 990
f 986 985 990
f 991 992 993
f 991 993 994
f 991 994 995
f 991 995 996
f 991 996 997
f 991 997 992
f 998 999 1000
f 998 1000 1001
f 998 1001 1002
f 1002 994 993
f 1002 993 998
f 1003 992 993
f 1003 993 998
f 998 1003 999
f 1004 962 963
f 1004 963 1005
f 1005 1004 1006
f 1005 1006 1007
f 1007 1001 1000
f 1007 1000 1005
f 1008 999 1000
f 1008 1000 1005
f 1008 964 963
f 1008 963 1005
f 1009 969 970
f 1009 970 1010
f 1009 784 788
f 1009 788 1010
f 1011 787 788
f 1011 788 1010
f 1011 1006 1004
f 1011 1004 1010
f 1004 962 1010
f 962 970 1010
f 1012 975 976
f 1012 976 1013
f 1012 790 792
f 1012 792 1013
f 792 784 1013
f 784 1009 1013
f 1009 969 1013
f 969 976 1013
f 1014 981 982
f 1014 982 1015
f 1014 794 796
f 1014 796 1015
f 796 790 1015
f 790 1012 1015
f 1012 975 1015
f 975 982 1015
f 1016 987 988
f 1016 988 1017
f 1017 1016 1018
f 1018 798 794
f 1018 794 1017
f 794 1014 1017
f 1014 981 1017
f 981 988 1017
f 1019 1020 1021
f 1019 1021 1022
f 1019 1022 1023
f 1023 1018 1016
f 1023 1016 1019
f 1016 987 1019
f 1020 990 987
f 1020 987 1019
f 1024 1025 1026
f 1024 1026 1027
f 1024 1027 1028
f 1022 1021 1024
f 1022 1024 1028
f 1029 1020 1021
f 1029 1021 1024
f 1024 1029 1025
f 1026 1027 1030
f 1026 1025 1030
f 1031 1032 1033
f 1031 1033 1034
f 1031 1034 1035
f 1031 1035 1036
f 1031 1036 1037
f 1031 1037 1032
f 1038 994 995
f 1038 995 1039
f 1039 1038 1040
f 1039 1040 1041
f 1041 1034 1033
f 1041 1033 1039
f 1042 1032 1033
f 1042 1033 1039
f 1042 996 995
f 1042 995 1039
f 1043 1001 1002
f 1043 1002 1044
f 1043 800 804
f 1043 804 1044
f 1045 803 804
f 1045 804 1044
f 1045 1040 1038
f 1045 1038 1044
f 1038 994 1044
f 994 1002 1044
f 1046 1006 1007
f 1046 1007 1047
f 1046 806 808
f 1046 808 1047
f 808 800 1047
f 800 1043 1047
f 1043 1001 1047
f 1001 1007 1047
f 1011 787 1048
f 787 810 1048
f 810 806 1048
f 806 1046 1048
f 1046 1006 1048
f 1006 1011 1048
f 798 1018 1049
f 798 811 1049
f 1022 1023 1050
f 1022 1050 1051
f 814 816 1050
f 814 1050 1051
f 816 811 1050
f 811 1049 1050
f 1049 1018 1050
f 1018 1023 1050
f 1052 1027 1028
f 1052 1028 1053
f 1053 1052 1054
f 1054 818 814
f 1054 814 1053
f 814 1051 1053
f 1051 1022 1053
f 1022 1028 1053
f 1055 1056 1057
f 1055 1057 1058
f 1055 1058 1059
f 1059 1054 1052
f 1059 1052 1055
f 1052 1027 1055
f 1056 1030 1027
f 1056 1027 1055
f 1057 1058 1060
f 1057 1056 1060
f 1061 1062 1063
f 1061 1063 1064
f 1061 1064 1065
f 1061 1065 1066
f 1061 1066 1067
f 1061 1067 1062
f 1068 1034 1035
f 1068 1035 1069
f 1069 1068 1070
f 1069 1070 1071
f 1071 1064 1063
f 1071 1063 1069
f 1072 1062 1063
f 1072 1063 1069
f 1072 1036 1035
f 1072 1035 1069
f 1073 1040 1041
f 1073 1041 1074
f 1073 820 824
f 1073 824 1074
f 1075 823 824
f 1075 824 1074
f 1075 1070 1068
f 1075 1068 1074
f 1068 1034 1074
f 1034 1041 1074
f 1045 803 1076
f 803 826 1076
f 826 820 1076
f 820 1073 1076
f 1073 1040 1076
f 1040 1045 1076
f 818 1054 1077
f 818 827 1077
f 1058 1059 1078
f 1058 1078 1079
f 1078 1079 1080
f 830 827 1078
f 830 1078 1080
f 827 1077 1078
f 1077 1054 1078
f 1054 1059 1078
f 1081 1082 1083
f 1081 1083 1084
f 1081 1084 1085
f 1085 1080 1079
f 1085 1079 1081
f 1079 1058 1081
f 1082 1060 1058
f 1082 1058 1081
f 1083 1084 1086
f 1083 1082 1086
f 1087 1064 1065
f 1087 1065 1088
f 1088 1087 1089
f 1088 1089 1090
f 1088 1090 1091
f 1088 1091 1092
f 1092 1066 1065
f 1092 1065 1088
f 1093 1070 1071
f 1093 1071 1094
f 1093 832 836
f 1093 836 1094
f 1095 835 836
f 1095 836 1094
f 1095 1089 1087
f 1095 1087 1094
f 1087 1064 1094
f 1064 1071 1094
f 1075 823 1096
f 823 838 1096
f 838 832 1096
f 832 1093 1096
f 1093 1070 1096
f 1070 1075 1096
f 830 1080 1097
f 830 840 1097
f 1084 1085 1098
f 1084 1098 1099
f 1098 1099 1100
f 842 840 1098
f 842 1098 1100
f 840 1097 1098
f 1097 1080 1098
f 1080 1085 1098
f 1099 1100 1101
f 1102 1101 1099
f 1102 1099 1084
f 1084 1086 1102
f 1103 1104 1105
f 1103 1105 1106
f 1103 1106 1107
f 1103 1107 1108
f 1103 1108 1109
f 1103 1109 1104
f 1110 1089 1090
f 1110 1090 1111
f 1111 1110 1112
f 1111 1112 1113
f 1113 1106 1105
f 1113 1105 1111
f 1114 1104 1105
f 1114 1105 1111
f 1114 1091 1090
f 1114 1090 1111
f 1095 835 1115
f 835 846 1115
f 1116 845 846
f 1116 846 1115
f 1116 1112 1110
f 1116 1110 1115
f 1110 1089 1115
f 1089 1095 1115
f 842 1100 1117
f 1117 842 850
f 1117 850 1118
f 850 849 1118
f 1119 1120 1121
f 1119 1121 1122
f 1119 1122 1123
f 1118 1117 1119
f 1118 1119 1123
f 1117 1100 1119
f 1120 1101 1100
f 1120 1100 1119
f 1121 1122 1124
f 1121 1120 1124
f 1125 1106 1107
f 1125 1107 1126
f 1126 1125 1127
f 1126 1127 1128
f 1126 1128 1129
f 1126 1129 1130
f 1130 1108 1107
f 1130 1107 1126
f 1131 1112 1113
f 1131 1113 1132
f 1131 852 857
f 1131 857 1132
f 1133 856 857
f 1133 857 1132
f 1133 1127 1125
f 1133 1125 1132
f 1125 1106 1132
f 1106 1113 1132
f 1116 845 1134
f 845 860 1134
f 860 852 1134
f 852 1131 1134
f 1131 1112 1134
f 1112 1116 1134
f 849 1118 1135
f 849 862 1135
f 1122 1123 1136
f 1122 1136 1137
f 1136 1137 1138
f 1138 864 862
f 1138 862 1136
f 862 1135 1136
f 1135 1118 1136
f 1118 1123 1136
f 1137 1138 1139
f 1139 1137 1122
f 1139 1122 1140
f 1122 1124 1140
f 1141 1127 1128
f 1141 1128 1142
f 1142 1141 1143
f 1142 1143 1144
f 1142 1144 1145
f 1142 1145 1146
f 1146 1129 1128
f 1146 1128 1142
f 1133 856 1147
f 856 870 1147
f 1148 869 870
f 1148 870 1147
f 1148 1143 1141
f 1148 1141 1147
f 1141 1127 1147
f 1127 1133 1147
f 864 1138 1149
f 1149 864 876
f 1149 876 1150
f 876 875 1150
f 1149 1150 1151
f 1152 1151 1149
f 1152 1149 1138
f 1138 1139 1152
f 1153 1143 1144
f 1153 1144 1154
f 1154 1153 1155
f 1154 1155 1156
f 1154 1156 1157
f 1154 1157 1158
f 1158 1145 1144
f 1158 1144 1154
f 1148 869 1159
f 869 882 1159
f 1160 881 882
f 1160 882 1159
f 1160 1155 1153
f 1160 1153 1159
f 1153 1143 1159
f 1143 1148 1159
f 875 1150 1161
f 1161 875 888
f 1161 888 1162
f 888 887 1162
f 1161 1162 1163
f 1164 1163 1161
f 1164 1161 1150
f 1150 1151 1164
f 1155 1156 1165
f 1155 1165 1166
f 1165 1166 1167
f 1165 1167 1168
f 1165 1168 1169
f 1165 1169 1170
f 1170 1157 1156
f 1170 1156 1165
f 1160 881 1171
f 1172 889 881
f 1172 881 1171
f 1171 1172 1173
f 1173 1167 1166
f 1173 1166 1171
f 1166 1155 1171
f 1155 1160 1171
f 889 892 1174
f 889 1172 1174
f 897 893 1175
f 897 896 1175
f 887 1162 1176
f 1176 887 898
f 1176 898 1177
f 1177 898 893
f 1177 893 1178
f 893 1175 1178
f 1176 1177 1179
f 1180 1179 1176
f 1180 1176 1162
f 1162 1163 1180
f 1167 1168 1181
f 1167 1181 1182
f 1181 1182 1183
f 1181 1183 1184
f 1181 1184 1185
f 1181 1185 1186
f 1169 1168 1181
f 1169 1181 1186
f 1187 1172 1173
f 1187 1173 1188
f 1188 1187 1189
f 1188 1189 1190
f 1190 1183 1182
f 1190 1182 1188
f 1182 1167 1188
f 1167 1173 1188
f 1174 892 1191
f 892 903 1191
f 902 903 1191
f 902 1191 1192
f 1189 1187 1191
f 1189 1191 1192
f 1187 1172 1191
f 1172 1174 1191
f 896 1175 1193
f 1194 1193 896
f 1194 896 908
f 908 907 1194
f 1177 1178 1195
f 1177 1195 1196
f 1195 1196 1197
f 1195 1197 1198
f 1194 1193 1195
f 1194 1195 1198
f 1193 1175 1195
f 1175 1178 1195
f 1196 1197 1199
f 1200 1199 1196
f 1200 1196 1177
f 1177 1179 1200
f 1184 1183 1201
f 1184 1185 1201
f 1189 1190 1202
f 1189 1202 1203
f 1202 1203 1204
f 1202 1204 1205
f 1202 1205 1206
f 1206 1201 1183
f 1206 1183 1202
f 1183 1190 1202
f 1192 902 1207
f 1208 909 902
f 1208 902 1207
f 1207 1208 1209
f 1209 1204 1203
f 1209 1203 1207
f 1203 1189 1207
f 1189 1192 1207
f 909 912 1210
f 909 1208 1210
f 917 913 1211
f 917 916 1211
f 907 1194 1212
f 1213 1212 907
f 1213 907 918
f 1213 918 913
f 1213 913 1214
f 913 1211 1214
f 1198 1197 1215
f 1212 1213 1216
f 1217 1216 1212
f 1217 1212 1194
f 1217 1194 1198
f 1217 1198 1215
f 1197 1215 1218
f 1197 1199 1218
f 1205 1204 1219
f 1205 1206 1219
f 1220 1208 1209
f 1220 1209 1221
f 1221 1220 1222
f 1221 1222 1223
f 1221 1223 1224
f 1224 1219 1204
f 1224 1204 1221
f 1204 1209 1221
f 1210 912 1225
f 1226 919 912
f 1226 912 1225
f 1225 1226 1227
f 1222 1220 1225
f 1222 1225 1227
f 1220 1208 1225
f 1208 1210 1225
f 919 923 1228
f 919 1226 1228
f 930 927 1229
f 930 929 1229
f 916 1211 1230
f 1231 1230 916
f 1231 916 932
f 1231 932 927
f 1231 927 1232
f 927 1229 1232
f 1214 1213 1233
f 1230 1231 1234
f 1235 1234 1230
f 1235 1230 1211
f 1233 1235 1211
f 1233 1211 1214
f 1213 1233 1236
f 1213 1216 1236
f 1223 1222 1237
f 1223 1224 1237
f 1238 1226 1227
f 1238 1227 1239
f 1239 1238 1240
f 1239 1240 1241
f 1239 1241 1242
f 1242 1237 1222
f 1242 1222 1239
f 1222 1227 1239
f 1228 923 1243
f 1244 933 923
f 1244 923 1243
f 1243 1244 1245
f 1240 1238 1243
f 1240 1243 1245
f 1238 1226 1243
f 1226 1228 1243
f 936 934 1246
f 1247 1246 936
f 1247 936 933
f 933 1244 1247
f 934 939 1248
f 934 1246 1248
f 948 945 1249
f 948 947 1249
f 951 949 1250
f 1250 951 945
f 1250 945 1251
f 945 1249 1251
f 929 1229 1252
f 1253 1252 929
f 1253 929 952
f 1253 952 949
f 1253 949 1254
f 949 1250 1254
f 1232 1231 1255
f 1252 1253 1256
f 1257 1256 1252
f 1257 1252 1229
f 1255 1257 1229
f 1255 1229 1232
f 1231 1255 1258
f 1231 1234 1258
f 1241 1240 1259
f 1241 1242 1259
f 1244 1245 1260
f 1244 1260 1261
f 1260 1261 1262
f 1260 1262 1263
f 1260 1263 1264
f 1259 1240 1260
f 1259 1260 1264
f 1240 1245 1260
f 1265 1246 1247
f 1265 1247 1266
f 1266 1265 1267
f 1266 1267 1268
f 1268 1262 1261
f 1268 1261 1266
f 1261 1244 1266
f 1244 1247 1266
f 1248 939 1269
f 1270 953 939
f 1270 939 1269
f 1269 1270 1271
f 1267 1265 1269
f 1267 1269 1271
f 1265 1246 1269
f 1246 1248 1269
f 955 954 1272
f 1272 955 953
f 1272 953 1273
f 953 1270 1273
f 957 956 1274
f 1274 957 954
f 1274 954 1275
f 954 1272 1275
f 947 1249 1276
f 1276 947 958
f 1276 958 1277
f 1277 958 956
f 1277 956 1278
f 956 1274 1278
f 1250 1251 1279
f 1250 1279 1280
f 1279 1280 1281
f 1279 1281 1282
f 1277 1276 1279
f 1277 1279 1282
f 1276 1249 1279
f 1249 1251 1279
f 1254 1253 1283
f 1280 1281 1284
f 1285 1284 1280
f 1285 1280 1250
f 1283 1285 1250
f 1283 1250 1254
f 1253 1283 1286
f 1253 1256 1286
f 1263 1262 1287
f 1263 1264 1287
f 1268 1267 1288
f 1262 1287 1289
f 1288 1289 1262
f 1288 1262 1268
f 1271 1270 1290
f 1267 1288 1291
f 1290 1291 1267
f 1290 1267 1271
f 1273 1272 1292
f 1270 1290 1293
f 1292 1293 1270
f 1292 1270 1273
f 1275 1274 1294
f 1272 1292 1295
f 1294 1295 1272
f 1294 1272 1275
f 1278 1277 1296
f 1274 1294 1297
f 1296 1297 1274
f 1296 1274 1278
f 1282 1281 1298
f 1277 1296 1299
f 1299 1277 1282
f 1299 1282 1298
f 1281 1298 1300
f 1281 1284 1300
f 1301 1302 1303
f 1301 1303 1304
f 1301 1304 1305
f 1301 1305 1306
f 1301 1306 1307
f 1301 1307 1302
f 1308 1309 1310
f 1310 960 965
f 1310 965 1308
f 1311 964 965
f 1311 965 1308
f 1311 1304 1303
f 1311 1303 1308
f 1312 1302 1303
f 1312 1303 1308
f 1308 1312 1309
f 1313 1314 1315
f 1315 967 971
f 1315 971 1313
f 971 960 1313
f 960 1310 1313
f 1316 1309 1310
f 1316 1310 1313
f 1313 1316 1314
f 1317 1318 1319
f 1319 973 977
f 1319 977 1317
f 977 967 1317
f 967 1315 1317
f 1320 1314 1315
f 1320 1315 1317
f 1317 1320 1318
f 1321 1322 1323
f 1323 979 983
f 1323 983 1321
f 983 973 1321
f 973 1319 1321
f 1324 1318 1319
f 1324 1319 1321
f 1321 1324 1322
f 1325 1326 1327
f 1327 985 989
f 1327 989 1325
f 989 979 1325
f 979 1323 1325
f 1328 1322 1323
f 1328 1323 1325
f 1325 1328 1326
f 1329 1330 1331
f 1329 1331 1332
f 1332 990 985
f 1332 985 1329
f 985 1327 1329
f 1326 1327 1329
f 1326 1329 1333
f 1329 1333 1330
f 1331 1332 1334
f 1331 1330 1334
f 1335 1336 1337
f 1337 992 997
f 1337 997 1335
f 1338 996 997
f 1338 997 1335
f 1335 1338 1339
f 1335 1339 1340
f 1335 1340 1336
f 1341 1304 1305
f 1341 1305 1342
f 1341 999 1003
f 1341 1003 1342
f 1003 992 1342
f 992 1337 1342
f 1343 1336 1337
f 1343 1337 1342
f 1343 1306 1305
f 1343 1305 1342
f 1311 964 1344
f 964 1008 1344
f 1008 999 1344
f 999 1341 1344
f 1341 1304 1344
f 1304 1311 1344
f 990 1332 1345
f 990 1020 1345
f 1346 1347 1348
f 1025 1029 1346
f 1025 1346 1348
f 1029 1020 1346
f 1020 1345 1346
f 1345 1332 1346
f 1334 1332 1346
f 1334 1346 1347
f 1025 1030 1349
f 1350 1349 1025
f 1350 1025 1348
f 1348 1347 1350
f 1351 1352 1353
f 1353 1032 1037
f 1353 1037 1351
f 1354 1036 1037
f 1354 1037 1351
f 1351 1354 1355
f 1351 1355 1356
f 1351 1356 1352
f 1338 996 1357
f 996 1042 1357
f 1042 1032 1357
f 1032 1353 1357
f 1358 1352 1353
f 1358 1353 1357
f 1358 1339 1338
f 1358 1338 1357
f 1359 1360 1349
f 1359 1349 1030
f 1030 1056 1359
f 1349 1350 1360
f 1056 1060 1361
f 1362 1361 1056
f 1362 1056 1359
f 1359 1360 1362
f 1363 1364 1365
f 1365 1062 1067
f 1365 1067 1363
f 1366 1066 1067
f 1366 1067 1363
f 1363 1366 1367
f 1363 1367 1368
f 1363 1368 1364
f 1354 1036 1369
f 1036 1072 1369
f 1072 1062 1369
f 1062 1365 1369
f 1370 1364 1365
f 1370 1365 1369
f 1370 1355 1354
f 1370 1354 1369
f 1371 1372 1361
f 1371 1361 1060
f 1060 1082 1371
f 1361 1362 1372
f 1082 1086 1373
f 1374 1373 1082
f 1374 1082 1371
f 1371 1372 1374
f 1375 1376 1377
f 1375 1377 1378
f 1375 1378 1379
f 1375 1379 1380
f 1375 1380 1381
f 1375 1381 1376
f 1366 1066 1382
f 1066 1092 1382
f 1383 1091 1092
f 1383 1092 1382
f 1383 1378 1377
f 1383 1377 1382
f 1384 1376 1377
f 1384 1377 1382
f 1384 1367 1366
f 1384 1366 1382
f 1385 1386 1373
f 1385 1373 1086
f 1385 1086 1102
f 1385 1102 1387
f 1102 1101 1387
f 1373 1374 1386
f 1385 1387 1388
f 1385 1386 1388
f 1389 1378 1379
f 1389 1379 1390
f 1389 1104 1109
f 1389 1109 1390
f 1391 1108 1109
f 1391 1109 1390
f 1390 1391 1392
f 1390 1392 1393
f 1393 1380 1379
f 1393 1379 1390
f 1383 1091 1394
f 1091 1114 1394
f 1114 1104 1394
f 1104 1389 1394
f 1389 1378 1394
f 1378 1383 1394
f 1101 1387 1395
f 1101 1120 1395
f 1120 1124 1396
f 1396 1120 1395
f 1396 1395 1397
f 1397 1395 1387
f 1397 1387 1398
f 1387 1388 1398
f 1391 1108 1399
f 1108 1130 1399
f 1400 1129 1130
f 1400 1130 1399
f 1399 1400 1401
f 1399 1401 1402
f 1402 1392 1391
f 1402 1391 1399
f 1396 1124 1403
f 1124 1140 1403
f 1139 1140 1403
f 1139 1403 1404
f 1403 1404 1405
f 1403 1405 1406
f 1397 1396 1403
f 1397 1403 1406
f 1400 1129 1407
f 1129 1146 1407
f 1408 1145 1146
f 1408 1146 1407
f 1407 1408 1409
f 1407 1409 1410
f 1410 1401 1400
f 1410 1400 1407
f 1404 1139 1411
f 1139 1152 1411
f 1151 1152 1411
f 1151 1411 1412
f 1411 1412 1413
f 1411 1413 1414
f 1405 1404 1411
f 1405 1411 1414
f 1408 1145 1415
f 1145 1158 1415
f 1416 1157 1158
f 1416 1158 1415
f 1415 1416 1417
f 1415 1417 1418
f 1418 1409 1408
f 1418 1408 1415
f 1412 1151 1419
f 1151 1164 1419
f 1163 1164 1419
f 1163 1419 1420
f 1419 1420 1421
f 1419 1421 1422
f 1422 1413 1412
f 1422 1412 1419
f 1416 1157 1423
f 1157 1170 1423
f 1424 1169 1170
f 1424 1170 1423
f 1423 1424 1425
f 1423 1425 1426
f 1426 1417 1416
f 1426 1416 1423
f 1420 1163 1427
f 1163 1180 1427
f 1428 1179 1180
f 1428 1180 1427
f 1427 1428 1429
f 1427 1429 1430
f 1430 1421 1420
f 1430 1420 1427
f 1424 1169 1431
f 1169 1186 1431
f 1432 1185 1186
f 1432 1186 1431
f 1431 1432 1433
f 1431 1433 1434
f 1425 1424 1431
f 1425 1431 1434
f 1428 1179 1435
f 1179 1200 1435
f 1436 1199 1200
f 1436 1200 1435
f 1435 1436 1437
f 1435 1437 1438
f 1429 1428 1435
f 1429 1435 1438
f 1439 1432 1185
f 1439 1185 1440
f 1185 1201 1440
f 1432 1433 1439
f 1201 1206 1441
f 1441 1201 1440
f 1441 1440 1442
f 1440 1439 1442
f 1443 1444 1445
f 1445 1215 1217
f 1445 1217 1443
f 1216 1217 1443
f 1216 1443 1446
f 1443 1446 1447
f 1443 1447 1448
f 1443 1448 1444
f 1436 1199 1449
f 1199 1218 1449
f 1218 1215 1449
f 1215 1445 1449
f 1444 1445 1449
f 1444 1449 1450
f 1437 1436 1449
f 1437 1449 1450
f 1441 1206 1451
f 1452 1219 1206
f 1452 1206 1451
f 1451 1452 1453
f 1451 1453 1454
f 1451 1454 1455
f 1442 1441 1451
f 1442 1451 1455
f 1219 1224 1456
f 1219 1452 1456
f 1235 1233 1457
f 1235 1234 1457
f 1446 1216 1458
f 1216 1236 1458
f 1236 1233 1458
f 1459 1457 1233
f 1459 1233 1458
f 1458 1459 1460
f 1460 1447 1446
f 1460 1446 1458
f 1453 1452 1461
f 1453 1454 1461
f 1456 1224 1462
f 1463 1237 1224
f 1463 1224 1462
f 1462 1463 1464
f 1462 1464 1465
f 1461 1452 1462
f 1461 1462 1465
f 1452 1456 1462
f 1237 1242 1466
f 1237 1463 1466
f 1257 1255 1467
f 1257 1256 1467
f 1468 1457 1234
f 1468 1234 1469
f 1234 1258 1469
f 1258 1255 1469
f 1470 1467 1255
f 1470 1255 1469
f 1469 1470 1471
f 1469 1471 1468
f 1457 1468 1472
f 1457 1459 1472
f 1464 1463 1473
f 1464 1465 1473
f 1474 1466 1242
f 1474 1242 1475
f 1242 1259 1475
f 1463 1473 1476
f 1474 1476 1463
f 1474 1463 1466
f 1259 1264 1477
f 1477 1259 1475
f 1477 1475 1478
f 1475 1474 1478
f 1479 1480 1481
f 1283 1285 1479
f 1283 1479 1481
f 1284 1285 1479
f 1284 1479 1482
f 1479 1482 1483
f 1479 1483 1484
f 1479 1484 1480
f 1485 1467 1256
f 1485 1256 1486
f 1256 1286 1486
f 1286 1283 1486
f 1283 1481 1486
f 1487 1480 1481
f 1487 1481 1486
f 1486 1487 1485
f 1467 1485 1488
f 1467 1470 1488
f 1489 1477 1264
f 1489 1264 1490
f 1264 1287 1490
f 1477 1478 1489
f 1491 1492 1493
f 1288 1289 1491
f 1288 1491 1493
f 1289 1287 1491
f 1287 1490 1491
f 1489 1490 1491
f 1489 1491 1494
f 1491 1494 1492
f 1495 1496 1497
f 1290 1291 1495
f 1290 1495 1497
f 1291 1288 1495
f 1288 1493 1495
f 1492 1493 1495
f 1492 1495 1498
f 1495 1498 1496
f 1293 1292 1499
f 1500 1499 1293
f 1500 1293 1290
f 1500 1290 1497
f 1500 1497 1501
f 1497 1496 1501
f 1502 1503 1504
f 1294 1295 1502
f 1294 1502 1504
f 1295 1292 1502
f 1499 1292 1502
f 1499 1502 1505
f 1502 1505 1506
f 1502 1506 1503
f 1507 1508 1509
f 1296 1297 1507
f 1296 1507 1509
f 1297 1294 1507
f 1294 1504 1507
f 1510 1503 1504
f 1510 1504 1507
f 1507 1510 1508
f 1511 1512 1513
f 1513 1298 1299
f 1513 1299 1511
f 1299 1296 1511
f 1296 1509 1511
f 1514 1508 1509
f 1514 1509 1511
f 1511 1514 1512
f 1482 1284 1515
f 1284 1300 1515
f 1300 1298 1515
f 1298 1513 1515
f 1512 1513 1515
f 1512 1515 1516
f 1516 1483 1482
f 1516 1482 1515
f 1500 1499 1517
f 1500 1501 1517
f 1499 1517 1518
f 1499 1505 1518
f 1519 1520 1521
f 1521 1302 1307
f 1521 1307 1519
f 1522 1306 1307
f 1522 1307 1519
f 1519 1522 1523
f 1519 1523 1524
f 1519 1524 1520
f 1525 1526 1527
f 1527 1309 1312
f 1527 1312 1525
f 1312 1302 1525
f 1302 1521 1525
f 1528 1520 1521
f 1528 1521 1525
f 1525 1528 1526
f 1529 1530 1531
f 1531 1314 1316
f 1531 1316 1529
f 1316 1309 1529
f 1309 1527 1529
f 1532 1526 1527
f 1532 1527 1529
f 1529 1532 1530
f 1533 1534 1535
f 1535 1318 1320
f 1535 1320 1533
f 1320 1314 1533
f 1314 1531 1533
f 1530 1531 1533
f 1530 1533 1536
f 1533 1536 1534
f 1537 1538 1539
f 1322 1324 1537
f 1322 1537 1539
f 1324 1318 1537
f 1318 1535 1537
f 1534 1535 1537
f 1534 1537 1540
f 1537 1540 1538
f 1541 1542 1543
f 1326 1328 1541
f 1326 1541 1543
f 1328 1322 1541
f 1322 1539 1541
f 1538 1539 1541
f 1538 1541 1544
f 1541 1544 1542
f 1545 1546 1547
f 1547 1330 1333
f 1547 1333 1545
f 1333 1326 1545
f 1326 1543 1545
f 1542 1543 1545
f 1542 1545 1548
f 1545 1548 1546
f 1330 1334 1549
f 1550 1549 1330
f 1550 1330 1547
f 1547 1546 1550
f 1551 1552 1553
f 1553 1336 1340
f 1553 1340 1551
f 1554 1339 1340
f 1554 1340 1551
f 1551 1554 1555
f 1551 1555 1556
f 1551 1556 1552
f 1522 1306 1557
f 1306 1343 1557
f 1343 1336 1557
f 1336 1553 1557
f 1558 1552 1553
f 1558 1553 1557
f 1558 1523 1522
f 1558 1522 1557
f 1559 1549 1334
f 1559 1334 1560
f 1334 1347 1560
f 1549 1550 1559
f 1347 1350 1561
f 1562 1561 1347
f 1562 1347 1560
f 1560 1559 1562
f 1563 1564 1565
f 1565 1352 1356
f 1565 1356 1563
f 1566 1355 1356
f 1566 1356 1563
f 1563 1566 1567
f 1563 1567 1568
f 1563 1568 1564
f 1554 1339 1569
f 1339 1358 1569
f 1358 1352 1569
f 1352 1565 1569
f 1570 1564 1565
f 1570 1565 1569
f 1570 1555 1554
f 1570 1554 1569
f 1571 1572 1561
f 1571 1561 1350
f 1350 1360 1571
f 1561 1562 1572
f 1360 1362 1573
f 1574 1573 1360
f 1574 1360 1571
f 1571 1572 1574
f 1575 1576 1577
f 1577 1364 1368
f 1577 1368 1575
f 1578 1367 1368
f 1578 1368 1575
f 1575 1578 1579
f 1575 1579 1580
f 1575 1580 1576
f 1566 1355 1581
f 1355 1370 1581
f 1370 1364 1581
f 1364 1577 1581
f 1582 1576 1577
f 1582 1577 1581
f 1582 1567 1566
f 1582 1566 1581
f 1583 1584 1573
f 1583 1573 1362
f 1362 1372 1583
f 1573 1574 1584
f 1372 1374 1585
f 1585 1372 1583
f 1585 1583 1586
f 1583 1584 1586
f 1587 1588 1589
f 1589 1376 1381
f 1589 1381 1587
f 1590 1380 1381
f 1590 1381 1587
f 1587 1590 1591
f 1587 1591 1592
f 1587 1592 1588
f 1578 1367 1593
f 1367 1384 1593
f 1384 1376 1593
f 1376 1589 1593
f 1594 1588 1589
f 1594 1589 1593
f 1594 1579 1578
f 1594 1578 1593
f 1595 1596 1585
f 1595 1585 1374
f 1374 1386 1595
f 1585 1586 1596
f 1386 1388 1597
f 1597 1386 1595
f 1597 1595 1598
f 1595 1596 1598
f 1590 1380 1599
f 1380 1393 1599
f 1600 1392 1393
f 1600 1393 1599
f 1599 1600 1601
f 1599 1601 1602
f 1602 1591 1590
f 1602 1590 1599
f 1597 1388 1603
f 1388 1398 1603
f 1397 1398 1603
f 1397 1603 1604
f 1603 1604 1605
f 1603 1605 1606
f 1598 1597 1603
f 1598 1603 1606
f 1600 1392 1607
f 1392 1402 1607
f 1608 1401 1402
f 1608 1402 1607
f 1607 1608 1609
f 1607 1609 1610
f 1610 1601 1600
f 1610 1600 1607
f 1604 1397 1611
f 1397 1406 1611
f 1405 1406 1611
f 1405 1611 1612
f 1611 1612 1613
f 1611 1613 1614
f 1605 1604 1611
f 1605 1611 1614
f 1608 1401 1615
f 1401 1410 1615
f 1616 1409 1410
f 1616 1410 1615
f 1615 1616 1617
f 1615 1617 1618
f 1618 1609 1608
f 1618 1608 1615
f 1612 1405 1619
f 1405 1414 1619
f 1413 1414 1619
f 1413 1619 1620
f 1619 1620 1621
f 1619 1621 1622
f 1613 1612 1619
f 1613 1619 1622
f 1616 1409 1623
f 1409 1418 1623
f 1417 1418 1623
f 1417 1623 1624
f 1623 1624 1625
f 1623 1625 1626
f 1626 1617 1616
f 1626 1616 1623
f 1620 1413 1627
f 1413 1422 1627
f 1421 1422 1627
f 1421 1627 1628
f 1627 1628 1629
f 1627 1629 1630
f 1630 1621 1620
f 1630 1620 1627
f 1624 1417 1631
f 1417 1426 1631
f 1425 1426 1631
f 1425 1631 1632
f 1631 1632 1633
f 1631 1633 1634
f 1634 1625 1624
f 1634 1624 1631
f 1628 1421 1635
f 1421 1430 1635
f 1636 1429 1430
f 1636 1430 1635
f 1635 1636 1637
f 1635 1637 1638
f 1638 1629 1628
f 1638 1628 1635
f 1632 1425 1639
f 1425 1434 1639
f 1640 1433 1434
f 1640 1434 1639
f 1639 1640 1641
f 1639 1641 1642
f 1633 1632 1639
f 1633 1639 1642
f 1636 1429 1643
f 1429 1438 1643
f 1644 1437 1438
f 1644 1438 1643
f 1643 1644 1645
f 1643 1645 1646
f 1646 1637 1636
f 1646 1636 1643
f 1647 1648 1640
f 1647 1640 1433
f 1433 1439 1647
f 1640 1641 1648
f 1439 1442 1649
f 1649 1439 1647
f 1649 1647 1650
f 1647 1648 1650
f 1651 1652 1653
f 1444 1448 1651
f 1444 1651 1653
f 1447 1448 1651
f 1447 1651 1654
f 1651 1654 1655
f 1651 1655 1656
f 1651 1656 1652
f 1644 1437 1657
f 1437 1450 1657
f 1450 1444 1657
f 1444 1653 1657
f 1658 1652 1653
f 1658 1653 1657
f 1645 1644 1657
f 1645 1657 1658
f 1649 1442 1659
f 1442 1455 1659
f 1660 1454 1455
f 1660 1455 1659
f 1659 1660 1661
f 1659 1661 1662
f 1662 1650 1649
f 1662 1649 1659
f 1654 1447 1663
f 1447 1460 1663
f 1664 1459 1460
f 1664 1460 1663
f 1663 1664 1665
f 1663 1665 1666
f 1666 1655 1654
f 1666 1654 1663
f 1667 1660 1454
f 1667 1454 1668
f 1454 1461 1668
f 1660 1661 1667
f 1461 1465 1669
f 1669 1461 1668
f 1669 1668 1670
f 1668 1667 1670
f 1671 1672 1673
f 1673 1468 1471
f 1673 1471 1671
f 1674 1470 1471
f 1674 1471 1671
f 1671 1674 1675
f 1671 1675 1676
f 1671 1676 1672
f 1664 1459 1677
f 1459 1472 1677
f 1472 1468 1677
f 1468 1673 1677
f 1672 1673 1677
f 1672 1677 1678
f 1665 1664 1677
f 1665 1677 1678
f 1679 1669 1465
f 1679 1465 1680
f 1465 1473 1680
f 1669 1670 1679
f 1476 1474 1681
f 1682 1681 1476
f 1682 1476 1473
f 1683 1682 1473
f 1683 1473 1680
f 1680 1679 1683
f 1474 1478 1684
f 1474 1681 1684
f 1484 1480 1685
f 1484 1483 1685
f 1686 1687 1688
f 1688 1485 1487
f 1688 1487 1686
f 1487 1480 1686
f 1689 1685 1480
f 1689 1480 1686
f 1686 1689 1690
f 1686 1690 1687
f 1674 1470 1691
f 1470 1488 1691
f 1488 1485 1691
f 1485 1688 1691
f 1687 1688 1691
f 1687 1691 1692
f 1675 1674 1691
f 1675 1691 1692
f 1682 1681 1693
f 1682 1683 1693
f 1694 1684 1478
f 1694 1478 1695
f 1478 1489 1695
f 1681 1693 1696
f 1696 1681 1684
f 1696 1684 1694
f 1697 1698 1699
f 1492 1494 1697
f 1492 1697 1699
f 1494 1489 1697
f 1489 1695 1697
f 1694 1695 1697
f 1694 1697 1700
f 1697 1700 1698
f 1498 1496 1701
f 1702 1701 1498
f 1702 1498 1492
f 1702 1492 1699
f 1702 1699 1703
f 1699 1698 1703
f 1496 1501 1704
f 1496 1701 1704
f 1506 1503 1705
f 1506 1505 1705
f 1706 1707 1708
f 1508 1510 1706
f 1508 1706 1708
f 1510 1503 1706
f 1709 1705 1503
f 1709 1503 1706
f 1706 1709 1710
f 1706 1710 1707
f 1711 1712 1713
f 1713 1512 1514
f 1713 1514 1711
f 1514 1508 1711
f 1508 1708 1711
f 1714 1707 1708
f 1714 1708 1711
f 1711 1714 1712
f 1715 1685 1483
f 1715 1483 1716
f 1483 1516 1716
f 1516 1512 1716
f 1512 1713 1716
f 1717 1712 1713
f 1717 1713 1716
f 1716 1717 1715
f 1685 1715 1718
f 1685 1689 1718
f 1702 1701 1719
f 1702 1703 1719
f 1720 1704 1501
f 1720 1501 1721
f 1501 1517 1721
f 1701 1719 1722
f 1722 1701 1704
f 1722 1704 1720
f 1723 1705 1505
f 1723 1505 1724
f 1505 1518 1724
f 1518 1517 1724
f 1517 1721 1724
f 1720 1721 1724
f 1720 1724 1725
f 1724 1725 1723
f 1705 1723 1726
f 1705 1709 1726
f 1727 1728 1729
f 1727 1729 1730
f 1727 1730 1731
f 1727 1731 1732
f 1727 1732 1733
f 1727 1733 1728
f 1734 1735 1736
f 1734 1736 1737
f 1734 1737 1738
f 1738 1730 1729
f 1738 1729 1734
f 1739 1728 1729
f 1739 1729 1734
f 1734 1739 1735
f 1740 1741 1742
f 1740 1742 1743
f 1740 1743 1744
f 1744 1737 1736
f 1744 1736 1740
f 1745 1735 1736
f 1745 1736 1740
f 1740 1745 1741
f 1746 1747 1748
f 1746 1748 1749
f 1746 1749 1750
f 1750 1743 1742
f 1750 1742 1746
f 1751 1741 1742
f 1751 1742 1746
f 1746 1751 1747
f 1752 1753 1754
f 1752 1754 1755
f 1752 1755 1756
f 1756 1749 1748
f 1756 1748 1752
f 1757 1747 1748
f 1757 1748 1752
f 1752 1757 1753
f 1758 1759 1760
f 1758 1760 1761
f 1758 1761 1762
f 1762 1755 1754
f 1762 1754 1758
f 1763 1753 1754
f 1763 1754 1758
f 1758 1763 1759
f 1764 1765 1766
f 1764 1766 1767
f 1764 1767 1768
f 1768 1761 1760
f 1768 1760 1764
f 1769 1759 1760
f 1769 1760 1764
f 1764 1769 1765
f 1770 1771 1772
f 1770 1772 1773
f 1770 1773 1774
f 1774 1767 1766
f 1774 1766 1770
f 1775 1765 1766
f 1775 1766 1770
f 1770 1775 1771
f 1776 1777 1778
f 1776 1778 1779
f 1776 1779 1780
f 1773 1772 1776
f 1773 1776 1780
f 1771 1772 1776
f 1771 1776 1781
f 1776 1781 1777
f 1778 1779 1782
f 1778 1777 1782
f 1783 1784 1785
f 1783 1785 1786
f 1783 1786 1787
f 1783 1787 1788
f 1783 1788 1789
f 1783 1789 1784
f 1790 1730 1731
f 1790 1731 1791
f 1791 1790 1792
f 1791 1792 1793
f 1793 1786 1785
f 1793 1785 1791
f 1794 1784 1785
f 1794 1785 1791
f 1794 1732 1731
f 1794 1731 1791
f 1795 1737 1738
f 1795 1738 1796
f 1795 1520 1524
f 1795 1524 1796
f 1797 1523 1524
f 1797 1524 1796
f 1797 1792 1790
f 1797 1790 1796
f 1790 1730 1796
f 1730 1738 1796
f 1798 1743 1744
f 1798 1744 1799
f 1798 1526 1528
f 1798 1528 1799
f 1528 1520 1799
f 1520 1795 1799
f 1795 1737 1799
f 1737 1744 1799
f 1800 1749 1750
f 1800 1750 1801
f 1800 1530 1532
f 1800 1532 1801
f 1532 1526 1801
f 1526 1798 1801
f 1798 1743 1801
f 1743 1750 1801
f 1802 1755 1756
f 1802 1756 1803
f 1802 1534 1536
f 1802 1536 1803
f 1536 1530 1803
f 1530 1800 1803
f 1800 1749 1803
f 1749 1756 1803
f 1761 1762 1804
f 1761 1804 1805
f 1538 1540 1804
f 1538 1804 1805
f 1540 1534 1804
f 1534 1802 1804
f 1802 1755 1804
f 1755 1762 1804
f 1767 1768 1806
f 1767 1806 1807
f 1542 1544 1806
f 1542 1806 1807
f 1544 1538 1806
f 1538 1805 1806
f 1805 1761 1806
f 1761 1768 1806
f 1808 1773 1774
f 1808 1774 1809
f 1808 1546 1548
f 1808 1548 1809
f 1548 1542 1809
f 1542 1807 1809
f 1807 1767 1809
f 1767 1774 1809
f 1810 1779 1780
f 1810 1780 1811
f 1811 1810 1812
f 1812 1550 1546
f 1812 1546 1811
f 1546 1808 1811
f 1808 1773 1811
f 1773 1780 1811
f 1813 1814 1815
f 1813 1815 1816
f 1813 1816 1817
f 1817 1812 1810
f 1817 1810 1813
f 1810 1779 1813
f 1814 1782 1779
f 1814 1779 1813
f 1815 1816 1818
f 1815 1814 1818
f 1819 1820 1821
f 1819 1821 1822
f 1819 1822 1823
f 1819 1823 1824
f 1819 1824 1825
f 1819 1825 1820
f 1826 1786 1787
f 1826 1787 1827
f 1827 1826 1828
f 1827 1828 1829
f 1829 1822 1821
f 1829 1821 1827
f 1830 1820 1821
f 1830 1821 1827
f 1830 1788 1787
f 1830 1787 1827
f 1831 1792 1793
f 1831 1793 1832
f 1831 1552 1556
f 1831 1556 1832
f 1833 1555 1556
f 1833 1556 1832
f 1833 1828 1826
f 1833 1826 1832
f 1826 1786 1832
f 1786 1793 1832
f 1797 1523 1834
f 1523 1558 1834
f 1558 1552 1834
f 1552 1831 1834
f 1831 1792 1834
f 1792 1797 1834
f 1550 1812 1835
f 1550 1559 1835
f 1836 1816 1817
f 1836 1817 1837
f 1837 1836 1838
f 1838 1562 1559
f 1838 1559 1837
f 1559 1835 1837
f 1835 1812 1837
f 1812 1817 1837
f 1839 1840 1841
f 1839 1841 1842
f 1839 1842 1843
f 1843 1838 1836
f 1843 1836 1839
f 1836 1816 1839
f 1840 1818 1816
f 1840 1816 1839
f 1841 1842 1844
f 1841 1840 1844
f 1845 1846 1847
f 1845 1847 1848
f 1845 1848 1849
f 1845 1849 1850
f 1845 1850 1851
f 1845 1851 1846
f 1852 1822 1823
f 1852 1823 1853
f 1853 1852 1854
f 1853 1854 1855
f 1855 1848 1847
f 1855 1847 1853
f 1856 1846 1847
f 1856 1847 1853
f 1856 1824 1823
f 1856 1823 1853
f 1857 1828 1829
f 1857 1829 1858
f 1857 1564 1568
f 1857 1568 1858
f 1859 1567 1568
f 1859 1568 1858
f 1859 1854 1852
f 1859 1852 1858
f 1852 1822 1858
f 1822 1829 1858
f 1833 1555 1860
f 1555 1570 1860
f 1570 1564 1860
f 1564 1857 1860
f 1857 1828 1860
f 1828 1833 1860
f 1562 1838 1861
f 1562 1572 1861
f 1842 1843 1862
f 1842 1862 1863
f 1862 1863 1864
f 1574 1572 1862
f 1574 1862 1864
f 1572 1861 1862
f 1861 1838 1862
f 1838 1843 1862
f 1865 1866 1867
f 1865 1867 1868
f 1865 1868 1869
f 1869 1864 1863
f 1869 1863 1865
f 1863 1842 1865
f 1866 1844 1842
f 1866 1842 1865
f 1867 1868 1870
f 1867 1866 1870
f 1871 1848 1849
f 1871 1849 1872
f 1872 1871 1873
f 1872 1873 1874
f 1872 1874 1875
f 1872 1875 1876
f 1876 1850 1849
f 1876 1849 1872
f 1877 1854 1855
f 1877 1855 1878
f 1877 1576 1580
f 1877 1580 1878
f 1879 1579 1580
f 1879 1580 1878
f 1879 1873 1871
f 1879 1871 1878
f 1871 1848 1878
f 1848 1855 1878
f 1859 1567 1880
f 1567 1582 1880
f 1582 1576 1880
f 1576 1877 1880
f 1877 1854 1880
f 1854 1859 1880
f 1574 1864 1881
f 1574 1584 1881
f 1868 1869 1882
f 1868 1882 1883
f 1882 1883 1884
f 1586 1584 1882
f 1586 1882 1884
f 1584 1881 1882
f 1881 1864 1882
f 1864 1869 1882
f 1883 1884 1885
f 1886 1885 1883
f 1886 1883 1868
f 1868 1870 1886
f 1887 1888 1889
f 1887 1889 1890
f 1887 1890 1891
f 1887 1891 1892
f 1887 1892 1893
f 1887 1893 1888
f 1894 1873 1874
f 1894 1874 1895
f 1894 1588 1592
f 1894 1592 1895
f 1896 1591 1592
f 1896 1592 1895
f 1896 1890 1889
f 1896 1889 1895
f 1897 1888 1889
f 1897 1889 1895
f 1897 1875 1874
f 1897 1874 1895
f 1879 1579 1898
f 1579 1594 1898
f 1594 1588 1898
f 1588 1894 1898
f 1894 1873 1898
f 1873 1879 1898
f 1586 1884 1899
f 1586 1596 1899
f 1900 1901 1902
f 1900 1902 1903
f 1598 1596 1900
f 1598 1900 1903
f 1596 1899 1900
f 1899 1884 1900
f 1901 1885 1884
f 1901 1884 1900
f 1902 1903 1904
f 1902 1901 1904
f 1905 1890 1891
f 1905 1891 1906
f 1906 1905 1907
f 1906 1907 1908
f 1906 1908 1909
f 1906 1909 1910
f 1910 1892 1891
f 1910 1891 1906
f 1896 1591 1911
f 1591 1602 1911
f 1912 1601 1602
f 1912 1602 1911
f 1912 1907 1905
f 1912 1905 1911
f 1905 1890 1911
f 1890 1896 1911
f 1598 1903 1913
f 1913 1598 1606
f 1913 1606 1914
f 1606 1605 1914
f 1913 1914 1915
f 1916 1915 1913
f 1916 1913 1903
f 1903 1904 1916
f 1917 1907 1908
f 1917 1908 1918
f 1918 1917 1919
f 1918 1919 1920
f 1918 1920 1921
f 1918 1921 1922
f 1922 1909 1908
f 1922 1908 1918
f 1912 1601 1923
f 1601 1610 1923
f 1924 1609 1610
f 1924 1610 1923
f 1924 1919 1917
f 1924 1917 1923
f 1917 1907 1923
f 1907 1912 1923
f 1605 1914 1925
f 1925 1605 1614
f 1925 1614 1926
f 1614 1613 1926
f 1925 1926 1927
f 1928 1927 1925
f 1928 1925 1914
f 1914 1915 1928
f 1929 1919 1920
f 1929 1920 1930
f 1930 1929 1931
f 1930 1931 1932
f 1930 1932 1933
f 1930 1933 1934
f 1934 1921 1920
f 1934 1920 1930
f 1924 1609 1935
f 1609 1618 1935
f 1936 1617 1618
f 1936 1618 1935
f 1936 1931 1929
f 1936 1929 1935
f 1929 1919 1935
f 1919 1924 1935
f 1613 1926 1937
f 1937 1613 1622
f 1937 1622 1938
f 1622 1621 1938
f 1937 1938 1939
f 1940 1939 1937
f 1940 1937 1926
f 1926 1927 1940
f 1941 1931 1932
f 1941 1932 1942
f 1942 1941 1943
f 1942 1943 1944
f 1942 1944 1945
f 1942 1945 1946
f 1946 1933 1932
f 1946 1932 1942
f 1936 1617 1947
f 1617 1626 1947
f 1625 1626 1947
f 1625 1947 1948
f 1943 1941 1947
f 1943 1947 1948
f 1941 1931 1947
f 1931 1936 1947
f 1621 1938 1949
f 1950 1949 1621
f 1950 1621 1630
f 1630 1629 1950
f 1949 1950 1951
f 1952 1951 1949
f 1952 1949 1938
f 1938 1939 1952
f 1953 1943 1944
f 1953 1944 1954
f 1954 1953 1955
f 1954 1955 1956
f 1954 1956 1957
f 1954 1957 1958
f 1958 1945 1944
f 1958 1944 1954
f 1948 1625 1959
f 1625 1634 1959
f 1633 1634 1959
f 1633 1959 1960
f 1955 1953 1959
f 1955 1959 1960
f 1953 1943 1959
f 1943 1948 1959
f 1629 1950 1961
f 1962 1961 1629
f 1962 1629 1638
f 1638 1637 1962
f 1961 1962 1963
f 1964 1963 1961
f 1964 1961 1950
f 1950 1951 1964
f 1965 1955 1956
f 1965 1956 1966
f 1966 1965 1967
f 1966 1967 1968
f 1966 1968 1969
f 1966 1969 1970
f 1970 1957 1956
f 1970 1956 1966
f 1960 1633 1971
f 1633 1642 1971
f 1972 1641 1642
f 1972 1642 1971
f 1972 1967 1965
f 1972 1965 1971
f 1965 1955 1971
f 1955 1960 1971
f 1637 1962 1973
f 1974 1973 1637
f 1974 1637 1646
f 1646 1645 1974
f 1973 1974 1975
f 1976 1975 1973
f 1976 1973 1962
f 1962 1963 1976
f 1967 1968 1977
f 1967 1977 1978
f 1977 1978 1979
f 1977 1979 1980
f 1977 1980 1981
f 1977 1981 1982
f 1969 1968 1977
f 1969 1977 1982
f 1972 1641 1983
f 1984 1648 1641
f 1984 1641 1983
f 1983 1984 1985
f 1985 1979 1978
f 1985 1978 1983
f 1978 1967 1983
f 1967 1972 1983
f 1648 1650 1986
f 1648 1984 1986
f 1656 1652 1987
f 1656 1655 1987
f 1645 1974 1988
f 1989 1988 1645
f 1989 1645 1658
f 1989 1658 1652
f 1989 1652 1990
f 1652 1987 1990
f 1988 1989 1991
f 1992 1991 1988
f 1992 1988 1974
f 1974 1975 1992
f 1980 1979 1993
f 1980 1981 1993
f 1994 1984 1985
f 1994 1985 1995
f 1995 1994 1996
f 1995 1996 1997
f 1995 1997 1998
f 1998 1993 1979
f 1998 1979 1995
f 1979 1985 1995
f 1986 1650 1999
f 1650 1662 1999
f 1661 1662 1999
f 1661 1999 2000
f 1996 1994 1999
f 1996 1999 2000
f 1994 1984 1999
f 1984 1986 1999
f 1655 1987 2001
f 2002 2001 1655
f 2002 1655 1666
f 1666 1665 2002
f 1990 1989 2003
f 2001 2002 2004
f 2004 2001 1987
f 2004 1987 2005
f 2005 1987 1990
f 2005 1990 2003
f 1989 2003 2006
f 1989 1991 2006
f 1996 1997 2007
f 1996 2007 2008
f 2007 2008 2009
f 2007 2009 2010
f 2007 2010 2011
f 2007 2011 2012
f 1998 1997 2007
f 1998 2007 2012
f 2000 1661 2013
f 2014 1667 1661
f 2014 1661 2013
f 2013 2014 2015
f 2015 2009 2008
f 2015 2008 2013
f 2008 1996 2013
f 1996 2000 2013
f 1667 1670 2016
f 1667 2014 2016
f 1676 1672 2017
f 1676 1675 2017
f 1665 2002 2018
f 2019 2018 1665
f 2019 1665 1678
f 2020 2019 1678
f 2020 1678 1672
f 1672 2017 2020
f 2018 2019 2021
f 2022 2021 2018
f 2022 2018 2002
f 2002 2004 2022
f 2010 2009 2023
f 2010 2011 2023
f 2014 2015 2024
f 2014 2024 2025
f 2024 2025 2026
f 2024 2026 2027
f 2024 2027 2028
f 2028 2023 2009
f 2028 2009 2024
f 2009 2015 2024
f 2016 1670 2029
f 2030 1679 1670
f 2030 1670 2029
f 2029 2030 2031
f 2031 2026 2025
f 2031 2025 2029
f 2025 2014 2029
f 2014 2016 2029
f 1679 1683 2032
f 1679 2030 2032
f 1690 1687 2033
f 1690 1689 2033
f 1675 2017 2034
f 2035 2034 1675
f 2035 1675 1692
f 2036 2035 1692
f 2036 1692 1687
f 1687 2033 2036
f 2020 2019 2037
f 2034 2035 2038
f 2039 2038 2034
f 2039 2034 2017
f 2039 2017 2020
f 2039 2020 2037
f 2019 2037 2040
f 2019 2021 2040
f 2027 2026 2041
f 2027 2028 2041
f 2031 2030 2042
f 2026 2041 2043
f 2042 2043 2026
f 2042 2026 2031
f 2032 1683 2044
f 2045 1693 1683
f 2045 1683 2044
f 2044 2045 2046
f 2044 2046 2047
f 2047 2042 2030
f 2047 2030 2044
f 2030 2032 2044
f 1696 1694 2048
f 2048 1696 1693
f 2048 1693 2049
f 1693 2045 2049
f 1700 1698 2050
f 2051 2050 1700
f 2051 1700 1694
f 1694 2048 2051
f 1698 1703 2052
f 1698 2050 2052
f 1710 1707 2053
f 1710 1709 2053
f 1714 1712 2054
f 2054 1714 1707
f 2054 1707 2055
f 1707 2053 2055
f 1717 1715 2056
f 2056 1717 1712
f 2056 1712 2057
f 1712 2054 2057
f 2033 1689 2058
f 2033 2058 2059
f 1689 1718 2058
f 1718 1715 2058
f 2056 1715 2058
f 2056 2058 2060
f 2058 2060 2061
f 2058 2061 2059
f 2036 2035 2062
f 2033 2059 2063
f 2063 2033 2036
f 2063 2036 2062
f 2035 2062 2064
f 2035 2038 2064
f 2046 2045 2065
f 2046 2047 2065
f 2049 2048 2066
f 2045 2065 2067
f 2066 2067 2045
f 2066 2045 2049
f 2068 2050 2051
f 2068 2051 2069
f 2069 2068 2070
f 2069 2070 2071
f 2069 2071 2072
f 2072 2066 2048
f 2072 2048 2069
f 2048 2051 2069
f 2052 1703 2073
f 1719 1703 2073
f 1719 2073 2074
f 2073 2074 2075
f 2070 2068 2073
f 2070 2073 2075
f 2068 2050 2073
f 2050 2052 2073
f 1722 1720 2076
f 2076 1722 1719
f 2076 1719 2077
f 1719 2074 2077
f 1725 1723 2078
f 2078 1725 1720
f 2078 1720 2079
f 1720 2076 2079
f 1709 2053 2080
f 2081 2080 1709
f 2081 1709 1726
f 2081 1726 1723
f 2081 1723 2082
f 1723 2078 2082
f 2055 2054 2083
f 2080 2081 2084
f 2085 2084 2080
f 2085 2080 2053
f 2083 2085 2053
f 2083 2053 2055
f 2057 2056 2086
f 2054 2083 2087
f 2087 2054 2057
f 2087 2057 2086
f 2056 2086 2088
f 2056 2060 2088
f 2071 2070 2089
f 2071 2072 2089
f 2075 2074 2090
f 2070 2089 2091
f 2090 2091 2070
f 2090 2070 2075
f 2077 2076 2092
f 2074 2090 2093
f 2092 2093 2074
f 2092 2074 2077
f 2079 2078 2094
f 2076 2092 2095
f 2094 2095 2076
f 2094 2076 2079
f 2082 2081 2096
f 2078 2094 2097
f 2097 2078 2082
f 2097 2082 2096
f 2081 2096 2098
f 2081 2084 2098
f 1733 1728 2099
f 1733 1732 2099
f 2100 2101 2102
f 1735 1739 2100
f 1735 2100 2102
f 1739 1728 2100
f 2103 2099 1728
f 2103 1728 2100
f 2100 2103 2104
f 2100 2104 2101
f 2105 2106 2107
f 2107 1741 1745
f 2107 1745 2105
f 1745 1735 2105
f 1735 2102 2105
f 2108 2101 2102
f 2108 2102 2105
f 2105 2108 2106
f 2109 2110 2111
f 2111 1747 1751
f 2111 1751 2109
f 1751 1741 2109
f 1741 2107 2109
f 2106 2107 2109
f 2106 2109 2112
f 2109 2112 2110
f 2113 2114 2115
f 2115 1753 1757
f 2115 1757 2113
f 1757 1747 2113
f 1747 2111 2113
f 2110 2111 2113
f 2110 2113 2116
f 2113 2116 2114
f 2117 2118 2119
f 1759 1763 2117
f 1759 2117 2119
f 1763 1753 2117
f 1753 2115 2117
f 2114 2115 2117
f 2114 2117 2120
f 2117 2120 2118
f 2121 2122 2123
f 1765 1769 2121
f 1765 2121 2123
f 1769 1759 2121
f 1759 2119 2121
f 2118 2119 2121
f 2118 2121 2124
f 2121 2124 2122
f 2125 2126 2127
f 1771 1775 2125
f 1771 2125 2127
f 1775 1765 2125
f 1765 2123 2125
f 2122 2123 2125
f 2122 2125 2128
f 2125 2128 2126
f 1781 1777 2129
f 2130 2129 1781
f 2130 1781 1771
f 2130 1771 2127
f 2130 2127 2131
f 2127 2126 2131
f 1777 1782 2132
f 1777 2129 2132
f 1789 1784 2133
f 1789 1788 2133
f 2134 2099 1732
f 2134 1732 2135
f 1732 1794 2135
f 1794 1784 2135
f 2136 2133 1784
f 2136 1784 2135
f 2135 2136 2137
f 2135 2137 2134
f 2099 2134 2138
f 2099 2103 2138
f 2130 2129 2139
f 2130 2131 2139
f 2132 1782 2140
f 1814 1782 2140
f 1814 2140 2141
f 2140 2141 2142
f 2140 2142 2143
f 2139 2129 2140
f 2139 2140 2143
f 2129 2132 2140
f 1814 1818 2144
f 1814 2141 2144
f 2145 2146 2147
f 1820 1825 2145
f 1820 2145 2147
f 1824 1825 2145
f 1824 2145 2148
f 2145 2148 2149
f 2145 2149 2150
f 2145 2150 2146
f 2151 2133 1788
f 2151 1788 2152
f 1788 1830 2152
f 1830 1820 2152
f 1820 2147 2152
f 2153 2146 2147
f 2153 2147 2152
f 2152 2153 2151
f 2133 2151 2154
f 2133 2136 2154
f 2142 2141 2155
f 2142 2143 2155
f 2156 2157 2144
f 2156 2144 1818
f 1818 1840 2156
f 2141 2155 2158
f 2157 2158 2141
f 2157 2141 2144
f 1840 1844 2159
f 2159 1840 2156
f 2159 2156 2160
f 2156 2157 2160
f 1851 1846 2161
f 1851 1850 2161
f 2148 1824 2162
f 1824 1856 2162
f 1856 1846 2162
f 2163 2161 1846
f 2163 1846 2162
f 2162 2163 2164
f 2164 2149 2148
f 2164 2148 2162
f 2159 1844 2165
f 1866 1844 2165
f 1866 2165 2166
f 2165 2166 2167
f 2165 2167 2168
f 2165 2168 2169
f 2160 2159 2165
f 2160 2165 2169
f 1866 1870 2170
f 1866 2166 2170
f 2171 2161 1850
f 2171 1850 2172
f 1850 1876 2172
f 2173 1875 1876
f 2173 1876 2172
f 2172 2173 2174
f 2172 2174 2175
f 2172 2175 2171
f 2161 2171 2176
f 2161 2163 2176
f 2167 2166 2177
f 2167 2168 2177
f 2170 1870 2178
f 1870 1886 2178
f 2179 1885 1886
f 2179 1886 2178
f 2178 2179 2180
f 2180 2177 2166
f 2180 2166 2178
f 2166 2170 2178
f 2181 2182 2183
f 1888 1893 2181
f 1888 2181 2183
f 1892 1893 2181
f 1892 2181 2184
f 2181 2184 2185
f 2181 2185 2186
f 2181 2186 2182
f 2173 1875 2187
f 1875 1897 2187
f 1897 1888 2187
f 1888 2183 2187
f 2188 2182 2183
f 2188 2183 2187
f 2174 2173 2187
f 2174 2187 2188
f 2189 2190 2179
f 2189 2179 1885
f 1885 1901 2189
f 2179 2180 2190
f 1901 1904 2191
f 2191 1901 2189
f 2191 2189 2192
f 2189 2190 2192
f 2184 1892 2193
f 1892 1910 2193
f 2194 1909 1910
f 2194 1910 2193
f 2193 2194 2195
f 2193 2195 2196
f 2196 2185 2184
f 2196 2184 2193
f 2191 1904 2197
f 1904 1916 2197
f 2198 1915 1916
f 2198 1916 2197
f 2197 2198 2199
f 2197 2199 2200
f 2200 2192 2191
f 2200 2191 2197
f 2194 1909 2201
f 1909 1922 2201
f 2202 1921 1922
f 2202 1922 2201
f 2201 2202 2203
f 2201 2203 2204
f 2195 2194 2201
f 2195 2201 2204
f 2198 1915 2205
f 1915 1928 2205
f 2206 1927 1928
f 2206 1928 2205
f 2205 2206 2207
f 2205 2207 2208
f 2208 2199 2198
f 2208 2198 2205
f 2202 1921 2209
f 1921 1934 2209
f 2210 1933 1934
f 2210 1934 2209
f 2209 2210 2211
f 2209 2211 2212
f 2203 2202 2209
f 2203 2209 2212
f 2206 1927 2213
f 1927 1940 2213
f 2214 1939 1940
f 2214 1940 2213
f 2213 2214 2215
f 2213 2215 2216
f 2216 2207 2206
f 2216 2206 2213
f 2210 1933 2217
f 1933 1946 2217
f 1945 1946 2217
f 1945 2217 2218
f 2217 2218 2219
f 2217 2219 2220
f 2211 2210 2217
f 2211 2217 2220
f 2214 1939 2221
f 1939 1952 2221
f 2222 1951 1952
f 2222 1952 2221
f 2221 2222 2223
f 2221 2223 2224
f 2224 2215 2214
f 2224 2214 2221
f 2218 1945 2225
f 1945 1958 2225
f 1957 1958 2225
f 1957 2225 2226
f 2225 2226 2227
f 2225 2227 2228
f 2219 2218 2225
f 2219 2225 2228
f 2222 1951 2229
f 1951 1964 2229
f 2230 1963 1964
f 2230 1964 2229
f 2229 2230 2231
f 2229 2231 2232
f 2232 2223 2222
f 2232 2222 2229
f 2226 1957 2233
f 1957 1970 2233
f 1969 1970 2233
f 1969 2233 2234
f 2233 2234 2235
f 2233 2235 2236
f 2227 2226 2233
f 2227 2233 2236
f 2230 1963 2237
f 1963 1976 2237
f 2238 1975 1976
f 2238 1976 2237
f 2237 2238 2239
f 2237 2239 2240
f 2240 2231 2230
f 2240 2230 2237
f 2241 2242 2234
f 2241 2234 1969
f 2243 2241 1969
f 2243 1969 1982
f 1982 1981 2243
f 2234 2235 2242
f 2241 2243 2244
f 2241 2242 2244
f 2245 2246 2247
f 2245 2247 2248
f 2245 2248 2249
f 2245 2249 2250
f 2245 2250 2251
f 2245 2251 2246
f 2238 1975 2252
f 1975 1992 2252
f 2253 1991 1992
f 2253 1992 2252
f 2253 2248 2247
f 2253 2247 2252
f 2254 2246 2247
f 2254 2247 2252
f 2254 2239 2238
f 2254 2238 2252
f 1981 2243 2255
f 1981 1993 2255
f 1993 1998 2256
f 2257 2256 1993
f 2257 1993 2255
f 2257 2255 2243
f 2257 2243 2258
f 2243 2244 2258
f 2259 2248 2249
f 2259 2249 2260
f 2259 2003 2005
f 2259 2005 2260
f 2261 2004 2005
f 2261 2005 2260
f 2260 2261 2262
f 2260 2262 2263
f 2263 2250 2249
f 2263 2249 2260
f 2253 1991 2264
f 1991 2006 2264
f 2006 2003 2264
f 2003 2259 2264
f 2259 2248 2264
f 2248 2253 2264
f 2265 2266 2256
f 2265 2256 1998
f 2265 1998 2012
f 2265 2012 2267
f 2012 2011 2267
f 2256 2257 2266
f 2265 2267 2268
f 2265 2266 2268
f 2269 2270 2271
f 2269 2271 2272
f 2269 2272 2273
f 2269 2273 2274
f 2269 2274 2275
f 2269 2275 2270
f 2261 2004 2276
f 2004 2022 2276
f 2277 2021 2022
f 2277 2022 2276
f 2277 2272 2271
f 2277 2271 2276
f 2278 2270 2271
f 2278 2271 2276
f 2278 2262 2261
f 2278 2261 2276
f 2011 2267 2279
f 2011 2023 2279
f 2280 2281 2282
f 2280 2282 2283
f 2028 2023 2280
f 2028 2280 2283
f 2023 2279 2280
f 2279 2267 2280
f 2268 2267 2280
f 2268 2280 2281
f 2282 2283 2284
f 2282 2281 2284
f 2285 2286 2287
f 2285 2287 2288
f 2285 2288 2289
f 2285 2289 2290
f 2285 2290 2291
f 2285 2291 2286
f 2292 2272 2273
f 2292 2273 2293
f 2292 2037 2039
f 2292 2039 2293
f 2294 2038 2039
f 2294 2039 2293
f 2294 2288 2287
f 2294 2287 2293
f 2295 2286 2287
f 2295 2287 2293
f 2295 2274 2273
f 2295 2273 2293
f 2277 2021 2296
f 2021 2040 2296
f 2040 2037 2296
f 2037 2292 2296
f 2292 2272 2296
f 2272 2277 2296
f 2028 2283 2297
f 2028 2041 2297
f 2298 2299 2300
f 2300 2042 2043
f 2300 2043 2298
f 2043 2041 2298
f 2041 2297 2298
f 2297 2283 2298
f 2284 2283 2298
f 2284 2298 2299
f 2042 2047 2301
f 2302 2301 2042
f 2302 2042 2300
f 2300 2299 2302
f 2303 2304 2305
f 2305 2059 2061
f 2305 2061 2303
f 2306 2060 2061
f 2306 2061 2303
f 2303 2306 2307
f 2303 2307 2308
f 2303 2308 2304
f 2309 2288 2289
f 2309 2289 2310
f 2309 2062 2063
f 2309 2063 2310
f 2063 2059 2310
f 2059 2305 2310
f 2311 2304 2305
f 2311 2305 2310
f 2311 2290 2289
f 2311 2289 2310
f 2294 2038 2312
f 2038 2064 2312
f 2064 2062 2312
f 2062 2309 2312
f 2309 2288 2312
f 2288 2294 2312
f 2313 2301 2047
f 2313 2047 2314
f 2047 2065 2314
f 2301 2302 2313
f 2315 2316 2317
f 2317 2066 2067
f 2317 2067 2315
f 2067 2065 2315
f 2065 2314 2315
f 2318 2313 2314
f 2318 2314 2315
f 2315 2318 2316
f 2319 2320 2321
f 2319 2321 2322
f 2322 2072 2066
f 2322 2066 2319
f 2066 2317 2319
f 2316 2317 2319
f 2316 2319 2323
f 2319 2323 2320
f 2321 2322 2324
f 2321 2320 2324
f 2325 2326 2327
f 2325 2327 2328
f 2325 2328 2329
f 2325 2329 2330
f 2325 2330 2331
f 2325 2331 2326
f 2332 2333 2334
f 2334 2083 2085
f 2334 2085 2332
f 2335 2084 2085
f 2335 2085 2332
f 2335 2328 2327
f 2335 2327 2332
f 2336 2326 2327
f 2336 2327 2332
f 2332 2336 2333
f 2337 2338 2339
f 2339 2086 2087
f 2339 2087 2337
f 2087 2083 2337
f 2083 2334 2337
f 2340 2333 2334
f 2340 2334 2337
f 2337 2340 2338
f 2306 2060 2341
f 2060 2088 2341
f 2088 2086 2341
f 2086 2339 2341
f 2342 2338 2339
f 2342 2339 2341
f 2342 2307 2306
f 2342 2306 2341
f 2072 2322 2343
f 2072 2089 2343
f 2344 2345 2346
f 2090 2091 2344
f 2090 2344 2346
f 2091 2089 2344
f 2089 2343 2344
f 2343 2322 2344
f 2345 2324 2322
f 2345 2322 2344
f 2347 2348 2349
f 2349 2092 2093
f 2349 2093 2347
f 2093 2090 2347
f 2090 2346 2347
f 2350 2345 2346
f 2350 2346 2347
f 2347 2350 2348
f 2351 2352 2353
f 2353 2094 2095
f 2353 2095 2351
f 2095 2092 2351
f 2092 2349 2351
f 2354 2348 2349
f 2354 2349 2351
f 2351 2354 2352
f 2355 2328 2329
f 2355 2329 2356
f 2355 2096 2097
f 2355 2097 2356
f 2097 2094 2356
f 2094 2353 2356
f 2357 2352 2353
f 2357 2353 2356
f 2357 2330 2329
f 2357 2329 2356
f 2335 2084 2358
f 2084 2098 2358
f 2098 2096 2358
f 2096 2355 2358
f 2355 2328 2358
f 2328 2335 2358
f 2359 2360 2361
f 2361 2101 2104
f 2361 2104 2359
f 2362 2103 2104
f 2362 2104 2359
f 2359 2362 2363
f 2359 2363 2364
f 2359 2364 2360
f 2365 2366 2367
f 2367 2106 2108
f 2367 2108 2365
f 2108 2101 2365
f 2101 2361 2365
f 2368 2360 2361
f 2368 2361 2365
f 2365 2368 2366
f 2369 2370 2371
f 2371 2110 2112
f 2371 2112 2369
f 2112 2106 2369
f 2106 2367 2369
f 2372 2366 2367
f 2372 2367 2369
f 2369 2372 2370
f 2373 2374 2375
f 2375 2114 2116
f 2375 2116 2373
f 2116 2110 2373
f 2110 2371 2373
f 2370 2371 2373
f 2370 2373 2376
f 2373 2376 2374
f 2377 2378 2379
f 2118 2120 2377
f 2118 2377 2379
f 2120 2114 2377
f 2114 2375 2377
f 2374 2375 2377
f 2374 2377 2380
f 2377 2380 2378
f 2381 2382 2383
f 2122 2124 2381
f 2122 2381 2383
f 2124 2118 2381
f 2118 2379 2381
f 2378 2379 2381
f 2378 2381 2384
f 2381 2384 2382
f 2385 2386 2387
f 2387 2126 2128
f 2387 2128 2385
f 2128 2122 2385
f 2122 2383 2385
f 2382 2383 2385
f 2382 2385 2388
f 2385 2388 2386
f 2126 2131 2389
f 2390 2389 2126
f 2390 2126 2387
f 2387 2386 2390
f 2391 2392 2393
f 2393 2134 2137
f 2393 2137 2391
f 2394 2136 2137
f 2394 2137 2391
f 2391 2394 2395
f 2391 2395 2396
f 2391 2396 2392
f 2362 2103 2397
f 2103 2138 2397
f 2138 2134 2397
f 2134 2393 2397
f 2398 2392 2393
f 2398 2393 2397
f 2398 2363 2362
f 2398 2362 2397
f 2399 2389 2131
f 2399 2131 2400
f 2131 2139 2400
f 2389 2390 2399
f 2139 2143 2401
f 2402 2401 2139
f 2402 2139 2400
f 2400 2399 2402
f 2403 2404 2405
f 2405 2146 2150
f 2405 2150 2403
f 2406 2149 2150
f 2406 2150 2403
f 2403 2406 2407
f 2403 2407 2408
f 2403 2408 2404
f 2409 2410 2411
f 2411 2151 2153
f 2411 2153 2409
f 2153 2146 2409
f 2146 2405 2409
f 2412 2404 2405
f 2412 2405 2409
f 2409 2412 2410
f 2394 2136 2413
f 2136 2154 2413
f 2154 2151 2413
f 2151 2411 2413
f 2410 2411 2413
f 2410 2413 2414
f 2395 2394 2413
f 2395 2413 2414
f 2415 2401 2143
f 2415 2143 2416
f 2143 2155 2416
f 2401 2402 2415
f 2417 2418 2419
f 2157 2158 2417
f 2157 2417 2419
f 2158 2155 2417
f 2155 2416 2417
f 2415 2416 2417
f 2415 2417 2420
f 2417 2420 2418
f 2157 2160 2421
f 2422 2421 2157
f 2422 2157 2419
f 2419 2418 2422
f 2406 2149 2423
f 2149 2164 2423
f 2424 2163 2164
f 2424 2164 2423
f 2423 2424 2425
f 2423 2425 2426
f 2426 2407 2406
f 2426 2406 2423
f 2421 2160 2427
f 2160 2169 2427
f 2168 2169 2427
f 2168 2427 2428
f 2427 2428 2429
f 2427 2429 2430
f 2422 2421 2427
f 2422 2427 2430
f 2431 2432 2433
f 2433 2171 2175
f 2433 2175 2431
f 2434 2174 2175
f 2434 2175 2431
f 2431 2434 2435
f 2431 2435 2436
f 2431 2436 2432
f 2424 2163 2437
f 2163 2176 2437
f 2176 2171 2437
f 2171 2433 2437
f 2432 2433 2437
f 2432 2437 2438
f 2425 2424 2437
f 2425 2437 2438
f 2439 2428 2168
f 2439 2168 2440
f 2168 2177 2440
f 2428 2429 2439
f 2177 2180 2441
f 2441 2177 2440
f 2441 2440 2442
f 2440 2439 2442
f 2443 2444 2445
f 2182 2186 2443
f 2182 2443 2445
f 2185 2186 2443
f 2185 2443 2446
f 2443 2446 2447
f 2443 2447 2448
f 2443 2448 2444
f 2434 2174 2449
f 2174 2188 2449
f 2188 2182 2449
f 2182 2445 2449
f 2450 2444 2445
f 2450 2445 2449
f 2450 2435 2434
f 2450 2434 2449
f 2451 2452 2441
f 2451 2441 2180
f 2180 2190 2451
f 2441 2442 2452
f 2190 2192 2453
f 2453 2190 2451
f 2453 2451 2454
f 2451 2452 2454
f 2446 2185 2455
f 2185 2196 2455
f 2456 2195 2196
f 2456 2196 2455
f 2455 2456 2457
f 2455 2457 2458
f 2458 2447 2446
f 2458 2446 2455
f 2453 2192 2459
f 2192 2200 2459
f 2199 2200 2459
f 2199 2459 2460
f 2459 2460 2461
f 2459 2461 2462
f 2462 2454 2453
f 2462 2453 2459
f 2456 2195 2463
f 2195 2204 2463
f 2464 2203 2204
f 2464 2204 2463
f 2463 2464 2465
f 2463 2465 2466
f 2466 2457 2456
f 2466 2456 2463
f 2460 2199 2467
f 2199 2208 2467
f 2207 2208 2467
f 2207 2467 2468
f 2467 2468 2469
f 2467 2469 2470
f 2461 2460 2467
f 2461 2467 2470
f 2464 2203 2471
f 2203 2212 2471
f 2472 2211 2212
f 2472 2212 2471
f 2471 2472 2473
f 2471 2473 2474
f 2474 2465 2464
f 2474 2464 2471
f 2468 2207 2475
f 2207 2216 2475
f 2476 2215 2216
f 2476 2216 2475
f 2475 2476 2477
f 2475 2477 2478
f 2469 2468 2475
f 2469 2475 2478
f 2472 2211 2479
f 2211 2220 2479
f 2219 2220 2479
f 2219 2479 2480
f 2479 2480 2481
f 2479 2481 2482
f 2473 2472 2479
f 2473 2479 2482
f 2476 2215 2483
f 2215 2224 2483
f 2484 2223 2224
f 2484 2224 2483
f 2483 2484 2485
f 2483 2485 2486
f 2486 2477 2476
f 2486 2476 2483
f 2480 2219 2487
f 2219 2228 2487
f 2227 2228 2487
f 2227 2487 2488
f 2487 2488 2489
f 2487 2489 2490
f 2481 2480 2487
f 2481 2487 2490
f 2484 2223 2491
f 2223 2232 2491
f 2492 2231 2232
f 2492 2232 2491
f 2491 2492 2493
f 2491 2493 2494
f 2494 2485 2484
f 2494 2484 2491
f 2488 2227 2495
f 2227 2236 2495
f 2235 2236 2495
f 2235 2495 2496
f 2495 2496 2497
f 2495 2497 2498
f 2489 2488 2495
f 2489 2495 2498
f 2492 2231 2499
f 2231 2240 2499
f 2500 2239 2240
f 2500 2240 2499
f 2499 2500 2501
f 2499 2501 2502
f 2502 2493 2492
f 2502 2492 2499
f 2503 2504 2496
f 2503 2496 2235
f 2235 2242 2503
f 2496 2497 2504
f 2242 2244 2505
f 2505 2242 2503
f 2505 2503 2506
f 2503 2504 2506
f 2507 2508 2509
f 2509 2246 2251
f 2509 2251 2507
f 2510 2250 2251
f 2510 2251 2507
f 2507 2510 2511
f 2507 2511 2512
f 2507 2512 2508
f 2500 2239 2513
f 2239 2254 2513
f 2254 2246 2513
f 2246 2509 2513
f 2514 2508 2509
f 2514 2509 2513
f 2514 2501 2500
f 2514 2500 2513
f 2505 2244 2515
f 2244 2258 2515
f 2257 2258 2515
f 2257 2515 2516
f 2515 2516 2517
f 2515 2517 2518
f 2506 2505 2515
f 2506 2515 2518
f 2510 2250 2519
f 2250 2263 2519
f 2520 2262 2263
f 2520 2263 2519
f 2519 2520 2521
f 2519 2521 2522
f 2522 2511 2510
f 2522 2510 2519
f 2523 2524 2516
f 2523 2516 2257
f 2257 2266 2523
f 2516 2517 2524
f 2266 2268 2525
f 2525 2266 2523
f 2525 2523 2526
f 2523 2524 2526
f 2527 2528 2529
f 2529 2270 2275
f 2529 2275 2527
f 2530 2274 2275
f 2530 2275 2527
f 2527 2530 2531
f 2527 2531 2532
f 2527 2532 2528
f 2520 2262 2533
f 2262 2278 2533
f 2278 2270 2533
f 2270 2529 2533
f 2534 2528 2529
f 2534 2529 2533
f 2534 2521 2520
f 2534 2520 2533
f 2535 2536 2525
f 2535 2525 2268
f 2268 2281 2535
f 2525 2526 2536
f 2281 2284 2537
f 2538 2537 2281
f 2538 2281 2535
f 2535 2536 2538
f 2539 2540 2541
f 2541 2286 2291
f 2541 2291 2539
f 2542 2290 2291
f 2542 2291 2539
f 2539 2542 2543
f 2539 2543 2544
f 2539 2544 2540
f 2530 2274 2545
f 2274 2295 2545
f 2295 2286 2545
f 2286 2541 2545
f 2546 2540 2541
f 2546 2541 2545
f 2546 2531 2530
f 2546 2530 2545
f 2547 2537 2284
f 2547 2284 2548
f 2284 2299 2548
f 2537 2538 2547
f 2299 2302 2549
f 2550 2549 2299
f 2550 2299 2548
f 2548 2547 2550
f 2551 2552 2553
f 2553 2304 2308
f 2553 2308 2551
f 2554 2307 2308
f 2554 2308 2551
f 2551 2554 2555
f 2551 2555 2556
f 2551 2556 2552
f 2542 2290 2557
f 2290 2311 2557
f 2311 2304 2557
f 2304 2553 2557
f 2558 2552 2553
f 2558 2553 2557
f 2558 2543 2542
f 2558 2542 2557
f 2559 2549 2302
f 2559 2302 2560
f 2302 2313 2560
f 2549 2550 2559
f 2561 2562 2563
f 2316 2318 2561
f 2316 2561 2563
f 2318 2313 2561
f 2313 2560 2561
f 2559 2560 2561
f 2559 2561 2564
f 2561 2564 2562
f 2565 2566 2567
f 2320 2323 2565
f 2320 2565 2567
f 2323 2316 2565
f 2316 2563 2565
f 2562 2563 2565
f 2562 2565 2568
f 2565 2568 2566
f 2320 2324 2569
f 2570 2569 2320
f 2570 2320 2567
f 2567 2566 2570
f 2571 2572 2573
f 2573 2326 2331
f 2573 2331 2571
f 2574 2330 2331
f 2574 2331 2571
f 2571 2574 2575
f 2571 2575 2576
f 2571 2576 2572
f 2577 2578 2579
f 2579 2333 2336
f 2579 2336 2577
f 2336 2326 2577
f 2326 2573 2577
f 2580 2572 2573
f 2580 2573 2577
f 2577 2580 2578
f 2581 2582 2583
f 2583 2338 2340
f 2583 2340 2581
f 2340 2333 2581
f 2333 2579 2581
f 2584 2578 2579
f 2584 2579 2581
f 2581 2584 2582
f 2554 2307 2585
f 2307 2342 2585
f 2342 2338 2585
f 2338 2583 2585
f 2582 2583 2585
f 2582 2585 2586
f 2586 2555 2554
f 2586 2554 2585
f 2587 2569 2324
f 2587 2324 2588
f 2324 2345 2588
f 2569 2570 2587
f 2589 2590 2591
f 2348 2350 2589
f 2348 2589 2591
f 2350 2345 2589
f 2345 2588 2589
f 2587 2588 2589
f 2587 2589 2592
f 2589 2592 2590
f 2593 2594 2595
f 2595 2352 2354
f 2595 2354 2593
f 2354 2348 2593
f 2348 2591 2593
f 2590 2591 2593
f 2590 2593 2596
f 2593 2596 2594
f 2574 2330 2597
f 2330 2357 2597
f 2357 2352 2597
f 2352 2595 2597
f 2594 2595 2597
f 2594 2597 2598
f 2598 2575 2574
f 2598 2574 2597
f 2599 2600 2601
f 2599 2601 2602
f 2599 2602 2603
f 2599 2603 2604
f 2599 2604 2605
f 2599 2605 2600
f 2606 2607 2608
f 2606 2608 2609
f 2606 2609 2610
f 2610 2602 2601
f 2610 2601 2606
f 2611 2600 2601
f 2611 2601 2606
f 2606 2611 2607
f 2612 2613 2614
f 2612 2614 2615
f 2612 2615 2616
f 2616 2609 2608
f 2616 2608 2612
f 2617 2607 2608
f 2617 2608 2612
f 2612 2617 2613
f 2618 2619 2620
f 2618 2620 2621
f 2618 2621 2622
f 2622 2615 2614
f 2622 2614 2618
f 2623 2613 2614
f 2623 2614 2618
f 2618 2623 2619
f 2624 2625 2626
f 2624 2626 2627
f 2624 2627 2628
f 2621 2620 2624
f 2621 2624 2628
f 2619 2620 2624
f 2619 2624 2629
f 2624 2629 2625
f 2626 2627 2630
f 2626 2625 2630
f 2631 2632 2633
f 2631 2633 2634
f 2631 2634 2635
f 2631 2635 2636
f 2631 2636 2637
f 2631 2637 2632
f 2638 2639 2640
f 2640 2360 2364
f 2640 2364 2638
f 2641 2363 2364
f 2641 2364 2638
f 2641 2634 2633
f 2641 2633 2638
f 2642 2632 2633
f 2642 2633 2638
f 2638 2642 2639
f 2643 2602 2603
f 2643 2603 2644
f 2643 2366 2368
f 2643 2368 2644
f 2368 2360 2644
f 2360 2640 2644
f 2645 2639 2640
f 2645 2640 2644
f 2645 2604 2603
f 2645 2603 2644
f 2646 2609 2610
f 2646 2610 2647
f 2646 2370 2372
f 2646 2372 2647
f 2372 2366 2647
f 2366 2643 2647
f 2643 2602 2647
f 2602 2610 2647
f 2648 2615 2616
f 2648 2616 2649
f 2648 2374 2376
f 2648 2376 2649
f 2376 2370 2649
f 2370 2646 2649
f 2646 2609 2649
f 2609 2616 2649
f 2650 2621 2622
f 2650 2622 2651
f 2650 2378 2380
f 2650 2380 2651
f 2380 2374 2651
f 2374 2648 2651
f 2648 2615 2651
f 2615 2622 2651
f 2652 2627 2628
f 2652 2628 2653
f 2652 2382 2384
f 2652 2384 2653
f 2384 2378 2653
f 2378 2650 2653
f 2650 2621 2653
f 2621 2628 2653
f 2654 2655 2656
f 2656 2386 2388
f 2656 2388 2654
f 2388 2382 2654
f 2382 2652 2654
f 2652 2627 2654
f 2655 2630 2627
f 2655 2627 2654
f 2657 2658 2659
f 2657 2659 2660
f 2660 2390 2386
f 2660 2386 2657
f 2386 2656 2657
f 2661 2655 2656
f 2661 2656 2657
f 2657 2661 2658
f 2659 2660 2662
f 2659 2658 2662
f 2663 2664 2665
f 2663 2665 2666
f 2663 2666 2667
f 2663 2667 2668
f 2663 2668 2669
f 2663 2669 2664
f 2670 2671 2672
f 2670 2672 2673
f 2670 2673 2674
f 2674 2666 2665
f 2674 2665 2670
f 2675 2664 2665
f 2675 2665 2670
f 2670 2675 2671
f 2676 2634 2635
f 2676 2635 2677
f 2676 2392 2396
f 2676 2396 2677
f 2678 2395 2396
f 2678 2396 2677
f 2678 2673 2672
f 2678 2672 2677
f 2679 2671 2672
f 2679 2672 2677
f 2679 2636 2635
f 2679 2635 2677
f 2641 2363 2680
f 2363 2398 2680
f 2398 2392 2680
f 2392 2676 2680
f 2676 2634 2680
f 2634 2641 2680
f 2390 2660 2681
f 2390 2399 2681
f 2682 2683 2684
f 2682 2684 2685
f 2685 2402 2399
f 2685 2399 2682
f 2399 2681 2682
f 2681 2660 2682
f 2683 2662 2660
f 2683 2660 2682
f 2686 2687 2688
f 2686 2688 2689
f 2686 2689 2690
f 2690 2685 2684
f 2690 2684 2686
f 2691 2683 2684
f 2691 2684 2686
f 2686 2691 2687
f 2688 2689 2692
f 2688 2687 2692
f 2693 2694 2695
f 2693 2695 2696
f 2693 2696 2697
f 2693 2697 2698
f 2693 2698 2699
f 2693 2699 2694
f 2700 2666 2667
f 2700 2667 2701
f 2700 2404 2408
f 2700 2408 2701
f 2702 2407 2408
f 2702 2408 2701
f 2702 2696 2695
f 2702 2695 2701
f 2703 2694 2695
f 2703 2695 2701
f 2703 2668 2667
f 2703 2667 2701
f 2704 2673 2674
f 2704 2674 2705
f 2704 2410 2412
f 2704 2412 2705
f 2412 2404 2705
f 2404 2700 2705
f 2700 2666 2705
f 2666 2674 2705
f 2678 2395 2706
f 2395 2414 2706
f 2414 2410 2706
f 2410 2704 2706
f 2704 2673 2706
f 2673 2678 2706
f 2402 2685 2707
f 2402 2415 2707
f 2689 2690 2708
f 2689 2708 2709
f 2418 2420 2708
f 2418 2708 2709
f 2420 2415 2708
f 2415 2707 2708
f 2707 2685 2708
f 2685 2690 2708
f 2710 2711 2712
f 2710 2712 2713
f 2713 2422 2418
f 2713 2418 2710
f 2418 2709 2710
f 2709 2689 2710
f 2692 2689 2710
f 2692 2710 2711
f 2712 2713 2714
f 2712 2711 2714
f 2715 2696 2697
f 2715 2697 2716
f 2716 2715 2717
f 2716 2717 2718
f 2716 2718 2719
f 2716 2719 2720
f 2720 2698 2697
f 2720 2697 2716
f 2702 2407 2721
f 2407 2426 2721
f 2722 2425 2426
f 2722 2426 2721
f 2722 2717 2715
f 2722 2715 2721
f 2715 2696 2721
f 2696 2702 2721
f 2422 2713 2723
f 2723 2422 2430
f 2723 2430 2724
f 2430 2429 2724
f 2723 2724 2725
f 2726 2725 2723
f 2726 2723 2713
f 2713 2714 2726
f 2727 2728 2729
f 2727 2729 2730
f 2727 2730 2731
f 2727 2731 2732
f 2727 2732 2733
f 2727 2733 2728
f 2734 2717 2718
f 2734 2718 2735
f 2734 2432 2436
f 2734 2436 2735
f 2736 2435 2436
f 2736 2436 2735
f 2736 2730 2729
f 2736 2729 2735
f 2737 2728 2729
f 2737 2729 2735
f 2737 2719 2718
f 2737 2718 2735
f 2722 2425 2738
f 2425 2438 2738
f 2438 2432 2738
f 2432 2734 2738
f 2734 2717 2738
f 2717 2722 2738
f 2429 2724 2739
f 2429 2439 2739
f 2740 2741 2742
f 2740 2742 2743
f 2442 2439 2740
f 2442 2740 2743
f 2439 2739 2740
f 2739 2724 2740
f 2725 2724 2740
f 2725 2740 2741
f 2742 2743 2744
f 2742 2741 2744
f 2745 2730 2731
f 2745 2731 2746
f 2745 2444 2448
f 2745 2448 2746
f 2747 2447 2448
f 2747 2448 2746
f 2746 2747 2748
f 2746 2748 2749
f 2749 2732 2731
f 2749 2731 2746
f 2736 2435 2750
f 2435 2450 2750
f 2450 2444 2750
f 2444 2745 2750
f 2745 2730 2750
f 2730 2736 2750
f 2442 2743 2751
f 2442 2452 2751
f 2452 2454 2752
f 2753 2752 2452
f 2753 2452 2751
f 2754 2753 2751
f 2754 2751 2743
f 2743 2744 2754
f 2755 2756 2757
f 2755 2757 2758
f 2755 2758 2759
f 2755 2759 2760
f 2755 2760 2761
f 2755 2761 2756
f 2747 2447 2762
f 2447 2458 2762
f 2763 2457 2458
f 2763 2458 2762
f 2763 2758 2757
f 2763 2757 2762
f 2764 2756 2757
f 2764 2757 2762
f 2764 2748 2747
f 2764 2747 2762
f 2765 2752 2454
f 2765 2454 2766
f 2766 2454 2462
f 2766 2462 2767
f 2462 2461 2767
f 2752 2753 2765
f 2766 2767 2768
f 2766 2765 2768
f 2769 2758 2759
f 2769 2759 2770
f 2770 2769 2771
f 2770 2771 2772
f 2770 2772 2773
f 2770 2773 2774
f 2774 2760 2759
f 2774 2759 2770
f 2763 2457 2775
f 2457 2466 2775
f 2776 2465 2466
f 2776 2466 2775
f 2776 2771 2769
f 2776 2769 2775
f 2769 2758 2775
f 2758 2763 2775
f 2461 2767 2777
f 2778 2777 2461
f 2778 2461 2470
f 2470 2469 2778
f 2777 2778 2779
f 2779 2777 2767
f 2779 2767 2780
f 2767 2768 2780
f 2781 2771 2772
f 2781 2772 2782
f 2782 2781 2783
f 2782 2783 2784
f 2782 2784 2785
f 2782 2785 2786
f 2786 2773 2772
f 2786 2772 2782
f 2776 2465 2787
f 2465 2474 2787
f 2788 2473 2474
f 2788 2474 2787
f 2788 2783 2781
f 2788 2781 2787
f 2781 2771 2787
f 2771 2776 2787
f 2469 2778 2789
f 2790 2789 2469
f 2790 2469 2478
f 2478 2477 2790
f 2789 2790 2791
f 2791 2789 2778
f 2791 2778 2792
f 2778 2779 2792
f 2793 2783 2784
f 2793 2784 2794
f 2794 2793 2795
f 2794 2795 2796
f 2794 2796 2797
f 2794 2797 2798
f 2798 2785 2784
f 2798 2784 2794
f 2788 2473 2799
f 2473 2482 2799
f 2800 2481 2482
f 2800 2482 2799
f 2800 2795 2793
f 2800 2793 2799
f 2793 2783 2799
f 2783 2788 2799
f 2477 2790 2801
f 2802 2801 2477
f 2802 2477 2486
f 2486 2485 2802
f 2801 2802 2803
f 2803 2801 2790
f 2803 2790 2804
f 2790 2791 2804
f 2805 2795 2796
f 2805 2796 2806
f 2806 2805 2807
f 2806 2807 2808
f 2806 2808 2809
f 2806 2809 2810
f 2797 2796 2806
f 2797 2806 2810
f 2800 2481 2811
f 2481 2490 2811
f 2812 2489 2490
f 2812 2490 2811
f 2812 2807 2805
f 2812 2805 2811
f 2805 2795 2811
f 2795 2800 2811
f 2485 2802 2813
f 2814 2813 2485
f 2814 2485 2494
f 2494 2493 2814
f 2813 2814 2815
f 2816 2815 2813
f 2816 2813 2802
f 2802 2803 2816
f 2807 2808 2817
f 2807 2817 2818
f 2817 2818 2819
f 2817 2819 2820
f 2817 2820 2821
f 2817 2821 2822
f 2809 2808 2817
f 2809 2817 2822
f 2812 2489 2823
f 2489 2498 2823
f 2824 2497 2498
f 2824 2498 2823
f 2824 2819 2818
f 2824 2818 2823
f 2818 2807 2823
f 2807 2812 2823
f 2493 2814 2825
f 2826 2825 2493
f 2826 2493 2502
f 2502 2501 2826
f 2825 2826 2827
f 2828 2827 2825
f 2828 2825 2814
f 2814 2815 2828
f 2820 2819 2829
f 2820 2821 2829
f 2824 2497 2830
f 2831 2504 2497
f 2831 2497 2830
f 2830 2831 2832
f 2830 2832 2833
f 2833 2829 2819
f 2833 2819 2830
f 2819 2824 2830
f 2504 2506 2834
f 2504 2831 2834
f 2512 2508 2835
f 2512 2511 2835
f 2836 2826 2501
f 2836 2501 2837
f 2501 2514 2837
f 2514 2508 2837
f 2835 2508 2837
f 2835 2837 2838
f 2837 2838 2839
f 2837 2839 2836
f 2826 2836 2840
f 2826 2827 2840
f 2841 2831 2832
f 2841 2832 2842
f 2842 2841 2843
f 2842 2843 2844
f 2842 2844 2845
f 2842 2845 2846
f 2833 2832 2842
f 2833 2842 2846
f 2834 2506 2847
f 2506 2518 2847
f 2517 2518 2847
f 2517 2847 2848
f 2848 2843 2841
f 2848 2841 2847
f 2841 2831 2847
f 2831 2834 2847
f 2511 2835 2849
f 2850 2849 2511
f 2850 2511 2522
f 2522 2521 2850
f 2849 2850 2851
f 2851 2849 2835
f 2851 2835 2852
f 2835 2838 2852
f 2844 2843 2853
f 2844 2845 2853
f 2848 2517 2854
f 2855 2524 2517
f 2855 2517 2854
f 2854 2855 2856
f 2854 2856 2857
f 2857 2853 2843
f 2857 2843 2854
f 2843 2848 2854
f 2524 2526 2858
f 2524 2855 2858
f 2532 2528 2859
f 2532 2531 2859
f 2860 2850 2521
f 2860 2521 2861
f 2521 2534 2861
f 2534 2528 2861
f 2859 2528 2861
f 2859 2861 2862
f 2861 2862 2863
f 2861 2863 2860
f 2850 2860 2864
f 2850 2851 2864
f 2856 2855 2865
f 2856 2857 2865
f 2858 2526 2866
f 2867 2536 2526
f 2867 2526 2866
f 2866 2867 2868
f 2866 2868 2869
f 2869 2865 2855
f 2869 2855 2866
f 2855 2858 2866
f 2536 2538 2870
f 2536 2867 2870
f 2544 2540 2871
f 2544 2543 2871
f 2859 2531 2872
f 2859 2872 2873
f 2531 2546 2872
f 2546 2540 2872
f 2871 2540 2872
f 2871 2872 2874
f 2872 2874 2875
f 2872 2875 2873
f 2859 2873 2876
f 2859 2862 2876
f 2868 2867 2877
f 2868 2869 2877
f 2870 2538 2878
f 2547 2538 2878
f 2547 2878 2879
f 2878 2879 2880
f 2878 2880 2881
f 2881 2877 2867
f 2881 2867 2878
f 2867 2870 2878
f 2547 2550 2882
f 2547 2879 2882
f 2556 2552 2883
f 2556 2555 2883
f 2871 2543 2884
f 2871 2884 2885
f 2543 2558 2884
f 2558 2552 2884
f 2883 2552 2884
f 2883 2884 2886
f 2884 2886 2887
f 2884 2887 2885
f 2871 2885 2888
f 2871 2874 2888
f 2880 2879 2889
f 2880 2881 2889
f 2882 2550 2890
f 2559 2550 2890
f 2559 2890 2891
f 2890 2891 2892
f 2890 2892 2893
f 2889 2879 2890
f 2889 2890 2893
f 2879 2882 2890
f 2564 2562 2894
f 2894 2564 2559
f 2894 2559 2895
f 2559 2891 2895
f 2568 2566 2896
f 2897 2896 2568
f 2897 2568 2562
f 2562 2894 2897
f 2566 2570 2898
f 2566 2896 2898
f 2576 2572 2899
f 2576 2575 2899
f 2580 2578 2900
f 2900 2580 2572
f 2900 2572 2901
f 2572 2899 2901
f 2584 2582 2902
f 2903 2902 2584
f 2903 2584 2578
f 2578 2900 2903
f 2883 2555 2904
f 2883 2904 2905
f 2555 2586 2904
f 2586 2582 2904
f 2906 2902 2582
f 2906 2582 2904
f 2904 2906 2907
f 2904 2907 2905
f 2883 2905 2908
f 2883 2886 2908
f 2892 2891 2909
f 2892 2893 2909
f 2895 2894 2910
f 2891 2909 2911
f 2910 2911 2891
f 2910 2891 2895
f 2897 2896 2912
f 2894 2910 2913
f 2912 2913 2894
f 2912 2894 2897
f 2914 2898 2570
f 2914 2570 2915
f 2570 2587 2915
f 2896 2912 2916
f 2914 2916 2896
f 2914 2896 2898
f 2917 2918 2919
f 2590 2592 2917
f 2590 2917 2919
f 2592 2587 2917
f 2587 2915 2917
f 2914 2915 2917
f 2914 2917 2920
f 2917 2920 2918
f 2921 2922 2923
f 2594 2596 2921
f 2594 2921 2923
f 2596 2590 2921
f 2590 2919 2921
f 2924 2918 2919
f 2924 2919 2921
f 2921 2924 2922
f 2925 2899 2575
f 2925 2575 2926
f 2575 2598 2926
f 2598 2594 2926
f 2594 2923 2926
f 2927 2922 2923
f 2927 2923 2926
f 2926 2927 2925
f 2901 2900 2928
f 2899 2925 2929
f 2929 2899 2901
f 2929 2901 2928
f 2903 2902 2930
f 2900 2928 2931
f 2931 2900 2903
f 2931 2903 2930
f 2902 2930 2932
f 2902 2906 2932
f 2605 2600 2933
f 2605 2604 2933
f 2611 2607 2934
f 2934 2611 2600
f 2934 2600 2935
f 2600 2933 2935
f 2617 2613 2936
f 2936 2617 2607
f 2936 2607 2937
f 2607 2934 2937
f 2623 2619 2938
f 2939 2938 2623
f 2939 2623 2613
f 2613 2936 2939
f 2629 2625 2940
f 2941 2940 2629
f 2941 2629 2619
f 2619 2938 2941
f 2625 2630 2942
f 2625 2940 2942
f 2637 2632 2943
f 2637 2636 2943
f 2642 2639 2944
f 2945 2944 2642
f 2945 2642 2632
f 2632 2943 2945
f 2933 2604 2946
f 2933 2946 2947
f 2604 2645 2946
f 2645 2639 2946
f 2948 2944 2639
f 2948 2639 2946
f 2946 2948 2949
f 2946 2949 2947
f 2935 2934 2950
f 2933 2947 2951
f 2951 2933 2935
f 2951 2935 2950
f 2937 2936 2952
f 2934 2950 2953
f 2953 2934 2937
f 2953 2937 2952
f 2939 2938 2954
f 2936 2952 2955
f 2955 2936 2939
f 2955 2939 2954
f 2941 2940 2956
f 2938 2954 2957
f 2956 2957 2938
f 2956 2938 2941
f 2942 2630 2958
f 2655 2630 2958
f 2655 2958 2959
f 2958 2959 2960
f 2958 2960 2961
f 2956 2940 2958
f 2956 2958 2961
f 2940 2942 2958
f 2661 2658 2962
f 2962 2661 2655
f 2962 2655 2963
f 2655 2959 2963
f 2658 2662 2964
f 2658 2962 2964
f 2669 2664 2965
f 2669 2668 2965
f 2675 2671 2966
f 2967 2966 2675
f 2967 2675 2664
f 2664 2965 2967
f 2943 2636 2968
f 2943 2968 2969
f 2636 2679 2968
f 2679 2671 2968
f 2966 2671 2968
f 2966 2968 2970
f 2968 2970 2971
f 2968 2971 2969
f 2945 2944 2972
f 2943 2969 2973
f 2973 2943 2945
f 2973 2945 2972
f 2944 2972 2974
f 2944 2948 2974
f 2960 2959 2975
f 2960 2961 2975
f 2963 2962 2976
f 2959 2975 2977
f 2976 2977 2959
f 2976 2959 2963
f 2964 2662 2978
f 2979 2683 2662
f 2979 2662 2978
f 2978 2979 2980
f 2978 2980 2981
f 2976 2962 2978
f 2976 2978 2981
f 2962 2964 2978
f 2691 2687 2982
f 2982 2691 2683
f 2982 2683 2983
f 2683 2979 2983
f 2687 2692 2984
f 2687 2982 2984
f 2699 2694 2985
f 2699 2698 2985
f 2965 2668 2986
f 2965 2986 2987
f 2668 2703 2986
f 2703 2694 2986
f 2985 2694 2986
f 2985 2986 2988
f 2986 2988 2989
f 2986 2989 2987
f 2967 2966 2990
f 2965 2987 2991
f 2991 2965 2967
f 2991 2967 2990
f 2966 2990 2992
f 2966 2970 2992
f 2980 2979 2993
f 2980 2981 2993
f 2983 2982 2994
f 2979 2993 2995
f 2994 2995 2979
f 2994 2979 2983
f 2984 2692 2996
f 2997 2711 2692
f 2997 2692 2996
f 2996 2997 2998
f 2996 2998 2999
f 2999 2994 2982
f 2999 2982 2996
f 2982 2984 2996
f 2711 2714 3000
f 2711 2997 3000
f 2698 2985 3001
f 3002 3001 2698
f 3002 2698 2720
f 2720 2719 3002
f 3001 3002 3003
f 3004 3003 3001
f 3004 3001 2985
f 2985 2988 3004
f 2997 2998 3005
f 2997 3005 3006
f 3005 3006 3007
f 3005 3007 3008
f 3005 3008 3009
f 3005 3009 3010
f 3010 2999 2998
f 3010 2998 3005
f 3000 2714 3011
f 2714 2726 3011
f 3012 2725 2726
f 3012 2726 3011
f 3012 3007 3006
f 3012 3006 3011
f 3006 2997 3011
f 2997 3000 3011
f 2733 2728 3013
f 2733 2732 3013
f 3002 2719 3014
f 3002 3014 3015
f 2719 2737 3014
f 2737 2728 3014
f 3013 2728 3014
f 3013 3014 3016
f 3014 3016 3017
f 3014 3017 3015
f 3002 3015 3018
f 3002 3003 3018
f 3008 3007 3019
f 3008 3009 3019
f 3012 2725 3020
f 3021 2741 2725
f 3021 2725 3020
f 3020 3021 3022
f 3020 3022 3023
f 3023 3019 3007
f 3023 3007 3020
f 3007 3012 3020
f 2741 2744 3024
f 2741 3021 3024
f 2732 3013 3025
f 3026 3025 2732
f 3026 2732 2749
f 2749 2748 3026
f 3025 3026 3027
f 3028 3027 3025
f 3028 3025 3013
f 3013 3016 3028
f 3021 3022 3029
f 3021 3029 3030
f 3029 3030 3031
f 3029 3031 3032
f 3029 3032 3033
f 3029 3033 3034
f 3023 3022 3029
f 3023 3029 3034
f 3024 2744 3035
f 2744 2754 3035
f 3036 2753 2754
f 3036 2754 3035
f 3036 3031 3030
f 3036 3030 3035
f 3030 3021 3035
f 3021 3024 3035
f 2761 2756 3037
f 2761 2760 3037
f 3038 3026 2748
f 3038 2748 3039
f 2748 2764 3039
f 2764 2756 3039
f 3037 2756 3039
f 3037 3039 3040
f 3039 3040 3041
f 3039 3041 3038
f 3026 3038 3042
f 3026 3027 3042
f 3032 3031 3043
f 3032 3033 3043
f 3036 2753 3044
f 3045 2765 2753
f 3045 2753 3044
f 3044 3045 3046
f 3044 3046 3047
f 3047 3043 3031
f 3047 3031 3044
f 3031 3036 3044
f 2765 2768 3048
f 2765 3045 3048
f 2760 3037 3049
f 3050 3049 2760
f 3050 2760 2774
f 2774 2773 3050
f 3049 3050 3051
f 3051 3049 3037
f 3051 3037 3052
f 3037 3040 3052
f 3053 3045 3046
f 3053 3046 3054
f 3054 3053 3055
f 3054 3055 3056
f 3054 3056 3057
f 3054 3057 3058
f 3058 3047 3046
f 3058 3046 3054
f 3048 2768 3059
f 2768 2780 3059
f 2779 2780 3059
f 2779 3059 3060
f 3055 3053 3059
f 3055 3059 3060
f 3053 3045 3059
f 3045 3048 3059
f 2773 3050 3061
f 3062 3061 2773
f 3062 2773 2786
f 2786 2785 3062
f 3061 3062 3063
f 3063 3061 3050
f 3063 3050 3064
f 3050 3051 3064
f 3065 3055 3056
f 3065 3056 3066
f 3066 3065 3067
f 3066 3067 3068
f 3066 3068 3069
f 3066 3069 3070
f 3070 3057 3056
f 3070 3056 3066
f 3060 2779 3071
f 2779 2792 3071
f 3072 2791 2792
f 3072 2792 3071
f 3072 3067 3065
f 3072 3065 3071
f 3065 3055 3071
f 3055 3060 3071
f 2785 3062 3073
f 3074 3073 2785
f 3074 2785 2798
f 2798 2797 3074
f 3073 3074 3075
f 3075 3073 3062
f 3075 3062 3076
f 3062 3063 3076
f 3077 3067 3068
f 3077 3068 3078
f 3078 3077 3079
f 3078 3079 3080
f 3078 3080 3081
f 3078 3081 3082
f 3082 3069 3068
f 3082 3068 3078
f 3072 2791 3083
f 2791 2804 3083
f 3084 2803 2804
f 3084 2804 3083
f 3084 3079 3077
f 3084 3077 3083
f 3077 3067 3083
f 3067 3072 3083
f 2797 3074 3085
f 3085 2797 2810
f 3085 2810 3086
f 2810 2809 3086
f 3085 3086 3087
f 3087 3085 3074
f 3087 3074 3088
f 3074 3075 3088
f 3089 3079 3080
f 3089 3080 3090
f 3090 3089 3091
f 3090 3091 3092
f 3090 3092 3093
f 3090 3093 3094
f 3094 3081 3080
f 3094 3080 3090
f 3084 2803 3095
f 2803 2816 3095
f 3096 2815 2816
f 3096 2816 3095
f 3096 3091 3089
f 3096 3089 3095
f 3089 3079 3095
f 3079 3084 3095
f 2809 3086 3097
f 3097 2809 2822
f 3097 2822 3098
f 2822 2821 3098
f 3097 3098 3099
f 3100 3099 3097
f 3100 3097 3086
f 3086 3087 3100
f 3101 3091 3092
f 3101 3092 3102
f 3102 3101 3103
f 3102 3103 3104
f 3102 3104 3105
f 3102 3105 3106
f 3106 3093 3092
f 3106 3092 3102
f 3096 2815 3107
f 2815 2828 3107
f 3108 2827 2828
f 3108 2828 3107
f 3108 3103 3101
f 3108 3101 3107
f 3101 3091 3107
f 3091 3096 3107
f 2821 3098 3109
f 2821 2829 3109
f 3110 3111 3112
f 3110 3112 3113
f 2833 2829 3110
f 2833 3110 3113
f 2829 3109 3110
f 3109 3098 3110
f 3099 3098 3110
f 3099 3110 3111
f 3112 3113 3114
f 3112 3111 3114
f 3115 3116 3117
f 3115 3117 3118
f 3115 3118 3119
f 3115 3119 3120
f 3115 3120 3121
f 3115 3121 3116
f 3122 3103 3104
f 3122 3104 3123
f 3122 2836 2839
f 3122 2839 3123
f 3124 2838 2839
f 3124 2839 3123
f 3124 3118 3117
f 3124 3117 3123
f 3125 3116 3117
f 3125 3117 3123
f 3125 3105 3104
f 3125 3104 3123
f 3108 2827 3126
f 2827 2840 3126
f 2840 2836 3126
f 2836 3122 3126
f 3122 3103 3126
f 3103 3108 3126
f 2833 3113 3127
f 3127 2833 2846
f 3127 2846 3128
f 2846 2845 3128
f 3127 3128 3129
f 3129 3127 3113
f 3129 3113 3130
f 3113 3114 3130
f 3131 3118 3119
f 3131 3119 3132
f 3132 3131 3133
f 3132 3133 3134
f 3132 3134 3135
f 3132 3135 3136
f 3136 3120 3119
f 3136 3119 3132
f 3124 2838 3137
f 2838 2852 3137
f 3138 2851 2852
f 3138 2852 3137
f 3138 3133 3131
f 3138 3131 3137
f 3131 3118 3137
f 3118 3124 3137
f 2845 3128 3139
f 2845 2853 3139
f 3140 3141 3142
f 3140 3142 3143
f 2857 2853 3140
f 2857 3140 3143
f 2853 3139 3140
f 3139 3128 3140
f 3129 3128 3140
f 3129 3140 3141
f 3142 3143 3144
f 3142 3141 3144
f 3145 3146 3147
f 3145 3147 3148
f 3145 3148 3149
f 3145 3149 3150
f 3145 3150 3151
f 3145 3151 3146
f 3152 3133 3134
f 3152 3134 3153
f 3152 2860 2863
f 3152 2863 3153
f 3154 2862 2863
f 3154 2863 3153
f 3154 3148 3147
f 3154 3147 3153
f 3155 3146 3147
f 3155 3147 3153
f 3155 3135 3134
f 3155 3134 3153
f 3138 2851 3156
f 2851 2864 3156
f 2864 2860 3156
f 2860 3152 3156
f 3152 3133 3156
f 3133 3138 3156
f 2857 3143 3157
f 2857 2865 3157
f 3158 3159 3160
f 3158 3160 3161
f 3161 2869 2865
f 3161 2865 3158
f 2865 3157 3158
f 3157 3143 3158
f 3144 3143 3158
f 3144 3158 3159
f 3160 3161 3162
f 3160 3159 3162
f 3163 3164 3165
f 3163 3165 3166
f 3163 3166 3167
f 3163 3167 3168
f 3163 3168 3169
f 3163 3169 3164
f 3170 3148 3149
f 3170 3149 3171
f 3170 2873 2875
f 3170 2875 3171
f 3172 2874 2875
f 3172 2875 3171
f 3172 3166 3165
f 3172 3165 3171
f 3173 3164 3165
f 3173 3165 3171
f 3173 3150 3149
f 3173 3149 3171
f 3154 2862 3174
f 2862 2876 3174
f 2876 2873 3174
f 2873 3170 3174
f 3170 3148 3174
f 3148 3154 3174
f 2869 3161 3175
f 2869 2877 3175
f 3176 3177 3178
f 3176 3178 3179
f 3179 2881 2877
f 3179 2877 3176
f 2877 3175 3176
f 3175 3161 3176
f 3177 3162 3161
f 3177 3161 3176
f 3178 3179 3180
f 3178 3177 3180
f 3181 3182 3183
f 3181 3183 3184
f 3181 3184 3185
f 3181 3185 3186
f 3181 3186 3187
f 3181 3187 3182
f 3188 3166 3167
f 3188 3167 3189
f 3188 2885 2887
f 3188 2887 3189
f 3190 2886 2887
f 3190 2887 3189
f 3190 3184 3183
f 3190 3183 3189
f 3191 3182 3183
f 3191 3183 3189
f 3191 3168 3167
f 3191 3167 3189
f 3172 2874 3192
f 2874 2888 3192
f 2888 2885 3192
f 2885 3188 3192
f 3188 3166 3192
f 3166 3172 3192
f 2881 3179 3193
f 2881 2889 3193
f 3194 3195 3196
f 3194 3196 3197
f 3197 2893 2889
f 3197 2889 3194
f 2889 3193 3194
f 3193 3179 3194
f 3195 3180 3179
f 3195 3179 3194
f 3198 3199 3200
f 3198 3200 3201
f 3198 3201 3202
f 3202 3197 3196
f 3202 3196 3198
f 3203 3195 3196
f 3203 3196 3198
f 3198 3203 3199
f 3204 3205 3206
f 3204 3206 3207
f 3204 3207 3208
f 3201 3200 3204
f 3201 3204 3208
f 3199 3200 3204
f 3199 3204 3209
f 3204 3209 3205
f 3206 3207 3210
f 3206 3205 3210
f 3211 3212 3213
f 3211 3213 3214
f 3211 3214 3215
f 3211 3215 3216
f 3211 3216 3217
f 3211 3217 3212
f 3218 3219 3220
f 3218 3220 3221
f 3218 3221 3222
f 3222 3214 3213
f 3222 3213 3218
f 3223 3212 3213
f 3223 3213 3218
f 3218 3223 3219
f 3224 3225 3226
f 3224 3226 3227
f 3224 3227 3228
f 3228 3221 3220
f 3228 3220 3224
f 3229 3219 3220
f 3229 3220 3224
f 3224 3229 3225
f 3230 3184 3185
f 3230 3185 3231
f 3230 2905 2907
f 3230 2907 3231
f 3232 2906 2907
f 3232 2907 3231
f 3232 3227 3226
f 3232 3226 3231
f 3233 3225 3226
f 3233 3226 3231
f 3233 3186 3185
f 3233 3185 3231
f 3190 2886 3234
f 2886 2908 3234
f 2908 2905 3234
f 2905 3230 3234
f 3230 3184 3234
f 3184 3190 3234
f 2893 3197 3235
f 2893 2909 3235
f 3201 3202 3236
f 3201 3236 3237
f 2910 2911 3236
f 2910 3236 3237
f 2911 2909 3236
f 2909 3235 3236
f 3235 3197 3236
f 3197 3202 3236
f 3238 3207 3208
f 3238 3208 3239
f 3238 2912 2913
f 3238 2913 3239
f 2913 2910 3239
f 2910 3237 3239
f 3237 3201 3239
f 3201 3208 3239
f 3240 3241 3242
f 3242 2914 2916
f 3242 2916 3240
f 2916 2912 3240
f 2912 3238 3240
f 3238 3207 3240
f 3241 3210 3207
f 3241 3207 3240
f 3243 3244 3245
f 3245 2918 2920
f 3245 2920 3243
f 2920 2914 3243
f 2914 3242 3243
f 3246 3241 3242
f 3246 3242 3243
f 3243 3246 3244
f 3247 3248 3249
f 3249 2922 2924
f 3249 2924 3247
f 2924 2918 3247
f 2918 3245 3247
f 3250 3244 3245
f 3250 3245 3247
f 3247 3250 3248
f 3251 3214 3215
f 3251 3215 3252
f 3251 2925 2927
f 3251 2927 3252
f 2927 2922 3252
f 2922 3249 3252
f 3253 3248 3249
f 3253 3249 3252
f 3253 3216 3215
f 3253 3215 3252
f 3254 3221 3222
f 3254 3222 3255
f 3254 2928 2929
f 3254 2929 3255
f 2929 2925 3255
f 2925 3251 3255
f 3251 3214 3255
f 3214 3222 3255
f 3256 3227 3228
f 3256 3228 3257
f 3256 2930 2931
f 3256 2931 3257
f 2931 2928 3257
f 2928 3254 3257
f 3254 3221 3257
f 3221 3228 3257
f 3232 2906 3258
f 2906 2932 3258
f 2932 2930 3258
f 2930 3256 3258
f 3256 3227 3258
f 3227 3232 3258
f 3259 3260 3261
f 2947 2949 3259
f 2947 3259 3261
f 3262 2948 2949
f 3262 2949 3259
f 3259 3262 3263
f 3259 3263 3264
f 3259 3264 3260
f 3265 3266 3267
f 2950 2951 3265
f 2950 3265 3267
f 2951 2947 3265
f 2947 3261 3265
f 3268 3260 3261
f 3268 3261 3265
f 3265 3268 3266
f 3269 3270 3271
f 2952 2953 3269
f 2952 3269 3271
f 2953 2950 3269
f 2950 3267 3269
f 3272 3266 3267
f 3272 3267 3269
f 3269 3272 3270
f 3273 3274 3275
f 2954 2955 3273
f 2954 3273 3275
f 2955 2952 3273
f 2952 3271 3273
f 3270 3271 3273
f 3270 3273 3276
f 3273 3276 3274
f 3277 3278 3279
f 2956 2957 3277
f 2956 3277 3279
f 2957 2954 3277
f 2954 3275 3277
f 3274 3275 3277
f 3274 3277 3280
f 3277 3280 3278
f 2956 2961 3281
f 3282 3281 2956
f 3282 2956 3279
f 3279 3278 3282
f 3283 3284 3285
f 3285 2969 2971
f 3285 2971 3283
f 3286 2970 2971
f 3286 2971 3283
f 3283 3286 3287
f 3283 3287 3288
f 3283 3288 3284
f 3289 3290 3291
f 3291 2972 2973
f 3291 2973 3289
f 2973 2969 3289
f 2969 3285 3289
f 3292 3284 3285
f 3292 3285 3289
f 3289 3292 3290
f 3262 2948 3293
f 2948 2974 3293
f 2974 2972 3293
f 2972 3291 3293
f 3290 3291 3293
f 3290 3293 3294
f 3263 3262 3293
f 3263 3293 3294
f 3295 3281 2961
f 3295 2961 3296
f 2961 2975 3296
f 3281 3282 3295
f 3297 3298 3299
f 2976 2977 3297
f 2976 3297 3299
f 2977 2975 3297
f 2975 3296 3297
f 3295 3296 3297
f 3295 3297 3300
f 3297 3300 3298
f 2976 2981 3301
f 3302 3301 2976
f 3302 2976 3299
f 3299 3298 3302
f 2989 2987 3303
f 2989 2988 3303
f 3304 3305 3306
f 3306 2990 2991
f 3306 2991 3304
f 2991 2987 3304
f 3307 3303 2987
f 3307 2987 3304
f 3304 3307 3308
f 3304 3308 3305
f 3286 2970 3309
f 2970 2992 3309
f 2992 2990 3309
f 2990 3306 3309
f 3305 3306 3309
f 3305 3309 3310
f 3287 3286 3309
f 3287 3309 3310
f 3311 3301 2981
f 3311 2981 3312
f 2981 2993 3312
f 3301 3302 3311
f 2995 2994 3313
f 3314 3313 2995
f 3314 2995 2993
f 3315 3314 2993
f 3315 2993 3312
f 3312 3311 3315
f 2994 2999 3316
f 2994 3313 3316
f 3317 3303 2988
f 3317 2988 3318
f 2988 3004 3318
f 3319 3003 3004
f 3319 3004 3318
f 3318 3319 3320
f 3318 3320 3321
f 3318 3321 3317
f 3303 3317 3322
f 3303 3307 3322
f 3314 3313 3323
f 3314 3315 3323
f 3316 2999 3324
f 2999 3010 3324
f 3009 3010 3324
f 3009 3324 3325
f 3324 3325 3326
f 3323 3313 3324
f 3323 3324 3326
f 3313 3316 3324
f 3327 3328 3329
f 3329 3015 3017
f 3329 3017 3327
f 3330 3016 3017
f 3330 3017 3327
f 3327 3330 3331
f 3327 3331 3332
f 3327 3332 3328
f 3319 3003 3333
f 3003 3018 3333
f 3018 3015 3333
f 3015 3329 3333
f 3328 3329 3333
f 3328 3333 3334
f 3320 3319 3333
f 3320 3333 3334
f 3335 3325 3009
f 3335 3009 3336
f 3009 3019 3336
f 3325 3326 3335
f 3019 3023 3337
f 3337 3019 3336
f 3337 3336 3338
f 3336 3335 3338
f 3330 3016 3339
f 3016 3028 3339
f 3340 3027 3028
f 3340 3028 3339
f 3339 3340 3341
f 3339 3341 3342
f 3342 3331 3330
f 3342 3330 3339
f 3337 3023 3343
f 3023 3034 3343
f 3344 3033 3034
f 3344 3034 3343
f 3343 3344 3345
f 3343 3345 3346
f 3338 3337 3343
f 3338 3343 3346
f 3347 3348 3349
f 3349 3038 3041
f 3349 3041 3347
f 3040 3041 3347
f 3040 3347 3350
f 3347 3350 3351
f 3347 3351 3352
f 3347 3352 3348
f 3340 3027 3353
f 3027 3042 3353
f 3042 3038 3353
f 3038 3349 3353
f 3348 3349 3353
f 3348 3353 3354
f 3341 3340 3353
f 3341 3353 3354
f 3355 3344 3033
f 3355 3033 3356
f 3033 3043 3356
f 3344 3345 3355
f 3043 3047 3357
f 3357 3043 3356
f 3357 3356 3358
f 3356 3355 3358
f 3350 3040 3359
f 3040 3052 3359
f 3051 3052 3359
f 3051 3359 3360
f 3359 3360 3361
f 3359 3361 3362
f 3362 3351 3350
f 3362 3350 3359
f 3357 3047 3363
f 3047 3058 3363
f 3057 3058 3363
f 3057 3363 3364
f 3363 3364 3365
f 3363 3365 3366
f 3366 3358 3357
f 3366 3357 3363
f 3360 3051 3367
f 3051 3064 3367
f 3063 3064 3367
f 3063 3367 3368
f 3367 3368 3369
f 3367 3369 3370
f 3370 3361 3360
f 3370 3360 3367
f 3364 3057 3371
f 3057 3070 3371
f 3069 3070 3371
f 3069 3371 3372
f 3371 3372 3373
f 3371 3373 3374
f 3374 3365 3364
f 3374 3364 3371
f 3368 3063 3375
f 3063 3076 3375
f 3075 3076 3375
f 3075 3375 3376
f 3375 3376 3377
f 3375 3377 3378
f 3369 3368 3375
f 3369 3375 3378
f 3372 3069 3379
f 3069 3082 3379
f 3380 3081 3082
f 3380 3082 3379
f 3379 3380 3381
f 3379 3381 3382
f 3382 3373 3372
f 3382 3372 3379
f 3376 3075 3383
f 3075 3088 3383
f 3087 3088 3383
f 3087 3383 3384
f 3383 3384 3385
f 3383 3385 3386
f 3377 3376 3383
f 3377 3383 3386
f 3380 3081 3387
f 3081 3094 3387
f 3388 3093 3094
f 3388 3094 3387
f 3387 3388 3389
f 3387 3389 3390
f 3390 3381 3380
f 3390 3380 3387
f 3384 3087 3391
f 3087 3100 3391
f 3099 3100 3391
f 3099 3391 3392
f 3391 3392 3393
f 3391 3393 3394
f 3385 3384 3391
f 3385 3391 3394
f 3388 3093 3395
f 3093 3106 3395
f 3396 3105 3106
f 3396 3106 3395
f 3395 3396 3397
f 3395 3397 3398
f 3398 3389 3388
f 3398 3388 3395
f 3399 3400 3392
f 3399 3392 3099
f 3099 3111 3399
f 3392 3393 3400
f 3111 3114 3401
f 3401 3111 3399
f 3401 3399 3402
f 3399 3400 3402
f 3403 3404 3405
f 3405 3116 3121
f 3405 3121 3403
f 3406 3120 3121
f 3406 3121 3403
f 3403 3406 3407
f 3403 3407 3408
f 3403 3408 3404
f 3396 3105 3409
f 3105 3125 3409
f 3125 3116 3409
f 3116 3405 3409
f 3410 3404 3405
f 3410 3405 3409
f 3410 3397 3396
f 3410 3396 3409
f 3401 3114 3411
f 3114 3130 3411
f 3129 3130 3411
f 3129 3411 3412
f 3411 3412 3413
f 3411 3413 3414
f 3402 3401 3411
f 3402 3411 3414
f 3406 3120 3415
f 3120 3136 3415
f 3416 3135 3136
f 3416 3136 3415
f 3415 3416 3417
f 3415 3417 3418
f 3418 3407 3406
f 3418 3406 3415
f 3419 3420 3412
f 3419 3412 3129
f 3129 3141 3419
f 3412 3413 3420
f 3141 3144 3421
f 3421 3141 3419
f 3421 3419 3422
f 3419 3420 3422
f 3423 3424 3425
f 3425 3146 3151
f 3425 3151 3423
f 3426 3150 3151
f 3426 3151 3423
f 3423 3426 3427
f 3423 3427 3428
f 3423 3428 3424
f 3416 3135 3429
f 3135 3155 3429
f 3155 3146 3429
f 3146 3425 3429
f 3430 3424 3425
f 3430 3425 3429
f 3430 3417 3416
f 3430 3416 3429
f 3431 3432 3421
f 3431 3421 3144
f 3144 3159 3431
f 3421 3422 3432
f 3159 3162 3433
f 3434 3433 3159
f 3434 3159 3431
f 3431 3432 3434
f 3435 3436 3437
f 3437 3164 3169
f 3437 3169 3435
f 3438 3168 3169
f 3438 3169 3435
f 3435 3438 3439
f 3435 3439 3440
f 3435 3440 3436
f 3426 3150 3441
f 3150 3173 3441
f 3173 3164 3441
f 3164 3437 3441
f 3442 3436 3437
f 3442 3437 3441
f 3442 3427 3426
f 3442 3426 3441
f 3443 3433 3162
f 3443 3162 3444
f 3162 3177 3444
f 3433 3434 3443
f 3445 3446 3447
f 3445 3447 3448
f 3180 3177 3445
f 3180 3445 3448
f 3177 3444 3445
f 3443 3444 3445
f 3443 3445 3449
f 3445 3449 3446
f 3447 3448 3450
f 3447 3446 3450
f 3451 3452 3453
f 3451 3453 3454
f 3451 3454 3455
f 3451 3455 3456
f 3451 3456 3457
f 3451 3457 3452
f 3458 3459 3460
f 3460 3182 3187
f 3460 3187 3458
f 3461 3186 3187
f 3461 3187 3458
f 3461 3454 3453
f 3461 3453 3458
f 3462 3452 3453
f 3462 3453 3458
f 3458 3462 3459
f 3438 3168 3463
f 3168 3191 3463
f 3191 3182 3463
f 3182 3460 3463
f 3464 3459 3460
f 3464 3460 3463
f 3464 3439 3438
f 3464 3438 3463
f 3180 3448 3465
f 3180 3195 3465
f 3466 3467 3468
f 3199 3203 3466
f 3199 3466 3468
f 3203 3195 3466
f 3195 3465 3466
f 3465 3448 3466
f 3467 3450 3448
f 3467 3448 3466
f 3469 3470 3471
f 3471 3205 3209
f 3471 3209 3469
f 3209 3199 3469
f 3199 3468 3469
f 3467 3468 3469
f 3467 3469 3472
f 3469 3472 3470
f 3473 3474 3475
f 3473 3475 3476
f 3476 3210 3205
f 3476 3205 3473
f 3205 3471 3473
f 3470 3471 3473
f 3470 3473 3477
f 3473 3477 3474
f 3475 3476 3478
f 3475 3474 3478
f 3479 3480 3481
f 3479 3481 3482
f 3479 3482 3483
f 3479 3483 3484
f 3479 3484 3485
f 3479 3485 3480
f 3486 3487 3488
f 3488 3212 3217
f 3488 3217 3486
f 3489 3216 3217
f 3489 3217 3486
f 3489 3482 3481
f 3489 3481 3486
f 3490 3480 3481
f 3490 3481 3486
f 3486 3490 3487
f 3491 3492 3493
f 3493 3219 3223
f 3493 3223 3491
f 3223 3212 3491
f 3212 3488 3491
f 3494 3487 3488
f 3494 3488 3491
f 3491 3494 3492
f 3495 3454 3455
f 3495 3455 3496
f 3495 3225 3229
f 3495 3229 3496
f 3229 3219 3496
f 3219 3493 3496
f 3497 3492 3493
f 3497 3493 3496
f 3497 3456 3455
f 3497 3455 3496
f 3461 3186 3498
f 3186 3233 3498
f 3233 3225 3498
f 3225 3495 3498
f 3495 3454 3498
f 3454 3461 3498
f 3210 3476 3499
f 3210 3241 3499
f 3500 3501 3502
f 3244 3246 3500
f 3244 3500 3502
f 3246 3241 3500
f 3241 3499 3500
f 3499 3476 3500
f 3501 3478 3476
f 3501 3476 3500
f 3503 3482 3483
f 3503 3483 3504
f 3503 3248 3250
f 3503 3250 3504
f 3250 3244 3504
f 3244 3502 3504
f 3505 3501 3502
f 3505 3502 3504
f 3505 3484 3483
f 3505 3483 3504
f 3489 3216 3506
f 3216 3253 3506
f 3253 3248 3506
f 3248 3503 3506
f 3503 3482 3506
f 3482 3489 3506
f 3507 3508 3509
f 3507 3509 3510
f 3507 3510 3511
f 3507 3511 3512
f 3507 3512 3513
f 3507 3513 3508
f 3514 3515 3516
f 3516 3260 3264
f 3516 3264 3514
f 3517 3263 3264
f 3517 3264 3514
f 3517 3510 3509
f 3517 3509 3514
f 3518 3508 3509
f 3518 3509 3514
f 3514 3518 3515
f 3519 3520 3521
f 3521 3266 3268
f 3521 3268 3519
f 3268 3260 3519
f 3260 3516 3519
f 3522 3515 3516
f 3522 3516 3519
f 3519 3522 3520
f 3523 3524 3525
f 3525 3270 3272
f 3525 3272 3523
f 3272 3266 3523
f 3266 3521 3523
f 3526 3520 3521
f 3526 3521 3523
f 3523 3526 3524
f 3527 3528 3529
f 3529 3274 3276
f 3529 3276 3527
f 3276 3270 3527
f 3270 3525 3527
f 3530 3524 3525
f 3530 3525 3527
f 3527 3530 3528
f 3531 3532 3533
f 3533 3278 3280
f 3533 3280 3531
f 3280 3274 3531
f 3274 3529 3531
f 3534 3528 3529
f 3534 3529 3531
f 3531 3534 3532
f 3535 3536 3537
f 3535 3537 3538
f 3538 3282 3278
f 3538 3278 3535
f 3278 3533 3535
f 3532 3533 3535
f 3532 3535 3539
f 3535 3539 3536
f 3537 3538 3540
f 3537 3536 3540
f 3541 3542 3543
f 3541 3543 3544
f 3541 3544 3545
f 3541 3545 3546
f 3541 3546 3547
f 3541 3547 3542
f 3548 3549 3550
f 3550 3284 3288
f 3550 3288 3548
f 3551 3287 3288
f 3551 3288 3548
f 3551 3544 3543
f 3551 3543 3548
f 3552 3542 3543
f 3552 3543 3548
f 3548 3552 3549
f 3553 3510 3511
f 3553 3511 3554
f 3553 3290 3292
f 3553 3292 3554
f 3292 3284 3554
f 3284 3550 3554
f 3555 3549 3550
f 3555 3550 3554
f 3555 3512 3511
f 3555 3511 3554
f 3517 3263 3556
f 3263 3294 3556
f 3294 3290 3556
f 3290 3553 3556
f 3553 3510 3556
f 3510 3517 3556
f 3282 3538 3557
f 3282 3295 3557
f 3558 3559 3560
f 3298 3300 3558
f 3298 3558 3560
f 3300 3295 3558
f 3295 3557 3558
f 3557 3538 3558
f 3540 3538 3558
f 3540 3558 3559
f 3561 3562 3563
f 3561 3563 3564
f 3302 3298 3561
f 3302 3561 3564
f 3298 3560 3561
f 3559 3560 3561
f 3559 3561 3565
f 3561 3565 3562
f 3563 3564 3566
f 3563 3562 3566
f 3567 3568 3569
f 3567 3569 3570
f 3567 3570 3571
f 3567 3571 3572
f 3567 3572 3573
f 3567 3573 3568
f 3574 3544 3545
f 3574 3545 3575
f 3574 3305 3308
f 3574 3308 3575
f 3576 3307 3308
f 3576 3308 3575
f 3576 3570 3569
f 3576 3569 3575
f 3577 3568 3569
f 3577 3569 3575
f 3577 3546 3545
f 3577 3545 3575
f 3551 3287 3578
f 3287 3310 3578
f 3310 3305 3578
f 3305 3574 3578
f 3574 3544 3578
f 3544 3551 3578
f 3302 3564 3579
f 3302 3311 3579
f 3580 3581 3582
f 3580 3582 3583
f 3583 3315 3311
f 3583 3311 3580
f 3311 3579 3580
f 3579 3564 3580
f 3566 3564 3580
f 3566 3580 3581
f 3582 3583 3584
f 3582 3581 3584
f 3585 3586 3587
f 3585 3587 3588
f 3585 3588 3589
f 3585 3589 3590
f 3585 3590 3591
f 3585 3591 3586
f 3592 3570 3571
f 3592 3571 3593
f 3592 3317 3321
f 3592 3321 3593
f 3594 3320 3321
f 3594 3321 3593
f 3594 3588 3587
f 3594 3587 3593
f 3595 3586 3587
f 3595 3587 3593
f 3595 3572 3571
f 3595 3571 3593
f 3576 3307 3596
f 3307 3322 3596
f 3322 3317 3596
f 3317 3592 3596
f 3592 3570 3596
f 3570 3576 3596
f 3315 3583 3597
f 3315 3323 3597
f 3598 3599 3600
f 3598 3600 3601
f 3326 3323 3598
f 3326 3598 3601
f 3323 3597 3598
f 3597 3583 3598
f 3584 3583 3598
f 3584 3598 3599
f 3600 3601 3602
f 3600 3599 3602
f 3603 3588 3589
f 3603 3589 3604
f 3603 3328 3332
f 3603 3332 3604
f 3605 3331 3332
f 3605 3332 3604
f 3604 3605 3606
f 3604 3606 3607
f 3607 3590 3589
f 3607 3589 3604
f 3594 3320 3608
f 3320 3334 3608
f 3334 3328 3608
f 3328 3603 3608
f 3603 3588 3608
f 3588 3594 3608
f 3326 3601 3609
f 3326 3335 3609
f 3335 3338 3610
f 3611 3610 3335
f 3611 3335 3609
f 3611 3609 3601
f 3611 3601 3612
f 3601 3602 3612
f 3613 3614 3615
f 3613 3615 3616
f 3613 3616 3617
f 3613 3617 3618
f 3613 3618 3619
f 3613 3619 3614
f 3605 3331 3620
f 3331 3342 3620
f 3621 3341 3342
f 3621 3342 3620
f 3621 3616 3615
f 3621 3615 3620
f 3622 3614 3615
f 3622 3615 3620
f 3622 3606 3605
f 3622 3605 3620
f 3623 3624 3610
f 3623 3610 3338
f 3623 3338 3346
f 3623 3346 3625
f 3346 3345 3625
f 3610 3611 3624
f 3623 3625 3626
f 3623 3624 3626
f 3627 3616 3617
f 3627 3617 3628
f 3627 3348 3352
f 3627 3352 3628
f 3629 3351 3352
f 3629 3352 3628
f 3628 3629 3630
f 3628 3630 3631
f 3631 3618 3617
f 3631 3617 3628
f 3621 3341 3632
f 3341 3354 3632
f 3354 3348 3632
f 3348 3627 3632
f 3627 3616 3632
f 3616 3621 3632
f 3345 3625 3633
f 3345 3355 3633
f 3355 3358 3634
f 3634 3355 3633
f 3634 3633 3635
f 3635 3633 3625
f 3635 3625 3636
f 3625 3626 3636
f 3629 3351 3637
f 3351 3362 3637
f 3638 3361 3362
f 3638 3362 3637
f 3637 3638 3639
f 3637 3639 3640
f 3640 3630 3629
f 3640 3629 3637
f 3634 3358 3641
f 3358 3366 3641
f 3365 3366 3641
f 3365 3641 3642
f 3641 3642 3643
f 3641 3643 3644
f 3635 3634 3641
f 3635 3641 3644
f 3638 3361 3645
f 3361 3370 3645
f 3646 3369 3370
f 3646 3370 3645
f 3645 3646 3647
f 3645 3647 3648
f 3648 3639 3638
f 3648 3638 3645
f 3642 3365 3649
f 3365 3374 3649
f 3373 3374 3649
f 3373 3649 3650
f 3649 3650 3651
f 3649 3651 3652
f 3643 3642 3649
f 3643 3649 3652
f 3646 3369 3653
f 3369 3378 3653
f 3654 3377 3378
f 3654 3378 3653
f 3653 3654 3655
f 3653 3655 3656
f 3656 3647 3646
f 3656 3646 3653
f 3650 3373 3657
f 3373 3382 3657
f 3381 3382 3657
f 3381 3657 3658
f 3657 3658 3659
f 3657 3659 3660
f 3651 3650 3657
f 3651 3657 3660
f 3654 3377 3661
f 3377 3386 3661
f 3662 3385 3386
f 3662 3386 3661
f 3661 3662 3663
f 3661 3663 3664
f 3664 3655 3654
f 3664 3654 3661
f 3658 3381 3665
f 3381 3390 3665
f 3389 3390 3665
f 3389 3665 3666
f 3665 3666 3667
f 3665 3667 3668
f 3668 3659 3658
f 3668 3658 3665
f 3662 3385 3669
f 3385 3394 3669
f 3670 3393 3394
f 3670 3394 3669
f 3669 3670 3671
f 3669 3671 3672
f 3672 3663 3662
f 3672 3662 3669
f 3666 3389 3673
f 3389 3398 3673
f 3674 3397 3398
f 3674 3398 3673
f 3673 3674 3675
f 3673 3675 3676
f 3667 3666 3673
f 3667 3673 3676
f 3670 3393 3677
f 3400 3393 3677
f 3400 3677 3678
f 3677 3678 3679
f 3677 3679 3680
f 3677 3680 3681
f 3671 3670 3677
f 3671 3677 3681
f 3400 3402 3682
f 3400 3678 3682
f 3408 3404 3683
f 3408 3407 3683
f 3674 3397 3684
f 3397 3410 3684
f 3410 3404 3684
f 3685 3683 3404
f 3685 3404 3684
f 3684 3685 3686
f 3675 3674 3684
f 3675 3684 3686
f 3679 3678 3687
f 3679 3680 3687
f 3682 3402 3688
f 3402 3414 3688
f 3689 3413 3414
f 3689 3414 3688
f 3688 3689 3690
f 3690 3687 3678
f 3690 3678 3688
f 3678 3682 3688
f 3691 3683 3407
f 3691 3407 3692
f 3407 3418 3692
f 3693 3417 3418
f 3693 3418 3692
f 3692 3693 3694
f 3692 3694 3695
f 3692 3695 3691
f 3683 3691 3696
f 3683 3685 3696
f 3697 3698 3689
f 3697 3689 3413
f 3413 3420 3697
f 3689 3690 3698
f 3420 3422 3699
f 3699 3420 3697
f 3699 3697 3700
f 3697 3698 3700
f 3701 3702 3703
f 3703 3424 3428
f 3703 3428 3701
f 3427 3428 3701
f 3427 3701 3704
f 3701 3704 3705
f 3701 3705 3706
f 3701 3706 3702
f 3693 3417 3707
f 3417 3430 3707
f 3430 3424 3707
f 3424 3703 3707
f 3708 3702 3703
f 3708 3703 3707
f 3694 3693 3707
f 3694 3707 3708
f 3709 3710 3699
f 3709 3699 3422
f 3422 3432 3709
f 3699 3700 3710
f 3432 3434 3711
f 3711 3432 3709
f 3711 3709 3712
f 3709 3710 3712
f 3713 3714 3715
f 3436 3440 3713
f 3436 3713 3715
f 3439 3440 3713
f 3439 3713 3716
f 3713 3716 3717
f 3713 3717 3718
f 3713 3718 3714
f 3704 3427 3719
f 3427 3442 3719
f 3442 3436 3719
f 3436 3715 3719
f 3720 3714 3715
f 3720 3715 3719
f 3720 3705 3704
f 3720 3704 3719
f 3721 3722 3711
f 3721 3711 3434
f 3434 3443 3721
f 3711 3712 3722
f 3449 3446 3723
f 3724 3723 3449
f 3724 3449 3443
f 3724 3443 3721
f 3724 3721 3725
f 3721 3722 3725
f 3446 3450 3726
f 3446 3723 3726
f 3457 3452 3727
f 3457 3456 3727
f 3728 3729 3730
f 3459 3462 3728
f 3459 3728 3730
f 3462 3452 3728
f 3731 3727 3452
f 3731 3452 3728
f 3728 3731 3732
f 3728 3732 3729
f 3716 3439 3733
f 3439 3464 3733
f 3464 3459 3733
f 3459 3730 3733
f 3734 3729 3730
f 3734 3730 3733
f 3734 3717 3716
f 3734 3716 3733
f 3724 3723 3735
f 3724 3725 3735
f 3736 3726 3450
f 3736 3450 3737
f 3450 3467 3737
f 3723 3735 3738
f 3738 3723 3726
f 3738 3726 3736
f 3472 3470 3739
f 3740 3739 3472
f 3740 3472 3467
f 3741 3740 3467
f 3741 3467 3737
f 3737 3736 3741
f 3477 3474 3742
f 3743 3742 3477
f 3743 3477 3470
f 3470 3739 3743
f 3474 3478 3744
f 3474 3742 3744
f 3485 3480 3745
f 3485 3484 3745
f 3490 3487 3746
f 3746 3490 3480
f 3746 3480 3747
f 3480 3745 3747
f 3748 3749 3750
f 3492 3494 3748
f 3492 3748 3750
f 3494 3487 3748
f 3751 3746 3487
f 3751 3487 3748
f 3748 3751 3752
f 3748 3752 3749
f 3753 3727 3456
f 3753 3456 3754
f 3456 3497 3754
f 3497 3492 3754
f 3492 3750 3754
f 3755 3749 3750
f 3755 3750 3754
f 3754 3755 3753
f 3727 3753 3756
f 3727 3731 3756
f 3740 3739 3757
f 3740 3741 3757
f 3743 3742 3758
f 3739 3757 3759
f 3758 3759 3739
f 3758 3739 3743
f 3760 3744 3478
f 3760 3478 3761
f 3478 3501 3761
f 3742 3758 3762
f 3762 3742 3744
f 3762 3744 3760
f 3745 3484 3763
f 3745 3763 3764
f 3484 3505 3763
f 3505 3501 3763
f 3501 3761 3763
f 3760 3761 3763
f 3760 3763 3765
f 3763 3765 3764
f 3747 3746 3766
f 3745 3764 3767
f 3767 3745 3747
f 3767 3747 3766
f 3746 3766 3768
f 3746 3751 3768
f 3513 3508 3769
f 3513 3512 3769
f 3518 3515 3770
f 3770 3518 3508
f 3770 3508 3771
f 3508 3769 3771
f 3522 3520 3772
f 3772 3522 3515
f 3772 3515 3773
f 3515 3770 3773
f 3526 3524 3774
f 3774 3526 3520
f 3774 3520 3775
f 3520 3772 3775
f 3530 3528 3776
f 3776 3530 3524
f 3776 3524 3777
f 3524 3774 3777
f 3534 3532 3778
f 3778 3534 3528
f 3778 3528 3779
f 3528 3776 3779
f 3539 3536 3780
f 3781 3780 3539
f 3781 3539 3532
f 3532 3778 3781
f 3536 3540 3782
f 3536 3780 3782
f 3547 3542 3783
f 3547 3546 3783
f 3552 3549 3784
f 3784 3552 3542
f 3784 3542 3785
f 3542 3783 3785
f 3512 3769 3786
f 3787 3786 3512
f 3787 3512 3555
f 3787 3555 3549
f 3787 3549 3788
f 3549 3784 3788
f 3771 3770 3789
f 3786 3787 3790
f 3791 3790 3786
f 3791 3786 3769
f 3789 3791 3769
f 3789 3769 3771
f 3773 3772 3792
f 3770 3789 3793
f 3792 3793 3770
f 3792 3770 3773
f 3775 3774 3794
f 3772 3792 3795
f 3794 3795 3772
f 3794 3772 3775
f 3777 3776 3796
f 3774 3794 3797
f 3796 3797 3774
f 3796 3774 3777
f 3779 3778 3798
f 3776 3796 3799
f 3798 3799 3776
f 3798 3776 3779
f 3800 3780 3781
f 3800 3781 3801
f 3801 3800 3802
f 3801 3802 3803
f 3801 3803 3804
f 3804 3798 3778
f 3804 3778 3801
f 3778 3781 3801
f 3782 3540 3805
f 3806 3559 3540
f 3806 3540 3805
f 3805 3806 3807
f 3802 3800 3805
f 3802 3805 3807
f 3800 3780 3805
f 3780 3782 3805
f 3565 3562 3808
f 3808 3565 3559
f 3808 3559 3809
f 3559 3806 3809
f 3562 3566 3810
f 3562 3808 3810
f 3573 3568 3811
f 3573 3572 3811
f 3546 3783 3812
f 3813 3812 3546
f 3813 3546 3577
f 3813 3577 3568
f 3813 3568 3814
f 3568 3811 3814
f 3785 3784 3815
f 3812 3813 3816
f 3817 3816 3812
f 3817 3812 3783
f 3815 3817 3783
f 3815 3783 3785
f 3788 3787 3818
f 3784 3815 3819
f 3819 3784 3788
f 3819 3788 3818
f 3787 3818 3820
f 3787 3790 3820
f 3803 3802 3821
f 3803 3804 3821
f 3807 3806 3822
f 3802 3821 3823
f 3822 3823 3802
f 3822 3802 3807
f 3824 3808 3809
f 3824 3809 3825
f 3825 3824 3826
f 3825 3826 3827
f 3825 3827 3828
f 3828 3822 3806
f 3828 3806 3825
f 3806 3809 3825
f 3810 3566 3829
f 3581 3566 3829
f 3581 3829 3830
f 3829 3830 3831
f 3826 3824 3829
f 3826 3829 3831
f 3824 3808 3829
f 3808 3810 3829
f 3581 3584 3832
f 3581 3830 3832
f 3591 3586 3833
f 3591 3590 3833
f 3572 3811 3834
f 3835 3834 3572
f 3835 3572 3595
f 3835 3595 3586
f 3835 3586 3836
f 3586 3833 3836
f 3814 3813 3837
f 3834 3835 3838
f 3839 3838 3834
f 3839 3834 3811
f 3839 3811 3814
f 3839 3814 3837
f 3813 3837 3840
f 3813 3816 3840
f 3827 3826 3841
f 3827 3828 3841
f 3842 3830 3831
f 3842 3831 3843
f 3843 3842 3844
f 3843 3844 3845
f 3843 3845 3846
f 3846 3841 3826
f 3846 3826 3843
f 3826 3831 3843
f 3832 3584 3847
f 3848 3599 3584
f 3848 3584 3847
f 3847 3848 3849
f 3844 3842 3847
f 3844 3847 3849
f 3842 3830 3847
f 3830 3832 3847
f 3599 3602 3850
f 3599 3848 3850
f 3590 3833 3851
f 3852 3851 3590
f 3852 3590 3607
f 3607 3606 3852
f 3836 3835 3853
f 3851 3852 3854
f 3855 3854 3851
f 3855 3851 3833
f 3853 3855 3833
f 3853 3833 3836
f 3835 3853 3856
f 3835 3838 3856
f 3845 3844 3857
f 3845 3846 3857
f 3858 3848 3849
f 3858 3849 3859
f 3859 3858 3860
f 3859 3860 3861
f 3859 3861 3862
f 3862 3857 3844
f 3862 3844 3859
f 3844 3849 3859
f 3850 3602 3863
f 3602 3612 3863
f 3611 3612 3863
f 3611 3863 3864
f 3860 3858 3863
f 3860 3863 3864
f 3858 3848 3863
f 3848 3850 3863
f 3619 3614 3865
f 3619 3618 3865
f 3606 3852 3866
f 3866 3606 3622
f 3866 3622 3867
f 3867 3622 3614
f 3867 3614 3868
f 3614 3865 3868
f 3866 3867 3869
f 3870 3869 3866
f 3870 3866 3852
f 3852 3854 3870
f 3860 3861 3871
f 3860 3871 3872
f 3871 3872 3873
f 3871 3873 3874
f 3871 3874 3875
f 3871 3875 3876
f 3876 3862 3861
f 3876 3861 3871
f 3864 3611 3877
f 3878 3624 3611
f 3878 3611 3877
f 3877 3878 3879
f 3879 3873 3872
f 3879 3872 3877
f 3872 3860 3877
f 3860 3864 3877
f 3624 3626 3880
f 3624 3878 3880
f 3618 3865 3881
f 3882 3881 3618
f 3882 3618 3631
f 3631 3630 3882
f 3868 3867 3883
f 3881 3882 3884
f 3885 3884 3881
f 3885 3881 3865
f 3883 3885 3865
f 3883 3865 3868
f 3867 3883 3886
f 3867 3869 3886
f 3874 3873 3887
f 3874 3875 3887
f 3888 3878 3879
f 3888 3879 3889
f 3889 3888 3890
f 3889 3890 3891
f 3889 3891 3892
f 3892 3887 3873
f 3892 3873 3889
f 3873 3879 3889
f 3880 3626 3893
f 3626 3636 3893
f 3635 3636 3893
f 3635 3893 3894
f 3890 3888 3893
f 3890 3893 3894
f 3888 3878 3893
f 3878 3880 3893
f 3630 3882 3895
f 3895 3630 3640
f 3895 3640 3896
f 3640 3639 3896
f 3895 3896 3897
f 3898 3897 3895
f 3898 3895 3882
f 3882 3884 3898
f 3899 3890 3891
f 3899 3891 3900
f 3900 3899 3901
f 3900 3901 3902
f 3900 3902 3903
f 3900 3903 3904
f 3904 3892 3891
f 3904 3891 3900
f 3894 3635 3905
f 3635 3644 3905
f 3906 3643 3644
f 3906 3644 3905
f 3901 3899 3905
f 3901 3905 3906
f 3899 3890 3905
f 3890 3894 3905
f 3639 3896 3907
f 3907 3639 3648
f 3907 3648 3908
f 3648 3647 3908
f 3907 3908 3909
f 3910 3909 3907
f 3910 3907 3896
f 3896 3897 3910
f 3911 3901 3902
f 3911 3902 3912
f 3912 3911 3913
f 3912 3913 3914
f 3912 3914 3915
f 3912 3915 3916
f 3916 3903 3902
f 3916 3902 3912
f 3906 3643 3917
f 3643 3652 3917
f 3918 3651 3652
f 3918 3652 3917
f 3918 3913 3911
f 3918 3911 3917
f 3911 3901 3917
f 3901 3906 3917
f 3647 3908 3919
f 3919 3647 3656
f 3919 3656 3920
f 3656 3655 3920
f 3919 3920 3921
f 3922 3921 3919
f 3922 3919 3908
f 3908 3909 3922
f 3923 3913 3914
f 3923 3914 3924
f 3924 3923 3925
f 3924 3925 3926
f 3924 3926 3927
f 3924 3927 3928
f 3928 3915 3914
f 3928 3914 3924
f 3918 3651 3929
f 3651 3660 3929
f 3930 3659 3660
f 3930 3660 3929
f 3930 3925 3923
f 3930 3923 3929
f 3923 3913 3929
f 3913 3918 3929
f 3655 3920 3931
f 3931 3655 3664
f 3931 3664 3932
f 3664 3663 3932
f 3931 3932 3933
f 3934 3933 3931
f 3934 3931 3920
f 3920 3921 3934
f 3935 3925 3926
f 3935 3926 3936
f 3936 3935 3937
f 3936 3937 3938
f 3936 3938 3939
f 3936 3939 3940
f 3940 3927 3926
f 3940 3926 3936
f 3930 3659 3941
f 3659 3668 3941
f 3942 3667 3668
f 3942 3668 3941
f 3942 3937 3935
f 3942 3935 3941
f 3935 3925 3941
f 3925 3930 3941
f 3663 3932 3943
f 3943 3663 3672
f 3943 3672 3944
f 3672 3671 3944
f 3945 3946 3947
f 3945 3947 3948
f 3945 3948 3949
f 3944 3943 3945
f 3944 3945 3949
f 3943 3932 3945
f 3946 3933 3932
f 3946 3932 3945
f 3947 3948 3950
f 3947 3946 3950
f 3951 3952 3953
f 3951 3953 3954
f 3951 3954 3955
f 3951 3955 3956
f 3951 3956 3957
f 3951 3957 3952
f 3958 3937 3938
f 3958 3938 3959
f 3959 3958 3960
f 3959 3960 3961
f 3961 3954 3953
f 3961 3953 3959
f 3962 3952 3953
f 3962 3953 3959
f 3962 3939 3938
f 3962 3938 3959
f 3942 3667 3963
f 3667 3676 3963
f 3964 3675 3676
f 3964 3676 3963
f 3964 3960 3958
f 3964 3958 3963
f 3958 3937 3963
f 3937 3942 3963
f 3671 3944 3965
f 3965 3671 3681
f 3965 3681 3966
f 3681 3680 3966
f 3967 3948 3949
f 3967 3949 3968
f 3968 3967 3969
f 3968 3969 3970
f 3970 3966 3965
f 3970 3965 3968
f 3965 3944 3968
f 3944 3949 3968
f 3967 3969 3971
f 3972 3971 3967
f 3972 3967 3948
f 3948 3950 3972
f 3973 3954 3955
f 3973 3955 3974
f 3974 3973 3975
f 3974 3975 3976
f 3974 3976 3977
f 3974 3977 3978
f 3978 3956 3955
f 3978 3955 3974
f 3979 3960 3961
f 3979 3961 3980
f 3980 3979 3981
f 3980 3981 3982
f 3982 3975 3973
f 3982 3973 3980
f 3973 3954 3980
f 3954 3961 3980
f 3964 3675 3983
f 3675 3686 3983
f 3984 3685 3686
f 3984 3686 3983
f 3984 3981 3979
f 3984 3979 3983
f 3979 3960 3983
f 3960 3964 3983
f 3680 3966 3985
f 3680 3687 3985
f 3969 3970 3986
f 3969 3986 3987
f 3986 3987 3988
f 3690 3687 3986
f 3690 3986 3988
f 3687 3985 3986
f 3985 3966 3986
f 3966 3970 3986
f 3989 3990 3991
f 3989 3991 3992
f 3989 3992 3993
f 3988 3987 3989
f 3988 3989 3993
f 3987 3969 3989
f 3990 3971 3969
f 3990 3969 3989
f 3991 3992 3994
f 3991 3990 3994
f 3995 3996 3997
f 3995 3997 3998
f 3995 3998 3999
f 3995 3999 4000
f 3995 4000 4001
f 3995 4001 3996
f 4002 3975 3976
f 4002 3976 4003
f 4003 4002 4004
f 4003 4004 4005
f 4005 3998 3997
f 4005 3997 4003
f 4006 3996 3997
f 4006 3997 4003
f 4006 3977 3976
f 4006 3976 4003
f 4007 3981 3982
f 4007 3982 4008
f 4007 3691 3695
f 4007 3695 4008
f 4009 3694 3695
f 4009 3695 4008
f 4009 4004 4002
f 4009 4002 4008
f 4002 3975 4008
f 3975 3982 4008
f 3984 3685 4010
f 3685 3696 4010
f 3696 3691 4010
f 3691 4007 4010
f 4007 3981 4010
f 3981 3984 4010
f 3690 3988 4011
f 3690 3698 4011
f 4012 3992 3993
f 4012 3993 4013
f 4013 4012 4014
f 4014 3700 3698
f 4014 3698 4013
f 3698 4011 4013
f 4011 3988 4013
f 3988 3993 4013
f 4015 4016 4017
f 4015 4017 4018
f 4015 4018 4019
f 4014 4012 4015
f 4014 4015 4019
f 4012 3992 4015
f 4016 3994 3992
f 4016 3992 4015
f 4017 4018 4020
f 4017 4016 4020
f 4021 4022 4023
f 4021 4023 4024
f 4021 4024 4025
f 4021 4025 4026
f 4021 4026 4027
f 4021 4027 4022
f 4028 3998 3999
f 4028 3999 4029
f 4029 4028 4030
f 4029 4030 4031
f 4031 4024 4023
f 4031 4023 4029
f 4032 4022 4023
f 4032 4023 4029
f 4032 4000 3999
f 4032 3999 4029
f 4033 4004 4005
f 4033 4005 4034
f 4033 3702 3706
f 4033 3706 4034
f 4035 3705 3706
f 4035 3706 4034
f 4035 4030 4028
f 4035 4028 4034
f 4028 3998 4034
f 3998 4005 4034
f 4009 3694 4036
f 3694 3708 4036
f 3708 3702 4036
f 3702 4033 4036
f 4033 4004 4036
f 4004 4009 4036
f 3700 4014 4037
f 3700 3710 4037
f 4038 4018 4019
f 4038 4019 4039
f 4039 4038 4040
f 4040 3712 3710
f 4040 3710 4039
f 3710 4037 4039
f 4037 4014 4039
f 4014 4019 4039
f 4041 4042 4043
f 4041 4043 4044
f 4041 4044 4045
f 4045 4040 4038
f 4045 4038 4041
f 4038 4018 4041
f 4042 4020 4018
f 4042 4018 4041
f 4046 4047 4048
f 4046 4048 4049
f 4046 4049 4050
f 4044 4043 4046
f 4044 4046 4050
f 4042 4043 4046
f 4042 4046 4051
f 4046 4051 4047
f 4048 4049 4052
f 4048 4047 4052
f 4053 4054 4055
f 4053 4055 4056
f 4053 4056 4057
f 4053 4057 4058
f 4053 4058 4059
f 4053 4059 4054
f 4060 4061 4062
f 4060 4062 4063
f 4060 4063 4064
f 4064 4056 4055
f 4064 4055 4060
f 4065 4054 4055
f 4065 4055 4060
f 4060 4065 4061
f 4066 4024 4025
f 4066 4025 4067
f 4067 4066 4068
f 4067 4068 4069
f 4069 4063 4062
f 4069 4062 4067
f 4070 4061 4062
f 4070 4062 4067
f 4070 4026 4025
f 4070 4025 4067
f 4071 4030 4031
f 4071 4031 4072
f 4071 3714 3718
f 4071 3718 4072
f 4073 3717 3718
f 4073 3718 4072
f 4073 4068 4066
f 4073 4066 4072
f 4066 4024 4072
f 4024 4031 4072
f 4035 3705 4074
f 3705 3720 4074
f 3720 3714 4074
f 3714 4071 4074
f 4071 4030 4074
f 4030 4035 4074
f 3712 4040 4075
f 3712 3722 4075
f 4076 4044 4045
f 4076 4045 4077
f 4077 4076 4078
f 4078 3725 3722
f 4078 3722 4077
f 3722 4075 4077
f 4075 4040 4077
f 4040 4045 4077
f 4079 4049 4050
f 4079 4050 4080
f 4080 4079 4081
f 4080 4081 4082
f 4082 4078 4076
f 4082 4076 4080
f 4076 4044 4080
f 4044 4050 4080
f 4083 4084 4085
f 4083 4085 4086
f 4083 4086 4087
f 4087 4081 4079
f 4087 4079 4083
f 4079 4049 4083
f 4084 4052 4049
f 4084 4049 4083
f 4088 4089 4090
f 4088 4090 4091
f 4088 4091 4092
f 4086 4085 4088
f 4086 4088 4092
f 4093 4084 4085
f 4093 4085 4088
f 4088 4093 4089
f 4094 4095 4096
f 4094 4096 4097
f 4094 4097 4098
f 4098 4091 4090
f 4098 4090 4094
f 4099 4089 4090
f 4099 4090 4094
f 4094 4099 4095
f 4100 4101 4102
f 4100 4102 4103
f 4100 4103 4104
f 4104 4097 4096
f 4104 4096 4100
f 4105 4095 4096
f 4105 4096 4100
f 4100 4105 4101
f 4106 4107 4108
f 4106 4108 4109
f 4106 4109 4110
f 4110 4103 4102
f 4110 4102 4106
f 4111 4101 4102
f 4111 4102 4106
f 4106 4111 4107
f 4112 4056 4057
f 4112 4057 4113
f 4113 4112 4114
f 4113 4114 4115
f 4115 4109 4108
f 4115 4108 4113
f 4116 4107 4108
f 4116 4108 4113
f 4116 4058 4057
f 4116 4057 4113
f 4117 4063 4064
f 4117 4064 4118
f 4118 4117 4119
f 4118 4119 4120
f 4120 4114 4112
f 4120 4112 4118
f 4112 4056 4118
f 4056 4064 4118
f 4121 4068 4069
f 4121 4069 4122
f 4121 3729 3732
f 4121 3732 4122
f 4123 3731 3732
f 4123 3732 4122
f 4123 4119 4117
f 4123 4117 4122
f 4117 4063 4122
f 4063 4069 4122
f 4073 3717 4124
f 3717 3734 4124
f 3734 3729 4124
f 3729 4121 4124
f 4121 4068 4124
f 4068 4073 4124
f 3725 4078 4125
f 3725 3735 4125
f 4081 4082 4126
f 4081 4126 4127
f 4127 3736 3738
f 4127 3738 4126
f 3738 3735 4126
f 3735 4125 4126
f 4125 4078 4126
f 4078 4082 4126
f 4128 4086 4087
f 4128 4087 4129
f 4129 4128 4130
f 4130 3741 3736
f 4130 3736 4129
f 3736 4127 4129
f 4127 4081 4129
f 4081 4087 4129
f 4131 4091 4092
f 4131 4092 4132
f 4132 4131 4133
f 4132 4133 4134
f 4134 4130 4128
f 4134 4128 4132
f 4128 4086 4132
f 4086 4092 4132
f 4135 4097 4098
f 4135 4098 4136
f 4136 4135 4137
f 4136 4137 4138
f 4138 4133 4131
f 4138 4131 4136
f 4131 4091 4136
f 4091 4098 4136
f 4139 4103 4104
f 4139 4104 4140
f 4140 4139 4141
f 4140 4141 4142
f 4142 4137 4135
f 4142 4135 4140
f 4135 4097 4140
f 4097 4104 4140
f 4143 4109 4110
f 4143 4110 4144
f 4144 4143 4145
f 4144 4145 4146
f 4146 4141 4139
f 4146 4139 4144
f 4139 4103 4144
f 4103 4110 4144
f 4147 4114 4115
f 4147 4115 4148
f 4147 3749 3752
f 4147 3752 4148
f 4149 3751 3752
f 4149 3752 4148
f 4149 4145 4143
f 4149 4143 4148
f 4143 4109 4148
f 4109 4115 4148
f 4150 4119 4120
f 4150 4120 4151
f 4150 3753 3755
f 4150 3755 4151
f 3755 3749 4151
f 3749 4147 4151
f 4147 4114 4151
f 4114 4120 4151
f 4123 3731 4152
f 3731 3756 4152
f 3756 3753 4152
f 3753 4150 4152
f 4150 4119 4152
f 4119 4123 4152
f 3741 4130 4153
f 3741 3757 4153
f 4133 4134 4154
f 4133 4154 4155
f 3758 3759 4154
f 3758 4154 4155
f 3759 3757 4154
f 3757 4153 4154
f 4153 4130 4154
f 4130 4134 4154
f 4137 4138 4156
f 4137 4156 4157
f 4157 3760 3762
f 4157 3762 4156
f 3762 3758 4156
f 3758 4155 4156
f 4155 4133 4156
f 4133 4138 4156
f 4158 4141 4142
f 4158 4142 4159
f 4158 3764 3765
f 4158 3765 4159
f 3765 3760 4159
f 3760 4157 4159
f 4157 4137 4159
f 4137 4142 4159
f 4160 4145 4146
f 4160 4146 4161
f 4160 3766 3767
f 4160 3767 4161
f 3767 3764 4161
f 3764 4158 4161
f 4158 4141 4161
f 4141 4146 4161
f 4149 3751 4162
f 3751 3768 4162
f 3768 3766 4162
f 3766 4160 4162
f 4160 4145 4162
f 4145 4149 4162
f 3791 3789 4163
f 3791 3790 4163
f 3793 3792 4164
f 4164 3793 3789
f 4164 3789 4165
f 3789 4163 4165
f 3795 3794 4166
f 4167 4166 3795
f 4167 3795 3792
f 3792 4164 4167
f 3797 3796 4168
f 4169 4168 3797
f 4169 3797 3794
f 3794 4166 4169
f 3799 3798 4170
f 4171 4170 3799
f 4171 3799 3796
f 3796 4168 4171
f 3798 3804 4172
f 3798 4170 4172
f 3817 3815 4173
f 3817 3816 4173
f 4174 4175 4176
f 3818 3819 4174
f 3818 4174 4176
f 3819 3815 4174
f 4177 4173 3815
f 4177 3815 4174
f 4174 4177 4178
f 4174 4178 4175
f 4179 4163 3790
f 4179 3790 4180
f 3790 3820 4180
f 3820 3818 4180
f 3818 4176 4180
f 4181 4175 4176
f 4181 4176 4180
f 4180 4181 4179
f 4165 4164 4182
f 4163 4179 4183
f 4183 4163 4165
f 4183 4165 4182
f 4167 4166 4184
f 4164 4182 4185
f 4185 4164 4167
f 4185 4167 4184
f 4169 4168 4186
f 4166 4184 4187
f 4187 4166 4169
f 4187 4169 4186
f 4171 4170 4188
f 4168 4186 4189
f 4189 4168 4171
f 4189 4171 4188
f 4190 4172 3804
f 4190 3804 4191
f 3804 3821 4191
f 4170 4188 4192
f 4192 4170 4172
f 4192 4172 4190
f 3823 3822 4193
f 4194 4193 3823
f 4194 3823 3821
f 4194 3821 4191
f 4194 4191 4195
f 4191 4190 4195
f 3822 3828 4196
f 3822 4193 4196
f 3839 3837 4197
f 3839 3838 4197
f 4198 4173 3816
f 4198 3816 4199
f 3816 3840 4199
f 3840 3837 4199
f 4200 4197 3837
f 4200 3837 4199
f 4199 4200 4201
f 4199 4201 4198
f 4173 4198 4202
f 4173 4177 4202
f 4194 4193 4203
f 4194 4195 4203
f 4196 3828 4204
f 3841 3828 4204
f 3841 4204 4205
f 4204 4205 4206
f 4204 4206 4207
f 4203 4193 4204
f 4203 4204 4207
f 4193 4196 4204
f 3841 3846 4208
f 3841 4205 4208
f 3855 3853 4209
f 3855 3854 4209
f 4210 4197 3838
f 4210 3838 4211
f 3838 3856 4211
f 3856 3853 4211
f 4212 4209 3853
f 4212 3853 4211
f 4211 4212 4213
f 4211 4213 4210
f 4197 4210 4214
f 4197 4200 4214
f 4206 4205 4215
f 4206 4207 4215
f 4208 3846 4216
f 4217 3857 3846
f 4217 3846 4216
f 4216 4217 4218
f 4216 4218 4219
f 4215 4205 4216
f 4215 4216 4219
f 4205 4208 4216
f 3857 3862 4220
f 3857 4217 4220
f 4221 4209 3854
f 4221 3854 4222
f 3854 3870 4222
f 3869 3870 4222
f 3869 4222 4223
f 4222 4223 4224
f 4222 4224 4225
f 4222 4225 4221
f 4209 4221 4226
f 4209 4212 4226
f 4218 4217 4227
f 4218 4219 4227
f 4220 3862 4228
f 3862 3876 4228
f 3875 3876 4228
f 3875 4228 4229
f 4228 4229 4230
f 4227 4217 4228
f 4227 4228 4230
f 4217 4220 4228
f 3885 3883 4231
f 3885 3884 4231
f 4223 3869 4232
f 3869 3886 4232
f 3886 3883 4232
f 4233 4231 3883
f 4233 3883 4232
f 4232 4233 4234
f 4234 4224 4223
f 4234 4223 4232
f 4229 3875 4235
f 4236 3887 3875
f 4236 3875 4235
f 4235 4236 4237
f 4235 4237 4238
f 4235 4238 4239
f 4239 4230 4229
f 4239 4229 4235
f 3887 3892 4240
f 3887 4236 4240
f 3884 4231 4241
f 4242 4241 3884
f 4242 3884 3898
f 3898 3897 4242
f 4241 4242 4243
f 4243 4241 4231
f 4243 4231 4244
f 4231 4233 4244
f 4245 4236 4237
f 4245 4237 4246
f 4246 4245 4247
f 4246 4247 4248
f 4246 4248 4249
f 4246 4249 4250
f 4238 4237 4246
f 4238 4246 4250
f 4240 3892 4251
f 3892 3904 4251
f 3903 3904 4251
f 3903 4251 4252
f 4247 4245 4251
f 4247 4251 4252
f 4245 4236 4251
f 4236 4240 4251
f 3897 4242 4253
f 4254 4253 3897
f 4254 3897 3910
f 3910 3909 4254
f 4253 4254 4255
f 4255 4253 4242
f 4255 4242 4256
f 4242 4243 4256
f 4257 4247 4248
f 4257 4248 4258
f 4258 4257 4259
f 4258 4259 4260
f 4258 4260 4261
f 4258 4261 4262
f 4249 4248 4258
f 4249 4258 4262
f 4252 3903 4263
f 3903 3916 4263
f 3915 3916 4263
f 3915 4263 4264
f 4264 4259 4257
f 4264 4257 4263
f 4257 4247 4263
f 4247 4252 4263
f 3909 4254 4265
f 4266 4265 3909
f 4266 3909 3922
f 3922 3921 4266
f 4265 4266 4267
f 4267 4265 4254
f 4267 4254 4268
f 4254 4255 4268
f 4269 4259 4260
f 4269 4260 4270
f 4270 4269 4271
f 4270 4271 4272
f 4270 4272 4273
f 4270 4273 4274
f 4274 4261 4260
f 4274 4260 4270
f 4264 3915 4275
f 3915 3928 4275
f 4276 3927 3928
f 4276 3928 4275
f 4276 4271 4269
f 4276 4269 4275
f 4269 4259 4275
f 4259 4264 4275
f 3921 4266 4277
f 4277 3921 3934
f 4277 3934 4278
f 3934 3933 4278
f 4277 4278 4279
f 4279 4277 4266
f 4279 4266 4280
f 4266 4267 4280
f 4281 4271 4272
f 4281 4272 4282
f 4282 4281 4283
f 4282 4283 4284
f 4282 4284 4285
f 4282 4285 4286
f 4286 4273 4272
f 4286 4272 4282
f 4276 3927 4287
f 3927 3940 4287
f 4288 3939 3940
f 4288 3940 4287
f 4288 4283 4281
f 4288 4281 4287
f 4281 4271 4287
f 4271 4276 4287
f 3933 4278 4289
f 3933 3946 4289
f 3946 3950 4290
f 4291 4290 3946
f 4291 3946 4289
f 4291 4289 4278
f 4291 4278 4292
f 4278 4279 4292
f 4293 4283 4284
f 4293 4284 4294
f 4293 3952 3957
f 4293 3957 4294
f 4295 3956 3957
f 4295 3957 4294
f 4294 4295 4296
f 4294 4296 4297
f 4297 4285 4284
f 4297 4284 4294
f 4288 3939 4298
f 3939 3962 4298
f 3962 3952 4298
f 3952 4293 4298
f 4293 4283 4298
f 4283 4288 4298
f 4299 4300 4290
f 4299 4290 3950
f 4299 3950 3972
f 4299 3972 4301
f 3972 3971 4301
f 4290 4291 4300
f 4299 4301 4302
f 4299 4300 4302
f 4303 4304 4305
f 4303 4305 4306
f 4303 4306 4307
f 4303 4307 4308
f 4303 4308 4309
f 4303 4309 4304
f 4295 3956 4310
f 3956 3978 4310
f 4311 3977 3978
f 4311 3978 4310
f 4311 4306 4305
f 4311 4305 4310
f 4312 4304 4305
f 4312 4305 4310
f 4312 4296 4295
f 4312 4295 4310
f 3971 4301 4313
f 3971 3990 4313
f 4314 4315 4316
f 4314 4316 4317
f 3994 3990 4314
f 3994 4314 4317
f 3990 4313 4314
f 4313 4301 4314
f 4302 4301 4314
f 4302 4314 4315
f 4316 4317 4318
f 4316 4315 4318
f 4319 4320 4321
f 4319 4321 4322
f 4319 4322 4323
f 4319 4323 4324
f 4319 4324 4325
f 4319 4325 4320
f 4326 4306 4307
f 4326 4307 4327
f 4326 3996 4001
f 4326 4001 4327
f 4328 4000 4001
f 4328 4001 4327
f 4328 4322 4321
f 4328 4321 4327
f 4329 4320 4321
f 4329 4321 4327
f 4329 4308 4307
f 4329 4307 4327
f 4311 3977 4330
f 3977 4006 4330
f 4006 3996 4330
f 3996 4326 4330
f 4326 4306 4330
f 4306 4311 4330
f 3994 4317 4331
f 3994 4016 4331
f 4332 4333 4334
f 4332 4334 4335
f 4335 4020 4016
f 4335 4016 4332
f 4016 4331 4332
f 4331 4317 4332
f 4333 4318 4317
f 4333 4317 4332
f 4334 4335 4336
f 4334 4333 4336
f 4337 4338 4339
f 4337 4339 4340
f 4337 4340 4341
f 4337 4341 4342
f 4337 4342 4343
f 4337 4343 4338
f 4344 4322 4323
f 4344 4323 4345
f 4344 4022 4027
f 4344 4027 4345
f 4346 4026 4027
f 4346 4027 4345
f 4346 4340 4339
f 4346 4339 4345
f 4347 4338 4339
f 4347 4339 4345
f 4347 4324 4323
f 4347 4323 4345
f 4328 4000 4348
f 4000 4032 4348
f 4032 4022 4348
f 4022 4344 4348
f 4344 4322 4348
f 4322 4328 4348
f 4020 4335 4349
f 4020 4042 4349
f 4350 4351 4352
f 4352 4047 4051
f 4352 4051 4350
f 4051 4042 4350
f 4042 4349 4350
f 4349 4335 4350
f 4351 4336 4335
f 4351 4335 4350
f 4353 4354 4355
f 4353 4355 4356
f 4356 4052 4047
f 4356 4047 4353
f 4047 4352 4353
f 4357 4351 4352
f 4357 4352 4353
f 4353 4357 4354
f 4358 4359 4360
f 4358 4360 4361
f 4358 4361 4362
f 4362 4356 4355
f 4362 4355 4358
f 4354 4355 4358
f 4354 4358 4363
f 4358 4363 4359
f 4364 4365 4366
f 4364 4366 4367
f 4364 4367 4368
f 4368 4361 4360
f 4368 4360 4364
f 4359 4360 4364
f 4359 4364 4369
f 4364 4369 4365
f 4370 4371 4372
f 4370 4372 4373
f 4370 4373 4374
f 4374 4367 4366
f 4374 4366 4370
f 4375 4365 4366
f 4375 4366 4370
f 4370 4375 4371
f 4376 4377 4378
f 4376 4378 4379
f 4376 4379 4380
f 4380 4373 4372
f 4380 4372 4376
f 4381 4371 4372
f 4381 4372 4376
f 4376 4381 4377
f 4382 4383 4384
f 4384 4054 4059
f 4384 4059 4382
f 4385 4058 4059
f 4385 4059 4382
f 4385 4379 4378
f 4385 4378 4382
f 4386 4377 4378
f 4386 4378 4382
f 4382 4386 4383
f 4387 4340 4341
f 4387 4341 4388
f 4387 4061 4065
f 4387 4065 4388
f 4065 4054 4388
f 4054 4384 4388
f 4389 4383 4384
f 4389 4384 4388
f 4389 4342 4341
f 4389 4341 4388
f 4346 4026 4390
f 4026 4070 4390
f 4070 4061 4390
f 4061 4387 4390
f 4387 4340 4390
f 4340 4346 4390
f 4052 4356 4391
f 4052 4084 4391
f 4392 4361 4362
f 4392 4362 4393
f 4392 4089 4093
f 4392 4093 4393
f 4093 4084 4393
f 4084 4391 4393
f 4391 4356 4393
f 4356 4362 4393
f 4394 4367 4368
f 4394 4368 4395
f 4394 4095 4099
f 4394 4099 4395
f 4099 4089 4395
f 4089 4392 4395
f 4392 4361 4395
f 4361 4368 4395
f 4396 4373 4374
f 4396 4374 4397
f 4396 4101 4105
f 4396 4105 4397
f 4105 4095 4397
f 4095 4394 4397
f 4394 4367 4397
f 4367 4374 4397
f 4398 4379 4380
f 4398 4380 4399
f 4398 4107 4111
f 4398 4111 4399
f 4111 4101 4399
f 4101 4396 4399
f 4396 4373 4399
f 4373 4380 4399
f 4385 4058 4400
f 4058 4116 4400
f 4116 4107 4400
f 4107 4398 4400
f 4398 4379 4400
f 4379 4385 4400
f 4178 4175 4401
f 4178 4177 4401
f 4402 4403 4404
f 4179 4181 4402
f 4179 4402 4404
f 4181 4175 4402
f 4405 4401 4175
f 4405 4175 4402
f 4402 4405 4406
f 4402 4406 4403
f 4407 4408 4409
f 4409 4182 4183
f 4409 4183 4407
f 4183 4179 4407
f 4179 4404 4407
f 4410 4403 4404
f 4410 4404 4407
f 4407 4410 4408
f 4411 4412 4413
f 4413 4184 4185
f 4413 4185 4411
f 4185 4182 4411
f 4182 4409 4411
f 4408 4409 4411
f 4408 4411 4414
f 4411 4414 4412
f 4415 4416 4417
f 4186 4187 4415
f 4186 4415 4417
f 4187 4184 4415
f 4184 4413 4415
f 4412 4413 4415
f 4412 4415 4418
f 4415 4418 4416
f 4419 4420 4421
f 4188 4189 4419
f 4188 4419 4421
f 4189 4186 4419
f 4186 4417 4419
f 4416 4417 4419
f 4416 4419 4422
f 4419 4422 4420
f 4192 4190 4423
f 4424 4423 4192
f 4424 4192 4188
f 4425 4424 4188
f 4425 4188 4421
f 4421 4420 4425
f 4190 4195 4426
f 4190 4423 4426
f 4427 4428 4429
f 4198 4201 4427
f 4198 4427 4429
f 4430 4200 4201
f 4430 4201 4427
f 4427 4430 4431
f 4427 4431 4432
f 4427 4432 4428
f 4433 4401 4177
f 4433 4177 4434
f 4177 4202 4434
f 4202 4198 4434
f 4198 4429 4434
f 4435 4428 4429
f 4435 4429 4434
f 4434 4435 4433
f 4401 4433 4436
f 4401 4405 4436
f 4424 4423 4437
f 4424 4425 4437
f 4438 4426 4195
f 4438 4195 4439
f 4195 4203 4439
f 4423 4437 4440
f 4438 4440 4423
f 4438 4423 4426
f 4203 4207 4441
f 4441 4203 4439
f 4441 4439 4442
f 4439 4438 4442
f 4443 4444 4445
f 4445 4210 4213
f 4445 4213 4443
f 4212 4213 4443
f 4212 4443 4446
f 4443 4446 4447
f 4443 4447 4448
f 4443 4448 4444
f 4430 4200 4449
f 4200 4214 4449
f 4214 4210 4449
f 4210 4445 4449
f 4450 4444 4445
f 4450 4445 4449
f 4450 4431 4430
f 4450 4430 4449
f 4451 4452 4441
f 4451 4441 4207
f 4207 4215 4451
f 4441 4442 4452
f 4215 4219 4453
f 4453 4215 4451
f 4453 4451 4454
f 4451 4452 4454
f 4225 4221 4455
f 4225 4224 4455
f 4446 4212 4456
f 4212 4226 4456
f 4226 4221 4456
f 4457 4455 4221
f 4457 4221 4456
f 4456 4457 4458
f 4458 4447 4446
f 4458 4446 4456
f 4453 4219 4459
f 4227 4219 4459
f 4227 4459 4460
f 4459 4460 4461
f 4459 4461 4462
f 4459 4462 4463
f 4454 4453 4459
f 4454 4459 4463
f 4227 4230 4464
f 4227 4460 4464
f 4465 4455 4224
f 4465 4224 4466
f 4224 4234 4466
f 4233 4234 4466
f 4233 4466 4467
f 4466 4467 4468
f 4466 4468 4469
f 4466 4469 4465
f 4455 4465 4470
f 4455 4457 4470
f 4461 4460 4471
f 4461 4462 4471
f 4464 4230 4472
f 4230 4239 4472
f 4238 4239 4472
f 4238 4472 4473
f 4472 4473 4474
f 4474 4471 4460
f 4474 4460 4472
f 4460 4464 4472
f 4467 4233 4475
f 4233 4244 4475
f 4476 4243 4244
f 4476 4244 4475
f 4475 4476 4477
f 4475 4477 4478
f 4478 4468 4467
f 4478 4467 4475
f 4473 4238 4479
f 4238 4250 4479
f 4480 4249 4250
f 4480 4250 4479
f 4479 4480 4481
f 4479 4481 4482
f 4482 4474 4473
f 4482 4473 4479
f 4476 4243 4483
f 4243 4256 4483
f 4484 4255 4256
f 4484 4256 4483
f 4483 4484 4485
f 4483 4485 4486
f 4477 4476 4483
f 4477 4483 4486
f 4480 4249 4487
f 4249 4262 4487
f 4488 4261 4262
f 4488 4262 4487
f 4487 4488 4489
f 4487 4489 4490
f 4490 4481 4480
f 4490 4480 4487
f 4484 4255 4491
f 4255 4268 4491
f 4267 4268 4491
f 4267 4491 4492
f 4491 4492 4493
f 4491 4493 4494
f 4485 4484 4491
f 4485 4491 4494
f 4488 4261 4495
f 4261 4274 4495
f 4496 4273 4274
f 4496 4274 4495
f 4495 4496 4497
f 4495 4497 4498
f 4498 4489 4488
f 4498 4488 4495
f 4492 4267 4499
f 4267 4280 4499
f 4279 4280 4499
f 4279 4499 4500
f 4499 4500 4501
f 4499 4501 4502
f 4493 4492 4499
f 4493 4499 4502
f 4496 4273 4503
f 4273 4286 4503
f 4504 4285 4286
f 4504 4286 4503
f 4503 4504 4505
f 4503 4505 4506
f 4506 4497 4496
f 4506 4496 4503
f 4507 4508 4500
f 4507 4500 4279
f 4507 4279 4292
f 4507 4292 4509
f 4292 4291 4509
f 4500 4501 4508
f 4507 4509 4510
f 4507 4508 4510
f 4511 4512 4513
f 4511 4513 4514
f 4511 4514 4515
f 4511 4515 4516
f 4511 4516 4517
f 4511 4517 4512
f 4504 4285 4518
f 4285 4297 4518
f 4519 4296 4297
f 4519 4297 4518
f 4519 4514 4513
f 4519 4513 4518
f 4520 4512 4513
f 4520 4513 4518
f 4520 4505 4504
f 4520 4504 4518
f 4291 4509 4521
f 4291 4300 4521
f 4300 4302 4522
f 4522 4300 4521
f 4522 4521 4523
f 4523 4521 4509
f 4523 4509 4524
f 4509 4510 4524
f 4525 4514 4515
f 4525 4515 4526
f 4525 4304 4309
f 4525 4309 4526
f 4527 4308 4309
f 4527 4309 4526
f 4526 4527 4528
f 4526 4528 4529
f 4529 4516 4515
f 4529 4515 4526
f 4519 4296 4530
f 4296 4312 4530
f 4312 4304 4530
f 4304 4525 4530
f 4525 4514 4530
f 4514 4519 4530
f 4531 4532 4522
f 4531 4522 4302
f 4302 4315 4531
f 4522 4523 4532
f 4315 4318 4533
f 4534 4533 4315
f 4534 4315 4531
f 4531 4532 4534
f 4535 4536 4537
f 4537 4320 4325
f 4537 4325 4535
f 4538 4324 4325
f 4538 4325 4535
f 4535 4538 4539
f 4535 4539 4540
f 4535 4540 4536
f 4527 4308 4541
f 4308 4329 4541
f 4329 4320 4541
f 4320 4537 4541
f 4542 4536 4537
f 4542 4537 4541
f 4542 4528 4527
f 4542 4527 4541
f 4543 4544 4533
f 4543 4533 4318
f 4318 4333 4543
f 4533 4534 4544
f 4545 4546 4547
f 4545 4547 4548
f 4548 4336 4333
f 4548 4333 4545
f 4333 4543 4545
f 4544 4543 4545
f 4544 4545 4549
f 4545 4549 4546
f 4547 4548 4550
f 4547 4546 4550
f 4551 4552 4553
f 4551 4553 4554
f 4551 4554 4555
f 4551 4555 4556
f 4551 4556 4557
f 4551 4557 4552
f 4558 4559 4560
f 4560 4338 4343
f 4560 4343 4558
f 4561 4342 4343
f 4561 4343 4558
f 4561 4554 4553
f 4561 4553 4558
f 4562 4552 4553
f 4562 4553 4558
f 4558 4562 4559
f 4538 4324 4563
f 4324 4347 4563
f 4347 4338 4563
f 4338 4560 4563
f 4564 4559 4560
f 4564 4560 4563
f 4564 4539 4538
f 4564 4538 4563
f 4336 4548 4565
f 4336 4351 4565
f 4566 4567 4568
f 4354 4357 4566
f 4354 4566 4568
f 4357 4351 4566
f 4351 4565 4566
f 4565 4548 4566
f 4550 4548 4566
f 4550 4566 4567
f 4569 4570 4571
f 4571 4359 4363
f 4571 4363 4569
f 4363 4354 4569
f 4354 4568 4569
f 4572 4567 4568
f 4572 4568 4569
f 4569 4572 4570
f 4573 4574 4575
f 4575 4365 4369
f 4575 4369 4573
f 4369 4359 4573
f 4359 4571 4573
f 4576 4570 4571
f 4576 4571 4573
f 4573 4576 4574
f 4577 4578 4579
f 4579 4371 4375
f 4579 4375 4577
f 4375 4365 4577
f 4365 4575 4577
f 4580 4574 4575
f 4580 4575 4577
f 4577 4580 4578
f 4581 4582 4583
f 4583 4377 4381
f 4583 4381 4581
f 4381 4371 4581
f 4371 4579 4581
f 4584 4578 4579
f 4584 4579 4581
f 4581 4584 4582
f 4585 4554 4555
f 4585 4555 4586
f 4585 4383 4386
f 4585 4386 4586
f 4386 4377 4586
f 4377 4583 4586
f 4587 4582 4583
f 4587 4583 4586
f 4587 4556 4555
f 4587 4555 4586
f 4561 4342 4588
f 4342 4389 4588
f 4389 4383 4588
f 4383 4585 4588
f 4585 4554 4588
f 4554 4561 4588
f 4406 4403 4589
f 4406 4405 4589
f 4410 4408 4590
f 4590 4410 4403
f 4590 4403 4591
f 4403 4589 4591
f 4414 4412 4592
f 4592 4414 4408
f 4592 4408 4593
f 4408 4590 4593
f 4418 4416 4594
f 4594 4418 4412
f 4594 4412 4595
f 4412 4592 4595
f 4422 4420 4596
f 4597 4596 4422
f 4597 4422 4416
f 4416 4594 4597
f 4420 4425 4598
f 4420 4596 4598
f 4432 4428 4599
f 4432 4431 4599
f 4435 4433 4600
f 4600 4435 4428
f 4600 4428 4601
f 4428 4599 4601
f 4589 4405 4602
f 4589 4602 4603
f 4405 4436 4602
f 4436 4433 4602
f 4600 4433 4602
f 4600 4602 4604
f 4602 4604 4605
f 4602 4605 4603
f 4591 4590 4606
f 4589 4603 4607
f 4607 4589 4591
f 4607 4591 4606
f 4593 4592 4608
f 4590 4606 4609
f 4609 4590 4593
f 4609 4593 4608
f 4595 4594 4610
f 4592 4608 4611
f 4610 4611 4592
f 4610 4592 4595
f 4597 4596 4612
f 4594 4610 4613
f 4612 4613 4594
f 4612 4594 4597
f 4598 4425 4614
f 4615 4437 4425
f 4615 4425 4614
f 4614 4615 4616
f 4614 4616 4617
f 4617 4612 4596
f 4617 4596 4614
f 4596 4598 4614
f 4440 4438 4618
f 4618 4440 4437
f 4618 4437 4619
f 4437 4615 4619
f 4438 4442 4620
f 4438 4618 4620
f 4448 4444 4621
f 4448 4447 4621
f 4431 4599 4622
f 4623 4622 4431
f 4623 4431 4450
f 4623 4450 4444
f 4623 4444 4624
f 4444 4621 4624
f 4601 4600 4625
f 4622 4623 4626
f 4626 4622 4599
f 4626 4599 4627
f 4627 4599 4601
f 4627 4601 4625
f 4600 4625 4628
f 4600 4604 4628
f 4616 4615 4629
f 4616 4617 4629
f 4630 4618 4619
f 4630 4619 4631
f 4631 4630 4632
f 4631 4632 4633
f 4631 4633 4634
f 4629 4615 4631
f 4629 4631 4634
f 4615 4619 4631
f 4620 4442 4635
f 4636 4452 4442
f 4636 4442 4635
f 4635 4636 4637
f 4632 4630 4635
f 4632 4635 4637
f 4630 4618 4635
f 4618 4620 4635
f 4452 4454 4638
f 4452 4636 4638
f 4447 4621 4639
f 4640 4639 4447
f 4640 4447 4458
f 4458 4457 4640
f 4624 4623 4641
f 4639 4640 4642
f 4642 4639 4621
f 4642 4621 4643
f 4643 4621 4624
f 4643 4624 4641
f 4623 4641 4644
f 4623 4626 4644
f 4633 4632 4645
f 4633 4634 4645
f 4646 4636 4637
f 4646 4637 4647
f 4647 4646 4648
f 4647 4648 4649
f 4647 4649 4650
f 4650 4645 4632
f 4650 4632 4647
f 4632 4637 4647
f 4638 4454 4651
f 4454 4463 4651
f 4652 4462 4463
f 4652 4463 4651
f 4648 4646 4651
f 4648 4651 4652
f 4646 4636 4651
f 4636 4638 4651
f 4469 4465 4653
f 4469 4468 4653
f 4457 4640 4654
f 4654 4457 4470
f 4654 4470 4655
f 4655 4470 4465
f 4655 4465 4656
f 4465 4653 4656
f 4654 4655 4657
f 4658 4657 4654
f 4658 4654 4640
f 4640 4642 4658
f 4648 4649 4659
f 4648 4659 4660
f 4659 4660 4661
f 4659 4661 4662
f 4659 4662 4663
f 4659 4663 4664
f 4650 4649 4659
f 4650 4659 4664
f 4652 4462 4665
f 4666 4471 4462
f 4666 4462 4665
f 4665 4666 4667
f 4667 4661 4660
f 4667 4660 4665
f 4660 4648 4665
f 4648 4652 4665
f 4471 4474 4668
f 4471 4666 4668
f 4468 4653 4669
f 4670 4669 4468
f 4670 4468 4478
f 4478 4477 4670
f 4656 4655 4671
f 4669 4670 4672
f 4673 4672 4669
f 4673 4669 4653
f 4671 4673 4653
f 4671 4653 4656
f 4655 4671 4674
f 4655 4657 4674
f 4662 4661 4675
f 4662 4663 4675
f 4676 4666 4667
f 4676 4667 4677
f 4677 4676 4678
f 4677 4678 4679
f 4677 4679 4680
f 4680 4675 4661
f 4680 4661 4677
f 4661 4667 4677
f 4668 4474 4681
f 4474 4482 4681
f 4481 4482 4681
f 4481 4681 4682
f 4678 4676 4681
f 4678 4681 4682
f 4676 4666 4681
f 4666 4668 4681
f 4477 4670 4683
f 4683 4477 4486
f 4683 4486 4684
f 4486 4485 4684
f 4683 4684 4685
f 4686 4685 4683
f 4686 4683 4670
f 4670 4672 4686
f 4687 4678 4679
f 4687 4679 4688
f 4688 4687 4689
f 4688 4689 4690
f 4688 4690 4691
f 4688 4691 4692
f 4692 4680 4679
f 4692 4679 4688
f 4682 4481 4693
f 4481 4490 4693
f 4694 4489 4490
f 4694 4490 4693
f 4694 4689 4687
f 4694 4687 4693
f 4687 4678 4693
f 4678 4682 4693
f 4485 4684 4695
f 4695 4485 4494
f 4695 4494 4696
f 4494 4493 4696
f 4697 4698 4699
f 4697 4699 4700
f 4697 4700 4701
f 4696 4695 4697
f 4696 4697 4701
f 4695 4684 4697
f 4685 4684 4697
f 4685 4697 4698
f 4699 4700 4702
f 4699 4698 4702
f 4703 4704 4705
f 4703 4705 4706
f 4703 4706 4707
f 4703 4707 4708
f 4703 4708 4709
f 4703 4709 4704
f 4710 4689 4690
f 4710 4690 4711
f 4711 4710 4712
f 4711 4712 4713
f 4713 4706 4705
f 4713 4705 4711
f 4714 4704 4705
f 4714 4705 4711
f 4714 4691 4690
f 4714 4690 4711
f 4694 4489 4715
f 4489 4498 4715
f 4716 4497 4498
f 4716 4498 4715
f 4716 4712 4710
f 4716 4710 4715
f 4710 4689 4715
f 4689 4694 4715
f 4493 4696 4717
f 4717 4493 4502
f 4717 4502 4718
f 4502 4501 4718
f 4719 4700 4701
f 4719 4701 4720
f 4720 4719 4721
f 4720 4721 4722
f 4722 4718 4717
f 4722 4717 4720
f 4717 4696 4720
f 4696 4701 4720
f 4719 4721 4723
f 4723 4719 4700
f 4723 4700 4724
f 4700 4702 4724
f 4725 4706 4707
f 4725 4707 4726
f 4726 4725 4727
f 4726 4727 4728
f 4726 4728 4729
f 4726 4729 4730
f 4730 4708 4707
f 4730 4707 4726
f 4731 4712 4713
f 4731 4713 4732
f 4732 4731 4733
f 4732 4733 4734
f 4734 4727 4725
f 4734 4725 4732
f 4725 4706 4732
f 4706 4713 4732
f 4716 4497 4735
f 4497 4506 4735
f 4736 4505 4506
f 4736 4506 4735
f 4736 4733 4731
f 4736 4731 4735
f 4731 4712 4735
f 4712 4716 4735
f 4501 4718 4737
f 4501 4508 4737
f 4721 4722 4738
f 4721 4738 4739
f 4738 4739 4740
f 4740 4510 4508
f 4740 4508 4738
f 4508 4737 4738
f 4737 4718 4738
f 4718 4722 4738
f 4741 4742 4743
f 4741 4743 4744
f 4741 4744 4745
f 4740 4739 4741
f 4740 4741 4745
f 4739 4721 4741
f 4723 4721 4741
f 4723 4741 4742
f 4743 4744 4746
f 4743 4742 4746
f 4747 4748 4749
f 4747 4749 4750
f 4747 4750 4751
f 4747 4751 4752
f 4747 4752 4753
f 4747 4753 4748
f 4754 4727 4728
f 4754 4728 4755
f 4755 4754 4756
f 4755 4756 4757
f 4757 4750 4749
f 4757 4749 4755
f 4758 4748 4749
f 4758 4749 4755
f 4758 4729 4728
f 4758 4728 4755
f 4759 4733 4734
f 4759 4734 4760
f 4759 4512 4517
f 4759 4517 4760
f 4761 4516 4517
f 4761 4517 4760
f 4761 4756 4754
f 4761 4754 4760
f 4754 4727 4760
f 4727 4734 4760
f 4736 4505 4762
f 4505 4520 4762
f 4520 4512 4762
f 4512 4759 4762
f 4759 4733 4762
f 4733 4736 4762
f 4510 4740 4763
f 4763 4510 4524
f 4763 4524 4764
f 4524 4523 4764
f 4765 4744 4745
f 4765 4745 4766
f 4766 4765 4767
f 4766 4767 4768
f 4768 4764 4763
f 4768 4763 4766
f 4763 4740 4766
f 4740 4745 4766
f 4769 4770 4771
f 4769 4771 4772
f 4769 4772 4773
f 4767 4765 4769
f 4767 4769 4773
f 4765 4744 4769
f 4770 4746 4744
f 4770 4744 4769
f 4771 4772 4774
f 4771 4770 4774
f 4775 4776 4777
f 4775 4777 4778
f 4775 4778 4779
f 4775 4779 4780
f 4775 4780 4781
f 4775 4781 4776
f 4782 4750 4751
f 4782 4751 4783
f 4783 4782 4784
f 4783 4784 4785
f 4785 4778 4777
f 4785 4777 4783
f 4786 4776 4777
f 4786 4777 4783
f 4786 4752 4751
f 4786 4751 4783
f 4787 4756 4757
f 4787 4757 4788
f 4788 4787 4789
f 4788 4789 4790
f 4790 4784 4782
f 4790 4782 4788
f 4782 4750 4788
f 4750 4757 4788
f 4761 4516 4791
f 4516 4529 4791
f 4792 4528 4529
f 4792 4529 4791
f 4792 4789 4787
f 4792 4787 4791
f 4787 4756 4791
f 4756 4761 4791
f 4523 4764 4793
f 4523 4532 4793
f 4767 4768 4794
f 4767 4794 4795
f 4794 4795 4796
f 4796 4534 4532
f 4796 4532 4794
f 4532 4793 4794
f 4793 4764 4794
f 4764 4768 4794
f 4797 4772 4773
f 4797 4773 4798
f 4798 4797 4799
f 4798 4799 4800
f 4800 4796 4795
f 4800 4795 4798
f 4795 4767 4798
f 4767 4773 4798
f 4801 4802 4803
f 4801 4803 4804
f 4801 4804 4805
f 4805 4799 4797
f 4805 4797 4801
f 4797 4772 4801
f 4802 4774 4772
f 4802 4772 4801
f 4806 4807 4808
f 4806 4808 4809
f 4806 4809 4810
f 4804 4803 4806
f 4804 4806 4810
f 4802 4803 4806
f 4802 4806 4811
f 4806 4811 4807
f 4812 4813 4814
f 4812 4814 4815
f 4812 4815 4816
f 4809 4808 4812
f 4809 4812 4816
f 4807 4808 4812
f 4807 4812 4817
f 4812 4817 4813
f 4818 4819 4820
f 4818 4820 4821
f 4818 4821 4822
f 4822 4815 4814
f 4822 4814 4818
f 4823 4813 4814
f 4823 4814 4818
f 4818 4823 4819
f 4824 4825 4826
f 4824 4826 4827
f 4824 4827 4828
f 4828 4821 4820
f 4828 4820 4824
f 4829 4819 4820
f 4829 4820 4824
f 4824 4829 4825
f 4830 4778 4779
f 4830 4779 4831
f 4831 4830 4832
f 4831 4832 4833
f 4833 4827 4826
f 4833 4826 4831
f 4834 4825 4826
f 4834 4826 4831
f 4834 4780 4779
f 4834 4779 4831
f 4835 4784 4785
f 4835 4785 4836
f 4836 4835 4837
f 4836 4837 4838
f 4838 4832 4830
f 4838 4830 4836
f 4830 4778 4836
f 4778 4785 4836
f 4839 4789 4790
f 4839 4790 4840
f 4839 4536 4540
f 4839 4540 4840
f 4841 4539 4540
f 4841 4540 4840
f 4841 4837 4835
f 4841 4835 4840
f 4835 4784 4840
f 4784 4790 4840
f 4792 4528 4842
f 4528 4542 4842
f 4542 4536 4842
f 4536 4839 4842
f 4839 4789 4842
f 4789 4792 4842
f 4534 4796 4843
f 4534 4544 4843
f 4799 4800 4844
f 4799 4844 4845
f 4845 4546 4549
f 4845 4549 4844
f 4549 4544 4844
f 4544 4843 4844
f 4843 4796 4844
f 4796 4800 4844
f 4846 4804 4805
f 4846 4805 4847
f 4847 4846 4848
f 4848 4550 4546
f 4848 4546 4847
f 4546 4845 4847
f 4845 4799 4847
f 4799 4805 4847
f 4849 4809 4810
f 4849 4810 4850
f 4850 4849 4851
f 4850 4851 4852
f 4852 4848 4846
f 4852 4846 4850
f 4846 4804 4850
f 4804 4810 4850
f 4853 4815 4816
f 4853 4816 4854
f 4854 4853 4855
f 4854 4855 4856
f 4856 4851 4849
f 4856 4849 4854
f 4849 4809 4854
f 4809 4816 4854
f 4857 4821 4822
f 4857 4822 4858
f 4858 4857 4859
f 4858 4859 4860
f 4860 4855 4853
f 4860 4853 4858
f 4853 4815 4858
f 4815 4822 4858
f 4861 4827 4828
f 4861 4828 4862
f 4862 4861 4863
f 4862 4863 4864
f 4864 4859 4857
f 4864 4857 4862
f 4857 4821 4862
f 4821 4828 4862
f 4865 4832 4833
f 4865 4833 4866
f 4865 4552 4557
f 4865 4557 4866
f 4867 4556 4557
f 4867 4557 4866
f 4867 4863 4861
f 4867 4861 4866
f 4861 4827 4866
f 4827 4833 4866
f 4868 4837 4838
f 4868 4838 4869
f 4868 4559 4562
f 4868 4562 4869
f 4562 4552 4869
f 4552 4865 4869
f 4865 4832 4869
f 4832 4838 4869
f 4841 4539 4870
f 4539 4564 4870
f 4564 4559 4870
f 4559 4868 4870
f 4868 4837 4870
f 4837 4841 4870
f 4550 4848 4871
f 4550 4567 4871
f 4851 4852 4872
f 4851 4872 4873
f 4570 4572 4872
f 4570 4872 4873
f 4572 4567 4872
f 4567 4871 4872
f 4871 4848 4872
f 4848 4852 4872
f 4855 4856 4874
f 4855 4874 4875
f 4875 4574 4576
f 4875 4576 4874
f 4576 4570 4874
f 4570 4873 4874
f 4873 4851 4874
f 4851 4856 4874
f 4876 4859 4860
f 4876 4860 4877
f 4876 4578 4580
f 4876 4580 4877
f 4580 4574 4877
f 4574 4875 4877
f 4875 4855 4877
f 4855 4860 4877
f 4878 4863 4864
f 4878 4864 4879
f 4878 4582 4584
f 4878 4584 4879
f 4584 4578 4879
f 4578 4876 4879
f 4876 4859 4879
f 4859 4864 4879
f 4867 4556 4880
f 4556 4587 4880
f 4587 4582 4880
f 4582 4878 4880
f 4878 4863 4880
f 4863 4867 4880
f 4605 4603 4881
f 4605 4604 4881
f 4882 4883 4884
f 4606 4607 4882
f 4606 4882 4884
f 4607 4603 4882
f 4885 4881 4603
f 4885 4603 4882
f 4882 4885 4886
f 4882 4886 4883
f 4887 4888 4889
f 4608 4609 4887
f 4608 4887 4889
f 4609 4606 4887
f 4606 4884 4887
f 4890 4883 4884
f 4890 4884 4887
f 4887 4890 4888
f 4891 4892 4893
f 4610 4611 4891
f 4610 4891 4893
f 4611 4608 4891
f 4608 4889 4891
f 4888 4889 4891
f 4888 4891 4894
f 4891 4894 4892
f 4613 4612 4895
f 4896 4895 4613
f 4896 4613 4610
f 4897 4896 4610
f 4897 4610 4893
f 4893 4892 4897
f 4612 4617 4898
f 4612 4895 4898
f 4899 4900 4901
f 4625 4627 4899
f 4625 4899 4901
f 4902 4626 4627
f 4902 4627 4899
f 4899 4902 4903
f 4899 4903 4904
f 4899 4904 4900
f 4905 4881 4604
f 4905 4604 4906
f 4604 4628 4906
f 4628 4625 4906
f 4625 4901 4906
f 4907 4900 4901
f 4907 4901 4906
f 4906 4907 4905
f 4881 4905 4908
f 4881 4885 4908
f 4896 4895 4909
f 4896 4897 4909
f 4910 4898 4617
f 4910 4617 4911
f 4617 4629 4911
f 4895 4909 4912
f 4910 4912 4895
f 4910 4895 4898
f 4629 4634 4913
f 4913 4629 4911
f 4913 4911 4914
f 4911 4910 4914
f 4915 4916 4917
f 4641 4643 4915
f 4641 4915 4917
f 4642 4643 4915
f 4642 4915 4918
f 4915 4918 4919
f 4915 4919 4920
f 4915 4920 4916
f 4902 4626 4921
f 4626 4644 4921
f 4644 4641 4921
f 4641 4917 4921
f 4922 4916 4917
f 4922 4917 4921
f 4922 4903 4902
f 4922 4902 4921
f 4923 4924 4913
f 4923 4913 4634
f 4634 4645 4923
f 4913 4914 4924
f 4645 4650 4925
f 4925 4645 4923
f 4925 4923 4926
f 4923 4924 4926
f 4918 4642 4927
f 4642 4658 4927
f 4928 4657 4658
f 4928 4658 4927
f 4927 4928 4929
f 4927 4929 4930
f 4930 4919 4918
f 4930 4918 4927
f 4925 4650 4931
f 4650 4664 4931
f 4932 4663 4664
f 4932 4664 4931
f 4931 4932 4933
f 4931 4933 4934
f 4934 4926 4925
f 4934 4925 4931
f 4673 4671 4935
f 4673 4672 4935
f 4928 4657 4936
f 4657 4674 4936
f 4674 4671 4936
f 4937 4935 4671
f 4937 4671 4936
f 4936 4937 4938
f 4929 4928 4936
f 4929 4936 4938
f 4932 4663 4939
f 4940 4675 4663
f 4940 4663 4939
f 4939 4940 4941
f 4939 4941 4942
f 4939 4942 4943
f 4933 4932 4939
f 4933 4939 4943
f 4675 4680 4944
f 4675 4940 4944
f 4672 4935 4945
f 4946 4945 4672
f 4946 4672 4686
f 4686 4685 4946
f 4945 4946 4947
f 4947 4945 4935
f 4947 4935 4948
f 4935 4937 4948
f 4949 4940 4941
f 4949 4941 4950
f 4950 4949 4951
f 4950 4951 4952
f 4950 4952 4953
f 4950 4953 4954
f 4954 4942 4941
f 4954 4941 4950
f 4944 4680 4955
f 4680 4692 4955
f 4691 4692 4955
f 4691 4955 4956
f 4951 4949 4955
f 4951 4955 4956
f 4949 4940 4955
f 4940 4944 4955
f 4685 4946 4957
f 4685 4698 4957
f 4698 4702 4958
f 4959 4958 4698
f 4959 4698 4957
f 4959 4957 4946
f 4959 4946 4960
f 4946 4947 4960
f 4961 4951 4952
f 4961 4952 4962
f 4961 4704 4709
f 4961 4709 4962
f 4963 4708 4709
f 4963 4709 4962
f 4962 4963 4964
f 4962 4964 4965
f 4965 4953 4952
f 4965 4952 4962
f 4956 4691 4966
f 4691 4714 4966
f 4714 4704 4966
f 4704 4961 4966
f 4961 4951 4966
f 4951 4956 4966
f 4958 4702 4967
f 4702 4724 4967
f 4723 4724 4967
f 4723 4967 4968
f 4967 4968 4969
f 4967 4969 4970
f 4959 4958 4967
f 4959 4967 4970
f 4963 4708 4971
f 4708 4730 4971
f 4972 4729 4730
f 4972 4730 4971
f 4971 4972 4973
f 4971 4973 4974
f 4974 4964 4963
f 4974 4963 4971
f 4975 4976 4968
f 4975 4968 4723
f 4723 4742 4975
f 4968 4969 4976
f 4742 4746 4977
f 4978 4977 4742
f 4978 4742 4975
f 4975 4976 4978
f 4979 4980 4981
f 4981 4748 4753
f 4981 4753 4979
f 4982 4752 4753
f 4982 4753 4979
f 4979 4982 4983
f 4979 4983 4984
f 4979 4984 4980
f 4972 4729 4985
f 4729 4758 4985
f 4758 4748 4985
f 4748 4981 4985
f 4986 4980 4981
f 4986 4981 4985
f 4986 4973 4972
f 4986 4972 4985
f 4987 4977 4746
f 4987 4746 4988
f 4746 4770 4988
f 4977 4978 4987
f 4770 4774 4989
f 4990 4989 4770
f 4990 4770 4988
f 4988 4987 4990
f 4991 4992 4993
f 4993 4776 4781
f 4993 4781 4991
f 4994 4780 4781
f 4994 4781 4991
f 4991 4994 4995
f 4991 4995 4996
f 4991 4996 4992
f 4982 4752 4997
f 4752 4786 4997
f 4786 4776 4997
f 4776 4993 4997
f 4998 4992 4993
f 4998 4993 4997
f 4998 4983 4982
f 4998 4982 4997
f 4999 5000 4989
f 4999 4989 4774
f 4774 4802 4999
f 4989 4990 5000
f 5001 5002 5003
f 5003 4807 4811
f 5003 4811 5001
f 4811 4802 5001
f 4802 4999 5001
f 5004 5000 4999
f 5004 4999 5001
f 5001 5004 5002
f 5005 5006 5007
f 5007 4813 4817
f 5007 4817 5005
f 4817 4807 5005
f 4807 5003 5005
f 5008 5002 5003
f 5008 5003 5005
f 5005 5008 5006
f 5009 5010 5011
f 5011 4819 4823
f 5011 4823 5009
f 4823 4813 5009
f 4813 5007 5009
f 5012 5006 5007
f 5012 5007 5009
f 5009 5012 5010
f 5013 5014 5015
f 5015 4825 4829
f 5015 4829 5013
f 4829 4819 5013
f 4819 5011 5013
f 5016 5010 5011
f 5016 5011 5013
f 5013 5016 5014
f 4994 4780 5017
f 4780 4834 5017
f 4834 4825 5017
f 4825 5015 5017
f 5018 5014 5015
f 5018 5015 5017
f 5018 4995 4994
f 5018 4994 5017
f 4886 4883 5019
f 4886 4885 5019
f 4890 4888 5020
f 5021 5020 4890
f 5021 4890 4883
f 4883 5019 5021
f 4894 4892 5022
f 5023 5022 4894
f 5023 4894 4888
f 4888 5020 5023
f 4892 4897 5024
f 4892 5022 5024
f 4904 4900 5025
f 4904 4903 5025
f 5026 5027 5028
f 5028 4905 4907
f 5028 4907 5026
f 4907 4900 5026
f 5029 5025 4900
f 5029 4900 5026
f 5026 5029 5030
f 5026 5030 5027
f 5019 4885 5031
f 5019 5031 5032
f 4885 4908 5031
f 4908 4905 5031
f 4905 5028 5031
f 5027 5028 5031
f 5027 5031 5033
f 5031 5033 5032
f 5021 5020 5034
f 5019 5032 5035
f 5035 5019 5021
f 5035 5021 5034
f 5023 5022 5036
f 5020 5034 5037
f 5036 5037 5020
f 5036 5020 5023
f 5038 5024 4897
f 5038 4897 5039
f 4897 4909 5039
f 5022 5036 5040
f 5038 5040 5022
f 5038 5022 5024
f 4912 4910 5041
f 5041 4912 4909
f 5041 4909 5042
f 5042 4909 5039
f 5042 5039 5043
f 5039 5038 5043
f 4910 4914 5044
f 4910 5041 5044
f 4920 4916 5045
f 4920 4919 5045
f 5046 5025 4903
f 5046 4903 5047
f 4903 4922 5047
f 4922 4916 5047
f 5048 5045 4916
f 5048 4916 5047
f 5047 5048 5049
f 5047 5049 5046
f 5025 5046 5050
f 5025 5029 5050
f 5042 5041 5051
f 5042 5043 5051
f 5044 4914 5052
f 5053 4924 4914
f 5053 4914 5052
f 5052 5053 5054
f 5052 5054 5055
f 5055 5051 5041
f 5055 5041 5052
f 5041 5044 5052
f 4924 4926 5056
f 4924 5053 5056
f 5045 4919 5057
f 5045 5057 5058
f 4919 4930 5057
f 4929 4930 5057
f 4929 5057 5059
f 5057 5059 5060
f 5057 5060 5061
f 5057 5061 5058
f 5045 5058 5062
f 5045 5048 5062
f 5054 5053 5063
f 5054 5055 5063
f 5056 4926 5064
f 4926 4934 5064
f 4933 4934 5064
f 4933 5064 5065
f 5064 5065 5066
f 5066 5063 5053
f 5066 5053 5064
f 5053 5056 5064
f 5059 4929 5067
f 4929 4938 5067
f 4937 4938 5067
f 4937 5067 5068
f 5067 5068 5069
f 5067 5069 5070
f 5070 5060 5059
f 5070 5059 5067
f 5065 4933 5071
f 4933 4943 5071
f 5072 4942 4943
f 5072 4943 5071
f 5071 5072 5073
f 5071 5073 5074
f 5074 5066 5065
f 5074 5065 5071
f 5068 4937 5075
f 4937 4948 5075
f 4947 4948 5075
f 4947 5075 5076
f 5075 5076 5077
f 5075 5077 5078
f 5069 5068 5075
f 5069 5075 5078
f 5072 4942 5079
f 4942 4954 5079
f 5080 4953 4954
f 5080 4954 5079
f 5079 5080 5081
f 5079 5081 5082
f 5082 5073 5072
f 5082 5072 5079
f 5076 4947 5083
f 4947 4960 5083
f 4959 4960 5083
f 4959 5083 5084
f 5083 5084 5085
f 5083 5085 5086
f 5077 5076 5083
f 5077 5083 5086
f 5080 4953 5087
f 4953 4965 5087
f 5088 4964 4965
f 5088 4965 5087
f 5087 5088 5089
f 5087 5089 5090
f 5090 5081 5080
f 5090 5080 5087
f 5091 5092 5084
f 5091 5084 4959
f 5091 4959 4970
f 5091 4970 5093
f 4970 4969 5093
f 5084 5085 5092
f 5091 5093 5094
f 5091 5092 5094
f 5095 5096 5097
f 5095 5097 5098
f 5095 5098 5099
f 5095 5099 5100
f 5095 5100 5101
f 5095 5101 5096
f 5088 4964 5102
f 4964 4974 5102
f 5103 4973 4974
f 5103 4974 5102
f 5103 5098 5097
f 5103 5097 5102
f 5104 5096 5097
f 5104 5097 5102
f 5104 5089 5088
f 5104 5088 5102
f 4969 5093 5105
f 4969 4976 5105
f 5106 5107 5108
f 5106 5108 5109
f 4978 4976 5106
f 4978 5106 5109
f 4976 5105 5106
f 5105 5093 5106
f 5094 5093 5106
f 5094 5106 5107
f 5108 5109 5110
f 5108 5107 5110
f 5111 5112 5113
f 5111 5113 5114
f 5111 5114 5115
f 5111 5115 5116
f 5111 5116 5117
f 5111 5117 5112
f 5118 5098 5099
f 5118 5099 5119
f 5118 4980 4984
f 5118 4984 5119
f 5120 4983 4984
f 5120 4984 5119
f 5120 5114 5113
f 5120 5113 5119
f 5121 5112 5113
f 5121 5113 5119
f 5121 5100 5099
f 5121 5099 5119
f 5103 4973 5122
f 4973 4986 5122
f 4986 4980 5122
f 4980 5118 5122
f 5118 5098 5122
f 5098 5103 5122
f 4978 5109 5123
f 4978 4987 5123
f 5124 5125 5126
f 5124 5126 5127
f 5127 4990 4987
f 5127 4987 5124
f 4987 5123 5124
f 5123 5109 5124
f 5125 5110 5109
f 5125 5109 5124
f 5128 5129 5130
f 5128 5130 5131
f 5128 5131 5132
f 5132 5127 5126
f 5132 5126 5128
f 5125 5126 5128
f 5125 5128 5133
f 5128 5133 5129
f 5134 5135 5136
f 5134 5136 5137
f 5134 5137 5138
f 5131 5130 5134
f 5131 5134 5138
f 5129 5130 5134
f 5129 5134 5139
f 5134 5139 5135
f 5140 5141 5142
f 5140 5142 5143
f 5140 5143 5144
f 5144 5137 5136
f 5144 5136 5140
f 5145 5135 5136
f 5145 5136 5140
f 5140 5145 5141
f 5146 5147 5148
f 5146 5148 5149
f 5146 5149 5150
f 5150 5143 5142
f 5150 5142 5146
f 5151 5141 5142
f 5151 5142 5146
f 5146 5151 5147
f 5152 5114 5115
f 5152 5115 5153
f 5152 4992 4996
f 5152 4996 5153
f 5154 4995 4996
f 5154 4996 5153
f 5154 5149 5148
f 5154 5148 5153
f 5155 5147 5148
f 5155 5148 5153
f 5155 5116 5115
f 5155 5115 5153
f 5120 4983 5156
f 4983 4998 5156
f 4998 4992 5156
f 4992 5152 5156
f 5152 5114 5156
f 5114 5120 5156
f 4990 5127 5157
f 4990 5000 5157
f 5131 5132 5158
f 5131 5158 5159
f 5002 5004 5158
f 5002 5158 5159
f 5004 5000 5158
f 5000 5157 5158
f 5157 5127 5158
f 5127 5132 5158
f 5160 5137 5138
f 5160 5138 5161
f 5160 5006 5008
f 5160 5008 5161
f 5008 5002 5161
f 5002 5159 5161
f 5159 5131 5161
f 5131 5138 5161
f 5162 5143 5144
f 5162 5144 5163
f 5162 5010 5012
f 5162 5012 5163
f 5012 5006 5163
f 5006 5160 5163
f 5160 5137 5163
f 5137 5144 5163
f 5164 5149 5150
f 5164 5150 5165
f 5164 5014 5016
f 5164 5016 5165
f 5016 5010 5165
f 5010 5162 5165
f 5162 5143 5165
f 5143 5150 5165
f 5154 4995 5166
f 4995 5018 5166
f 5018 5014 5166
f 5014 5164 5166
f 5164 5149 5166
f 5149 5154 5166
f 5030 5027 5167
f 5030 5029 5167
f 5033 5032 5168
f 5168 5033 5027
f 5168 5027 5169
f 5027 5167 5169
f 5035 5034 5170
f 5170 5035 5032
f 5170 5032 5171
f 5032 5168 5171
f 5037 5036 5172
f 5172 5037 5034
f 5172 5034 5173
f 5034 5170 5173
f 5040 5038 5174
f 5174 5040 5036
f 5174 5036 5175
f 5036 5172 5175
f 5038 5043 5176
f 5038 5174 5176
f 5049 5046 5177
f 5049 5048 5177
f 5029 5167 5178
f 5179 5178 5029
f 5179 5029 5050
f 5179 5050 5046
f 5179 5046 5180
f 5046 5177 5180
f 5169 5168 5181
f 5178 5179 5182
f 5183 5182 5178
f 5183 5178 5167
f 5183 5167 5169
f 5183 5169 5181
f 5171 5170 5184
f 5168 5181 5185
f 5185 5168 5171
f 5185 5171 5184
f 5173 5172 5186
f 5170 5184 5187
f 5186 5187 5170
f 5186 5170 5173
f 5174 5175 5188
f 5174 5188 5189
f 5188 5189 5190
f 5188 5190 5191
f 5188 5191 5192
f 5186 5172 5188
f 5186 5188 5192
f 5172 5175 5188
f 5176 5043 5193
f 5194 5051 5043
f 5194 5043 5193
f 5193 5194 5195
f 5190 5189 5193
f 5190 5193 5195
f 5189 5174 5193
f 5174 5176 5193
f 5051 5055 5196
f 5051 5194 5196
f 5061 5058 5197
f 5061 5060 5197
f 5048 5177 5198
f 5199 5198 5048
f 5199 5048 5062
f 5199 5062 5058
f 5199 5058 5200
f 5058 5197 5200
f 5180 5179 5201
f 5198 5199 5202
f 5202 5198 5177
f 5202 5177 5203
f 5203 5177 5180
f 5203 5180 5201
f 5179 5201 5204
f 5179 5182 5204
f 5191 5190 5205
f 5191 5192 5205
f 5206 5194 5195
f 5206 5195 5207
f 5207 5206 5208
f 5207 5208 5209
f 5207 5209 5210
f 5210 5205 5190
f 5210 5190 5207
f 5190 5195 5207
f 5196 5055 5211
f 5212 5063 5055
f 5212 5055 5211
f 5211 5212 5213
f 5208 5206 5211
f 5208 5211 5213
f 5206 5194 5211
f 5194 5196 5211
f 5063 5066 5214
f 5063 5212 5214
f 5060 5197 5215
f 5216 5215 5060
f 5216 5060 5070
f 5070 5069 5216
f 5199 5200 5217
f 5199 5217 5218
f 5217 5218 5219
f 5217 5219 5220
f 5216 5215 5217
f 5216 5217 5220
f 5215 5197 5217
f 5197 5200 5217
f 5218 5219 5221
f 5222 5221 5218
f 5222 5218 5199
f 5199 5202 5222
f 5208 5209 5223
f 5208 5223 5224
f 5223 5224 5225
f 5223 5225 5226
f 5223 5226 5227
f 5223 5227 5228
f 5210 5209 5223
f 5210 5223 5228
f 5229 5212 5213
f 5229 5213 5230
f 5230 5229 5231
f 5230 5231 5232
f 5232 5225 5224
f 5232 5224 5230
f 5224 5208 5230
f 5208 5213 5230
f 5214 5066 5233
f 5066 5074 5233
f 5073 5074 5233
f 5073 5233 5234
f 5231 5229 5233
f 5231 5233 5234
f 5229 5212 5233
f 5212 5214 5233
f 5069 5216 5235
f 5235 5069 5078
f 5235 5078 5236
f 5078 5077 5236
f 5237 5219 5220
f 5237 5220 5238
f 5238 5237 5239
f 5238 5239 5240
f 5236 5235 5238
f 5236 5238 5240
f 5235 5216 5238
f 5216 5220 5238
f 5237 5239 5241
f 5241 5237 5219
f 5241 5219 5242
f 5219 5221 5242
f 5243 5225 5226
f 5243 5226 5244
f 5244 5243 5245
f 5244 5245 5246
f 5244 5246 5247
f 5244 5247 5248
f 5248 5227 5226
f 5248 5226 5244
f 5249 5231 5232
f 5249 5232 5250
f 5250 5249 5251
f 5250 5251 5252
f 5252 5245 5243
f 5252 5243 5250
f 5243 5225 5250
f 5225 5232 5250
f 5234 5073 5253
f 5073 5082 5253
f 5254 5081 5082
f 5254 5082 5253
f 5254 5251 5249
f 5254 5249 5253
f 5249 5231 5253
f 5231 5234 5253
f 5077 5236 5255
f 5255 5077 5086
f 5255 5086 5256
f 5086 5085 5256
f 5239 5240 5257
f 5239 5257 5258
f 5257 5258 5259
f 5257 5259 5260
f 5260 5256 5255
f 5260 5255 5257
f 5255 5236 5257
f 5236 5240 5257
f 5258 5259 5261
f 5262 5261 5258
f 5262 5258 5239
f 5239 5241 5262
f 5263 5245 5246
f 5263 5246 5264
f 5264 5263 5265
f 5264 5265 5266
f 5264 5266 5267
f 5264 5267 5268
f 5268 5247 5246
f 5268 5246 5264
f 5269 5251 5252
f 5269 5252 5270
f 5270 5269 5271
f 5270 5271 5272
f 5272 5265 5263
f 5272 5263 5270
f 5263 5245 5270
f 5245 5252 5270
f 5254 5081 5273
f 5081 5090 5273
f 5274 5089 5090
f 5274 5090 5273
f 5274 5271 5269
f 5274 5269 5273
f 5269 5251 5273
f 5251 5254 5273
f 5085 5256 5275
f 5085 5092 5275
f 5259 5260 5276
f 5259 5276 5277
f 5276 5277 5278
f 5094 5092 5276
f 5094 5276 5278
f 5092 5275 5276
f 5275 5256 5276
f 5256 5260 5276
f 5279 5280 5281
f 5279 5281 5282
f 5279 5282 5283
f 5283 5278 5277
f 5283 5277 5279
f 5277 5259 5279
f 5280 5261 5259
f 5280 5259 5279
f 5284 5285 5286
f 5284 5286 5287
f 5284 5287 5288
f 5282 5281 5284
f 5282 5284 5288
f 5289 5280 5281
f 5289 5281 5284
f 5284 5289 5285
f 5290 5291 5292
f 5290 5292 5293
f 5290 5293 5294
f 5287 5286 5290
f 5287 5290 5294
f 5285 5286 5290
f 5285 5290 5295
f 5290 5295 5291
f 5296 5297 5298
f 5296 5298 5299
f 5296 5299 5300
f 5300 5293 5292
f 5300 5292 5296
f 5301 5291 5292
f 5301 5292 5296
f 5296 5301 5297
f 5302 5303 5304
f 5302 5304 5305
f 5302 5305 5306
f 5306 5299 5298
f 5306 5298 5302
f 5307 5297 5298
f 5307 5298 5302
f 5302 5307 5303
f 5308 5265 5266
f 5308 5266 5309
f 5309 5308 5310
f 5309 5310 5311
f 5311 5305 5304
f 5311 5304 5309
f 5312 5303 5304
f 5312 5304 5309
f 5312 5267 5266
f 5312 5266 5309
f 5313 5271 5272
f 5313 5272 5314
f 5313 5096 5101
f 5313 5101 5314
f 5315 5100 5101
f 5315 5101 5314
f 5315 5310 5308
f 5315 5308 5314
f 5308 5265 5314
f 5265 5272 5314
f 5274 5089 5316
f 5089 5104 5316
f 5104 5096 5316
f 5096 5313 5316
f 5313 5271 5316
f 5271 5274 5316
f 5094 5278 5317
f 5094 5107 5317
f 5282 5283 5318
f 5282 5318 5319
f 5318 5319 5320
f 5320 5110 5107
f 5320 5107 5318
f 5107 5317 5318
f 5317 5278 5318
f 5278 5283 5318
f 5321 5287 5288
f 5321 5288 5322
f 5322 5321 5323
f 5322 5323 5324
f 5324 5320 5319
f 5324 5319 5322
f 5319 5282 5322
f 5282 5288 5322
f 5325 5293 5294
f 5325 5294 5326
f 5326 5325 5327
f 5326 5327 5328
f 5328 5323 5321
f 5328 5321 5326
f 5321 5287 5326
f 5287 5294 5326
f 5329 5299 5300
f 5329 5300 5330
f 5330 5329 5331
f 5330 5331 5332
f 5332 5327 5325
f 5332 5325 5330
f 5325 5293 5330
f 5293 5300 5330
f 5333 5305 5306
f 5333 5306 5334
f 5334 5333 5335
f 5334 5335 5336
f 5336 5331 5329
f 5336 5329 5334
f 5329 5299 5334
f 5299 5306 5334
f 5337 5310 5311
f 5337 5311 5338
f 5337 5112 5117
f 5337 5117 5338
f 5339 5116 5117
f 5339 5117 5338
f 5339 5335 5333
f 5339 5333 5338
f 5333 5305 5338
f 5305 5311 5338
f 5315 5100 5340
f 5100 5121 5340
f 5121 5112 5340
f 5112 5337 5340
f 5337 5310 5340
f 5310 5315 5340
f 5110 5320 5341
f 5110 5125 5341
f 5323 5324 5342
f 5323 5342 5343
f 5343 5129 5133
f 5343 5133 5342
f 5133 5125 5342
f 5125 5341 5342
f 5341 5320 5342
f 5320 5324 5342
f 5344 5327 5328
f 5344 5328 5345
f 5344 5135 5139
f 5344 5139 5345
f 5139 5129 5345
f 5129 5343 5345
f 5343 5323 5345
f 5323 5328 5345
f 5346 5331 5332
f 5346 5332 5347
f 5346 5141 5145
f 5346 5145 5347
f 5145 5135 5347
f 5135 5344 5347
f 5344 5327 5347
f 5327 5332 5347
f 5348 5335 5336
f 5348 5336 5349
f 5348 5147 5151
f 5348 5151 5349
f 5151 5141 5349
f 5141 5346 5349
f 5346 5331 5349
f 5331 5336 5349
f 5339 5116 5350
f 5116 5155 5350
f 5155 5147 5350
f 5147 5348 5350
f 5348 5335 5350
f 5335 5339 5350
f 5351 5352 5353
f 5181 5183 5351
f 5181 5351 5353
f 5182 5183 5351
f 5182 5351 5354
f 5351 5354 5355
f 5351 5355 5356
f 5351 5356 5352
f 5357 5358 5359
f 5184 5185 5357
f 5184 5357 5359
f 5185 5181 5357
f 5181 5353 5357
f 5360 5352 5353
f 5360 5353 5357
f 5357 5360 5358
f 5361 5362 5363
f 5186 5187 5361
f 5186 5361 5363
f 5187 5184 5361
f 5184 5359 5361
f 5358 5359 5361
f 5358 5361 5364
f 5361 5364 5362
f 5186 5192 5365
f 5365 5186 5363
f 5365 5363 5366
f 5363 5362 5366
f 5367 5368 5369
f 5369 5201 5203
f 5369 5203 5367
f 5202 5203 5367
f 5202 5367 5370
f 5367 5370 5371
f 5367 5371 5372
f 5367 5372 5368
f 5354 5182 5373
f 5182 5204 5373
f 5204 5201 5373
f 5201 5369 5373
f 5368 5369 5373
f 5368 5373 5374
f 5374 5355 5354
f 5374 5354 5373
f 5375 5365 5192
f 5375 5192 5376
f 5192 5205 5376
f 5365 5366 5375
f 5205 5210 5377
f 5377 5205 5376
f 5377 5376 5378
f 5376 5375 5378
f 5370 5202 5379
f 5202 5222 5379
f 5380 5221 5222
f 5380 5222 5379
f 5379 5380 5381
f 5379 5381 5382
f 5382 5371 5370
f 5382 5370 5379
f 5377 5210 5383
f 5210 5228 5383
f 5384 5227 5228
f 5384 5228 5383
f 5383 5384 5385
f 5383 5385 5386
f 5386 5378 5377
f 5386 5377 5383
f 5380 5221 5387
f 5221 5242 5387
f 5241 5242 5387
f 5241 5387 5388
f 5387 5388 5389
f 5387 5389 5390
f 5381 5380 5387
f 5381 5387 5390
f 5384 5227 5391
f 5227 5248 5391
f 5392 5247 5248
f 5392 5248 5391
f 5391 5392 5393
f 5391 5393 5394
f 5394 5385 5384
f 5394 5384 5391
f 5395 5396 5388
f 5395 5388 5241
f 5395 5241 5262
f 5395 5262 5397
f 5262 5261 5397
f 5388 5389 5396
f 5395 5397 5398
f 5395 5396 5398
f 5399 5400 5401
f 5399 5401 5402
f 5399 5402 5403
f 5399 5403 5404
f 5399 5404 5405
f 5399 5405 5400
f 5392 5247 5406
f 5247 5268 5406
f 5407 5267 5268
f 5407 5268 5406
f 5407 5402 5401
f 5407 5401 5406
f 5408 5400 5401
f 5408 5401 5406
f 5408 5393 5392
f 5408 5392 5406
f 5261 5397 5409
f 5261 5280 5409
f 5410 5411 5412
f 5412 5285 5289
f 5412 5289 5410
f 5289 5280 5410
f 5280 5409 5410
f 5409 5397 5410
f 5398 5397 5410
f 5398 5410 5411
f 5413 5414 5415
f 5415 5291 5295
f 5415 5295 5413
f 5295 5285 5413
f 5285 5412 5413
f 5416 5411 5412
f 5416 5412 5413
f 5413 5416 5414
f 5417 5418 5419
f 5419 5297 5301
f 5419 5301 5417
f 5301 5291 5417
f 5291 5415 5417
f 5420 5414 5415
f 5420 5415 5417
f 5417 5420 5418
f 5421 5402 5403
f 5421 5403 5422
f 5421 5303 5307
f 5421 5307 5422
f 5307 5297 5422
f 5297 5419 5422
f 5423 5418 5419
f 5423 5419 5422
f 5423 5404 5403
f 5423 5403 5422
f 5407 5267 5424
f 5267 5312 5424
f 5312 5303 5424
f 5303 5421 5424
f 5421 5402 5424
f 5402 5407 5424
f 5356 5352 5425
f 5356 5355 5425
f 5360 5358 5426
f 5426 5360 5352
f 5426 5352 5427
f 5352 5425 5427
f 5364 5362 5428
f 5429 5428 5364
f 5429 5364 5358
f 5358 5426 5429
f 5362 5366 5430
f 5362 5428 5430
f 5372 5368 5431
f 5372 5371 5431
f 5432 5425 5355
f 5432 5355 5433
f 5355 5374 5433
f 5374 5368 5433
f 5434 5431 5368
f 5434 5368 5433
f 5433 5434 5435
f 5433 5435 5432
f 5427 5426 5436
f 5425 5432 5437
f 5437 5425 5427
f 5437 5427 5436
f 5429 5428 5438
f 5426 5436 5439
f 5438 5439 5426
f 5438 5426 5429
f 5430 5366 5440
f 5375 5366 5440
f 5375 5440 5441
f 5440 5441 5442
f 5440 5442 5443
f 5438 5428 5440
f 5438 5440 5443
f 5428 5430 5440
f 5375 5378 5444
f 5375 5441 5444
f 5445 5431 5371
f 5445 5371 5446
f 5371 5382 5446
f 5381 5382 5446
f 5381 5446 5447
f 5446 5447 5448
f 5446 5448 5449
f 5446 5449 5445
f 5431 5445 5450
f 5431 5434 5450
f 5442 5441 5451
f 5442 5443 5451
f 5444 5378 5452
f 5378 5386 5452
f 5385 5386 5452
f 5385 5452 5453
f 5452 5453 5454
f 5454 5451 5441
f 5454 5441 5452
f 5441 5444 5452
f 5455 5456 5447
f 5455 5447 5381
f 5457 5455 5381
f 5457 5381 5390
f 5390 5389 5457
f 5447 5448 5456
f 5455 5457 5458
f 5455 5456 5458
f 5459 5460 5461
f 5459 5461 5462
f 5459 5462 5463
f 5459 5463 5464
f 5459 5464 5465
f 5459 5465 5460
f 5453 5385 5466
f 5385 5394 5466
f 5467 5393 5394
f 5467 5394 5466
f 5467 5462 5461
f 5467 5461 5466
f 5468 5460 5461
f 5468 5461 5466
f 5468 5454 5453
f 5468 5453 5466
f 5389 5457 5469
f 5389 5396 5469
f 5470 5471 5472
f 5470 5472 5473
f 5398 5396 5470
f 5398 5470 5473
f 5396 5469 5470
f 5469 5457 5470
f 5471 5458 5457
f 5471 5457 5470
f 5472 5473 5474
f 5472 5471 5474
f 5475 5476 5477
f 5475 5477 5478
f 5475 5478 5479
f 5475 5479 5480
f 5475 5480 5481
f 5475 5481 5476
f 5482 5462 5463
f 5482 5463 5483
f 5482 5400 5405
f 5482 5405 5483
f 5484 5404 5405
f 5484 5405 5483
f 5484 5478 5477
f 5484 5477 5483
f 5485 5476 5477
f 5485 5477 5483
f 5485 5464 5463
f 5485 5463 5483
f 5467 5393 5486
f 5393 5408 5486
f 5408 5400 5486
f 5400 5482 5486
f 5482 5462 5486
f 5462 5467 5486
f 5398 5473 5487
f 5398 5411 5487
f 5488 5489 5490
f 5414 5416 5488
f 5414 5488 5490
f 5416 5411 5488
f 5411 5487 5488
f 5487 5473 5488
f 5489 5474 5473
f 5489 5473 5488
f 5491 5478 5479
f 5491 5479 5492
f 5491 5418 5420
f 5491 5420 5492
f 5420 5414 5492
f 5414 5490 5492
f 5493 5489 5490
f 5493 5490 5492
f 5493 5480 5479
f 5493 5479 5492
f 5484 5404 5494
f 5404 5423 5494
f 5423 5418 5494
f 5418 5491 5494
f 5491 5478 5494
f 5478 5484 5494
f 5435 5432 5495
f 5435 5434 5495
f 5437 5436 5496
f 5496 5437 5432
f 5496 5432 5497
f 5432 5495 5497
f 5439 5438 5498
f 5498 5439 5436
f 5498 5436 5499
f 5436 5496 5499
f 5438 5443 5500
f 5438 5498 5500
f 5449 5445 5501
f 5449 5448 5501
f 5434 5495 5502
f 5502 5434 5450
f 5502 5450 5503
f 5503 5450 5445
f 5503 5445 5504
f 5445 5501 5504
f 5496 5497 5505
f 5496 5505 5506
f 5505 5506 5507
f 5505 5507 5508
f 5503 5502 5505
f 5503 5505 5508
f 5502 5495 5505
f 5495 5497 5505
f 5509 5498 5499
f 5509 5499 5510
f 5510 5509 5511
f 5510 5511 5512
f 5507 5506 5510
f 5507 5510 5512
f 5506 5496 5510
f 5496 5499 5510
f 5500 5443 5513
f 5514 5451 5443
f 5514 5443 5513
f 5513 5514 5515
f 5511 5509 5513
f 5511 5513 5515
f 5509 5498 5513
f 5498 5500 5513
f 5451 5454 5516
f 5451 5514 5516
f 5448 5501 5517
f 5448 5456 5517
f 5503 5504 5518
f 5503 5518 5519
f 5518 5519 5520
f 5520 5458 5456
f 5520 5456 5518
f 5456 5517 5518
f 5517 5501 5518
f 5501 5504 5518
f 5521 5507 5508
f 5521 5508 5522
f 5522 5521 5523
f 5522 5523 5524
f 5524 5520 5519
f 5524 5519 5522
f 5519 5503 5522
f 5503 5508 5522
f 5525 5511 5512
f 5525 5512 5526
f 5526 5525 5527
f 5526 5527 5528
f 5528 5523 5521
f 5528 5521 5526
f 5521 5507 5526
f 5507 5512 5526
f 5529 5514 5515
f 5529 5515 5530
f 5529 5460 5465
f 5529 5465 5530
f 5531 5464 5465
f 5531 5465 5530
f 5531 5527 5525
f 5531 5525 5530
f 5525 5511 5530
f 5511 5515 5530
f 5516 5454 5532
f 5454 5468 5532
f 5468 5460 5532
f 5460 5529 5532
f 5529 5514 5532
f 5514 5516 5532
f 5458 5520 5533
f 5458 5471 5533
f 5534 5523 5524
f 5534 5524 5535
f 5535 5534 5536
f 5536 5474 5471
f 5536 5471 5535
f 5471 5533 5535
f 5533 5520 5535
f 5520 5524 5535
f 5537 5527 5528
f 5537 5528 5538
f 5537 5476 5481
f 5537 5481 5538
f 5539 5480 5481
f 5539 5481 5538
f 5539 5536 5534
f 5539 5534 5538
f 5534 5523 5538
f 5523 5528 5538
f 5531 5464 5540
f 5464 5485 5540
f 5485 5476 5540
f 5476 5537 5540
f 5537 5527 5540
f 5527 5531 5540
f 5474 5536 5541
f 5474 5489 5541
f 5539 5480 5542
f 5480 5493 5542
f 5493 5489 5542
f 5489 5541 5542
f 5541 5536 5542
f 5536 5539 5542
