o normalized-product-subtractive-0.125-amplitude-0p1
v -0.09868058919607801 -0.10388830017263384 -0.7284422677401654
v -0.0676470588235294 -0.11331004731807695 -0.7071428571428572
v -0.0676470588235294 -0.10390025823656304 -0.7284506573659697
v -0.0676470588235294 -0.07352941176470584 -0.7297135598726533
v -0.0989723677700109 -0.07352941176470584 -0.7286425257055044
v -0.12077318546577796 -0.07352941176470584 -0.7071428571428572
v -0.10145458857612326 -0.10660199521833028 -0.7071428571428572
v -0.03854936345075018 -0.11124074557522233 -0.7336006500702354
v 0 -0.12464545651141293 -0.7071428571428572
v 0 -0.11136309077984197 -0.7336864859122066
v 0 -0.07352941176470584 -0.735553162102046
v -0.04034395337226002 -0.07352941176470584 -0.7348323406685388
v -0.04747742953694553 -0.11997472326823952 -0.7071428571428572
v 0.03647450480336735 -0.10402430156703828 -0.7285376845914777
v 0.0676470588235294 -0.11331004731807695 -0.7071428571428572
v 0.0676470588235294 -0.10390025823656304 -0.7284506573659697
v 0.0676470588235294 -0.07352941176470584 -0.7297135598726533
v 0.03366348712113177 -0.07352941176470584 -0.7304669855472977
v 0.021319344728033655 -0.11885000164073428 -0.7071428571428572
v 0.12077318546577798 -0.07352941176470584 -0.7071428571428572
v -0.15614871359955873 -0.027754176347394396 -0.7214561046754736
v -0.1352941176470588 -0.05089534922816162 -0.7071428571428572
v -0.1352941176470588 -0.027999958118287344 -0.7216285420448937
v -0.1352941176470588 -0.007352941176470562 -0.7221364536345211
v -0.15614871359955873 -0.007352941176470562 -0.7214561046754736
v -0.1612483226596694 -0.007352941176470562 -0.7071428571428572
v -0.15815603317211685 -0.02971785853794036 -0.7071428571428572
v -0.0676470588235294 -0.05219255093703404 -0.7386017579589985
v -0.11209381647972966 -0.05083346497057952 -0.7376482405031686
v -0.0676470588235294 -0.007352941176470562 -0.7404645267821754
v -0.11285725588008849 -0.007352941176470562 -0.7381722159922347
v -0.12788238496946625 -0.06627880371053924 -0.7071428571428572
v 0 -0.05663824737281329 -0.7417208021250532
v -0.049532466408269187 -0.0558086148367339 -0.7411387424727562
v 0 -0.007352941176470562 -0.744364635054254
v -0.0519441572558422 -0.007352941176470562 -0.7427939712842893
v 0.0676470588235294 -0.05219255093703404 -0.7386017579589985
v 0.020862779257691078 -0.053120171186529785 -0.7392525645467399
v 0.0676470588235294 -0.007352941176470562 -0.7404645267821754
v 0.016470662780150885 -0.007352941176470562 -0.7422670295825673
v 0.11282188567692092 -0.029336646364648916 -0.722566345544722
v 0.1352941176470588 -0.05089534922816162 -0.7071428571428572
v 0.1352941176470588 -0.027999958118287344 -0.7216285420448937
v 0.1352941176470588 -0.007352941176470562 -0.7221364536345211
v 0.1098792176868422 -0.007352941176470562 -0.7245860027677263
v 0.16124832265966943 -0.007352941176470562 -0.7071428571428572
v -0.1475467849213385 0.04683722446953459 -0.715552296483279
v -0.1352941176470588 0.04615679939142822 -0.71602967407776
v -0.1352941176470588 0.05882352941176472 -0.7158685453063173
v -0.1475467849213385 0.05882352941176472 -0.715552296483279
v -0.15022849283045459 0.05882352941176472 -0.7071428571428572
v -0.1512606893192722 0.04320405712372989 -0.7071428571428572
v -0.0676470588235294 0.01379152595346693 -0.7387367389342343
v -0.11012778876742632 0.017266293597082944 -0.7362988860795069
v -0.0676470588235294 0.05882352941176472 -0.737881782108239
v -0.10976991250133909 0.05882352941176472 -0.7360532629279377
v 0 0.007324424317914835 -0.7432739753198121
v -0.0501713103699187 0.00974289970206164 -0.7415772037010933
v 0 0.05882352941176472 -0.7421961475855726
v -0.04906787604175643 0.05882352941176472 -0.7408198776559881
v 0.01877575742911703 0.011014647612883056 -0.7406849615160408
v 0.0676470588235294 0.01379152595346693 -0.7387367389342343
v 0.0676470588235294 0.05882352941176472 -0.737881782108239
v 0.020586600254266542 0.05882352941176472 -0.7394421159745562
v 0.11973675668196704 0.043604371945914086 -0.7178204247617556
v 0.1352941176470588 0.04615679939142822 -0.71602967407776
v 0.1352941176470588 0.05882352941176472 -0.7158685453063173
v 0.1207140497774665 0.05882352941176472 -0.7171496739104966
v 0.15022849283045459 0.05882352941176472 -0.7071428571428572
v 0.15987758758046758 0.016696105497516215 -0.7071428571428572
v -0.1352941176470588 0.07630715941040221 -0.7071428571428572
v -0.07625417676157917 0.11657999332147305 -0.713050226907792
v -0.0676470588235294 0.11523659128265425 -0.7139927407191538
v -0.0676470588235294 0.125 -0.7129972985282694
v -0.07591981259644007 0.125 -0.7128207409435194
v -0.08012514798703882 0.125 -0.7071428571428572
v -0.026756286262126318 0.09882537213487644 -0.725506643676801
v 0 0.09634964020111433 -0.7272435857636627
v 0 0.125 -0.7238409837412493
v -0.023877438834506298 0.125 -0.7235307887652979
v 0.056281659516361195 0.11388167459081372 -0.7149433330648577
v 0.0676470588235294 0.11523659128265425 -0.7139927407191538
v 0.0676470588235294 0.125 -0.7129972985282694
v 0.058897529329106274 0.125 -0.7131479690008308
v 0.1352941176470588 0.07630715941040221 -0.7071428571428572
v 0.08012514798703883 0.125 -0.7071428571428572
v 0.11629424170829025 0.10641316484250904 -0.7071428571428572
v 0.14781659013584958 0.07107377423775567 -0.7071428571428572
v -0.0676470588235294 0.1339865734697452 -0.7071428571428572
v 0 0.15092638031773836 -0.7071428571428572
v -0.0577996587342027 0.13463332617434134 -0.7071428571428572
v 0.0676470588235294 0.1339865734697452 -0.7071428571428572
v 0.025210945524744403 0.1496628814915978 -0.7071428571428572
v 0.07595147560778034 0.13312388598459332 -0.7071428571428572
v -0.06899599223912374 -0.14102549112906604 -0.6616401064746782
v -0.0676470588235294 -0.14112159471304278 -0.6607142857142858
v -0.0676470588235294 -0.14102549159333727 -0.661640106800405
v -0.0676470588235294 -0.13970588235294112 -0.6623353014459007
v -0.06923138759778241 -0.13970588235294112 -0.6618016666431986
v -0.0699590641502639 -0.13970588235294112 -0.6607142857142858
v -0.06899599223912374 -0.14102549112906604 -0.6607142857142858
v -0.0177384949512887 -0.15705875784876705 -0.6728888428081827
v 0 -0.15882010606424427 -0.6607142857142858
v 0 -0.15716502149292635 -0.6729633960315452
v 0 -0.13970588235294112 -0.6828501070813425
v -0.026195589686685415 -0.13970588235294112 -0.6786932463377562
v -0.018693781011628774 -0.15799327682083886 -0.6607142857142858
v 0.06628712970317273 -0.14103624779676832 -0.6616476532161455
v 0.0676470588235294 -0.14112159471304278 -0.6607142857142858
v 0.0676470588235294 -0.14102549159333727 -0.661640106800405
v 0.0676470588235294 -0.13970588235294112 -0.6623353014459007
v 0.06429329579184442 -0.13970588235294112 -0.663016092018641
v 0.06610997094462123 -0.14120955527795997 -0.6607142857142858
v 0.0699590641502639 -0.13970588235294112 -0.6607142857142858
v -0.16122561225205 -0.09889717822611026 -0.6785119885332394
v -0.1352941176470588 -0.10790773000812556 -0.6607142857142858
v -0.1352941176470588 -0.10151329708264419 -0.6803474243024267
v -0.1352941176470588 -0.07352941176470584 -0.694537368077513
v -0.1634277909706818 -0.07352941176470584 -0.6800234217531699
v -0.16924365560558158 -0.07352941176470584 -0.6607142857142858
v -0.16188675199345165 -0.09954394536443795 -0.6607142857142858
v -0.0676470588235294 -0.12561186446570333 -0.6972546731648269
v -0.11568445788230289 -0.12052251953959295 -0.69368405339127
v -0.12850964004494203 -0.07352941176470584 -0.7024864299687336
v -0.12063484129834837 -0.12536528592485482 -0.6607142857142858
v 0 -0.13120148933092274 -0.7011762829909014
v -0.05578577034942908 -0.12810244797610387 -0.6990020349292666
v 0.0676470588235294 -0.12561186446570333 -0.6972546731648269
v 0.010689637983880486 -0.12924862780349283 -0.6998061801414982
v 0.09977900604229711 -0.10827245572588576 -0.685089564175939
v 0.1352941176470588 -0.10790773000812556 -0.6607142857142858
v 0.1352941176470588 -0.10151329708264419 -0.6803474243024267
v 0.1352941176470588 -0.07352941176470584 -0.694537368077513
v 0.1692436556055816 -0.07352941176470584 -0.6607142857142858
v -0.1352941176470588 -0.06505353977258943 -0.7011962929833089
v -0.178836991756283 -0.04994923106592898 -0.6905993017954614
v -0.18182052154456566 -0.007352941176470562 -0.692647003917233
v -0.1915496799453976 -0.007352941176470562 -0.6607142857142858
v -0.1839183705189196 -0.05492014507285606 -0.6607142857142858
v -0.13083418907281388 -0.06916643815946627 -0.7040818502642605
v 0.1352941176470588 -0.06505353977258943 -0.7011962929833089
v 0.17470228863254922 -0.007352941176470562 -0.6800956341993996
v 0.19154967994539762 -0.007352941176470562 -0.6607142857142858
v 0.1799823063711532 -0.02981270540417883 -0.6607142857142858
v -0.1787575386860355 0.016304965351896256 -0.6905447703404157
v -0.17739587281619384 0.05882352941176472 -0.689610210845897
v -0.18547718386893267 0.05882352941176472 -0.6607142857142858
v -0.18948972305204567 0.0058060893416689435 -0.6607142857142858
v 0.1690381100901954 0.025657486213554286 -0.6839831604660461
v 0.15766096934299706 0.05882352941176472 -0.69179169495403
v 0.1854771838689327 0.05882352941176472 -0.6607142857142858
v 0.1879820113917889 0.044189563573808745 -0.6607142857142858
v -0.1352941176470588 0.11845543377637144 -0.6653058702711807
v -0.1352941176470588 0.12377461821034937 -0.6607142857142858
v -0.11213801576074277 0.125 -0.6912500046059757
v -0.1339345710130601 0.125 -0.6607142857142858
v 0.13426875512401976 0.12399692796659224 -0.661418028315502
v 0.1352941176470588 0.12377461821034937 -0.6607142857142858
v 0.1352941176470588 0.11845543377637144 -0.6653058702711807
v 0.12525692344057482 0.125 -0.6676031674522763
v 0.1339345710130601 0.125 -0.6607142857142858
v 0.1347412291512241 0.12445913081929214 -0.6607142857142858
v 0.14967118873313595 0.07288805547423147 -0.6972753642545869
v 0.17661956260835898 0.09925059513477566 -0.6607142857142858
v -0.0676470588235294 0.16792849871162585 -0.6607142857142858
v -0.0676470588235294 0.1368164530476249 -0.6988525837348409
v -0.052832314419556874 0.1394926847430166 -0.6969749735612487
v 0 0.17617067180716223 -0.6607142857142858
v 0 0.15905453496259347 -0.6832506278516408
v -0.020001897300993415 0.17160939714161128 -0.6607142857142858
v 0.03051584544460327 0.15485245750015536 -0.6861987520395736
v 0.0676470588235294 0.16792849871162585 -0.6607142857142858
v 0.0676470588235294 0.1368164530476249 -0.6988525837348409
v 0.049080421162629735 0.17301345548518127 -0.6607142857142858
v 0.07678530302518927 0.1339395867190151 -0.7008709566193577
v 0.10622069979251159 0.162735083556613 -0.6607142857142858
v -0.08778722015827911 -0.15940821409345718 -0.6281086200465208
v -0.0676470588235294 -0.16505829459969779 -0.6142857142857143
v -0.0676470588235294 -0.16041559582497636 -0.6288153862772057
v -0.09635666088616701 -0.13970588235294112 -0.6339901306082079
v -0.11273580263827931 -0.13970588235294112 -0.6142857142857143
v -0.09129318643766428 -0.16283796371459486 -0.6142857142857143
v -0.03048380262045497 -0.1695269936120819 -0.6352078272643495
v 0 -0.1764497089531218 -0.6142857142857143
v 0 -0.17053954304670574 -0.6359182190899111
v -0.03571323952224496 -0.17464274710296343 -0.6142857142857143
v 0.045570460336315684 -0.16130255478608502 -0.6294376654213486
v 0.0676470588235294 -0.16505829459969779 -0.6142857142857143
v 0.0676470588235294 -0.16041559582497636 -0.6288153862772057
v 0.039951394845191494 -0.16679946667957607 -0.6142857142857143
v 0.07356828218541892 -0.13970588235294112 -0.6566503404876474
v 0.11273580263827931 -0.13970588235294112 -0.6142857142857143
v -0.17082112590337845 -0.1082840937545837 -0.6386691578405176
v -0.1352941176470588 -0.12868484133475713 -0.6142857142857143
v -0.1352941176470588 -0.11645454674783023 -0.6444014439087953
v -0.1780741387056922 -0.07352941176470584 -0.6436471573104285
v -0.190237214336382 -0.07352941176470584 -0.6142857142857143
v -0.17566401225796077 -0.11302169997102295 -0.6142857142857143
v -0.12279396767566814 -0.12747747477223287 -0.652134990237027
v -0.1300741782881105 -0.13459941993657867 -0.6142857142857143
v 0.1352941176470588 -0.12868484133475713 -0.6142857142857143
v 0.1352941176470588 -0.11645454674783023 -0.6444014439087953
v 0.18379263997891376 -0.07352941176470584 -0.6274280328095034
v 0.19023721433638202 -0.07352941176470584 -0.6142857142857143
v -0.21180973559861618 -0.016028705540845685 -0.6203725203953235
v -0.2029411764705883 -0.0325469078761723 -0.6142857142857143
v -0.2029411764705883 -0.020355760849894537 -0.6234083274534181
v -0.2029411764705883 -0.007352941176470562 -0.6291825787366399
v -0.21202178798941063 -0.007352941176470562 -0.6205180594585706
v -0.2148334253051283 -0.007352941176470562 -0.6142857142857143
v -0.21389840142102273 -0.01807196558450428 -0.6142857142857143
v -0.18750991944014067 -0.0584336168436158 -0.650123267690283
v -0.19396635749452465 -0.007352941176470562 -0.6545545497089751
v -0.19582540104345095 -0.06656832710772367 -0.6142857142857143
v 0.2029411764705884 -0.020355760849894357 -0.623408327453418
v 0.2029411764705884 -0.03254690787617197 -0.6142857142857143
v 0.2029411764705884 -0.007352941176470562 -0.6291825787366396
v 0.21483342530512825 -0.007352941176470562 -0.6142857142857143
v -0.20862227363863567 0.053265934356066184 -0.6181848524041568
v -0.2029411764705883 0.04437339441569306 -0.6244237455051805
v -0.2029411764705883 0.05882352941176472 -0.6219993263560165
v -0.20853266245165017 0.05882352941176472 -0.6181233490739587
v -0.21054910760550063 0.05882352941176472 -0.6142857142857143
v -0.2105174828201728 0.051411925374127684 -0.6142857142857143
v -0.19311833015485014 0.0022563650019689317 -0.6539725185224282
v -0.18992830076589537 0.05882352941176472 -0.6517830884138599
v 0.2029411764705884 0.044373394415693365 -0.6244237455051803
v 0.2029411764705884 0.05882352941176472 -0.6219993263560163
v 0.21054910760550058 0.05882352941176472 -0.6142857142857143
v 0.214879485215397 0.004325839117363957 -0.6142857142857143
v -0.2029411764705883 0.07256929416161138 -0.6142857142857143
v -0.17519682514643647 0.08596474266365231 -0.6416723551470884
v -0.1352941176470588 0.125 -0.6590277834952664
v -0.16506091563395003 0.125 -0.6347157215996987
v -0.17955398391426292 0.125 -0.6142857142857143
v -0.13443956848004185 0.125 -0.6601277783667369
v 0.1352941176470588 0.125 -0.6590277834952664
v 0.2029411764705884 0.07256929416161112 -0.6142857142857143
v 0.18879232059940704 0.11115872795210524 -0.6239965749923325
v 0.17955398391426294 0.125 -0.6142857142857143
v 0.19257306537710656 0.11485728262594172 -0.6142857142857143
v 0.2099816110103865 0.06571091102678464 -0.6142857142857143
v -0.1352941176470588 0.16821020753796442 -0.6142857142857143
v -0.12163098866586292 0.1383661044381264 -0.6513367965688066
v -0.0676470588235294 0.19117647058823528 -0.6203288472363971
v -0.0742141092230311 0.19117647058823528 -0.61879291347295
v -0.08245345731727352 0.19117647058823528 -0.6142857142857143
v 0 0.19117647058823528 -0.6311473612973152
v -0.02073789106411844 0.19117647058823528 -0.6285188631216466
v 0.0676470588235294 0.19117647058823528 -0.6203288472363971
v 0.05670190271103397 0.19117647058823528 -0.6217977624250357
v 0.1352941176470588 0.16821020753796442 -0.6142857142857143
v 0.12011925519866647 0.17633149645393845 -0.6247007596307289
v 0.08245345731727353 0.19117647058823528 -0.6142857142857143
v 0.12495552933106961 0.1810626341921589 -0.6142857142857143
v 0.16805329811664554 0.15704702437242174 -0.6142857142857143
v -0.0676470588235294 0.19998696935061286 -0.6142857142857143
v 0 0.2131877708222357 -0.6142857142857143
v -0.05788267453475368 0.20072858565334195 -0.6142857142857143
v 0.0676470588235294 0.19998696935061286 -0.6142857142857143
v 0.021114225335845987 0.21183169102547592 -0.6142857142857143
v 0.07528284757021422 0.1986462639273835 -0.6142857142857143
v -0.14965287558132312 -0.21992896396382638 -0.5777120667809702
v -0.1352941176470588 -0.2295161151440062 -0.5678571428571428
v -0.1352941176470588 -0.22034384793623188 -0.578003144107642
v -0.1352941176470588 -0.20588235294117652 -0.5796309166504812
v -0.15092401144916645 -0.20588235294117652 -0.578584492330018
v -0.17518239415681003 -0.20588235294117652 -0.5678571428571428
v -0.1547663628604219 -0.22493128847598823 -0.5678571428571428
v -0.09382422858335 -0.23149045379317496 -0.5858234612326719
v -0.0676470588235294 -0.24962492321247862 -0.5678571428571428
v -0.0676470588235294 -0.23213114487486675 -0.5862729619598271
v -0.0676470588235294 -0.20588235294117652 -0.5896713343019483
v -0.09700863613288499 -0.20588235294117652 -0.5880090328738123
v -0.10528223350535393 -0.24269937165165706 -0.5678571428571428
v -0.029859706931519257 -0.2350929358089671 -0.5883509168691483
v 0 -0.25560444817915373 -0.5678571428571428
v 0 -0.23536960875295004 -0.5885450270933396
v 0 -0.20588235294117652 -0.5930770659341945
v -0.034892255335034844 -0.20588235294117652 -0.5918049330094494
v -0.047415903190441124 -0.25226747562747764 -0.5678571428571428
v 0.0405402445407351 -0.23239988865260572 -0.5864615091816694
v 0.0676470588235294 -0.24962492321247862 -0.5678571428571428
v 0.0676470588235294 -0.23213114487486675 -0.5862729619598271
v 0.0676470588235294 -0.20588235294117652 -0.5896713343019483
v 0.03400550016317438 -0.20588235294117652 -0.5909465356022934
v 0.019250762315641986 -0.25322655604671856 -0.5678571428571428
v 0.12003651770939677 -0.22080826592367195 -0.5783289738702587
v 0.1352941176470588 -0.2295161151440062 -0.5678571428571428
v 0.1352941176470588 -0.22034384793623188 -0.578003144107642
v 0.1352941176470588 -0.20588235294117652 -0.5796309166504812
v 0.11622292589891503 -0.20588235294117652 -0.5809463769451546
v 0.10394255074833322 -0.23655236403775587 -0.5678571428571428
v 0.17518239415681003 -0.20588235294117652 -0.5678571428571428
v -0.2267709435465279 -0.1630176110141865 -0.5842123556639214
v -0.2029411764705883 -0.18871167033204758 -0.5678571428571428
v -0.2029411764705883 -0.16443901158242707 -0.5852095922530679
v -0.2029411764705883 -0.13970588235294112 -0.5876363843266479
v -0.22833914384470896 -0.13970588235294112 -0.5852886670486978
v -0.255199219898151 -0.13970588235294112 -0.5678571428571428
v -0.2355000138921864 -0.17155691896102632 -0.5678571428571428
v -0.1352941176470588 -0.17941566169218437 -0.5957170197903897
v -0.1738700606654128 -0.1774432179143744 -0.5943331782827833
v -0.1352941176470588 -0.13970588235294112 -0.6072300715787702
v -0.1774165441050648 -0.13970588235294112 -0.596767255426147
v -0.1937323056952384 -0.196873675008769 -0.5678571428571428
v -0.0676470588235294 -0.18712161789192022 -0.6011234208067123
v -0.11406881554654952 -0.18511847045154783 -0.59971803799934
v -0.12788845355045156 -0.13970588235294112 -0.609202944828105
v 0 -0.19000489117058988 -0.6031462887260329
v -0.05002113427188623 -0.18863960066239513 -0.6021884182425058
v 0.0676470588235294 -0.18712161789192022 -0.6011234208067123
v 0.01770262681170207 -0.18856456584277229 -0.6021357747658815
v 0.1352941176470588 -0.17941566169218437 -0.5957170197903897
v 0.09239162167168657 -0.18167571537232705 -0.5973026447532834
v 0.1352941176470588 -0.13970588235294112 -0.6072300715787702
v 0.17568553645309218 -0.16636900845701347 -0.5865636535523809
v 0.2029411764705884 -0.1887116703320475 -0.5678571428571428
v 0.2029411764705884 -0.16443901158242705 -0.5852095922530679
v 0.2029411764705884 -0.13970588235294112 -0.5876363843266478
v 0.15456815262635548 -0.13970588235294112 -0.6010572617067561
v 0.255199219898151 -0.13970588235294112 -0.5678571428571428
v -0.2869182524541663 -0.08950442855171001 -0.579065011777549
v -0.2705882352941176 -0.11770925359350784 -0.5678571428571428
v -0.2705882352941176 -0.09088716977158896 -0.5800351254587973
v -0.2705882352941176 -0.07352941176470584 -0.5812011738392531
v -0.28748390211680014 -0.07352941176470584 -0.5794532371671206
v -0.299420255086109 -0.07352941176470584 -0.5678571428571428
v -0.2931889089691652 -0.09563876644681762 -0.5678571428571428
v -0.2029411764705883 -0.11480041979961939 -0.5968123580181457
v -0.24170606492140467 -0.1114515852492002 -0.5944628582224548
v -0.2029411764705883 -0.07352941176470584 -0.6063389633833056
v -0.24377099406371167 -0.07352941176470584 -0.5958800921990071
v -0.26270557011324547 -0.13199457945860968 -0.5678571428571428
v -0.1352941176470588 -0.13375428571303719 -0.610110149658988
v -0.18599767174914195 -0.12313071469065669 -0.6026567871321751
v -0.19599932600692196 -0.07352941176470584 -0.6095212765451234
v -0.13087239298338788 -0.13538028213848044 -0.6112509281035053
v 0.1352941176470588 -0.13375428571303719 -0.610110149658988
v 0.14553827268252337 -0.12968442633998667 -0.6072547880036098
v 0.2029411764705884 -0.11480041979961937 -0.5968123580181457
v 0.2029411764705884 -0.07352941176470584 -0.6063389633833055
v 0.24995145690464632 -0.09371756453701477 -0.5820208944846993
v 0.2705882352941176 -0.11770925359350784 -0.5678571428571428
v 0.2705882352941176 -0.09088716977158896 -0.5800351254587973
v 0.2705882352941176 -0.07352941176470584 -0.5812011738392531
v 0.23257433051432375 -0.07352941176470584 -0.5939474315414114
v 0.2994202550861089 -0.07352941176470584 -0.5678571428571428
v -0.2705882352941176 -0.03685155604047106 -0.58855299646014
v -0.29757809345762076 -0.03375606329294103 -0.5863812380563174
v -0.2705882352941176 -0.007352941176470562 -0.589688210526975
v -0.29820704168398865 -0.007352941176470562 -0.5868129074911848
v -0.3188397950555122 -0.007352941176470562 -0.5678571428571428
v -0.31097133730983595 -0.046858149670108026 -0.5678571428571428
v -0.2029411764705883 -0.06489238228847515 -0.6082260840817556
v -0.2487284389989331 -0.05214482843246013 -0.5992825621700753
v -0.25016001681520117 -0.007352941176470562 -0.6002651047085699
v -0.19750606826672448 -0.068212458087013 -0.6105554071023171
v 0.2029411764705884 -0.06489238228847508 -0.6082260840817556
v 0.22195384639498034 -0.05493006075171366 -0.6012366457972341
v 0.2705882352941176 -0.03685155604047106 -0.58855299646014
v 0.2705882352941176 -0.007352941176470562 -0.589688210526975
v 0.3188397950555122 -0.007352941176470562 -0.5678571428571428
v 0.30813780302135413 -0.036796138988061375 -0.5678571428571428
v -0.2705882352941176 0.02640174011302055 -0.5906038585238809
v -0.2995072261749969 0.030533212245687155 -0.5877052701387402
v -0.2705882352941176 0.05882352941176472 -0.590658300536108
v -0.2995559795383881 0.05882352941176472 -0.5877387312980863
v -0.3213463960353722 0.05882352941176472 -0.5678571428571428
v -0.31991436127478806 0.010569710517630632 -0.5678571428571428
v -0.250543961718777 0.01225558732114523 -0.6005286196889743
v -0.2506100802850788 0.05882352941176472 -0.6005739992018709
v 0.2705882352941176 0.02640174011302055 -0.5906038585238809
v 0.2705882352941176 0.05882352941176472 -0.590658300536108
v 0.3213463960353722 0.05882352941176472 -0.5678571428571428
v 0.3203253250647759 0.04130290751221692 -0.5678571428571428
v -0.2930791872761025 0.1029979817567539 -0.5832934794658965
v -0.2705882352941176 0.09913092544761329 -0.5860065570669126
v -0.2705882352941176 0.125 -0.5850552097124004
v -0.2925594386517278 0.125 -0.5829367575839498
v -0.30795807097195577 0.125 -0.5678571428571428
v -0.31567692791606194 0.08089149634809797 -0.5678571428571428
v -0.24766587665015985 0.08124757591128862 -0.5985532880114451
v -0.2029411764705883 0.125 -0.6050678759342163
v -0.24633059597222937 0.125 -0.5976368376082692
v -0.1939931324904998 0.125 -0.608144354908076
v 0.2029411764705884 0.125 -0.6050678759342163
v 0.2705882352941176 0.09913092544761329 -0.5860065570669126
v 0.2705882352941176 0.125 -0.5850552097124004
v 0.23200113500860456 0.125 -0.5943408359102436
v 0.30795807097195577 0.125 -0.5678571428571428
v 0.3145483473964215 0.10182798690314901 -0.5678571428571428
v -0.2711189579292837 0.19065728540165972 -0.5682213965912165
v -0.2705882352941176 0.19054254419712335 -0.5683018975632881
v -0.2705882352941176 0.19117647058823528 -0.5682501770628474
v -0.2710948874791183 0.19117647058823528 -0.5682048761890843
v -0.27142037002943487 0.19117647058823528 -0.5678571428571428
v -0.2719334845007983 0.18986046592952588 -0.5678571428571428
v -0.2029411764705883 0.14486747153650742 -0.6003469485410535
v -0.23731056775448484 0.15755423998442336 -0.5914460728998172
v -0.2029411764705883 0.19117647058823528 -0.5927562156301801
v -0.23520197938405007 0.19117647058823528 -0.5899988740493015
v -0.19040230661454663 0.1372662857287364 -0.6056798439807913
v -0.1352941176470588 0.19117647058823528 -0.6056388308970706
v -0.1816728047218683 0.19117647058823528 -0.5996884777749468
v -0.12525915750985503 0.19117647058823528 -0.6073983658685651
v 0.1352941176470588 0.19117647058823528 -0.6056388308970706
v 0.2029411764705884 0.1448674715365075 -0.6003469485410535
v 0.2029411764705884 0.19117647058823528 -0.5927562156301801
v 0.15568617274123178 0.19117647058823528 -0.6002899249198379
v 0.2691431603412518 0.18976281030825787 -0.5688489489583334
v 0.2705882352941176 0.19054254419712335 -0.5683018975632881
v 0.2705882352941176 0.19117647058823528 -0.5682501770628474
v 0.269863438201138 0.19117647058823528 -0.5683545967625729
v 0.27142037002943487 0.19117647058823528 -0.5678571428571428
v 0.29974728637936865 0.1535251586703543 -0.5678571428571428
v -0.2705882352941176 0.19216087280963634 -0.5678571428571428
v -0.20642323346390806 0.2539465810743099 -0.5702470018494524
v -0.2029411764705883 0.2530907108750437 -0.5708474695130645
v -0.2029411764705883 0.25735294117647056 -0.5702454280691776
v -0.20608467931807684 0.25735294117647056 -0.57001464015309
v -0.20886531022403365 0.25735294117647056 -0.5678571428571428
v -0.1352941176470588 0.21520406583659302 -0.5974282585717872
v -0.16687166500885525 0.22646186223558276 -0.5895299315744007
v -0.1352941176470588 0.25735294117647056 -0.5884425974804497
v -0.16290500516459763 0.25735294117647056 -0.5868074724887455
v -0.11793745714577665 0.20815581238296782 -0.6023732236932194
v -0.0676470588235294 0.25735294117647056 -0.5963466170130353
v -0.10608183245459853 0.25735294117647056 -0.5942362887343673
v 0 0.25735294117647056 -0.5987555666202585
v -0.0435852263125195 0.25735294117647056 -0.5977712267548659
v 0.0676470588235294 0.25735294117647056 -0.5963466170130353
v 0.024649561417049184 0.25735294117647056 -0.5973678475988575
v 0.1352941176470588 0.21520406583659302 -0.5974282585717872
v 0.1352941176470588 0.25735294117647056 -0.5884425974804497
v 0.10213480815109094 0.25735294117647056 -0.5906155509273568
v 0.19474116929727525 0.24933119502866424 -0.5734850980910006
v 0.2029411764705884 0.25309071087504376 -0.5708474695130645
v 0.2029411764705884 0.25735294117647056 -0.5702454280691776
v 0.1989537911303651 0.25735294117647056 -0.5705938265844389
v 0.2705882352941176 0.19216087280963634 -0.5678571428571428
v 0.20886531022403365 0.25735294117647056 -0.5678571428571428
v 0.24469394442943349 0.23202156967840998 -0.5678571428571428
v 0.27121142765497924 0.19178611528907824 -0.5678571428571428
v -0.2029411764705883 0.2621874315078601 -0.5678571428571428
v -0.1352941176470588 0.3017676600195464 -0.5678571428571428
v -0.19358604844608152 0.26650469685261846 -0.5678571428571428
v -0.0676470588235294 0.32103147739089116 -0.5678571428571428
v -0.0717634318130569 0.3195025251445159 -0.5678571428571428
v -0.005715461075388159 0.3179381998431305 -0.5717798661418036
v 0 0.3174387939254224 -0.5721302429920052
v 0 0.32352941176470584 -0.5707150194284735
v -0.004087390478324487 0.32352941176470584 -0.5706624636512724
v -0.040385215451457915 0.32352941176470584 -0.5678571428571428
v 0.0676470588235294 0.32103147739089116 -0.5678571428571428
v 0.040385215451457915 0.32352941176470584 -0.5678571428571428
v 0.06539787559688348 0.3213291238255957 -0.5678571428571428
v 0.1352941176470588 0.3017676600195464 -0.5678571428571428
v 0.11981826493092068 0.30838999062935335 -0.5678571428571428
v 0.2029411764705884 0.26218743150786 -0.5678571428571428
v 0.1691559910620788 0.2904786869085552 -0.5678571428571428
v 0.2066718925717613 0.26100255475370493 -0.5678571428571428
v 0 0.3285622201837895 -0.5678571428571428
v 0.004952363286924087 0.32837411498017505 -0.5678571428571428
v -0.07482578004728589 -0.2790814855961301 -0.5263555819579199
v -0.0676470588235294 -0.28137323128628905 -0.5214285714285715
v -0.0676470588235294 -0.27962382451797446 -0.5267360800586424
v -0.0676470588235294 -0.2720588235294118 -0.5327788314167475
v -0.07929944795760886 -0.2720588235294118 -0.5294260186292906
v -0.0943027150478083 -0.2720588235294118 -0.5214285714285715
v -0.07608591111508098 -0.2803142225102775 -0.5214285714285715
v -0.013676432770514509 -0.28543794254404553 -0.5308151914356637
v 0 -0.2888515375455706 -0.5214285714285715
v 0 -0.28579503936158174 -0.5310657260282844
v 0 -0.2720588235294118 -0.5423338912769567
v -0.026279460254451034 -0.2720588235294118 -0.53946509539203
v -0.016461490788299386 -0.28816245582231337 -0.5214285714285715
v 0.059684140574838285 -0.2798486348596531 -0.5268938041396296
v 0.0676470588235294 -0.28137323128628905 -0.5214285714285715
v 0.0676470588235294 -0.27962382451797446 -0.5267360800586424
v 0.0676470588235294 -0.2720588235294118 -0.5327788314167475
v 0.047733298984681066 -0.2720588235294118 -0.5350960898272841
v 0.057660297969588464 -0.2818284808865279 -0.5214285714285715
v 0.0943027150478083 -0.2720588235294118 -0.5214285714285715
v -0.2193732511018558 -0.22195720855872084 -0.5327064860046898
v -0.2029411764705883 -0.23037551500836798 -0.5214285714285715
v -0.2029411764705883 -0.2250413494468033 -0.5348702800880747
v -0.2029411764705883 -0.20588235294117652 -0.5488962284477904
v -0.2246007437980039 -0.20588235294117652 -0.5362942993147791
v -0.2343554167779685 -0.20588235294117652 -0.5214285714285715
v -0.22179002125043468 -0.22432144022580885 -0.5214285714285715
v -0.17340299829866326 -0.24316277966557215 -0.5475840454161632
v -0.1352941176470588 -0.26194153327920977 -0.5214285714285715
v -0.1352941176470588 -0.2481958453055371 -0.5511151803572181
v -0.19083238119825957 -0.20588235294117652 -0.5595464479652651
v -0.17929185633884123 -0.24892361905270274 -0.5214285714285715
v -0.0676470588235294 -0.2590303258672239 -0.5587165143385919
v -0.11662552273220288 -0.25379606763444407 -0.5550442252292449
v -0.1279397877804218 -0.26486437039900607 -0.5214285714285715
v 0 -0.26241802594601343 -0.561093281695457
v -0.05545456865066058 -0.2601313874907358 -0.559489005191913
v 0.0676470588235294 -0.2590303258672239 -0.5587165143385919
v 0.010806839359183815 -0.261486915460645 -0.5604400264025478
v 0.08565216819898336 -0.25444512957516335 -0.5554995988447972
v 0.1352941176470588 -0.26194153327920977 -0.5214285714285715
v 0.1352941176470588 -0.2481958453055371 -0.5511151803572181
v 0.17865628434249947 -0.22963931263169823 -0.5380961526717629
v 0.2029411764705884 -0.2303755150083679 -0.5214285714285715
v 0.2029411764705884 -0.22504134944680323 -0.5348702800880747
v 0.2029411764705884 -0.20588235294117652 -0.5488962284477904
v 0.15989249078310808 -0.2479951976354506 -0.5214285714285715
v 0.2343554167779685 -0.20588235294117652 -0.5214285714285715
v -0.2890908981021402 -0.15780631336078937 -0.5341276039769348
v -0.2705882352941176 -0.17275351134221711 -0.5214285714285715
v -0.2705882352941176 -0.1629635885436217 -0.5377458827560013
v -0.2705882352941176 -0.13970588235294112 -0.552293510159108
v -0.2929982476432555 -0.13970588235294112 -0.5368093563017375
v -0.29997678724771626 -0.13970588235294112 -0.5214285714285715
v -0.2918760659655615 -0.16053093409674496 -0.5214285714285715
v -0.2029411764705883 -0.19684784793055077 -0.561518648865561
v -0.24845500377538524 -0.18423027862937308 -0.552666322466957
v -0.2626535287001183 -0.13970588235294112 -0.5624112728034975
v -0.2564521299617437 -0.19205355424646292 -0.5214285714285715
v -0.19699162626306888 -0.20006214078164666 -0.5637737559134727
v 0.2029411764705884 -0.1968478479305507 -0.5615186488655609
v 0.22830797651770923 -0.18106700506899298 -0.5504470099055474
v 0.2705882352941176 -0.17275351134221711 -0.5214285714285715
v 0.2705882352941176 -0.1629635885436217 -0.5377458827560013
v 0.2705882352941176 -0.13970588235294112 -0.552293510159108
v 0.29997678724771626 -0.13970588235294112 -0.5214285714285715
v -0.2705882352941176 -0.13003864794719466 -0.5610747339566032
v -0.31073865949494095 -0.11280700065681562 -0.5489852290322421
v -0.3168404766150201 -0.07352941176470584 -0.5531731221488181
v -0.333875599476896 -0.07352941176470584 -0.5214285714285715
v -0.31751130011534423 -0.11943240995938405 -0.5214285714285715
v -0.26554860008813286 -0.134775804434043 -0.564398262793408
v 0.2705882352941176 -0.13003864794719466 -0.5610747339566032
v 0.32693787234460414 -0.07352941176470584 -0.5291823919622437
v 0.33387559947689593 -0.07352941176470584 -0.5214285714285715
v 0.3268178933129861 -0.08469860820404798 -0.5214285714285715
v -0.3510386128094544 -0.01987792685323861 -0.5302159423319548
v -0.3382352941176471 -0.056737372272339735 -0.5214285714285715
v -0.3382352941176471 -0.027508830591654737 -0.5355696874944625
v -0.3382352941176471 -0.007352941176470562 -0.5411066127365051
v -0.3519526713024108 -0.007352941176470562 -0.5308432930367478
v -0.35529959499036357 -0.007352941176470562 -0.5214285714285715
v -0.3535208431598967 -0.022306195674323438 -0.5214285714285715
v -0.32159138262829046 -0.05724732443816132 -0.5564338371455037
v -0.3272301286648882 -0.007352941176470562 -0.5603039081830443
v -0.33510012175107795 -0.07046239531914908 -0.5214285714285715
v 0.33823529411764697 -0.02750883059165493 -0.5355696874944627
v 0.33823529411764697 -0.056737372272340214 -0.5214285714285715
v 0.33823529411764697 -0.007352941176470562 -0.5411066127365053
v 0.3552995949903636 -0.007352941176470562 -0.5214285714285715
v -0.3382352941176471 0.02757402958116443 -0.5433528236906752
v -0.3542184661806889 0.043187817610962895 -0.5323983882792928
v -0.3382352941176471 0.05882352941176472 -0.5446283523553906
v -0.35429607399776286 0.05882352941176472 -0.5324516532717565
v -0.35806939781228053 0.05882352941176472 -0.5214285714285715
v -0.357916472272537 0.039570202955894154 -0.5214285714285715
v -0.3276714866765163 0.00298121827680951 -0.5606068278121432
v -0.3286154437715525 0.05882352941176472 -0.5612546989860655
v 0.33823529411764697 0.027574029581164207 -0.5433528236906753
v 0.33823529411764697 0.05882352941176472 -0.5446283523553908
v 0.35806939781228053 0.05882352941176472 -0.5214285714285715
v 0.35543948015391075 0.009477240815526575 -0.5214285714285715
v -0.341426286517041 0.12187837700059294 -0.5236186624852983
v -0.3382352941176471 0.11593063321689494 -0.5277915239970357
v -0.3382352941176471 0.125 -0.5255751284907333
v -0.34120110370764384 0.125 -0.5234641115508984
v -0.3419397252949294 0.125 -0.5214285714285715
v -0.34242133595191443 0.12090495907517325 -0.5214285714285715
v -0.3266503099460185 0.07015666610140134 -0.5599059580685406
v -0.3212737614736706 0.125 -0.5562158425021155
v 0.33823529411764697 0.11593063321689442 -0.527791523997036
v 0.33823529411764697 0.125 -0.5255751284907335
v 0.3419397252949295 0.125 -0.5214285714285715
v 0.3562999312547174 0.0764954570458553 -0.5214285714285715
v -0.3382352941176471 0.1318504078414626 -0.5214285714285715
v -0.31103853346698523 0.1516055267234735 -0.5491910431559123
v -0.3028726177512981 0.19117647058823528 -0.5435864860963878
v -0.31364737139119464 0.19117647058823528 -0.5214285714285715
v 0.33823529411764697 0.13185040784146299 -0.5214285714285715
v 0.31066096872150867 0.16420158704853474 -0.5403538071818217
v 0.2721666165017502 0.19117647058823528 -0.5667738439537676
v 0.3136473713911946 0.19117647058823528 -0.5214285714285715
v 0.32326416870184005 0.1765308044205981 -0.5214285714285715
v 0.3413081362482366 0.1280060412147072 -0.5214285714285715
v -0.2705882352941176 0.2443939726265561 -0.5214285714285715
v -0.2705882352941176 0.19468712105617528 -0.5653941150685247
v -0.24014763853389615 0.25735294117647056 -0.5469646835900344
v -0.2583657826430399 0.25735294117647056 -0.5214285714285715
v 0.2608997210507168 0.24787504680792632 -0.5280781417633279
v 0.2705882352941176 0.2443939726265561 -0.5214285714285715
v 0.2705882352941176 0.19468712105617528 -0.5653941150685247
v 0.220704262798097 0.25735294117647056 -0.5556657078311198
v 0.2583657826430399 0.25735294117647056 -0.5214285714285715
v 0.26511590999756685 0.2519995794733231 -0.5214285714285715
v 0.2713633567489935 0.19193474157670082 -0.5673251495604733
v 0.3016628991496893 0.2215755982730337 -0.5214285714285715
v -0.2029411764705883 0.30205614967638 -0.5214285714285715
v -0.2029411764705883 0.2666511653334075 -0.5613336268613236
v -0.1352941176470588 0.32352941176470584 -0.5376989760412947
v -0.14946263941967827 0.32352941176470584 -0.5311529295395929
v -0.1592851927933219 0.32352941176470584 -0.5214285714285715
v -0.0676470588235294 0.32352941176470584 -0.564487752367507
v -0.11014621950407534 0.32352941176470584 -0.5505972500323002
v -0.06365762728331711 0.32352941176470584 -0.5651190547503512
v 0.0676470588235294 0.32352941176470584 -0.564487752367507
v 0.1352941176470588 0.32352941176470584 -0.5376989760412947
v 0.08096417218867888 0.32352941176470584 -0.5587171364791986
v 0.18097040823206834 0.30203626892267543 -0.536507887517742
v 0.2029411764705884 0.30205614967637995 -0.5214285714285715
v 0.2029411764705884 0.2666511653334073 -0.5613336268613237
v 0.15928519279332193 0.32352941176470584 -0.5214285714285715
v 0.19050757199288287 0.3113661030365157 -0.5214285714285715
v 0.20749425567456845 0.2618070403977554 -0.5647322034034795
v 0.2353365901748221 0.28904410675669934 -0.5214285714285715
v -0.1352941176470588 0.33658033437507007 -0.5214285714285715
v -0.0676470588235294 0.3562794467388776 -0.5214285714285715
v -0.11917675339041939 0.33929639853750526 -0.5214285714285715
v 0 0.36194565266904477 -0.5214285714285715
v 0 0.331063507221886 -0.5625713171554386
v -0.032085701130453226 0.35831769646445427 -0.5214285714285715
v 0.0676470588235294 0.3562794467388776 -0.5214285714285715
v 0.006899295676596555 0.3302787227526807 -0.563121911973516
v 0.03722116862867266 0.35994142455362477 -0.5214285714285715
v 0.1352941176470588 0.33658033437507007 -0.5214285714285715
v 0.09706519283032992 0.35230802111918463 -0.5214285714285715
v 0.14664765178766218 0.3346361299457309 -0.5214285714285715
v -0.1387247021443762 -0.2754148301028745 -0.47735453159598495
v -0.1352941176470588 -0.2767820662330119 -0.47500000000000003
v -0.1352941176470588 -0.2759756919524972 -0.47774802514762504
v -0.1352941176470588 -0.2720588235294118 -0.48535438497422323
v -0.141240425303093 -0.2720588235294118 -0.4790811614657875
v -0.14497010011903114 -0.2720588235294118 -0.47500000000000003
v -0.13921163780953438 -0.27589118021009446 -0.47500000000000003
v -0.08754334648476292 -0.29152258319800983 -0.48865552662463546
v -0.0676470588235294 -0.2976408875869284 -0.47500000000000003
v -0.0676470588235294 -0.29348747000488323 -0.49003406625739426
v -0.1119757506640489 -0.2720588235294118 -0.5054243506110399
v -0.09046633416022266 -0.2943820276631335 -0.47500000000000003
v -0.026346082111596253 -0.2978321647255386 -0.49308224890267943
v 0 -0.30386048672372645 -0.47500000000000003
v 0 -0.29871474945098836 -0.49370145913862995
v -0.030871648224963688 -0.3022593489668763 -0.47500000000000003
v 0.04490837611632368 -0.29430318704733044 -0.4906063629760636
v 0.0676470588235294 -0.2976408875869284 -0.47500000000000003
v 0.0676470588235294 -0.29348747000488323 -0.49003406625739426
v 0.03992137937159528 -0.2991817708193473 -0.47500000000000003
v 0.13073275406143364 -0.2765210270370886 -0.47813062531808437
v 0.1352941176470588 -0.2767820662330119 -0.47500000000000003
v 0.1352941176470588 -0.2759756919524972 -0.47774802514762504
v 0.1352941176470588 -0.2720588235294118 -0.48535438497422323
v 0.12941671370101834 -0.27780845782445135 -0.47500000000000003
v 0.14497010011903114 -0.2720588235294118 -0.47500000000000003
v -0.23023101970352539 -0.23257893871252808 -0.49372998557291653
v -0.2029411764705883 -0.2482679702437984 -0.47500000000000003
v -0.2029411764705883 -0.23943841940898894 -0.4985425101250367
v -0.24372104158929575 -0.20588235294117652 -0.5029886651901689
v -0.25885285086573767 -0.20588235294117652 -0.47500000000000003
v -0.23364005780409633 -0.23591386728917357 -0.47500000000000003
v -0.1352941176470588 -0.2637955054664254 -0.5156311324066032
v -0.1827670688913606 -0.2523232835062543 -0.5075823671583563
v -0.18961296531858832 -0.2590203560981075 -0.47500000000000003
v -0.12904481843383506 -0.2659453786469103 -0.5171394561300545
v 0.1352941176470588 -0.2637955054664254 -0.5156311324066032
v 0.15194060182635852 -0.25577421944096645 -0.5100034999887415
v 0.2029411764705884 -0.24826797024379837 -0.47500000000000003
v 0.2029411764705884 -0.2394384194089889 -0.49854251012503664
v 0.2524108044057564 -0.20588235294117652 -0.4874758143674778
v 0.25885285086573767 -0.20588235294117652 -0.47500000000000003
v -0.300179330834137 -0.16865369320730797 -0.4953094165041748
v -0.2705882352941176 -0.19538187433842624 -0.47500000000000003
v -0.2705882352941176 -0.18127397717745272 -0.5041636474800542
v -0.3088330960648917 -0.13970588235294112 -0.5012488019575809
v -0.32038464875649963 -0.13970588235294112 -0.47500000000000003
v -0.3039922025675776 -0.17238367642480418 -0.47500000000000003
v -0.25854326969371616 -0.19409923441904464 -0.5131616851003457
v -0.26622108097488506 -0.20161013675931863 -0.47500000000000003
v 0.2705882352941176 -0.18127397717745272 -0.5041636474800542
v 0.2705882352941176 -0.19538187433842624 -0.47500000000000003
v 0.3126831039550387 -0.13970588235294112 -0.4925373727513554
v 0.32038464875649963 -0.13970588235294112 -0.47500000000000003
v -0.3500279561562164 -0.0850657115850454 -0.4830937214612541
v -0.3382352941176471 -0.10428206749142706 -0.47500000000000003
v -0.3382352941176471 -0.09259835885231242 -0.48837853113130497
v -0.3382352941176471 -0.07352941176470584 -0.5085148199024669
v -0.3520922824619302 -0.07352941176470584 -0.48451054168970986
v -0.35554866000988694 -0.07352941176470584 -0.47500000000000003
v -0.3518398790444583 -0.08683824484528202 -0.47500000000000003
v -0.3209301672647961 -0.12277695390993479 -0.5095514502034781
v -0.334792878362046 -0.07352941176470584 -0.5190659196211559
v -0.32889031938398045 -0.13056405924391942 -0.47500000000000003
v 0.33823529411764697 -0.09259835885231257 -0.4883785311313051
v 0.33823529411764697 -0.10428206749142731 -0.47500000000000003
v 0.33823529411764697 -0.07352941176470584 -0.5085148199024673
v 0.355548660009887 -0.07352941176470584 -0.47500000000000003
v -0.3382352941176471 -0.06512268530758669 -0.5155305188983387
v -0.36566680739630886 -0.03418811720994406 -0.49382721874094493
v -0.3680540597238363 -0.007352941176470562 -0.495465674530956
v -0.37585669014510054 -0.007352941176470562 -0.47500000000000003
v -0.370479435932359 -0.03889612338651485 -0.47500000000000003
v -0.3356821858406515 -0.07103180584155804 -0.5196762828285217
v 0.33823529411764697 -0.0651226853075869 -0.5155305188983388
v 0.36184804409542937 -0.007352941176470562 -0.5052223051394724
v 0.37585669014510054 -0.007352941176470562 -0.47500000000000003
v 0.35996419293329157 -0.05227288031461881 -0.47500000000000003
v -0.37045091521953577 0.02730824789904751 -0.49711072131527145
v -0.3706354468643575 0.05882352941176472 -0.4972373719162206
v -0.3796766733712803 0.05882352941176472 -0.47500000000000003
v -0.3782178289760955 0.019710180093717347 -0.47500000000000003
v 0.36324967105544936 0.01711764495833607 -0.5042603189339928
v 0.36640671940431724 0.05882352941176472 -0.5020935248808879
v 0.3796766733712803 0.05882352941176472 -0.47500000000000003
v 0.3773511956375884 0.030912614658254622 -0.47500000000000003
v -0.36391997895622913 0.09987367787530015 -0.49262830853828155
v -0.36188675356403033 0.125 -0.49123283396785933
v -0.368881854776425 0.125 -0.47500000000000003
v -0.37293195079714 0.09105761846571345 -0.47500000000000003
v 0.3625561051058581 0.08261562711762335 -0.5047363378000167
v 0.3437786646644865 0.125 -0.5176239599662996
v 0.36888185477642504 0.125 -0.47500000000000003
v 0.3757352832299599 0.09550830136946205 -0.47500000000000003
v -0.3394455709001226 0.18999250417059618 -0.4758306558041214
v -0.3382352941176471 0.19117647058823528 -0.4766267168139718
v -0.3392325916898518 0.19117647058823528 -0.47568448063185487
v -0.3395470345785789 0.19117647058823528 -0.47500000000000003
v -0.34008213264623394 0.18936978072331334 -0.47500000000000003
v -0.3210067043192212 0.19117647058823528 -0.509603980293627
v 0.33823529411764697 0.19117647058823528 -0.476626716813972
v 0.34223768985069397 0.12891538713015468 -0.5186815855372566
v 0.33954703457857893 0.19117647058823528 -0.47500000000000003
v 0.363163654028293 0.1493864390430232 -0.47500000000000003
v -0.3382352941176471 0.1931662206929716 -0.47500000000000003
v -0.29951792242166403 0.22905216029082734 -0.49485546849437195
v -0.2705882352941176 0.25735294117647056 -0.5045588209013958
v -0.2885872757561313 0.25735294117647056 -0.48735337870218953
v -0.29693504099578255 0.25735294117647056 -0.47500000000000003
v -0.26280997914163945 0.25735294117647056 -0.5160900788518706
v 0.2705882352941176 0.25735294117647056 -0.5045588209013958
v 0.33823529411764697 0.19316622069297182 -0.47500000000000003
v 0.3111237283149201 0.23083075723902036 -0.4936076274608778
v 0.29693504099578255 0.25735294117647056 -0.47500000000000003
v 0.3188992111596236 0.23843720784796946 -0.47500000000000003
v 0.33924830788703064 0.1921674623191541 -0.47500000000000003
v -0.2705882352941176 0.2844096742642649 -0.47500000000000003
v -0.23416466272379255 0.2929846969517886 -0.49642978404334837
v -0.2029411764705883 0.32352941176470584 -0.48811171036558215
v -0.21295366044922706 0.32352941176470584 -0.4818719222337863
v -0.22004410730693263 0.32352941176470584 -0.47500000000000003
v -0.1808504757255451 0.32352941176470584 -0.5062669414141164
v 0.2029411764705884 0.32352941176470584 -0.4881117103655821
v 0.2705882352941176 0.2844096742642649 -0.47500000000000003
v 0.24634169829818067 0.2998099733991153 -0.491641256758081
v 0.2200441073069327 0.32352941176470584 -0.47500000000000003
v 0.25383653579540305 0.3071418796463981 -0.47500000000000003
v 0.28758266458743653 0.27397792635471735 -0.47500000000000003
v -0.2029411764705883 0.33553003679952775 -0.47500000000000003
v -0.1352941176470588 0.36953751557494124 -0.47500000000000003
v -0.1352941176470588 0.348548725638661 -0.5038753385201775
v -0.1824240615632022 0.3436005024349748 -0.47500000000000003
v -0.08916399595269894 0.36865670472657963 -0.48976783573151084
v -0.0676470588235294 0.38499227684969634 -0.47500000000000003
v -0.0676470588235294 0.3811289908934357 -0.4810174381350816
v -0.07512582516215874 0.3823896978912385 -0.47500000000000003
v -0.0007975532119331719 0.3889256672543108 -0.4755473890057057
v 0 0.38935119984592703 -0.47500000000000003
v 0 0.38907954253799737 -0.4754394320606431
v -0.0004131234318411059 0.3893017398652705 -0.47500000000000003
v 0.06043922924094477 0.382654744717804 -0.47994698862655655
v 0.0676470588235294 0.38499227684969634 -0.47500000000000003
v 0.0676470588235294 0.3811289908934357 -0.4810174381350816
v 0.06338420650911769 0.3855357007410166 -0.47500000000000003
v 0.11200137563098078 0.3669195042937344 -0.490986633495507
v 0.1352941176470588 0.36953751557494124 -0.47500000000000003
v 0.1352941176470588 0.348548725638661 -0.5038753385201775
v 0.1208928731667053 0.3756177084047692 -0.47500000000000003
v 0.2029411764705884 0.3355300367995277 -0.47500000000000003
v 0.1512754046991223 0.33916327953302877 -0.510460048327621
v 0.17163410797183498 0.3590794022998129 -0.47500000000000003
v 0.2120090376398338 0.3324001455172286 -0.47500000000000003
v -0.14665441809526003 -0.3493486315126266 -0.4363684049660015
v -0.1352941176470588 -0.35871145732036214 -0.4285714285714286
v -0.1352941176470588 -0.3498133283233281 -0.43669443034747785
v -0.1352941176470588 -0.3382352941176471 -0.4398867042082286
v -0.1491562242101097 -0.3382352941176471 -0.4380854830758828
v -0.18604529047564253 -0.3382352941176471 -0.4285714285714286
v -0.15259404427717896 -0.3551591353862429 -0.4285714285714286
v -0.08708075945624139 -0.357246522997474 -0.441909465341085
v -0.0676470588235294 -0.37308621054745006 -0.4285714285714286
v -0.0676470588235294 -0.3577644299708363 -0.4422728222969995
v -0.0676470588235294 -0.3382352941176471 -0.44859464545472133
v -0.09334322206308615 -0.3382352941176471 -0.4462076151426772
v -0.09876079390796622 -0.36867264365677005 -0.4285714285714286
v -0.022196082403330264 -0.3599488529904702 -0.4438053857488696
v 0 -0.3775479567632898 -0.4285714285714286
v 0 -0.360189602905477 -0.4439742928320966
v 0 -0.3382352941176471 -0.45148976288823633
v -0.03175131530798857 -0.3382352941176471 -0.45036348038219093
v -0.03820654416604292 -0.3756112612366021 -0.4285714285714286
v 0.04745159946650635 -0.35799172174951743 -0.44243228732267736
v 0.0676470588235294 -0.37308621054745006 -0.4285714285714286
v 0.0676470588235294 -0.3577644299708363 -0.4422728222969995
v 0.0676470588235294 -0.3382352941176471 -0.44859464545472133
v 0.03685087410639396 -0.3382352941176471 -0.44970794044250606
v 0.03000468365330208 -0.3750593567841738 -0.4285714285714286
v 0.12308395162345055 -0.35018002174943774 -0.4369516977988119
v 0.1352941176470588 -0.35871145732036214 -0.4285714285714286
v 0.1352941176470588 -0.3498133283233281 -0.43669443034747785
v 0.1352941176470588 -0.3382352941176471 -0.4398867042082286
v 0.11600297471575224 -0.3382352941176471 -0.4418116229435365
v 0.1103183907791253 -0.36266807040149507 -0.4285714285714286
v 0.1860452904756425 -0.3382352941176471 -0.4285714285714286
v -0.28206118348795156 -0.2832823598059885 -0.43644571910197927
v -0.2705882352941176 -0.2958490449923315 -0.4285714285714286
v -0.2705882352941176 -0.2841735135302127 -0.4370709412386572
v -0.2705882352941176 -0.2720588235294118 -0.4402005846849922
v -0.2835787174886686 -0.2720588235294118 -0.4374872564130304
v -0.3015299777589425 -0.2720588235294118 -0.4285714285714286
v -0.287551585957742 -0.2886534057003487 -0.4285714285714286
v -0.2309853077347614 -0.29949329976610295 -0.4478191087247897
v -0.2029411764705883 -0.33206166629358685 -0.4285714285714286
v -0.2029411764705883 -0.30215097465064633 -0.44968369967553284
v -0.2029411764705883 -0.2720588235294118 -0.4607771853477771
v -0.2376861668126212 -0.2720588235294118 -0.4524181455453084
v -0.24619899128570427 -0.31437625106593836 -0.4285714285714286
v -0.1352941176470588 -0.31315966687083097 -0.4574072583442973
v -0.17366830366270078 -0.3095987881099311 -0.454908991023158
v -0.1881046170449165 -0.2720588235294118 -0.4648171439966663
v -0.19878547704621563 -0.33416993598510863 -0.4285714285714286
v -0.0676470588235294 -0.3195112297850406 -0.46186343423013965
v -0.11309379155952058 -0.3165175838146206 -0.4597631302318449
v 0 -0.32164747936745475 -0.46336219981018256
v -0.04942612358016388 -0.32041046616218083 -0.46249432705346655
v 0.0676470588235294 -0.3195112297850406 -0.46186343423013965
v 0.01783487872874102 -0.3207881301438787 -0.4627592913072927
v 0.1352941176470588 -0.31315966687083097 -0.4574072583442973
v 0.08997910010805885 -0.31638873199147693 -0.459672729428941
v 0.16841059287616966 -0.3058387422630822 -0.45227099060362275
v 0.2029411764705884 -0.3320616662935868 -0.4285714285714286
v 0.2029411764705884 -0.30215097465064633 -0.44968369967553284
v 0.2029411764705884 -0.2720588235294118 -0.46077718534777706
v 0.2564635870666807 -0.285876414186687 -0.43826567471510425
v 0.2705882352941176 -0.2958490449923315 -0.4285714285714286
v 0.2705882352941176 -0.2841735135302127 -0.4370709412386572
v 0.2705882352941176 -0.2720588235294118 -0.4402005846849922
v 0.24234957818499858 -0.2720588235294118 -0.4479526186991159
v 0.21953898430955493 -0.3219983081882233 -0.4285714285714286
v 0.3015299777589425 -0.2720588235294118 -0.4285714285714286
v -0.3521037539086674 -0.2194493244758703 -0.43808984352116614
v -0.3382352941176471 -0.23983058511715571 -0.4285714285714286
v -0.3382352941176471 -0.22103586457656768 -0.43920293990927445
v -0.3382352941176471 -0.20588235294117652 -0.4427699675624984
v -0.35345968916936776 -0.20588235294117652 -0.4390204698957462
v -0.37008780500386507 -0.20588235294117652 -0.4285714285714286
v -0.3587882924202175 -0.22598854693282147 -0.4285714285714286
v -0.2705882352941176 -0.24435953665134827 -0.45556653206332687
v -0.30420698858718453 -0.23877026377135066 -0.45164516918561426
v -0.2705882352941176 -0.20588235294117652 -0.4698213899588657
v -0.3107974854347192 -0.20588235294117652 -0.4561684605002266
v -0.32321623752458856 -0.25736626816663716 -0.4285714285714286
v -0.2029411764705883 -0.26108565781513676 -0.4673013662766515
v -0.25037179745041 -0.25228187346491526 -0.46112474297062306
v -0.26590785682105517 -0.20588235294117652 -0.4717876905510969
v -0.19420612776572113 -0.2635136671876939 -0.4690048268205726
v 0.2029411764705884 -0.2610856578151367 -0.4673013662766515
v 0.2705882352941176 -0.24435953665134827 -0.45556653206332687
v 0.2199438627393392 -0.255425760875199 -0.46333045445529836
v 0.2705882352941176 -0.20588235294117652 -0.4698213899588657
v 0.31830829076783496 -0.22537616056599258 -0.4422480364605853
v 0.33823529411764697 -0.2398305851171558 -0.4285714285714286
v 0.33823529411764697 -0.2210358645765677 -0.4392029399092745
v 0.33823529411764697 -0.20588235294117652 -0.4427699675624984
v 0.29051660598815787 -0.20588235294117652 -0.4613224536540904
v 0.370087805003865 -0.20588235294117652 -0.4285714285714286
v -0.41019737029303377 -0.14392709497975806 -0.43153297774770333
v -0.40588235294117647 -0.1525442496712954 -0.4285714285714286
v -0.40588235294117647 -0.14452567377098915 -0.43195293302663057
v -0.40588235294117647 -0.13970588235294112 -0.4327465784827874
v -0.41048297918516813 -0.13970588235294112 -0.4317290012419943
v -0.4145472526416787 -0.13970588235294112 -0.4285714285714286
v -0.41242863528184576 -0.1461098542079437 -0.4285714285714286
v -0.3382352941176471 -0.17709991986097423 -0.4548066104421439
v -0.36944384041815237 -0.1702359819947398 -0.44999095879630957
v -0.3382352941176471 -0.13970588235294112 -0.46515363411032185
v -0.37331823579664003 -0.13970588235294112 -0.4526500935126008
v -0.38721765447287937 -0.18762340878740758 -0.4285714285714286
v -0.2705882352941176 -0.20147300149992656 -0.47190645502058337
v -0.3193246998403634 -0.18738285853948597 -0.46202098964198857
v -0.3301532150552947 -0.13970588235294112 -0.46945298300378924
v -0.2674599575726498 -0.20282208125713194 -0.4728529522470672
v 0.2705882352941176 -0.20147300149992656 -0.47190645502058337
v 0.27897941129542836 -0.19767359380945945 -0.46924083883139855
v 0.33823529411764697 -0.1770999198609743 -0.4548066104421439
v 0.33823529411764697 -0.13970588235294112 -0.4651536341103219
v 0.3986798188691735 -0.14675183959729196 -0.4335147827015922
v 0.4058823529411766 -0.1525442496712951 -0.4285714285714286
v 0.4058823529411766 -0.14452567377098904 -0.43195293302663046
v 0.4058823529411766 -0.13970588235294112 -0.4327465784827873
v 0.3886895932902855 -0.13970588235294112 -0.44037142820759917
v 0.4145472526416786 -0.13970588235294112 -0.4285714285714286
v -0.40588235294117647 -0.09704102721601313 -0.44506687941186956
v -0.42544932679092207 -0.09267101661771787 -0.4420009354683037
v -0.40588235294117647 -0.07352941176470584 -0.44851452523327284
v -0.4264611309970009 -0.07352941176470584 -0.4426953725165752
v -0.44492351250512097 -0.07352941176470584 -0.4285714285714286
v -0.4363464710589343 -0.10333126644512117 -0.4285714285714286
v -0.3382352941176471 -0.1299804735381894 -0.46817677667282503
v -0.3806706994866916 -0.11504230832137982 -0.4576963496476983
v -0.3853823173900908 -0.07352941176470584 -0.4609300998236338
v -0.3320946909182868 -0.13369877052747997 -0.47078548662404157
v 0.33823529411764697 -0.12998047353818945 -0.46817677667282503
v 0.4058823529411766 -0.09704102721601303 -0.4450668794118695
v 0.36155849445520527 -0.11688970810967762 -0.4589924618801231
v 0.4058823529411766 -0.07352941176470584 -0.44851452523327273
v 0.44492351250512097 -0.07352941176470584 -0.4285714285714286
v 0.419182094732399 -0.12669526538326698 -0.4285714285714286
v -0.40588235294117647 -0.04302145781947919 -0.45359600691461877
v -0.4332358944089155 -0.03411184043838927 -0.4473451324980446
v -0.40588235294117647 -0.007352941176470562 -0.45720057671994796
v -0.4342750714115289 -0.007352941176470562 -0.4480583564656767
v -0.4604160131025214 -0.007352941176470562 -0.4285714285714286
v -0.4518415005228353 -0.05231297685418035 -0.4285714285714286
v -0.3883414014944337 -0.05636978534941401 -0.46296102400704925
v -0.3921602228325163 -0.007352941176470562 -0.46558201629188234
v 0.4058823529411766 -0.04302145781947911 -0.4535960069146187
v 0.4058823529411766 -0.007352941176470562 -0.4572005767199479
v 0.4604160131025214 -0.007352941176470562 -0.4285714285714286
v 0.45513865638820455 -0.025343897523047873 -0.4285714285714286
v -0.40588235294117647 0.016208550316106254 -0.4584695567623509
v -0.43622434614607253 0.029141144754801146 -0.449396212727584
v -0.40588235294117647 0.05882352941176472 -0.4594148402591734
v -0.4364745983803639 0.05882352941176472 -0.4495679696958399
v -0.46511014430654585 0.05882352941176472 -0.4285714285714286
v -0.4616120461507213 0.004305351271992481 -0.4285714285714286
v -0.3928314295880373 0.00541426645160039 -0.4660426892514169
v -0.3937534225908488 0.05882352941176472 -0.46667548569123474
v 0.4058823529411766 0.016208550316106348 -0.45846955676235085
v 0.4058823529411766 0.05882352941176472 -0.45941484025917334
v 0.46511014430654585 0.05882352941176472 -0.4285714285714286
v 0.4642064519398369 0.0497032426265669 -0.4285714285714286
v -0.40588235294117647 0.08284191322236961 -0.4581490069138296
v -0.4344776007155261 0.09702638804683186 -0.4481973594973021
v -0.40588235294117647 0.125 -0.45549754342989723
v -0.4338111401818484 0.125 -0.44773994403785256
v -0.459816471238845 0.125 -0.4285714285714286
v -0.46418501643710985 0.06796478571049987 -0.4285714285714286
v -0.39302810223680645 0.07139833988343103 -0.4661776726532119
v -0.39034176057874853 0.125 -0.46433394126678085
v 0.4058823529411766 0.08284191322236972 -0.45814900691382954
v 0.4058823529411766 0.125 -0.4554975434298972
v 0.45981647123884495 0.125 -0.4285714285714286
v 0.4610817611253708 0.1128229504615201 -0.4285714285714286
v -0.40588235294117647 0.16024598705115592 -0.4502718630529986
v -0.42677777720592963 0.17073529467706366 -0.4429126980202189
v -0.40588235294117647 0.19117647058823528 -0.4463097591531998
v -0.4258924758554504 0.19117647058823528 -0.4423050843604179
v -0.44360246090151534 0.19117647058823528 -0.4285714285714286
v -0.4542012241797333 0.14390800959399486 -0.4285714285714286
v -0.38760339063933946 0.14288159355614488 -0.46245450102886343
v -0.3825783947080843 0.19117647058823528 -0.4590056684176604
v 0.4058823529411766 0.16024598705115606 -0.4502718630529985
v 0.4058823529411766 0.19117647058823528 -0.44630975915319976
v 0.4436024609015153 0.19117647058823528 -0.4285714285714286
v 0.4508517155620609 0.16899176778129998 -0.4285714285714286
v -0.4096210702261596 0.25369550035420446 -0.4311374426086375
v -0.40588235294117647 0.2521064524907447 -0.43225229841125534
v -0.40588235294117647 0.25735294117647056 -0.43145413668259064
v -0.40938081017194883 0.25735294117647056 -0.4309725436273314
v -0.4122827054395014 0.25735294117647056 -0.4285714285714286
v -0.4159837647206708 0.24747112530522608 -0.4285714285714286
v -0.37551297971552305 0.22088564004811362 -0.4541564239662441
v -0.3382352941176471 0.25735294117647056 -0.4591229580579488
v -0.3710789267430017 0.25735294117647056 -0.45111317642920307
v -0.32395845958586644 0.25735294117647056 -0.46520130300769097
v 0.33823529411764697 0.25735294117647056 -0.45912295805794884
v 0.4058823529411766 0.2521064524907448 -0.43225229841125523
v 0.4058823529411766 0.25735294117647056 -0.4314541366825906
v 0.39783697497360077 0.25735294117647056 -0.4340932563069387
v 0.41228270543950135 0.25735294117647056 -0.4285714285714286
v 0.4348816076658989 0.21954530673198544 -0.4285714285714286
v -0.40588235294117647 0.2666725429684696 -0.4285714285714286
v -0.3539543684140623 0.3081520564747344 -0.43935998577486884
v -0.3382352941176471 0.2982721269197771 -0.446291618891204
v -0.3382352941176471 0.32352941176470584 -0.4399497882630375
v -0.35229438215560704 0.32352941176470584 -0.4382206784359912
v -0.3672163968305604 0.32352941176470584 -0.4285714285714286
v -0.3169451589871852 0.27818024728235713 -0.46038782650983834
v -0.2705882352941176 0.32352941176470584 -0.46118484111438546
v -0.3067005309437723 0.32352941176470584 -0.4533565755856326
v -0.2567839458285904 0.32352941176470584 -0.46552562741651704
v 0.2705882352941176 0.32352941176470584 -0.46118484111438546
v 0.33823529411764697 0.298272126919777 -0.4462916188912041
v 0.33823529411764697 0.32352941176470584 -0.43994978826303754
v 0.3111145739192124 0.32352941176470584 -0.4471853390181803
v 0.4058823529411766 0.2666725429684694 -0.4285714285714286
v 0.3672163968305604 0.32352941176470584 -0.4285714285714286
v 0.3856082827499116 0.30369608222977273 -0.4285714285714286
v 0.4106370620786802 0.2620042870718546 -0.4285714285714286
v -0.3382352941176471 0.35408242243176913 -0.4285714285714286
v -0.2841841989682786 0.37640548310647926 -0.4379028197887876
v -0.2705882352941176 0.36710848835067733 -0.44442547325238196
v -0.2705882352941176 0.3897058823529411 -0.4374733166429073
v -0.28205190866358554 0.3897058823529411 -0.4364393534616535
v -0.2975956978891116 0.3897058823529411 -0.4285714285714286
v -0.24633435414281774 0.3472560346301079 -0.458353702688083
v -0.2029411764705883 0.3897058823529411 -0.4536163688593652
v -0.2333882127523826 0.3897058823529411 -0.4494683075101757
v -0.1352941176470588 0.3897058823529411 -0.46497614644207236
v -0.17918869048615 0.3897058823529411 -0.4586978279423576
v -0.0676470588235294 0.3897058823529411 -0.4722417611777516
v -0.12297072148187171 0.3897058823529411 -0.4665420169176822
v 0 0.3897058823529411 -0.4747805830268917
v -0.06386231909786728 0.3897058823529411 -0.47240239913238724
v 0.0676470588235294 0.3897058823529411 -0.4722417611777516
v 0.00034060650001614895 0.3897058823529411 -0.4747662297002995
v 0.1352941176470588 0.3897058823529411 -0.46497614644207236
v 0.07254601467534731 0.3897058823529411 -0.47163767315760324
v 0.2029411764705884 0.3897058823529411 -0.4536163688593652
v 0.1557823089721348 0.3897058823529411 -0.460938228935274
v 0.2705882352941176 0.36710848835067733 -0.44442547325238196
v 0.2705882352941176 0.3897058823529411 -0.4374733166429073
v 0.2534447010543405 0.3897058823529411 -0.4403376430651887
v 0.33823529411764697 0.3540824224317692 -0.4285714285714286
v 0.2975956978891116 0.3897058823529411 -0.4285714285714286
v 0.32143057948968834 0.37326648760819897 -0.4285714285714286
v 0.35653460845318236 0.3414309149190339 -0.4285714285714286
v -0.2705882352941176 0.41020575559072386 -0.4285714285714286
v -0.2029411764705883 0.44710508697282836 -0.4285714285714286
v -0.22630530584027692 0.4330261394273506 -0.4285714285714286
v -0.15208223277215285 0.4394591968405409 -0.4400937063436205
v -0.1352941176470588 0.42984402564381924 -0.4468395883578284
v -0.1352941176470588 0.4558823529411764 -0.4371082056079893
v -0.14687826998080145 0.4558823529411764 -0.43652204244023957
v -0.1791475400982982 0.4558823529411764 -0.4285714285714286
v -0.0676470588235294 0.40139970521845325 -0.4667957623705455
v -0.10614941107091491 0.41821700835134273 -0.4549969560455659
v -0.0676470588235294 0.4558823529411764 -0.4441372727268112
v -0.08892230560803151 0.4558823529411764 -0.44317338366265524
v 0 0.3906577514746966 -0.4743321807114033
v -0.05722404135071924 0.39990231248938585 -0.46784631409474836
v 0 0.4558823529411764 -0.4463533501883027
v -0.025217071320362897 0.4558823529411764 -0.44587879739689507
v 0.001143649852715443 0.3908246702523367 -0.4742150726166146
v 0.0676470588235294 0.40139970521845325 -0.4667957623705455
v 0.0676470588235294 0.4558823529411764 -0.4441372727268112
v 0.04430728563190953 0.4558823529411764 -0.44459034122778884
v 0.08822184219595748 0.4098333878259686 -0.460878797747495
v 0.1352941176470588 0.42984402564381924 -0.4468395883578284
v 0.1352941176470588 0.4558823529411764 -0.4371082056079893
v 0.12186593808267493 0.4558823529411764 -0.43778766361406474
v 0.2029411764705884 0.44710508697282836 -0.4285714285714286
v 0.1791475400982982 0.4558823529411764 -0.4285714285714286
v 0.19696441133045553 0.45003551747800297 -0.4285714285714286
v 0.2705882352941176 0.41020575559072386 -0.4285714285714286
v 0.24404458931513093 0.4299157427443415 -0.4285714285714286
v 0.2850284281119419 0.40383215793559535 -0.4285714285714286
v -0.1352941176470588 0.47327014669808143 -0.4285714285714286
v -0.0676470588235294 0.48788191810701226 -0.4285714285714286
v -0.11398799675711871 0.4767252972900308 -0.4285714285714286
v 0 0.4924421947480376 -0.4285714285714286
v -0.03303763883088986 0.4897393942383238 -0.4285714285714286
v 0.0676470588235294 0.48788191810701226 -0.4285714285714286
v 0.03548475676372899 0.4905957019491722 -0.4285714285714286
v 0.1352941176470588 0.47327014669808143 -0.4285714285714286
v 0.0960958602375509 0.4837127021505453 -0.4285714285714286
v 0.14985698910979237 0.4701286402416766 -0.4285714285714286
v -0.210821374383858 -0.3459441833806283 -0.3875513159591075
v -0.2029411764705883 -0.3485205868493565 -0.3821428571428572
v -0.2029411764705883 -0.3474670409068733 -0.38861973346164763
v -0.2029411764705883 -0.3382352941176471 -0.4093637109921829
v -0.2168411953412864 -0.3382352941176471 -0.39168293220628664
v -0.22128820239942368 -0.3382352941176471 -0.3821428571428572
v -0.21137032445712917 -0.3464811997566545 -0.3821428571428572
v -0.1628813259550579 -0.36522278050590706 -0.4010769348946205
v -0.1352941176470588 -0.37358601106061595 -0.3821428571428572
v -0.1352941176470588 -0.3695446593068889 -0.40410911018038875
v -0.1933047962626505 -0.3382352941176471 -0.42195763967094957
v -0.164973522734158 -0.367269494746331 -0.3821428571428572
v -0.10660950372307604 -0.37635072934546443 -0.40888416249316717
v -0.0676470588235294 -0.38644049978401424 -0.3821428571428572
v -0.0676470588235294 -0.3805591652513613 -0.4118367476842884
v -0.11055752471002905 -0.38021292378922283 -0.3821428571428572
v -0.04498371699580359 -0.38224110422223756 -0.4130167747083
v 0 -0.39048784296300537 -0.3821428571428572
v 0 -0.38397573807154467 -0.4142337717898774
v -0.05073750663618713 -0.3878698114791345 -0.3821428571428572
v 0.022542367322231825 -0.3823594488471773 -0.4130998037943689
v 0.0676470588235294 -0.38644049978401424 -0.3821428571428572
v 0.0676470588235294 -0.3805591652513613 -0.4118367476842884
v 0.015533974627768865 -0.3892154851787172 -0.3821428571428572
v 0.09877728428832776 -0.37395828327292746 -0.40720565270894277
v 0.1352941176470588 -0.37358601106061595 -0.3821428571428572
v 0.1352941176470588 -0.3695446593068889 -0.40410911018038875
v 0.09203952664126971 -0.38054956792765815 -0.3821428571428572
v 0.19113649596059332 -0.3497833511382944 -0.3902448273065494
v 0.2029411764705884 -0.3485205868493565 -0.3821428571428572
v 0.2029411764705884 -0.34746704090687325 -0.38861973346164763
v 0.2029411764705884 -0.3382352941176471 -0.4093637109921827
v 0.18856075101995762 -0.3523031016236989 -0.3821428571428572
v 0.2212882023994237 -0.3382352941176471 -0.3821428571428572
v -0.29763008375873207 -0.2985128057230564 -0.4007026351263348
v -0.2705882352941176 -0.31285210574470806 -0.3821428571428572
v -0.2705882352941176 -0.30697314782095525 -0.4066383037093051
v -0.3129689965699385 -0.2720588235294118 -0.41123027404334295
v -0.32383493482504905 -0.2720588235294118 -0.3821428571428572
v -0.299352209441018 -0.30019749389051 -0.3821428571428572
v -0.2029411764705883 -0.3337264548229122 -0.42540808417734477
v -0.2512378425144901 -0.31930556205062016 -0.41529056893075256
v -0.25585537081544424 -0.3238227093015536 -0.3821428571428572
v -0.19968672611116273 -0.3350515926790786 -0.4263377840700837
v 0.2029411764705884 -0.33372645482291213 -0.4254080841773447
v 0.21244219473634754 -0.3289408197272305 -0.42205054336418396
v 0.2705882352941176 -0.31285210574470806 -0.3821428571428572
v 0.2705882352941176 -0.30697314782095525 -0.4066383037093051
v 0.31456813179874815 -0.2720588235294118 -0.39838646854806414
v 0.3238349348250491 -0.2720588235294118 -0.3821428571428572
v -0.36822972913676144 -0.23522473502509275 -0.40272909981125554
v -0.3382352941176471 -0.25942603968510725 -0.3821428571428572
v -0.3382352941176471 -0.24941677230549364 -0.41268605295083843
v -0.380105058432305 -0.20588235294117652 -0.41087955873770005
v -0.38844612475391016 -0.20588235294117652 -0.3821428571428572
v -0.3702177748954886 -0.23716956239776066 -0.3821428571428572
v -0.32636082473165867 -0.2604424947822493 -0.4204215598313558
v -0.33227718363771797 -0.26623023719035077 -0.3821428571428572
v 0.33823529411764697 -0.2494167723054937 -0.41268605295083843
v 0.33823529411764697 -0.2594260396851074 -0.3821428571428572
v 0.37963857749780816 -0.20588235294117652 -0.4001548893570944
v 0.38844612475391016 -0.20588235294117652 -0.3821428571428572
v -0.42494861855783794 -0.15835766393445783 -0.3952287102524292
v -0.40588235294117647 -0.18006416583819096 -0.3821428571428572
v -0.40588235294117647 -0.17071407170433134 -0.4038978090370071
v -0.4295496542006426 -0.13970588235294112 -0.3983865639078945
v -0.4329495346063718 -0.13970588235294112 -0.3821428571428572
v -0.4262493763432155 -0.15963014437667503 -0.3821428571428572
v -0.3911722874188173 -0.1914920714519121 -0.4184753898122939
v -0.39671618815388293 -0.19691545260578064 -0.3821428571428572
v 0.4058823529411766 -0.17071407170433117 -0.403897809037007
v 0.4058823529411766 -0.18006416583819074 -0.3821428571428572
v 0.4163026164494318 -0.13970588235294112 -0.4214196328095516
v 0.43294953460637176 -0.13970588235294112 -0.3821428571428572
v -0.44425426666703643 -0.11106715345304718 -0.40847886004166173
v -0.4522795833675791 -0.07352941176470584 -0.4139869190193634
v -0.45992721527253383 -0.07352941176470584 -0.3821428571428572
v -0.4477553361592802 -0.11449211273893783 -0.3821428571428572
v 0.4267252576108696 -0.11931608430650223 -0.41426620518011753
v 0.45411050497401295 -0.07352941176470584 -0.3954707403749787
v 0.4599272152725338 -0.07352941176470584 -0.3821428571428572
v 0.44782054884734207 -0.09867938635777909 -0.3821428571428572
v -0.4742934692655038 -0.0081003887315991 -0.38266725685613784
v -0.47352941176470575 -0.010513389978066487 -0.3821428571428572
v -0.47352941176470575 -0.009127887334004145 -0.3833881368279839
v -0.47352941176470575 -0.007352941176470562 -0.38452514091129564
v -0.47436390030885084 -0.007352941176470562 -0.3827155961747083
v -0.47445028117650245 -0.007352941176470562 -0.3821428571428572
v -0.4743596980393647 -0.008165177749506453 -0.3821428571428572
v -0.4567965902671332 -0.05716034725621092 -0.41708710077340516
v -0.46382569079780944 -0.007352941176470562 -0.4219114213239625
v -0.46318116426476547 -0.06340612616693814 -0.3821428571428572
v 0.47352941176470575 -0.009127887334004145 -0.3833881368279839
v 0.47352941176470575 -0.010513389978066487 -0.3821428571428572
v 0.47352941176470575 -0.007352941176470562 -0.38452514091129564
v 0.47445028117650245 -0.007352941176470562 -0.3821428571428572
v -0.47352941176470575 0.03830432401389034 -0.3965388710886675
v -0.4798899468359556 0.05260126684206379 -0.3865083175489013
v -0.47352941176470575 0.05882352941176472 -0.40087067227840406
v -0.4800359300227912 0.05882352941176472 -0.38660851097837545
v -0.4807111811374298 0.05882352941176472 -0.3821428571428572
v -0.4804887653600463 0.052015466111975044 -0.3821428571428572
v -0.4645792244202094 0.0014026768779280621 -0.422428598126914
v -0.4673036654295397 0.05882352941176472 -0.4242984784469824
v 0.47352941176470575 0.03830432401389034 -0.3965388710886675
v 0.47352941176470575 0.05882352941176472 -0.40087067227840406
v 0.4807111811374298 0.05882352941176472 -0.3821428571428572
v 0.47448274305071136 -0.006420334483639003 -0.3821428571428572
v -0.47356109469417346 0.12496900582986856 -0.38216460225904464
v -0.47352941176470575 0.12480358770631016 -0.3822806575139856
v -0.47352941176470575 0.125 -0.38222981781672566
v -0.47355962501807836 0.125 -0.38216359356830853
v -0.4735627069262274 0.125 -0.3821428571428572
v -0.4735647713899981 0.12496540906221404 -0.3821428571428572
v -0.4667403439899812 0.06546500875660395 -0.42391185099933504
v -0.4633580126074559 0.125 -0.421590437224372
v 0.47352941176470575 0.12480358770631016 -0.3822806575139856
v 0.47352941176470575 0.125 -0.38222981781672566
v 0.4735627069262274 0.125 -0.3821428571428572
v 0.4803338664166063 0.06548006113645002 -0.3821428571428572
v -0.47352941176470575 0.12510884895115965 -0.3821428571428572
v -0.4600617348155907 0.13817490136326474 -0.41932808507529684
v -0.45119090910400983 0.19117647058823528 -0.41323972332914966
v -0.45860299587407954 0.19117647058823528 -0.3821428571428572
v 0.47352941176470575 0.12510884895115965 -0.3821428571428572
v 0.4583386152253539 0.17631590875626063 -0.3925688386186235
v 0.4523557836513825 0.19117647058823528 -0.3966750677423741
v 0.45860299587407954 0.19117647058823528 -0.3821428571428572
v 0.4621815262274087 0.1800752782147925 -0.3821428571428572
v 0.47355883988766123 0.12502878838115208 -0.3821428571428572
v -0.4357177723325434 0.228166117858829 -0.40261996175618664
v -0.42750288576607276 0.25735294117647056 -0.39698179426801894
v -0.43058942498319835 0.25735294117647056 -0.3821428571428572
v -0.4450351595573863 0.21905128253017828 -0.3821428571428572
v 0.4382800620614781 0.22286988168418254 -0.4063357338025259
v 0.4135588086755251 0.25735294117647056 -0.4233028052258043
v 0.4305894249831983 0.25735294117647056 -0.3821428571428572
v 0.4462417707431541 0.2306585097423438 -0.3821428571428572
v -0.40588235294117647 0.2936744013497729 -0.3821428571428572
v -0.40588235294117647 0.2714486356667065 -0.41868206831002497
v -0.3777515883378056 0.32352941176470584 -0.4092642888902331
v -0.38550349685126695 0.32352941176470584 -0.3821428571428572
v 0.3919580406276686 0.30990780189279593 -0.3916996056561654
v 0.4058823529411766 0.2936744013497727 -0.3821428571428572
v 0.4058823529411766 0.2714486356667062 -0.4186820683100252
v 0.37565039961927776 0.32352941176470584 -0.4028921170314895
v 0.38550349685126695 0.32352941176470584 -0.3821428571428572
v 0.3951222430760193 0.31300321733139985 -0.3821428571428572
v 0.4110097846859833 0.2623689070137815 -0.4250522906347755
v 0.42410348549511395 0.2751779621531485 -0.3821428571428572
v -0.3382352941176471 0.3646877126485764 -0.3996952873163956
v -0.3382352941176471 0.3734991164811997 -0.3821428571428572
v -0.30987639343614776 0.3897058823529411 -0.4091077110229462
v -0.319739331444048 0.3897058823529411 -0.3821428571428572
v 0.3282920888993206 0.3799788337697958 -0.3889672309107147
v 0.33823529411764697 0.37349911648119977 -0.3821428571428572
v 0.33823529411764697 0.3646877126485765 -0.39969528731639553
v 0.30849680078286557 0.3897058823529411 -0.4025534379720084
v 0.3197393314440479 0.3897058823529411 -0.3821428571428572
v 0.33052408241762776 0.3821623056898789 -0.3821428571428572
v 0.3580765001889628 0.34293928726925393 -0.41495370639204726
v 0.3678324152325653 0.35248311720321285 -0.3821428571428572
v -0.2705882352941176 0.4269846239740265 -0.3821428571428572
v -0.2705882352941176 0.41500273460120674 -0.41082347826391524
v -0.2029411764705883 0.4558823529411764 -0.40039545331555276
v -0.21193794496503837 0.4558823529411764 -0.3883176578797313
v -0.21475097974475782 0.4558823529411764 -0.3821428571428572
v -0.1890864335199165 0.4558823529411764 -0.41906242797484955
v 0.2029411764705884 0.4558823529411764 -0.40039545331555265
v 0.24901095857016295 0.43477414745035114 -0.39695210607451553
v 0.2705882352941176 0.4269846239740265 -0.3821428571428572
v 0.2705882352941176 0.41500273460120674 -0.41082347826391524
v 0.21475097974475787 0.4558823529411764 -0.3821428571428572
v 0.2536844538277024 0.4393460449849006 -0.3821428571428572
v 0.2861929454496209 0.40497135967897696 -0.41786136352681297
v 0.2966084244876719 0.41516041525967906 -0.3821428571428572
v -0.2029411764705883 0.46236978603315226 -0.3821428571428572
v -0.1352941176470588 0.48788733124750383 -0.3821428571428572
v -0.1352941176470588 0.4762494407436025 -0.41428213839893285
v -0.19379863549324416 0.4648261430277087 -0.3821428571428572
v -0.10843592442711962 0.4821566723954647 -0.41013769968445174
v -0.0676470588235294 0.5011058599871171 -0.3821428571428572
v -0.0676470588235294 0.4937895468231452 -0.4019762227050314
v -0.09598540713015516 0.49433652627292995 -0.3821428571428572
v -0.02576138660212244 0.49685746707081363 -0.3998238088169847
v 0 0.5052784502926582 -0.3821428571428572
v 0 0.499364015252341 -0.39806524644200836
v -0.018702395890532388 0.5037630014625866 -0.3821428571428572
v 0.041428496760569575 0.49641023020695096 -0.40013758452147247
v 0.0676470588235294 0.5011058599871171 -0.3821428571428572
v 0.0676470588235294 0.4937895468231452 -0.4019762227050314
v 0.04791186584338229 0.5027526564836156 -0.3821428571428572
v 0.0997915296572143 0.48732803093065075 -0.4065095402042101
v 0.1352941176470588 0.48788733124750383 -0.3821428571428572
v 0.1352941176470588 0.4762494407436025 -0.41428213839893285
v 0.10776544224437352 0.4951285975920022 -0.3821428571428572
v 0.2029411764705884 0.4623697860331522 -0.3821428571428572
v 0.1512716521380867 0.4715125497258776 -0.4176054809859716
v 0.16197796302998077 0.48198611472881736 -0.3821428571428572
v 0.20824694199673516 0.4610727757384939 -0.3821428571428572
v -0.21656913170213168 -0.3515669894528526 -0.3450676338700966
v -0.2029411764705883 -0.35681986619019107 -0.33571428571428574
v -0.2029411764705883 -0.3545108160567448 -0.34713298523346225
v -0.22982682047431593 -0.3382352941176471 -0.35416685504603673
v -0.23783595342822064 -0.3382352941176471 -0.33571428571428574
v -0.21751050516180187 -0.35248789827209515 -0.33571428571428574
v -0.1673043089567106 -0.369549611703176 -0.35768401329016475
v -0.1352941176470588 -0.3807829217293218 -0.33571428571428574
v -0.1352941176470588 -0.37585968905252 -0.36211108343049814
v -0.17034693922787636 -0.37252609783801205 -0.33571428571428574
v -0.11205158754613083 -0.38167450699845284 -0.3661906858624066
v -0.0676470588235294 -0.39329349670345143 -0.33571428571428574
v -0.0676470588235294 -0.3876759052256654 -0.3704011906503875
v -0.11655857713446444 -0.3860835185522574 -0.33571428571428574
v -0.051847215002637295 -0.38895539575066185 -0.37129886495522624
v 0 -0.3971308970568679 -0.33571428571428574
v 0 -0.39144649561462475 -0.37304658898676846
v -0.057241015913140146 -0.39423194011963203 -0.33571428571428574
v 0.014409095814294998 -0.3903159101049416 -0.3722533845498162
v 0.0676470588235294 -0.39329349670345143 -0.33571428571428574
v 0.0676470588235294 -0.3876759052256654 -0.3704011906503875
v 0.00816775943785092 -0.3964215652558108 -0.33571428571428574
v 0.08991679537106251 -0.3826261528659043 -0.3668583485186186
v 0.1352941176470588 -0.3807829217293218 -0.33571428571428574
v 0.1352941176470588 -0.37585968905252 -0.36211108343049814
v 0.08296691400527356 -0.3894249498541761 -0.33571428571428574
v 0.18104839592501049 -0.3596521446513645 -0.35074007608873514
v 0.2029411764705884 -0.356819866190191 -0.33571428571428574
v 0.2029411764705884 -0.3545108160567448 -0.3471329852334622
v 0.17619718793400527 -0.36439789159908703 -0.33571428571428574
v 0.22833857949708075 -0.3382352941176471 -0.3647117202830596
v 0.23783595342822064 -0.3382352941176471 -0.33571428571428574
v -0.3018033231732788 -0.3025953225416347 -0.35713830565619453
v -0.2705882352941176 -0.3217186636145577 -0.33571428571428574
v -0.2705882352941176 -0.31510786729486545 -0.36591694816560405
v -0.3254297900916717 -0.2720588235294118 -0.3733539863672654
v -0.3360672971294348 -0.2720588235294118 -0.33571428571428574
v -0.3044494083429536 -0.3051838841206644 -0.33571428571428574
v -0.2567860481283827 -0.32473315449899337 -0.37266992744215094
v -0.2613234216391786 -0.32917188945520676 -0.33571428571428574
v 0.2705882352941176 -0.3217186636145577 -0.33571428571428574
v 0.2705882352941176 -0.31510786729486545 -0.36591694816560405
v 0.33573693040113545 -0.2720588235294118 -0.33742900118431385
v 0.33606729712943473 -0.2720588235294118 -0.33571428571428574
v -0.3725613169410898 -0.2394621578771531 -0.35927345044714554
v -0.3382352941176471 -0.2701861302451342 -0.33571428571428574
v -0.3382352941176471 -0.26078321425525236 -0.3742320328584469
v -0.3901799511055518 -0.20588235294117652 -0.3713657428395247
v -0.39906739342073244 -0.20588235294117652 -0.33571428571428574
v -0.37566876943478966 -0.24250205705577255 -0.33571428571428574
v -0.33271572493414764 -0.2666592449803363 -0.3783545813989026
v -0.33739370003497765 -0.27123552497027864 -0.33571428571428574
v 0.33823529411764697 -0.26078321425525247 -0.374232032858447
v 0.33823529411764697 -0.27018613024513427 -0.33571428571428574
v 0.3981691834974454 -0.20588235294117652 -0.34100810697846146
v 0.3990673934207324 -0.20588235294117652 -0.33571428571428574
v -0.43030950742413226 -0.1636020117384414 -0.3524795066482399
v -0.40588235294117647 -0.19575437082578373 -0.33571428571428574
v -0.40588235294117647 -0.18419160933434603 -0.366924906866319
v -0.4374534446831695 -0.13970588235294112 -0.3573826437111195
v -0.4430958916529823 -0.13970588235294112 -0.33571428571428574
v -0.4324472284491824 -0.16569326056729483 -0.33571428571428574
v -0.39741024055110874 -0.1975944169074146 -0.376328146465202
v -0.4024739155610144 -0.20254801202580058 -0.33571428571428574
v 0.4058823529411766 -0.18419160933434586 -0.36692490686631885
v 0.4058823529411766 -0.19575437082578348 -0.33571428571428574
v 0.4385151557285042 -0.13970588235294112 -0.35974580926708255
v 0.44309589165298224 -0.13970588235294112 -0.33571428571428574
v -0.44976334900788284 -0.11645647313430998 -0.3658313668656588
v -0.461264695207921 -0.07352941176470584 -0.37372514795326267
v -0.46950226412685847 -0.07352941176470584 -0.33571428571428574
v -0.4546328545245113 -0.12122011983535957 -0.33571428571428574
v 0.4634433874379709 -0.08339617469303341 -0.3426366812925727
v 0.468989460402464 -0.07352941176470584 -0.3388302150653896
v 0.46950226412685847 -0.07352941176470584 -0.33571428571428574
v 0.4655593923099073 -0.08132616992700872 -0.33571428571428574
v -0.48392727442013417 -0.017524763339389654 -0.3428507069777941
v -0.47352941176470575 -0.05496426281255243 -0.33571428571428574
v -0.47352941176470575 -0.03534430669331012 -0.35535267231498907
v -0.48488428201666134 -0.007352941176470562 -0.34350753517292604
v -0.48666029618710155 -0.007352941176470562 -0.33571428571428574
v -0.4850322499775839 -0.01860571768906872 -0.33571428571428574
v -0.4641357396171863 -0.06433994988126288 -0.37569564737701305
v -0.4705487599470475 -0.07061355672569228 -0.33571428571428574
v 0.47352941176470575 -0.03534430669331012 -0.35535267231498907
v 0.47352941176470575 -0.05496426281255243 -0.33571428571428574
v 0.4746261088970463 -0.007352941176470562 -0.3813901550737663
v 0.48666029618710155 -0.007352941176470562 -0.33571428571428574
v -0.4892998640157612 0.04339591307921047 -0.34653810542696667
v -0.48972870983145644 0.05882352941176472 -0.34683243749301834
v -0.4924157697322284 0.05882352941176472 -0.33571428571428574
v -0.4915454823676905 0.04119911251754053 -0.33571428571428574
v 0.47469833566782677 -0.00620942866254782 -0.3813405832838828
v 0.48215318378241995 0.05882352941176472 -0.3762240570934322
v 0.4924157697322284 0.05882352941176472 -0.33571428571428574
v 0.48736036210132316 0.006177336326742108 -0.33571428571428574
v -0.4855237770822209 0.11326638175460477 -0.34394644327692814
v -0.4849413393724243 0.125 -0.3435466956562292
v -0.48685008247845674 0.125 -0.33571428571428574
v -0.48770553358451885 0.11113205474148721 -0.33571428571428574
v 0.4815823261929208 0.06670138048284464 -0.3766158568675916
v 0.4735696371835817 0.125 -0.3821152490137529
v 0.48685008247845674 0.125 -0.33571428571428574
v 0.4913709223337289 0.07627718105537436 -0.33571428571428574
v -0.47352941176470575 0.1741235029835838 -0.33571428571428574
v -0.47352941176470575 0.12545936983843825 -0.3818205690974767
v -0.4606144127265227 0.19117647058823528 -0.3732788360638557
v -0.469965336993771 0.19117647058823528 -0.33571428571428574
v 0.4704614065085044 0.18817516109847304 -0.3378199663404364
v 0.47352941176470575 0.1741235029835838 -0.33571428571428574
v 0.47352941176470575 0.12545936983843825 -0.3818205690974767
v 0.4692976577138219 0.19117647058823528 -0.3386186883392712
v 0.469965336993771 0.19117647058823528 -0.33571428571428574
v 0.4708344684370378 0.1885401129850818 -0.33571428571428574
v 0.47356309335243935 0.12503294937930462 -0.3821197402767419
v 0.48505128289230437 0.136271395668303 -0.33571428571428574
v -0.45161311887833444 0.2126163223249029 -0.3671009294164967
v -0.43742721948832386 0.25735294117647056 -0.35736464443142735
v -0.44422498130260385 0.25735294117647056 -0.33571428571428574
v -0.46666377288881883 0.19789285644508123 -0.33571428571428574
v 0.45248695548511975 0.23676792959861465 -0.35015646844033704
v 0.4371915611913517 0.25735294117647056 -0.36065423905810956
v 0.4442249813026038 0.25735294117647056 -0.33571428571428574
v 0.4550333984142771 0.23925901507279027 -0.33571428571428574
v -0.40588235294117647 0.31218731825433454 -0.343671754494578
v -0.40588235294117647 0.3155961809603928 -0.33571428571428574
v -0.38914831758735263 0.32352941176470584 -0.3706576962323135
v -0.4007146810104824 0.32352941176470584 -0.33571428571428574
v 0.4028087722093342 0.3205226480052948 -0.3378237929867614
v 0.4058823529411766 0.3155961809603926 -0.33571428571428574
v 0.4058823529411766 0.31218731825433427 -0.3436717544945782
v 0.39926150656273496 0.32352941176470584 -0.340258406986446
v 0.4007146810104824 0.32352941176470584 -0.33571428571428574
v 0.4032223253833455 0.3209272108929146 -0.33571428571428574
v 0.4266008379146976 0.2776210243027412 -0.36792302739394983
v 0.4330327283798413 0.2839130910621209 -0.33571428571428574
v -0.3400523242969094 0.3879283528297497 -0.33696137785595337
v -0.3382352941176471 0.3897058823529411 -0.3373575039208325
v -0.33885572258368857 0.3897058823529411 -0.3361401077360099
v -0.33903939174722786 0.3897058823529411 -0.33571428571428574
v -0.3449218191664949 0.38316471654428563 -0.33571428571428574
v -0.3238474752368202 0.3897058823529411 -0.37226798766253816
v 0.33823529411764697 0.3897058823529411 -0.33735750392083264
v 0.3722420104935439 0.35679685169764835 -0.3588028437295864
v 0.3390393917472278 0.3897058823529411 -0.33571428571428574
v 0.37679934060783354 0.36125510941814915 -0.33571428571428574
v -0.3382352941176471 0.3904290472956352 -0.33571428571428574
v -0.2705882352941176 0.44251160626920194 -0.33571428571428574
v -0.2705882352941176 0.43862726675066294 -0.3478202350733444
v -0.3356869561356203 0.3921988216831847 -0.33571428571428574
v -0.23155169112689317 0.4558823529411764 -0.3553506948417497
v -0.24467764462441674 0.4558823529411764 -0.33571428571428574
v 0.26168436549821716 0.44717204553214335 -0.34182532678538513
v 0.2705882352941176 0.44251160626920194 -0.33571428571428574
v 0.2705882352941176 0.43862726675066294 -0.3478202350733444
v 0.22440769729846224 0.4558823529411764 -0.36740962390385057
v 0.2446776446244167 0.4558823529411764 -0.33571428571428574
v 0.263082517018397 0.4485398024540585 -0.33571428571428574
v 0.33823529411764697 0.39042904729563527 -0.33571428571428574
v 0.3006579341076481 0.4191218920618297 -0.36150495826773216
v 0.30624588699296973 0.4245883677105139 -0.33571428571428574
v 0.33871594640206437 0.3901760856746538 -0.33571428571428574
v -0.2029411764705883 0.47833419788423714 -0.33571428571428574
v -0.2029411764705883 0.4644228622029534 -0.37615094429570567
v -0.18850136212834873 0.4700082582759759 -0.3722323013365375
v -0.1352941176470588 0.502298723873142 -0.33571428571428574
v -0.1352941176470588 0.49686359886217085 -0.35339093540146105
v -0.1701560055930751 0.4879548027126567 -0.33571428571428574
v -0.08177893613889205 0.5082341609382961 -0.3454134934369415
v -0.0676470588235294 0.5144826807340578 -0.33571428571428574
v -0.0676470588235294 0.5124572557006204 -0.3424506237782948
v -0.07810448960313204 0.5118287282015395 -0.33571428571428574
v -0.005585381290474346 0.516594863571339 -0.3395477306372511
v 0 0.5181887082914272 -0.33571428571428574
v 0 0.5171562732379817 -0.3391538527441461
v -0.004340200993343618 0.5178129747315755 -0.33571428571428574
v 0.05877848472890761 0.5133830445238035 -0.34180110209599823
v 0.0676470588235294 0.5144826807340578 -0.33571428571428574
v 0.0676470588235294 0.5124572557006204 -0.3424506237782948
v 0.060554148436116895 0.5151201068460733 -0.33571428571428574
v 0.11613541739991196 0.5033166167658985 -0.34886357998329026
v 0.1352941176470588 0.502298723873142 -0.33571428571428574
v 0.1352941176470588 0.49686359886217085 -0.35339093540146105
v 0.11964348707519587 0.5067484240569371 -0.33571428571428574
v 0.16711323638018938 0.4870097517018475 -0.360304269440926
v 0.2029411764705884 0.47833419788423703 -0.33571428571428574
v 0.2029411764705884 0.4644228622029534 -0.37615094429570567
v 0.1733048335123827 0.49306674889638447 -0.33571428571428574
v 0.2090481878708891 0.4618566032240793 -0.37795139900786817
v 0.22025109876995458 0.47281597258186076 -0.33571428571428574
v -0.21189457991536592 -0.41317052894533873 -0.29543075205371383
v -0.2029411764705883 -0.42083583057765445 -0.28928571428571426
v -0.2029411764705883 -0.41405814583895056 -0.29605349279494625
v -0.2029411764705883 -0.40441176470588236 -0.3004851481757924
v -0.21529668186587164 -0.40441176470588236 -0.2977657350694336
v -0.2377492513257793 -0.40441176470588236 -0.28928571428571426
v -0.21619514630193803 -0.4173776047582898 -0.28928571428571426
v -0.15607393709622075 -0.42473984894962774 -0.3035476400567229
v -0.1352941176470588 -0.4416067596570668 -0.28928571428571426
v -0.1352941176470588 -0.4264067346866295 -0.30471710592300033
v -0.1352941176470588 -0.40441176470588236 -0.3162313085613041
v -0.16589465864442435 -0.40441176470588236 -0.31028794894539685
v -0.16652749091813984 -0.4349661516015051 -0.28928571428571426
v -0.09542931340099116 -0.43159005722731236 -0.3083536591975747
v -0.0676470588235294 -0.45287205758101373 -0.28928571428571426
v -0.0676470588235294 -0.4330190225369681 -0.30935620311323797
v -0.0676470588235294 -0.40441176470588236 -0.32577782669179334
v -0.11225433700329537 -0.40441176470588236 -0.31990126856437356
v -0.11110535166524638 -0.4469253120510403 -0.28928571428571426
v -0.030815594858192408 -0.4345574553280271 -0.3104355480237904
v 0 -0.4564776702603227 -0.28928571428571426
v 0 -0.435107077274584 -0.3108211558021684
v 0 -0.40441176470588236 -0.3290185705009091
v -0.05421246953206779 -0.40441176470588236 -0.3264936514490279
v -0.05075871173965295 -0.45406702619032546 -0.28928571428571426
v 0.03784772270756871 -0.43356328916714826 -0.30973805366965
v 0.0676470588235294 -0.45287205758101373 -0.28928571428571426
v 0.0676470588235294 -0.4330190225369681 -0.30935620311323797
v 0.0676470588235294 -0.40441176470588236 -0.32577782669179334
v 0.010568793096206102 -0.40441176470588236 -0.3284605488376971
v 0.015521925540023051 -0.4554037429180081 -0.28928571428571426
v 0.11146168740917586 -0.4277260986342461 -0.3056427549148203
v 0.1352941176470588 -0.4416067596570668 -0.28928571428571426
v 0.1352941176470588 -0.4264067346866295 -0.30471710592300033
v 0.1352941176470588 -0.40441176470588236 -0.3162313085613041
v 0.08631631074705154 -0.40441176470588236 -0.32290091715807956
v 0.09054733596355057 -0.44818579026583605 -0.28928571428571426
v 0.19206406140662163 -0.4150524207467194 -0.29675106344452373
v 0.2029411764705884 -0.42083583057765445 -0.28928571428571426
v 0.2029411764705884 -0.41405814583895056 -0.29605349279494625
v 0.2029411764705884 -0.40441176470588236 -0.3004851481757924
v 0.17944192843860476 -0.40441176470588236 -0.3054140801710198
v 0.18057501754407776 -0.42629170278616446 -0.28928571428571426
v 0.23774925132577934 -0.40441176470588236 -0.28928571428571426
v -0.34296985885688175 -0.3428669335364636 -0.29253521368748714
v -0.3382352941176471 -0.34812304269349675 -0.28928571428571426
v -0.3382352941176471 -0.3436309078610598 -0.29307120837236256
v -0.3382352941176471 -0.3382352941176471 -0.2952598328744915
v -0.34419576428463317 -0.3382352941176471 -0.29337659598417365
v -0.35082953024250707 -0.3382352941176471 -0.28928571428571426
v -0.34519082111332966 -0.3450396140047279 -0.28928571428571426
v -0.295691294582432 -0.3627926347257807 -0.306514832617135
v -0.2705882352941176 -0.390021255694026 -0.28928571428571426
v -0.2705882352941176 -0.36678285299649627 -0.3093143190864307
v -0.2705882352941176 -0.3382352941176471 -0.32394438259908914
v -0.30409720278617053 -0.3382352941176471 -0.31228410501783754
v -0.30702687277724117 -0.37388178730765925 -0.28928571428571426
v -0.2029411764705883 -0.38165707529274745 -0.31974988457046727
v -0.24169599105671563 -0.37614761273451086 -0.31588451560103775
v -0.25968863934391245 -0.3382352941176471 -0.32823350712734367
v -0.2614002741091692 -0.3954235418075633 -0.28928571428571426
v -0.1352941176470588 -0.39188402222930163 -0.32692498067516085
v -0.18392647718645952 -0.38581042844966945 -0.3226638244043713
v -0.0676470588235294 -0.39807688519305673 -0.33126981469100175
v -0.12398180189962875 -0.39334536886600513 -0.32795024291868935
v 0 -0.4001597295179104 -0.33273111182050225
v -0.061442879137743205 -0.39834245849152633 -0.33145613754484865
v 0.004542724525658331 -0.3999677950612166 -0.3325964530429488
v 0.0676470588235294 -0.39807688519305673 -0.33126981469100175
v 0.07506190629308333 -0.3971581095726231 -0.33062521338269746
v 0.1352941176470588 -0.39188402222930163 -0.32692498067516085
v 0.2029411764705884 -0.38165707529274745 -0.31974988457046727
v 0.1514192881734343 -0.3886371413648629 -0.3246470102909038
v 0.23547484774354482 -0.37258534715625097 -0.3133852753064491
v 0.2705882352941176 -0.390021255694026 -0.28928571428571426
v 0.2705882352941176 -0.36678285299649627 -0.3093143190864307
v 0.2705882352941176 -0.3382352941176471 -0.32394438259908914
v 0.33130514361644764 -0.34501478917316813 -0.29404212192784174
v 0.33823529411764697 -0.34812304269349686 -0.28928571428571426
v 0.33823529411764697 -0.3436309078610599 -0.2930712083723626
v 0.33823529411764697 -0.3382352941176471 -0.29525983287449153
v 0.317466999504025 -0.3382352941176471 -0.3035397301540697
v 0.3144748814364791 -0.3614791760883547 -0.28928571428571426
v 0.3508295302425071 -0.3382352941176471 -0.28928571428571426
v -0.4135917936724113 -0.27960066772301106 -0.2945769764024935
v -0.40588235294117647 -0.29042841335378283 -0.28928571428571426
v -0.40588235294117647 -0.281299283846659 -0.2957687039051162
v -0.40588235294117647 -0.2720588235294118 -0.29914787032185197
v -0.4151932993226114 -0.2720588235294118 -0.29567614642949414
v -0.42376307183281614 -0.2720588235294118 -0.28928571428571426
v -0.417188877580435 -0.2831195541547734 -0.28928571428571426
v -0.3382352941176471 -0.30959229639783625 -0.3156187222346724
v -0.36946201998657335 -0.30260670753162233 -0.31071772179202706
v -0.3382352941176471 -0.2720588235294118 -0.3345675929534424
v -0.37798479323592793 -0.2720588235294118 -0.31656720281099404
v -0.38355621129157996 -0.3163945033734766 -0.28928571428571426
v -0.2705882352941176 -0.3299934858315737 -0.32993193767865964
v -0.3180007249152659 -0.31844060685444814 -0.32182658449153345
v -0.3372906554699042 -0.2720588235294118 -0.33506594676661133
v -0.2643135510411064 -0.3320970160440492 -0.33140774776423765
v 0.2705882352941176 -0.3299934858315737 -0.32993193767865964
v 0.33823529411764697 -0.30959229639783625 -0.3156187222346724
v 0.28430660261588675 -0.32481515217243806 -0.326298884540028
v 0.33823529411764697 -0.2720588235294118 -0.3345675929534424
v 0.39243786653163115 -0.2852110384952714 -0.2985131412935078
v 0.4058823529411766 -0.2904284133537826 -0.28928571428571426
v 0.4058823529411766 -0.28129928384665887 -0.29576870390511617
v 0.4058823529411766 -0.2720588235294118 -0.29914787032185186
v 0.34621740674209833 -0.2720588235294118 -0.3302358792235909
v 0.42376307183281603 -0.2720588235294118 -0.28928571428571426
v -0.4735800014911773 -0.2059318428909856 -0.2893204358060565
v -0.47352941176470575 -0.20602412883771876 -0.28928571428571426
v -0.47352941176470575 -0.20594540900880778 -0.2893299536220524
v -0.47352941176470575 -0.20588235294117652 -0.28934862025161867
v -0.47358737226016867 -0.20588235294117652 -0.289325494625768
v -0.47363490820524334 -0.20588235294117652 -0.28928571428571426
v -0.4736053796742019 -0.2059566693743793 -0.28928571428571426
v -0.40588235294117647 -0.24340937367022297 -0.31561419549561676
v -0.4354219544646529 -0.2347797892141427 -0.3095597886232556
v -0.40588235294117647 -0.20588235294117652 -0.3312658768010126
v -0.44135770851142014 -0.20588235294117652 -0.31363370677336605
v -0.4488853917456759 -0.24795054307601297 -0.28928571428571426
v -0.3382352941176471 -0.2711802618348292 -0.33509789798570555
v -0.38750863881610725 -0.25408453797227887 -0.32310375521229723
v -0.4025534080970744 -0.20588235294117652 -0.33342951301072504
v -0.33763131857336204 -0.2714679778882634 -0.3352997559152578
v 0.33823529411764697 -0.2711802618348292 -0.33509789798570555
v 0.3400487536892255 -0.270284786991998 -0.3344696442070843
v 0.4058823529411766 -0.24340937367022292 -0.3156141954956167
v 0.4058823529411766 -0.20588235294117652 -0.33126587680101255
v 0.47342056388155684 -0.2059888345659961 -0.28936042044154003
v 0.47352941176470575 -0.20602412883771876 -0.28928571428571426
v 0.47352941176470575 -0.20594540900880778 -0.2893299536220524
v 0.47352941176470575 -0.20588235294117652 -0.28934862025161867
v 0.4727529549938359 -0.20588235294117652 -0.2898186240570255
v 0.47363490820524334 -0.20588235294117652 -0.28928571428571426
v -0.47352941176470575 -0.16529012524747694 -0.30723529422124574
v -0.4928009199470982 -0.15855844470528158 -0.3025124326344991
v -0.47352941176470575 -0.13970588235294112 -0.3145319874102268
v -0.4954401520078554 -0.13970588235294112 -0.3043238310364474
v -0.5122930966723727 -0.13970588235294112 -0.28928571428571426
v -0.5019745631263999 -0.16753266085894628 -0.28928571428571426
v -0.40588235294117647 -0.20206072069062017 -0.3330330770559589
v -0.4502549272356871 -0.18311383546713644 -0.31974018297853063
v -0.45884012685685105 -0.13970588235294112 -0.3256325094265966
v -0.40351282464802685 -0.2035643361326606 -0.334087994556565
v 0.4058823529411766 -0.2020607206906201 -0.33303307705595886
v 0.47352941176470575 -0.16529012524747694 -0.30723529422124574
v 0.4164620123790529 -0.19553268609977573 -0.3284530908826998
v 0.47352941176470575 -0.13970588235294112 -0.3145319874102268
v 0.5122930966723727 -0.13970588235294112 -0.28928571428571426
v 0.47372427901241165 -0.20569172193798596 -0.28928571428571426
v -0.47352941176470575 -0.11892325679192106 -0.3211334595270304
v -0.5051546523298167 -0.10446714710014046 -0.31099123653692395
v -0.47352941176470575 -0.07352941176470584 -0.33248448500964684
v -0.5084733953287156 -0.07352941176470584 -0.31326900735293844
v -0.5355991807016505 -0.07352941176470584 -0.28928571428571426
v -0.5216225571476697 -0.12057705398717053 -0.28928571428571426
v -0.4619299928183297 -0.128358624688008 -0.32775319382872947
v -0.4713178789054224 -0.07352941176470584 -0.33419643241645464
v 0.47352941176470575 -0.11892325679192106 -0.3211334595270304
v 0.47352941176470575 -0.07352941176470584 -0.33248448500964684
v 0.5355991807016505 -0.07352941176470584 -0.28928571428571426
v 0.5316119910107884 -0.08288596787307763 -0.28928571428571426
v -0.5468709505789314 -0.01292362812389073 -0.2931940375091424
v -0.5411764705882353 -0.04692840663825893 -0.28928571428571426
v -0.5411764705882353 -0.015624215596049686 -0.2950887353864349
v -0.5411764705882353 -0.007352941176470562 -0.29596135160461856
v -0.5471525456633776 -0.007352941176470562 -0.2933873061851132
v -0.5513526762032556 -0.007352941176470562 -0.28928571428571426
v -0.5501812843286541 -0.016161998096445508 -0.28928571428571426
v -0.47352941176470575 -0.06994854503649667 -0.3332019950890977
v -0.5129491405400775 -0.045915719326290586 -0.3163408697495563
v -0.5155697589435602 -0.007352941176470562 -0.31813949293952426
v -0.5368248081313582 -0.06927235066558705 -0.28928571428571426
v -0.47163174194120383 -0.07167299563301915 -0.33441184772983257
v 0.47352941176470575 -0.06994854503649667 -0.3332019950890977
v 0.4977930905395696 -0.04979320426755642 -0.3190612639464444
v 0.5411764705882351 -0.046928406638259354 -0.28928571428571426
v 0.5411764705882351 -0.015624215596049755 -0.2950887353864349
v 0.5411764705882351 -0.007352941176470562 -0.2959613516046186
v 0.5513526762032556 -0.007352941176470562 -0.28928571428571426
v -0.5411764705882353 0.04421657975782914 -0.2995337646778405
v -0.5506798970530192 0.049526699174476045 -0.29580825232520885
v -0.5411764705882353 0.05882352941176472 -0.3000611586252109
v -0.5508294696391898 0.05882352941176472 -0.29591090928652464
v -0.5575208940787956 0.05882352941176472 -0.28928571428571426
v -0.5567337496075296 0.04360445211028105 -0.28928571428571426
v -0.5170199093019825 0.016278477473124518 -0.3191347824712365
v -0.5180177068051431 0.05882352941176472 -0.3198196062234057
v 0.5411764705882351 0.044216579757829035 -0.2995337646778406
v 0.5411764705882351 0.05882352941176472 -0.30006115862521093
v 0.5575208940787956 0.05882352941176472 -0.28928571428571426
v 0.5519237309365721 0.0031606830773373007 -0.28928571428571426
v -0.5487165377033855 0.11762384738735306 -0.29446072929331735
v -0.5411764705882353 0.11272297072000358 -0.29789912212977526
v -0.5411764705882353 0.125 -0.2973645230414005
v -0.5485625321326755 0.125 -0.294355029817768
v -0.5537214702367571 0.125 -0.28928571428571426
v -0.5542740735711416 0.11218712751672213 -0.28928571428571426
v -0.5172733225961668 0.08220704375183167 -0.3193087089868102
v -0.516052558356506 0.125 -0.3184708552695275
v 0.5411764705882351 0.11272297072000348 -0.2978991221297753
v 0.5411764705882351 0.125 -0.2973645230414006
v 0.5537214702367571 0.125 -0.28928571428571426
v 0.5568707156891762 0.07417659527138099 -0.28928571428571426
v -0.5411764705882353 0.18210555541374687 -0.28928571428571426
v -0.5126781326834576 0.15287880881989116 -0.31615486746287
v -0.47352941176470575 0.19117647058823528 -0.33300531658338134
v -0.5097146657190625 0.19117647058823528 -0.31412093516743117
v -0.5395678408944474 0.19117647058823528 -0.28928571428571426
v -0.47161089483693763 0.19117647058823528 -0.3343975396241095
v 0.47352941176470575 0.19117647058823528 -0.33300531658338134
v 0.5330531707880202 0.18322976426193802 -0.2948610225336879
v 0.5411764705882351 0.18210555541374732 -0.28928571428571426
v 0.5395678408944473 0.19117647058823528 -0.28928571428571426
v 0.5398649783948735 0.18989348909472933 -0.28928571428571426
v 0.5522944575332496 0.13587629157664455 -0.28928571428571426
v -0.47352941176470575 0.19720109588788426 -0.3314874851072304
v -0.5016522093117312 0.22984150879351092 -0.3085873858940764
v -0.47352941176470575 0.25735294117647056 -0.31696004455322047
v -0.4984818358085624 0.25735294117647056 -0.30641144631581463
v -0.5188795730491648 0.25735294117647056 -0.28928571428571426
v -0.5386138191752006 0.1936834121879431 -0.28928571428571426
v -0.47110309295137315 0.1935500433404085 -0.3340490172119674
v -0.45992599401924045 0.25735294117647056 -0.3263777785038887
v 0.47352941176470575 0.19720109588788426 -0.3314874851072304
v 0.47352941176470575 0.25735294117647056 -0.31696004455322047
v 0.5188795730491649 0.25735294117647056 -0.28928571428571426
v 0.5253993401050638 0.24191879179075954 -0.28928571428571426
v -0.480921798203914 0.31629772937852385 -0.2943593708169721
v -0.47352941176470575 0.30787840098503133 -0.30026626470573986
v -0.47352941176470575 0.32352941176470584 -0.2956455455271058
v -0.4798475095625692 0.32352941176470584 -0.2936220484885957
v -0.4849672866462373 0.32352941176470584 -0.28928571428571426
v -0.49377011052514647 0.30372872819470953 -0.28928571428571426
v -0.4543662808633887 0.27609948227558506 -0.3225619505304625
v -0.40588235294117647 0.32352941176470584 -0.3326590504546171
v -0.44407154276713406 0.32352941176470584 -0.31549630730290884
v -0.4034648563726438 0.32352941176470584 -0.3340550722309139
v 0.4058823529411766 0.32352941176470584 -0.332659050454617
v 0.47352941176470575 0.30787840098503133 -0.30026626470573986
v 0.47352941176470575 0.32352941176470584 -0.2956455455271058
v 0.4305880407839592 0.32352941176470584 -0.31875789747436345
v 0.4849672866462373 0.32352941176470584 -0.28928571428571426
v 0.5068266433102965 0.2899263198623746 -0.28928571428571426
v -0.47352941176470575 0.33975418185865897 -0.28928571428571426
v -0.40588235294117647 0.3347771183330454 -0.3278230376139586
v -0.4267459488248467 0.3692958429015246 -0.30360513878972395
v -0.40588235294117647 0.3897058823529411 -0.30547939659648016
v -0.4221338721311626 0.3897058823529411 -0.3004397072701458
v -0.4381604327194213 0.3897058823529411 -0.28928571428571426
v -0.4019108930163897 0.3274145356041711 -0.3329885321634228
v -0.3813585685019439 0.3897058823529411 -0.31888274422027824
v 0.4058823529411766 0.3347771183330457 -0.3278230376139584
v 0.4058823529411766 0.3897058823529411 -0.30547939659648005
v 0.47352941176470575 0.33975418185865897 -0.28928571428571426
v 0.4381604327194212 0.3897058823529411 -0.28928571428571426
v 0.45501088916713883 0.3715899363335821 -0.28928571428571426
v 0.4816419312091508 0.33146557209079336 -0.28928571428571426
v -0.40588235294117647 0.4242636139605361 -0.28928571428571426
v -0.360241391031609 0.43435464943838753 -0.3043892776956074
v -0.3382352941176471 0.4558823529411764 -0.30353555069757704
v -0.3533133073752766 0.4558823529411764 -0.2996342886022861
v -0.37178436247851127 0.4558823529411764 -0.28928571428571426
v -0.2705882352941176 0.4558823529411764 -0.3276628430150222
v -0.30939165620043685 0.4558823529411764 -0.31591787583943026
v -0.26271986243807915 0.4558823529411764 -0.3303139428534643
v 0.2705882352941176 0.4558823529411764 -0.3276628430150222
v 0.33823529411764697 0.4558823529411764 -0.30353555069757704
v 0.29692041396436797 0.4558823529411764 -0.3176415792356356
v 0.33985610799538457 0.3912914611463801 -0.33460186376714285
v 0.4058823529411766 0.42426361396053586 -0.28928571428571426
v 0.37178436247851127 0.4558823529411764 -0.28928571428571426
v 0.3911389430221617 0.4414594519334445 -0.28928571428571426
v 0.4257970819474016 0.4091876824677265 -0.28928571428571426
v -0.3382352941176471 0.4828745290423003 -0.28928571428571426
v -0.27254843037966886 0.5201412413805029 -0.2906310655711392
v -0.2705882352941176 0.515731006056887 -0.2937252306711998
v -0.2705882352941176 0.5220588235294117 -0.29031056183318094
v -0.2717777611378255 0.5220588235294117 -0.29010212798589885
v -0.27358911499855726 0.5220588235294117 -0.28928571428571426
v -0.2504242608042264 0.47560798015954825 -0.3218750361420312
v -0.2029411764705883 0.5220588235294117 -0.30919386039645785
v -0.2255719939739646 0.5220588235294117 -0.3048180455535595
v -0.1352941176470588 0.5220588235294117 -0.3221730436371105
v -0.17385916742017893 0.5220588235294117 -0.31575427329148925
v -0.0676470588235294 0.5220588235294117 -0.330071990392591
v -0.11881454166319451 0.5220588235294117 -0.3244037692781553
v 0 0.5220588235294117 -0.3327480261296712
v -0.059933496881567204 0.5220588235294117 -0.3304201950646781
v 0.0676470588235294 0.5220588235294117 -0.330071990392591
v 0.004623349218563827 0.5220588235294117 -0.33254111746179316
v 0.1352941176470588 0.5220588235294117 -0.3221730436371105
v 0.07781294597974671 0.5220588235294117 -0.3287370774486832
v 0.2029411764705884 0.5220588235294117 -0.3091938603964578
v 0.1637790547024366 0.5220588235294117 -0.3161640649402532
v 0.2705882352941176 0.515731006056887 -0.2937252306711998
v 0.2705882352941176 0.5220588235294117 -0.29031056183318094
v 0.2683825697840966 0.5220588235294117 -0.29079954061402064
v 0.33823529411764697 0.4828745290423004 -0.28928571428571426
v 0.27358911499855726 0.5220588235294117 -0.28928571428571426
v 0.3163620850347778 0.5006611189918223 -0.28928571428571426
v 0.3561354597878484 0.473393384575069 -0.28928571428571426
v -0.2705882352941176 0.523873046346326 -0.28928571428571426
v -0.2029411764705883 0.5556843331929004 -0.28928571428571426
v -0.26758975748599306 0.5249921170373596 -0.28928571428571426
v -0.1352941176470588 0.5753855716106304 -0.28928571428571426
v -0.15549169484441883 0.568476794685447 -0.28928571428571426
v -0.0676470588235294 0.5864356545234726 -0.28928571428571426
v -0.06998123022132366 0.5859518655763265 -0.28928571428571426
v -0.011464490408842211 0.5770200317611709 -0.29715419993898795
v 0 0.5698463516149563 -0.30218716283522107
v 0 0.588235294117647 -0.29069059976005396
v -0.0019761271235120698 0.588235294117647 -0.2906420002928452
v -0.033988597259718145 0.588235294117647 -0.28928571428571426
v 0.0676470588235294 0.5864356545234726 -0.28928571428571426
v 0.03398859725971815 0.588235294117647 -0.28928571428571426
v 0.06593232031952842 0.586557832537646 -0.28928571428571426
v 0.1352941176470588 0.5753855716106304 -0.28928571428571426
v 0.12456591645267108 0.5777403146883546 -0.28928571428571426
v 0.2029411764705884 0.5556843331929004 -0.28928571428571426
v 0.1789939381968843 0.5648086479803278 -0.28928571428571426
v 0.2705882352941176 0.523873046346326 -0.28928571428571426
v 0.22903093162732277 0.5475814100957823 -0.28928571428571426
v 0.2719683396477116 0.5234089256144493 -0.28928571428571426
v 0 0.5905332971789264 -0.28928571428571426
v 0.0022612568839568605 0.5904473932432569 -0.28928571428571426
v -0.20414294555080317 -0.40558740837130997 -0.24368195952399843
v -0.2029411764705883 -0.4056595850022394 -0.24285714285714288
v -0.2029411764705883 -0.4059945116888187 -0.24396757804199665
v -0.20787521547530985 -0.40441176470588236 -0.24624354850945177
v -0.2055140029083864 -0.40441176470588236 -0.24285714285714288
v -0.2039749104034509 -0.4054230261619436 -0.24285714285714288
v -0.1598289704091159 -0.4284132511035469 -0.25969628093296465
v -0.1352941176470588 -0.4288752957583326 -0.24285714285714288
v -0.1352941176470588 -0.43484646482348416 -0.2642097419872699
v -0.15617037089841274 -0.4248341863648155 -0.24285714285714288
v -0.10697080000726047 -0.44288064195083665 -0.2698464186385235
v -0.0676470588235294 -0.4409938066542925 -0.24285714285714288
v -0.0676470588235294 -0.4493357238001168 -0.2743752220946851
v -0.10071394284765106 -0.4367598034251318 -0.24285714285714288
v -0.04773929072469281 -0.4511132447626471 -0.2756223082303016
v 0 -0.44481737663832593 -0.24285714285714288
v 0 -0.45380924475939155 -0.2775137875930969
v -0.0394878715595791 -0.44304120427503585 -0.24285714285714288
v 0.018816484673558106 -0.4521808046352021 -0.27637129468057037
v 0.0676470588235294 -0.4409938066542925 -0.24285714285714288
v 0.0676470588235294 -0.4493357238001168 -0.2743752220946851
v 0.028398543228630516 -0.44280705170089213 -0.24285714285714288
v 0.09710451028269891 -0.4417711632144953 -0.26906802244572525
v 0.1352941176470588 -0.4288752957583326 -0.24285714285714288
v 0.1352941176470588 -0.43484646482348416 -0.2642097419872699
v 0.10612390061079449 -0.4329478465891844 -0.24285714285714288
v 0.200548730458322 -0.4067522010222299 -0.24449916325686608
v 0.2029411764705884 -0.40565958500223936 -0.24285714285714288
v 0.2029411764705884 -0.40599451168881867 -0.24396757804199662
v 0.2012750619936569 -0.40604165930288055 -0.24285714285714288
v 0.226451092564554 -0.40441176470588236 -0.27315002653178133
v 0.20551400290838642 -0.40441176470588236 -0.24285714285714288
v -0.3382352941176471 -0.3382352941176471 -0.2634597919895192
v -0.30236942001149736 -0.36932558351508377 -0.26466969510105876
v -0.2705882352941176 -0.37651782539791795 -0.24285714285714288
v -0.2705882352941176 -0.3866752131530443 -0.27684197494229457
v -0.3289980867796166 -0.3382352941176471 -0.24285714285714288
v -0.29820041840235434 -0.36524721237570473 -0.24285714285714288
v -0.2604280993570958 -0.3944725012892306 -0.2823124532854602
v -0.252987042695088 -0.3871932067285708 -0.24285714285714288
v 0.2705882352941176 -0.37651782539791795 -0.24285714285714288
v 0.2705882352941176 -0.3866752131530443 -0.27684197494229457
v 0.33823529411764697 -0.3382352941176471 -0.2634597919895189
v 0.33098632683007967 -0.3382352941176471 -0.24783236574705708
v 0.3289980867796166 -0.3382352941176471 -0.24285714285714288
v 0.34779596200569524 -0.3382352941176471 -0.28272388943087373
v -0.40588235294117647 -0.2720588235294118 -0.24507749120717837
v -0.3382352941176471 -0.3318105936234301 -0.24285714285714288
v -0.38080276153288517 -0.3137009112182317 -0.2720727027912038
v -0.4051218366883328 -0.2720588235294118 -0.24285714285714288
v -0.37542686475700005 -0.30844188176356147 -0.24285714285714288
v -0.3347948808369109 -0.3348696724299704 -0.24285714285714288
v 0.33823529411764697 -0.33181059362343013 -0.24285714285714288
v 0.4006196309307478 -0.2772071385396139 -0.24646913529287195
v 0.4058823529411766 -0.2720588235294118 -0.24507749120717873
v 0.40524529095572354 -0.2720588235294118 -0.24329438105212775
v 0.4051218366883328 -0.2720588235294118 -0.24285714285714288
v 0.4200491520320079 -0.2720588235294118 -0.27956253851219337
v -0.47352941176470575 -0.20588235294117652 -0.28902374112414897
v -0.40588235294117647 -0.27123283362902056 -0.24285714285714288
v -0.44566490878853177 -0.2448000706179372 -0.2701613193859178
v -0.45935792640878237 -0.20588235294117652 -0.24285714285714288
v -0.4405729164654369 -0.239818773780127 -0.24285714285714288
v -0.4055229279228081 -0.27170721209839926 -0.24285714285714288
v 0.4058823529411766 -0.27123283362902045 -0.24285714285714288
v 0.4388317775983115 -0.23982569071264928 -0.2666713576110968
v 0.47352941176470575 -0.20588235294117652 -0.28902374112414897
v 0.46147534123634 -0.20588235294117652 -0.25113027821977907
v 0.45935792640878237 -0.20588235294117652 -0.24285714285714288
v 0.47361521709863613 -0.20588235294117652 -0.28922682304720926
v -0.47352941176470575 -0.18135590844885968 -0.24285714285714288
v -0.4950775319004794 -0.16078556509445882 -0.25764638059008066
v -0.5048960066749261 -0.13970588235294112 -0.264385147438381
v -0.4982955795149037 -0.13970588235294112 -0.24285714285714288
v -0.4921594968721332 -0.15793096561020709 -0.24285714285714288
v -0.46543322267552806 -0.1979621679626331 -0.24285714285714288
v 0.47352941176470575 -0.18135590844885968 -0.24285714285714288
v 0.47365971488546244 -0.20575488249695803 -0.2891962826407229
v 0.505508108643697 -0.13970588235294112 -0.2673376024526178
v 0.4982955795149037 -0.13970588235294112 -0.24285714285714288
v -0.518877909694153 -0.11789207278264334 -0.2739814224919498
v -0.5345458612041322 -0.07352941176470584 -0.28473489231712173
v -0.5231764973317403 -0.07352941176470584 -0.24285714285714288
v -0.5124952554327302 -0.11164817187472967 -0.24285714285714288
v 0.5171896338178992 -0.0969947955617736 -0.25932015815603804
v 0.5255740861602181 -0.07352941176470584 -0.2535656116726453
v 0.5231764973317403 -0.07352941176470584 -0.24285714285714288
v 0.5100392618550093 -0.10398972465590506 -0.24285714285714288
v -0.5411764705882353 -0.007352941176470562 -0.25986537215804884
v -0.5362696938634315 -0.06872930409913693 -0.28591801970129926
v -0.5369129747252637 -0.007352941176470562 -0.24285714285714288
v -0.5271780223071202 -0.059835277576658456 -0.24285714285714288
v 0.5363235668300108 -0.012100347026907404 -0.24618786251729063
v 0.5411764705882351 -0.007352941176470562 -0.25986537215804856
v 0.5373996941192234 -0.007352941176470562 -0.24544927825978757
v 0.5369129747252636 -0.007352941176470562 -0.24285714285714288
v 0.5353943095942817 -0.013009403018381577 -0.24285714285714288
v 0.5496725784902373 -0.007352941176470562 -0.2834545346386879
v -0.5422409044776854 0.05778223538947662 -0.243587701520399
v -0.5411764705882353 0.049884535387854326 -0.24285714285714288
v -0.5423107285321889 0.05882352941176472 -0.2436356242410365
v -0.5420786329532408 0.05882352941176472 -0.24285714285714288
v -0.5420424966690562 0.05797632998487466 -0.24285714285714288
v -0.5373179484500034 -0.003578299954287143 -0.24285714285714288
v 0.5411764705882351 0.04988453538785316 -0.24285714285714288
v 0.5499850968757141 0.0012641932351935802 -0.28324004220641974
v 0.5548146186150101 0.05882352941176472 -0.2799253704536731
v 0.5420786329532408 0.05882352941176472 -0.24285714285714288
v -0.5411764705882353 0.11299903387786832 -0.25127686829520984
v -0.5411764705882353 0.07170223972724536 -0.24285714285714288
v -0.5411764705882353 0.125 -0.25340384794917514
v -0.5384681875899778 0.125 -0.24285714285714288
v 0.5388982732600123 0.12277132870065148 -0.24442075034017788
v 0.5411764705882351 0.07170223972724703 -0.24285714285714288
v 0.5411764705882351 0.11299903387786867 -0.2512768682952096
v 0.5411764705882351 0.125 -0.25340384794917487
v 0.5387890286473727 0.125 -0.2444957287854988
v 0.5384681875899777 0.125 -0.24285714285714288
v 0.5386313011348216 0.12251016031731278 -0.24285714285714288
v 0.5543672583992859 0.0717275609660535 -0.2802324096079434
v 0.551619386595426 0.125 -0.28211837131183487
v 0.5420423424575671 0.0596705779795895 -0.24285714285714288
v -0.5411764705882353 0.15148866514986856 -0.2707016031805684
v -0.539240456971054 0.19117647058823528 -0.28795695959814577
v -0.5264653723255259 0.19117647058823528 -0.24285714285714288
v -0.537679161386128 0.1284212807411919 -0.24285714285714288
v 0.5411764705882351 0.15148866514986878 -0.27070160318056824
v 0.5305440962670274 0.1807752348392277 -0.25015451777946246
v 0.5285375364134102 0.19117647058823528 -0.25153169084669663
v 0.5264653723255258 0.19117647058823528 -0.24285714285714288
v 0.5293166067112706 0.1795744298390308 -0.24285714285714288
v 0.5507196374214304 0.1343357066846475 -0.2827359010244219
v -0.5374577895828293 0.19481431070221936 -0.28673345185653815
v -0.5127143433337458 0.25735294117647056 -0.2697511486855833
v -0.5040234244177207 0.25735294117647056 -0.24285714285714288
v -0.5172098609349678 0.21462206698817082 -0.24285714285714288
v 0.518322733509362 0.23499602446887727 -0.2585424717218353
v 0.5106023413808669 0.25735294117647056 -0.26384125017027443
v 0.5040234244177207 0.25735294117647056 -0.24285714285714288
v 0.5153617737426495 0.23209943339274539 -0.24285714285714288
v -0.47352941176470575 0.31512638055953535 -0.24875260284553236
v -0.47352941176470575 0.31182467582883 -0.24285714285714288
v -0.47352941176470575 0.32352941176470584 -0.26185980109626067
v -0.4671900690822185 0.32352941176470584 -0.24285714285714288
v 0.4700621460635187 0.3201375214048489 -0.2452368500619949
v 0.47352941176470575 0.31182467582883 -0.24285714285714288
v 0.47352941176470575 0.31512638055953535 -0.24875260284553236
v 0.47352941176470575 0.32352941176470584 -0.26185980109626067
v 0.46823959144874877 0.32352941176470584 -0.24648773381933697
v 0.4671900690822185 0.32352941176470584 -0.24285714285714288
v 0.4697557326942092 0.31983776919574186 -0.24285714285714288
v 0.5025064413252563 0.28570003531179183 -0.269397753003473
v 0.4827240812817442 0.32352941176470584 -0.28297508707060404
v 0.4962944749875965 0.2796231117206028 -0.24285714285714288
v -0.47352941176470575 0.3350662135488137 -0.28119164065305446
v -0.42326704951367283 0.3897058823529411 -0.2547888755978935
v -0.4183001032638152 0.3897058823529411 -0.24285714285714288
v -0.446864058397783 0.3496150835366955 -0.24285714285714288
v 0.47352941176470575 0.3350662135488137 -0.28119164065305446
v 0.44870073170948666 0.3654169562119658 -0.259897945006843
v 0.4310707513314149 0.3897058823529411 -0.2719980247073208
v 0.41830010326381517 0.3897058823529411 -0.24285714285714288
v 0.4455161326430996 0.3623015875600654 -0.24285714285714288
v 0.48073036944484143 0.3305738268865777 -0.2843434420890994
v -0.40588235294117647 0.4157868616634321 -0.2709876303885127
v -0.40588235294117647 0.4027937454066411 -0.24285714285714288
v -0.35266427685252144 0.4558823529411764 -0.2527602645478486
v -0.34763436910885137 0.4558823529411764 -0.24285714285714288
v 0.38430831871782717 0.4347773194618129 -0.25766416634583916
v 0.4058823529411766 0.4027937454066409 -0.24285714285714288
v 0.4058823529411766 0.41578686166343193 -0.2709876303885128
v 0.36321818290430347 0.4558823529411764 -0.272139073224065
v 0.3476343691088513 0.4558823529411764 -0.24285714285714288
v 0.3816000439038927 0.43212792018731183 -0.24285714285714288
v 0.4234994798695 0.40694002826108366 -0.2771944563628587
v 0.41384738918811254 0.3974977656379872 -0.24285714285714288
v -0.3382352941176471 0.4769616061757796 -0.2744967778893736
v -0.3382352941176471 0.4634335410365896 -0.24285714285714288
v -0.29817779233021185 0.495069039472363 -0.26179283262415165
v -0.2705882352941176 0.507159492087037 -0.24285714285714288
v -0.2705882352941176 0.5098284016306865 -0.2514378515543437
v -0.2705882352941176 0.5220588235294117 -0.285147956783305
v -0.31890425668103906 0.4747931504335103 -0.24285714285714288
v -0.23812994019401706 0.5220588235294117 -0.24285714285714288
v 0.2621643776886974 0.5138180932632397 -0.24863873456769525
v 0.2705882352941176 0.507159492087037 -0.24285714285714288
v 0.2705882352941176 0.5098284016306865 -0.2514378515543437
v 0.2705882352941176 0.5220588235294117 -0.285147956783305
v 0.2493097226296493 0.5220588235294117 -0.2574613394374146
v 0.23812994019401706 0.5220588235294117 -0.24285714285714288
v 0.26118035097454007 0.5128554584341728 -0.24285714285714288
v 0.31028182050440817 0.4947130341251563 -0.262042601455049
v 0.33823529411764697 0.4634335410365897 -0.24285714285714288
v 0.33823529411764697 0.47696160617577965 -0.2744967778893736
v 0.27265392835629715 0.5220588235294117 -0.2878679560039078
v 0.3061440215918205 0.4906651873628423 -0.24285714285714288
v 0.35408265785447346 0.4713852087706806 -0.2784091074973955
v 0.3434948859244094 0.4610276057956179 -0.24285714285714288
v -0.2705882352941176 0.5235186033854341 -0.28826155127561603
v -0.26854798345673403 0.5240547220659826 -0.28788541721719946
v -0.2029411764705883 0.539018208049243 -0.24285714285714288
v -0.2029411764705883 0.5491383442430692 -0.2702870664199418
v -0.16800490770101364 0.5562356081952998 -0.2653077161550435
v -0.1352941176470588 0.5603171904803548 -0.24285714285714288
v -0.1352941176470588 0.5653107463612714 -0.2589407144576476
v -0.17946887223788963 0.5450208602787908 -0.24285714285714288
v -0.08450955180339648 0.5717393770721249 -0.25443046878431874
v -0.0676470588235294 0.5719231630551194 -0.24285714285714288
v -0.0676470588235294 0.5745913380278524 -0.25242956919315745
v -0.08886974026167827 0.5674739753194579 -0.24285714285714288
v -0.011500964979356466 0.5769843501161026 -0.2507506622994962
v 0 0.5756463987325553 -0.24285714285714288
v 0 0.5776426010777462 -0.25028884178354943
v 0 0.588235294117647 -0.2836623550130042
v -0.013873651910401165 0.5746632433357328 -0.24285714285714288
v 0.05448234285185021 0.575356767623613 -0.25189255350851275
v 0.0676470588235294 0.5719231630551194 -0.24285714285714288
v 0.0676470588235294 0.5745913380278524 -0.25242956919315745
v 0.0066316600407652065 0.588235294117647 -0.28473417121425737
v 0.05212175964548013 0.5730475014434684 -0.24285714285714288
v 0.11546806828789674 0.5688402458315102 -0.256464462448369
v 0.1352941176470588 0.5603171904803548 -0.24285714285714288
v 0.1352941176470588 0.5653107463612714 -0.2589407144576476
v 0.11208776448735469 0.5655334268961973 -0.24285714285714288
v 0.17251800546503646 0.5584734963948245 -0.26373764221188495
v 0.2029411764705884 0.539018208049243 -0.24285714285714288
v 0.2029411764705884 0.5491383442430692 -0.2702870664199419
v 0.16712436617017587 0.5531971101281131 -0.24285714285714288
v 0.2705882352941176 0.5235186033854341 -0.28826155127561603
v 0.22556170564141792 0.5441876020660928 -0.27376044426474117
v 0.21646785622400389 0.5352914450273182 -0.24285714285714288
v 0.2718236273427432 0.5232673592291541 -0.28843782098526005
v 0 0.5901397233674041 -0.28794959090731326
v 0.0018994279871480907 0.590093430192031 -0.2879820696113052
v -0.203711567863604 -0.40516540845991944 -0.1969573183163244
v -0.2029411764705883 -0.40536379209732853 -0.1964285714285714
v -0.2029411764705883 -0.40534256498552534 -0.19708160908508282
v -0.20486993084235805 -0.40441176470588236 -0.19775234383900966
v -0.20491795418714848 -0.40441176470588236 -0.1964285714285714
v -0.20371835370942476 -0.4051720467873528 -0.1964285714285714
v -0.15546857218226226 -0.42414764414249445 -0.2102750138269564
v -0.1352941176470588 -0.42849528523935 -0.1964285714285714
v -0.1352941176470588 -0.42812330618339867 -0.21306428783025746
v -0.1557939118407561 -0.42446591119971666 -0.1964285714285714
v -0.09993471922822011 -0.4359975194496015 -0.2185887358678157
v -0.0676470588235294 -0.44062818826227257 -0.1964285714285714
v -0.0676470588235294 -0.44023741333060845 -0.22156339157480784
v -0.10034611793106302 -0.4363999747023827 -0.1964285714285714
v -0.03873419850966188 -0.44230391542185593 -0.22301322320073066
v 0 -0.44446205619945545 -0.1964285714285714
v 0 -0.44409502306187404 -0.22426984157674337
v -0.03912763992280806 -0.4426888037608033 -0.1964285714285714
v 0.029161314452313958 -0.44206086246033227 -0.22284270032931247
v 0.0676470588235294 -0.44062818826227257 -0.1964285714285714
v 0.0676470588235294 -0.44023741333060845 -0.22156339157480784
v 0.02877775426243522 -0.44243608438521365 -0.1964285714285714
v 0.10693546126900864 -0.4321539285539749 -0.21589212130294747
v 0.1352941176470588 -0.42849528523935 -0.1964285714285714
v 0.1352941176470588 -0.42812330618339867 -0.21306428783025746
v 0.10654260798943863 -0.4325382415448586 -0.1964285714285714
v 0.20169649260164452 -0.40562939022984923 -0.19728284203427512
v 0.2029411764705884 -0.4053637920973285 -0.1964285714285714
v 0.2029411764705884 -0.40534256498552534 -0.19708160908508282
v 0.20166637297015116 -0.4056588550867449 -0.1964285714285714
v 0.20557741947304245 -0.40441176470588236 -0.24104779595173187
v 0.20491795418714856 -0.40441176470588236 -0.1964285714285714
v -0.29746138535802286 -0.3645242452671196 -0.21487256572709024
v -0.2705882352941176 -0.37619304453271285 -0.1964285714285714
v -0.2705882352941176 -0.3757824003185092 -0.2227711443504461
v -0.32862979960403677 -0.3382352941176471 -0.23626455190214946
v -0.32864934600341583 -0.3382352941176471 -0.1964285714285714
v -0.2978567437316269 -0.3649110088934714 -0.1964285714285714
v -0.25252492066953436 -0.38674113083400746 -0.23045965052163697
v -0.2528582355133324 -0.38706719970294035 -0.1964285714285714
v 0.2705882352941176 -0.37619304453271285 -0.1964285714285714
v 0.2705882352941176 -0.3757824003185092 -0.2227711443504461
v 0.32901700277142926 -0.3382352941176471 -0.20275541114134815
v 0.3286493460034159 -0.3382352941176471 -0.1964285714285714
v -0.3746763262807241 -0.30770765934111755 -0.22143934195043485
v -0.3382352941176471 -0.33156064767606896 -0.1964285714285714
v -0.3382352941176471 -0.3315463885679567 -0.2381642916619633
v -0.40508745393364 -0.2720588235294118 -0.24231157552588337
v -0.40486205394432123 -0.2720588235294118 -0.1964285714285714
v -0.3751233752343833 -0.3081449898392625 -0.1964285714285714
v -0.33474946830957875 -0.3348252471314933 -0.24046469719384134
v -0.33475730789585506 -0.334832916291981 -0.1964285714285714
v 0.33823529411764697 -0.3315606476760691 -0.1964285714285714
v 0.33823529411764697 -0.33154638856795676 -0.23816429166196335
v 0.40490604382307516 -0.2720588235294118 -0.19709864694130558
v 0.4048620539443212 -0.2720588235294118 -0.1964285714285714
v -0.439790845639932 -0.23905370449430696 -0.21970117045473597
v -0.40588235294117647 -0.2709494994594199 -0.1964285714285714
v -0.40588235294117647 -0.27119424059963865 -0.24225056245244492
v -0.45883277878033873 -0.20588235294117652 -0.23277032332439407
v -0.4590299897738431 -0.20588235294117652 -0.1964285714285714
v -0.4402394578435924 -0.23949256425875737 -0.1964285714285714
v -0.4055191709825377 -0.2717035368307434 -0.24260787822093427
v -0.40541533263743457 -0.27160195584096863 -0.1964285714285714
v 0.4058823529411766 -0.2709494994594197 -0.1964285714285714
v 0.4058823529411766 -0.27119424059963854 -0.2422505624524448
v 0.45954995099779933 -0.20588235294117652 -0.20602317027790784
v 0.4590299897738431 -0.20588235294117652 -0.1964285714285714
v -0.4914115111135133 -0.15719924041155717 -0.2087016893046163
v -0.47352941176470575 -0.1807525509423424 -0.1964285714285714
v -0.47352941176470575 -0.18048347987974878 -0.22503761604261738
v -0.49742131494486536 -0.13970588235294112 -0.21282643044352567
v -0.49780957666670883 -0.13970588235294112 -0.1964285714285714
v -0.4917122840420783 -0.15749347479819684 -0.1964285714285714
v -0.46524097486491367 -0.19777409945224944 -0.2371684951712607
v -0.4653654537095105 -0.19789587223500724 -0.1964285714285714
v 0.47352941176470575 -0.18048347987974878 -0.22503761604261738
v 0.47352941176470575 -0.1807525509423424 -0.1964285714285714
v 0.498689879004186 -0.13970588235294112 -0.22558862341638156
v 0.49780957666670883 -0.13970588235294112 -0.1964285714285714
v -0.5116354588445974 -0.11080706651677369 -0.22258210063557776
v -0.5224832898646152 -0.07352941176470584 -0.23002735111826084
v -0.5226489260551329 -0.07352941176470584 -0.1964285714285714
v -0.5120513476016546 -0.11121391421389487 -0.1964285714285714
v 0.510245492862605 -0.10378797693108316 -0.2176575965135536
v 0.5233382293690356 -0.07352941176470584 -0.2086715879175251
v 0.5226489260551328 -0.07352941176470584 -0.1964285714285714
v 0.509301293367168 -0.10471165035053234 -0.1964285714285714
v -0.5266469929539254 -0.05931579233983749 -0.23288504795906062
v -0.5367205670105519 -0.007352941176470562 -0.2397988984761863
v -0.536332957390747 -0.007352941176470562 -0.1964285714285714
v -0.5267865802963705 -0.05945234517483813 -0.1964285714285714
v 0.5349027855392355 -0.013490241767883257 -0.20073442358953078
v 0.5365408744370296 -0.007352941176470562 -0.19961014518452302
v 0.536332957390747 -0.007352941176470562 -0.1964285714285714
v 0.5346013677967981 -0.013785106950702404 -0.1964285714285714
v -0.5411764705882353 0.05882352941176472 -0.20384863449546498
v -0.5371548379806308 -0.0034187353646835898 -0.24009695401776218
v -0.5410496872112858 0.05882352941176472 -0.1964285714285714
v -0.5368023898034526 -0.003073949104400572 -0.1964285714285714
v 0.5410415657321738 0.058691557269965555 -0.19652116140742099
v 0.5411764705882351 0.05882352941176472 -0.20384863449545854
v 0.5410551305873057 0.05882352941176472 -0.19651185136709753
v 0.5410496872112858 0.05882352941176472 -0.1964285714285714
v 0.5410350619191462 0.05868519484417767 -0.1964285714285714
v 0.5420953008242783 0.05882352941176472 -0.24222651713613189
v -0.5411764705882353 0.06904521518915438 -0.23568573791491076
v -0.5383323806087009 0.125 -0.24090514321280407
v -0.5374648126842132 0.125 -0.1964285714285714
v -0.5410402841637335 0.05895675526182077 -0.1964285714285714
v 0.5411764705882351 0.06904521518915563 -0.23568573791490988
v 0.5378502363322036 0.12174607518431699 -0.1987114837595744
v 0.5376397856354749 0.125 -0.19885592352347825
v 0.5374648126842131 0.125 -0.1964285714285714
v 0.5377084037987674 0.12160732596682497 -0.1964285714285714
v 0.5420560824486186 0.05968401927518326 -0.24225343409582384
v -0.537434122459515 0.1286609927346176 -0.24028863684333182
v -0.5256251095323929 0.19117647058823528 -0.23218369318838153
v -0.5250463265700638 0.19117647058823528 -0.1964285714285714
v -0.5363131115184423 0.12975763387262357 -0.1964285714285714
v 0.5288426850586525 0.17911081083103486 -0.20489368509949613
v 0.5259086967721716 0.19117647058823528 -0.20690738513462748
v 0.5250463265700638 0.19117647058823528 -0.1964285714285714
v 0.5283197669786578 0.17859926053538785 -0.1964285714285714
v -0.5153720022626935 0.21641997221104778 -0.22514662267097918
v -0.5020794603874479 0.25735294117647056 -0.21602348057647822
v -0.5019384918871411 0.25735294117647056 -0.1964285714285714
v -0.5146062480587194 0.21716907958450085 -0.1964285714285714
v 0.515225164460961 0.23196579387805016 -0.21423987159666955
v 0.5038803087050385 0.25735294117647056 -0.22202624775213184
v 0.5019384918871411 0.25735294117647056 -0.1964285714285714
v 0.5140716188113118 0.2308373253077412 -0.1964285714285714
v -0.47352941176470575 0.30893381666544045 -0.20666865560932587
v -0.47352941176470575 0.3075609539743987 -0.1964285714285714
v -0.4667115275606817 0.32352941176470584 -0.23817778754941205
v -0.4648290055796453 0.32352941176470584 -0.1964285714285714
v 0.46864628610000325 0.3187524410057577 -0.19978003345310327
v 0.47352941176470575 0.3075609539743987 -0.1964285714285714
v 0.47352941176470575 0.30893381666544045 -0.20666865560932587
v 0.46542206902353134 0.32352941176470584 -0.20199292778198616
v 0.4648290055796453 0.32352941176470584 -0.1964285714285714
v 0.46853235180138986 0.31864098353972287 -0.1964285714285714
v 0.4963487888382288 0.2796762448353518 -0.22719539648059442
v 0.4946163911378787 0.2779815079545745 -0.1964285714285714
v -0.43999480550546727 0.35633500484439573 -0.21984115533139217
v -0.4146452702667407 0.3897058823529411 -0.20244287182903628
v -0.4145161384743347 0.3897058823529411 -0.1964285714285714
v -0.43536381845334404 0.36086531826495105 -0.1964285714285714
v 0.4452361160349522 0.36202765826948646 -0.21584726197601103
v 0.4181283139857945 0.3897058823529411 -0.23445230623956348
v 0.4145161384743347 0.3897058823529411 -0.1964285714285714
v 0.4439012237399578 0.3607217853722093 -0.1964285714285714
v -0.40588235294117647 0.4024394940997737 -0.23392340255222221
v -0.40588235294117647 0.3987204633914422 -0.1964285714285714
v -0.34253208397202367 0.4558823529411764 -0.19937761042800378
v -0.3423969309241871 0.4558823529411764 -0.1964285714285714
v 0.38106687199394135 0.43160633897105505 -0.2134603145631645
v 0.4058823529411766 0.398720463391442 -0.1964285714285714
v 0.4058823529411766 0.40243949409977353 -0.23392340255222233
v 0.3473618475264219 0.4558823529411764 -0.236593266138698
v 0.34239693092418705 0.4558823529411764 -0.1964285714285714
v 0.37992978916605735 0.4304939753350816 -0.1964285714285714
v 0.4138475583827931 0.39749793115452253 -0.23739034036460482
v 0.4113729318853371 0.39507710088527204 -0.1964285714285714
v -0.3382352941176471 0.463251999971065 -0.23768669208379248
v -0.3382352941176471 0.4591938120667598 -0.1964285714285714
v -0.32127883021818887 0.47247019806021157 -0.23121932136093087
v -0.2705882352941176 0.5036210276274995 -0.1964285714285714
v -0.2705882352941176 0.5049916148974162 -0.20840270827832066
v -0.32989630976146916 0.46404005502874174 -0.1964285714285714
v -0.23247738456353145 0.5220588235294117 -0.21670031673459766
v -0.22953933338620974 0.5220588235294117 -0.1964285714285714
v 0.25963444653084317 0.5113431606088171 -0.20394654446175042
v 0.2705882352941176 0.5036210276274995 -0.1964285714285714
v 0.2705882352941176 0.5049916148974162 -0.20840270827832066
v 0.23510413563501037 0.5220588235294117 -0.2207825652939836
v 0.22953933338620977 0.5220588235294117 -0.1964285714285714
v 0.2593180982520347 0.5110336894665045 -0.1964285714285714
v 0.30568110394627807 0.4902123331443769 -0.21877166468283393
v 0.33823529411764697 0.45919381206675985 -0.1964285714285714
v 0.33823529411764697 0.46325199997106503 -0.23768669208379245
v 0.3038967122583166 0.4884667325800668 -0.1964285714285714
v 0.3434794555848489 0.46101251089822176 -0.2392578891793428
v 0.34054329311287396 0.4581401780452028 -0.1964285714285714
v -0.2029411764705883 0.5347563475156912 -0.1964285714285714
v -0.2029411764705883 0.538558116108747 -0.2312814486983076
v -0.180736492204017 0.5437807972684487 -0.2276172819164216
v -0.1352941176470588 0.5566100805769906 -0.1964285714285714
v -0.1352941176470588 0.5589563754153833 -0.21697028899428655
v -0.18542866375787143 0.539190629444026 -0.1964285714285714
v -0.09125667452203781 0.5651389309343235 -0.2126326865508396
v -0.0676470588235294 0.5686002907881584 -0.1964285714285714
v -0.0676470588235294 0.5698863460482124 -0.20930196039157156
v -0.09349573965950027 0.5629485411259363 -0.1964285714285714
v -0.01633707612448329 0.5722533718219568 -0.20764128516618263
v 0 0.5723930980450068 -0.1964285714285714
v 0 0.573361738973711 -0.20686366884701535
v -0.017542974017631052 0.5710736891003992 -0.1964285714285714
v 0.05013388301205053 0.5711028395194612 -0.20844848401967958
v 0.0676470588235294 0.5686002907881584 -0.1964285714285714
v 0.0676470588235294 0.5698863460482124 -0.20930196039157156
v 0.04904667321092438 0.5700392647140117 -0.1964285714285714
v 0.11079379171901388 0.5642675839706465 -0.21324401251583205
v 0.1352941176470588 0.5566100805769906 -0.1964285714285714
v 0.1352941176470588 0.5589563754153833 -0.21697028899428655
v 0.10929070619544545 0.5627971742193296 -0.1964285714285714
v 0.16650477123829036 0.5525909846512685 -0.22143616632403057
v 0.2029411764705884 0.5347563475156912 -0.1964285714285714
v 0.2029411764705884 0.5385581161087469 -0.23128144869830763
v 0.16412157277959546 0.5502595948547192 -0.1964285714285714
v 0.2163291429059426 0.5351557472161713 -0.2336685075086544
v 0.2130842152860703 0.5319813615010788 -0.1964285714285714
v -0.07120420071999714 -0.47406804801892305 -0.1524413924196254
v -0.0676470588235294 -0.475879469610132 -0.15000000000000002
v -0.0676470588235294 -0.47427013516764205 -0.15258317419698064
v -0.0676470588235294 -0.47058823529411764 -0.15565609128471777
v -0.07420630209503767 -0.47058823529411764 -0.15450184087889235
v -0.09467171744234881 -0.47058823529411764 -0.15000000000000002
v -0.0725523740271021 -0.4753869132106562 -0.15000000000000002
v -0.00673192609652741 -0.4771738151711553 -0.15462035921531853
v 0 -0.4802049108518731 -0.15000000000000002
v 0 -0.47730518141835077 -0.154712524106208
v 0 -0.47058823529411764 -0.1604583589602884
v -0.013968112454575951 -0.47058823529411764 -0.15958681010081147
v -0.009481843793927296 -0.4798639520490465 -0.15000000000000002
v 0.06380452705093859 -0.4743472337673043 -0.15263726559547383
v 0.0676470588235294 -0.475879469610132 -0.15000000000000002
v 0.0676470588235294 -0.47427013516764205 -0.15258317419698064
v 0.0676470588235294 -0.47058823529411764 -0.15565609128471777
v 0.058568802778972424 -0.47058823529411764 -0.15623072852747544
v 0.06202495175004604 -0.4760881226486122 -0.15000000000000002
v 0.09467171744234881 -0.47058823529411764 -0.15000000000000002
v -0.27797299367091427 -0.4116359848570965 -0.15506842112196298
v -0.2705882352941176 -0.41714853966513 -0.15000000000000002
v -0.2705882352941176 -0.4129592678742512 -0.1559968196832048
v -0.2705882352941176 -0.40441176470588236 -0.16288548771228248
v -0.28152538872310334 -0.40441176470588236 -0.1575065556143039
v -0.29213516441868637 -0.40441176470588236 -0.15000000000000002
v -0.2803731576481626 -0.4139839713565786 -0.15000000000000002
v -0.2279067395921542 -0.4288345981943708 -0.1671347498443046
v -0.2029411764705883 -0.4462077828380149 -0.15000000000000002
v -0.2029411764705883 -0.4324373950164137 -0.169662426344849
v -0.243690369075228 -0.40441176470588236 -0.17796761355784285
v -0.23571748719376362 -0.4364755469350757 -0.15000000000000002
v -0.17181443190300863 -0.4401381590867028 -0.17506518462908355
v -0.1352941176470588 -0.4643248676188568 -0.15000000000000002
v -0.1352941176470588 -0.44457442171508466 -0.17817761015566258
v -0.1848443316135024 -0.452884800107838 -0.15000000000000002
v -0.0676470588235294 -0.4515307687537008 -0.18305809490339003
v -0.11207746919539385 -0.44787629659140193 -0.1804941636403169
v -0.13003263772842827 -0.46544113537371823 -0.15000000000000002
v 0 -0.4538177817457321 -0.18466263417716441
v -0.04904545057944172 -0.4523910098379449 -0.18366162912439943
v 0.0676470588235294 -0.4515307687537008 -0.18305809490339003
v 0.01797881511427143 -0.4530002639866782 -0.18408907409859007
v 0.09023629865142534 -0.4484900658972629 -0.18092477639141302
v 0.1352941176470588 -0.4643248676188568 -0.15000000000000002
v 0.1352941176470588 -0.44457442171508466 -0.17817761015566258
v 0.16969123295482996 -0.43693888336260245 -0.17282061340677823
v 0.2029411764705884 -0.4462077828380149 -0.15000000000000002
v 0.2029411764705884 -0.4324373950164137 -0.16966242634484896
v 0.14497300086134948 -0.46111976258448545 -0.15000000000000002
v 0.25996608226832685 -0.41480300136154724 -0.157290359685403
v 0.2705882352941176 -0.41714853966513 -0.15000000000000002
v 0.2705882352941176 -0.4129592678742512 -0.1559968196832048
v 0.2705882352941176 -0.40441176470588236 -0.16288548771228248
v 0.2500918345921888 -0.42446259147950843 -0.15000000000000002
v 0.29213516441868637 -0.40441176470588236 -0.15000000000000002
v -0.35880304368634697 -0.3583559186957231 -0.1641163747039835
v -0.3382352941176471 -0.3777964483526497 -0.15000000000000002
v -0.3382352941176471 -0.36339339529434755 -0.1676506043176216
v -0.3382352941176471 -0.3382352941176471 -0.18928677723449897
v -0.36700547556321106 -0.3382352941176471 -0.1697459940977318
v -0.3888991702997066 -0.3382352941176471 -0.15000000000000002
v -0.36478350625559486 -0.36420637120911775 -0.15000000000000002
v -0.2705882352941176 -0.3872315662308101 -0.18437516233971118
v -0.3104176043737469 -0.37719880734771916 -0.1773363061074474
v -0.33334809545535055 -0.3382352941176471 -0.19307431396159147
v -0.3231014736161787 -0.38960694030227205 -0.15000000000000002
v -0.2577935957647284 -0.39189526951408854 -0.18764715734163034
v 0.2705882352941176 -0.3872315662308101 -0.18437516233971118
v 0.301037053402943 -0.37462487742550965 -0.17553046955884963
v 0.33823529411764697 -0.3777964483526498 -0.15000000000000002
v 0.33823529411764697 -0.3633933952943476 -0.16765060431762166
v 0.33823529411764697 -0.3382352941176471 -0.1892867772344991
v 0.38889917029970666 -0.3382352941176471 -0.15000000000000002
v -0.4291345009657539 -0.2948054900751941 -0.16595877240196155
v -0.40588235294117647 -0.32334639634531315 -0.15000000000000002
v -0.40588235294117647 -0.30255138529279096 -0.17139319412605333
v -0.40588235294117647 -0.2720588235294118 -0.1954517348658265
v -0.43633427693106897 -0.2720588235294118 -0.17090023354585793
v -0.45540007784317743 -0.2720588235294118 -0.15000000000000002
v -0.4358259495499719 -0.30135147238584215 -0.15000000000000002
v -0.3382352941176471 -0.334254874831262 -0.1936359598022504
v -0.3840752475045114 -0.3169022561904747 -0.18146158291458697
v -0.40529646050399054 -0.2720588235294118 -0.19602645270615496
v -0.398741859128774 -0.3312500284316012 -0.15000000000000002
v -0.33556965823950063 -0.3356276068455473 -0.19459905115195536
v 0.33823529411764697 -0.33425487483126204 -0.19363595980225046
v 0.3474364929373987 -0.3292341213591943 -0.1901134629218474
v 0.4058823529411766 -0.32334639634531304 -0.15000000000000002
v 0.4058823529411766 -0.3025513852927909 -0.17139319412605328
v 0.4058823529411766 -0.2720588235294118 -0.19545173486582637
v 0.45540007784317743 -0.2720588235294118 -0.15000000000000002
v -0.48985302348502785 -0.22185110353714377 -0.1612034726403453
v -0.47352941176470575 -0.24810231299518887 -0.15000000000000002
v -0.47352941176470575 -0.2287568555055316 -0.16604846052927769
v -0.47352941176470575 -0.20588235294117652 -0.180286114549228
v -0.4936126398057051 -0.20588235294117652 -0.1637838304256548
v -0.5041851857451811 -0.20588235294117652 -0.15000000000000002
v -0.49483082203753753 -0.22672068907764234 -0.15000000000000002
v -0.40588235294117647 -0.27144887063763745 -0.19600063622513605
v -0.45013354608317196 -0.24917156362356346 -0.18037116051050003
v -0.4647641430082884 -0.20588235294117652 -0.1904126571578626
v -0.46427549214271213 -0.26300607607311366 -0.15000000000000002
v -0.40552005784160666 -0.2717044044102674 -0.19617991547513994
v 0.4058823529411766 -0.2714488706376374 -0.196000636225136
v 0.40806294740400345 -0.2699256332940377 -0.19493195224756288
v 0.47352941176470575 -0.24810231299518887 -0.15000000000000002
v 0.47352941176470575 -0.2287568555055316 -0.16604846052927769
v 0.47352941176470575 -0.20588235294117652 -0.180286114549228
v 0.5041851857451811 -0.20588235294117652 -0.15000000000000002
v -0.47352941176470575 -0.1941802846420584 -0.1882185489076028
v -0.5081398940230687 -0.1735639628230788 -0.17375439931396955
v -0.5151146451400728 -0.13970588235294112 -0.17854141793775188
v -0.5369238061635018 -0.13970588235294112 -0.15000000000000002
v -0.5190422192438313 -0.18422928097382482 -0.15000000000000002
v -0.4674458291231628 -0.19993102209618882 -0.1922531932801832
v 0.47352941176470575 -0.1941802846420584 -0.1882185489076028
v 0.5303191823408441 -0.13970588235294112 -0.15745174131265044
v 0.5369238061635018 -0.13970588235294112 -0.15000000000000002
v 0.5315237111610951 -0.14914879918383908 -0.15000000000000002
v -0.554194023048445 -0.0862639739540415 -0.1589344071233117
v -0.5411764705882353 -0.12747587584903572 -0.15000000000000002
v -0.5411764705882353 -0.09475365054227929 -0.16489065641220232
v -0.5411764705882353 -0.07352941176470584 -0.17257506355187074
v -0.5557830765122004 -0.07352941176470584 -0.16002503077390154
v -0.5624652536587779 -0.07352941176470584 -0.15000000000000002
v -0.5586498067527694 -0.09062289279522838 -0.15000000000000002
v -0.5211018907750182 -0.12006770644870715 -0.18265067658782314
v -0.5294120236655986 -0.07352941176470584 -0.18835421500030214
v -0.5382530057582748 -0.13684597110624067 -0.15000000000000002
v 0.5411764705882351 -0.09475365054227938 -0.1648906564122024
v 0.5411764705882351 -0.12747587584903602 -0.15000000000000002
v 0.5411764705882351 -0.07352941176470584 -0.17257506355187086
v 0.5624652536587779 -0.07352941176470584 -0.15000000000000002
v -0.5411764705882353 -0.04940379672731849 -0.1795023462753568
v -0.5639403201627916 -0.029621924455927838 -0.16562363588812717
v -0.5411764705882353 -0.007352941176470562 -0.18989540980069997
v -0.5656177683625736 -0.007352941176470562 -0.1667749279755552
v -0.5767385276413987 -0.007352941176470562 -0.15000000000000002
v -0.5721734044974259 -0.03767602869633096 -0.15000000000000002
v -0.531202619558373 -0.06377238358331891 -0.1895831643552809
v -0.537994401517508 -0.007352941176470562 -0.19424460476822752
v 0.5411764705882351 -0.04940379672731859 -0.17950234627535686
v 0.5411764705882351 -0.007352941176470562 -0.18989540980070008
v 0.5767385276413987 -0.007352941176470562 -0.15000000000000002
v 0.5665921000986918 -0.0486662959392592 -0.15000000000000002
v -0.5411764705882353 0.0006805746440851999 -0.19079235874176878
v -0.5683275248151841 0.03226271549409737 -0.16863472976445867
v -0.5411764705882353 0.05882352941176472 -0.19625498065264432
v -0.5689824007399888 0.05882352941176472 -0.1690841942967005
v -0.581781402364979 0.05882352941176472 -0.15000000000000002
v -0.5795851747014645 0.021249797127083896 -0.15000000000000002
v -0.5382000521092233 -0.00444122744700234 -0.1943857500501191
v -0.5410920102606934 0.05882352941176472 -0.1963706033155691
v 0.5411764705882351 0.0006805746440850732 -0.19079235874176886
v 0.5411764705882351 0.05882352941176472 -0.1962549806526445
v 0.581781402364979 0.05882352941176472 -0.15000000000000002
v 0.5789824520712508 0.029631171143870698 -0.15000000000000002
v -0.5411764705882353 0.05909661594731191 -0.19623697738299703
v -0.5673755017667829 0.09937051297750782 -0.16798132264117704
v -0.5411764705882353 0.125 -0.19148185319815522
v -0.5666694866212654 0.125 -0.16749675945124112
v -0.5784985599973265 0.125 -0.15000000000000002
v -0.5801585552150917 0.0868653519954665 -0.15000000000000002
v -0.5410887448087974 0.05890934810904088 -0.1963683621203237
v -0.5387396469472433 0.125 -0.19475609309112035
v 0.5411764705882351 0.059096615947311665 -0.1962369773829972
v 0.5411764705882351 0.125 -0.19148185319815528
v 0.5784985599973266 0.125 -0.15000000000000002
v 0.5801462503532268 0.09694614005143035 -0.15000000000000002
v -0.5411764705882353 0.1355522995978753 -0.1890252120281573
v -0.5598093254815216 0.1729486777578465 -0.16278838798576484
v -0.5411764705882353 0.19117647058823528 -0.17627832901872198
v -0.5583371670382973 0.19117647058823528 -0.16177799352628483
v -0.5663445156628388 0.19117647058823528 -0.15000000000000002
v -0.5706833687175608 0.16231102676606907 -0.15000000000000002
v -0.5383427188266672 0.1277721484624036 -0.19448366726923427
v -0.5310170079365131 0.19117647058823528 -0.18945577252785525
v 0.5411764705882351 0.13555229959787513 -0.18902521202815742
v 0.5411764705882351 0.19117647058823528 -0.1762783290187221
v 0.5663445156628388 0.19117647058823528 -0.15000000000000002
v 0.5739994982773257 0.15710948360889274 -0.15000000000000002
v -0.5423770463583848 0.2561784648795851 -0.15082399765591015
v -0.5411764705882353 0.2530628244096875 -0.15300989144590177
v -0.5411764705882353 0.25735294117647056 -0.15145993227908255
v -0.5422169631826091 0.25735294117647056 -0.1507141269048343
v -0.5427199489911576 0.25735294117647056 -0.15000000000000002
v -0.5432419168276688 0.25533239594224216 -0.15000000000000002
v -0.5278240946328626 0.20423857750109978 -0.18726436308652997
v -0.5178848616157102 0.25735294117647056 -0.18044271558096883
v 0.5411764705882351 0.2530628244096872 -0.153009891445902
v 0.5411764705882351 0.25735294117647056 -0.15145993227908267
v 0.5427199489911576 0.25735294117647056 -0.15000000000000002
v 0.561822158339235 0.21137333904030028 -0.15000000000000002
v -0.5411764705882353 0.26035245088963826 -0.15000000000000002
v -0.5061657342951273 0.2916025745066848 -0.1723994636000719
v -0.47352941176470575 0.32352941176470584 -0.1872314747198336
v -0.49844597059409634 0.32352941176470584 -0.16710111646365006
v -0.5125516175249134 0.32352941176470584 -0.15000000000000002
v -0.46833713389182036 0.32352941176470584 -0.19286492729842336
v 0.47352941176470575 0.32352941176470584 -0.1872314747198336
v 0.5411764705882351 0.2603524508896385 -0.15000000000000002
v 0.5083191540881355 0.29138638475373885 -0.17255113958547208
v 0.5125516175249134 0.32352941176470584 -0.15000000000000002
v 0.5233037877126413 0.3060452654733641 -0.15000000000000002
v 0.5423883067406076 0.258538433064661 -0.15000000000000002
v -0.47352941176470575 0.38018801923250717 -0.15000000000000002
v -0.4640185540611205 0.3328335116921262 -0.18990093306679395
v -0.4421781559520392 0.3897058823529411 -0.17491109461304558
v -0.4667570115188614 0.3897058823529411 -0.15000000000000002
v 0.46735887797007253 0.38366949059732164 -0.15423505580314892
v 0.47352941176470575 0.38018801923250717 -0.15000000000000002
v 0.4418581091719434 0.3897058823529411 -0.17173713625155437
v 0.4667570115188614 0.3897058823529411 -0.15000000000000002
v 0.46990956747582996 0.3861647303312148 -0.15000000000000002
v 0.5003911509757081 0.3498072001232951 -0.15000000000000002
v -0.40588235294117647 0.45258569881147986 -0.15231289067512047
v -0.40588235294117647 0.4554467930102859 -0.15000000000000002
v -0.37495827686177824 0.4558823529411764 -0.1752042831877422
v -0.4054146226101279 0.4558823529411764 -0.15000000000000002
v 0.40553599731940543 0.45554352678944376 -0.15023771612550132
v 0.4058823529411766 0.45544679301028573 -0.15000000000000002
v 0.4058823529411766 0.4525856988114787 -0.15231289067512124
v 0.3983057914343831 0.4558823529411764 -0.15520006240062534
v 0.40541462261012784 0.4558823529411764 -0.15000000000000002
v 0.40567526284202965 0.4556797648007066 -0.15000000000000002
v 0.4146013477595346 0.39823533380568266 -0.19044441659982256
v 0.4423675833673095 0.4253979555958973 -0.15000000000000002
v -0.3382352941176471 0.5098644119075898 -0.15000000000000002
v -0.3382352941176471 0.4688778724154569 -0.1873110799878857
v -0.2705882352941176 0.5220588235294117 -0.1769900149364201
v -0.29373579809489225 0.5220588235294117 -0.165886991860159
v -0.31841552962459124 0.5220588235294117 -0.15000000000000002
v -0.25438782510865016 0.5220588235294117 -0.1853096563633903
v 0.2705882352941176 0.5220588235294117 -0.1769900149364201
v 0.32593552881165033 0.5100264444257193 -0.15844176438703497
v 0.33823529411764697 0.5098644119075898 -0.15000000000000002
v 0.33823529411764697 0.46887787241545714 -0.18731107998788557
v 0.31841552962459124 0.5220588235294117 -0.15000000000000002
v 0.331309296617282 0.5152833911920981 -0.15000000000000002
v 0.34193996867475834 0.4595064910948723 -0.19388592212074032
v 0.37287689874690394 0.4897708792089277 -0.15000000000000002
v -0.2705882352941176 0.5505764980158137 -0.15000000000000002
v -0.2029411764705883 0.5783387592518058 -0.15000000000000002
v -0.2029411764705883 0.55760301599688 -0.17149121734822065
v -0.22234406448427574 0.5692542080173005 -0.15000000000000002
v -0.1352941176470588 0.588235294117647 -0.15988723394594015
v -0.14580269421229672 0.588235294117647 -0.1572124081394956
v -0.1673151658101171 0.588235294117647 -0.15000000000000002
v -0.0676470588235294 0.588235294117647 -0.17266806638177465
v -0.09416046130215482 0.588235294117647 -0.1681970867943361
v 0 0.588235294117647 -0.1769276645206684
v -0.036124603714686156 0.588235294117647 -0.17479359447498646
v 0.0676470588235294 0.588235294117647 -0.17266806638177465
v 0.031470654247109 0.588235294117647 -0.1748291472403382
v 0.1352941176470588 0.588235294117647 -0.15988723394594015
v 0.11594981931869017 0.588235294117647 -0.16327667680301078
v 0.1883279887428021 0.573939784383943 -0.16002954809888437
v 0.2029411764705884 0.5783387592518058 -0.15000000000000002
v 0.2029411764705884 0.5576030159968799 -0.1714912173482207
v 0.1673151658101171 0.588235294117647 -0.15000000000000002
v 0.19559244098999168 0.5810463137561936 -0.15000000000000002
v 0.22060494613858506 0.5393385982046259 -0.1843053009421513
v 0.2705882352941176 0.5505764980158137 -0.15000000000000002
v 0.24582693467190778 0.5640122826393982 -0.15000000000000002
v 0.2915279775080714 0.5425433539561056 -0.15000000000000002
v -0.1352941176470588 0.5983837875143261 -0.15000000000000002
v -0.0676470588235294 0.6106113127127593 -0.15000000000000002
v -0.12334885634855201 0.5999208758227079 -0.15000000000000002
v 0 0.6144723436168896 -0.15000000000000002
v -0.04373139956724536 0.6116310477379249 -0.15000000000000002
v 0.0676470588235294 0.6106113127127593 -0.15000000000000002
v 0.02572557596568231 0.6134016184319014 -0.15000000000000002
v 0.1352941176470588 0.5983837875143261 -0.15000000000000002
v 0.08803784176823654 0.6081827991722518 -0.15000000000000002
v 0.14403936940012185 0.5967904317021652 -0.15000000000000002
v -0.0676470588235294 -0.47058823529411764 -0.1449021864448073
v 0 -0.47058823529411764 -0.14057707225711152
v -0.059561679928097536 -0.47058823529411764 -0.1444507182115204
v 0.0676470588235294 -0.47058823529411764 -0.1449021864448073
v 0.012710353969049848 -0.47058823529411764 -0.14127643407714283
v 0.07370931933915184 -0.47058823529411764 -0.14583925598151382
v -0.2705882352941176 -0.40441176470588236 -0.13842369662476203
v -0.2029411764705883 -0.40441176470588236 -0.10751076891564976
v -0.22105299963687652 -0.40441176470588236 -0.11600221403648983
v -0.16567726349880385 -0.43413440738693726 -0.12442445724607348
v -0.1352941176470588 -0.4240337670320282 -0.10357142857142865
v -0.1352941176470588 -0.4533928213982723 -0.13793591596513713
v -0.19190553619020081 -0.40441176470588236 -0.10357142857142865
v -0.15205982459863304 -0.420812999767205 -0.10357142857142865
v -0.0676470588235294 -0.4365554865055368 -0.10357142857142865
v -0.12419403534456781 -0.45972945912863733 -0.1423816205315202
v -0.09672216276498133 -0.4328548011703462 -0.10357142857142865
v 0 -0.44049346720245675 -0.10357142857142865
v -0.03527019806687933 -0.43891521933652516 -0.10357142857142865
v 0.0676470588235294 -0.4365554865055368 -0.10357142857142865
v 0.033168549860486105 -0.43814074086538124 -0.10357142857142865
v 0.1352941176470588 -0.4240337670320282 -0.10357142857142865
v 0.1352941176470588 -0.4533928213982723 -0.13793591596513713
v 0.11191525832987284 -0.4272823879509556 -0.10357142857142865
v 0.2029411764705884 -0.40441176470588236 -0.10751076891564977
v 0.19922977251131893 -0.40441176470588236 -0.10611869650620676
v 0.19190553619020084 -0.40441176470588236 -0.10357142857142865
v 0.2705882352941176 -0.40441176470588236 -0.13842369662476203
v 0.24130268002899372 -0.40441176470588236 -0.12367114196767831
v 0.28096625864161934 -0.40441176470588236 -0.14287719515590722
v -0.3382352941176471 -0.3382352941176471 -0.11481823073269568
v -0.2705882352941176 -0.3714775965296278 -0.10357142857142865
v -0.31028575714859247 -0.37706982636658987 -0.13081724326036942
v -0.3212773082022028 -0.3382352941176471 -0.10357142857142865
v -0.2946112048570417 -0.3617360252118119 -0.10357142857142865
v -0.2029411764705883 -0.40103601027169533 -0.10357142857142865
v -0.24983336700958128 -0.3841080892101403 -0.10357142857142865
v -0.2005219494739908 -0.40204512960051525 -0.10357142857142865
v 0.2029411764705884 -0.40103601027169533 -0.10357142857142865
v 0.2705882352941176 -0.3714775965296278 -0.10357142857142865
v 0.21020639583605713 -0.39730448489183684 -0.10357142857142865
v 0.30413274225030434 -0.37159648616178664 -0.12697721727541225
v 0.33823529411764697 -0.3382352941176471 -0.11481823073269556
v 0.3300874994841525 -0.3382352941176471 -0.10916354849069039
v 0.32127730820220285 -0.3382352941176471 -0.10357142857142865
v 0.36565988412816686 -0.3382352941176471 -0.1311775329430905
v -0.40588235294117647 -0.2720588235294118 -0.10935579587050036
v -0.3382352941176471 -0.3264465656464098 -0.10357142857142865
v -0.3933544641053888 -0.32597975069133306 -0.1414016663580464
v -0.3991004608556314 -0.2720588235294118 -0.10357142857142865
v -0.37215293787409953 -0.3052391272042022 -0.10357142857142865
v -0.3319755172317191 -0.3321115993379349 -0.10357142857142865
v 0.33823529411764697 -0.3264465656464099 -0.10357142857142865
v 0.39633465145928587 -0.2813989662834353 -0.11012435412266416
v 0.4058823529411766 -0.2720588235294118 -0.10935579587050051
v 0.4021827440372519 -0.2720588235294118 -0.1061106011421347
v 0.3991004608556313 -0.2720588235294118 -0.10357142857142865
v 0.4350436634658913 -0.2720588235294118 -0.12998556016782
v -0.47352941176470575 -0.20588235294117652 -0.12291799818270968
v -0.40588235294117647 -0.2646843243149137 -0.10357142857142865
v -0.45702822549874805 -0.25591635870401835 -0.13867465166218435
v -0.45398921061340003 -0.20588235294117652 -0.10357142857142865
v -0.43715713067944373 -0.23647724420687283 -0.10357142857142865
v -0.4027142595133311 -0.2689596016978239 -0.10357142857142865
v 0.4058823529411766 -0.2646843243149135 -0.10357142857142865
v 0.4521863368148201 -0.2267614480008473 -0.11821993653392783
v 0.47352941176470575 -0.20588235294117652 -0.12291799818270968
v 0.46227756952817656 -0.20588235294117652 -0.11129396625550617
v 0.45398921061340003 -0.20588235294117652 -0.10357142857142865
v 0.4928547286039917 -0.20588235294117652 -0.13673635086496214
v -0.47352941176470575 -0.17194698374589212 -0.10357142857142865
v -0.497881306492951 -0.16352838806535494 -0.1202849960712491
v -0.5278540652603836 -0.13970588235294112 -0.14085636156069814
v -0.49269626820334184 -0.13970588235294112 -0.10357142857142865
v -0.4879711535241278 -0.15383367320454966 -0.10357142857142865
v -0.4623877084859891 -0.19498286060330147 -0.10357142857142865
v 0.47352941176470575 -0.17194698374589212 -0.10357142857142865
v 0.4984298776558125 -0.18152320152596338 -0.13290992868964419
v 0.5135125024755333 -0.13970588235294112 -0.12255818929474264
v 0.4926962682033418 -0.13970588235294112 -0.10357142857142865
v -0.5411764705882353 -0.07352941176470584 -0.12978434515422146
v -0.5356317016331308 -0.1342816518533824 -0.14619442876062708
v -0.5183089430309724 -0.07352941176470584 -0.10357142857142865
v -0.5087460884230035 -0.10798050849564922 -0.10357142857142865
v 0.5224184946411591 -0.09187960562597597 -0.116445691566161
v 0.5411764705882351 -0.07352941176470584 -0.12978434515422135
v 0.5272881904018144 -0.07352941176470584 -0.11310344696024532
v 0.5183089430309724 -0.07352941176470584 -0.10357142857142865
v 0.5016845910879212 -0.11216277214544779 -0.10357142857142865
v 0.5553063287400746 -0.07352941176470584 -0.14030217810075624
v -0.5411764705882353 -0.03080501175582171 -0.12002510348583055
v -0.5411764705882353 -0.007352941176470562 -0.11423199388212726
v -0.5322877870707039 -0.007352941176470562 -0.10357142857142865
v -0.5233671213331517 -0.05610722227603709 -0.10357142857142865
v 0.5345076139590833 -0.013876822661510357 -0.10814850097839307
v 0.5411764705882351 -0.030805011755821572 -0.12002510348583045
v 0.5411764705882351 -0.007352941176470562 -0.11423199388212721
v 0.5356000334435996 -0.007352941176470562 -0.10739873481044865
v 0.5322877870707038 -0.007352941176470562 -0.10357142857142865
v 0.5291519411353186 -0.019116067815193247 -0.10357142857142865
v 0.5564395353306688 -0.058598152777542475 -0.13952441829789494
v 0.5648001036650439 -0.007352941176470562 -0.13378626425473697
v -0.5411764705882353 0.05076012456757209 -0.10922861101767173
v -0.5411764705882353 0.05882352941176472 -0.10843725871654958
v -0.5371654054450665 0.05882352941176472 -0.10357142857142865
v -0.5331096901024668 0.0005384745161289804 -0.10357142857142865
v 0.5384607550460487 0.05616685116397367 -0.10543532029448205
v 0.5411764705882351 0.0507601245675722 -0.10922861101767165
v 0.5411764705882351 0.05882352941176472 -0.10843725871654952
v 0.5386374532394381 0.05882352941176472 -0.10531404606858435
v 0.5371654054450664 0.05882352941176472 -0.10357142857142865
v 0.5367258608374712 0.05446967204688694 -0.10357142857142865
v 0.5653640161970963 0.01630878822350227 -0.13339923111938418
v 0.5680631466475706 0.05882352941176472 -0.13154672233194684
v -0.5411764705882353 0.11311395767680005 -0.11191052493151496
v -0.5411764705882353 0.125 -0.11260990123122153
v -0.5335558200082106 0.125 -0.10357142857142865
v -0.5368760399197195 0.06303047245705186 -0.10357142857142865
v 0.5411764705882351 0.11311395767680016 -0.11191052493151488
v 0.5365784516234751 0.12050193796925639 -0.10672721177395036
v 0.5411764705882351 0.125 -0.11260990123122142
v 0.5364129839584936 0.125 -0.10684077809059912
v 0.5335558200082104 0.125 -0.10357142857142865
v 0.5340434384355001 0.1180220337636287 -0.10357142857142865
v 0.5674264330758818 0.0845028405409842 -0.1319837213982302
v 0.5658537579878146 0.125 -0.13306310398972976
v -0.5411764705882353 0.16639594778226538 -0.12095712869879165
v -0.5411764705882353 0.19117647058823528 -0.12621861664228573
v -0.5210076650331744 0.19117647058823528 -0.10357142857142865
v -0.5312712947310333 0.13468984594726274 -0.10357142857142865
v 0.5411764705882351 0.1663959477822655 -0.12095712869879156
v 0.530491199286897 0.180723487793448 -0.11090510856396195
v 0.5411764705882351 0.19117647058823528 -0.12621861664228562
v 0.5290015499538768 0.19117647058823528 -0.11192750764035157
v 0.5210076650331744 0.19117647058823528 -0.10357142857142865
v 0.5249960532794334 0.17534780148179885 -0.10357142857142865
v 0.5642983532326732 0.1476192330217328 -0.13413063334030814
v 0.5578242712269003 0.19117647058823528 -0.13857402502750013
v -0.5411764705882353 0.21477007519089608 -0.1334470266121015
v -0.5411764705882353 0.25735294117647056 -0.14867170256037376
v -0.49748301688228486 0.25735294117647056 -0.10357142857142865
v -0.5079999773166229 0.22363173574524725 -0.10357142857142865
v 0.5411764705882351 0.2147700751908962 -0.13344702661210142
v 0.5213040083928819 0.23791248902884238 -0.11721060293532015
v 0.5411764705882351 0.25735294117647056 -0.14867170256037368
v 0.5163754344115569 0.25735294117647056 -0.12059325774858978
v 0.49748301688228486 0.25735294117647056 -0.10357142857142865
v 0.5110049675180911 0.22783734034698183 -0.10357142857142865
v 0.5562374470530709 0.20591003452122672 -0.1396631186374886
v 0.5421909096119711 0.25735294117647056 -0.14930375458308803
v -0.5411764705882353 0.2586067508672451 -0.1491203430423455
v -0.5353107998312622 0.2630910973517703 -0.145974182492885
v -0.47352941176470575 0.29961526125914745 -0.10357142857142865
v -0.47352941176470575 0.3134555004998767 -0.11063915679215006
v -0.47352941176470575 0.32352941176470584 -0.116031894852336
v -0.46044794041672543 0.32352941176470584 -0.10357142857142865
v 0.4681171405204367 0.3182347985909643 -0.10728606194094253
v 0.47352941176470575 0.29961526125914745 -0.10357142857142865
v 0.47352941176470575 0.3134555004998767 -0.11063915679215006
v 0.47352941176470575 0.32352941176470584 -0.116031894852336
v 0.46609567338764873 0.32352941176470584 -0.10867346640164482
v 0.46044794041672543 0.32352941176470584 -0.10357142857142865
v 0.4658663068646307 0.3160328961015889 -0.10357142857142865
v 0.5411764705882351 0.2586067508672452 -0.14912034304234542
v 0.5094592384991447 0.2925016847210304 -0.12534008786238826
v 0.49765993111607165 0.32352941176470584 -0.1334383702588452
v 0.4914169281660788 0.27485159852563984 -0.10357142857142865
v 0.5420706840943713 0.25822771525856025 -0.14938626961224818
v -0.47352941176470575 0.3510567252040606 -0.1306871864441353
v -0.4258524752646714 0.3897058823529411 -0.11727763053879628
v -0.40911071105025243 0.3897058823529411 -0.10357142857142865
v -0.41676972277132773 0.3790551944756192 -0.10357142857142865
v 0.47352941176470575 0.3510567252040606 -0.1306871864441353
v 0.45182174434162387 0.3684701207434044 -0.1184701692562147
v 0.44093552921708346 0.3897058823529411 -0.12594176410877195
v 0.4091107110502524 0.3897058823529411 -0.10357142857142865
v 0.44115938630139534 0.35803955309535473 -0.10357142857142865
v 0.49379755337324327 0.3433569415991447 -0.13608925684631434
v -0.40588235294117647 0.4251491118934318 -0.12513348022714788
v -0.40588235294117647 0.3930808780977869 -0.10357142857142865
v -0.33986594506130524 0.454287150931076 -0.1046906020451816
v -0.3382352941176471 0.4545208389304869 -0.10357142857142865
v -0.3382352941176471 0.4551333236107844 -0.10409693803814812
v -0.3382352941176471 0.4558823529411764 -0.10474609049475972
v -0.36167052110916664 0.43295658740599424 -0.10357142857142865
v -0.3363726995964187 0.4558823529411764 -0.10357142857142865
v 0.3377226329629557 0.4553808365941958 -0.10392328607200868
v 0.33823529411764697 0.454520838930487 -0.10357142857142865
v 0.33823529411764697 0.45513332361078446 -0.1040969380381481
v 0.33823529411764697 0.4558823529411764 -0.10474609049475964
v 0.33736014480745413 0.4558823529411764 -0.10417207452656102
v 0.3363726995964187 0.4558823529411764 -0.10357142857142865
v 0.3375321007805002 0.4551944464157068 -0.10357142857142865
v 0.38648955367464977 0.4369111362674002 -0.11688139328541129
v 0.4058823529411766 0.39308087809778675 -0.10357142857142865
v 0.4058823529411766 0.42514911189343174 -0.12513348022714793
v 0.37363001360942205 0.4558823529411764 -0.12570735090781907
v 0.3771707247573409 0.4277948905874242 -0.10357142857142865
v 0.43325660662859794 0.4164850435688969 -0.1312120805437263
v 0.407959250706117 0.39173763016646984 -0.10357142857142865
v -0.3382352941176471 0.487249321207862 -0.12799333337480157
v -0.2921270133566769 0.5009882797725602 -0.11835425450877525
v -0.2705882352941176 0.4997211154869677 -0.10357142857142865
v -0.2705882352941176 0.5094287952086873 -0.11243249605993681
v -0.2705882352941176 0.5220588235294117 -0.12499734833689036
v -0.22133197053764617 0.5220588235294117 -0.10357142857142865
v 0.2610068003547846 0.5126856806539771 -0.11014750658879699
v 0.2705882352941176 0.4997211154869677 -0.10357142857142865
v 0.2705882352941176 0.5094287952086873 -0.11243249605993681
v 0.2705882352941176 0.5220588235294117 -0.12499734833689036
v 0.25215046112365636 0.5220588235294117 -0.11622592575053403
v 0.22133197053764614 0.5220588235294117 -0.10357142857142865
v 0.2566022557588926 0.5083768870275611 -0.10357142857142865
v 0.33823529411764697 0.4872493212078621 -0.12799333337480154
v 0.3139420986216977 0.4982937409790265 -0.12024470870995282
v 0.29287129390499916 0.5220588235294117 -0.1347063479720347
v 0.30119089193694853 0.48581973443959797 -0.10357142857142865
v 0.36424919024622177 0.48133072958869516 -0.13214574209809007
v -0.2705882352941176 0.5398133429077229 -0.13754365465839125
v -0.24857900283887954 0.5435895944095359 -0.13489428455711924
v -0.2029411764705883 0.530905016357566 -0.10357142857142865
v -0.2029411764705883 0.5567675059601399 -0.12564882915177486
v -0.16163663711649687 0.5624654381149359 -0.12165123230666405
v -0.1352941176470588 0.5531328411705815 -0.10357142857142865
v -0.1352941176470588 0.5679504786797304 -0.11780299749771295
v -0.1352941176470588 0.588235294117647 -0.14077914136064335
v -0.1907720090649693 0.5339634438175171 -0.10357142857142865
v -0.08376613958895007 0.5724666281514745 -0.11463452437626706
v -0.0676470588235294 0.5651226670891286 -0.10357142857142865
v -0.0676470588235294 0.5745045953560963 -0.1132047124644531
v -0.0676470588235294 0.588235294117647 -0.12888450498012147
v -0.11774969335136531 0.588235294117647 -0.13795864046786258
v -0.09770126153393188 0.5588344436400793 -0.10357142857142865
v -0.012352432438322049 0.5761513928192884 -0.11204934027599128
v 0 0.5689521722413036 -0.10357142857142865
v 0 0.5766784666502707 -0.1116795519691752
v 0 0.588235294117647 -0.12492439548365032
v -0.03420634233786093 0.588235294117647 -0.1270484523498984
v -0.021248504601067704 0.567448713529646 -0.10357142857142865
v 0.05420559701394837 0.5750860379995786 -0.11279677968918456
v 0.0676470588235294 0.5651226670891286 -0.10357142857142865
v 0.0676470588235294 0.5745045953560963 -0.1132047124644531
v 0.0676470588235294 0.588235294117647 -0.12888450498012147
v 0.03385782009280011 0.588235294117647 -0.12676217937730183
v 0.04564812472861577 0.5667145977204489 -0.10357142857142865
v 0.11702691189436082 0.5703652015334859 -0.11610885860666545
v 0.1352941176470588 0.5531328411705815 -0.10357142857142865
v 0.1352941176470588 0.5679504786797304 -0.11780299749771295
v 0.1352941176470588 0.588235294117647 -0.14077914136064335
v 0.09275840087052017 0.588235294117647 -0.13276519691805916
v 0.10611868767007625 0.5596941126184249 -0.10357142857142865
v 0.17683727567882737 0.5626988694300548 -0.12148745986018382
v 0.2029411764705884 0.5309050163575659 -0.10357142857142865
v 0.2029411764705884 0.5567675059601398 -0.1256488291517749
v 0.145336319156797 0.588235294117647 -0.14310768157250892
v 0.16125367361596354 0.5474540413250794 -0.10357142857142865
v 0.2705882352941176 0.5398133429077229 -0.13754365465839125
v 0.23379567951389318 0.5522425765065577 -0.12882346219698643
v 0.21004401197818756 0.5290072495694543 -0.10357142857142865
v 0.28653120132260845 0.5376552033398919 -0.13905777797423452
v -0.1352941176470588 0.5950335621989945 -0.14523042144134035
v -0.12800778290568324 0.5953632302776882 -0.1449991305035901
v -0.0676470588235294 0.603015064678063 -0.13963070065443833
v 0 0.6054994515877911 -0.13788768634634335
v -0.052284162648709165 0.6032642142886667 -0.1394559004514433
v 0.0676470588235294 0.603015064678063 -0.13963070065443833
v 0.017367822673930004 0.6052255554291003 -0.1380798484132344
v 0.1352941176470588 0.5950335621989945 -0.14523042144134035
v 0.08214339342159033 0.6024164910070544 -0.14005065234108244
v 0.14182847842962115 0.5946276035788493 -0.14551523685420412
v -0.14000858240060288 -0.40902374109521894 -0.06037856121283616
v -0.1352941176470588 -0.4092487136294221 -0.05714285714285716
v -0.1352941176470588 -0.4101985606987679 -0.06120279972834196
v -0.17171377589870537 -0.40441176470588236 -0.08213895799258975
v -0.14855628422137268 -0.40441176470588236 -0.05714285714285716
v -0.1395088487335513 -0.40853487120353804 -0.05714285714285716
v -0.08790046668684734 -0.42422488109391077 -0.0710434880055692
v -0.0676470588235294 -0.42355365267582745 -0.05714285714285716
v -0.0676470588235294 -0.4274894580640679 -0.07333387375288579
v -0.08524704289529518 -0.42162914042826194 -0.05714285714285716
v -0.027420563447270487 -0.4312362289477774 -0.07596256062685339
v 0 -0.42791281252252716 -0.05714285714285716
v 0 -0.432777802784684 -0.07704410925528626
v -0.02308638565286076 -0.4269962724097679 -0.05714285714285716
v 0.04256355494759361 -0.42894997501929777 -0.07435855390242802
v 0.0676470588235294 -0.42355365267582745 -0.05714285714285716
v 0.0676470588235294 -0.4274894580640679 -0.07333387375288579
v 0.04722023607361243 -0.4243945260916707 -0.05714285714285716
v 0.12804258571430693 -0.41150565464009614 -0.06211984023955952
v 0.1352941176470588 -0.4092487136294221 -0.05714285714285716
v 0.1352941176470588 -0.4101985606987679 -0.06120279972834196
v 0.12963710708158374 -0.4099457967808036 -0.05714285714285716
v 0.17030262334724874 -0.40441176470588236 -0.07954385167782005
v 0.1485562842213727 -0.40441176470588236 -0.05714285714285716
v -0.28598038816814664 -0.3532928349726755 -0.0677070365998771
v -0.2705882352941176 -0.35679896814055617 -0.05714285714285716
v -0.2705882352941176 -0.3614373458074389 -0.07342112197918732
v -0.31220584137647966 -0.3382352941176471 -0.08570649361553426
v -0.29840174812260134 -0.3382352941176471 -0.05714285714285716
v -0.2845590986462541 -0.35190244304908497 -0.05714285714285716
v -0.24658324633380901 -0.38092862333166744 -0.08709595478190005
v -0.2029411764705883 -0.38838865440050196 -0.05714285714285716
v -0.2029411764705883 -0.40026792309148146 -0.10066416191497593
v -0.241340361051006 -0.37579971381588184 -0.05714285714285716
v -0.20018254039854955 -0.40171309898323576 -0.10167807896919087
v -0.191510894129824 -0.3932299667638304 -0.05714285714285716
v 0.2029411764705884 -0.38838865440050196 -0.05714285714285716
v 0.2029411764705884 -0.4002679230914814 -0.1006641619149759
v 0.2153635284824787 -0.3922594638246853 -0.09504552858811259
v 0.2705882352941176 -0.35679896814055617 -0.05714285714285716
v 0.2705882352941176 -0.3614373458074389 -0.07342112197918732
v 0.23799991225868078 -0.3701151753479658 -0.05714285714285716
v 0.30889208799672696 -0.3382352941176471 -0.07728213836249485
v 0.2984017481226013 -0.3382352941176471 -0.05714285714285716
v -0.3664278593894503 -0.29963850694748023 -0.07649241281077186
v -0.3382352941176471 -0.31102114769494327 -0.05714285714285716
v -0.3382352941176471 -0.32276753900735944 -0.09271944800198875
v -0.3967127729702246 -0.2720588235294118 -0.09727802120006104
v -0.3818644693546736 -0.2720588235294118 -0.05714285714285716
v -0.363739738963303 -0.2970088239219013 -0.05714285714285716
v -0.3311973803867839 -0.3313503785113679 -0.09874105920956293
v -0.32402634260673047 -0.3243352328569678 -0.05714285714285716
v 0.33823529411764697 -0.31102114769494327 -0.05714285714285716
v 0.33823529411764697 -0.32276753900735955 -0.09271944800198884
v 0.3868608896800907 -0.2720588235294118 -0.07019796080962726
v 0.38186446935467355 -0.2720588235294118 -0.05714285714285716
v -0.430792460724861 -0.23025093664260704 -0.07423954602544812
v -0.40588235294117647 -0.24600109676658322 -0.05714285714285716
v -0.40588235294117647 -0.261727063436959 -0.09632279688751733
v -0.4481828471973578 -0.20588235294117652 -0.08617518394601276
v -0.4391996592169904 -0.20588235294117652 -0.05714285714285716
v -0.4284683927500638 -0.22797739188465332 -0.05714285714285716
v -0.4023369663486244 -0.26859051055843697 -0.1011381042330622
v -0.3948828651530075 -0.26129845504098564 -0.05714285714285716
v 0.4058823529411766 -0.2460010967665831 -0.05714285714285716
v 0.4058823529411766 -0.2617270634369588 -0.09632279688751715
v 0.4457105326252594 -0.20588235294117652 -0.07623593878825369
v 0.43919965921699045 -0.20588235294117652 -0.05714285714285716
v -0.47647423380922155 -0.14258668652692397 -0.05916399276968322
v -0.47352941176470575 -0.14531676659686502 -0.05714285714285716
v -0.47352941176470575 -0.14879952697277313 -0.06352284273327898
v -0.47773507428672557 -0.13970588235294112 -0.06002935222784591
v -0.4770023395238504 -0.13970588235294112 -0.05714285714285716
v -0.47618790578107156 -0.14230658302112503 -0.05714285714285716
v -0.4609472461220362 -0.19357371263856496 -0.09493584283531069
v -0.45444716715896527 -0.18721493973990858 -0.05714285714285716
v 0.47352941176470575 -0.14879952697277313 -0.06352284273327898
v 0.47352941176470575 -0.14531676659686502 -0.05714285714285716
v 0.4900350786298461 -0.13970588235294112 -0.09224300503976399
v 0.4770023395238504 -0.13970588235294112 -0.05714285714285716
v -0.5028252231021549 -0.10218835763829742 -0.07724960964464683
v -0.5127233903985622 -0.07352941176470584 -0.08404307229218097
v -0.505785638261388 -0.07352941176470584 -0.05714285714285716
v -0.49951139411724044 -0.09894656841392453 -0.05714285714285716
v 0.4952118084762316 -0.11849484209166587 -0.08869003207066091
v 0.5117091788500607 -0.07352941176470584 -0.07736730271470979
v 0.5057856382613879 -0.07352941176470584 -0.05714285714285716
v 0.47848787371811674 -0.13485521305069126 -0.05714285714285716
v -0.5203248559753806 -0.05313109312169589 -0.08926022723776132
v -0.5304411367751712 -0.007352941176470562 -0.0962033889046984
v -0.5206440943876102 -0.007352941176470562 -0.05714285714285716
v -0.5139531960353101 -0.04689794752814865 -0.05714285714285716
v 0.5186441840587783 -0.02939539539006967 -0.07260756311493782
v 0.5236572201455456 -0.007352941176470562 -0.06916693896842982
v 0.5206440943876102 -0.007352941176470562 -0.05714285714285716
v 0.5130891552229716 -0.03482966272944579 -0.05714285714285716
v -0.5316514091484016 0.0019650537103231853 -0.09703404168259874
v -0.5363812928505084 0.05882352941176472 -0.10028032832286456
v -0.5256967621268481 0.05882352941176472 -0.05714285714285716
v -0.5225983103608843 0.010821346002459625 -0.05714285714285716
v 0.5266314169199068 0.044594672562313094 -0.06712564242453593
v 0.5278577902067512 0.05882352941176472 -0.06628393901958993
v 0.5256967621268481 0.05882352941176472 -0.05714285714285716
v 0.5239540752127984 0.04197553393579396 -0.05714285714285716
v -0.5359292765830383 0.06395665398206607 -0.09997009355543944
v -0.5319841632661404 0.125 -0.09726242261433872
v -0.5218638049376232 0.125 -0.05714285714285716
v -0.524504728741972 0.07513284208745706 -0.05714285714285716
v 0.5255855623952315 0.1097480245938007 -0.06784344941196843
v 0.5246773999462765 0.125 -0.06846675345302136
v 0.5218638049376232 0.125 -0.05714285714285716
v 0.5231779936509218 0.10739279430045436 -0.05714285714285716
v -0.528205501578417 0.13768899142264834 -0.09466899331934836
v -0.5161424112898646 0.19117647058823528 -0.08638966737596304
v -0.5084671357252386 0.19117647058823528 -0.05714285714285716
v -0.5157355864521315 0.14988782143749282 -0.05714285714285716
v 0.5185969174131692 0.16908777726480112 -0.0726400038872348
v 0.513868123917896 0.19117647058823528 -0.07588554227995327
v 0.5084671357252386 0.19117647058823528 -0.05714285714285716
v 0.515271576728242 0.16583472659476373 -0.05714285714285716
v -0.49124254872166057 0.24002487241423218 -0.06930001014747522
v -0.4841946943767486 0.25735294117647056 -0.06446281819025301
v -0.4822375770772148 0.25735294117647056 -0.05714285714285716
v -0.48584567089960357 0.2453044268053749 -0.05714285714285716
v 0.5070195969983675 0.2239386083168174 -0.08058592876820117
v 0.49396182116853077 0.25735294117647056 -0.08954794261414502
v 0.4822375770772148 0.25735294117647056 -0.05714285714285716
v 0.5015932413107094 0.21863021688323886 -0.05714285714285716
v -0.47352941176470575 0.28744938200554676 -0.08245614786277516
v -0.47352941176470575 0.2720219369942158 -0.05714285714285716
v -0.45662829749339234 0.32352941176470584 -0.0919715954845955
v -0.44554388038362613 0.32352941176470584 -0.05714285714285716
v 0.45912019828218475 0.30943344205354395 -0.06703241049576761
v 0.47352941176470575 0.2720219369942158 -0.05714285714285716
v 0.47352941176470575 0.28744938200554676 -0.08245614786277516
v 0.4507437837114657 0.32352941176470584 -0.07278144037194438
v 0.4455438803836262 0.32352941176470584 -0.05714285714285716
v 0.45740061205220295 0.30775123813290955 -0.05714285714285716
v 0.49003765002060895 0.27350230468768016 -0.09224124020324664
v 0.480244853686282 0.26392239523018646 -0.05714285714285716
v -0.40588235294117647 0.3766774638685941 -0.06628343011124035
v -0.40588235294117647 0.37289458436461553 -0.05714285714285716
v -0.40588235294117647 0.3897058823529411 -0.09623754331682975
v -0.3910602788527531 0.3897058823529411 -0.05714285714285716
v 0.3995822928450703 0.3835427800850111 -0.061466811432420776
v 0.4058823529411766 0.3728945843646155 -0.05714285714285716
v 0.4058823529411766 0.37667746386859396 -0.06628343011124041
v 0.4058823529411766 0.3897058823529411 -0.09623754331683013
v 0.3940841889281398 0.3897058823529411 -0.06524035480397866
v 0.3910602788527531 0.3897058823529411 -0.05714285714285716
v 0.3988248150540623 0.38280176920250325 -0.05714285714285716
v 0.43782513483573604 0.3547777853572098 -0.08164796646367188
v 0.4085554372406223 0.3897058823529411 -0.10173679617957303
v 0.43238120901531873 0.3494522057502798 -0.05714285714285716
v -0.40588235294117647 0.3924099909715622 -0.10167426030249133
v -0.3975024304344713 0.3979036326312397 -0.0978199910745906
v -0.3382352941176471 0.4379299146851502 -0.05714285714285716
v -0.3382352941176471 0.4413949936311766 -0.06730700446828558
v -0.33537973622082806 0.4558823529411764 -0.10161155808945035
v -0.31318572638285574 0.4558823529411764 -0.05714285714285716
v 0.3299197162294082 0.44774754848529064 -0.06285013265000242
v 0.33823529411764697 0.4379299146851503 -0.05714285714285716
v 0.33823529411764697 0.4413949936311767 -0.06730700446828555
v 0.31968684945694215 0.4558823529411764 -0.06987331139756454
v 0.3131857263828557 0.4558823529411764 -0.05714285714285716
v 0.3288647147945922 0.44671548186427495 -0.05714285714285716
v 0.4058823529411766 0.39240999097156204 -0.10167426030249144
v 0.37328193564063644 0.42399064036456113 -0.0795176777124825
v 0.36849552020549436 0.41930827743887866 -0.05714285714285716
v 0.4078185056103681 0.3915999447467154 -0.10224257844754256
v -0.2705882352941176 0.484448490501818 -0.05714285714285716
v -0.2705882352941176 0.49173443369223524 -0.07841806398100319
v -0.21343105315818572 0.5117969876393708 -0.06434243089428275
v -0.2029411764705883 0.5152773939738657 -0.05714285714285716
v -0.2029411764705883 0.5163796073593924 -0.06112732309071198
v -0.2029411764705883 0.5220588235294117 -0.07993972744573667
v -0.21797239084237585 0.5073543746874456 -0.05714285714285716
v -0.18124942045027967 0.5220588235294117 -0.05714285714285716
v 0.19872805057561105 0.5179372873278034 -0.06003447460493788
v 0.2029411764705884 0.5152773939738657 -0.05714285714285716
v 0.2029411764705884 0.5163796073593924 -0.061127323090712
v 0.2029411764705884 0.5220588235294117 -0.07993972744573681
v 0.18989069248696394 0.5220588235294117 -0.06609986633658699
v 0.18124942045027964 0.5220588235294117 -0.05714285714285716
v 0.1981208401287842 0.5173432771080815 -0.05714285714285716
v 0.2501595016760265 0.5020741928160617 -0.07116382027825512
v 0.2705882352941176 0.484448490501818 -0.05714285714285716
v 0.2705882352941176 0.49173443369223524 -0.07841806398100319
v 0.2153628562730437 0.5220588235294117 -0.09504598994924657
v 0.24726508362173455 0.49924269689338474 -0.05714285714285716
v 0.29826180509866673 0.4829543234021484 -0.08457807786706414
v 0.29141259388982416 0.4762540080891502 -0.05714285714285716
v -0.2029411764705883 0.5295897307679827 -0.09828783968341534
v -0.19356470827174727 0.5312314554630605 -0.09713602648464645
v -0.1352941176470588 0.5384358634224887 -0.05714285714285716
v -0.1352941176470588 0.5481136290505207 -0.08529170787249178
v -0.10522343669020918 0.5514757940306776 -0.08293285561657221
v -0.0676470588235294 0.5515200076278872 -0.05714285714285716
v -0.0676470588235294 0.5580458828278729 -0.07832336474615896
v -0.11578562736628545 0.5411432161953856 -0.05714285714285716
v -0.02937953343249612 0.5594944461945529 -0.07730707108255173
v 0 0.5556093354046656 -0.05714285714285716
v 0 0.5612309424292564 -0.07608876737502963
v -0.03604396482790958 0.5529748937425181 -0.05714285714285716
v 0.038583374465590445 0.5598034289848806 -0.07709029268044883
v 0.0676470588235294 0.5515200076278872 -0.05714285714285716
v 0.0676470588235294 0.5580458828278729 -0.07832336474615896
v 0.03279744720642555 0.5541432827530889 -0.05714285714285716
v 0.10090881228139169 0.554597495390364 -0.08074270958326847
v 0.1352941176470588 0.5384358634224887 -0.05714285714285716
v 0.1352941176470588 0.5481136290505207 -0.08529170787249178
v 0.09432455787768891 0.5481563769519591 -0.05714285714285716
v 0.2029411764705884 0.5295897307679827 -0.09828783968341538
v 0.1583849490572733 0.5446476803437519 -0.08772337347311374
v 0.14935688500680502 0.5358158785552504 -0.05714285714285716
v 0.20951923291319624 0.5284938787450063 -0.0990566755471543
v -0.14717059914385533 -0.4160300618223137 -0.018865535437242315
v -0.1352941176470588 -0.4197347382310408 -0.010714285714285676
v -0.1352941176470588 -0.4177623752561396 -0.020080904544783618
v -0.16497038558484753 -0.40441176470588236 -0.03108215905046987
v -0.17860350592507224 -0.40441176470588236 -0.010714285714285676
v -0.1485734664211319 -0.4174024319848669 -0.010714285714285676
v -0.09068151711788278 -0.4269454739068802 -0.026523649947366744
v -0.0676470588235294 -0.4327172373948945 -0.010714285714285676
v -0.0676470588235294 -0.42916380156340767 -0.02808000046194631
v -0.09342256511339778 -0.42962693390249274 -0.010714285714285676
v -0.02795296880409611 -0.4317570602751068 -0.029899397843805086
v 0 -0.43675551341173124 -0.010714285714285676
v 0 -0.43274124581014156 -0.030589889917591383
v -0.03168120782795835 -0.43540425062453725 -0.010714285714285676
v 0.041371172183830594 -0.4301164364186312 -0.028748356979420596
v 0.0676470588235294 -0.4327172373948945 -0.010714285714285676
v 0.0676470588235294 -0.42916380156340767 -0.02808000046194631
v 0.03735016082785793 -0.4340500344842566 -0.010714285714285676
v 0.11998622932072944 -0.4193868728512045 -0.021220631428940297
v 0.1352941176470588 -0.4197347382310408 -0.010714285714285676
v 0.1352941176470588 -0.4177623752561396 -0.020080904544783618
v 0.11717466458947244 -0.42213731661004295 -0.010714285714285676
v 0.15944491729320298 -0.40441176470588236 -0.040567308317397986
v 0.1786035059250722 -0.40441176470588236 -0.010714285714285676
v -0.2899622072909805 -0.35718809281023034 -0.02401132860654251
v -0.2705882352941176 -0.36716404713623235 -0.010714285714285676
v -0.2705882352941176 -0.3630822299073816 -0.028146580347718483
v -0.3056603763907636 -0.3382352941176471 -0.0347855378334123
v -0.31440132488538053 -0.3382352941176471 -0.010714285714285676
v -0.2919461985676205 -0.359128953841726 -0.010714285714285676
v -0.24332320392402954 -0.37773945140905707 -0.038429900829846375
v -0.2029411764705883 -0.39709128354365303 -0.010714285714285676
v -0.2029411764705883 -0.38980675636971496 -0.04689616875462541
v -0.2473687443645776 -0.38169704531828885 -0.010714285714285676
v -0.19205787290784737 -0.3937650546988532 -0.04967326059824305
v -0.19768726091791944 -0.3992720647087063 -0.010714285714285676
v 0.2029411764705884 -0.397091283543653 -0.010714285714285676
v 0.2029411764705884 -0.38980675636971496 -0.0468961687546254
v 0.23074169062564304 -0.37721560955419836 -0.03806238003643758
v 0.2705882352941176 -0.36716404713623235 -0.010714285714285676
v 0.2705882352941176 -0.3630822299073816 -0.028146580347718483
v 0.2188077983055231 -0.3888900694325766 -0.010714285714285676
v 0.3073766961289498 -0.3382352941176471 -0.03189363402329835
v 0.3144013248853805 -0.3382352941176471 -0.010714285714285676
v -0.3672205047400014 -0.3004139208773671 -0.030607861948882934
v -0.3382352941176471 -0.3218068134301433 -0.010714285714285676
v -0.3382352941176471 -0.314375665944318 -0.040403244995854806
v -0.38506983733292466 -0.2720588235294118 -0.0428584908402992
v -0.39397134103192794 -0.2720588235294118 -0.010714285714285676
v -0.36990904052188867 -0.30304401022921335 -0.010714285714285676
v -0.3246337801334195 -0.32492946522003313 -0.047807656551197855
v -0.32954503543631963 -0.329733954103305 -0.010714285714285676
v 0.33823529411764697 -0.32180681343014333 -0.010714285714285676
v 0.33823529411764697 -0.31437566594431804 -0.04040324499585486
v 0.39172241985611733 -0.2720588235294118 -0.020432749104962948
v 0.393971341031928 -0.2720588235294118 -0.010714285714285676
v -0.43242310126732375 -0.231846128477625 -0.028930140931920985
v -0.40588235294117647 -0.2591439057232445 -0.010714285714285676
v -0.40588235294117647 -0.2498761101246126 -0.041579747103299605
v -0.44346615911367615 -0.20588235294117652 -0.03650938249727466
v -0.44980285535050646 -0.20588235294117652 -0.010714285714285676
v -0.4349342622986529 -0.2343026990517513 -0.010714285714285676
v -0.3953003387245785 -0.26170685310013114 -0.049880046143266604
v -0.4003437161868621 -0.26664059192193035 -0.010714285714285676
v 0.4058823529411766 -0.2498761101246125 -0.04157974710329954
v 0.4058823529411766 -0.25914390572324447 -0.010714285714285676
v 0.44577146399305523 -0.20588235294117652 -0.02976554800476641
v 0.44980285535050646 -0.20588235294117652 -0.010714285714285676
v -0.4838108917964752 -0.1497638519492373 -0.017770829462798225
v -0.47352941176470575 -0.16454804371076842 -0.010714285714285676
v -0.47352941176470575 -0.15881155896767718 -0.024118585815417953
v -0.48649474007619603 -0.13970588235294112 -0.019612849555401685
v -0.4885807837139765 -0.13970588235294112 -0.010714285714285676
v -0.48505791264430054 -0.1509837636481969 -0.010714285714285676
v -0.4554526738322267 -0.18819858757244695 -0.04473615191590721
v -0.4601615004860825 -0.1928050484294798 -0.010714285714285676
v 0.47352941176470575 -0.15881155896767718 -0.024118585815417953
v 0.47352941176470575 -0.16454804371076842 -0.010714285714285676
v 0.47767695438715846 -0.13970588235294112 -0.05429625180260236
v 0.4885807837139765 -0.13970588235294112 -0.010714285714285676
v -0.5033232617467877 -0.10267556935587288 -0.031162859770310837
v -0.5097184872001201 -0.07352941176470584 -0.03555212941374711
v -0.5150781518245884 -0.07352941176470584 -0.010714285714285676
v -0.5064850878230649 -0.10576866008266583 -0.010714285714285676
v 0.48020353552114964 -0.13317684824337644 -0.05256216971995621
v 0.511261470819931 -0.07352941176470584 -0.031246009157749072
v 0.5150781518245884 -0.07352941176470584 -0.010714285714285676
v 0.4954560785063197 -0.11825588227962314 -0.010714285714285676
v -0.5161344467364096 -0.049031779735746045 -0.03995562959238058
v -0.5225364464262845 -0.007352941176470562 -0.044349548634189065
v -0.5293311994497303 -0.007352941176470562 -0.010714285714285676
v -0.5210101312178617 -0.0538014710762969 -0.010714285714285676
v 0.5219786298635001 -0.02613343753762446 -0.0238904434787778
v 0.5279423774271083 -0.007352941176470562 -0.019797312386984553
v 0.5293311994497303 -0.007352941176470562 -0.010714285714285676
v 0.5250136804451375 -0.02316436631645742 -0.010714285714285676
v -0.524137833244627 0.009315291007493984 -0.045448637102678845
v -0.5270534255111147 0.05882352941176472 -0.04744971129800108
v -0.53436646697634 0.05882352941176472 -0.010714285714285676
v -0.5304762956071942 0.0031146213049825563 -0.010714285714285676
v 0.5326152887879184 0.05044846025928091 -0.01659012788158385
v 0.5336130274821473 0.05882352941176472 -0.015905344492066438
v 0.53436646697634 0.05882352941176472 -0.010714285714285676
v 0.5335821651402763 0.05139431756050063 -0.010714285714285676
v -0.5261942611925433 0.07348003860320249 -0.04686003640854684
v -0.5237293695171535 0.125 -0.045168293985375585
v -0.530907455702048 0.125 -0.010714285714285676
v -0.5338916353776463 0.06594999863951476 -0.010714285714285676
v 0.5305348387455161 0.11458970797994877 -0.01801801440136925
v 0.529632927066925 0.125 -0.01863702831742091
v 0.530907455702048 0.125 -0.010714285714285676
v 0.5315457646070249 0.1155786571922943 -0.010714285714285676
v -0.5193126233419237 0.14638854621921776 -0.04213692471604087
v -0.512368591886893 0.19117647058823528 -0.037370990083861425
v -0.5184588390914671 0.19117647058823528 -0.010714285714285676
v -0.5278245339041064 0.13806167719099557 -0.010714285714285676
v 0.5210658840340294 0.17150307069825144 -0.024516893256147365
v 0.5148225239903027 0.19117647058823528 -0.02880193229236974
v 0.5184588390914671 0.19117647058823528 -0.010714285714285676
v 0.5229795079599713 0.17337509410406413 -0.010714285714285676
v -0.49744442310595405 0.233957821386119 -0.027128004678310117
v -0.49154476542271164 0.25735294117647056 -0.023078860740432562
v -0.4946882757640382 0.25735294117647056 -0.010714285714285676
v -0.5036405399147758 0.22789640276879342 -0.010714285714285676
v 0.5053654290958297 0.2223204005860739 -0.035292671334849715
v 0.484103054309141 0.25735294117647056 -0.04988579191826026
v 0.4946882757640382 0.25735294117647056 -0.010714285714285676
v 0.5092992938531671 0.22616874654433874 -0.010714285714285676
v -0.47352941176470575 0.2942735337473626 -0.010714285714285676
v -0.47352941176470575 0.27981061663289053 -0.04138683721946409
v -0.44950470835170975 0.32352941176470584 -0.04065385262648406
v -0.4577057131770862 0.32352941176470584 -0.010714285714285676
v 0.46352447516001716 0.31374197378185825 -0.017581027918124784
v 0.47352941176470575 0.2942735337473626 -0.010714285714285676
v 0.47352941176470575 0.27981061663289053 -0.04138683721946409
v 0.45450736159210603 0.32352941176470584 -0.023769792199206663
v 0.4577057131770862 0.32352941176470584 -0.010714285714285676
v 0.46423854735390147 0.31444052266717987 -0.010714285714285676
v 0.4811332766655174 0.264791504666395 -0.05192405545627522
v 0.48958165071908133 0.27305621841444666 -0.010714285714285676
v -0.40588235294117647 0.38905010227769915 -0.011174372687709419
v -0.40588235294117647 0.3891929163172841 -0.010714285714285676
v -0.39339710107472925 0.3897058823529411 -0.04857378676246944
v -0.4054353323701024 0.3897058823529411 -0.010714285714285676
v 0.4056515615694482 0.389480108184946 -0.010872686003577513
v 0.4058823529411766 0.389192916317284 -0.010714285714285676
v 0.4058823529411766 0.389050102277699 -0.01117437268770951
v 0.4053290653021222 0.3897058823529411 -0.011094026609413034
v 0.40543533237010243 0.3897058823529411 -0.010714285714285676
v 0.4056648452262689 0.3894931030666184 -0.010714285714285676
v 0.4356790695368493 0.35267837365177707 -0.03669231562843572
v 0.43985049966906364 0.35675912052024766 -0.010714285714285676
v -0.3382352941176471 0.4506287488168151 -0.014400147655504271
v -0.3382352941176471 0.451578432304976 -0.010714285714285676
v -0.31848092346676327 0.4558823529411764 -0.0435847331868158
v -0.33233559986208 0.4558823529411764 -0.010714285714285676
v 0.33580612920955544 0.4535059959658695 -0.012381507592199428
v 0.33823529411764697 0.451578432304976 -0.010714285714285676
v 0.33823529411764697 0.4506287488168151 -0.014400147655504264
v 0.33012529686852926 0.4558823529411764 -0.01628046395048139
v 0.3323355998620799 0.4558823529411764 -0.010714285714285676
v 0.33596675998424075 0.45366313476719206 -0.010714285714285676
v 0.3723152572713849 0.4230449767424673 -0.033752571872745114
v 0.37593179514422986 0.4265828942267721 -0.010714285714285676
v -0.2705882352941176 0.49721732217863474 -0.010714285714285676
v -0.2705882352941176 0.49152230341154873 -0.032138320463643524
v -0.2029411764705883 0.5220588235294117 -0.029263908086343205
v -0.2114753711359634 0.5220588235294117 -0.016571605655428236
v -0.2152236490791015 0.5220588235294117 -0.010714285714285676
v -0.18867430796359838 0.5220588235294117 -0.04735100018619638
v 0.2029411764705884 0.5220588235294117 -0.029263908086343115
v 0.2533325505536689 0.5051782623702771 -0.02255747306720239
v 0.2705882352941176 0.49721732217863474 -0.010714285714285676
v 0.2705882352941176 0.49152230341154873 -0.032138320463643524
v 0.21522364907910155 0.5220588235294117 -0.010714285714285676
v 0.2550292039644358 0.5068380320112447 -0.010714285714285676
v 0.2941626847035742 0.4789443143199927 -0.04096287788978285
v 0.29985609378747347 0.4845139536411985 -0.010714285714285676
v -0.2029411764705883 0.5280423765796659 -0.010714285714285676
v -0.1352941176470588 0.5508333016557965 -0.010714285714285676
v -0.1352941176470588 0.5421390214434739 -0.04305484527299125
v -0.1948001209829133 0.5300228995499633 -0.010714285714285676
v -0.11007960323250081 0.5467251963262619 -0.03983724321236858
v -0.0676470588235294 0.5629396600137516 -0.010714285714285676
v -0.0676470588235294 0.5578315253368282 -0.03204518381130454
v -0.1006544672651217 0.5559454380334806 -0.010714285714285676
v -0.028746446735534892 0.5601137701372324 -0.030443989840227358
v 0 0.566784843860655 -0.010714285714285676
v 0 0.5626561377765946 -0.028660296988484296
v -0.023663118807633436 0.5650865909362665 -0.010714285714285676
v 0.03922331987595953 0.5604294625385026 -0.030222504060288626
v 0.0676470588235294 0.5629396600137516 -0.010714285714285676
v 0.0676470588235294 0.5578315253368282 -0.03204518381130454
v 0.043598264762301 0.5647092999273149 -0.010714285714285676
v 0.09897416347003632 0.5527049041618641 -0.03564195612770797
v 0.1352941176470588 0.5508333016557965 -0.010714285714285676
v 0.1352941176470588 0.5421390214434739 -0.04305484527299125
v 0.10433075032022027 0.5579450434718267 -0.010714285714285676
v 0.2029411764705884 0.5280423765796659 -0.010714285714285676
v 0.15155779299712485 0.5379689407196937 -0.04598052095538947
v 0.15954967343932214 0.5457870846305388 -0.010714285714285676
v 0.20783427763076434 0.526845552925236 -0.010714285714285676
v -0.1352941176470588 -0.40441176470588236 -0.00047546341290722986
v -0.0676470588235294 -0.40441176470588236 0.009035080847437899
v -0.11730216526104689 -0.40441176470588236 0.001634228190399498
v 0 -0.40441176470588236 0.012186957371601664
v -0.0370481768915096 -0.40441176470588236 0.010286810270112984
v 0.0676470588235294 -0.40441176470588236 0.009035080847437899
v 0.031519008246340824 -0.40441176470588236 0.010918325535532077
v 0.1352941176470588 -0.40441176470588236 -0.00047546341290722986
v 0.0924253497399016 -0.40441176470588236 0.0062919325854604545
v 0.14746250105721614 -0.40441176470588236 -0.0023626933737739934
v -0.2705882352941176 -0.3382352941176471 0.007281714918407241
v -0.2029411764705883 -0.3382352941176471 0.02970878481190055
v -0.2210664945500357 -0.3382352941176471 0.023274238212553137
v -0.18269987199432816 -0.38461048858780184 0.0031780381653835014
v -0.1352941176470588 -0.35619056515108194 0.0357142857142857
v -0.18009320744975446 -0.3382352941176471 0.0357142857142857
v -0.1504473303098826 -0.3530590891138877 0.0357142857142857
v -0.0676470588235294 -0.37070481703351416 0.0357142857142857
v -0.09668616748490437 -0.3666431178081226 0.0357142857142857
v 0 -0.3752159872392049 0.0357142857142857
v -0.03596615988609491 -0.3734195809627399 0.0357142857142857
v 0.0676470588235294 -0.37070481703351416 0.0357142857142857
v 0.032604630605340724 -0.37251593041804903 0.0357142857142857
v 0.1352941176470588 -0.35619056515108194 0.0357142857142857
v 0.1134512683015313 -0.35960329891218484 0.0357142857142857
v 0.1757716540289013 -0.3648141747671235 0.017066880560208605
v 0.2029411764705884 -0.3382352941176471 0.029708784811900507
v 0.19675896308095692 -0.3382352941176471 0.03147121379158833
v 0.18009320744975443 -0.3382352941176471 0.0357142857142857
v 0.2705882352941176 -0.3382352941176471 0.007281714918407241
v 0.24415637506919013 -0.3382352941176471 0.017573164255562174
v 0.28925090336042775 -0.3382352941176471 0.0020945641076228518
v -0.3382352941176471 -0.2720588235294118 0.017533122110963632
v -0.31026626420675607 -0.3108742865961233 0.008481849721450021
v -0.2705882352941176 -0.2937754710187716 0.0357142857142857
v -0.29908465625588043 -0.2720588235294118 0.0357142857142857
v -0.28595874071895044 -0.28709518753196567 0.0357142857142857
v -0.2029411764705883 -0.33016256375047154 0.0357142857142857
v -0.2452273233345991 -0.31342570633116157 0.0357142857142857
v -0.19770484460663257 -0.3331127955550817 0.0357142857142857
v 0.2029411764705884 -0.3301625637504715 0.0357142857142857
v 0.2705882352941176 -0.2937754710187716 0.0357142857142857
v 0.22470307587804444 -0.3169464794799183 0.0357142857142857
v 0.3034224175653744 -0.30611489841750456 0.011820976030893673
v 0.33823529411764697 -0.2720588235294118 0.01753312211096369
v 0.32313822493457783 -0.2720588235294118 0.0253526326414339
v 0.29908465625588043 -0.2720588235294118 0.0357142857142857
v 0.36512537213886076 -0.2720588235294118 0.007741326840646691
v -0.40588235294117647 -0.20588235294117652 0.014504474696630361
v -0.38846989478292104 -0.2550248970702489 0.0012365007856349614
v -0.3382352941176471 -0.23825880395594895 0.0357142857142857
v -0.368952635055272 -0.20588235294117652 0.0357142857142857
v -0.35779544734889845 -0.22501728545000937 0.0357142857142857
v -0.3229344763599359 -0.25709063224469436 0.0357142857142857
v 0.33823529411764697 -0.23825880395594903 0.0357142857142857
v 0.3770856510965321 -0.23405303952832865 0.01595008972774406
v 0.4058823529411766 -0.20588235294117652 0.01450447469663032
v 0.38990166179196084 -0.20588235294117652 0.02474617160255694
v 0.3689526350552719 -0.20588235294117652 0.0357142857142857
v 0.42913796994483544 -0.20588235294117652 0.005246867570834278
v -0.47352941176470575 -0.13970588235294112 -0.001734645062489281
v -0.42370494200757625 -0.15714102383094095 0.023482011851943006
v -0.40588235294117647 -0.1520700303176271 0.0357142857142857
v -0.4143308610206324 -0.13970588235294112 0.0357142857142857
v -0.4121009676606443 -0.14578930979589882 0.0357142857142857
v -0.3872650620047754 -0.18766978572078413 0.0357142857142857
v 0.4058823529411766 -0.15207003031762695 0.0357142857142857
v 0.4346191203437577 -0.17777029787343396 0.00900877514276541
v 0.47352941176470575 -0.13970588235294112 -0.001734645062489281
v 0.4477097505288837 -0.13970588235294112 0.01799333809591089
v 0.4143308610206324 -0.13970588235294112 0.0357142857142857
v 0.48194203962526805 -0.13970588235294112 -0.004940401375204098
v -0.47352941176470575 -0.12050315628091304 0.002758103053708617
v -0.47352941176470575 -0.07352941176470584 0.016016396774988544
v -0.44542312787036964 -0.07352941176470584 0.0357142857142857
v -0.43646637421177836 -0.10344856300768603 0.0357142857142857
v 0.47352941176470575 -0.12050315628091304 0.002758103053708617
v 0.45554697141236045 -0.09112092950069586 0.023372300255067313
v 0.47352941176470575 -0.07352941176470584 0.016016396774988544
v 0.45996932825027526 -0.07352941176470584 0.026407520320841135
v 0.44542312787036964 -0.07352941176470584 0.0357142857142857
v 0.41912049896529696 -0.12675552211195373 0.0357142857142857
v 0.4829646008065712 -0.1304758061163336 -0.004238581433999138
v 0.4971940844318025 -0.07352941176470584 0.005527616954746545
v -0.47352941176470575 -0.024450629155043126 0.023718764942017342
v -0.47352941176470575 -0.007352941176470562 0.026862707028666805
v -0.46173480799962774 -0.007352941176470562 0.0357142857142857
v -0.45264220892916257 -0.05309627855602227 0.0357142857142857
v 0.4663612543903189 -0.014365269042718627 0.030794525528759283
v 0.47352941176470575 -0.024450629155043126 0.023718764942017342
v 0.47352941176470575 -0.007352941176470562 0.026862707028666805
v 0.4674687117728586 -0.007352941176470562 0.03155461273851481
v 0.46173480799962774 -0.007352941176470562 0.0357142857142857
v 0.45651482656621617 -0.023997644088036528 0.0357142857142857
v 0.49886131812544987 -0.04874819902049966 0.0066718984649827735
v 0.505296171207254 -0.007352941176470562 0.0110883659528049
v -0.47352941176470575 0.05094575496047457 0.03018733919449166
v -0.47352941176470575 0.05882352941176472 0.030754223283592404
v -0.46707600078327693 0.05882352941176472 0.0357142857142857
v -0.46302447672100017 0.0029236257141110125 0.0357142857142857
v 0.4699146212616486 0.05528732131094795 0.03323332701498251
v 0.47352941176470575 0.05094575496047457 0.03018733919449166
v 0.47352941176470575 0.05882352941176472 0.030754223283592404
v 0.4701339182483304 0.05882352941176472 0.033383838300872784
v 0.46707600078327693 0.05882352941176472 0.0357142857142857
v 0.4662201048233678 0.05167312044741233 0.0357142857142857
v 0.5059724197669644 0.024384784043130256 0.011552499281053289
v 0.5080344859072784 0.05882352941176472 0.012967768277976889
v -0.47352941176470575 0.11406637550613846 0.02804339360906856
v -0.47352941176470575 0.125 0.02754939777340258
v -0.4624969131977396 0.125 0.0357142857142857
v -0.46640213373226846 0.06579586661740992 0.0357142857142857
v 0.47352941176470575 0.11406637550613846 0.02804339360906856
v 0.46808964964064825 0.11967849357429158 0.03198078438069345
v 0.47352941176470575 0.125 0.02754939777340258
v 0.4678912007873169 0.125 0.031844581906823134
v 0.4624969131977396 0.125 0.0357142857142857
v 0.46347869035936196 0.1151677725382506 0.0357142857142857
v 0.5072917242867876 0.09185187861814909 0.012457984681304605
v 0.5060200115888377 0.125 0.011585163233332786
v -0.47352941176470575 0.1702940736247149 0.021063461177974592
v -0.47352941176470575 0.19117647058823528 0.01770865395797738
v -0.4470417621219274 0.19117647058823528 0.0357142857142857
v -0.45800472212232907 0.14018719638928157 0.0357142857142857
v 0.47352941176470575 0.1702940736247149 0.021063461177974592
v 0.4624219274426308 0.18031045331664014 0.02809082597770627
v 0.47352941176470575 0.19117647058823528 0.01770865395797738
v 0.4609294794442813 0.19117647058823528 0.027066506078217957
v 0.4470417621219274 0.19117647058823528 0.0357142857142857
v 0.4534863302351746 0.1715691082223895 0.0357142857142857
v 0.504194351591573 0.15499831070019623 0.010332148142042457
v 0.4989883431011791 0.19117647058823528 0.006759080202983311
v -0.47352941176470575 0.22247901025099004 0.011247178620535904
v -0.47352941176470575 0.25735294117647056 0.001677611356635177
v -0.4174909274465436 0.25735294117647056 0.0357142857142857
v -0.42394616579252437 0.23968181990884757 0.0357142857142857
v 0.47352941176470575 0.22247901025099004 0.011247178620535904
v 0.4541139679943451 0.2383595722706829 0.022388779275621988
v 0.47352941176470575 0.25735294117647056 0.001677611356635177
v 0.4494731258214483 0.25735294117647056 0.019203604989254927
v 0.4174909274465436 0.25735294117647056 0.0357142857142857
v 0.43761524078697317 0.2222195130460799 0.0357142857142857
v 0.49694462724471977 0.21408265964477075 0.005356405655537608
v 0.48548710475077433 0.25735294117647056 -0.00250729767105228
v -0.47352941176470575 0.27079827224072894 -0.0012812121739647266
v -0.4474980744772743 0.28281837982721875 0.007151942672429704
v -0.40588235294117647 0.27472348600547764 0.0357142857142857
v -0.40588235294117647 0.30744081317103367 0.02442672924062999
v -0.40588235294117647 0.32352941176470584 0.018015807052726797
v -0.3732643917488929 0.32352941176470584 0.0357142857142857
v 0.3957738554554989 0.3136406642243691 0.028776466011382756
v 0.4058823529411766 0.2747234860054774 0.0357142857142857
v 0.4058823529411766 0.3074408131710336 0.02442672924062996
v 0.4058823529411766 0.32352941176470584 0.018015807052726752
v 0.3921645847280437 0.32352941176470584 0.02629929572949577
v 0.3732643917488929 0.32352941176470584 0.0357142857142857
v 0.38912936784208935 0.30714062199385966 0.0357142857142857
v 0.47352941176470575 0.27079827224072894 -0.0012812121739647266
v 0.4437165040318517 0.29436461072169634 0.01525263164919017
v 0.432820057990749 0.32352941176470584 0.0077740149563836625
v 0.4144531150640677 0.26573738238364664 0.0357142857142857
v 0.4844271066972962 0.26801372969748294 -0.0032348118630357173
v -0.40588235294117647 0.35145850686575125 0.008880412753431866
v -0.3609292546596167 0.3675052687792752 0.020138617143555002
v -0.3382352941176471 0.3610636364616887 0.0357142857142857
v -0.3382352941176471 0.3782906714466694 0.0277055186975046
v -0.3382352941176471 0.3897058823529411 0.021756042077634603
v -0.3060593750029286 0.3897058823529411 0.0357142857142857
v 0.3302617378312426 0.38190566424667594 0.030241751741318698
v 0.33823529411764697 0.36106363646168876 0.0357142857142857
v 0.33823529411764697 0.37829067144666945 0.027705518697504622
v 0.33823529411764697 0.3897058823529411 0.021756042077634638
v 0.3262909020215146 0.3897058823529411 0.027516426542716604
v 0.30605937500292857 0.3897058823529411 0.0357142857142857
v 0.32540679865368016 0.3771562672251475 0.0357142857142857
v 0.4058823529411766 0.3514585068657512 0.008880412753431835
v 0.3814474523381996 0.3658021752413333 0.018943748343919566
v 0.3694650878922491 0.3897058823529411 0.010719827404307623
v 0.36027005097249437 0.34508515216618696 0.0357142857142857
v 0.4292898359916118 0.3464280364879577 0.005351098615360879
v -0.3382352941176471 0.4194067186473251 0.010123443876377335
v -0.29795399942944023 0.42911149672183907 0.016932192938179217
v -0.2705882352941176 0.41689915907015723 0.0357142857142857
v -0.2705882352941176 0.4391325571875446 0.02396284170935676
v -0.2705882352941176 0.4558823529411764 0.013302835812433758
v -0.20491759058171582 0.4539489043542038 0.034357802737393826
v -0.2029411764705883 0.45314329491188265 0.0357142857142857
v -0.2029411764705883 0.4545270961071546 0.034763454729146576
v -0.2029411764705883 0.4558823529411764 0.03387754737397065
v -0.20811819070552307 0.4558823529411764 0.03216111755925283
v -0.21058091747544525 0.448408693262512 0.0357142857142857
v -0.19536078008353291 0.4558823529411764 0.0357142857142857
v 0.20181846536142206 0.45478404859525284 0.03494372933190757
v 0.2029411764705884 0.45314329491188265 0.0357142857142857
v 0.2029411764705884 0.4545270961071546 0.03476345472914656
v 0.2029411764705884 0.4558823529411764 0.03387754737397062
v 0.20100547491273354 0.4558823529411764 0.03438574520408097
v 0.19536078008353294 0.4558823529411764 0.0357142857142857
v 0.2011711035324179 0.4541507598494879 0.0357142857142857
v 0.25769744010931195 0.44327179243430126 0.026866876596763782
v 0.2705882352941176 0.41689915907015723 0.0357142857142857
v 0.2705882352941176 0.4391325571875446 0.02396284170935676
v 0.2705882352941176 0.4558823529411764 0.013302835812433758
v 0.24915440691150892 0.4558823529411764 0.02100349045789897
v 0.24845857798533869 0.43423377513911005 0.0357142857142857
v 0.33823529411764697 0.4194067186473251 0.010123443876377345
v 0.31253725617825384 0.43074296800046574 0.018076812470168072
v 0.2957652304931123 0.4558823529411764 0.006565577450241767
v 0.2894237237835191 0.40813190370126873 0.0357142857142857
v 0.3642968553762572 0.4152008879320163 0.007172686453890853
v -0.2705882352941176 0.47807607980784544 0.00485655123026622
v -0.2029411764705883 0.4928755960735155 0.015239703911895067
v -0.2444412221901267 0.4814609527168197 0.007231335080689443
v -0.2029411764705883 0.5220588235294117 -0.007116437143879509
v -0.16010156509963402 0.49779066841276204 0.01868805625149341
v -0.1352941176470588 0.4797365914713739 0.0357142857142857
v -0.1352941176470588 0.5026787641811405 0.022117482171530367
v -0.1352941176470588 0.5220588235294117 0.007464624904592907
v -0.19599484179289733 0.5220588235294117 -0.005946770298851829
v -0.08340469503762375 0.5066437446243194 0.024899262101506656
v -0.0676470588235294 0.49392457987523114 0.0357142857142857
v -0.0676470588235294 0.5085254609860167 0.02621945040606253
v -0.0676470588235294 0.5220588235294117 0.015969553546129056
v -0.10367598344994224 0.5220588235294117 0.010986359184977527
v -0.10589495858192216 0.4846423998527231 0.0357142857142857
v -0.012338845777643978 0.5099882135295426 0.02724569901596484
v 0 0.4984629756365972 0.0357142857142857
v 0 0.5104853848611661 0.027594508108945197
v 0 0.5220588235294117 0.018812363161956492
v -0.026452380530108385 0.5220588235294117 0.017559080443621262
v -0.026443715801200633 0.4961899711151937 0.0357142857142857
v 0.05436797533098507 0.5090684157649662 0.026600380584309635
v 0.0676470588235294 0.49392457987523114 0.0357142857142857
v 0.0676470588235294 0.5085254609860167 0.02621945040606253
v 0.0676470588235294 0.5220588235294117 0.015969553546129056
v 0.040760294283917566 0.5220588235294117 0.017260947319086294
v 0.04128441360068064 0.49626927928966835 0.0357142857142857
v 0.11773425132640851 0.5048806934331234 0.02366232777371518
v 0.1352941176470588 0.4797365914713739 0.0357142857142857
v 0.1352941176470588 0.5026787641811405 0.022117482171530367
v 0.1352941176470588 0.5220588235294117 0.007464624904592907
v 0.10131742534544114 0.5220588235294117 0.012394878886156833
v 0.10132652246762705 0.48882965433214154 0.0357142857142857
v 0.2029411764705884 0.4928755960735155 0.01523970391189505
v 0.1785417633677696 0.4981898324505673 0.018968104671667898
v 0.2029411764705884 0.5220588235294117 -0.007116437143879519
v 0.15699677315549324 0.5220588235294117 0.004181015116037292
v 0.1550913024344982 0.4752491641462801 0.0357142857142857
v 0.2705882352941176 0.47807607980784544 0.00485655123026622
v 0.23702028866945146 0.4892206148748469 0.012675415515368847
v 0.20720534099541857 0.5220588235294117 -0.007787638633579258
v 0.29107296258869075 0.4759217600771719 0.003345107863666699
v -0.2029411764705883 0.5256441348060632 -0.008198876850349186
v -0.1990410064921296 0.5258742072039908 -0.00803746097751746
v -0.1352941176470588 0.538998557517215 0.0011704165438239343
v -0.0676470588235294 0.5457867836949628 0.005932949830434263
v -0.11727869631137358 0.5396826052708429 0.0016503357614485684
v 0 0.5478867039407602 0.007406227209231831
v -0.04306986787957074 0.546101727713719 0.0061539105547045655
v 0.0676470588235294 0.5457867836949628 0.005932949830434263
v 0.026070456781009686 0.5475625312499647 0.0071787917658482844
v 0.1352941176470588 0.538998557517215 0.0011704165438239343
v 0.09107519053836075 0.544977648033051 0.0053652705247755755
v 0.2029411764705884 0.5256441348060632 -0.008198876850349193
v 0.15177526296334995 0.5381816830779573 0.0005973078102495203
v 0.20637363320089014 0.5254166616351417 -0.008358469138519578
v -0.1352941176470588 -0.3382352941176471 0.07223852361523725
v -0.08342029862986973 -0.3536656374064583 0.0713171242322943
v -0.0676470588235294 -0.352279870036486 0.08214285714285707
v -0.0676470588235294 -0.3567830535977488 0.0691299846187222
v -0.11843059488359989 -0.3382352941176471 0.08214285714285707
v -0.08055269767483908 -0.35086037560262395 0.08214285714285707
v -0.024762014364953885 -0.3624590038224933 0.06514781001659992
v 0 -0.3578379808786511 0.08214285714285707
v 0 -0.3641639803222611 0.06395162015485804
v -0.019308746618693258 -0.3571242853750644 0.08214285714285707
v 0.0471575256545972 -0.35827940265247205 0.06808016512318624
v 0.0676470588235294 -0.352279870036486 0.08214285714285707
v 0.0676470588235294 -0.3567830535977488 0.0691299846187222
v 0.05269003771944797 -0.35286716258903106 0.08214285714285707
v 0.1352941176470588 -0.3382352941176471 0.07223852361523725
v 0.12728777193349608 -0.3382352941176471 0.07664781862516343
v 0.11843059488359989 -0.3382352941176471 0.08214285714285707
v 0.15985157965070812 -0.3382352941176471 0.05256894131306358
v -0.2705882352941176 -0.2720588235294118 0.07415258718320605
v -0.2391837451851201 -0.3075135103153669 0.05726829911207592
v -0.2029411764705883 -0.31120236760587056 0.08214285714285707
v -0.2029411764705883 -0.3271721407683478 0.043476053619667096
v -0.2651177960661236 -0.2720588235294118 0.08214285714285707
v -0.23333510821926445 -0.30179201763137764 0.08214285714285707
v -0.1352941176470588 -0.33480269346651526 0.08214285714285707
v -0.19663012399911062 -0.33206143843902763 0.04004578446023776
v -0.18525521112506904 -0.32093380627963913 0.08214285714285707
v -0.13261087951532294 -0.3356103872496446 0.08214285714285707
v 0.1352941176470588 -0.33480269346651526 0.08214285714285707
v 0.2029411764705884 -0.3112023676058705 0.08214285714285707
v 0.2029411764705884 -0.3271721407683477 0.04347605361966715
v 0.14181783520546692 -0.33185339650616086 0.08214285714285707
v 0.2705882352941176 -0.2720588235294118 0.07415258718320605
v 0.2667052552566286 -0.2720588235294118 0.07947783047116433
v 0.2651177960661236 -0.2720588235294118 0.08214285714285707
v 0.2904060732308884 -0.2720588235294118 0.04931596951560976
v -0.3401235183147907 -0.20772952878620832 0.08084690202618397
v -0.3382352941176471 -0.20833524243474888 0.08214285714285707
v -0.3382352941176471 -0.21007370150096236 0.07920226021678511
v -0.3419870175122872 -0.20588235294117652 0.0795679165521258
v -0.34058474134411987 -0.20588235294117652 0.08214285714285707
v -0.33982968903227473 -0.20744208709679052 0.08214285714285707
v -0.2705882352941176 -0.2684807431882148 0.08214285714285707
v -0.31968685198540553 -0.25391360840004507 0.04844473823361917
v -0.3112505318664 -0.24566068654449624 0.08214285714285707
v -0.2686679122819928 -0.27018024666972457 0.08214285714285707
v 0.2705882352941176 -0.2684807431882148 0.08214285714285707
v 0.33823529411764697 -0.21007370150096272 0.07920226021678486
v 0.33823529411764697 -0.2083352424347491 0.08214285714285707
v 0.3173410940023607 -0.2263223313148261 0.08214285714285707
v 0.3610740647143329 -0.20588235294117652 0.05138934255238373
v 0.3405847413441199 -0.20588235294117652 0.08214285714285707
v -0.40588235294117647 -0.13970588235294112 0.04902557826984187
v -0.3828590927916831 -0.1833595984471069 0.05151596426409323
v -0.39047527811867605 -0.13970588235294112 0.08214285714285707
v -0.37496079875759075 -0.17563300645723393 0.08214285714285707
v 0.3783285867475982 -0.16666065362926782 0.06323173189819617
v 0.4058823529411766 -0.13970588235294112 0.049025578269841705
v 0.39381779062721994 -0.13970588235294112 0.07386252089632164
v 0.3904752781186761 -0.13970588235294112 0.08214285714285707
v 0.34453658319986075 -0.19971804840422824 0.08214285714285707
v 0.4125847892926569 -0.13970588235294112 0.04031440507353153
v -0.40588235294117647 -0.10596128081334943 0.08214285714285707
v -0.423093532502755 -0.09036643524885876 0.0703302152698482
v -0.4307630127505667 -0.07352941176470584 0.06506637944759233
v -0.4230945791728117 -0.07352941176470584 0.08214285714285707
v -0.4199673480196688 -0.08730821129801355 0.08214285714285707
v -0.3965895361838447 -0.1306150833512035 0.08214285714285707
v 0.4058823529411766 -0.10596128081334921 0.08214285714285707
v 0.414331464073317 -0.13144044754976025 0.041513209814295134
v 0.4364677409588815 -0.07352941176470584 0.056706120347555296
v 0.4230945791728117 -0.07352941176470584 0.08214285714285707
v -0.4458077242820752 -0.046410369662132425 0.05474066128466259
v -0.45681181758214157 -0.007352941176470562 0.04718816246691518
v -0.4414650350612111 -0.007352941176470562 0.08214285714285707
v -0.43686123996536996 -0.03765837413492078 0.08214285714285707
v 0.4410691736050116 -0.039107521984867166 0.05986424648045821
v 0.4487044541736969 -0.007352941176470562 0.06510460985213357
v 0.4414650350612111 -0.007352941176470562 0.08214285714285707
v 0.4268207427051153 -0.053046204386939674 0.08214285714285707
v -0.4591645215023005 0.006699668862838898 0.04557341847202344
v -0.46446869073803765 0.05882352941176472 0.041932979338179036
v -0.44690033630169745 0.05882352941176472 0.08214285714285707
v -0.4447573781939417 0.020793613403624782 0.08214285714285707
v 0.4507258765251411 0.03651572319914708 0.06649198357781423
v 0.452771929754686 0.05882352941176472 0.06789626234716026
v 0.4469003363016974 0.05882352941176472 0.08214285714285707
v 0.44366482918897654 0.029608176892029527 0.08214285714285707
v -0.46287220052909567 0.06924906214225288 0.04302870709027897
v -0.4575437221111151 0.125 0.04668583047653272
v -0.4414087749749437 0.125 0.08214285714285707
v -0.44378017964993366 0.0879260390892592 0.08214285714285707
v 0.4506852343635503 0.10265243515104347 0.06646408942343045
v 0.44898628676760327 0.125 0.06529804153925566
v 0.4414087749749437 0.125 0.08214285714285707
v 0.444587709262388 0.0966874649433847 0.08214285714285707
v -0.4443258584992434 0.1535686934118654 0.055757718234991246
v -0.4314936178576979 0.19117647058823528 0.06456493929642464
v -0.4230008612269613 0.19117647058823528 0.08214285714285707
v -0.42689319267062315 0.17062238824421136 0.08214285714285707
v 0.4443796813455515 0.16266042996080166 0.06213636514710208
v 0.43723920489415213 0.19117647058823528 0.05723560335902983
v 0.42300086122696123 0.19117647058823528 0.08214285714285707
v 0.4365984852049713 0.15504839025806016 0.08214285714285707
v -0.40588235294117647 0.23804649800964656 0.06859770177819643
v -0.40588235294117647 0.2234488546736084 0.08214285714285707
v -0.40588235294117647 0.25735294117647056 0.05255486912319181
v -0.3904238166508546 0.25735294117647056 0.08214285714285707
v 0.39811906033898514 0.24975841580476155 0.07681463458048346
v 0.4058823529411766 0.22344885467360806 0.08214285714285707
v 0.4058823529411766 0.2380464980096464 0.06859770177819632
v 0.4058823529411766 0.25735294117647056 0.0525548691231916
v 0.39433494887091725 0.25735294117647056 0.07421746490830022
v 0.3904238166508546 0.25735294117647056 0.08214285714285707
v 0.3964852313034006 0.2481601047916897 0.08214285714285707
v 0.43287575822690166 0.2175830627155751 0.05424081542902251
v 0.41499452003340864 0.25735294117647056 0.041968288594358034
v 0.41985583639904006 0.20484618266658006 0.08214285714285707
v -0.40588235294117647 0.26818573624132436 0.0433144371724847
v -0.3425412514291115 0.32352941176470584 0.07918752619306314
v -0.3406732399098733 0.32352941176470584 0.08214285714285707
v -0.34486836080065647 0.317040542183501 0.08214285714285707
v 0.4058823529411766 0.26818573624132425 0.04331443717248462
v 0.38055331506461115 0.2987510051463267 0.06475864170583555
v 0.36335345764155086 0.32352941176470584 0.052953770617337685
v 0.34067323990987336 0.32352941176470584 0.08214285714285707
v 0.3745789655792867 0.2929065328237267 0.08214285714285707
v 0.4133469725685304 0.2646552864640993 0.04083751843989191
v -0.3382352941176471 0.34905218226762885 0.053620737400463414
v -0.3382352941176471 0.32605881519409624 0.08214285714285707
v -0.27833312326924764 0.3821293615077052 0.07682726632762807
v -0.2705882352941176 0.3862506517688455 0.08214285714285707
v -0.2705882352941176 0.38718206710244607 0.08037218041155739
v -0.2705882352941176 0.3897058823529411 0.07595778814153925
v -0.31600120664348924 0.3452801495111646 0.08214285714285707
v -0.2653568256693934 0.3897058823529411 0.08214285714285707
v 0.26906672464917997 0.3882174480263717 0.08109859052008933
v 0.2705882352941176 0.3862506517688455 0.08214285714285707
v 0.2705882352941176 0.38718206710244607 0.08037218041155739
v 0.2705882352941176 0.3897058823529411 0.07595778814153925
v 0.2672369415296253 0.3897058823529411 0.07984274558399748
v 0.26535682566939334 0.3897058823529411 0.08214285714285707
v 0.2687282646672671 0.38788634587015264 0.08214285714285707
v 0.31603551639485966 0.36798870849369264 0.06690636373684467
v 0.33823529411764697 0.3260588151940964 0.08214285714285707
v 0.33823529411764697 0.3490521822676289 0.05362073740046347
v 0.29396780191388033 0.3897058823529411 0.05176051000921604
v 0.31088611557667634 0.3629512511715568 0.08214285714285707
v 0.35759383370262926 0.34246711353262327 0.04900073679590393
v 0.33990948900274626 0.32516721110882474 0.08214285714285707
v -0.2705882352941176 0.4097777073080302 0.04979642322245927
v -0.24084545179524317 0.41880208360184007 0.05612781103494176
v -0.2029411764705883 0.42874811275819374 0.08214285714285707
v -0.2029411764705883 0.4359119460885298 0.0681318732875082
v -0.13924886942201115 0.4520135740308969 0.07942857098675624
v -0.1352941176470588 0.4526430402065681 0.08214285714285707
v -0.1352941176470588 0.4534204405440069 0.08041561066738259
v -0.1352941176470588 0.4558823529411764 0.07501115989712605
v -0.14143519679658542 0.44987477551229166 0.08214285714285707
v -0.11963651653352002 0.4558823529411764 0.08214285714285707
v 0.13327735404561125 0.45390943202671685 0.08075868088223626
v 0.1352941176470588 0.4526430402065681 0.08214285714285707
v 0.1352941176470588 0.4534204405440069 0.08041561066738259
v 0.1352941176470588 0.4558823529411764 0.07501115989712605
v 0.128967959496199 0.4558823529411764 0.07780099083434772
v 0.11963651653352002 0.4558823529411764 0.08214285714285707
v 0.13275807787670177 0.45340144447017494 0.08214285714285707
v 0.18860312316996217 0.4418559964514334 0.07230214354211675
v 0.2029411764705884 0.4287481127581937 0.08214285714285707
v 0.2029411764705884 0.43591194608852973 0.06813187328750815
v 0.16518341310520795 0.4558823529411764 0.05622836737966129
v 0.18509822778120627 0.43842729444069395 0.08214285714285707
v 0.2705882352941176 0.4097777073080302 0.04979642322245927
v 0.2409664386413899 0.42690450838959487 0.061812369378096726
v 0.23297099267095045 0.41908287646199105 0.08214285714285707
v 0.2871897978169425 0.40594654134266117 0.04710852583088291
v -0.1352941176470588 0.4746273374962587 0.04886552884658152
v -0.11438716898929299 0.4763348027150777 0.05006346476200693
v -0.0676470588235294 0.46993255353204133 0.08214285714285707
v -0.0676470588235294 0.48502401797534594 0.0561597078493697
v -0.03694187469579229 0.4859200330661366 0.05678834065909903
v 0 0.47540284661241294 0.08214285714285707
v 0 0.48834055607401755 0.0584865488646282
v -0.052655196232455105 0.47054830547592297 0.08214285714285707
v 0.032254204269079545 0.48743537885658034 0.0578514880231881
v 0.0676470588235294 0.46993255353204133 0.08214285714285707
v 0.0676470588235294 0.48502401797534594 0.0561597078493697
v 0.019192440543806547 0.4746575665166393 0.08214285714285707
v 0.1352941176470588 0.4746273374962587 0.04886552884658152
v 0.0953895078269774 0.48302170522715815 0.05475491065143478
v 0.08065834911381335 0.46861078909471504 0.08214285714285707
v 0.15243385093770756 0.4726494833342023 0.04747789148209118
v -0.0676470588235294 -0.3382352941176471 0.1180820581149481
v -0.0021295947535750065 -0.3403185933331009 0.12710981229645937
v 0 -0.34016925723390107 0.12857142857142856
v 0 -0.3404267349101785 0.1270339415392081
v -0.019785292774716925 -0.3382352941176471 0.12857142857142856
v -0.0018999238341202568 -0.3400939152597212 0.12857142857142856
v 0.0676470588235294 -0.3382352941176471 0.1180820581149481
v 0.056521170991809075 -0.3382352941176471 0.1209353378546267
v 0.01978529277471692 -0.3382352941176471 0.12857142857142856
v 0.09561026550401105 -0.3382352941176471 0.10133499588939887
v -0.22217182841445762 -0.29087141782232745 0.11537275130560516
v -0.2029411764705883 -0.29467431754790047 0.12857142857142856
v -0.2029411764705883 -0.2994204617741515 0.10937485062829369
v -0.2602340002923631 -0.2720588235294118 0.08924933520306748
v -0.23839175084460495 -0.2720588235294118 0.12857142857142856
v -0.22066079307216233 -0.2893932310744299 0.12857142857142856
v -0.17968109449290842 -0.31548086609600373 0.09810707489772431
v -0.1352941176470588 -0.3212201423279117 0.12857142857142856
v -0.1352941176470588 -0.33327743382049135 0.0856212289703854
v -0.17481849901309482 -0.3107239792135774 0.12857142857142856
v -0.0676470588235294 -0.3350874277587894 0.12857142857142856
v -0.13165689670485553 -0.3346771431959265 0.08463921064666739
v -0.12207637434976644 -0.32530489306594806 0.12857142857142856
v -0.06472084840384044 -0.33537269696795136 0.12857142857142856
v 0.0676470588235294 -0.3350874277587894 0.12857142857142856
v 0.1352941176470588 -0.3212201423279117 0.12857142857142856
v 0.1352941176470588 -0.33327743382049135 0.0856212289703854
v 0.07214229340086264 -0.3338377820311254 0.12857142857142856
v 0.14745799696556108 -0.3263358469582427 0.09049135816580428
v 0.2029411764705884 -0.29467431754790047 0.12857142857142856
v 0.2029411764705884 -0.2994204617741515 0.1093748506282937
v 0.1680164892354276 -0.3062242784333733 0.12857142857142856
v 0.2498485025435661 -0.2720588235294118 0.11433701572089472
v 0.23839175084460495 -0.2720588235294118 0.12857142857142856
v -0.3382352941176471 -0.20588235294117652 0.08699529033606908
v -0.3032441578258721 -0.23782836411354505 0.1061585127965287
v -0.2705882352941176 -0.2510912683395187 0.12857142857142856
v -0.2705882352941176 -0.2664674073224214 0.08606572375157097
v -0.32057152687690005 -0.20588235294117652 0.12857142857142856
v -0.3005711737617135 -0.23521348839860728 0.12857142857142856
v -0.26804837207605237 -0.2695741747291306 0.08388605519003847
v -0.2595002847298555 -0.2612119153687206 0.12857142857142856
v 0.2705882352941176 -0.2510912683395187 0.12857142857142856
v 0.2705882352941176 -0.2664674073224214 0.08606572375157097
v 0.33823529411764697 -0.20588235294117652 0.08699529033606947
v 0.3260879844111478 -0.20588235294117652 0.12023429985982506
v 0.32057152687690005 -0.20588235294117652 0.12857142857142856
v 0.34028926349570365 -0.20588235294117652 0.0835525690451879
v -0.3382352941176471 -0.18518953445443603 0.12857142857142856
v -0.36555921365212996 -0.1664358036366744 0.10981805522633316
v -0.38282989515887905 -0.13970588235294112 0.09796457506176308
v -0.37325848578844256 -0.13970588235294112 0.12857142857142856
v -0.3633299131679217 -0.16425496620647065 0.12857142857142856
v -0.329908529470223 -0.1977366049165225 0.12857142857142856
v 0.33823529411764697 -0.18518953445443612 0.12857142857142856
v 0.3418834433213765 -0.2023135113288324 0.08464671109945406
v 0.3824072130309901 -0.13970588235294112 0.11245960894362982
v 0.37325848578844256 -0.13970588235294112 0.12857142857142856
v -0.40588235294117647 -0.07352941176470584 0.12189273775318926
v -0.39350948244024975 -0.1276019872976867 0.09063479621336891
v -0.4035224243787159 -0.07352941176470584 0.12857142857142856
v -0.3864389320974187 -0.12068514457100418 0.12857142857142856
v 0.4028070835746965 -0.0765378274493059 0.1264607623292171
v 0.4058823529411766 -0.07352941176470584 0.12189273775318887
v 0.40418637559785014 -0.07352941176470584 0.12740741927678526
v 0.4035224243787159 -0.07352941176470584 0.12857142857142856
v 0.4006705494967602 -0.07862791513424358 0.12857142857142856
v 0.4213169954619548 -0.07352941176470584 0.09273619874873283
v -0.40588235294117647 -0.06471922862210065 0.12857142857142856
v -0.4242729858746007 -0.025343777741776936 0.11594928609227709
v -0.4281416646895908 -0.007352941176470562 0.1132940748559019
v -0.4246862056617595 -0.007352941176470562 0.12857142857142856
v -0.4224135927350885 -0.023524806192254083 0.12857142857142856
v -0.4041614494230033 -0.07184591919257992 0.12857142857142856
v 0.4058823529411766 -0.06471922862210014 0.12857142857142856
v 0.42349078666500956 -0.05630377007834746 0.09422814861169901
v 0.4373764566079269 -0.007352941176470562 0.10375837549798705
v 0.42468620566175946 -0.007352941176470562 0.12857142857142856
v -0.43371032979210633 0.03160050857933332 0.10947210284454809
v -0.43587921134263624 0.05882352941176472 0.1079835226499297
v -0.431066265163631 0.05882352941176472 0.12857142857142856
v -0.42984684082344027 0.03538000865737617 0.12857142857142856
v 0.4386912543909414 0.024742723285256014 0.1046607677652113
v 0.4420161699725149 0.05882352941176472 0.10694277504324777
v 0.431066265163631 0.05882352941176472 0.12857142857142856
v 0.4257625423737551 0.012095070224964987 0.12857142857142856
v -0.4303446868307129 0.10106945597762737 0.11178206276525599
v -0.4281837563646259 0.125 0.11326518584912317
v -0.4247320338426339 0.125 0.12857142857142856
v -0.42594651908823644 0.10537201137787611 0.12857142857142856
v 0.44053741191483364 0.09272521753816845 0.10592785103471497
v 0.4373296778626885 0.125 0.10372626958898802
v 0.42473203384263386 0.125 0.12857142857142856
v 0.4296969816234946 0.08212044877490199 0.12857142857142856
v -0.40588235294117647 0.18719855169302696 0.12578057118780622
v -0.40588235294117647 0.18285521306247268 0.12857142857142856
v -0.40588235294117647 0.19117647058823528 0.12227097656937108
v -0.403674277484079 0.19117647058823528 0.12857142857142856
v 0.4046501029775775 0.18997100866732308 0.12772569179516952
v 0.4058823529411766 0.18285521306247227 0.12857142857142856
v 0.4058823529411766 0.1871985516930268 0.12578057118780608
v 0.4058823529411766 0.19117647058823528 0.12227097656937075
v 0.40428976469782363 0.19117647058823528 0.12747837887645652
v 0.403674277484079 0.19117647058823528 0.12857142857142856
v 0.40425908424926915 0.18958849034615188 0.12857142857142856
v 0.4342465066273731 0.15274754164954013 0.10161018001443922
v 0.42125662706334827 0.19117647058823528 0.09269476577950289
v 0.4223230245343194 0.1410832656889441 0.12857142857142856
v -0.40588235294117647 0.21411627213818632 0.09823713061123543
v -0.38294343070639886 0.25735294117647056 0.09788665159591874
v -0.3734588003274499 0.25735294117647056 0.12857142857142856
v -0.401064537368105 0.19588955104015301 0.12857142857142856
v 0.4058823529411766 0.21411627213818607 0.09823713061123526
v 0.39069812587203445 0.2424988060001359 0.11814995595565089
v 0.38240816534156025 0.25735294117647056 0.11246026254808941
v 0.3734588003274498 0.25735294117647056 0.12857142857142856
v 0.38638068505209655 0.23827522258932715 0.12857142857142856
v 0.4189328267508981 0.20394323844557158 0.09109985935387716
v -0.3382352941176471 0.3100438215398299 0.11911010971524574
v -0.3382352941176471 0.3032027809691917 0.12857142857142856
v -0.3382352941176471 0.32352941176470584 0.0873315839538433
v -0.3210127215473698 0.32352941176470584 0.12857142857142856
v 0.33180952089038646 0.3172433292597771 0.12416119290924045
v 0.33823529411764697 0.3032027809691918 0.12857142857142856
v 0.33823529411764697 0.31004382153983 0.1191101097152458
v 0.33823529411764697 0.32352941176470584 0.08733158395384362
v 0.3262938471459435 0.32352941176470584 0.12037559074302337
v 0.3210127215473698 0.32352941176470584 0.12857142857142856
v 0.3300234216312282 0.3154960582453832 0.12857142857142856
v 0.37229822242472516 0.2906753710420904 0.10552145079460945
v 0.34037481933249536 0.32352941176470584 0.08361128904497352
v 0.3632172920835031 0.2817918522300254 0.12857142857142856
v -0.3382352941176471 0.32569913913587445 0.08366511031437536
v -0.3323593814704037 0.3292775871804874 0.08617570402186571
v -0.2705882352941176 0.3691129338295457 0.12857142857142856
v -0.2705882352941176 0.37508724802405446 0.11831518035973346
v -0.26090223218858866 0.3897058823529411 0.08879070399478842
v -0.23930825574669426 0.3897058823529411 0.12857142857142856
v 0.26199488841306173 0.3812993473606039 0.12267351037045543
v 0.2705882352941176 0.3691129338295457 0.12857142857142856
v 0.2705882352941176 0.37508724802405446 0.11831518035973346
v 0.25020071415791223 0.3897058823529411 0.1145787510214242
v 0.2393082557466943 0.3897058823529411 0.12857142857142856
v 0.2596517733043322 0.3790071695368467 0.12857142857142856
v 0.33823529411764697 0.32569913913587456 0.08366511031437546
v 0.3082609661020126 0.36038317016373356 0.10799898605138133
v 0.30041875777093613 0.3527114446224631 0.12857142857142856
v 0.3398092825509411 0.32506918305814575 0.08322314112968317
v -0.2029411764705883 0.41269158275229023 0.12857142857142856
v -0.2029411764705883 0.4237747522617989 0.10604514365034144
v -0.15610459233551752 0.43552427987637987 0.1142884630243808
v -0.1352941176470588 0.4392929885375476 0.12857142857142856
v -0.1352941176470588 0.4435498269716209 0.11991908495469275
v -0.16707108076804406 0.42479619336629953 0.12857142857142856
v -0.07017465582703356 0.453409703698618 0.12683664926157012
v -0.0676470588235294 0.45333795672545896 0.12857142857142856
v -0.0676470588235294 0.45399399836991633 0.12724658298333816
v -0.0676470588235294 0.4558823529411764 0.11997815927991644
v -0.07127652046969732 0.45233179263514256 0.12857142857142856
v -0.029719581234476412 0.4558823529411764 0.12857142857142856
v 0.06586344277134958 0.4541375111510005 0.1273472697281623
v 0.0676470588235294 0.45333795672545896 0.12857142857142856
v 0.0676470588235294 0.45399399836991633 0.12724658298333816
v 0.0676470588235294 0.4558823529411764 0.11997815927991644
v 0.058591293683302056 0.4558823529411764 0.12235613634785637
v 0.02971958123447642 0.4558823529411764 0.12857142857142856
v 0.06528085189792333 0.45356758529656177 0.12857142857142856
v 0.12530101988381828 0.4461064964336585 0.12171281178361443
v 0.1352941176470588 0.4392929885375476 0.12857142857142856
v 0.1352941176470588 0.4435498269716209 0.11991908495469275
v 0.0965532163222306 0.4558823529411764 0.101982176419916
v 0.12237973899828766 0.4432487216543351 0.12857142857142856
v 0.180822787734386 0.4342447987427176 0.11339079530838285
v 0.2029411764705884 0.4126915827522902 0.12857142857142856
v 0.2029411764705884 0.42377475226179884 0.1060451436503414
v 0.17486302952720534 0.42841460049656266 0.12857142857142856
v 0.23126498559402248 0.41741395649543106 0.10158249011266751
v 0.22089377000699625 0.4072682021168184 0.12857142857142856
v -0.0676470588235294 0.4687602247518359 0.09117780847668484
v -0.05408065382995357 0.4691538360870658 0.09145396119124298
v 0 0.4587105369200863 0.12857142857142856
v 0 0.47370651763351385 0.09464806475240178
v 0.0676470588235294 0.4687602247518359 0.09117780847668484
v 0.017725111498294616 0.47322213592863854 0.09430822869914005
v 0.0027889610792412394 0.45861068443173847 0.12857142857142856
v 0.07979827875194734 0.46776941591462873 0.09048266957819984
v 0 -0.3382352941176471 0.12959909776667722
v 0.001441964956054369 -0.3382352941176471 0.1295611001717019
v -0.2029411764705883 -0.2720588235294118 0.1399767666869773
v -0.1352941176470588 -0.2720588235294118 0.15574605531679026
v -0.17975875915469028 -0.2720588235294118 0.1444823423192964
v -0.0676470588235294 -0.2720588235294118 0.16598079168992236
v -0.08494717645564569 -0.2720588235294118 0.16312631678044187
v 0 -0.3298825492093175 0.1344316083325106
v 0 -0.2720588235294118 0.16968094660761054
v -0.008459413824783803 -0.2720588235294118 0.16919400479727564
v 0.005335927175428424 -0.3330153653590758 0.13223366430363254
v 0.0676470588235294 -0.2720588235294118 0.16598079168992236
v 0.055527679423340644 -0.2720588235294118 0.16668204084645424
v 0.1352941176470588 -0.2720588235294118 0.15574605531679026
v 0.11283160985528157 -0.2720588235294118 0.1595831856460162
v 0.2029411764705884 -0.2720588235294118 0.13997676668697728
v 0.1669885312132504 -0.2720588235294118 0.15032442670226184
v 0.21655052753036605 -0.2720588235294118 0.13791200802549958
v -0.2705882352941176 -0.20588235294117652 0.1486574670911967
v -0.2029411764705883 -0.22332901768364644 0.16275964156163217
v -0.2029411764705883 -0.20588235294117652 0.17166928868868486
v -0.2133975596809841 -0.20588235294117652 0.16782341400777176
v -0.1352941176470588 -0.24017401982796496 0.17499999999999993
v -0.1929365847401313 -0.20588235294117652 0.17499999999999993
v -0.1624765526822169 -0.23247386547557028 0.17499999999999993
v -0.0676470588235294 -0.2600757065042187 0.17499999999999993
v -0.11410999133875709 -0.2513352217060732 0.17499999999999993
v 0 -0.26553333294455295 0.17499999999999993
v -0.057108622784742644 -0.26174948392625086 0.17499999999999993
v 0.0676470588235294 -0.2600757065042187 0.17499999999999993
v 0.007839700975160253 -0.26438955083632026 0.17499999999999993
v 0.1352941176470588 -0.24017401982796496 0.17499999999999993
v 0.08867107217592116 -0.2514918539455503 0.17499999999999993
v 0.19503945352592444 -0.21361229930008688 0.16957676779263745
v 0.2029411764705884 -0.22332901768364655 0.16275964156163208
v 0.2029411764705884 -0.20588235294117652 0.1716692886886848
v 0.19963517481313992 -0.20588235294117652 0.17273097401771387
v 0.19293658474013134 -0.20588235294117652 0.17499999999999993
v 0.22189962104970454 -0.2535125190498416 0.1415832802856667
v 0.2705882352941176 -0.20588235294117652 0.1486574670911967
v 0.24646214987602658 -0.20588235294117652 0.15844141342422938
v 0.2932102410143932 -0.20588235294117652 0.14409771200056182
v -0.3382352941176471 -0.13970588235294112 0.14450761799187725
v -0.2705882352941176 -0.14649168231059884 0.17023916891859564
v -0.2705882352941176 -0.13970588235294112 0.17298438749340062
v -0.279262634003047 -0.13970588235294112 0.16904645306002042
v -0.2029411764705883 -0.1998959722589276 0.17499999999999993
v -0.26662976386684056 -0.13970588235294112 0.17499999999999993
v -0.24242185938888067 -0.17832828955561858 0.17499999999999993
v -0.2000576544360504 -0.20306151616825902 0.17499999999999993
v 0.2029411764705884 -0.19989597225892755 0.17499999999999993
v 0.2674716932707245 -0.1427546734627822 0.17286100687214317
v 0.2705882352941176 -0.14649168231059884 0.17023916891859564
v 0.2705882352941176 -0.13970588235294112 0.17298438749340062
v 0.26882596348219534 -0.13970588235294112 0.17379049046448808
v 0.26662976386684056 -0.13970588235294112 0.17499999999999993
v 0.2977963622587635 -0.17926570699750113 0.14724532937635632
v 0.33823529411764697 -0.13970588235294112 0.14450761799187728
v 0.3131239747936396 -0.13970588235294112 0.1577652125136471
v 0.35641897460683764 -0.13970588235294112 0.14105153226121464
v -0.3382352941176471 -0.10761128475931647 0.15108859069266994
v -0.3382352941176471 -0.07352941176470584 0.16037535344392737
v -0.2705882352941176 -0.13383456946891248 0.17499999999999993
v -0.310313231808186 -0.07352941176470584 0.17499999999999993
v -0.30043495941490345 -0.10272729405677891 0.17499999999999993
v -0.26876624358349877 -0.13792349915777055 0.17499999999999993
v 0.2705882352941176 -0.13383456946891248 0.17499999999999993
v 0.33823529411764697 -0.1076112847593164 0.15108859069267
v 0.32154100328312 -0.08986078323326482 0.1635421171601538
v 0.33823529411764697 -0.07352941176470584 0.1603753534439274
v 0.32628019364424626 -0.07352941176470584 0.16679479128999514
v 0.310313231808186 -0.07352941176470584 0.17499999999999993
v 0.35788253035143225 -0.12048575995032516 0.1420560223840575
v 0.37110692208777085 -0.07352941176470584 0.15113239062545758
v -0.40588235294117647 -0.007352941176470562 0.13774244484432405
v -0.3382352941176471 -0.016310686921413416 0.16871535933450035
v -0.3382352941176471 -0.007352941176470562 0.1702841832222532
v -0.36525706932104085 -0.007352941176470562 0.15645399900636633
v -0.33069595937118074 -0.007352941176470562 0.17499999999999993
v -0.3200225506695545 -0.05571259752200657 0.17499999999999993
v 0.3336281454919524 -0.01185993439725875 0.17183795078795489
v 0.33823529411764697 -0.016310686921413353 0.16871535933450038
v 0.33823529411764697 -0.007352941176470562 0.17028418322225322
v 0.33446004621790665 -0.007352941176470562 0.17240891370856326
v 0.3306959593711807 -0.007352941176470562 0.17499999999999993
v 0.32517320617697687 -0.02013107068364784 0.17499999999999993
v 0.3728164852824512 -0.03969998562522357 0.15230572437087483
v 0.4058823529411766 -0.007352941176470562 0.137742444844324
v 0.3782511579725722 -0.007352941176470562 0.15603573264577153
v 0.41656471641907533 -0.007352941176470562 0.13590311282178766
v -0.40588235294117647 0.006104101678265342 0.13801271895522738
v -0.40588235294117647 0.05882352941176472 0.14095507647343142
v -0.35186503167978295 0.045490090492283995 0.16564542856760237
v -0.3382352941176471 0.05610213552425619 0.17309070460590664
v -0.3382352941176471 0.05882352941176472 0.17325798888167737
v -0.3484114785696351 0.05882352941176472 0.1680157243357473
v -0.33553875345563594 0.05882352941176472 0.17499999999999993
v -0.3315621368605641 -0.0008248525554111529 0.17499999999999993
v 0.3367517789803388 0.05737226460352848 0.17398181103930085
v 0.33823529411764697 0.056102135524256275 0.1730907046059067
v 0.33823529411764697 0.05882352941176472 0.1732579888816774
v 0.33684189292274996 0.05882352941176472 0.17404365942834701
v 0.3355387534556359 0.05882352941176472 0.17499999999999993
v 0.3351627314606328 0.05581776159512043 0.17499999999999993
v 0.4058823529411766 0.0061041016782652485 0.13801271895522732
v 0.37884285821435737 0.032371849787702536 0.15644183747010235
v 0.4058823529411766 0.05882352941176472 0.14095507647343136
v 0.3803762180965682 0.05882352941176472 0.15749423664391785
v 0.4166872262420149 0.003217043574349524 0.13598719565057535
v 0.42030061316084866 0.05882352941176472 0.13846719102033395
v -0.40588235294117647 0.07578439718997312 0.14047095802852078
v -0.40588235294117647 0.125 0.1377086240958667
v -0.3382352941176471 0.11707735082825728 0.1694415699461741
v -0.3640667005138456 0.09973014591676234 0.1572709912622364
v -0.3382352941176471 0.125 0.16899602215168508
v -0.3696853932110728 0.125 0.15341468354146864
v -0.32772329909365877 0.125 0.17499999999999993
v -0.33484654277093756 0.06213861225093708 0.17499999999999993
v 0.33823529411764697 0.11707735082825735 0.16944156994617415
v 0.3336110959145231 0.12047632784477014 0.1718262490593466
v 0.33823529411764697 0.125 0.16899602215168513
v 0.33331846025020173 0.125 0.17162540284252975
v 0.3277232990936587 0.125 0.17499999999999993
v 0.3296767578809645 0.11662751889889758 0.17499999999999993
v 0.4058823529411766 0.07578439718997303 0.14047095802852072
v 0.37951271658558705 0.09920361660866249 0.15690158498575998
v 0.4058823529411766 0.125 0.13770862409586662
v 0.3780827126741193 0.125 0.155920122673852
v 0.42011342296216253 0.072745228345338 0.13833871575974505
v 0.41665541754295216 0.125 0.13596536421426214
v -0.40588235294117647 0.13705921545029898 0.1370320209984637
v -0.38524046208635876 0.14519315409710426 0.1427386890649525
v -0.3382352941176471 0.17263433558120667 0.16199107353475128
v -0.3382352941176471 0.19117647058823528 0.15883326517155227
v -0.30282829594275257 0.19117647058823528 0.17499999999999993
v -0.31825951066486496 0.14454152729076508 0.17499999999999993
v 0.33823529411764697 0.17263433558120672 0.16199107353475134
v 0.3267070450950853 0.17989883567485976 0.16708775455283806
v 0.33823529411764697 0.19117647058823528 0.1588332651715523
v 0.32457642260381026 0.19117647058823528 0.16562543290509957
v 0.3028282959427525 0.19117647058823528 0.17499999999999993
v 0.31622781582349807 0.16964741573526354 0.17499999999999993
v 0.4058823529411766 0.13705921545029887 0.13703202099846362
v 0.3765163778552418 0.16244888626503828 0.1548450916335665
v 0.37118878227788604 0.19117647058823528 0.15118857417208945
v 0.41629272826286284 0.1351840628146931 0.13571643772078468
v -0.3382352941176471 0.22614245442259828 0.1531031188171245
v -0.3382352941176471 0.25735294117647056 0.14390219746220215
v -0.28261803877972663 0.24558465515793998 0.1667435199679515
v -0.2705882352941176 0.23698453175774983 0.17499999999999993
v -0.2705882352941176 0.25120415216774933 0.17068608771134156
v -0.2705882352941176 0.25735294117647056 0.1688324123515632
v -0.29288149679096825 0.25735294117647056 0.15969934537017388
v -0.2546708421372755 0.25735294117647056 0.17499999999999993
v 0.2663216640034567 0.2531791214356066 0.1720717010706954
v 0.2705882352941176 0.23698453175774983 0.17499999999999993
v 0.2705882352941176 0.25120415216774933 0.17068608771134156
v 0.2705882352941176 0.25735294117647056 0.1688324123515632
v 0.26485829635363756 0.25735294117647056 0.17106734004395618
v 0.2546708421372755 0.25735294117647056 0.17499999999999993
v 0.2637943647843477 0.25070676350386956 0.17499999999999993
v 0.33823529411764697 0.22614245442259834 0.15310311881712452
v 0.3181362234856931 0.23769080686260266 0.16120529624328628
v 0.33823529411764697 0.25735294117647056 0.14390219746220217
v 0.31203421543116566 0.25735294117647056 0.15701727208163857
v 0.29445016705533367 0.21451966470246844 0.17499999999999993
v 0.36937883842874863 0.22164298132735638 0.14994634562966908
v 0.3566996689032253 0.25735294117647056 0.14124418269444963
v -0.3382352941176471 0.27612263435123824 0.14174000695753539
v -0.2705882352941176 0.298836018991362 0.15767542919711428
v -0.3149890730582775 0.2800938096041147 0.14452613308733123
v -0.2705882352941176 0.32352941176470584 0.14735681966064568
v -0.21480611548697698 0.3119224062051952 0.16685667228999404
v -0.2029411764705883 0.30371968712826275 0.17499999999999993
v -0.2029411764705883 0.31599440572972054 0.1697135354484706
v -0.2029411764705883 0.32352941176470584 0.16648915417918986
v -0.22625304362115237 0.32352941176470584 0.15900024024759415
v -0.16853109081237963 0.32352941176470584 0.17499999999999993
v 0.19702521428181832 0.3177420574496047 0.1709396657027385
v 0.2029411764705884 0.3037196871282627 0.17499999999999993
v 0.2029411764705884 0.31599440572972054 0.16971353544847056
v 0.2029411764705884 0.32352941176470584 0.16648915417918986
v 0.19398130100563526 0.32352941176470584 0.16885052025542033
v 0.16853109081237966 0.32352941176470584 0.17499999999999993
v 0.19313048404907118 0.31393199526539556 0.17499999999999993
v 0.2705882352941176 0.298836018991362 0.15767542919711428
v 0.2526963429303988 0.30602647358280693 0.16272016083111215
v 0.2705882352941176 0.32352941176470584 0.14735681966064568
v 0.24448936038183183 0.32352941176470584 0.1570874181502634
v 0.2337504861831662 0.28749248328660115 0.17499999999999993
v 0.33823529411764697 0.2761226343512383 0.1417400069575354
v 0.30844027993629153 0.2943821152829451 0.1545506269127964
v 0.2935516461419041 0.32352941176470584 0.1443320304265864
v 0.3553555911735959 0.27410105786163796 0.1403216945632444
v -0.2705882352941176 0.345671015198802 0.1441056963775722
v -0.2029411764705883 0.3618886266363558 0.1554837666242369
v -0.24552264138261745 0.3480501014607386 0.14577483308832773
v -0.2029411764705883 0.3897058823529411 0.1395361171860269
v -0.15903183744921692 0.36648419993778647 0.1587079624960343
v -0.1352941176470588 0.3424719496112202 0.17499999999999993
v -0.1352941176470588 0.37191413436436843 0.16251753553817594
v -0.1352941176470588 0.3897058823529411 0.15287245446843997
v -0.1831101230267191 0.3897058823529411 0.14218218264315238
v -0.08111308707552903 0.37653259384555016 0.1657577880630685
v -0.0676470588235294 0.3633648904330894 0.17499999999999993
v -0.0676470588235294 0.3784808271855892 0.1671246438349689
v -0.0676470588235294 0.3897058823529411 0.1609468929179962
v -0.09341897944887795 0.3897058823529411 0.1573118184527887
v -0.11010324767345495 0.3481726541301879 0.17499999999999993
v -0.009619523822070798 0.38029547861395885 0.1683977802339203
v 0 0.36980769871434427 0.17499999999999993
v 0 0.38078095622887165 0.168738385163748
v 0 0.3897058823529411 0.16376275037045024
v -0.017621958353551757 0.3897058823529411 0.16290542609895975
v -0.023623954604201858 0.3665954919792654 0.17499999999999993
v 0.05674654444960699 0.37904233568279966 0.16751859106634512
v 0.0676470588235294 0.3633648904330894 0.17499999999999993
v 0.0676470588235294 0.3784808271855892 0.1671246438349689
v 0.0676470588235294 0.3897058823529411 0.1609468929179962
v 0.04854566520312071 0.3897058823529411 0.161890037297794
v 0.04421903809642169 0.3667871664242488 0.17499999999999993
v 0.11959442259997555 0.37434748502427273 0.16422474346147387
v 0.1352941176470588 0.3424719496112202 0.17499999999999993
v 0.1352941176470588 0.37191413436436843 0.16251753553817594
v 0.1352941176470588 0.3897058823529411 0.15287245446843997
v 0.10883985260965676 0.3897058823529411 0.1568435013252613
v 0.10184128226827324 0.35698028252586833 0.17499999999999993
v 0.2029411764705884 0.3618886266363558 0.15548376662423688
v 0.18059581752918105 0.36784629208417313 0.15966358904953099
v 0.2029411764705884 0.3897058823529411 0.13953611718602688
v 0.16574605288258265 0.3897058823529411 0.14947166983556132
v 0.1508635496242703 0.33876037782936924 0.17499999999999993
v 0.2705882352941176 0.345671015198802 0.1441056963775722
v 0.23952763016497494 0.35932050777008406 0.15368200703869392
v 0.21707413859275962 0.3897058823529411 0.13827138083540325
v 0.29137166029029343 0.34386102317400835 0.14283582895700267
v -0.2029411764705883 0.4026421762111099 0.1376473680719216
v -0.1888922636138148 0.4034493840606543 0.1382136948489035
v -0.1352941176470588 0.4168190693729036 0.14759369629019586
v -0.0676470588235294 0.423462802571245 0.1522548551372862
v -0.10665062528829602 0.417726690095209 0.14823047146362286
v 0 0.4254277185973009 0.15363341526985236
v -0.03278652540575321 0.42380857808772215 0.15249744684884636
v 0 0.4558823529411764 0.13006831457849397
v 0.0676470588235294 0.423462802571245 0.1522548551372862
v 0.03616392412144255 0.42508363421087403 0.15339201003366085
v 0.002137270117710994 0.4558823529411764 0.13003831272054076
v 0.1352941176470588 0.4168190693729036 0.14759369629019586
v 0.10119980007930479 0.42252921619011274 0.15159986278734894
v 0.2029411764705884 0.4026421762111099 0.13764736807192157
v 0.16177861177953362 0.4156146266129708 0.14674867454433824
v 0.21538899307984669 0.40188309425330254 0.1371148058094599
v 0 0.45761211519130107 0.1297850078008811
v 0.001752975677813965 0.45759722045208134 0.1297745578409841
v -0.1456062596655618 -0.21597031795927726 0.2143509832730151
v -0.1352941176470588 -0.21606650448973616 0.22142857142857153
v -0.1352941176470588 -0.22067770357875174 0.21104834129871713
v -0.17633595947219538 -0.20588235294117652 0.19326010234982866
v -0.15014984581329094 -0.20588235294117652 0.22142857142857153
v -0.143492375840125 -0.21390238813004564 0.22142857142857153
v -0.10753232978682153 -0.24490055279657102 0.19405389787923116
v -0.0676470588235294 -0.24195288652049238 0.22142857142857153
v -0.0676470588235294 -0.2553577609740295 0.18671725341187134
v -0.09983012609062225 -0.23736578831115868 0.22142857142857153
v -0.05374086447366449 -0.25845493775237005 0.18454431351341657
v 0 -0.24852673160218092 0.22142857142857153
v 0 -0.26325748981100605 0.18117490397386557
v -0.04125307906111275 -0.24623862593574333 0.22142857142857153
v 0.011279829030595495 -0.26102420817339445 0.18274174601168197
v 0.0676470588235294 -0.24195288652049238 0.22142857142857153
v 0.0676470588235294 -0.2553577609740295 0.18671725341187134
v 0.02831423922585456 -0.24436011124324972 0.22142857142857153
v 0.11009233630655002 -0.2305362694699351 0.20413169665760117
v 0.1352941176470588 -0.21606650448973616 0.22142857142857153
v 0.1352941176470588 -0.22067770357875174 0.21104834129871713
v 0.12219516248733231 -0.21869654820612633 0.22142857142857153
v 0.16995915832931346 -0.20588235294117652 0.19879184469185796
v 0.15014984581329094 -0.20588235294117652 0.22142857142857153
v -0.23196984379129176 -0.168103491688412 0.20150516932336812
v -0.2029411764705883 -0.17252027171213843 0.22142857142857153
v -0.2029411764705883 -0.19552913724475515 0.1822636846632035
v -0.26356220574414335 -0.13970588235294112 0.1798222128277773
v -0.23629684887350041 -0.13970588235294112 0.22142857142857153
v -0.22637178245337083 -0.16262712733609805 0.22142857142857153
v -0.19933090481839696 -0.2023505654553372 0.17747785725196977
v -0.18697027977237565 -0.19025864964944675 0.22142857142857153
v 0.2029411764705884 -0.17252027171213835 0.22142857142857153
v 0.2029411764705884 -0.19552913724475504 0.18226368466320358
v 0.24654763194014584 -0.13970588235294112 0.20492865421978956
v 0.23629684887350041 -0.13970588235294112 0.22142857142857153
v -0.278930929101949 -0.08169074266367135 0.21570268530580522
v -0.2705882352941176 -0.0848470483725037 0.22142857142857153
v -0.2705882352941176 -0.11632150954671454 0.19140617901643198
v -0.28426767357661764 -0.07352941176470584 0.21203988863219725
v -0.27852941452714797 -0.07352941176470584 0.22142857142857153
v -0.2768631907933108 -0.07966795518782963 0.22142857142857153
v -0.2682282953314372 -0.13739724543292772 0.17661971034705698
v -0.25416455881607514 -0.12363924232007349 0.22142857142857153
v 0.2705882352941176 -0.0848470483725037 0.22142857142857153
v 0.2705882352941176 -0.11632150954671454 0.19140617901643198
v 0.2995031081719546 -0.07352941176470584 0.1948453009503167
v 0.27852941452714797 -0.07352941176470584 0.22142857142857153
v -0.3107308049090681 -0.046622846234574314 0.1938773047052669
v -0.3254401279952707 -0.007352941176470562 0.18378177550635144
v -0.30386031284073484 -0.007352941176470562 0.22142857142857153
v -0.29992644442515426 -0.036053363152484676 0.22142857142857153
v 0.30342887411003727 -0.04140269987956703 0.19753969310036726
v 0.3140762207815966 -0.007352941176470562 0.20484734407681016
v 0.3038603128407348 -0.007352941176470562 0.22142857142857153
v 0.28032331027078444 -0.0640059688527491 0.22142857142857153
v -0.32726293479992413 0.0033808885908670847 0.18253071866216383
v -0.33360703265545444 0.05882352941176472 0.17817653969920672
v -0.308092390284436 0.05882352941176472 0.22142857142857153
v -0.30700715544234936 0.02319632491892934 0.22142857142857153
v 0.3150720398559645 0.036163824155771 0.20553080996325523
v 0.3171021145462228 0.05882352941176472 0.20692412209538902
v 0.30809239028443597 0.05882352941176472 0.22142857142857153
v 0.30495497224790774 0.026266692800063315 0.22142857142857153
v -0.3306293072331141 0.06626416875532956 0.18022025807913591
v -0.3175016318079835 0.125 0.18923024649203612
v -0.2962752159731832 0.125 0.22142857142857153
v -0.2989360328673979 0.0972684588957041 0.22142857142857153
v 0.31464784085536945 0.10192531746081546 0.20523966717092135
v 0.31085368114760886 0.125 0.2026356010360919
v 0.2962752159731831 0.125 0.22142857142857153
v 0.30533194690705207 0.09281194294615716 0.22142857142857153
v -0.2705882352941176 0.1812111667035435 0.21443704076661313
v -0.2705882352941176 0.1714116885145117 0.22142857142857153
v -0.2705882352941176 0.19117647058823528 0.20807423362900124
v -0.26136841233809954 0.19117647058823528 0.22142857142857153
v 0.26635362225777737 0.18703391435703293 0.21852220658064858
v 0.2705882352941176 0.1714116885145117 0.22142857142857153
v 0.2705882352941176 0.1812111667035435 0.21443704076661313
v 0.2705882352941176 0.19117647058823528 0.20807423362900124
v 0.26436146112896325 0.19117647058823528 0.21715491586801527
v 0.2613684123380996 0.19117647058823528 0.22142857142857153
v 0.26516948769430443 0.18587552184928763 0.22142857142857153
v 0.3064525592453736 0.16008466473492441 0.1996149552584708
v 0.2930002804574614 0.19117647058823528 0.1903821800655248
v 0.29220932610575345 0.14615106709833947 0.22142857142857153
v -0.2705882352941176 0.21641716921065657 0.19270855363668288
v -0.20347658500817722 0.25735294117647056 0.22106110159376668
v -0.20308881544034701 0.25735294117647056 0.22142857142857153
v -0.20353031858427648 0.2567766065000365 0.22142857142857153
v 0.2705882352941176 0.21641716921065657 0.19270855363668288
v 0.25101287375516823 0.23820313097532436 0.20799330776364033
v 0.23481520862562333 0.25735294117647056 0.19687627672752406
v 0.20308881544034701 0.25735294117647056 0.22142857142857153
v 0.24434502363125948 0.23168023411497884 0.22142857142857153
v 0.2896053311392692 0.20978015130631836 0.18805210615459161
v -0.2029411764705883 0.2872936245501923 0.19600600325584924
v -0.2029411764705883 0.25748689874130437 0.22142857142857153
v -0.16087254901419493 0.2985070332533771 0.2038731884095122
v -0.1352941176470588 0.304443688327185 0.22142857142857153
v -0.1352941176470588 0.31066075360891465 0.2124000842780005
v -0.1352941176470588 0.32352941176470584 0.1937714789557027
v -0.20266915505234095 0.25761904908562555 0.22142857142857153
v -0.07078489762251124 0.32352941176470584 0.22142857142857153
v 0.1257208976867201 0.3141643052817658 0.21485813164212786
v 0.1352941176470588 0.304443688327185 0.22142857142857153
v 0.1352941176470588 0.31066075360891465 0.2124000842780005
v 0.1352941176470588 0.32352941176470584 0.1937714789557027
v 0.11051431070269838 0.32352941176470584 0.20442131262514396
v 0.07078489762251124 0.32352941176470584 0.22142857142857153
v 0.12261304255322543 0.31112401221639063 0.22142857142857153
v 0.180985831014865 0.3020513564275852 0.20635984054125828
v 0.2029411764705884 0.25748689874130426 0.22142857142857153
v 0.2029411764705884 0.28729362455019225 0.19600600325584921
v 0.15249526791069795 0.32352941176470584 0.1868057584107585
v 0.17273562390440977 0.2939805016456182 0.22142857142857153
v 0.22785483363019118 0.2817249970934734 0.19209912494494483
v 0.20303785220520834 0.25744751526468573 0.22142857142857153
v -0.1352941176470588 0.3370891593074879 0.18451334668874547
v -0.1197748709891247 0.33871128349529356 0.18565140842050754
v -0.0676470588235294 0.3249118726838147 0.22142857142857153
v -0.0676470588235294 0.352080318676563 0.1950309537381601
v -0.03744927546005 0.35307072157680525 0.19572580783642532
v 0 0.3355406582492051 0.22142857142857153
v 0 0.3567230695365228 0.19828824878594145
v -0.0661472883326626 0.32499657854924946 0.22142857142857153
v 0.03290368966940212 0.3557178038325992 0.19758296713334744
v 0.0676470588235294 0.3249118726838147 0.22142857142857153
v 0.0676470588235294 0.352080318676563 0.1950309537381601
v 0.011679163941625437 0.3349546808380351 0.22142857142857153
v 0.1352941176470588 0.3370891593074879 0.18451334668874547
v 0.09446530274061425 0.34976465037924537 0.19340631026607377
v 0.06887377970119159 0.32472946479720144 0.22142857142857153
v 0.14757799761728374 0.3355462508660128 0.18343086171869472
v -0.1352941176470588 -0.20588235294117652 0.23370447236088154
v -0.0694937968025095 -0.2076889444423527 0.26658966120076205
v -0.0676470588235294 -0.20753794431690814 0.2678571428571428
v -0.0676470588235294 -0.20824685665560094 0.2661982370765466
v -0.07120185870285228 -0.20588235294117652 0.2678571428571428
v -0.06909712427885972 -0.20730089523443446 0.2678571428571428
v -0.016450596986305653 -0.22197532825386684 0.2565665157330014
v 0 -0.21860035986076073 0.2678571428571428
v 0 -0.2238447805392406 0.25525493174865976
v -0.012312660760425982 -0.21792734716333237 0.2678571428571428
v 0.06486050177519512 -0.2086083326623731 0.2659446301003668
v 0.0676470588235294 -0.20753794431690814 0.2678571428571428
v 0.0676470588235294 -0.20824685665560094 0.2661982370765466
v 0.06584074391136262 -0.20764940013786143 0.2678571428571428
v 0.1352941176470588 -0.20588235294117652 0.23370447236088154
v 0.11107719106805827 -0.20588235294117652 0.2512362087765245
v 0.07120185870285227 -0.20588235294117652 0.2678571428571428
v 0.14554640617499542 -0.20588235294117652 0.22846508001451557
v -0.2029411764705883 -0.13970588235294112 0.25757179047553735
v -0.1352941176470588 -0.18328325787940547 0.2678571428571428
v -0.17598626318947672 -0.17951341603574128 0.23992868271778156
v -0.19236054534180394 -0.13970588235294112 0.2678571428571428
v -0.1683969550854666 -0.172089092890514 0.2678571428571428
v -0.12097896987138332 -0.19187840403018963 0.2678571428571428
v 0.1352941176470588 -0.18328325787940547 0.2678571428571428
v 0.169208293101343 -0.17270544217068115 0.24470507073104594
v 0.2029411764705884 -0.13970588235294112 0.25757179047553724
v 0.19755525935295523 -0.13970588235294112 0.26416059725777347
v 0.19236054534180394 -0.13970588235294112 0.2678571428571428
v 0.22887149422830322 -0.13970588235294112 0.23922546653557455
v -0.2705882352941176 -0.07352941176470584 0.23067402876677465
v -0.2029411764705883 -0.12889730222748486 0.2678571428571428
v -0.2426114102135128 -0.11233724912191466 0.24063005696525988
v -0.2456169243744517 -0.07352941176470584 0.2678571428571428
v -0.23509857794088984 -0.10498773929000088 0.2678571428571428
v -0.19857719316656638 -0.1354367682511806 0.2678571428571428
v 0.2029411764705884 -0.12889730222748474 0.2678571428571428
v 0.23944823085144656 -0.103992459589058 0.24648465533593072
v 0.2705882352941176 -0.07352941176470584 0.23067402876677465
v 0.2563736565176612 -0.07352941176470584 0.2581011741937985
v 0.2456169243744517 -0.07352941176470584 0.2678571428571428
v 0.27698233754839846 -0.07352941176470584 0.22581707018073321
v -0.2705882352941176 -0.03229889589002723 0.25035537780413963
v -0.2705882352941176 -0.007352941176470562 0.26344238513201185
v -0.26751907703430733 -0.007352941176470562 0.2678571428571428
v -0.2543480053215639 -0.05764223026981631 0.2678571428571428
v 0.2679850847092162 -0.009899501531265356 0.2660705084494931
v 0.2705882352941176 -0.03229889589002723 0.25035537780413963
v 0.2705882352941176 -0.007352941176470562 0.26344238513201185
v 0.2687830639092177 -0.007352941176470562 0.26661818982589164
v 0.26751907703430733 -0.007352941176470562 0.2678571428571428
v 0.26511514294166283 -0.012707053260393703 0.2678571428571428
v 0.277811831924427 -0.06646284984375099 0.22638638153819382
v 0.29816852392084126 -0.007352941176470562 0.240357899958093
v -0.2735260361553938 0.055949593786603205 0.26584082611695015
v -0.2705882352941176 0.038400262142573374 0.2678571428571428
v -0.27371342376798663 0.05882352941176472 0.26571221536420786
v -0.27277469537632837 0.05882352941176472 0.2678571428571428
v -0.2727040676427195 0.056753693418567175 0.2678571428571428
v -0.2678083361776461 -0.00463347464948762 0.2678571428571428
v 0.2705882352941176 0.038400262142573374 0.2678571428571428
v 0.29872421287689266 0.02017138471972243 0.24073928896209099
v 0.30182673247433967 0.05882352941176472 0.24286865800257484
v 0.27277469537632837 0.05882352941176472 0.2678571428571428
v -0.2705882352941176 0.1105730589400149 0.25773538420870884
v -0.2705882352941176 0.06693208256449239 0.2678571428571428
v -0.2705882352941176 0.125 0.25278080882635634
v -0.2601634614250672 0.125 0.2678571428571428
v 0.26548493179613514 0.12000763788240845 0.2643545649905151
v 0.2705882352941176 0.06693208256449239 0.2678571428571428
v 0.2705882352941176 0.1105730589400149 0.25773538420870884
v 0.2705882352941176 0.125 0.25278080882635634
v 0.264532168487953 0.125 0.26370064980073793
v 0.26016346142506713 0.125 0.2678571428571428
v 0.26243759751784607 0.1170265500014735 0.2678571428571428
v 0.30031186087034234 0.08790098921459331 0.2418289479886512
v 0.2917231712304555 0.125 0.23593422621717608
v 0.27259116180745 0.06078291404437256 0.2678571428571428
v -0.2705882352941176 0.15196931597833302 0.24034990105146542
v -0.24748967703787245 0.19117647058823528 0.23728192973487638
v -0.22736216503403014 0.19117647058823528 0.2678571428571428
v -0.2456077054115405 0.1494374748851298 0.2678571428571428
v 0.2705882352941176 0.15196931597833302 0.24034990105146542
v 0.25508714137069693 0.17601235696749767 0.25721819330100626
v 0.24690526937065643 0.19117647058823528 0.25160268487861825
v 0.22736216503403012 0.19117647058823528 0.2678571428571428
v 0.24656279324661595 0.16767332075915753 0.2678571428571428
v 0.2895143384186632 0.14351466610009897 0.23441822605752982
v -0.2029411764705883 0.21825948100828693 0.2678571428571428
v -0.2029411764705883 0.23715465726638643 0.2536862833519727
v -0.2029411764705883 0.25735294117647056 0.22157463150898735
v -0.15512150326908417 0.25735294117647056 0.2678571428571428
v 0.1914552534520779 0.24611671213662337 0.25997394724505957
v 0.2029411764705884 0.2182594810082868 0.2678571428571428
v 0.2029411764705884 0.23715465726638638 0.2536862833519727
v 0.2029411764705884 0.25735294117647056 0.2215746315089872
v 0.17984224256343165 0.25735294117647056 0.25200352672831794
v 0.15512150326908417 0.25735294117647056 0.2678571428571428
v 0.1855118788361347 0.24030254131667897 0.2678571428571428
v 0.2397543079202936 0.22718931657164265 0.2466947268645493
v 0.20305296103442239 0.25735294117647056 0.22150529313232095
v 0.2209701005222678 0.20881346150835647 0.2678571428571428
v -0.2029411764705883 0.2574575552926173 0.22150196736402689
v -0.20279676855191123 0.2574942097925677 0.22152768369573808
v -0.1352941176470588 0.271872224126415 0.2678571428571428
v -0.1352941176470588 0.2948487311145952 0.2477351415121446
v -0.09044663290758975 0.30122548059551635 0.2522089879733623
v -0.0676470588235294 0.2983804300216493 0.2678571428571428
v -0.0676470588235294 0.30867695542844065 0.25743684809423933
v -0.0676470588235294 0.32352941176470584 0.22316179874480674
v -0.11518890222834487 0.27702108669477765 0.2678571428571428
v -0.01229277693089003 0.3115038691149221 0.25942017483935803
v 0 0.30573006067895164 0.2678571428571428
v 0 0.3128680754501707 0.2603772846809134
v 0 0.32352941176470584 0.23678518657445113
v -0.0643931042240355 0.32352941176470584 0.22366187567232354
v -0.021641145290975043 0.3023587261539694 0.2678571428571428
v 0.054106699751167955 0.31028340832435225 0.258563915046609
v 0.0676470588235294 0.2983804300216493 0.2678571428571428
v 0.0676470588235294 0.30867695542844065 0.25743684809423933
v 0.0676470588235294 0.32352941176470584 0.22316179874480674
v 0.01860149181287605 0.32352941176470584 0.23419543382188082
v 0.04572447364733141 0.30208340452712085 0.2678571428571428
v 0.11477448135815432 0.3034558545255602 0.2537737900004724
v 0.1352941176470588 0.271872224126415 0.2678571428571428
v 0.1352941176470588 0.2948487311145952 0.2477351415121446
v 0.06934675908746221 0.32352941176470584 0.22259513589543226
v 0.10283807442132409 0.2917789346960523 0.2678571428571428
v 0.2029411764705884 0.25745755529261727 0.22150196736402683
v 0.16856071398607705 0.28989635063855357 0.2442606142575249
v 0.14694316955848769 0.26874875282895533 0.2678571428571428
v 0.2030282644671824 0.2574381359557473 0.22148834300387363
v -0.0676470588235294 0.3246733365443115 0.2222311345279139
v -0.066435100371299 0.32471502329406166 0.22226038142218307
v 0 0.33354896137859474 0.2284581602052999
v 0.0676470588235294 0.3246733365443115 0.2222311345279139
v 0.009929540228964103 0.33324309242347505 0.22824356643043817
v 0.06872188695459477 0.324580874066835 0.22216626402784312
v -0.0676470588235294 -0.20588235294117652 0.2687655509679549
v 0 -0.20588235294117652 0.27491285334257265
v -0.0662774216371572 -0.20588235294117652 0.2687971733484107
v 0.0676470588235294 -0.20588235294117652 0.2687655509679549
v 0.00997957486377085 -0.20588235294117652 0.2747064784002899
v 0.06886848300552116 -0.20588235294117652 0.26869544951621166
v -0.1352941176470588 -0.13970588235294112 0.28958227008673365
v -0.0676470588235294 -0.2011784067036222 0.27115737180476024
v -0.0676470588235294 -0.13970588235294112 0.3067240564645799
v -0.08612800264641518 -0.13970588235294112 0.3016015882457833
v 0 -0.14070153351813586 0.3142857142857143
v -0.003621449855912645 -0.13970588235294112 0.3142857142857143
v -0.0009833633834472333 -0.14066786827153083 0.3142857142857143
v 0.0676470588235294 -0.2011784067036222 0.27115737180476024
v 0.026983210593611456 -0.17948573388220873 0.2863766755937519
v 0.0676470588235294 -0.13970588235294112 0.3067240564645799
v 0.058231682647401334 -0.13970588235294112 0.3078236082766326
v 0.0036214498559126456 -0.13970588235294112 0.3142857142857143
v 0.06931601224920102 -0.20424968111171515 0.2690026046803522
v 0.1352941176470588 -0.13970588235294112 0.28958227008673365
v 0.11023155759493852 -0.13970588235294112 0.2970843920139174
v 0.16247019444396105 -0.13970588235294112 0.2865090464972527
v -0.2029411764705883 -0.07352941176470584 0.2887440596393084
v -0.1847608852139509 -0.12192081481927412 0.28033492039663616
v -0.1352941176470588 -0.0938664477029793 0.3142857142857143
v -0.15577929720600375 -0.07352941176470584 0.3142857142857143
v -0.15241137537270183 -0.09027455519196534 0.3142857142857143
v -0.0676470588235294 -0.13293597000243335 0.3142857142857143
v -0.11795217530964033 -0.12274093876198829 0.3142857142857143
v -0.06244533098070412 -0.13461723555017727 0.3142857142857143
v 0.0676470588235294 -0.13293597000243335 0.3142857142857143
v 0.1352941176470588 -0.0938664477029793 0.3142857142857143
v 0.09653012038895695 -0.11145071343024025 0.3142857142857143
v 0.1665914080164378 -0.10908896786115742 0.2893375812783625
v 0.2029411764705884 -0.07352941176470584 0.2887440596393084
v 0.18253447865738065 -0.07352941176470584 0.3002798751033574
v 0.15577929720600378 -0.07352941176470584 0.3142857142857143
v 0.22841048108983794 -0.07352941176470584 0.28533762832563403
v -0.2029411764705883 -0.034176147319534445 0.29546689346788213
v -0.2029411764705883 -0.007352941176470562 0.3017962986607879
v -0.188673959233724 -0.007352941176470562 0.3142857142857143
v -0.18101641743652608 -0.05208127792703633 0.3142857142857143
v 0.189814040357123 -0.02019470476573016 0.3052760960215036
v 0.2029411764705884 -0.034176147319534556 0.2954668934678821
v 0.2029411764705884 -0.007352941176470562 0.30179629866078783
v 0.19348102523456634 -0.007352941176470562 0.30779287756782336
v 0.18867395923372401 -0.007352941176470562 0.3142857142857143
v 0.16492182882355036 -0.044545781265964174 0.3142857142857143
v 0.22951950300185076 -0.04752887494064477 0.2860987893273571
v 0.23982118594939225 -0.007352941176470562 0.29316919905222255
v -0.2705882352941176 0.05882352941176472 0.26902845118321017
v -0.2029411764705883 0.04029768451190313 0.3012882167527955
v -0.2029411764705883 0.05882352941176472 0.3022340914246925
v -0.26708794209897385 0.05882352941176472 0.2702595180003936
v -0.18581868523992615 0.05882352941176472 0.3142857142857143
v -0.186511947370978 0.008719130768800338 0.3142857142857143
v 0.2029411764705884 0.04029768451190305 0.30128821675279543
v 0.1930249009280641 0.04912282507668662 0.3074798233077706
v 0.2029411764705884 0.05882352941176472 0.3022340914246924
v 0.19323357432506033 0.05882352941176472 0.307623043247945
v 0.18581868523992617 0.05882352941176472 0.3142857142857143
v 0.18804539460561284 0.04425156889167997 0.3142857142857143
v 0.2401159716523481 0.02901370628394665 0.2933715209166736
v 0.2705882352941176 0.05882352941176472 0.26902845118321017
v 0.24183808914952906 0.05882352941176472 0.29455347112436614
v 0.2720449023120601 0.05882352941176472 0.26885690500299775
v -0.2705882352941176 0.06041853757563682 0.26897618033084353
v -0.2683686375269673 0.06099487505354214 0.26938053138677076
v -0.2029411764705883 0.10113885276266144 0.2975450363826926
v -0.2029411764705883 0.125 0.2943895068612437
v -0.14464516500550473 0.125 0.3142857142857143
v -0.14916811547596903 0.11142761081954435 0.3142857142857143
v 0.2029411764705884 0.10113885276266138 0.2975450363826926
v 0.18858064748418474 0.11095165642634429 0.30442957482610183
v 0.2029411764705884 0.125 0.2943895068612437
v 0.18558557211183568 0.125 0.30237394856122873
v 0.14464516500550473 0.125 0.3142857142857143
v 0.17907565945500087 0.1016532985717079 0.3142857142857143
v 0.2705882352941176 0.06041853757563682 0.26897618033084353
v 0.24106173061961 0.09611537586189468 0.2940206287792975
v 0.23626421597875666 0.125 0.2907279246313826
v 0.27203727566386265 0.06024106890390667 0.26885167056432807
v -0.2029411764705883 0.1594137908734226 0.2920014215334171
v -0.2029411764705883 0.19117647058823528 0.2795632608695923
v -0.1618613192782115 0.1651868168186294 0.2960517032283082
v -0.1352941176470588 0.1353781513159697 0.3142857142857143
v -0.1352941176470588 0.1759981828730671 0.30363682036491374
v -0.1352941176470588 0.19117647058823528 0.29881486548581937
v -0.18096645205218337 0.19117647058823528 0.28293917421263187
v -0.07537419723748345 0.18361731344414978 0.30898230562272094
v -0.0676470588235294 0.18015134819089346 0.3142857142857143
v -0.0676470588235294 0.18574033878486396 0.31047179324271407
v -0.0676470588235294 0.19117647058823528 0.30858907381221146
v -0.07968769600929584 0.19117647058823528 0.30602179870169444
v -0.11497721715920495 0.1448752287381179 0.3142857142857143
v -0.0016674733904935152 0.18954524661927424 0.3131412682630464
v 0 0.18873827578779845 0.3142857142857143
v 0 0.1897150139357925 0.3132603748565401
v 0 0.19117647058823528 0.3127129544344964
v -0.00257008634537724 0.19117647058823528 0.3125217730362473
v -0.0036146297993524534 0.1876404196975644 0.3142857142857143
v 0.06263772148179486 0.18627603188436453 0.3108476287188716
v 0.0676470588235294 0.18015134819089346 0.3142857142857143
v 0.0676470588235294 0.18574033878486396 0.31047179324271407
v 0.0676470588235294 0.19117647058823528 0.30858907381221146
v 0.06017526093335578 0.19117647058823528 0.3091575548641976
v 0.059576452431153844 0.18328131216091137 0.3142857142857143
v 0.12371339722392749 0.17984750495691118 0.3063374558586583
v 0.1352941176470588 0.1353781513159697 0.3142857142857143
v 0.1352941176470588 0.1759981828730671 0.30363682036491374
v 0.1352941176470588 0.19117647058823528 0.29881486548581937
v 0.1187871895031942 0.19117647058823528 0.3029564250938072
v 0.11393727290033595 0.17028390507513685 0.3142857142857143
v 0.2029411764705884 0.15941379087342256 0.29200142153341707
v 0.18277398865690525 0.1714476999009366 0.3004442592955777
v 0.2029411764705884 0.19117647058823528 0.27956326086959227
v 0.17477985149920716 0.19117647058823528 0.2949575999420023
v 0.14309378964740022 0.13263011391337745 0.3142857142857143
v 0.23496058444274665 0.15632333388580708 0.2898331961548043
v 0.21772447311981263 0.19117647058823528 0.27800344273129984
v -0.2029411764705883 0.20586436490323756 0.27816198299560474
v -0.18628750297763985 0.2074681077009022 0.27928714857745834
v -0.1352941176470588 0.22929129714443414 0.2945980211711744
v -0.1352941176470588 0.25735294117647056 0.27544836654598065
v -0.0676470588235294 0.23789077585399623 0.3006313062340735
v -0.09417211191497325 0.23140451967397113 0.2960806312633258
v -0.0676470588235294 0.25735294117647056 0.28933269491419034
v -0.12295493488050903 0.25735294117647056 0.27632596084288036
v 0 0.24035341712032507 0.3023590640748947
v -0.01895770913357512 0.2388073561544949 0.3012743673337885
v 0 0.25735294117647056 0.29296248141547
v -0.03521640773384271 0.25735294117647056 0.29011544686590296
v 0.0676470588235294 0.23789077585399623 0.3006313062340735
v 0.04938162592142397 0.23948458290267177 0.30174950102060466
v 0.0676470588235294 0.25735294117647056 0.28933269491419034
v 0.03543926198975447 0.25735294117647056 0.29218036304265754
v 0.1352941176470588 0.22929129714443414 0.2945980211711744
v 0.1134929799926675 0.23602574129717474 0.2993228216719861
v 0.1352941176470588 0.25735294117647056 0.27544836654598065
v 0.09672729398987204 0.25735294117647056 0.2878159378005022
v 0.2029411764705884 0.2058643649032375 0.2781619829956047
v 0.17200133160162562 0.22708570163074618 0.29305060336633304
v 0.14515932336231976 0.25735294117647056 0.27462798280457346
v 0.2172231893276026 0.20514800490487967 0.2776593939173917
v -0.1352941176470588 0.2666568001061276 0.2743846121379498
v -0.125421843810772 0.2670106003641424 0.2746328339062713
v -0.0676470588235294 0.28364424356329543 0.28630278675393106
v 0 0.2879522501859084 0.2893252294955103
v -0.040441218774887155 0.2839673499197075 0.28652947407065193
v 0.0676470588235294 0.28364424356329543 0.28630278675393106
v 0.030937385553718045 0.2876177748703252 0.28909056586140275
v 0.1352941176470588 0.2666568001061276 0.2743846121379498
v 0.09382023602123865 0.2829571362611861 0.2858207209959433
v 0.14463358376068736 0.26648937541806367 0.27426714910283195
v 0 -0.13970588235294112 0.3159834579066091
v 0.0015020877958790942 -0.13970588235294112 0.31531665031953193
v -0.1352941176470588 -0.07352941176470584 0.35487715838026795
v -0.1150751558204757 -0.11992646317476202 0.3281627036138971
v -0.0676470588235294 -0.12251246071411223 0.36071428571428577
v -0.0676470588235294 -0.13153191390699037 0.3200204667509686
v -0.13350297161594402 -0.07352941176470584 0.36071428571428577
v -0.11063103929679738 -0.1155789578798593 0.36071428571428577
v 0 -0.1313212739375527 0.36071428571428577
v -0.061645628171754056 -0.13383491758490004 0.31840470861503833
v -0.054445021540598625 -0.12679084588050885 0.36071428571428577
v 0.0676470588235294 -0.12251246071411223 0.36071428571428577
v 0.0676470588235294 -0.13153191390699037 0.3200204667509686
v 0.011741080513704781 -0.12822004271996906 0.36071428571428577
v 0.1352941176470588 -0.07352941176470584 0.35487715838026795
v 0.13383832560789777 -0.07352941176470584 0.3597151240973461
v 0.13350297161594404 -0.07352941176470584 0.36071428571428577
v 0.15191902586051978 -0.07352941176470584 0.3256959773763195
v -0.1352941176470588 -0.07081765382905778 0.36071428571428577
v -0.17546273311685848 -0.04664832587518759 0.3331451427986779
v -0.1842677874855103 -0.007352941176470562 0.32710192225373363
v -0.1750606147551352 -0.007352941176470562 0.36071428571428577
v -0.17067598717449045 -0.04196563962721889 0.36071428571428577
v -0.1343774243119685 -0.07263264654559577 0.36071428571428577
v 0.1352941176470588 -0.07081765382905778 0.36071428571428577
v 0.15542983307381014 -0.05383142928201437 0.32810556866245977
v 0.18065047110248997 -0.007352941176470562 0.34541538544611883
v 0.17506061475513526 -0.007352941176470562 0.36071428571428577
v -0.1773714694412049 0.017660902656621822 0.33183510948289974
v -0.1764916875112367 0.05882352941176472 0.33243893496899596
v -0.16545382033006686 0.05882352941176472 0.36071428571428577
v -0.16724258546082074 0.027569593506997628 0.36071428571428577
v 0.1790307352534916 0.03543288039503969 0.34430370338826594
v 0.17614108653123178 0.05882352941176472 0.34232043516584537
v 0.1654538203300669 0.05882352941176472 0.36071428571428577
v 0.1733001426102303 0.029826865852718834 0.36071428571428577
v -0.1352941176470588 0.10358967558270517 0.3456930739802472
v -0.1352941176470588 0.0935425944935897 0.36071428571428577
v -0.1352941176470588 0.125 0.3214619008257133
v -0.09616943528654306 0.125 0.36071428571428577
v 0.12513358368551736 0.11506034721153557 0.3537407515357123
v 0.1352941176470588 0.0935425944935897 0.36071428571428577
v 0.1352941176470588 0.10358967558270517 0.3456930739802472
v 0.1352941176470588 0.125 0.3214619008257133
v 0.11368506869604465 0.125 0.34588323037834123
v 0.09616943528654306 0.125 0.36071428571428577
v 0.12318636148106599 0.11315545592457227 0.36071428571428577
v 0.17204733509668285 0.09477776387335335 0.33951074862225744
v 0.14166788054602433 0.125 0.3186602534182341
v 0.16138828200353644 0.08435042932571016 0.36071428571428577
v -0.1352941176470588 0.13120451422747006 0.31863872268022503
v -0.12843567061138167 0.1317093503609885 0.318992909300884
v -0.0676470588235294 0.14553420748636334 0.36071428571428577
v -0.0676470588235294 0.16258794336726254 0.3406569380449683
v -0.027696585608121826 0.16408198466724655 0.3417051384490841
v 0 0.16031870864257344 0.36071428571428577
v 0 0.170024280899909 0.34587417802819015
v -0.045292159531243575 0.14686892322071438 0.36071428571428577
v 0.04463963140509046 0.16866920463541457 0.34492347372833854
v 0.0676470588235294 0.14553420748636334 0.36071428571428577
v 0.0676470588235294 0.16258794336726254 0.3406569380449683
v 0.03453999009440714 0.15878912074452872 0.36071428571428577
v 0.1352941176470588 0.13120451422747006 0.31863872268022503
v 0.10462389367622513 0.16117299061676757 0.33966422516287503
v 0.0874037738522328 0.1443272212237316 0.36071428571428577
v 0.14163650996847266 0.13120451422747006 0.31863872268022503
v -0.08952942158976301 -0.09493607099254309 0.3921242168592
v -0.0676470588235294 -0.09600890462674601 0.40714285714285725
v -0.0676470588235294 -0.1025615994394555 0.3867742429329535
v -0.12919271936928778 -0.07352941176470584 0.3649018913645572
v -0.0956290225406731 -0.07352941176470584 0.40714285714285725
v -0.08800140628062006 -0.09344127340751193 0.40714285714285725
v -0.04353492666692039 -0.11611792698234535 0.3772632956727038
v 0 -0.11175007366225316 0.40714285714285725
v 0 -0.12323444548541398 0.37227043665943976
v -0.036734900037859924 -0.10946572701913403 0.40714285714285725
v 0.029330980585728753 -0.1110125317799456 0.3808451761162922
v 0.0676470588235294 -0.09600890462674601 0.40714285714285725
v 0.0676470588235294 -0.1025615994394555 0.3867742429329535
v 0.042495872428109836 -0.09813383323848585 0.40714285714285725
v 0.11635265669428739 -0.07352941176470584 0.3941426618926632
v 0.09562902254067308 -0.07352941176470584 0.40714285714285725
v -0.13598298090734312 -0.008026829148487832 0.4066700658989975
v -0.1352941176470588 -0.008353750161986959 0.40714285714285725
v -0.1352941176470588 -0.019267078122001714 0.39878404995250044
v -0.136187370824715 -0.007352941176470562 0.4065297858625404
v -0.13597497686064075 -0.007352941176470562 0.40714285714285725
v -0.1359209696542108 -0.0079661659660758 0.40714285714285725
v -0.13365206075811195 -0.07192305176464914 0.3618412874921033
v -0.11754453024934607 -0.05616568496259557 0.40714285714285725
v 0.1352941176470588 -0.019267078122001714 0.39878404995250044
v 0.1352941176470588 -0.008353750161986959 0.40714285714285725
v 0.17047668579320388 -0.007352941176470562 0.38486132782701266
v 0.13597497686064075 -0.007352941176470562 0.40714285714285725
v -0.1352941176470588 0.04595720982022892 0.3981160106992718
v -0.1352941176470588 -0.0048767748868515145 0.40714285714285725
v -0.1352941176470588 0.05882352941176472 0.3942452890576533
v -0.12453542082312931 0.05882352941176472 0.40714285714285725
v 0.1304230936276695 0.05405839721888389 0.4037997009059472
v 0.1352941176470588 -0.0048767748868515145 0.40714285714285725
v 0.1352941176470588 0.04595720982022892 0.3981160106992718
v 0.1352941176470588 0.05882352941176472 0.3942452890576533
v 0.129563811608854 0.05882352941176472 0.40320994523464837
v 0.1245354208231293 0.05882352941176472 0.40714285714285725
v 0.12695954561153244 0.050670143724836775 0.40714285714285725
v 0.16979329386929126 0.02639625295397415 0.3843922917550105
v 0.1620182181470009 0.05882352941176472 0.3790559820201466
v 0.13594824847117254 -0.006713030587663626 0.40714285714285725
v -0.1352941176470588 0.08696373802626482 0.38045709874223665
v -0.09286469603619477 0.10033057229195777 0.3898350999254689
v -0.0676470588235294 0.11003492621456015 0.40714285714285725
v -0.0676470588235294 0.11672054377125705 0.4013340957887233
v -0.0676470588235294 0.125 0.3851529076458004
v -0.0004750955093287129 0.12453523265391755 0.4068167822746534
v 0 0.1243836646872532 0.40714285714285725
v 0 0.1246413996121904 0.40689126766442574
v 0 0.125 0.40626861110313034
v -0.0028822639562662705 0.125 0.4051646573467863
v -0.0009637767505993183 0.12405717491789198 0.40714285714285725
v 0.06093457183988856 0.11843343664643832 0.40253583967892986
v 0.0676470588235294 0.11003492621456015 0.40714285714285725
v 0.0676470588235294 0.11672054377125705 0.4013340957887233
v 0.0676470588235294 0.125 0.3851529076458004
v 0.0487362869566876 0.125 0.3941637248988447
v 0.05684258142385499 0.11443040254379677 0.40714285714285725
v 0.1352941176470588 0.08696373802626482 0.38045709874223665
v 0.11869292008380107 0.10875969803594354 0.3957488675109319
v 0.08985296785633387 0.125 0.3759549872554342
v 0.10828624116951313 0.0985792512719662 0.40714285714285725
v 0.1613010474512899 0.08426509117677332 0.37856376238116485
v -0.0676470588235294 0.14433509600929242 0.37427954354937665
v 0 0.15768754992194983 0.3836474556595268
v -0.047608222972775976 0.14460320898443269 0.37446764820812584
v 0.0676470588235294 0.14433509600929242 0.37427954354937665
v 0.03308406081590115 0.157364842102512 0.3834210479512863
v 0.0874037738522328 0.1443272212237316 0.37427401869982446
v -0.0676470588235294 -0.07352941176470584 0.4217068876272448
v 0 -0.07352941176470584 0.43160397671705386
v -0.0456445857038416 -0.07352941176470584 0.42224393341444416
v 0.0676470588235294 -0.07352941176470584 0.4217068876272448
v 0.03474185160748532 -0.07352941176470584 0.430987419892094
v 0.0879561388705668 -0.07352941176470584 0.42108169779625865
v -0.1352941176470588 -0.007352941176470562 0.40758558594726224
v -0.0676470588235294 -0.05005552350750828 0.4236118390629863
v -0.0676470588235294 -0.007352941176470562 0.43901948754924275
v -0.13449426458669803 -0.007352941176470562 0.407691824615962
v -0.039852238920737526 -0.04633882707719206 0.42621942608235097
v 0 -0.03269711909512499 0.43579027517453134
v 0 -0.007352941176470562 0.4442098491478643
v -0.017899474193036488 -0.007352941176470562 0.44128638572465506
v 0.0676470588235294 -0.05005552350750828 0.4236118390629863
v 0.03784435005177757 -0.03650776497492344 0.43311677441441876
v 0.0676470588235294 -0.007352941176470562 0.43901948754924275
v 0.051230829379930905 -0.007352941176470562 0.4423043891085861
v 0.08839192765387045 -0.05323551834372002 0.42138079506678694
v 0.1352941176470588 -0.007352941176470562 0.40758558594726224
v 0.11080681948929043 -0.007352941176470562 0.43676492890414037
v 0.13591999420241288 -0.007352941176470562 0.40757241838115926
v -0.1352941176470588 -0.006731954197065427 0.40757853372205893
v -0.13456332398379967 -0.006638034331977956 0.4076444267067711
v -0.0676470588235294 0.03675988415692239 0.43809185523390426
v -0.0676470588235294 0.05882352941176472 0.43489206563153926
v 0 0.0435572618939724 0.4428608091383108
v -0.020248722530163937 0.03901499650182173 0.4396740134187384
v 0 0.05882352941176472 0.4409340953381339
v -0.02469530888187258 0.05882352941176472 0.4366221637798328
v 0.0676470588235294 0.03675988415692239 0.43809185523390426
v 0.05006888305155124 0.04162748789569913 0.4415069042061889
v 0.0676470588235294 0.05882352941176472 0.43489206563153926
v 0.047047241894999335 0.05882352941176472 0.4394330449030896
v 0.1352941176470588 -0.006731954197065427 0.40757853372205893
v 0.1105529956145471 0.03462025785822067 0.4365907205925929
v 0.10573511101065736 0.05882352941176472 0.43328403581787356
v 0.13591999420241288 -0.006740670633189385 0.40757241838115926
v -0.0676470588235294 0.09596920264184221 0.4332037897899909
v 0 0.10301045810975973 0.43814384521351396
v -0.029321765694602007 0.09631566399441108 0.43344686267544397
v 0.0676470588235294 0.09596920264184221 0.4332037897899909
v 0.04484818712130995 0.10269675594348097 0.43792375575717235
v 0.10549742633708173 0.09585106284893548 0.4331209044114754
f 1 2 3
f 1 3 4
f 1 4 5
f 1 5 6
f 1 6 7
f 1 7 2
f 8 9 10
f 8 10 11
f 8 11 12
f 12 4 3
f 12 3 8
f 13 2 3
f 13 3 8
f 8 13 9
f 14 15 16
f 14 16 17
f 14 17 18
f 11 10 14
f 11 14 18
f 19 9 10
f 19 10 14
f 14 19 15
f 16 17 20
f 16 15 20
f 21 22 23
f 21 23 24
f 21 24 25
f 21 25 26
f 21 26 27
f 21 27 22
f 28 4 5
f 28 5 29
f 29 28 30
f 29 30 31
f 31 24 23
f 31 23 29
f 32 22 23
f 32 23 29
f 32 6 5
f 32 5 29
f 33 11 12
f 33 12 34
f 34 33 35
f 34 35 36
f 36 30 28
f 36 28 34
f 28 4 34
f 4 12 34
f 37 17 18
f 37 18 38
f 38 37 39
f 38 39 40
f 40 35 33
f 40 33 38
f 33 11 38
f 11 18 38
f 41 42 43
f 41 43 44
f 41 44 45
f 39 37 41
f 39 41 45
f 37 17 41
f 42 20 17
f 42 17 41
f 43 44 46
f 43 42 46
f 24 25 47
f 24 47 48
f 47 48 49
f 47 49 50
f 47 50 51
f 47 51 52
f 26 25 47
f 26 47 52
f 53 30 31
f 53 31 54
f 54 53 55
f 54 55 56
f 56 49 48
f 56 48 54
f 48 24 54
f 24 31 54
f 57 35 36
f 57 36 58
f 58 57 59
f 58 59 60
f 60 55 53
f 60 53 58
f 53 30 58
f 30 36 58
f 39 40 61
f 39 61 62
f 61 62 63
f 61 63 64
f 59 57 61
f 59 61 64
f 57 35 61
f 35 40 61
f 44 45 65
f 44 65 66
f 65 66 67
f 65 67 68
f 63 62 65
f 63 65 68
f 62 39 65
f 39 45 65
f 66 67 69
f 70 69 66
f 70 66 44
f 44 46 70
f 50 49 71
f 50 51 71
f 55 56 72
f 55 72 73
f 72 73 74
f 72 74 75
f 72 75 76
f 71 49 72
f 71 72 76
f 49 56 72
f 59 60 77
f 59 77 78
f 77 78 79
f 77 79 80
f 80 74 73
f 80 73 77
f 73 55 77
f 55 60 77
f 63 64 81
f 63 81 82
f 81 82 83
f 81 83 84
f 79 78 81
f 79 81 84
f 78 59 81
f 59 64 81
f 68 67 85
f 82 83 86
f 87 86 82
f 87 82 63
f 87 63 68
f 87 68 85
f 67 85 88
f 67 69 88
f 75 74 89
f 75 76 89
f 80 79 90
f 74 89 91
f 90 91 74
f 90 74 80
f 84 83 92
f 79 90 93
f 93 79 84
f 93 84 92
f 83 92 94
f 83 86 94
f 95 96 97
f 95 97 98
f 95 98 99
f 95 99 100
f 95 100 101
f 95 101 96
f 102 103 104
f 102 104 105
f 102 105 106
f 106 98 97
f 106 97 102
f 107 96 97
f 107 97 102
f 102 107 103
f 108 109 110
f 108 110 111
f 108 111 112
f 105 104 108
f 105 108 112
f 103 104 108
f 103 108 113
f 108 113 109
f 110 111 114
f 110 109 114
f 115 116 117
f 115 117 118
f 115 118 119
f 115 119 120
f 115 120 121
f 115 121 116
f 122 98 99
f 122 99 123
f 122 2 7
f 122 7 123
f 124 6 7
f 124 7 123
f 124 118 117
f 124 117 123
f 125 116 117
f 125 117 123
f 125 100 99
f 125 99 123
f 126 105 106
f 126 106 127
f 126 9 13
f 126 13 127
f 13 2 127
f 2 122 127
f 122 98 127
f 98 106 127
f 128 111 112
f 128 112 129
f 15 19 129
f 15 129 128
f 19 9 129
f 9 126 129
f 126 105 129
f 105 112 129
f 130 131 132
f 130 132 133
f 133 20 15
f 133 15 130
f 15 128 130
f 128 111 130
f 131 114 111
f 131 111 130
f 132 133 134
f 132 131 134
f 135 118 119
f 135 119 136
f 135 22 27
f 135 27 136
f 137 26 27
f 137 27 136
f 136 137 138
f 136 138 139
f 139 120 119
f 139 119 136
f 124 6 140
f 6 32 140
f 32 22 140
f 22 135 140
f 135 118 140
f 118 124 140
f 20 133 141
f 20 42 141
f 42 46 142
f 143 142 42
f 143 42 141
f 143 141 133
f 143 133 144
f 133 134 144
f 137 26 145
f 26 52 145
f 146 51 52
f 146 52 145
f 145 146 147
f 145 147 148
f 148 138 137
f 148 137 145
f 142 46 149
f 46 70 149
f 150 69 70
f 150 70 149
f 149 150 151
f 149 151 152
f 143 142 149
f 143 149 152
f 153 154 146
f 153 146 51
f 51 71 153
f 146 147 154
f 71 76 155
f 155 71 153
f 155 153 156
f 153 154 156
f 157 158 159
f 85 87 157
f 85 157 159
f 86 87 157
f 86 157 160
f 157 160 161
f 157 161 162
f 157 162 158
f 150 69 163
f 69 88 163
f 88 85 163
f 85 159 163
f 164 158 159
f 164 159 163
f 151 150 163
f 151 163 164
f 165 155 76
f 165 76 166
f 76 89 166
f 155 156 165
f 167 168 169
f 90 91 167
f 90 167 169
f 91 89 167
f 89 166 167
f 165 166 167
f 165 167 170
f 167 170 168
f 171 172 173
f 173 92 93
f 173 93 171
f 93 90 171
f 90 169 171
f 168 169 171
f 168 171 174
f 171 174 172
f 160 86 175
f 86 94 175
f 94 92 175
f 92 173 175
f 172 173 175
f 172 175 176
f 176 161 160
f 176 160 175
f 177 178 179
f 179 96 101
f 179 101 177
f 180 100 101
f 180 101 177
f 177 180 181
f 177 181 182
f 177 182 178
f 183 184 185
f 185 103 107
f 185 107 183
f 107 96 183
f 96 179 183
f 186 178 179
f 186 179 183
f 183 186 184
f 187 188 189
f 189 109 113
f 189 113 187
f 113 103 187
f 103 185 187
f 184 185 187
f 184 187 190
f 187 190 188
f 109 114 191
f 192 191 109
f 192 109 189
f 189 188 192
f 193 194 195
f 195 116 121
f 195 121 193
f 196 120 121
f 196 121 193
f 193 196 197
f 193 197 198
f 193 198 194
f 180 100 199
f 100 125 199
f 125 116 199
f 116 195 199
f 200 194 195
f 200 195 199
f 200 181 180
f 200 180 199
f 201 191 114
f 201 114 202
f 114 131 202
f 191 192 201
f 131 134 203
f 204 203 131
f 204 131 202
f 202 201 204
f 205 206 207
f 205 207 208
f 205 208 209
f 205 209 210
f 205 210 211
f 205 211 206
f 196 120 212
f 120 139 212
f 213 138 139
f 213 139 212
f 213 208 207
f 213 207 212
f 214 206 207
f 214 207 212
f 214 197 196
f 214 196 212
f 215 216 203
f 215 203 134
f 217 215 134
f 217 134 144
f 144 143 217
f 203 204 216
f 215 217 218
f 215 216 218
f 208 209 219
f 208 219 220
f 219 220 221
f 219 221 222
f 219 222 223
f 219 223 224
f 210 209 219
f 210 219 224
f 213 138 225
f 138 148 225
f 147 148 225
f 147 225 226
f 226 221 220
f 226 220 225
f 220 208 225
f 208 213 225
f 143 217 227
f 228 227 143
f 228 143 152
f 152 151 228
f 227 228 229
f 230 229 227
f 230 227 217
f 217 218 230
f 222 221 231
f 222 223 231
f 226 147 232
f 233 154 147
f 233 147 232
f 232 233 234
f 232 234 235
f 235 231 221
f 235 221 232
f 221 226 232
f 154 156 236
f 154 233 236
f 162 158 237
f 162 161 237
f 238 228 151
f 238 151 239
f 151 164 239
f 164 158 239
f 240 237 158
f 240 158 239
f 239 240 241
f 239 241 238
f 228 238 242
f 228 229 242
f 234 233 243
f 234 235 243
f 236 156 244
f 165 156 244
f 165 244 245
f 244 245 246
f 244 246 247
f 243 233 244
f 243 244 247
f 233 236 244
f 170 168 248
f 249 248 170
f 249 170 165
f 165 245 249
f 174 172 250
f 251 250 174
f 251 174 168
f 168 248 251
f 252 237 161
f 252 161 253
f 161 176 253
f 176 172 253
f 254 250 172
f 254 172 253
f 253 254 255
f 253 255 252
f 237 252 256
f 237 240 256
f 246 245 257
f 246 247 257
f 249 248 258
f 245 257 259
f 258 259 245
f 258 245 249
f 251 250 260
f 248 258 261
f 261 248 251
f 261 251 260
f 250 260 262
f 250 254 262
f 263 264 265
f 263 265 266
f 263 266 267
f 263 267 268
f 263 268 269
f 263 269 264
f 270 271 272
f 270 272 273
f 270 273 274
f 274 266 265
f 274 265 270
f 275 264 265
f 275 265 270
f 270 275 271
f 276 277 278
f 276 278 279
f 276 279 280
f 280 273 272
f 280 272 276
f 281 271 272
f 281 272 276
f 276 281 277
f 282 283 284
f 282 284 285
f 282 285 286
f 286 279 278
f 286 278 282
f 287 277 278
f 287 278 282
f 282 287 283
f 288 289 290
f 288 290 291
f 288 291 292
f 285 284 288
f 285 288 292
f 293 283 284
f 293 284 288
f 288 293 289
f 290 291 294
f 290 289 294
f 295 296 297
f 295 297 298
f 295 298 299
f 295 299 300
f 295 300 301
f 295 301 296
f 302 266 267
f 302 267 303
f 303 302 304
f 303 304 305
f 305 298 297
f 305 297 303
f 306 296 297
f 306 297 303
f 306 268 267
f 306 267 303
f 307 273 274
f 307 274 308
f 307 178 182
f 307 182 308
f 309 181 182
f 309 182 308
f 309 304 302
f 309 302 308
f 302 266 308
f 266 274 308
f 310 279 280
f 310 280 311
f 310 184 186
f 310 186 311
f 186 178 311
f 178 307 311
f 307 273 311
f 273 280 311
f 312 285 286
f 312 286 313
f 312 188 190
f 312 190 313
f 190 184 313
f 184 310 313
f 310 279 313
f 279 286 313
f 314 291 292
f 314 292 315
f 315 314 316
f 316 192 188
f 316 188 315
f 188 312 315
f 312 285 315
f 285 292 315
f 317 318 319
f 317 319 320
f 317 320 321
f 321 316 314
f 321 314 317
f 314 291 317
f 318 294 291
f 318 291 317
f 319 320 322
f 319 318 322
f 323 324 325
f 323 325 326
f 323 326 327
f 323 327 328
f 323 328 329
f 323 329 324
f 330 298 299
f 330 299 331
f 331 330 332
f 331 332 333
f 333 326 325
f 333 325 331
f 334 324 325
f 334 325 331
f 334 300 299
f 334 299 331
f 335 304 305
f 335 305 336
f 335 194 198
f 335 198 336
f 337 197 198
f 337 198 336
f 337 332 330
f 337 330 336
f 330 298 336
f 298 305 336
f 309 181 338
f 181 200 338
f 200 194 338
f 194 335 338
f 335 304 338
f 304 309 338
f 192 316 339
f 192 201 339
f 320 321 340
f 320 340 341
f 340 341 342
f 204 201 340
f 204 340 342
f 201 339 340
f 339 316 340
f 316 321 340
f 343 344 345
f 343 345 346
f 343 346 347
f 347 342 341
f 347 341 343
f 341 320 343
f 344 322 320
f 344 320 343
f 345 346 348
f 345 344 348
f 349 326 327
f 349 327 350
f 350 349 351
f 350 351 352
f 350 352 353
f 350 353 354
f 354 328 327
f 354 327 350
f 355 332 333
f 355 333 356
f 355 206 211
f 355 211 356
f 357 210 211
f 357 211 356
f 357 351 349
f 357 349 356
f 349 326 356
f 326 333 356
f 337 197 358
f 197 214 358
f 214 206 358
f 206 355 358
f 355 332 358
f 332 337 358
f 204 342 359
f 204 216 359
f 346 347 360
f 346 360 361
f 360 361 362
f 362 218 216
f 362 216 360
f 216 359 360
f 359 342 360
f 342 347 360
f 361 362 363
f 364 363 361
f 364 361 346
f 346 348 364
f 365 351 352
f 365 352 366
f 366 365 367
f 366 367 368
f 366 368 369
f 366 369 370
f 370 353 352
f 370 352 366
f 357 210 371
f 210 224 371
f 372 223 224
f 372 224 371
f 372 367 365
f 372 365 371
f 365 351 371
f 351 357 371
f 218 362 373
f 373 218 230
f 373 230 374
f 230 229 374
f 373 374 375
f 376 375 373
f 376 373 362
f 362 363 376
f 367 368 377
f 367 377 378
f 377 378 379
f 377 379 380
f 377 380 381
f 377 381 382
f 382 369 368
f 382 368 377
f 372 223 383
f 384 231 223
f 384 223 383
f 383 384 385
f 385 379 378
f 385 378 383
f 378 367 383
f 367 372 383
f 231 235 386
f 231 384 386
f 241 238 387
f 241 240 387
f 229 374 388
f 388 229 242
f 388 242 389
f 389 242 238
f 389 238 390
f 238 387 390
f 388 389 391
f 392 391 388
f 392 388 374
f 374 375 392
f 379 380 393
f 379 393 394
f 393 394 395
f 393 395 396
f 393 396 397
f 393 397 398
f 381 380 393
f 381 393 398
f 399 384 385
f 399 385 400
f 400 399 401
f 400 401 402
f 402 395 394
f 402 394 400
f 394 379 400
f 379 385 400
f 386 235 403
f 404 243 235
f 404 235 403
f 403 404 405
f 401 399 403
f 401 403 405
f 399 384 403
f 384 386 403
f 243 247 406
f 243 404 406
f 255 252 407
f 255 254 407
f 240 387 408
f 409 408 240
f 409 240 256
f 409 256 252
f 409 252 410
f 252 407 410
f 389 390 411
f 389 411 412
f 411 412 413
f 411 413 414
f 409 408 411
f 409 411 414
f 408 387 411
f 387 390 411
f 412 413 415
f 416 415 412
f 416 412 389
f 389 391 416
f 396 395 417
f 396 397 417
f 401 402 418
f 401 418 419
f 418 419 420
f 418 420 421
f 418 421 422
f 422 417 395
f 422 395 418
f 395 402 418
f 423 404 405
f 423 405 424
f 424 423 425
f 424 425 426
f 426 420 419
f 426 419 424
f 419 401 424
f 401 405 424
f 406 247 427
f 428 257 247
f 428 247 427
f 427 428 429
f 425 423 427
f 425 427 429
f 423 404 427
f 404 406 427
f 259 258 430
f 430 259 257
f 430 257 431
f 257 428 431
f 261 260 432
f 432 261 258
f 432 258 433
f 258 430 433
f 254 407 434
f 434 254 262
f 434 262 435
f 435 262 260
f 435 260 436
f 260 432 436
f 409 410 437
f 409 437 438
f 437 438 439
f 437 439 440
f 435 434 437
f 435 437 440
f 434 407 437
f 407 410 437
f 414 413 441
f 438 439 442
f 443 442 438
f 443 438 409
f 443 409 414
f 443 414 441
f 413 441 444
f 413 415 444
f 421 420 445
f 421 422 445
f 426 425 446
f 420 445 447
f 446 447 420
f 446 420 426
f 429 428 448
f 425 446 449
f 448 449 425
f 448 425 429
f 430 431 450
f 430 450 451
f 450 451 452
f 450 452 453
f 450 453 454
f 454 448 428
f 454 428 450
f 428 431 450
f 433 432 455
f 451 452 456
f 457 456 451
f 457 451 430
f 455 457 430
f 455 430 433
f 436 435 458
f 432 455 459
f 458 459 432
f 458 432 436
f 440 439 460
f 435 458 461
f 461 435 440
f 461 440 460
f 439 460 462
f 439 442 462
f 453 452 463
f 453 454 463
f 452 463 464
f 452 456 464
f 465 466 467
f 465 467 468
f 465 468 469
f 465 469 470
f 465 470 471
f 465 471 466
f 472 473 474
f 472 474 475
f 472 475 476
f 476 468 467
f 476 467 472
f 477 466 467
f 477 467 472
f 472 477 473
f 478 479 480
f 478 480 481
f 478 481 482
f 475 474 478
f 475 478 482
f 473 474 478
f 473 478 483
f 478 483 479
f 480 481 484
f 480 479 484
f 485 486 487
f 485 487 488
f 485 488 489
f 485 489 490
f 485 490 491
f 485 491 486
f 492 493 494
f 494 264 269
f 494 269 492
f 495 268 269
f 495 269 492
f 495 488 487
f 495 487 492
f 496 486 487
f 496 487 492
f 492 496 493
f 497 468 469
f 497 469 498
f 497 271 275
f 497 275 498
f 275 264 498
f 264 494 498
f 499 493 494
f 499 494 498
f 499 470 469
f 499 469 498
f 500 475 476
f 500 476 501
f 500 277 281
f 500 281 501
f 281 271 501
f 271 497 501
f 497 468 501
f 468 476 501
f 502 481 482
f 502 482 503
f 283 287 503
f 283 503 502
f 287 277 503
f 277 500 503
f 500 475 503
f 475 482 503
f 504 505 506
f 506 289 293
f 506 293 504
f 293 283 504
f 283 502 504
f 502 481 504
f 505 484 481
f 505 481 504
f 507 508 509
f 507 509 510
f 510 294 289
f 510 289 507
f 289 506 507
f 511 505 506
f 511 506 507
f 507 511 508
f 509 510 512
f 509 508 512
f 513 514 515
f 513 515 516
f 513 516 517
f 513 517 518
f 513 518 519
f 513 519 514
f 520 488 489
f 520 489 521
f 520 296 301
f 520 301 521
f 522 300 301
f 522 301 521
f 522 516 515
f 522 515 521
f 523 514 515
f 523 515 521
f 523 490 489
f 523 489 521
f 495 268 524
f 268 306 524
f 306 296 524
f 296 520 524
f 520 488 524
f 488 495 524
f 294 510 525
f 294 318 525
f 526 527 528
f 526 528 529
f 322 318 526
f 322 526 529
f 318 525 526
f 525 510 526
f 512 510 526
f 512 526 527
f 528 529 530
f 528 527 530
f 531 516 517
f 531 517 532
f 531 324 329
f 531 329 532
f 533 328 329
f 533 329 532
f 532 533 534
f 532 534 535
f 535 518 517
f 535 517 532
f 522 300 536
f 300 334 536
f 334 324 536
f 324 531 536
f 531 516 536
f 516 522 536
f 322 529 537
f 322 344 537
f 344 348 538
f 539 538 344
f 539 344 537
f 540 539 537
f 540 537 529
f 529 530 540
f 541 542 543
f 541 543 544
f 541 544 545
f 541 545 546
f 541 546 547
f 541 547 542
f 533 328 548
f 328 354 548
f 549 353 354
f 549 354 548
f 549 544 543
f 549 543 548
f 550 542 543
f 550 543 548
f 550 534 533
f 550 533 548
f 551 552 538
f 551 538 348
f 553 551 348
f 553 348 364
f 364 363 553
f 538 539 552
f 551 553 554
f 551 552 554
f 555 544 545
f 555 545 556
f 556 555 557
f 556 557 558
f 556 558 559
f 556 559 560
f 560 546 545
f 560 545 556
f 549 353 561
f 353 370 561
f 562 369 370
f 562 370 561
f 562 557 555
f 562 555 561
f 555 544 561
f 544 549 561
f 363 553 563
f 564 563 363
f 564 363 376
f 376 375 564
f 563 564 565
f 565 563 553
f 565 553 566
f 553 554 566
f 557 558 567
f 557 567 568
f 567 568 569
f 567 569 570
f 567 570 571
f 567 571 572
f 559 558 567
f 559 567 572
f 562 369 573
f 369 382 573
f 381 382 573
f 381 573 574
f 574 569 568
f 574 568 573
f 568 557 573
f 557 562 573
f 375 564 575
f 576 575 375
f 576 375 392
f 392 391 576
f 575 576 577
f 578 577 575
f 578 575 564
f 564 565 578
f 570 569 579
f 570 571 579
f 574 381 580
f 381 398 580
f 581 397 398
f 581 398 580
f 580 581 582
f 582 579 569
f 582 569 580
f 569 574 580
f 583 576 391
f 583 391 584
f 391 416 584
f 585 415 416
f 585 416 584
f 584 585 586
f 584 586 587
f 584 587 583
f 576 583 588
f 576 577 588
f 589 581 397
f 589 397 590
f 397 417 590
f 581 582 589
f 417 422 591
f 591 417 590
f 591 590 592
f 590 589 592
f 593 594 595
f 595 441 443
f 595 443 593
f 596 442 443
f 596 443 593
f 593 596 597
f 593 597 598
f 593 598 594
f 585 415 599
f 415 444 599
f 444 441 599
f 441 595 599
f 594 595 599
f 594 599 600
f 586 585 599
f 586 599 600
f 601 591 422
f 601 422 602
f 422 445 602
f 591 592 601
f 447 446 603
f 603 447 445
f 603 445 604
f 604 445 602
f 604 602 605
f 602 601 605
f 449 448 606
f 607 606 449
f 607 449 446
f 446 603 607
f 448 454 608
f 448 606 608
f 457 455 609
f 457 456 609
f 459 458 610
f 610 459 455
f 610 455 611
f 455 609 611
f 612 613 614
f 614 460 461
f 614 461 612
f 461 458 612
f 615 610 458
f 615 458 612
f 612 615 616
f 612 616 613
f 596 442 617
f 442 462 617
f 462 460 617
f 460 614 617
f 613 614 617
f 613 617 618
f 597 596 617
f 597 617 618
f 604 603 619
f 604 605 619
f 607 606 620
f 603 619 621
f 620 621 603
f 620 603 607
f 622 608 454
f 622 454 623
f 454 463 623
f 606 620 624
f 624 606 608
f 624 608 622
f 625 609 456
f 625 456 626
f 456 464 626
f 464 463 626
f 463 623 626
f 622 623 626
f 622 626 627
f 626 627 625
f 611 610 628
f 609 625 629
f 629 609 611
f 629 611 628
f 610 628 630
f 610 615 630
f 631 632 633
f 631 633 634
f 631 634 635
f 631 635 636
f 631 636 637
f 631 637 632
f 638 639 640
f 640 466 471
f 640 471 638
f 641 470 471
f 641 471 638
f 641 634 633
f 641 633 638
f 642 632 633
f 642 633 638
f 638 642 639
f 643 644 645
f 645 473 477
f 645 477 643
f 477 466 643
f 466 640 643
f 646 639 640
f 646 640 643
f 643 646 644
f 647 648 649
f 649 479 483
f 649 483 647
f 483 473 647
f 473 645 647
f 644 645 647
f 644 647 650
f 647 650 648
f 651 652 653
f 651 653 654
f 484 479 651
f 484 651 654
f 479 649 651
f 648 649 651
f 648 651 655
f 651 655 652
f 653 654 656
f 653 652 656
f 657 658 659
f 659 486 491
f 659 491 657
f 660 490 491
f 660 491 657
f 657 660 661
f 657 661 662
f 657 662 658
f 663 634 635
f 663 635 664
f 663 493 496
f 663 496 664
f 496 486 664
f 486 659 664
f 665 658 659
f 665 659 664
f 665 636 635
f 665 635 664
f 641 470 666
f 470 499 666
f 499 493 666
f 493 663 666
f 663 634 666
f 634 641 666
f 484 654 667
f 484 505 667
f 668 669 670
f 508 511 668
f 508 668 670
f 511 505 668
f 505 667 668
f 667 654 668
f 669 656 654
f 669 654 668
f 508 512 671
f 672 671 508
f 672 508 670
f 670 669 672
f 673 674 675
f 675 514 519
f 675 519 673
f 676 518 519
f 676 519 673
f 673 676 677
f 673 677 678
f 673 678 674
f 660 490 679
f 490 523 679
f 523 514 679
f 514 675 679
f 680 674 675
f 680 675 679
f 680 661 660
f 680 660 679
f 681 682 671
f 681 671 512
f 512 527 681
f 671 672 682
f 527 530 683
f 684 683 527
f 684 527 681
f 681 682 684
f 685 686 687
f 685 687 688
f 685 688 689
f 685 689 690
f 685 690 691
f 685 691 686
f 676 518 692
f 518 535 692
f 693 534 535
f 693 535 692
f 693 688 687
f 693 687 692
f 694 686 687
f 694 687 692
f 694 677 676
f 694 676 692
f 695 696 683
f 695 683 530
f 695 530 540
f 695 540 697
f 540 539 697
f 683 684 696
f 695 697 698
f 695 696 698
f 699 688 689
f 699 689 700
f 699 542 547
f 699 547 700
f 701 546 547
f 701 547 700
f 700 701 702
f 700 702 703
f 703 690 689
f 703 689 700
f 693 534 704
f 534 550 704
f 550 542 704
f 542 699 704
f 699 688 704
f 688 693 704
f 539 697 705
f 539 552 705
f 552 554 706
f 706 552 705
f 706 705 707
f 707 705 697
f 707 697 708
f 697 698 708
f 701 546 709
f 546 560 709
f 710 559 560
f 710 560 709
f 709 710 711
f 709 711 712
f 712 702 701
f 712 701 709
f 706 554 713
f 554 566 713
f 565 566 713
f 565 713 714
f 713 714 715
f 713 715 716
f 707 706 713
f 707 713 716
f 710 559 717
f 559 572 717
f 718 571 572
f 718 572 717
f 717 718 719
f 717 719 720
f 720 711 710
f 720 710 717
f 714 565 721
f 565 578 721
f 722 577 578
f 722 578 721
f 721 722 723
f 721 723 724
f 715 714 721
f 715 721 724
f 718 571 725
f 579 571 725
f 579 725 726
f 725 726 727
f 725 727 728
f 725 728 729
f 719 718 725
f 719 725 729
f 579 582 730
f 579 726 730
f 587 583 731
f 587 586 731
f 722 577 732
f 577 588 732
f 588 583 732
f 733 731 583
f 733 583 732
f 732 733 734
f 723 722 732
f 723 732 734
f 727 726 735
f 727 728 735
f 730 582 736
f 737 589 582
f 737 582 736
f 736 737 738
f 736 738 739
f 739 735 726
f 739 726 736
f 726 730 736
f 589 592 740
f 589 737 740
f 598 594 741
f 598 597 741
f 742 731 586
f 742 586 743
f 586 600 743
f 600 594 743
f 744 741 594
f 744 594 743
f 743 744 745
f 743 745 742
f 731 742 746
f 731 733 746
f 738 737 747
f 738 739 747
f 740 592 748
f 601 592 748
f 601 748 749
f 748 749 750
f 748 750 751
f 747 737 748
f 747 748 751
f 737 740 748
f 601 605 752
f 601 749 752
f 616 613 753
f 616 615 753
f 754 741 597
f 754 597 755
f 597 618 755
f 618 613 755
f 756 753 613
f 756 613 755
f 755 756 757
f 755 757 754
f 741 754 758
f 741 744 758
f 750 749 759
f 750 751 759
f 760 752 605
f 760 605 761
f 605 619 761
f 749 759 762
f 760 762 749
f 760 749 752
f 763 764 765
f 620 621 763
f 620 763 765
f 621 619 763
f 619 761 763
f 760 761 763
f 760 763 766
f 763 766 764
f 767 768 769
f 622 624 767
f 622 767 769
f 624 620 767
f 620 765 767
f 764 765 767
f 764 767 770
f 767 770 768
f 771 772 773
f 625 627 771
f 625 771 773
f 627 622 771
f 622 769 771
f 774 768 769
f 774 769 771
f 771 774 772
f 775 776 777
f 777 628 629
f 777 629 775
f 629 625 775
f 625 773 775
f 778 772 773
f 778 773 775
f 775 778 776
f 779 753 615
f 779 615 780
f 615 630 780
f 630 628 780
f 628 777 780
f 776 777 780
f 776 780 781
f 780 781 779
f 753 779 782
f 753 756 782
f 783 784 785
f 783 785 786
f 783 786 787
f 783 787 788
f 783 788 789
f 783 789 784
f 790 791 792
f 790 792 793
f 790 793 794
f 794 786 785
f 794 785 790
f 795 784 785
f 795 785 790
f 790 795 791
f 796 797 798
f 796 798 799
f 796 799 800
f 800 793 792
f 800 792 796
f 801 791 792
f 801 792 796
f 796 801 797
f 802 803 804
f 802 804 805
f 802 805 806
f 806 799 798
f 806 798 802
f 807 797 798
f 807 798 802
f 802 807 803
f 808 809 810
f 808 810 811
f 808 811 812
f 805 804 808
f 805 808 812
f 803 804 808
f 803 808 813
f 808 813 809
f 810 811 814
f 810 809 814
f 815 816 817
f 815 817 818
f 815 818 819
f 815 819 820
f 815 820 821
f 815 821 816
f 822 823 824
f 822 824 825
f 822 825 826
f 826 818 817
f 826 817 822
f 827 816 817
f 827 817 822
f 822 827 823
f 828 786 787
f 828 787 829
f 828 632 637
f 828 637 829
f 830 636 637
f 830 637 829
f 830 825 824
f 830 824 829
f 831 823 824
f 831 824 829
f 831 788 787
f 831 787 829
f 832 793 794
f 832 794 833
f 832 639 642
f 832 642 833
f 642 632 833
f 632 828 833
f 828 786 833
f 786 794 833
f 834 799 800
f 834 800 835
f 834 644 646
f 834 646 835
f 646 639 835
f 639 832 835
f 832 793 835
f 793 800 835
f 836 805 806
f 836 806 837
f 836 648 650
f 836 650 837
f 650 644 837
f 644 834 837
f 834 799 837
f 799 806 837
f 838 811 812
f 838 812 839
f 838 652 655
f 838 655 839
f 655 648 839
f 648 836 839
f 836 805 839
f 805 812 839
f 840 841 842
f 840 842 843
f 843 656 652
f 843 652 840
f 652 838 840
f 838 811 840
f 841 814 811
f 841 811 840
f 844 845 846
f 844 846 847
f 844 847 848
f 843 842 844
f 843 844 848
f 849 841 842
f 849 842 844
f 844 849 845
f 846 847 850
f 846 845 850
f 851 852 853
f 851 853 854
f 851 854 855
f 851 855 856
f 851 856 857
f 851 857 852
f 858 818 819
f 858 819 859
f 859 858 860
f 859 860 861
f 861 854 853
f 861 853 859
f 862 852 853
f 862 853 859
f 862 820 819
f 862 819 859
f 863 825 826
f 863 826 864
f 863 658 662
f 863 662 864
f 865 661 662
f 865 662 864
f 865 860 858
f 865 858 864
f 858 818 864
f 818 826 864
f 830 636 866
f 636 665 866
f 665 658 866
f 658 863 866
f 863 825 866
f 825 830 866
f 656 843 867
f 656 669 867
f 868 847 848
f 868 848 869
f 869 868 870
f 870 672 669
f 870 669 869
f 669 867 869
f 867 843 869
f 843 848 869
f 871 872 873
f 871 873 874
f 871 874 875
f 875 870 868
f 875 868 871
f 868 847 871
f 872 850 847
f 872 847 871
f 873 874 876
f 873 872 876
f 877 878 879
f 877 879 880
f 877 880 881
f 877 881 882
f 877 882 883
f 877 883 878
f 884 854 855
f 884 855 885
f 885 884 886
f 885 886 887
f 887 880 879
f 887 879 885
f 888 878 879
f 888 879 885
f 888 856 855
f 888 855 885
f 889 860 861
f 889 861 890
f 889 674 678
f 889 678 890
f 891 677 678
f 891 678 890
f 891 886 884
f 891 884 890
f 884 854 890
f 854 861 890
f 865 661 892
f 661 680 892
f 680 674 892
f 674 889 892
f 889 860 892
f 860 865 892
f 672 870 893
f 672 682 893
f 874 875 894
f 874 894 895
f 894 895 896
f 684 682 894
f 684 894 896
f 682 893 894
f 893 870 894
f 870 875 894
f 897 898 899
f 897 899 900
f 897 900 901
f 896 895 897
f 896 897 901
f 895 874 897
f 876 874 897
f 876 897 898
f 899 900 902
f 899 898 902
f 903 880 881
f 903 881 904
f 904 903 905
f 904 905 906
f 904 906 907
f 904 907 908
f 908 882 881
f 908 881 904
f 909 886 887
f 909 887 910
f 909 686 691
f 909 691 910
f 911 690 691
f 911 691 910
f 911 905 903
f 911 903 910
f 903 880 910
f 880 887 910
f 891 677 912
f 677 694 912
f 694 686 912
f 686 909 912
f 909 886 912
f 886 891 912
f 684 896 913
f 684 696 913
f 914 900 901
f 914 901 915
f 915 914 916
f 916 698 696
f 916 696 915
f 696 913 915
f 913 896 915
f 896 901 915
f 914 916 917
f 917 914 900
f 917 900 918
f 900 902 918
f 919 905 906
f 919 906 920
f 920 919 921
f 920 921 922
f 920 922 923
f 920 923 924
f 924 907 906
f 924 906 920
f 911 690 925
f 690 703 925
f 926 702 703
f 926 703 925
f 926 921 919
f 926 919 925
f 919 905 925
f 905 911 925
f 698 916 927
f 927 698 708
f 927 708 928
f 708 707 928
f 927 928 929
f 930 929 927
f 930 927 916
f 916 917 930
f 931 921 922
f 931 922 932
f 932 931 933
f 932 933 934
f 932 934 935
f 932 935 936
f 936 923 922
f 936 922 932
f 926 702 937
f 702 712 937
f 938 711 712
f 938 712 937
f 938 933 931
f 938 931 937
f 931 921 937
f 921 926 937
f 707 928 939
f 939 707 716
f 939 716 940
f 716 715 940
f 939 940 941
f 942 941 939
f 942 939 928
f 928 929 942
f 943 933 934
f 943 934 944
f 944 943 945
f 944 945 946
f 944 946 947
f 944 947 948
f 948 935 934
f 948 934 944
f 938 711 949
f 711 720 949
f 950 719 720
f 950 720 949
f 950 945 943
f 950 943 949
f 943 933 949
f 933 938 949
f 715 940 951
f 952 951 715
f 952 715 724
f 724 723 952
f 951 952 953
f 954 953 951
f 954 951 940
f 940 941 954
f 955 945 946
f 955 946 956
f 956 955 957
f 956 957 958
f 956 958 959
f 956 959 960
f 960 947 946
f 960 946 956
f 950 719 961
f 719 729 961
f 962 728 729
f 962 729 961
f 962 957 955
f 962 955 961
f 955 945 961
f 945 950 961
f 723 952 963
f 964 963 723
f 964 723 734
f 734 733 964
f 963 964 965
f 966 965 963
f 966 963 952
f 952 953 966
f 957 958 967
f 957 967 968
f 967 968 969
f 967 969 970
f 967 970 971
f 967 971 972
f 959 958 967
f 959 967 972
f 962 728 973
f 974 735 728
f 974 728 973
f 973 974 975
f 975 969 968
f 975 968 973
f 968 957 973
f 957 962 973
f 735 739 976
f 735 974 976
f 745 742 977
f 745 744 977
f 733 964 978
f 978 733 746
f 978 746 979
f 979 746 742
f 979 742 980
f 742 977 980
f 978 979 981
f 982 981 978
f 982 978 964
f 964 965 982
f 970 969 983
f 970 971 983
f 974 975 984
f 974 984 985
f 984 985 986
f 984 986 987
f 984 987 988
f 988 983 969
f 988 969 984
f 969 975 984
f 976 739 989
f 990 747 739
f 990 739 989
f 989 990 991
f 991 986 985
f 991 985 989
f 985 974 989
f 974 976 989
f 747 751 992
f 747 990 992
f 757 754 993
f 757 756 993
f 744 977 994
f 995 994 744
f 995 744 758
f 995 758 754
f 995 754 996
f 754 993 996
f 980 979 997
f 994 995 998
f 999 998 994
f 999 994 977
f 999 977 980
f 999 980 997
f 979 997 1000
f 979 981 1000
f 987 986 1001
f 987 988 1001
f 990 991 1002
f 990 1002 1003
f 1002 1003 1004
f 1002 1004 1005
f 1002 1005 1006
f 1006 1001 986
f 1006 986 1002
f 986 991 1002
f 992 751 1007
f 1008 759 751
f 1008 751 1007
f 1007 1008 1009
f 1009 1004 1003
f 1009 1003 1007
f 1003 990 1007
f 990 992 1007
f 762 760 1010
f 1010 762 759
f 1010 759 1011
f 759 1008 1011
f 766 764 1012
f 1013 1012 766
f 1013 766 760
f 760 1010 1013
f 770 768 1014
f 1015 1014 770
f 1015 770 764
f 764 1012 1015
f 774 772 1016
f 1016 774 768
f 1016 768 1017
f 768 1014 1017
f 778 776 1018
f 1018 778 772
f 1018 772 1019
f 772 1016 1019
f 781 779 1020
f 1020 781 776
f 1020 776 1021
f 776 1018 1021
f 756 993 1022
f 1022 756 782
f 1022 782 1023
f 1023 782 779
f 1023 779 1024
f 779 1020 1024
f 996 995 1025
f 1022 1023 1026
f 1027 1026 1022
f 1027 1022 993
f 1027 993 996
f 1027 996 1025
f 995 1025 1028
f 995 998 1028
f 1005 1004 1029
f 1005 1006 1029
f 1009 1008 1030
f 1004 1029 1031
f 1030 1031 1004
f 1030 1004 1009
f 1010 1011 1032
f 1010 1032 1033
f 1032 1033 1034
f 1032 1034 1035
f 1032 1035 1036
f 1036 1030 1008
f 1036 1008 1032
f 1008 1011 1032
f 1037 1012 1013
f 1037 1013 1038
f 1038 1037 1039
f 1038 1039 1040
f 1040 1034 1033
f 1040 1033 1038
f 1033 1010 1038
f 1010 1013 1038
f 1041 1014 1015
f 1041 1015 1042
f 1042 1041 1043
f 1042 1043 1044
f 1039 1037 1042
f 1039 1042 1044
f 1037 1012 1042
f 1012 1015 1042
f 1016 1017 1045
f 1016 1045 1046
f 1045 1046 1047
f 1045 1047 1048
f 1043 1041 1045
f 1043 1045 1048
f 1041 1014 1045
f 1014 1017 1045
f 1018 1019 1049
f 1018 1049 1050
f 1049 1050 1051
f 1049 1051 1052
f 1047 1046 1049
f 1047 1049 1052
f 1046 1016 1049
f 1016 1019 1049
f 1021 1020 1053
f 1050 1051 1054
f 1055 1054 1050
f 1055 1050 1018
f 1053 1055 1018
f 1053 1018 1021
f 1024 1023 1056
f 1020 1053 1057
f 1057 1020 1024
f 1057 1024 1056
f 1023 1056 1058
f 1023 1026 1058
f 1035 1034 1059
f 1035 1036 1059
f 1040 1039 1060
f 1034 1059 1061
f 1060 1061 1034
f 1060 1034 1040
f 1044 1043 1062
f 1039 1060 1063
f 1062 1063 1039
f 1062 1039 1044
f 1048 1047 1064
f 1043 1062 1065
f 1064 1065 1043
f 1064 1043 1048
f 1052 1051 1066
f 1047 1064 1067
f 1067 1047 1052
f 1067 1052 1066
f 1051 1066 1068
f 1051 1054 1068
f 1069 1070 1071
f 1069 1071 1072
f 1069 1072 1073
f 1069 1073 1074
f 1069 1074 1075
f 1069 1075 1070
f 1076 1077 1078
f 1078 784 789
f 1078 789 1076
f 1079 788 789
f 1079 789 1076
f 1079 1072 1071
f 1079 1071 1076
f 1080 1070 1071
f 1080 1071 1076
f 1076 1080 1077
f 1081 1082 1083
f 1083 791 795
f 1083 795 1081
f 795 784 1081
f 784 1078 1081
f 1084 1077 1078
f 1084 1078 1081
f 1081 1084 1082
f 1085 1086 1087
f 1087 797 801
f 1087 801 1085
f 801 791 1085
f 791 1083 1085
f 1088 1082 1083
f 1088 1083 1085
f 1085 1088 1086
f 1089 1090 1091
f 1091 803 807
f 1091 807 1089
f 807 797 1089
f 797 1087 1089
f 1092 1086 1087
f 1092 1087 1089
f 1089 1092 1090
f 1093 1094 1095
f 1095 809 813
f 1095 813 1093
f 813 803 1093
f 803 1091 1093
f 1096 1090 1091
f 1096 1091 1093
f 1093 1096 1094
f 1097 1098 1099
f 1097 1099 1100
f 1100 814 809
f 1100 809 1097
f 809 1095 1097
f 1094 1095 1097
f 1094 1097 1101
f 1097 1101 1098
f 1099 1100 1102
f 1099 1098 1102
f 1103 1104 1105
f 1105 816 821
f 1105 821 1103
f 1106 820 821
f 1106 821 1103
f 1103 1106 1107
f 1103 1107 1108
f 1103 1108 1104
f 1109 1072 1073
f 1109 1073 1110
f 1109 823 827
f 1109 827 1110
f 827 816 1110
f 816 1105 1110
f 1111 1104 1105
f 1111 1105 1110
f 1111 1074 1073
f 1111 1073 1110
f 1079 788 1112
f 788 831 1112
f 831 823 1112
f 823 1109 1112
f 1109 1072 1112
f 1072 1079 1112
f 814 1100 1113
f 814 841 1113
f 1114 1115 1116
f 845 849 1114
f 845 1114 1116
f 849 841 1114
f 841 1113 1114
f 1113 1100 1114
f 1102 1100 1114
f 1102 1114 1115
f 845 850 1117
f 1118 1117 845
f 1118 845 1116
f 1116 1115 1118
f 1119 1120 1121
f 1121 852 857
f 1121 857 1119
f 1122 856 857
f 1122 857 1119
f 1119 1122 1123
f 1119 1123 1124
f 1119 1124 1120
f 1106 820 1125
f 820 862 1125
f 862 852 1125
f 852 1121 1125
f 1126 1120 1121
f 1126 1121 1125
f 1126 1107 1106
f 1126 1106 1125
f 1127 1128 1117
f 1127 1117 850
f 850 872 1127
f 1117 1118 1128
f 872 876 1129
f 1130 1129 872
f 1130 872 1127
f 1127 1128 1130
f 1131 1132 1133
f 1133 878 883
f 1133 883 1131
f 1134 882 883
f 1134 883 1131
f 1131 1134 1135
f 1131 1135 1136
f 1131 1136 1132
f 1122 856 1137
f 856 888 1137
f 888 878 1137
f 878 1133 1137
f 1138 1132 1133
f 1138 1133 1137
f 1138 1123 1122
f 1138 1122 1137
f 1139 1140 1129
f 1139 1129 876
f 876 898 1139
f 1129 1130 1140
f 898 902 1141
f 1142 1141 898
f 1142 898 1139
f 1139 1140 1142
f 1134 882 1143
f 882 908 1143
f 1144 907 908
f 1144 908 1143
f 1143 1144 1145
f 1143 1145 1146
f 1146 1135 1134
f 1146 1134 1143
f 1141 902 1147
f 902 918 1147
f 917 918 1147
f 917 1147 1148
f 1147 1148 1149
f 1147 1149 1150
f 1142 1141 1147
f 1142 1147 1150
f 1151 1152 1153
f 1151 1153 1154
f 1151 1154 1155
f 1151 1155 1156
f 1151 1156 1157
f 1151 1157 1152
f 1144 907 1158
f 907 924 1158
f 1159 923 924
f 1159 924 1158
f 1159 1154 1153
f 1159 1153 1158
f 1160 1152 1153
f 1160 1153 1158
f 1160 1145 1144
f 1160 1144 1158
f 1161 1162 1148
f 1161 1148 917
f 1163 1161 917
f 1163 917 930
f 930 929 1163
f 1148 1149 1162
f 1161 1163 1164
f 1161 1162 1164
f 1165 1154 1155
f 1165 1155 1166
f 1166 1165 1167
f 1166 1167 1168
f 1166 1168 1169
f 1166 1169 1170
f 1170 1156 1155
f 1170 1155 1166
f 1159 923 1171
f 923 936 1171
f 1172 935 936
f 1172 936 1171
f 1172 1167 1165
f 1172 1165 1171
f 1165 1154 1171
f 1154 1159 1171
f 929 1163 1173
f 1174 1173 929
f 1174 929 942
f 942 941 1174
f 1173 1174 1175
f 1175 1173 1163
f 1175 1163 1176
f 1163 1164 1176
f 1167 1168 1177
f 1167 1177 1178
f 1177 1178 1179
f 1177 1179 1180
f 1177 1180 1181
f 1177 1181 1182
f 1169 1168 1177
f 1169 1177 1182
f 1172 935 1183
f 935 948 1183
f 947 948 1183
f 947 1183 1184
f 1184 1179 1178
f 1184 1178 1183
f 1178 1167 1183
f 1167 1172 1183
f 941 1174 1185
f 1186 1185 941
f 1186 941 954
f 954 953 1186
f 1185 1186 1187
f 1188 1187 1185
f 1188 1185 1174
f 1174 1175 1188
f 1180 1179 1189
f 1180 1181 1189
f 1184 947 1190
f 947 960 1190
f 959 960 1190
f 959 1190 1191
f 1190 1191 1192
f 1192 1189 1179
f 1192 1179 1190
f 1179 1184 1190
f 1193 1186 953
f 1193 953 1194
f 953 966 1194
f 965 966 1194
f 965 1194 1195
f 1194 1195 1196
f 1194 1196 1197
f 1194 1197 1193
f 1186 1193 1198
f 1186 1187 1198
f 1191 959 1199
f 959 972 1199
f 1200 971 972
f 1200 972 1199
f 1199 1200 1201
f 1199 1201 1202
f 1192 1191 1199
f 1192 1199 1202
f 1195 965 1203
f 965 982 1203
f 1204 981 982
f 1204 982 1203
f 1203 1204 1205
f 1203 1205 1206
f 1206 1196 1195
f 1206 1195 1203
f 1207 1200 971
f 1207 971 1208
f 971 983 1208
f 1200 1201 1207
f 983 988 1209
f 1209 983 1208
f 1209 1208 1210
f 1208 1207 1210
f 1211 1212 1213
f 1213 997 999
f 1213 999 1211
f 1214 998 999
f 1214 999 1211
f 1211 1214 1215
f 1211 1215 1216
f 1211 1216 1212
f 1204 981 1217
f 981 1000 1217
f 1000 997 1217
f 997 1213 1217
f 1212 1213 1217
f 1212 1217 1218
f 1205 1204 1217
f 1205 1217 1218
f 1219 1220 1209
f 1219 1209 988
f 988 1001 1219
f 1209 1210 1220
f 1001 1006 1221
f 1221 1001 1219
f 1221 1219 1222
f 1219 1220 1222
f 1223 1224 1225
f 1025 1027 1223
f 1025 1223 1225
f 1226 1026 1027
f 1226 1027 1223
f 1223 1226 1227
f 1223 1227 1228
f 1223 1228 1224
f 1214 998 1229
f 998 1028 1229
f 1028 1025 1229
f 1025 1225 1229
f 1230 1224 1225
f 1230 1225 1229
f 1230 1215 1214
f 1230 1214 1229
f 1231 1221 1006
f 1231 1006 1232
f 1006 1029 1232
f 1221 1222 1231
f 1031 1030 1233
f 1234 1233 1031
f 1234 1031 1029
f 1235 1234 1029
f 1235 1029 1232
f 1232 1231 1235
f 1030 1036 1236
f 1030 1233 1236
f 1055 1053 1237
f 1055 1054 1237
f 1238 1239 1240
f 1240 1056 1057
f 1240 1057 1238
f 1057 1053 1238
f 1241 1237 1053
f 1241 1053 1238
f 1238 1241 1242
f 1238 1242 1239
f 1226 1026 1243
f 1026 1058 1243
f 1058 1056 1243
f 1056 1240 1243
f 1239 1240 1243
f 1239 1243 1244
f 1244 1227 1226
f 1244 1226 1243
f 1234 1233 1245
f 1234 1235 1245
f 1246 1236 1036
f 1246 1036 1247
f 1036 1059 1247
f 1233 1245 1248
f 1246 1248 1233
f 1246 1233 1236
f 1249 1250 1251
f 1060 1061 1249
f 1060 1249 1251
f 1061 1059 1249
f 1059 1247 1249
f 1246 1247 1249
f 1246 1249 1252
f 1249 1252 1250
f 1253 1254 1255
f 1062 1063 1253
f 1062 1253 1255
f 1063 1060 1253
f 1060 1251 1253
f 1250 1251 1253
f 1250 1253 1256
f 1253 1256 1254
f 1257 1258 1259
f 1064 1065 1257
f 1064 1257 1259
f 1065 1062 1257
f 1062 1255 1257
f 1254 1255 1257
f 1254 1257 1260
f 1257 1260 1258
f 1261 1262 1263
f 1263 1066 1067
f 1263 1067 1261
f 1067 1064 1261
f 1064 1259 1261
f 1264 1258 1259
f 1264 1259 1261
f 1261 1264 1262
f 1265 1237 1054
f 1265 1054 1266
f 1054 1068 1266
f 1068 1066 1266
f 1066 1263 1266
f 1262 1263 1266
f 1262 1266 1267
f 1266 1267 1265
f 1237 1265 1268
f 1237 1241 1268
f 1269 1270 1271
f 1271 1070 1075
f 1271 1075 1269
f 1272 1074 1075
f 1272 1075 1269
f 1269 1272 1273
f 1269 1273 1274
f 1269 1274 1270
f 1275 1276 1277
f 1277 1077 1080
f 1277 1080 1275
f 1080 1070 1275
f 1070 1271 1275
f 1278 1270 1271
f 1278 1271 1275
f 1275 1278 1276
f 1279 1280 1281
f 1281 1082 1084
f 1281 1084 1279
f 1084 1077 1279
f 1077 1277 1279
f 1282 1276 1277
f 1282 1277 1279
f 1279 1282 1280
f 1283 1284 1285
f 1285 1086 1088
f 1285 1088 1283
f 1088 1082 1283
f 1082 1281 1283
f 1286 1280 1281
f 1286 1281 1283
f 1283 1286 1284
f 1287 1288 1289
f 1090 1092 1287
f 1090 1287 1289
f 1092 1086 1287
f 1086 1285 1287
f 1290 1284 1285
f 1290 1285 1287
f 1287 1290 1288
f 1291 1292 1293
f 1094 1096 1291
f 1094 1291 1293
f 1096 1090 1291
f 1090 1289 1291
f 1294 1288 1289
f 1294 1289 1291
f 1291 1294 1292
f 1295 1296 1297
f 1297 1098 1101
f 1297 1101 1295
f 1101 1094 1295
f 1094 1293 1295
f 1292 1293 1295
f 1292 1295 1298
f 1295 1298 1296
f 1098 1102 1299
f 1300 1299 1098
f 1300 1098 1297
f 1297 1296 1300
f 1301 1302 1303
f 1303 1104 1108
f 1303 1108 1301
f 1304 1107 1108
f 1304 1108 1301
f 1301 1304 1305
f 1301 1305 1306
f 1301 1306 1302
f 1272 1074 1307
f 1074 1111 1307
f 1111 1104 1307
f 1104 1303 1307
f 1308 1302 1303
f 1308 1303 1307
f 1308 1273 1272
f 1308 1272 1307
f 1309 1299 1102
f 1309 1102 1310
f 1102 1115 1310
f 1299 1300 1309
f 1115 1118 1311
f 1312 1311 1115
f 1312 1115 1310
f 1310 1309 1312
f 1313 1314 1315
f 1315 1120 1124
f 1315 1124 1313
f 1316 1123 1124
f 1316 1124 1313
f 1313 1316 1317
f 1313 1317 1318
f 1313 1318 1314
f 1304 1107 1319
f 1107 1126 1319
f 1126 1120 1319
f 1120 1315 1319
f 1320 1314 1315
f 1320 1315 1319
f 1320 1305 1304
f 1320 1304 1319
f 1321 1322 1311
f 1321 1311 1118
f 1118 1128 1321
f 1311 1312 1322
f 1128 1130 1323
f 1324 1323 1128
f 1324 1128 1321
f 1321 1322 1324
f 1325 1326 1327
f 1327 1132 1136
f 1327 1136 1325
f 1328 1135 1136
f 1328 1136 1325
f 1325 1328 1329
f 1325 1329 1330
f 1325 1330 1326
f 1316 1123 1331
f 1123 1138 1331
f 1138 1132 1331
f 1132 1327 1331
f 1332 1326 1327
f 1332 1327 1331
f 1332 1317 1316
f 1332 1316 1331
f 1333 1334 1323
f 1333 1323 1130
f 1130 1140 1333
f 1323 1324 1334
f 1140 1142 1335
f 1335 1140 1333
f 1335 1333 1336
f 1333 1334 1336
f 1328 1135 1337
f 1135 1146 1337
f 1338 1145 1146
f 1338 1146 1337
f 1337 1338 1339
f 1337 1339 1340
f 1340 1329 1328
f 1340 1328 1337
f 1335 1142 1341
f 1142 1150 1341
f 1149 1150 1341
f 1149 1341 1342
f 1341 1342 1343
f 1341 1343 1344
f 1336 1335 1341
f 1336 1341 1344
f 1345 1346 1347
f 1347 1152 1157
f 1347 1157 1345
f 1348 1156 1157
f 1348 1157 1345
f 1345 1348 1349
f 1345 1349 1350
f 1345 1350 1346
f 1338 1145 1351
f 1145 1160 1351
f 1160 1152 1351
f 1152 1347 1351
f 1352 1346 1347
f 1352 1347 1351
f 1352 1339 1338
f 1352 1338 1351
f 1353 1354 1342
f 1353 1342 1149
f 1149 1162 1353
f 1342 1343 1354
f 1162 1164 1355
f 1356 1355 1162
f 1356 1162 1353
f 1353 1354 1356
f 1348 1156 1357
f 1156 1170 1357
f 1358 1169 1170
f 1358 1170 1357
f 1357 1358 1359
f 1357 1359 1360
f 1360 1349 1348
f 1360 1348 1357
f 1355 1164 1361
f 1164 1176 1361
f 1175 1176 1361
f 1175 1361 1362
f 1361 1362 1363
f 1361 1363 1364
f 1356 1355 1361
f 1356 1361 1364
f 1358 1169 1365
f 1169 1182 1365
f 1366 1181 1182
f 1366 1182 1365
f 1365 1366 1367
f 1365 1367 1368
f 1359 1358 1365
f 1359 1365 1368
f 1362 1175 1369
f 1175 1188 1369
f 1370 1187 1188
f 1370 1188 1369
f 1369 1370 1371
f 1369 1371 1372
f 1363 1362 1369
f 1363 1369 1372
f 1373 1366 1181
f 1373 1181 1374
f 1181 1189 1374
f 1366 1367 1373
f 1189 1192 1375
f 1375 1189 1374
f 1375 1374 1376
f 1374 1373 1376
f 1377 1378 1379
f 1379 1193 1197
f 1379 1197 1377
f 1196 1197 1377
f 1196 1377 1380
f 1377 1380 1381
f 1377 1381 1382
f 1377 1382 1378
f 1370 1187 1383
f 1187 1198 1383
f 1198 1193 1383
f 1193 1379 1383
f 1378 1379 1383
f 1378 1383 1384
f 1371 1370 1383
f 1371 1383 1384
f 1375 1192 1385
f 1192 1202 1385
f 1201 1202 1385
f 1201 1385 1386
f 1385 1386 1387
f 1385 1387 1388
f 1388 1376 1375
f 1388 1375 1385
f 1380 1196 1389
f 1196 1206 1389
f 1390 1205 1206
f 1390 1206 1389
f 1389 1390 1391
f 1389 1391 1392
f 1392 1381 1380
f 1392 1380 1389
f 1393 1394 1386
f 1393 1386 1201
f 1201 1207 1393
f 1386 1387 1394
f 1207 1210 1395
f 1395 1207 1393
f 1395 1393 1396
f 1393 1394 1396
f 1397 1398 1399
f 1212 1216 1397
f 1212 1397 1399
f 1215 1216 1397
f 1215 1397 1400
f 1397 1400 1401
f 1397 1401 1402
f 1397 1402 1398
f 1390 1205 1403
f 1205 1218 1403
f 1218 1212 1403
f 1212 1399 1403
f 1404 1398 1399
f 1404 1399 1403
f 1404 1391 1390
f 1404 1390 1403
f 1395 1210 1405
f 1220 1210 1405
f 1220 1405 1406
f 1405 1406 1407
f 1405 1407 1408
f 1405 1408 1409
f 1396 1395 1405
f 1396 1405 1409
f 1220 1222 1410
f 1220 1406 1410
f 1228 1224 1411
f 1228 1227 1411
f 1400 1215 1412
f 1215 1230 1412
f 1230 1224 1412
f 1413 1411 1224
f 1413 1224 1412
f 1412 1413 1414
f 1414 1401 1400
f 1414 1400 1412
f 1407 1406 1415
f 1407 1408 1415
f 1416 1410 1222
f 1416 1222 1417
f 1222 1231 1417
f 1406 1415 1418
f 1416 1418 1406
f 1416 1406 1410
f 1231 1235 1419
f 1419 1231 1417
f 1419 1417 1420
f 1417 1416 1420
f 1421 1422 1423
f 1239 1242 1421
f 1239 1421 1423
f 1424 1241 1242
f 1424 1242 1421
f 1421 1424 1425
f 1421 1425 1426
f 1421 1426 1422
f 1427 1411 1227
f 1427 1227 1428
f 1227 1244 1428
f 1244 1239 1428
f 1239 1423 1428
f 1429 1422 1423
f 1429 1423 1428
f 1428 1429 1427
f 1411 1427 1430
f 1411 1413 1430
f 1431 1419 1235
f 1431 1235 1432
f 1235 1245 1432
f 1419 1420 1431
f 1433 1434 1435
f 1246 1248 1433
f 1246 1433 1435
f 1248 1245 1433
f 1245 1432 1433
f 1431 1432 1433
f 1431 1433 1436
f 1433 1436 1434
f 1437 1438 1439
f 1250 1252 1437
f 1250 1437 1439
f 1252 1246 1437
f 1246 1435 1437
f 1434 1435 1437
f 1434 1437 1440
f 1437 1440 1438
f 1441 1442 1443
f 1254 1256 1441
f 1254 1441 1443
f 1256 1250 1441
f 1250 1439 1441
f 1438 1439 1441
f 1438 1441 1444
f 1441 1444 1442
f 1445 1446 1447
f 1258 1260 1445
f 1258 1445 1447
f 1260 1254 1445
f 1254 1443 1445
f 1448 1442 1443
f 1448 1443 1445
f 1445 1448 1446
f 1449 1450 1451
f 1262 1264 1449
f 1262 1449 1451
f 1264 1258 1449
f 1258 1447 1449
f 1452 1446 1447
f 1452 1447 1449
f 1449 1452 1450
f 1453 1454 1455
f 1455 1265 1267
f 1455 1267 1453
f 1267 1262 1453
f 1262 1451 1453
f 1456 1450 1451
f 1456 1451 1453
f 1453 1456 1454
f 1424 1241 1457
f 1241 1268 1457
f 1268 1265 1457
f 1265 1455 1457
f 1454 1455 1457
f 1454 1457 1458
f 1425 1424 1457
f 1425 1457 1458
f 1459 1460 1461
f 1459 1461 1462
f 1459 1462 1463
f 1459 1463 1464
f 1459 1464 1465
f 1459 1465 1460
f 1466 1467 1468
f 1466 1468 1469
f 1466 1469 1470
f 1470 1462 1461
f 1470 1461 1466
f 1471 1460 1461
f 1471 1461 1466
f 1466 1471 1467
f 1472 1473 1474
f 1472 1474 1475
f 1472 1475 1476
f 1476 1469 1468
f 1476 1468 1472
f 1477 1467 1468
f 1477 1468 1472
f 1472 1477 1473
f 1478 1479 1480
f 1478 1480 1481
f 1478 1481 1482
f 1482 1475 1474
f 1482 1474 1478
f 1483 1473 1474
f 1483 1474 1478
f 1478 1483 1479
f 1484 1485 1486
f 1484 1486 1487
f 1484 1487 1488
f 1488 1481 1480
f 1488 1480 1484
f 1489 1479 1480
f 1489 1480 1484
f 1484 1489 1485
f 1490 1491 1492
f 1490 1492 1493
f 1490 1493 1494
f 1494 1487 1486
f 1494 1486 1490
f 1495 1485 1486
f 1495 1486 1490
f 1490 1495 1491
f 1496 1497 1498
f 1496 1498 1499
f 1496 1499 1500
f 1493 1492 1496
f 1493 1496 1500
f 1491 1492 1496
f 1491 1496 1501
f 1496 1501 1497
f 1498 1499 1502
f 1498 1497 1502
f 1503 1504 1505
f 1503 1505 1506
f 1503 1506 1507
f 1503 1507 1508
f 1503 1508 1509
f 1503 1509 1504
f 1510 1511 1512
f 1510 1512 1513
f 1510 1513 1514
f 1514 1506 1505
f 1514 1505 1510
f 1515 1504 1505
f 1515 1505 1510
f 1510 1515 1511
f 1516 1462 1463
f 1516 1463 1517
f 1516 1270 1274
f 1516 1274 1517
f 1518 1273 1274
f 1518 1274 1517
f 1518 1513 1512
f 1518 1512 1517
f 1519 1511 1512
f 1519 1512 1517
f 1519 1464 1463
f 1519 1463 1517
f 1520 1469 1470
f 1520 1470 1521
f 1520 1276 1278
f 1520 1278 1521
f 1278 1270 1521
f 1270 1516 1521
f 1516 1462 1521
f 1462 1470 1521
f 1522 1475 1476
f 1522 1476 1523
f 1522 1280 1282
f 1522 1282 1523
f 1282 1276 1523
f 1276 1520 1523
f 1520 1469 1523
f 1469 1476 1523
f 1524 1481 1482
f 1524 1482 1525
f 1524 1284 1286
f 1524 1286 1525
f 1286 1280 1525
f 1280 1522 1525
f 1522 1475 1525
f 1475 1482 1525
f 1487 1488 1526
f 1487 1526 1527
f 1288 1290 1526
f 1288 1526 1527
f 1290 1284 1526
f 1284 1524 1526
f 1524 1481 1526
f 1481 1488 1526
f 1493 1494 1528
f 1493 1528 1529
f 1292 1294 1528
f 1292 1528 1529
f 1294 1288 1528
f 1288 1527 1528
f 1527 1487 1528
f 1487 1494 1528
f 1530 1499 1500
f 1530 1500 1531
f 1530 1296 1298
f 1530 1298 1531
f 1298 1292 1531
f 1292 1529 1531
f 1529 1493 1531
f 1493 1500 1531
f 1532 1533 1534
f 1532 1534 1535
f 1535 1300 1296
f 1535 1296 1532
f 1296 1530 1532
f 1530 1499 1532
f 1533 1502 1499
f 1533 1499 1532
f 1536 1537 1538
f 1536 1538 1539
f 1536 1539 1540
f 1535 1534 1536
f 1535 1536 1540
f 1533 1534 1536
f 1533 1536 1541
f 1536 1541 1537
f 1538 1539 1542
f 1538 1537 1542
f 1543 1544 1545
f 1543 1545 1546
f 1543 1546 1547
f 1543 1547 1548
f 1543 1548 1549
f 1543 1549 1544
f 1550 1506 1507
f 1550 1507 1551
f 1551 1550 1552
f 1551 1552 1553
f 1553 1546 1545
f 1553 1545 1551
f 1554 1544 1545
f 1554 1545 1551
f 1554 1508 1507
f 1554 1507 1551
f 1555 1513 1514
f 1555 1514 1556
f 1555 1302 1306
f 1555 1306 1556
f 1557 1305 1306
f 1557 1306 1556
f 1557 1552 1550
f 1557 1550 1556
f 1550 1506 1556
f 1506 1514 1556
f 1518 1273 1558
f 1273 1308 1558
f 1308 1302 1558
f 1302 1555 1558
f 1555 1513 1558
f 1513 1518 1558
f 1300 1535 1559
f 1300 1309 1559
f 1560 1539 1540
f 1560 1540 1561
f 1561 1560 1562
f 1562 1312 1309
f 1562 1309 1561
f 1309 1559 1561
f 1559 1535 1561
f 1535 1540 1561
f 1563 1564 1565
f 1563 1565 1566
f 1563 1566 1567
f 1567 1562 1560
f 1567 1560 1563
f 1560 1539 1563
f 1564 1542 1539
f 1564 1539 1563
f 1565 1566 1568
f 1565 1564 1568
f 1569 1570 1571
f 1569 1571 1572
f 1569 1572 1573
f 1569 1573 1574
f 1569 1574 1575
f 1569 1575 1570
f 1576 1546 1547
f 1576 1547 1577
f 1577 1576 1578
f 1577 1578 1579
f 1579 1572 1571
f 1579 1571 1577
f 1580 1570 1571
f 1580 1571 1577
f 1580 1548 1547
f 1580 1547 1577
f 1581 1552 1553
f 1581 1553 1582
f 1581 1314 1318
f 1581 1318 1582
f 1583 1317 1318
f 1583 1318 1582
f 1583 1578 1576
f 1583 1576 1582
f 1576 1546 1582
f 1546 1553 1582
f 1557 1305 1584
f 1305 1320 1584
f 1320 1314 1584
f 1314 1581 1584
f 1581 1552 1584
f 1552 1557 1584
f 1312 1562 1585
f 1312 1322 1585
f 1566 1567 1586
f 1566 1586 1587
f 1586 1587 1588
f 1324 1322 1586
f 1324 1586 1588
f 1322 1585 1586
f 1585 1562 1586
f 1562 1567 1586
f 1589 1590 1591
f 1589 1591 1592
f 1589 1592 1593
f 1588 1587 1589
f 1588 1589 1593
f 1587 1566 1589
f 1568 1566 1589
f 1568 1589 1590
f 1591 1592 1594
f 1591 1590 1594
f 1595 1572 1573
f 1595 1573 1596
f 1596 1595 1597
f 1596 1597 1598
f 1596 1598 1599
f 1596 1599 1600
f 1600 1574 1573
f 1600 1573 1596
f 1601 1578 1579
f 1601 1579 1602
f 1601 1326 1330
f 1601 1330 1602
f 1603 1329 1330
f 1603 1330 1602
f 1603 1597 1595
f 1603 1595 1602
f 1595 1572 1602
f 1572 1579 1602
f 1583 1317 1604
f 1317 1332 1604
f 1332 1326 1604
f 1326 1601 1604
f 1601 1578 1604
f 1578 1583 1604
f 1324 1588 1605
f 1324 1334 1605
f 1606 1592 1593
f 1606 1593 1607
f 1607 1606 1608
f 1336 1334 1607
f 1336 1607 1608
f 1334 1605 1607
f 1605 1588 1607
f 1588 1593 1607
f 1606 1608 1609
f 1609 1606 1592
f 1609 1592 1610
f 1592 1594 1610
f 1611 1597 1598
f 1611 1598 1612
f 1612 1611 1613
f 1612 1613 1614
f 1612 1614 1615
f 1612 1615 1616
f 1616 1599 1598
f 1616 1598 1612
f 1603 1329 1617
f 1329 1340 1617
f 1618 1339 1340
f 1618 1340 1617
f 1618 1613 1611
f 1618 1611 1617
f 1611 1597 1617
f 1597 1603 1617
f 1336 1608 1619
f 1619 1336 1344
f 1619 1344 1620
f 1344 1343 1620
f 1619 1620 1621
f 1622 1621 1619
f 1622 1619 1608
f 1608 1609 1622
f 1623 1624 1625
f 1623 1625 1626
f 1623 1626 1627
f 1623 1627 1628
f 1623 1628 1629
f 1623 1629 1624
f 1630 1613 1614
f 1630 1614 1631
f 1630 1346 1350
f 1630 1350 1631
f 1632 1349 1350
f 1632 1350 1631
f 1632 1626 1625
f 1632 1625 1631
f 1633 1624 1625
f 1633 1625 1631
f 1633 1615 1614
f 1633 1614 1631
f 1618 1339 1634
f 1339 1352 1634
f 1352 1346 1634
f 1346 1630 1634
f 1630 1613 1634
f 1613 1618 1634
f 1343 1620 1635
f 1343 1354 1635
f 1636 1637 1638
f 1636 1638 1639
f 1356 1354 1636
f 1356 1636 1639
f 1354 1635 1636
f 1635 1620 1636
f 1621 1620 1636
f 1621 1636 1637
f 1638 1639 1640
f 1638 1637 1640
f 1641 1626 1627
f 1641 1627 1642
f 1642 1641 1643
f 1642 1643 1644
f 1642 1644 1645
f 1642 1645 1646
f 1646 1628 1627
f 1646 1627 1642
f 1632 1349 1647
f 1349 1360 1647
f 1648 1359 1360
f 1648 1360 1647
f 1648 1643 1641
f 1648 1641 1647
f 1641 1626 1647
f 1626 1632 1647
f 1356 1639 1649
f 1649 1356 1364
f 1649 1364 1650
f 1364 1363 1650
f 1649 1650 1651
f 1651 1649 1639
f 1651 1639 1652
f 1639 1640 1652
f 1643 1644 1653
f 1643 1653 1654
f 1653 1654 1655
f 1653 1655 1656
f 1653 1656 1657
f 1653 1657 1658
f 1645 1644 1653
f 1645 1653 1658
f 1648 1359 1659
f 1359 1368 1659
f 1660 1367 1368
f 1660 1368 1659
f 1660 1655 1654
f 1660 1654 1659
f 1654 1643 1659
f 1643 1648 1659
f 1363 1650 1661
f 1662 1661 1363
f 1662 1363 1372
f 1372 1371 1662
f 1661 1662 1663
f 1664 1663 1661
f 1664 1661 1650
f 1650 1651 1664
f 1656 1655 1665
f 1656 1657 1665
f 1660 1367 1666
f 1667 1373 1367
f 1667 1367 1666
f 1666 1667 1668
f 1666 1668 1669
f 1669 1665 1655
f 1669 1655 1666
f 1655 1660 1666
f 1373 1376 1670
f 1373 1667 1670
f 1382 1378 1671
f 1382 1381 1671
f 1662 1371 1672
f 1662 1672 1673
f 1371 1384 1672
f 1384 1378 1672
f 1671 1378 1672
f 1671 1672 1674
f 1672 1674 1675
f 1672 1675 1673
f 1662 1673 1676
f 1662 1663 1676
f 1677 1667 1668
f 1677 1668 1678
f 1678 1677 1679
f 1678 1679 1680
f 1678 1680 1681
f 1678 1681 1682
f 1682 1669 1668
f 1682 1668 1678
f 1670 1376 1683
f 1376 1388 1683
f 1387 1388 1683
f 1387 1683 1684
f 1679 1677 1683
f 1679 1683 1684
f 1677 1667 1683
f 1667 1670 1683
f 1381 1671 1685
f 1686 1685 1381
f 1686 1381 1392
f 1392 1391 1686
f 1685 1686 1687
f 1687 1685 1671
f 1687 1671 1688
f 1671 1674 1688
f 1679 1680 1689
f 1679 1689 1690
f 1689 1690 1691
f 1689 1691 1692
f 1689 1692 1693
f 1689 1693 1694
f 1681 1680 1689
f 1681 1689 1694
f 1684 1387 1695
f 1696 1394 1387
f 1696 1387 1695
f 1695 1696 1697
f 1697 1691 1690
f 1697 1690 1695
f 1690 1679 1695
f 1679 1684 1695
f 1394 1396 1698
f 1394 1696 1698
f 1402 1398 1699
f 1402 1401 1699
f 1391 1686 1700
f 1701 1700 1391
f 1701 1391 1404
f 1701 1404 1398
f 1701 1398 1702
f 1398 1699 1702
f 1700 1701 1703
f 1704 1703 1700
f 1704 1700 1686
f 1686 1687 1704
f 1692 1691 1705
f 1692 1693 1705
f 1706 1696 1697
f 1706 1697 1707
f 1707 1706 1708
f 1707 1708 1709
f 1707 1709 1710
f 1710 1705 1691
f 1710 1691 1707
f 1691 1697 1707
f 1698 1396 1711
f 1396 1409 1711
f 1712 1408 1409
f 1712 1409 1711
f 1708 1706 1711
f 1708 1711 1712
f 1706 1696 1711
f 1696 1698 1711
f 1401 1699 1713
f 1714 1713 1401
f 1714 1401 1414
f 1414 1413 1714
f 1702 1701 1715
f 1713 1714 1716
f 1716 1713 1699
f 1716 1699 1717
f 1717 1699 1702
f 1717 1702 1715
f 1701 1715 1718
f 1701 1703 1718
f 1709 1708 1719
f 1709 1710 1719
f 1712 1408 1720
f 1721 1415 1408
f 1721 1408 1720
f 1720 1721 1722
f 1720 1722 1723
f 1723 1719 1708
f 1723 1708 1720
f 1708 1712 1720
f 1418 1416 1724
f 1724 1418 1415
f 1724 1415 1725
f 1415 1721 1725
f 1416 1420 1726
f 1416 1724 1726
f 1426 1422 1727
f 1426 1425 1727
f 1429 1427 1728
f 1728 1429 1422
f 1728 1422 1729
f 1422 1727 1729
f 1714 1413 1730
f 1714 1730 1731
f 1413 1430 1730
f 1430 1427 1730
f 1728 1427 1730
f 1728 1730 1732
f 1730 1732 1733
f 1730 1733 1731
f 1714 1731 1734
f 1714 1716 1734
f 1722 1721 1735
f 1722 1723 1735
f 1724 1725 1736
f 1724 1736 1737
f 1736 1737 1738
f 1736 1738 1739
f 1736 1739 1740
f 1735 1721 1736
f 1735 1736 1740
f 1721 1725 1736
f 1726 1420 1741
f 1431 1420 1741
f 1431 1741 1742
f 1741 1742 1743
f 1743 1738 1737
f 1743 1737 1741
f 1737 1724 1741
f 1724 1726 1741
f 1436 1434 1744
f 1744 1436 1431
f 1744 1431 1745
f 1431 1742 1745
f 1440 1438 1746
f 1747 1746 1440
f 1747 1440 1434
f 1434 1744 1747
f 1444 1442 1748
f 1749 1748 1444
f 1749 1444 1438
f 1438 1746 1749
f 1448 1446 1750
f 1750 1448 1442
f 1750 1442 1751
f 1442 1748 1751
f 1452 1450 1752
f 1752 1452 1446
f 1752 1446 1753
f 1446 1750 1753
f 1456 1454 1754
f 1754 1456 1450
f 1754 1450 1755
f 1450 1752 1755
f 1425 1727 1756
f 1757 1756 1425
f 1757 1425 1458
f 1758 1757 1458
f 1758 1458 1454
f 1454 1754 1758
f 1729 1728 1759
f 1756 1757 1760
f 1761 1760 1756
f 1761 1756 1727
f 1761 1727 1729
f 1761 1729 1759
f 1728 1759 1762
f 1728 1732 1762
f 1739 1738 1763
f 1739 1740 1763
f 1743 1742 1764
f 1738 1763 1765
f 1764 1765 1738
f 1764 1738 1743
f 1745 1744 1766
f 1742 1764 1767
f 1766 1767 1742
f 1766 1742 1745
f 1747 1746 1768
f 1744 1766 1769
f 1768 1769 1744
f 1768 1744 1747
f 1748 1749 1770
f 1748 1770 1771
f 1770 1771 1772
f 1770 1772 1773
f 1770 1773 1774
f 1768 1746 1770
f 1768 1770 1774
f 1746 1749 1770
f 1751 1750 1775
f 1771 1772 1776
f 1777 1776 1771
f 1777 1771 1748
f 1775 1777 1748
f 1775 1748 1751
f 1753 1752 1778
f 1750 1775 1779
f 1779 1750 1753
f 1779 1753 1778
f 1755 1754 1780
f 1752 1778 1781
f 1781 1752 1755
f 1781 1755 1780
f 1758 1757 1782
f 1754 1780 1783
f 1783 1754 1758
f 1783 1758 1782
f 1757 1782 1784
f 1757 1760 1784
f 1773 1772 1785
f 1773 1774 1785
f 1772 1785 1786
f 1772 1776 1786
f 1787 1788 1789
f 1460 1465 1787
f 1460 1787 1789
f 1464 1465 1787
f 1464 1787 1790
f 1787 1790 1791
f 1787 1791 1792
f 1787 1792 1788
f 1793 1794 1795
f 1467 1471 1793
f 1467 1793 1795
f 1471 1460 1793
f 1460 1789 1793
f 1796 1788 1789
f 1796 1789 1793
f 1793 1796 1794
f 1797 1798 1799
f 1799 1473 1477
f 1799 1477 1797
f 1477 1467 1797
f 1467 1795 1797
f 1800 1794 1795
f 1800 1795 1797
f 1797 1800 1798
f 1801 1802 1803
f 1803 1479 1483
f 1803 1483 1801
f 1483 1473 1801
f 1473 1799 1801
f 1798 1799 1801
f 1798 1801 1804
f 1801 1804 1802
f 1805 1806 1807
f 1485 1489 1805
f 1485 1805 1807
f 1489 1479 1805
f 1479 1803 1805
f 1802 1803 1805
f 1802 1805 1808
f 1805 1808 1806
f 1809 1810 1811
f 1491 1495 1809
f 1491 1809 1811
f 1495 1485 1809
f 1485 1807 1809
f 1806 1807 1809
f 1806 1809 1812
f 1809 1812 1810
f 1813 1814 1815
f 1497 1501 1813
f 1497 1813 1815
f 1501 1491 1813
f 1491 1811 1813
f 1810 1811 1813
f 1810 1813 1816
f 1813 1816 1814
f 1497 1502 1817
f 1817 1497 1815
f 1817 1815 1818
f 1815 1814 1818
f 1509 1504 1819
f 1509 1508 1819
f 1820 1821 1822
f 1822 1511 1515
f 1822 1515 1820
f 1515 1504 1820
f 1823 1819 1504
f 1823 1504 1820
f 1820 1823 1824
f 1820 1824 1821
f 1790 1464 1825
f 1464 1519 1825
f 1519 1511 1825
f 1511 1822 1825
f 1821 1822 1825
f 1821 1825 1826
f 1826 1791 1790
f 1826 1790 1825
f 1827 1817 1502
f 1827 1502 1828
f 1502 1533 1828
f 1817 1818 1827
f 1541 1537 1829
f 1830 1829 1541
f 1830 1541 1533
f 1831 1830 1533
f 1831 1533 1828
f 1828 1827 1831
f 1537 1542 1832
f 1537 1829 1832
f 1549 1544 1833
f 1549 1548 1833
f 1834 1819 1508
f 1834 1508 1835
f 1508 1554 1835
f 1554 1544 1835
f 1836 1833 1544
f 1836 1544 1835
f 1835 1836 1837
f 1835 1837 1834
f 1819 1834 1838
f 1819 1823 1838
f 1830 1829 1839
f 1830 1831 1839
f 1832 1542 1840
f 1564 1542 1840
f 1564 1840 1841
f 1840 1841 1842
f 1840 1842 1843
f 1839 1829 1840
f 1839 1840 1843
f 1829 1832 1840
f 1564 1568 1844
f 1564 1841 1844
f 1575 1570 1845
f 1575 1574 1845
f 1846 1833 1548
f 1846 1548 1847
f 1548 1580 1847
f 1580 1570 1847
f 1848 1845 1570
f 1848 1570 1847
f 1847 1848 1849
f 1847 1849 1846
f 1833 1846 1850
f 1833 1836 1850
f 1842 1841 1851
f 1842 1843 1851
f 1844 1568 1852
f 1853 1590 1568
f 1853 1568 1852
f 1852 1853 1854
f 1852 1854 1855
f 1855 1851 1841
f 1855 1841 1852
f 1841 1844 1852
f 1590 1594 1856
f 1590 1853 1856
f 1857 1845 1574
f 1857 1574 1858
f 1574 1600 1858
f 1859 1599 1600
f 1859 1600 1858
f 1858 1859 1860
f 1858 1860 1861
f 1858 1861 1857
f 1845 1857 1862
f 1845 1848 1862
f 1854 1853 1863
f 1854 1855 1863
f 1856 1594 1864
f 1594 1610 1864
f 1609 1610 1864
f 1609 1864 1865
f 1864 1865 1866
f 1863 1853 1864
f 1863 1864 1866
f 1853 1856 1864
f 1859 1599 1867
f 1599 1616 1867
f 1868 1615 1616
f 1868 1616 1867
f 1867 1868 1869
f 1867 1869 1870
f 1870 1860 1859
f 1870 1859 1867
f 1865 1609 1871
f 1609 1622 1871
f 1872 1621 1622
f 1872 1622 1871
f 1871 1872 1873
f 1871 1873 1874
f 1866 1865 1871
f 1866 1871 1874
f 1629 1624 1875
f 1629 1628 1875
f 1868 1615 1876
f 1615 1633 1876
f 1633 1624 1876
f 1877 1875 1624
f 1877 1624 1876
f 1876 1877 1878
f 1869 1868 1876
f 1869 1876 1878
f 1872 1621 1879
f 1880 1637 1621
f 1880 1621 1879
f 1879 1880 1881
f 1879 1881 1882
f 1879 1882 1883
f 1873 1872 1879
f 1873 1879 1883
f 1637 1640 1884
f 1637 1880 1884
f 1875 1628 1885
f 1875 1885 1886
f 1628 1646 1885
f 1645 1646 1885
f 1645 1885 1887
f 1885 1887 1888
f 1885 1888 1889
f 1885 1889 1886
f 1875 1886 1890
f 1875 1877 1890
f 1881 1880 1891
f 1881 1882 1891
f 1884 1640 1892
f 1640 1652 1892
f 1651 1652 1892
f 1651 1892 1893
f 1892 1893 1894
f 1894 1891 1880
f 1894 1880 1892
f 1880 1884 1892
f 1895 1896 1887
f 1895 1887 1645
f 1897 1895 1645
f 1897 1645 1658
f 1658 1657 1897
f 1887 1888 1896
f 1895 1897 1898
f 1895 1896 1898
f 1899 1900 1901
f 1899 1901 1902
f 1899 1902 1903
f 1899 1903 1904
f 1899 1904 1905
f 1899 1905 1900
f 1893 1651 1906
f 1651 1664 1906
f 1907 1663 1664
f 1907 1664 1906
f 1907 1902 1901
f 1907 1901 1906
f 1908 1900 1901
f 1908 1901 1906
f 1908 1894 1893
f 1908 1893 1906
f 1657 1897 1909
f 1657 1665 1909
f 1665 1669 1910
f 1911 1910 1665
f 1911 1665 1909
f 1911 1909 1897
f 1911 1897 1912
f 1897 1898 1912
f 1913 1902 1903
f 1913 1903 1914
f 1913 1673 1675
f 1913 1675 1914
f 1915 1674 1675
f 1915 1675 1914
f 1914 1915 1916
f 1914 1916 1917
f 1917 1904 1903
f 1917 1903 1914
f 1907 1663 1918
f 1663 1676 1918
f 1676 1673 1918
f 1673 1913 1918
f 1913 1902 1918
f 1902 1907 1918
f 1910 1669 1919
f 1669 1682 1919
f 1681 1682 1919
f 1681 1919 1920
f 1919 1920 1921
f 1919 1921 1922
f 1911 1910 1919
f 1911 1919 1922
f 1915 1674 1923
f 1674 1688 1923
f 1924 1687 1688
f 1924 1688 1923
f 1923 1924 1925
f 1923 1925 1926
f 1926 1916 1915
f 1926 1915 1923
f 1927 1928 1920
f 1927 1920 1681
f 1929 1927 1681
f 1929 1681 1694
f 1694 1693 1929
f 1920 1921 1928
f 1927 1929 1930
f 1927 1928 1930
f 1931 1932 1933
f 1931 1933 1934
f 1931 1934 1935
f 1931 1935 1936
f 1931 1936 1937
f 1931 1937 1932
f 1924 1687 1938
f 1687 1704 1938
f 1939 1703 1704
f 1939 1704 1938
f 1939 1934 1933
f 1939 1933 1938
f 1940 1932 1933
f 1940 1933 1938
f 1940 1925 1924
f 1940 1924 1938
f 1693 1929 1941
f 1693 1705 1941
f 1705 1710 1942
f 1943 1942 1705
f 1943 1705 1941
f 1943 1941 1929
f 1943 1929 1944
f 1929 1930 1944
f 1945 1934 1935
f 1945 1935 1946
f 1945 1715 1717
f 1945 1717 1946
f 1947 1716 1717
f 1947 1717 1946
f 1946 1947 1948
f 1946 1948 1949
f 1949 1936 1935
f 1949 1935 1946
f 1939 1703 1950
f 1703 1718 1950
f 1718 1715 1950
f 1715 1945 1950
f 1945 1934 1950
f 1934 1939 1950
f 1951 1952 1942
f 1951 1942 1710
f 1710 1719 1951
f 1942 1943 1952
f 1719 1723 1953
f 1954 1953 1719
f 1954 1719 1951
f 1951 1952 1954
f 1955 1956 1957
f 1957 1731 1733
f 1957 1733 1955
f 1958 1732 1733
f 1958 1733 1955
f 1955 1958 1959
f 1955 1959 1960
f 1955 1960 1956
f 1947 1716 1961
f 1716 1734 1961
f 1734 1731 1961
f 1731 1957 1961
f 1962 1956 1957
f 1962 1957 1961
f 1962 1948 1947
f 1962 1947 1961
f 1963 1964 1953
f 1963 1953 1723
f 1723 1735 1963
f 1953 1954 1964
f 1965 1966 1967
f 1965 1967 1968
f 1968 1740 1735
f 1968 1735 1965
f 1735 1963 1965
f 1969 1964 1963
f 1969 1963 1965
f 1965 1969 1966
f 1967 1968 1970
f 1967 1966 1970
f 1971 1972 1973
f 1971 1973 1974
f 1971 1974 1975
f 1971 1975 1976
f 1971 1976 1977
f 1971 1977 1972
f 1978 1979 1980
f 1980 1759 1761
f 1980 1761 1978
f 1981 1760 1761
f 1981 1761 1978
f 1981 1974 1973
f 1981 1973 1978
f 1982 1972 1973
f 1982 1973 1978
f 1978 1982 1979
f 1958 1732 1983
f 1732 1762 1983
f 1762 1759 1983
f 1759 1980 1983
f 1984 1979 1980
f 1984 1980 1983
f 1984 1959 1958
f 1984 1958 1983
f 1740 1968 1985
f 1740 1763 1985
f 1986 1987 1988
f 1764 1765 1986
f 1764 1986 1988
f 1765 1763 1986
f 1763 1985 1986
f 1985 1968 1986
f 1970 1968 1986
f 1970 1986 1987
f 1989 1990 1991
f 1991 1766 1767
f 1991 1767 1989
f 1767 1764 1989
f 1764 1988 1989
f 1992 1987 1988
f 1992 1988 1989
f 1989 1992 1990
f 1993 1994 1995
f 1995 1768 1769
f 1995 1769 1993
f 1769 1766 1993
f 1766 1991 1993
f 1990 1991 1993
f 1990 1993 1996
f 1993 1996 1994
f 1997 1998 1999
f 1997 1999 2000
f 2000 1774 1768
f 2000 1768 1997
f 1768 1995 1997
f 1994 1995 1997
f 1994 1997 2001
f 1997 2001 1998
f 2002 2003 2004
f 2004 1775 1777
f 2004 1777 2002
f 2005 1776 1777
f 2005 1777 2002
f 2005 2000 1999
f 2005 1999 2002
f 2006 1998 1999
f 2006 1999 2002
f 2002 2006 2003
f 2007 2008 2009
f 2009 1778 1779
f 2009 1779 2007
f 1779 1775 2007
f 1775 2004 2007
f 2010 2003 2004
f 2010 2004 2007
f 2007 2010 2008
f 2011 2012 2013
f 2013 1780 1781
f 2013 1781 2011
f 1781 1778 2011
f 1778 2009 2011
f 2014 2008 2009
f 2014 2009 2011
f 2011 2014 2012
f 2015 1974 1975
f 2015 1975 2016
f 2015 1782 1783
f 2015 1783 2016
f 1783 1780 2016
f 1780 2013 2016
f 2017 2012 2013
f 2017 2013 2016
f 2017 1976 1975
f 2017 1975 2016
f 1981 1760 2018
f 1760 1784 2018
f 1784 1782 2018
f 1782 2015 2018
f 2015 1974 2018
f 1974 1981 2018
f 1774 2000 2019
f 1774 1785 2019
f 2005 1776 2020
f 1776 1786 2020
f 1786 1785 2020
f 1785 2019 2020
f 2019 2000 2020
f 2000 2005 2020
f 2021 2022 2023
f 1788 1792 2021
f 1788 2021 2023
f 1791 1792 2021
f 1791 2021 2024
f 2021 2024 2025
f 2021 2025 2026
f 2021 2026 2022
f 2027 2028 2029
f 2029 1794 1796
f 2029 1796 2027
f 1796 1788 2027
f 1788 2023 2027
f 2030 2022 2023
f 2030 2023 2027
f 2027 2030 2028
f 2031 2032 2033
f 2033 1798 1800
f 2033 1800 2031
f 1800 1794 2031
f 1794 2029 2031
f 2034 2028 2029
f 2034 2029 2031
f 2031 2034 2032
f 2035 2036 2037
f 2037 1802 1804
f 2037 1804 2035
f 1804 1798 2035
f 1798 2033 2035
f 2038 2032 2033
f 2038 2033 2035
f 2035 2038 2036
f 2039 2040 2041
f 1806 1808 2039
f 1806 2039 2041
f 1808 1802 2039
f 1802 2037 2039
f 2036 2037 2039
f 2036 2039 2042
f 2039 2042 2040
f 2043 2044 2045
f 1810 1812 2043
f 1810 2043 2045
f 1812 1806 2043
f 1806 2041 2043
f 2040 2041 2043
f 2040 2043 2046
f 2043 2046 2044
f 2047 2048 2049
f 1814 1816 2047
f 1814 2047 2049
f 1816 1810 2047
f 1810 2045 2047
f 2044 2045 2047
f 2044 2047 2050
f 2047 2050 2048
f 1814 1818 2051
f 2051 1814 2049
f 2051 2049 2052
f 2049 2048 2052
f 2053 2054 2055
f 2055 1821 1824
f 2055 1824 2053
f 2056 1823 1824
f 2056 1824 2053
f 2053 2056 2057
f 2053 2057 2058
f 2053 2058 2054
f 2024 1791 2059
f 1791 1826 2059
f 1826 1821 2059
f 1821 2055 2059
f 2060 2054 2055
f 2060 2055 2059
f 2060 2025 2024
f 2060 2024 2059
f 2061 2051 1818
f 2061 1818 2062
f 1818 1827 2062
f 2051 2052 2061
f 1827 1831 2063
f 2064 2063 1827
f 2064 1827 2062
f 2062 2061 2064
f 2065 2066 2067
f 2067 1834 1837
f 2067 1837 2065
f 2068 1836 1837
f 2068 1837 2065
f 2065 2068 2069
f 2065 2069 2070
f 2065 2070 2066
f 2056 1823 2071
f 1823 1838 2071
f 1838 1834 2071
f 1834 2067 2071
f 2072 2066 2067
f 2072 2067 2071
f 2072 2057 2056
f 2072 2056 2071
f 2073 2063 1831
f 2073 1831 2074
f 1831 1839 2074
f 2063 2064 2073
f 1839 1843 2075
f 2076 2075 1839
f 2076 1839 2074
f 2074 2073 2076
f 2077 2078 2079
f 2079 1846 1849
f 2079 1849 2077
f 2080 1848 1849
f 2080 1849 2077
f 2077 2080 2081
f 2077 2081 2082
f 2077 2082 2078
f 2068 1836 2083
f 1836 1850 2083
f 1850 1846 2083
f 1846 2079 2083
f 2078 2079 2083
f 2078 2083 2084
f 2069 2068 2083
f 2069 2083 2084
f 2085 2075 1843
f 2085 1843 2086
f 1843 1851 2086
f 2075 2076 2085
f 1851 1855 2087
f 2087 1851 2086
f 2087 2086 2088
f 2086 2085 2088
f 2089 2090 2091
f 2091 1857 1861
f 2091 1861 2089
f 2092 1860 1861
f 2092 1861 2089
f 2089 2092 2093
f 2089 2093 2094
f 2089 2094 2090
f 2080 1848 2095
f 1848 1862 2095
f 1862 1857 2095
f 1857 2091 2095
f 2096 2090 2091
f 2096 2091 2095
f 2096 2081 2080
f 2096 2080 2095
f 2097 2098 2087
f 2097 2087 1855
f 1855 1863 2097
f 2087 2088 2098
f 1863 1866 2099
f 2099 1863 2097
f 2099 2097 2100
f 2097 2098 2100
f 2092 1860 2101
f 1860 1870 2101
f 2102 1869 1870
f 2102 1870 2101
f 2101 2102 2103
f 2101 2103 2104
f 2104 2093 2092
f 2104 2092 2101
f 2099 1866 2105
f 1866 1874 2105
f 1873 1874 2105
f 1873 2105 2106
f 2105 2106 2107
f 2105 2107 2108
f 2100 2099 2105
f 2100 2105 2108
f 2102 1869 2109
f 1869 1878 2109
f 2110 1877 1878
f 2110 1878 2109
f 2109 2110 2111
f 2109 2111 2112
f 2112 2103 2102
f 2112 2102 2109
f 2106 1873 2113
f 1873 1883 2113
f 2114 1882 1883
f 2114 1883 2113
f 2113 2114 2115
f 2113 2115 2116
f 2107 2106 2113
f 2107 2113 2116
f 1889 1886 2117
f 1889 1888 2117
f 2110 1877 2118
f 1877 1890 2118
f 1890 1886 2118
f 2119 2117 1886
f 2119 1886 2118
f 2118 2119 2120
f 2111 2110 2118
f 2111 2118 2120
f 2114 1882 2121
f 1891 1882 2121
f 1891 2121 2122
f 2121 2122 2123
f 2121 2123 2124
f 2121 2124 2125
f 2115 2114 2121
f 2115 2121 2125
f 1891 1894 2126
f 1891 2122 2126
f 1888 2117 2127
f 1888 1896 2127
f 1896 1898 2128
f 2128 1896 2127
f 2128 2127 2129
f 2129 2127 2117
f 2129 2117 2130
f 2117 2119 2130
f 2131 2122 2123
f 2131 2123 2132
f 2131 1900 1905
f 2131 1905 2132
f 2133 1904 1905
f 2133 1905 2132
f 2132 2133 2134
f 2132 2134 2135
f 2135 2124 2123
f 2135 2123 2132
f 2126 1894 2136
f 1894 1908 2136
f 1908 1900 2136
f 1900 2131 2136
f 2131 2122 2136
f 2122 2126 2136
f 2128 1898 2137
f 1898 1912 2137
f 1911 1912 2137
f 1911 2137 2138
f 2137 2138 2139
f 2137 2139 2140
f 2129 2128 2137
f 2129 2137 2140
f 2133 1904 2141
f 1904 1917 2141
f 2142 1916 1917
f 2142 1917 2141
f 2141 2142 2143
f 2141 2143 2144
f 2144 2134 2133
f 2144 2133 2141
f 2138 1911 2145
f 1911 1922 2145
f 1921 1922 2145
f 1921 2145 2146
f 2145 2146 2147
f 2145 2147 2148
f 2139 2138 2145
f 2139 2145 2148
f 2142 1916 2149
f 1916 1926 2149
f 2150 1925 1926
f 2150 1926 2149
f 2149 2150 2151
f 2149 2151 2152
f 2152 2143 2142
f 2152 2142 2149
f 2153 2154 2146
f 2153 2146 1921
f 1921 1928 2153
f 2146 2147 2154
f 1928 1930 2155
f 2156 2155 1928
f 2156 1928 2153
f 2153 2154 2156
f 2157 2158 2159
f 2159 1932 1937
f 2159 1937 2157
f 2160 1936 1937
f 2160 1937 2157
f 2157 2160 2161
f 2157 2161 2162
f 2157 2162 2158
f 2150 1925 2163
f 1925 1940 2163
f 1940 1932 2163
f 1932 2159 2163
f 2164 2158 2159
f 2164 2159 2163
f 2164 2151 2150
f 2164 2150 2163
f 2155 1930 2165
f 1930 1944 2165
f 1943 1944 2165
f 1943 2165 2166
f 2165 2166 2167
f 2165 2167 2168
f 2156 2155 2165
f 2156 2165 2168
f 2160 1936 2169
f 1936 1949 2169
f 2170 1948 1949
f 2170 1949 2169
f 2169 2170 2171
f 2169 2171 2172
f 2172 2161 2160
f 2172 2160 2169
f 2173 2174 2166
f 2173 2166 1943
f 1943 1952 2173
f 2166 2167 2174
f 1952 1954 2175
f 2176 2175 1952
f 2176 1952 2173
f 2173 2174 2176
f 2177 2178 2179
f 2179 1956 1960
f 2179 1960 2177
f 2180 1959 1960
f 2180 1960 2177
f 2177 2180 2181
f 2177 2181 2182
f 2177 2182 2178
f 2170 1948 2183
f 1948 1962 2183
f 1962 1956 2183
f 1956 2179 2183
f 2184 2178 2179
f 2184 2179 2183
f 2184 2171 2170
f 2184 2170 2183
f 2185 2186 2175
f 2185 2175 1954
f 1954 1964 2185
f 2175 2176 2186
f 2187 2188 2189
f 1966 1969 2187
f 1966 2187 2189
f 1969 1964 2187
f 1964 2185 2187
f 2190 2186 2185
f 2190 2185 2187
f 2187 2190 2188
f 1966 1970 2191
f 2192 2191 1966
f 2192 1966 2189
f 2189 2188 2192
f 2193 2194 2195
f 2195 1972 1977
f 2195 1977 2193
f 2196 1976 1977
f 2196 1977 2193
f 2193 2196 2197
f 2193 2197 2198
f 2193 2198 2194
f 2199 2200 2201
f 2201 1979 1982
f 2201 1982 2199
f 1982 1972 2199
f 1972 2195 2199
f 2202 2194 2195
f 2202 2195 2199
f 2199 2202 2200
f 2180 1959 2203
f 1959 1984 2203
f 1984 1979 2203
f 1979 2201 2203
f 2204 2200 2201
f 2204 2201 2203
f 2204 2181 2180
f 2204 2180 2203
f 2205 2191 1970
f 2205 1970 2206
f 1970 1987 2206
f 2191 2192 2205
f 2207 2208 2209
f 1990 1992 2207
f 1990 2207 2209
f 1992 1987 2207
f 1987 2206 2207
f 2210 2205 2206
f 2210 2206 2207
f 2207 2210 2208
f 2211 2212 2213
f 2213 1994 1996
f 2213 1996 2211
f 1996 1990 2211
f 1990 2209 2211
f 2208 2209 2211
f 2208 2211 2214
f 2211 2214 2212
f 2215 2216 2217
f 2217 1998 2001
f 2217 2001 2215
f 2001 1994 2215
f 1994 2213 2215
f 2212 2213 2215
f 2212 2215 2218
f 2215 2218 2216
f 2219 2220 2221
f 2221 2003 2006
f 2221 2006 2219
f 2006 1998 2219
f 1998 2217 2219
f 2222 2216 2217
f 2222 2217 2219
f 2219 2222 2220
f 2223 2224 2225
f 2225 2008 2010
f 2225 2010 2223
f 2010 2003 2223
f 2003 2221 2223
f 2226 2220 2221
f 2226 2221 2223
f 2223 2226 2224
f 2227 2228 2229
f 2229 2012 2014
f 2229 2014 2227
f 2014 2008 2227
f 2008 2225 2227
f 2230 2224 2225
f 2230 2225 2227
f 2227 2230 2228
f 2196 1976 2231
f 1976 2017 2231
f 2017 2012 2231
f 2012 2229 2231
f 2232 2228 2229
f 2232 2229 2231
f 2232 2197 2196
f 2232 2196 2231
f 2233 2234 2235
f 2233 2235 2236
f 2233 2236 2237
f 2233 2237 2238
f 2233 2238 2239
f 2233 2239 2234
f 2240 2241 2242
f 2240 2242 2243
f 2240 2243 2244
f 2244 2236 2235
f 2244 2235 2240
f 2245 2234 2235
f 2245 2235 2240
f 2240 2245 2241
f 2246 2247 2248
f 2246 2248 2249
f 2246 2249 2250
f 2243 2242 2246
f 2243 2246 2250
f 2241 2242 2246
f 2241 2246 2251
f 2246 2251 2247
f 2248 2249 2252
f 2248 2247 2252
f 2253 2254 2255
f 2253 2255 2256
f 2253 2256 2257
f 2253 2257 2258
f 2253 2258 2259
f 2253 2259 2254
f 2260 2261 2262
f 2262 2022 2026
f 2262 2026 2260
f 2263 2025 2026
f 2263 2026 2260
f 2263 2256 2255
f 2263 2255 2260
f 2264 2254 2255
f 2264 2255 2260
f 2260 2264 2261
f 2265 2266 2267
f 2267 2028 2030
f 2267 2030 2265
f 2030 2022 2265
f 2022 2262 2265
f 2268 2261 2262
f 2268 2262 2265
f 2265 2268 2266
f 2269 2236 2237
f 2269 2237 2270
f 2269 2032 2034
f 2269 2034 2270
f 2034 2028 2270
f 2028 2267 2270
f 2271 2266 2267
f 2271 2267 2270
f 2271 2238 2237
f 2271 2237 2270
f 2272 2243 2244
f 2272 2244 2273
f 2272 2036 2038
f 2272 2038 2273
f 2038 2032 2273
f 2032 2269 2273
f 2269 2236 2273
f 2236 2244 2273
f 2274 2249 2250
f 2274 2250 2275
f 2274 2040 2042
f 2274 2042 2275
f 2042 2036 2275
f 2036 2272 2275
f 2272 2243 2275
f 2243 2250 2275
f 2276 2277 2278
f 2278 2044 2046
f 2278 2046 2276
f 2046 2040 2276
f 2040 2274 2276
f 2274 2249 2276
f 2277 2252 2249
f 2277 2249 2276
f 2279 2280 2281
f 2281 2048 2050
f 2281 2050 2279
f 2050 2044 2279
f 2044 2278 2279
f 2282 2277 2278
f 2282 2278 2279
f 2279 2282 2280
f 2283 2284 2285
f 2283 2285 2286
f 2286 2052 2048
f 2286 2048 2283
f 2048 2281 2283
f 2280 2281 2283
f 2280 2283 2287
f 2283 2287 2284
f 2285 2286 2288
f 2285 2284 2288
f 2289 2290 2291
f 2289 2291 2292
f 2289 2292 2293
f 2289 2293 2294
f 2289 2294 2295
f 2289 2295 2290
f 2296 2256 2257
f 2296 2257 2297
f 2296 2054 2058
f 2296 2058 2297
f 2298 2057 2058
f 2298 2058 2297
f 2298 2292 2291
f 2298 2291 2297
f 2299 2290 2291
f 2299 2291 2297
f 2299 2258 2257
f 2299 2257 2297
f 2263 2025 2300
f 2025 2060 2300
f 2060 2054 2300
f 2054 2296 2300
f 2296 2256 2300
f 2256 2263 2300
f 2052 2286 2301
f 2052 2061 2301
f 2302 2303 2304
f 2302 2304 2305
f 2305 2064 2061
f 2305 2061 2302
f 2061 2301 2302
f 2301 2286 2302
f 2303 2288 2286
f 2303 2286 2302
f 2304 2305 2306
f 2304 2303 2306
f 2307 2308 2309
f 2307 2309 2310
f 2307 2310 2311
f 2307 2311 2312
f 2307 2312 2313
f 2307 2313 2308
f 2314 2292 2293
f 2314 2293 2315
f 2314 2066 2070
f 2314 2070 2315
f 2316 2069 2070
f 2316 2070 2315
f 2316 2310 2309
f 2316 2309 2315
f 2317 2308 2309
f 2317 2309 2315
f 2317 2294 2293
f 2317 2293 2315
f 2298 2057 2318
f 2057 2072 2318
f 2072 2066 2318
f 2066 2314 2318
f 2314 2292 2318
f 2292 2298 2318
f 2064 2305 2319
f 2064 2073 2319
f 2320 2321 2322
f 2320 2322 2323
f 2323 2076 2073
f 2323 2073 2320
f 2073 2319 2320
f 2319 2305 2320
f 2306 2305 2320
f 2306 2320 2321
f 2322 2323 2324
f 2322 2321 2324
f 2325 2326 2327
f 2325 2327 2328
f 2325 2328 2329
f 2325 2329 2330
f 2325 2330 2331
f 2325 2331 2326
f 2332 2310 2311
f 2332 2311 2333
f 2332 2078 2082
f 2332 2082 2333
f 2334 2081 2082
f 2334 2082 2333
f 2334 2328 2327
f 2334 2327 2333
f 2335 2326 2327
f 2335 2327 2333
f 2335 2312 2311
f 2335 2311 2333
f 2316 2069 2336
f 2069 2084 2336
f 2084 2078 2336
f 2078 2332 2336
f 2332 2310 2336
f 2310 2316 2336
f 2076 2323 2337
f 2076 2085 2337
f 2338 2339 2340
f 2338 2340 2341
f 2088 2085 2338
f 2088 2338 2341
f 2085 2337 2338
f 2337 2323 2338
f 2324 2323 2338
f 2324 2338 2339
f 2340 2341 2342
f 2340 2339 2342
f 2343 2328 2329
f 2343 2329 2344
f 2343 2090 2094
f 2343 2094 2344
f 2345 2093 2094
f 2345 2094 2344
f 2344 2345 2346
f 2344 2346 2347
f 2347 2330 2329
f 2347 2329 2344
f 2334 2081 2348
f 2081 2096 2348
f 2096 2090 2348
f 2090 2343 2348
f 2343 2328 2348
f 2328 2334 2348
f 2088 2341 2349
f 2088 2098 2349
f 2098 2100 2350
f 2351 2350 2098
f 2351 2098 2349
f 2352 2351 2349
f 2352 2349 2341
f 2341 2342 2352
f 2353 2354 2355
f 2353 2355 2356
f 2353 2356 2357
f 2353 2357 2358
f 2353 2358 2359
f 2353 2359 2354
f 2345 2093 2360
f 2093 2104 2360
f 2361 2103 2104
f 2361 2104 2360
f 2361 2356 2355
f 2361 2355 2360
f 2362 2354 2355
f 2362 2355 2360
f 2362 2346 2345
f 2362 2345 2360
f 2363 2364 2350
f 2363 2350 2100
f 2363 2100 2108
f 2363 2108 2365
f 2108 2107 2365
f 2350 2351 2364
f 2363 2365 2366
f 2363 2364 2366
f 2367 2356 2357
f 2367 2357 2368
f 2368 2367 2369
f 2368 2369 2370
f 2368 2370 2371
f 2368 2371 2372
f 2372 2358 2357
f 2372 2357 2368
f 2361 2103 2373
f 2103 2112 2373
f 2374 2111 2112
f 2374 2112 2373
f 2374 2369 2367
f 2374 2367 2373
f 2367 2356 2373
f 2356 2361 2373
f 2107 2365 2375
f 2375 2107 2116
f 2375 2116 2376
f 2116 2115 2376
f 2375 2376 2377
f 2377 2375 2365
f 2377 2365 2378
f 2365 2366 2378
f 2379 2369 2370
f 2379 2370 2380
f 2380 2379 2381
f 2380 2381 2382
f 2380 2382 2383
f 2380 2383 2384
f 2384 2371 2370
f 2384 2370 2380
f 2374 2111 2385
f 2111 2120 2385
f 2386 2119 2120
f 2386 2120 2385
f 2386 2381 2379
f 2386 2379 2385
f 2379 2369 2385
f 2369 2374 2385
f 2115 2376 2387
f 2387 2115 2125
f 2387 2125 2388
f 2125 2124 2388
f 2387 2388 2389
f 2389 2387 2376
f 2389 2376 2390
f 2376 2377 2390
f 2391 2381 2382
f 2391 2382 2392
f 2392 2391 2393
f 2392 2393 2394
f 2392 2394 2395
f 2392 2395 2396
f 2396 2383 2382
f 2396 2382 2392
f 2386 2119 2397
f 2119 2130 2397
f 2129 2130 2397
f 2129 2397 2398
f 2393 2391 2397
f 2393 2397 2398
f 2391 2381 2397
f 2381 2386 2397
f 2124 2388 2399
f 2400 2399 2124
f 2400 2124 2135
f 2135 2134 2400
f 2399 2400 2401
f 2401 2399 2388
f 2401 2388 2402
f 2388 2389 2402
f 2403 2393 2394
f 2403 2394 2404
f 2404 2403 2405
f 2404 2405 2406
f 2404 2406 2407
f 2404 2407 2408
f 2408 2395 2394
f 2408 2394 2404
f 2398 2129 2409
f 2129 2140 2409
f 2139 2140 2409
f 2139 2409 2410
f 2405 2403 2409
f 2405 2409 2410
f 2403 2393 2409
f 2393 2398 2409
f 2134 2400 2411
f 2412 2411 2134
f 2412 2134 2144
f 2144 2143 2412
f 2411 2412 2413
f 2413 2411 2400
f 2413 2400 2414
f 2400 2401 2414
f 2405 2406 2415
f 2405 2415 2416
f 2415 2416 2417
f 2415 2417 2418
f 2415 2418 2419
f 2415 2419 2420
f 2407 2406 2415
f 2407 2415 2420
f 2410 2139 2421
f 2139 2148 2421
f 2147 2148 2421
f 2147 2421 2422
f 2422 2417 2416
f 2422 2416 2421
f 2416 2405 2421
f 2405 2410 2421
f 2143 2412 2423
f 2424 2423 2143
f 2424 2143 2152
f 2152 2151 2424
f 2423 2424 2425
f 2426 2425 2423
f 2426 2423 2412
f 2412 2413 2426
f 2418 2417 2427
f 2418 2419 2427
f 2422 2147 2428
f 2429 2154 2147
f 2429 2147 2428
f 2428 2429 2430
f 2428 2430 2431
f 2431 2427 2417
f 2431 2417 2428
f 2417 2422 2428
f 2154 2156 2432
f 2154 2429 2432
f 2162 2158 2433
f 2162 2161 2433
f 2434 2424 2151
f 2434 2151 2435
f 2151 2164 2435
f 2164 2158 2435
f 2436 2433 2158
f 2436 2158 2435
f 2435 2436 2437
f 2435 2437 2434
f 2424 2434 2438
f 2424 2425 2438
f 2430 2429 2439
f 2430 2431 2439
f 2432 2156 2440
f 2156 2168 2440
f 2441 2167 2168
f 2441 2168 2440
f 2440 2441 2442
f 2442 2439 2429
f 2442 2429 2440
f 2429 2432 2440
f 2433 2161 2443
f 2433 2443 2444
f 2161 2172 2443
f 2171 2172 2443
f 2171 2443 2445
f 2443 2445 2446
f 2443 2446 2447
f 2443 2447 2444
f 2433 2444 2448
f 2433 2436 2448
f 2449 2450 2441
f 2449 2441 2167
f 2167 2174 2449
f 2441 2442 2450
f 2174 2176 2451
f 2451 2174 2449
f 2451 2449 2452
f 2449 2450 2452
f 2453 2454 2455
f 2178 2182 2453
f 2178 2453 2455
f 2181 2182 2453
f 2181 2453 2456
f 2453 2456 2457
f 2453 2457 2458
f 2453 2458 2454
f 2445 2171 2459
f 2171 2184 2459
f 2184 2178 2459
f 2178 2455 2459
f 2460 2454 2455
f 2460 2455 2459
f 2460 2446 2445
f 2460 2445 2459
f 2461 2451 2176
f 2461 2176 2462
f 2176 2186 2462
f 2451 2452 2461
f 2190 2188 2463
f 2463 2190 2186
f 2463 2186 2464
f 2464 2186 2462
f 2464 2462 2465
f 2462 2461 2465
f 2188 2192 2466
f 2188 2463 2466
f 2198 2194 2467
f 2198 2197 2467
f 2468 2469 2470
f 2470 2200 2202
f 2470 2202 2468
f 2202 2194 2468
f 2467 2194 2468
f 2467 2468 2471
f 2468 2471 2472
f 2468 2472 2469
f 2456 2181 2473
f 2181 2204 2473
f 2204 2200 2473
f 2200 2470 2473
f 2469 2470 2473
f 2469 2473 2474
f 2474 2457 2456
f 2474 2456 2473
f 2464 2463 2475
f 2464 2465 2475
f 2476 2466 2192
f 2476 2192 2477
f 2192 2205 2477
f 2463 2475 2478
f 2476 2478 2463
f 2476 2463 2466
f 2210 2208 2479
f 2480 2479 2210
f 2480 2210 2205
f 2480 2205 2477
f 2480 2477 2481
f 2477 2476 2481
f 2214 2212 2482
f 2483 2482 2214
f 2483 2214 2208
f 2208 2479 2483
f 2218 2216 2484
f 2485 2484 2218
f 2485 2218 2212
f 2212 2482 2485
f 2222 2220 2486
f 2487 2486 2222
f 2487 2222 2216
f 2216 2484 2487
f 2226 2224 2488
f 2489 2488 2226
f 2489 2226 2220
f 2220 2486 2489
f 2490 2491 2492
f 2228 2230 2490
f 2228 2490 2492
f 2230 2224 2490
f 2493 2488 2224
f 2493 2224 2490
f 2490 2493 2494
f 2490 2494 2491
f 2467 2197 2495
f 2467 2495 2496
f 2197 2232 2495
f 2232 2228 2495
f 2228 2492 2495
f 2497 2491 2492
f 2497 2492 2495
f 2495 2497 2496
f 2467 2496 2498
f 2467 2471 2498
f 2480 2479 2499
f 2480 2481 2499
f 2483 2482 2500
f 2479 2499 2501
f 2500 2501 2479
f 2500 2479 2483
f 2485 2484 2502
f 2482 2500 2503
f 2503 2482 2485
f 2503 2485 2502
f 2487 2486 2504
f 2484 2502 2505
f 2505 2484 2487
f 2505 2487 2504
f 2489 2488 2506
f 2486 2504 2507
f 2507 2486 2489
f 2507 2489 2506
f 2488 2506 2508
f 2488 2493 2508
f 2239 2234 2509
f 2239 2238 2509
f 2245 2241 2510
f 2510 2245 2234
f 2510 2234 2511
f 2234 2509 2511
f 2251 2247 2512
f 2513 2512 2251
f 2513 2251 2241
f 2241 2510 2513
f 2247 2252 2514
f 2247 2512 2514
f 2259 2254 2515
f 2259 2258 2515
f 2264 2261 2516
f 2517 2516 2264
f 2517 2264 2254
f 2254 2515 2517
f 2518 2519 2520
f 2520 2266 2268
f 2520 2268 2518
f 2268 2261 2518
f 2521 2516 2261
f 2521 2261 2518
f 2518 2521 2522
f 2518 2522 2519
f 2523 2509 2238
f 2523 2238 2524
f 2238 2271 2524
f 2271 2266 2524
f 2266 2520 2524
f 2519 2520 2524
f 2519 2524 2525
f 2524 2525 2523
f 2511 2510 2526
f 2509 2523 2527
f 2527 2509 2511
f 2527 2511 2526
f 2513 2512 2528
f 2510 2526 2529
f 2529 2510 2513
f 2529 2513 2528
f 2530 2514 2252
f 2530 2252 2531
f 2252 2277 2531
f 2512 2528 2532
f 2532 2512 2514
f 2532 2514 2530
f 2282 2280 2533
f 2534 2533 2282
f 2534 2282 2277
f 2535 2534 2277
f 2535 2277 2531
f 2531 2530 2535
f 2287 2284 2536
f 2537 2536 2287
f 2537 2287 2280
f 2280 2533 2537
f 2284 2288 2538
f 2284 2536 2538
f 2295 2290 2539
f 2295 2294 2539
f 2540 2515 2258
f 2540 2258 2541
f 2258 2299 2541
f 2299 2290 2541
f 2542 2539 2290
f 2542 2290 2541
f 2541 2542 2543
f 2541 2543 2540
f 2517 2516 2544
f 2515 2540 2545
f 2545 2515 2517
f 2545 2517 2544
f 2516 2544 2546
f 2516 2521 2546
f 2534 2533 2547
f 2534 2535 2547
f 2537 2536 2548
f 2533 2547 2549
f 2548 2549 2533
f 2548 2533 2537
f 2538 2288 2550
f 2303 2288 2550
f 2303 2550 2551
f 2550 2551 2552
f 2550 2552 2553
f 2548 2536 2550
f 2548 2550 2553
f 2536 2538 2550
f 2303 2306 2554
f 2303 2551 2554
f 2313 2308 2555
f 2313 2312 2555
f 2556 2539 2294
f 2556 2294 2557
f 2294 2317 2557
f 2317 2308 2557
f 2558 2555 2308
f 2558 2308 2557
f 2557 2558 2559
f 2557 2559 2556
f 2539 2556 2560
f 2539 2542 2560
f 2552 2551 2561
f 2552 2553 2561
f 2554 2306 2562
f 2321 2306 2562
f 2321 2562 2563
f 2562 2563 2564
f 2562 2564 2565
f 2561 2551 2562
f 2561 2562 2565
f 2551 2554 2562
f 2321 2324 2566
f 2321 2563 2566
f 2331 2326 2567
f 2331 2330 2567
f 2568 2555 2312
f 2568 2312 2569
f 2312 2335 2569
f 2335 2326 2569
f 2570 2567 2326
f 2570 2326 2569
f 2569 2570 2571
f 2569 2571 2568
f 2555 2568 2572
f 2555 2558 2572
f 2564 2563 2573
f 2564 2565 2573
f 2566 2324 2574
f 2575 2339 2324
f 2575 2324 2574
f 2574 2575 2576
f 2574 2576 2577
f 2577 2573 2563
f 2577 2563 2574
f 2563 2566 2574
f 2339 2342 2578
f 2339 2575 2578
f 2579 2567 2330
f 2579 2330 2580
f 2330 2347 2580
f 2581 2346 2347
f 2581 2347 2580
f 2580 2581 2582
f 2580 2582 2583
f 2580 2583 2579
f 2567 2579 2584
f 2567 2570 2584
f 2576 2575 2585
f 2576 2577 2585
f 2578 2342 2586
f 2342 2352 2586
f 2587 2351 2352
f 2587 2352 2586
f 2586 2587 2588
f 2588 2585 2575
f 2588 2575 2586
f 2575 2578 2586
f 2359 2354 2589
f 2359 2358 2589
f 2581 2346 2590
f 2346 2362 2590
f 2362 2354 2590
f 2589 2354 2590
f 2589 2590 2591
f 2590 2591 2592
f 2582 2581 2590
f 2582 2590 2592
f 2587 2351 2593
f 2594 2364 2351
f 2594 2351 2593
f 2593 2594 2595
f 2593 2595 2596
f 2593 2596 2597
f 2597 2588 2587
f 2597 2587 2593
f 2364 2366 2598
f 2364 2594 2598
f 2358 2589 2599
f 2600 2599 2358
f 2600 2358 2372
f 2372 2371 2600
f 2599 2600 2601
f 2602 2601 2599
f 2602 2599 2589
f 2589 2591 2602
f 2594 2595 2603
f 2594 2603 2604
f 2603 2604 2605
f 2603 2605 2606
f 2603 2606 2607
f 2603 2607 2608
f 2596 2595 2603
f 2596 2603 2608
f 2598 2366 2609
f 2366 2378 2609
f 2377 2378 2609
f 2377 2609 2610
f 2610 2605 2604
f 2610 2604 2609
f 2604 2594 2609
f 2594 2598 2609
f 2371 2600 2611
f 2612 2611 2371
f 2612 2371 2384
f 2384 2383 2612
f 2611 2612 2613
f 2614 2613 2611
f 2614 2611 2600
f 2600 2601 2614
f 2605 2606 2615
f 2605 2615 2616
f 2615 2616 2617
f 2615 2617 2618
f 2615 2618 2619
f 2615 2619 2620
f 2607 2606 2615
f 2607 2615 2620
f 2610 2377 2621
f 2377 2390 2621
f 2622 2389 2390
f 2622 2390 2621
f 2622 2617 2616
f 2622 2616 2621
f 2616 2605 2621
f 2605 2610 2621
f 2383 2612 2623
f 2624 2623 2383
f 2624 2383 2396
f 2396 2395 2624
f 2623 2624 2625
f 2625 2623 2612
f 2625 2612 2626
f 2612 2613 2626
f 2627 2617 2618
f 2627 2618 2628
f 2628 2627 2629
f 2628 2629 2630
f 2628 2630 2631
f 2628 2631 2632
f 2632 2619 2618
f 2632 2618 2628
f 2622 2389 2633
f 2389 2402 2633
f 2634 2401 2402
f 2634 2402 2633
f 2634 2629 2627
f 2634 2627 2633
f 2627 2617 2633
f 2617 2622 2633
f 2395 2624 2635
f 2635 2395 2408
f 2635 2408 2636
f 2408 2407 2636
f 2635 2636 2637
f 2637 2635 2624
f 2637 2624 2638
f 2624 2625 2638
f 2639 2629 2630
f 2639 2630 2640
f 2640 2639 2641
f 2640 2641 2642
f 2640 2642 2643
f 2640 2643 2644
f 2644 2631 2630
f 2644 2630 2640
f 2634 2401 2645
f 2401 2414 2645
f 2646 2413 2414
f 2646 2414 2645
f 2646 2641 2639
f 2646 2639 2645
f 2639 2629 2645
f 2629 2634 2645
f 2407 2636 2647
f 2647 2407 2420
f 2647 2420 2648
f 2420 2419 2648
f 2647 2648 2649
f 2649 2647 2636
f 2649 2636 2650
f 2636 2637 2650
f 2651 2641 2642
f 2651 2642 2652
f 2652 2651 2653
f 2652 2653 2654
f 2652 2654 2655
f 2652 2655 2656
f 2656 2643 2642
f 2656 2642 2652
f 2646 2413 2657
f 2413 2426 2657
f 2658 2425 2426
f 2658 2426 2657
f 2658 2653 2651
f 2658 2651 2657
f 2651 2641 2657
f 2641 2646 2657
f 2419 2648 2659
f 2419 2427 2659
f 2660 2661 2662
f 2660 2662 2663
f 2431 2427 2660
f 2431 2660 2663
f 2427 2659 2660
f 2659 2648 2660
f 2649 2648 2660
f 2649 2660 2661
f 2662 2663 2664
f 2662 2661 2664
f 2665 2666 2667
f 2665 2667 2668
f 2665 2668 2669
f 2665 2669 2670
f 2665 2670 2671
f 2665 2671 2666
f 2672 2653 2654
f 2672 2654 2673
f 2672 2434 2437
f 2672 2437 2673
f 2674 2436 2437
f 2674 2437 2673
f 2674 2668 2667
f 2674 2667 2673
f 2675 2666 2667
f 2675 2667 2673
f 2675 2655 2654
f 2675 2654 2673
f 2658 2425 2676
f 2425 2438 2676
f 2438 2434 2676
f 2434 2672 2676
f 2672 2653 2676
f 2653 2658 2676
f 2431 2663 2677
f 2431 2439 2677
f 2439 2442 2678
f 2679 2678 2439
f 2679 2439 2677
f 2680 2679 2677
f 2680 2677 2663
f 2663 2664 2680
f 2681 2668 2669
f 2681 2669 2682
f 2681 2444 2447
f 2681 2447 2682
f 2683 2446 2447
f 2683 2447 2682
f 2682 2683 2684
f 2682 2684 2685
f 2685 2670 2669
f 2685 2669 2682
f 2674 2436 2686
f 2436 2448 2686
f 2448 2444 2686
f 2444 2681 2686
f 2681 2668 2686
f 2668 2674 2686
f 2687 2688 2678
f 2687 2678 2442
f 2442 2450 2687
f 2678 2679 2688
f 2689 2690 2691
f 2689 2691 2692
f 2692 2452 2450
f 2692 2450 2689
f 2450 2687 2689
f 2688 2687 2689
f 2688 2689 2693
f 2689 2693 2690
f 2691 2692 2694
f 2691 2690 2694
f 2695 2696 2697
f 2695 2697 2698
f 2695 2698 2699
f 2695 2699 2700
f 2695 2700 2701
f 2695 2701 2696
f 2702 2703 2704
f 2704 2454 2458
f 2704 2458 2702
f 2705 2457 2458
f 2705 2458 2702
f 2705 2698 2697
f 2705 2697 2702
f 2706 2696 2697
f 2706 2697 2702
f 2702 2706 2703
f 2683 2446 2707
f 2446 2460 2707
f 2460 2454 2707
f 2454 2704 2707
f 2708 2703 2704
f 2708 2704 2707
f 2708 2684 2683
f 2708 2683 2707
f 2452 2692 2709
f 2452 2461 2709
f 2710 2711 2712
f 2710 2712 2713
f 2713 2465 2461
f 2713 2461 2710
f 2461 2709 2710
f 2709 2692 2710
f 2711 2694 2692
f 2711 2692 2710
f 2712 2713 2714
f 2712 2711 2714
f 2715 2716 2717
f 2715 2717 2718
f 2715 2718 2719
f 2715 2719 2720
f 2715 2720 2721
f 2715 2721 2716
f 2722 2698 2699
f 2722 2699 2723
f 2722 2469 2472
f 2722 2472 2723
f 2724 2471 2472
f 2724 2472 2723
f 2724 2718 2717
f 2724 2717 2723
f 2725 2716 2717
f 2725 2717 2723
f 2725 2700 2699
f 2725 2699 2723
f 2705 2457 2726
f 2457 2474 2726
f 2474 2469 2726
f 2469 2722 2726
f 2722 2698 2726
f 2698 2705 2726
f 2465 2713 2727
f 2465 2475 2727
f 2728 2729 2730
f 2730 2476 2478
f 2730 2478 2728
f 2478 2475 2728
f 2475 2727 2728
f 2727 2713 2728
f 2729 2714 2713
f 2729 2713 2728
f 2731 2732 2733
f 2731 2733 2734
f 2734 2481 2476
f 2734 2476 2731
f 2476 2730 2731
f 2735 2729 2730
f 2735 2730 2731
f 2731 2735 2732
f 2736 2737 2738
f 2736 2738 2739
f 2736 2739 2740
f 2740 2734 2733
f 2740 2733 2736
f 2741 2732 2733
f 2741 2733 2736
f 2736 2741 2737
f 2742 2743 2744
f 2742 2744 2745
f 2742 2745 2746
f 2746 2739 2738
f 2746 2738 2742
f 2747 2737 2738
f 2747 2738 2742
f 2742 2747 2743
f 2748 2749 2750
f 2748 2750 2751
f 2748 2751 2752
f 2752 2745 2744
f 2752 2744 2748
f 2753 2743 2744
f 2753 2744 2748
f 2748 2753 2749
f 2754 2755 2756
f 2754 2756 2757
f 2754 2757 2758
f 2758 2751 2750
f 2758 2750 2754
f 2759 2749 2750
f 2759 2750 2754
f 2754 2759 2755
f 2760 2761 2762
f 2762 2491 2494
f 2762 2494 2760
f 2763 2493 2494
f 2763 2494 2760
f 2763 2757 2756
f 2763 2756 2760
f 2764 2755 2756
f 2764 2756 2760
f 2760 2764 2761
f 2765 2718 2719
f 2765 2719 2766
f 2765 2496 2497
f 2765 2497 2766
f 2497 2491 2766
f 2491 2762 2766
f 2767 2761 2762
f 2767 2762 2766
f 2767 2720 2719
f 2767 2719 2766
f 2724 2471 2768
f 2471 2498 2768
f 2498 2496 2768
f 2496 2765 2768
f 2765 2718 2768
f 2718 2724 2768
f 2481 2734 2769
f 2481 2499 2769
f 2739 2740 2770
f 2739 2770 2771
f 2500 2501 2770
f 2500 2770 2771
f 2501 2499 2770
f 2499 2769 2770
f 2769 2734 2770
f 2734 2740 2770
f 2772 2745 2746
f 2772 2746 2773
f 2772 2502 2503
f 2772 2503 2773
f 2503 2500 2773
f 2500 2771 2773
f 2771 2739 2773
f 2739 2746 2773
f 2774 2751 2752
f 2774 2752 2775
f 2774 2504 2505
f 2774 2505 2775
f 2505 2502 2775
f 2502 2772 2775
f 2772 2745 2775
f 2745 2752 2775
f 2776 2757 2758
f 2776 2758 2777
f 2776 2506 2507
f 2776 2507 2777
f 2507 2504 2777
f 2504 2774 2777
f 2774 2751 2777
f 2751 2758 2777
f 2763 2493 2778
f 2493 2508 2778
f 2508 2506 2778
f 2506 2776 2778
f 2776 2757 2778
f 2757 2763 2778
f 2779 2780 2781
f 2519 2522 2779
f 2519 2779 2781
f 2782 2521 2522
f 2782 2522 2779
f 2779 2782 2783
f 2779 2783 2784
f 2779 2784 2780
f 2785 2786 2787
f 2523 2525 2785
f 2523 2785 2787
f 2525 2519 2785
f 2519 2781 2785
f 2788 2780 2781
f 2788 2781 2785
f 2785 2788 2786
f 2789 2790 2791
f 2526 2527 2789
f 2526 2789 2791
f 2527 2523 2789
f 2523 2787 2789
f 2792 2786 2787
f 2792 2787 2789
f 2789 2792 2790
f 2793 2794 2795
f 2528 2529 2793
f 2528 2793 2795
f 2529 2526 2793
f 2526 2791 2793
f 2790 2791 2793
f 2790 2793 2796
f 2793 2796 2794
f 2797 2798 2799
f 2530 2532 2797
f 2530 2797 2799
f 2532 2528 2797
f 2528 2795 2797
f 2794 2795 2797
f 2794 2797 2800
f 2797 2800 2798
f 2530 2535 2801
f 2801 2530 2799
f 2801 2799 2802
f 2799 2798 2802
f 2803 2804 2805
f 2540 2543 2803
f 2540 2803 2805
f 2806 2542 2543
f 2806 2543 2803
f 2803 2806 2807
f 2803 2807 2808
f 2803 2808 2804
f 2809 2810 2811
f 2811 2544 2545
f 2811 2545 2809
f 2545 2540 2809
f 2540 2805 2809
f 2812 2804 2805
f 2812 2805 2809
f 2809 2812 2810
f 2782 2521 2813
f 2521 2546 2813
f 2546 2544 2813
f 2544 2811 2813
f 2810 2811 2813
f 2810 2813 2814
f 2814 2783 2782
f 2814 2782 2813
f 2815 2801 2535
f 2815 2535 2816
f 2535 2547 2816
f 2801 2802 2815
f 2817 2818 2819
f 2548 2549 2817
f 2548 2817 2819
f 2549 2547 2817
f 2547 2816 2817
f 2815 2816 2817
f 2815 2817 2820
f 2817 2820 2818
f 2548 2553 2821
f 2821 2548 2819
f 2821 2819 2822
f 2819 2818 2822
f 2823 2824 2825
f 2825 2556 2559
f 2825 2559 2823
f 2826 2558 2559
f 2826 2559 2823
f 2823 2826 2827
f 2823 2827 2828
f 2823 2828 2824
f 2806 2542 2829
f 2542 2560 2829
f 2560 2556 2829
f 2556 2825 2829
f 2824 2825 2829
f 2824 2829 2830
f 2807 2806 2829
f 2807 2829 2830
f 2831 2821 2553
f 2831 2553 2832
f 2553 2561 2832
f 2821 2822 2831
f 2561 2565 2833
f 2833 2561 2832
f 2833 2832 2834
f 2832 2831 2834
f 2835 2836 2837
f 2837 2568 2571
f 2837 2571 2835
f 2838 2570 2571
f 2838 2571 2835
f 2835 2838 2839
f 2835 2839 2840
f 2835 2840 2836
f 2826 2558 2841
f 2558 2572 2841
f 2572 2568 2841
f 2568 2837 2841
f 2836 2837 2841
f 2836 2841 2842
f 2827 2826 2841
f 2827 2841 2842
f 2843 2833 2565
f 2843 2565 2844
f 2565 2573 2844
f 2833 2834 2843
f 2573 2577 2845
f 2845 2573 2844
f 2845 2844 2846
f 2844 2843 2846
f 2847 2848 2849
f 2579 2583 2847
f 2579 2847 2849
f 2582 2583 2847
f 2582 2847 2850
f 2847 2850 2851
f 2847 2851 2852
f 2847 2852 2848
f 2838 2570 2853
f 2570 2584 2853
f 2584 2579 2853
f 2579 2849 2853
f 2854 2848 2849
f 2854 2849 2853
f 2839 2838 2853
f 2839 2853 2854
f 2855 2856 2845
f 2855 2845 2577
f 2577 2585 2855
f 2845 2846 2856
f 2585 2588 2857
f 2857 2585 2855
f 2857 2855 2858
f 2855 2856 2858
f 2850 2582 2859
f 2582 2592 2859
f 2860 2591 2592
f 2860 2592 2859
f 2859 2860 2861
f 2859 2861 2862
f 2862 2851 2850
f 2862 2850 2859
f 2857 2588 2863
f 2588 2597 2863
f 2596 2597 2863
f 2596 2863 2864
f 2863 2864 2865
f 2863 2865 2866
f 2866 2858 2857
f 2866 2857 2863
f 2860 2591 2867
f 2591 2602 2867
f 2868 2601 2602
f 2868 2602 2867
f 2867 2868 2869
f 2867 2869 2870
f 2861 2860 2867
f 2861 2867 2870
f 2864 2596 2871
f 2596 2608 2871
f 2872 2607 2608
f 2872 2608 2871
f 2871 2872 2873
f 2871 2873 2874
f 2865 2864 2871
f 2865 2871 2874
f 2868 2601 2875
f 2601 2614 2875
f 2876 2613 2614
f 2876 2614 2875
f 2875 2876 2877
f 2875 2877 2878
f 2869 2868 2875
f 2869 2875 2878
f 2872 2607 2879
f 2607 2620 2879
f 2880 2619 2620
f 2880 2620 2879
f 2879 2880 2881
f 2879 2881 2882
f 2873 2872 2879
f 2873 2879 2882
f 2876 2613 2883
f 2613 2626 2883
f 2625 2626 2883
f 2625 2883 2884
f 2883 2884 2885
f 2883 2885 2886
f 2877 2876 2883
f 2877 2883 2886
f 2880 2619 2887
f 2619 2632 2887
f 2888 2631 2632
f 2888 2632 2887
f 2887 2888 2889
f 2887 2889 2890
f 2890 2881 2880
f 2890 2880 2887
f 2884 2625 2891
f 2625 2638 2891
f 2637 2638 2891
f 2637 2891 2892
f 2891 2892 2893
f 2891 2893 2894
f 2885 2884 2891
f 2885 2891 2894
f 2888 2631 2895
f 2631 2644 2895
f 2896 2643 2644
f 2896 2644 2895
f 2895 2896 2897
f 2895 2897 2898
f 2898 2889 2888
f 2898 2888 2895
f 2892 2637 2899
f 2637 2650 2899
f 2649 2650 2899
f 2649 2899 2900
f 2899 2900 2901
f 2899 2901 2902
f 2893 2892 2899
f 2893 2899 2902
f 2896 2643 2903
f 2643 2656 2903
f 2904 2655 2656
f 2904 2656 2903
f 2903 2904 2905
f 2903 2905 2906
f 2906 2897 2896
f 2906 2896 2903
f 2907 2908 2900
f 2907 2900 2649
f 2649 2661 2907
f 2900 2901 2908
f 2661 2664 2909
f 2910 2909 2661
f 2910 2661 2907
f 2907 2908 2910
f 2911 2912 2913
f 2913 2666 2671
f 2913 2671 2911
f 2914 2670 2671
f 2914 2671 2911
f 2911 2914 2915
f 2911 2915 2916
f 2911 2916 2912
f 2904 2655 2917
f 2655 2675 2917
f 2675 2666 2917
f 2666 2913 2917
f 2918 2912 2913
f 2918 2913 2917
f 2918 2905 2904
f 2918 2904 2917
f 2919 2920 2909
f 2919 2909 2664
f 2919 2664 2680
f 2919 2680 2921
f 2680 2679 2921
f 2909 2910 2920
f 2919 2921 2922
f 2919 2920 2922
f 2923 2924 2925
f 2923 2925 2926
f 2923 2926 2927
f 2923 2927 2928
f 2923 2928 2929
f 2923 2929 2924
f 2914 2670 2930
f 2670 2685 2930
f 2931 2684 2685
f 2931 2685 2930
f 2931 2926 2925
f 2931 2925 2930
f 2932 2924 2925
f 2932 2925 2930
f 2932 2915 2914
f 2932 2914 2930
f 2679 2921 2933
f 2679 2688 2933
f 2934 2935 2936
f 2936 2690 2693
f 2936 2693 2934
f 2693 2688 2934
f 2688 2933 2934
f 2933 2921 2934
f 2922 2921 2934
f 2922 2934 2935
f 2690 2694 2937
f 2938 2937 2690
f 2938 2690 2936
f 2936 2935 2938
f 2939 2940 2941
f 2941 2696 2701
f 2941 2701 2939
f 2942 2700 2701
f 2942 2701 2939
f 2939 2942 2943
f 2939 2943 2944
f 2939 2944 2940
f 2945 2926 2927
f 2945 2927 2946
f 2945 2703 2706
f 2945 2706 2946
f 2706 2696 2946
f 2696 2941 2946
f 2947 2940 2941
f 2947 2941 2946
f 2947 2928 2927
f 2947 2927 2946
f 2931 2684 2948
f 2684 2708 2948
f 2708 2703 2948
f 2703 2945 2948
f 2945 2926 2948
f 2926 2931 2948
f 2949 2937 2694
f 2949 2694 2950
f 2694 2711 2950
f 2937 2938 2949
f 2951 2952 2953
f 2951 2953 2954
f 2954 2714 2711
f 2954 2711 2951
f 2711 2950 2951
f 2949 2950 2951
f 2949 2951 2955
f 2951 2955 2952
f 2953 2954 2956
f 2953 2952 2956
f 2957 2958 2959
f 2957 2959 2960
f 2957 2960 2961
f 2957 2961 2962
f 2957 2962 2963
f 2957 2963 2958
f 2964 2965 2966
f 2966 2716 2721
f 2966 2721 2964
f 2967 2720 2721
f 2967 2721 2964
f 2967 2960 2959
f 2967 2959 2964
f 2968 2958 2959
f 2968 2959 2964
f 2964 2968 2965
f 2942 2700 2969
f 2700 2725 2969
f 2725 2716 2969
f 2716 2966 2969
f 2970 2965 2966
f 2970 2966 2969
f 2970 2943 2942
f 2970 2942 2969
f 2714 2954 2971
f 2714 2729 2971
f 2972 2973 2974
f 2732 2735 2972
f 2732 2972 2974
f 2735 2729 2972
f 2729 2971 2972
f 2971 2954 2972
f 2973 2956 2954
f 2973 2954 2972
f 2975 2976 2977
f 2977 2737 2741
f 2977 2741 2975
f 2741 2732 2975
f 2732 2974 2975
f 2978 2973 2974
f 2978 2974 2975
f 2975 2978 2976
f 2979 2980 2981
f 2981 2743 2747
f 2981 2747 2979
f 2747 2737 2979
f 2737 2977 2979
f 2982 2976 2977
f 2982 2977 2979
f 2979 2982 2980
f 2983 2984 2985
f 2985 2749 2753
f 2985 2753 2983
f 2753 2743 2983
f 2743 2981 2983
f 2986 2980 2981
f 2986 2981 2983
f 2983 2986 2984
f 2987 2988 2989
f 2989 2755 2759
f 2989 2759 2987
f 2759 2749 2987
f 2749 2985 2987
f 2990 2984 2985
f 2990 2985 2987
f 2987 2990 2988
f 2991 2960 2961
f 2991 2961 2992
f 2991 2761 2764
f 2991 2764 2992
f 2764 2755 2992
f 2755 2989 2992
f 2993 2988 2989
f 2993 2989 2992
f 2993 2962 2961
f 2993 2961 2992
f 2967 2720 2994
f 2720 2767 2994
f 2767 2761 2994
f 2761 2991 2994
f 2991 2960 2994
f 2960 2967 2994
f 2995 2996 2997
f 2997 2780 2784
f 2997 2784 2995
f 2998 2783 2784
f 2998 2784 2995
f 2995 2998 2999
f 2995 2999 3000
f 2995 3000 2996
f 3001 3002 3003
f 3003 2786 2788
f 3003 2788 3001
f 2788 2780 3001
f 2780 2997 3001
f 3004 2996 2997
f 3004 2997 3001
f 3001 3004 3002
f 3005 3006 3007
f 3007 2790 2792
f 3007 2792 3005
f 2792 2786 3005
f 2786 3003 3005
f 3008 3002 3003
f 3008 3003 3005
f 3005 3008 3006
f 3009 3010 3011
f 3011 2794 2796
f 3011 2796 3009
f 2796 2790 3009
f 2790 3007 3009
f 3012 3006 3007
f 3012 3007 3009
f 3009 3012 3010
f 3013 3014 3015
f 3015 2798 2800
f 3015 2800 3013
f 2800 2794 3013
f 2794 3011 3013
f 3010 3011 3013
f 3010 3013 3016
f 3013 3016 3014
f 2798 2802 3017
f 3018 3017 2798
f 3018 2798 3015
f 3015 3014 3018
f 3019 3020 3021
f 3021 2804 2808
f 3021 2808 3019
f 3022 2807 2808
f 3022 2808 3019
f 3019 3022 3023
f 3019 3023 3024
f 3019 3024 3020
f 3025 3026 3027
f 3027 2810 2812
f 3027 2812 3025
f 2812 2804 3025
f 2804 3021 3025
f 3028 3020 3021
f 3028 3021 3025
f 3025 3028 3026
f 2998 2783 3029
f 2783 2814 3029
f 2814 2810 3029
f 2810 3027 3029
f 3030 3026 3027
f 3030 3027 3029
f 3030 2999 2998
f 3030 2998 3029
f 3031 3017 2802
f 3031 2802 3032
f 2802 2815 3032
f 3017 3018 3031
f 3033 3034 3035
f 2818 2820 3033
f 2818 3033 3035
f 2820 2815 3033
f 2815 3032 3033
f 3036 3031 3032
f 3036 3032 3033
f 3033 3036 3034
f 2818 2822 3037
f 3038 3037 2818
f 3038 2818 3035
f 3035 3034 3038
f 3039 3040 3041
f 3041 2824 2828
f 3041 2828 3039
f 3042 2827 2828
f 3042 2828 3039
f 3039 3042 3043
f 3039 3043 3044
f 3039 3044 3040
f 3022 2807 3045
f 2807 2830 3045
f 2830 2824 3045
f 2824 3041 3045
f 3046 3040 3041
f 3046 3041 3045
f 3046 3023 3022
f 3046 3022 3045
f 3047 3037 2822
f 3047 2822 3048
f 2822 2831 3048
f 3037 3038 3047
f 2831 2834 3049
f 3050 3049 2831
f 3050 2831 3048
f 3048 3047 3050
f 3051 3052 3053
f 3053 2836 2840
f 3053 2840 3051
f 3054 2839 2840
f 3054 2840 3051
f 3051 3054 3055
f 3051 3055 3056
f 3051 3056 3052
f 3042 2827 3057
f 2827 2842 3057
f 2842 2836 3057
f 2836 3053 3057
f 3058 3052 3053
f 3058 3053 3057
f 3058 3043 3042
f 3058 3042 3057
f 3059 3060 3049
f 3059 3049 2834
f 2834 2843 3059
f 3049 3050 3060
f 2843 2846 3061
f 3062 3061 2843
f 3062 2843 3059
f 3059 3060 3062
f 3063 3064 3065
f 3065 2848 2852
f 3065 2852 3063
f 3066 2851 2852
f 3066 2852 3063
f 3063 3066 3067
f 3063 3067 3068
f 3063 3068 3064
f 3054 2839 3069
f 2839 2854 3069
f 2854 2848 3069
f 2848 3065 3069
f 3070 3064 3065
f 3070 3065 3069
f 3070 3055 3054
f 3070 3054 3069
f 3071 3072 3061
f 3071 3061 2846
f 2846 2856 3071
f 3061 3062 3072
f 2856 2858 3073
f 3074 3073 2856
f 3074 2856 3071
f 3071 3072 3074
f 3066 2851 3075
f 2851 2862 3075
f 3076 2861 2862
f 3076 2862 3075
f 3075 3076 3077
f 3075 3077 3078
f 3078 3067 3066
f 3078 3066 3075
f 3073 2858 3079
f 2858 2866 3079
f 2865 2866 3079
f 2865 3079 3080
f 3079 3080 3081
f 3079 3081 3082
f 3074 3073 3079
f 3074 3079 3082
f 3076 2861 3083
f 2861 2870 3083
f 3084 2869 2870
f 3084 2870 3083
f 3083 3084 3085
f 3083 3085 3086
f 3086 3077 3076
f 3086 3076 3083
f 3080 2865 3087
f 2865 2874 3087
f 2873 2874 3087
f 2873 3087 3088
f 3087 3088 3089
f 3087 3089 3090
f 3081 3080 3087
f 3081 3087 3090
f 3084 2869 3091
f 2869 2878 3091
f 3092 2877 2878
f 3092 2878 3091
f 3091 3092 3093
f 3091 3093 3094
f 3094 3085 3084
f 3094 3084 3091
f 3088 2873 3095
f 2873 2882 3095
f 2881 2882 3095
f 2881 3095 3096
f 3095 3096 3097
f 3095 3097 3098
f 3089 3088 3095
f 3089 3095 3098
f 3092 2877 3099
f 2877 2886 3099
f 2885 2886 3099
f 2885 3099 3100
f 3099 3100 3101
f 3099 3101 3102
f 3102 3093 3092
f 3102 3092 3099
f 3096 2881 3103
f 2881 2890 3103
f 2889 2890 3103
f 2889 3103 3104
f 3103 3104 3105
f 3103 3105 3106
f 3106 3097 3096
f 3106 3096 3103
f 3100 2885 3107
f 2885 2894 3107
f 2893 2894 3107
f 2893 3107 3108
f 3107 3108 3109
f 3107 3109 3110
f 3110 3101 3100
f 3110 3100 3107
f 3104 2889 3111
f 2889 2898 3111
f 2897 2898 3111
f 2897 3111 3112
f 3111 3112 3113
f 3111 3113 3114
f 3114 3105 3104
f 3114 3104 3111
f 3108 2893 3115
f 2893 2902 3115
f 3116 2901 2902
f 3116 2902 3115
f 3115 3116 3117
f 3115 3117 3118
f 3109 3108 3115
f 3109 3115 3118
f 3112 2897 3119
f 2897 2906 3119
f 3120 2905 2906
f 3120 2906 3119
f 3119 3120 3121
f 3119 3121 3122
f 3122 3113 3112
f 3122 3112 3119
f 3123 3116 2901
f 3123 2901 3124
f 2901 2908 3124
f 3116 3117 3123
f 2908 2910 3125
f 3125 2908 3124
f 3125 3124 3126
f 3124 3123 3126
f 3127 3128 3129
f 3129 2912 2916
f 3129 2916 3127
f 2915 2916 3127
f 2915 3127 3130
f 3127 3130 3131
f 3127 3131 3132
f 3127 3132 3128
f 3120 2905 3133
f 2905 2918 3133
f 2918 2912 3133
f 2912 3129 3133
f 3128 3129 3133
f 3128 3133 3134
f 3121 3120 3133
f 3121 3133 3134
f 3135 3136 3125
f 3135 3125 2910
f 2910 2920 3135
f 3125 3126 3136
f 2920 2922 3137
f 3137 2920 3135
f 3137 3135 3138
f 3135 3136 3138
f 3139 3140 3141
f 2924 2929 3139
f 2924 3139 3141
f 2928 2929 3139
f 2928 3139 3142
f 3139 3142 3143
f 3139 3143 3144
f 3139 3144 3140
f 3130 2915 3145
f 2915 2932 3145
f 2932 2924 3145
f 2924 3141 3145
f 3146 3140 3141
f 3146 3141 3145
f 3146 3131 3130
f 3146 3130 3145
f 3147 3148 3137
f 3147 3137 2922
f 2922 2935 3147
f 3137 3138 3148
f 2935 2938 3149
f 3149 2935 3147
f 3149 3147 3150
f 3147 3148 3150
f 3151 3152 3153
f 2940 2944 3151
f 2940 3151 3153
f 2943 2944 3151
f 2943 3151 3154
f 3151 3154 3155
f 3151 3155 3156
f 3151 3156 3152
f 3142 2928 3157
f 2928 2947 3157
f 2947 2940 3157
f 2940 3153 3157
f 3158 3152 3153
f 3158 3153 3157
f 3158 3143 3142
f 3158 3142 3157
f 3159 3149 2938
f 3159 2938 3160
f 2938 2949 3160
f 3149 3150 3159
f 2955 2952 3161
f 3162 3161 2955
f 3162 2955 2949
f 3163 3162 2949
f 3163 2949 3160
f 3160 3159 3163
f 2952 2956 3164
f 2952 3161 3164
f 2963 2958 3165
f 2963 2962 3165
f 3166 3167 3168
f 3168 2965 2968
f 3168 2968 3166
f 2968 2958 3166
f 3169 3165 2958
f 3169 2958 3166
f 3166 3169 3170
f 3166 3170 3167
f 3154 2943 3171
f 2943 2970 3171
f 2970 2965 3171
f 2965 3168 3171
f 3172 3167 3168
f 3172 3168 3171
f 3172 3155 3154
f 3172 3154 3171
f 3162 3161 3173
f 3162 3163 3173
f 3174 3164 2956
f 3174 2956 3175
f 2956 2973 3175
f 3161 3173 3176
f 3174 3176 3161
f 3174 3161 3164
f 3177 3178 3179
f 2976 2978 3177
f 2976 3177 3179
f 2978 2973 3177
f 2973 3175 3177
f 3174 3175 3177
f 3174 3177 3180
f 3177 3180 3178
f 3181 3182 3183
f 2980 2982 3181
f 2980 3181 3183
f 2982 2976 3181
f 2976 3179 3181
f 3178 3179 3181
f 3178 3181 3184
f 3181 3184 3182
f 3185 3186 3187
f 2984 2986 3185
f 2984 3185 3187
f 2986 2980 3185
f 2980 3183 3185
f 3182 3183 3185
f 3182 3185 3188
f 3185 3188 3186
f 3189 3190 3191
f 3191 2988 2990
f 3191 2990 3189
f 2990 2984 3189
f 2984 3187 3189
f 3192 3186 3187
f 3192 3187 3189
f 3189 3192 3190
f 3193 3165 2962
f 3193 2962 3194
f 2962 2993 3194
f 2993 2988 3194
f 2988 3191 3194
f 3190 3191 3194
f 3190 3194 3195
f 3194 3195 3193
f 3165 3193 3196
f 3165 3169 3196
f 3000 2996 3197
f 3000 2999 3197
f 3004 3002 3198
f 3198 3004 2996
f 3198 2996 3199
f 2996 3197 3199
f 3008 3006 3200
f 3200 3008 3002
f 3200 3002 3201
f 3002 3198 3201
f 3012 3010 3202
f 3203 3202 3012
f 3203 3012 3006
f 3006 3200 3203
f 3016 3014 3204
f 3205 3204 3016
f 3205 3016 3010
f 3010 3202 3205
f 3014 3018 3206
f 3014 3204 3206
f 3024 3020 3207
f 3024 3023 3207
f 3028 3026 3208
f 3209 3208 3028
f 3209 3028 3020
f 3020 3207 3209
f 3197 2999 3210
f 3197 3210 3211
f 2999 3030 3210
f 3030 3026 3210
f 3208 3026 3210
f 3208 3210 3212
f 3210 3212 3213
f 3210 3213 3211
f 3199 3198 3214
f 3197 3211 3215
f 3215 3197 3199
f 3215 3199 3214
f 3201 3200 3216
f 3198 3214 3217
f 3217 3198 3201
f 3217 3201 3216
f 3203 3202 3218
f 3200 3216 3219
f 3218 3219 3200
f 3218 3200 3203
f 3205 3204 3220
f 3202 3218 3221
f 3220 3221 3202
f 3220 3202 3205
f 3206 3018 3222
f 3031 3018 3222
f 3031 3222 3223
f 3222 3223 3224
f 3222 3224 3225
f 3220 3204 3222
f 3220 3222 3225
f 3204 3206 3222
f 3036 3034 3226
f 3226 3036 3031
f 3226 3031 3227
f 3031 3223 3227
f 3034 3038 3228
f 3034 3226 3228
f 3044 3040 3229
f 3044 3043 3229
f 3207 3023 3230
f 3207 3230 3231
f 3023 3046 3230
f 3046 3040 3230
f 3229 3040 3230
f 3229 3230 3232
f 3230 3232 3233
f 3230 3233 3231
f 3209 3208 3234
f 3207 3231 3235
f 3235 3207 3209
f 3235 3209 3234
f 3208 3234 3236
f 3208 3212 3236
f 3224 3223 3237
f 3224 3225 3237
f 3227 3226 3238
f 3223 3237 3239
f 3238 3239 3223
f 3238 3223 3227
f 3228 3038 3240
f 3241 3047 3038
f 3241 3038 3240
f 3240 3241 3242
f 3240 3242 3243
f 3238 3226 3240
f 3238 3240 3243
f 3226 3228 3240
f 3047 3050 3244
f 3047 3241 3244
f 3056 3052 3245
f 3056 3055 3245
f 3229 3043 3246
f 3229 3246 3247
f 3043 3058 3246
f 3058 3052 3246
f 3245 3052 3246
f 3245 3246 3248
f 3246 3248 3249
f 3246 3249 3247
f 3229 3247 3250
f 3229 3232 3250
f 3242 3241 3251
f 3242 3243 3251
f 3244 3050 3252
f 3253 3060 3050
f 3253 3050 3252
f 3252 3253 3254
f 3252 3254 3255
f 3255 3251 3241
f 3255 3241 3252
f 3241 3244 3252
f 3060 3062 3256
f 3060 3253 3256
f 3068 3064 3257
f 3068 3067 3257
f 3245 3055 3258
f 3245 3258 3259
f 3055 3070 3258
f 3070 3064 3258
f 3257 3064 3258
f 3257 3258 3260
f 3258 3260 3261
f 3258 3261 3259
f 3245 3259 3262
f 3245 3248 3262
f 3254 3253 3263
f 3254 3255 3263
f 3256 3062 3264
f 3265 3072 3062
f 3265 3062 3264
f 3264 3265 3266
f 3264 3266 3267
f 3267 3263 3253
f 3267 3253 3264
f 3253 3256 3264
f 3072 3074 3268
f 3072 3265 3268
f 3067 3257 3269
f 3270 3269 3067
f 3270 3067 3078
f 3078 3077 3270
f 3269 3270 3271
f 3271 3269 3257
f 3271 3257 3272
f 3257 3260 3272
f 3273 3265 3266
f 3273 3266 3274
f 3274 3273 3275
f 3274 3275 3276
f 3274 3276 3277
f 3274 3277 3278
f 3278 3267 3266
f 3278 3266 3274
f 3268 3074 3279
f 3074 3082 3279
f 3081 3082 3279
f 3081 3279 3280
f 3275 3273 3279
f 3275 3279 3280
f 3273 3265 3279
f 3265 3268 3279
f 3077 3270 3281
f 3282 3281 3077
f 3282 3077 3086
f 3086 3085 3282
f 3281 3282 3283
f 3284 3283 3281
f 3284 3281 3270
f 3270 3271 3284
f 3275 3276 3285
f 3275 3285 3286
f 3285 3286 3287
f 3285 3287 3288
f 3285 3288 3289
f 3285 3289 3290
f 3277 3276 3285
f 3277 3285 3290
f 3280 3081 3291
f 3081 3090 3291
f 3292 3089 3090
f 3292 3090 3291
f 3292 3287 3286
f 3292 3286 3291
f 3286 3275 3291
f 3275 3280 3291
f 3085 3282 3293
f 3294 3293 3085
f 3294 3085 3094
f 3094 3093 3294
f 3293 3294 3295
f 3296 3295 3293
f 3296 3293 3282
f 3282 3283 3296
f 3287 3288 3297
f 3287 3297 3298
f 3297 3298 3299
f 3297 3299 3300
f 3297 3300 3301
f 3297 3301 3302
f 3289 3288 3297
f 3289 3297 3302
f 3292 3089 3303
f 3089 3098 3303
f 3304 3097 3098
f 3304 3098 3303
f 3304 3299 3298
f 3304 3298 3303
f 3298 3287 3303
f 3287 3292 3303
f 3093 3294 3305
f 3305 3093 3102
f 3305 3102 3306
f 3102 3101 3306
f 3305 3306 3307
f 3307 3305 3294
f 3307 3294 3308
f 3294 3295 3308
f 3309 3299 3300
f 3309 3300 3310
f 3310 3309 3311
f 3310 3311 3312
f 3310 3312 3313
f 3310 3313 3314
f 3314 3301 3300
f 3314 3300 3310
f 3304 3097 3315
f 3097 3106 3315
f 3316 3105 3106
f 3316 3106 3315
f 3316 3311 3309
f 3316 3309 3315
f 3309 3299 3315
f 3299 3304 3315
f 3101 3306 3317
f 3317 3101 3110
f 3317 3110 3318
f 3110 3109 3318
f 3317 3318 3319
f 3319 3317 3306
f 3319 3306 3320
f 3306 3307 3320
f 3321 3311 3312
f 3321 3312 3322
f 3322 3321 3323
f 3322 3323 3324
f 3322 3324 3325
f 3322 3325 3326
f 3326 3313 3312
f 3326 3312 3322
f 3316 3105 3327
f 3105 3114 3327
f 3328 3113 3114
f 3328 3114 3327
f 3328 3323 3321
f 3328 3321 3327
f 3321 3311 3327
f 3311 3316 3327
f 3109 3318 3329
f 3329 3109 3118
f 3329 3118 3330
f 3118 3117 3330
f 3329 3330 3331
f 3332 3331 3329
f 3332 3329 3318
f 3318 3319 3332
f 3333 3323 3324
f 3333 3324 3334
f 3334 3333 3335
f 3334 3335 3336
f 3334 3336 3337
f 3334 3337 3338
f 3338 3325 3324
f 3338 3324 3334
f 3328 3113 3339
f 3113 3122 3339
f 3340 3121 3122
f 3340 3122 3339
f 3340 3335 3333
f 3340 3333 3339
f 3333 3323 3339
f 3323 3328 3339
f 3117 3330 3341
f 3117 3123 3341
f 3342 3343 3344
f 3342 3344 3345
f 3345 3126 3123
f 3345 3123 3342
f 3123 3341 3342
f 3341 3330 3342
f 3343 3331 3330
f 3343 3330 3342
f 3344 3345 3346
f 3344 3343 3346
f 3347 3348 3349
f 3347 3349 3350
f 3347 3350 3351
f 3347 3351 3352
f 3347 3352 3353
f 3347 3353 3348
f 3354 3335 3336
f 3354 3336 3355
f 3354 3128 3132
f 3354 3132 3355
f 3356 3131 3132
f 3356 3132 3355
f 3356 3350 3349
f 3356 3349 3355
f 3357 3348 3349
f 3357 3349 3355
f 3357 3337 3336
f 3357 3336 3355
f 3340 3121 3358
f 3121 3134 3358
f 3134 3128 3358
f 3128 3354 3358
f 3354 3335 3358
f 3335 3340 3358
f 3126 3345 3359
f 3126 3136 3359
f 3360 3361 3362
f 3360 3362 3363
f 3363 3138 3136
f 3363 3136 3360
f 3136 3359 3360
f 3359 3345 3360
f 3361 3346 3345
f 3361 3345 3360
f 3362 3363 3364
f 3362 3361 3364
f 3365 3366 3367
f 3365 3367 3368
f 3365 3368 3369
f 3365 3369 3370
f 3365 3370 3371
f 3365 3371 3366
f 3372 3350 3351
f 3372 3351 3373
f 3372 3140 3144
f 3372 3144 3373
f 3374 3143 3144
f 3374 3144 3373
f 3374 3368 3367
f 3374 3367 3373
f 3375 3366 3367
f 3375 3367 3373
f 3375 3352 3351
f 3375 3351 3373
f 3356 3131 3376
f 3131 3146 3376
f 3146 3140 3376
f 3140 3372 3376
f 3372 3350 3376
f 3350 3356 3376
f 3138 3363 3377
f 3138 3148 3377
f 3378 3379 3380
f 3378 3380 3381
f 3381 3150 3148
f 3381 3148 3378
f 3148 3377 3378
f 3377 3363 3378
f 3379 3364 3363
f 3379 3363 3378
f 3382 3383 3384
f 3382 3384 3385
f 3382 3385 3386
f 3381 3380 3382
f 3381 3382 3386
f 3379 3380 3382
f 3379 3382 3387
f 3382 3387 3383
f 3384 3385 3388
f 3384 3383 3388
f 3389 3390 3391
f 3389 3391 3392
f 3389 3392 3393
f 3389 3393 3394
f 3389 3394 3395
f 3389 3395 3390
f 3396 3397 3398
f 3396 3398 3399
f 3396 3399 3400
f 3400 3392 3391
f 3400 3391 3396
f 3401 3390 3391
f 3401 3391 3396
f 3396 3401 3397
f 3402 3368 3369
f 3402 3369 3403
f 3402 3152 3156
f 3402 3156 3403
f 3404 3155 3156
f 3404 3156 3403
f 3404 3399 3398
f 3404 3398 3403
f 3405 3397 3398
f 3405 3398 3403
f 3405 3370 3369
f 3405 3369 3403
f 3374 3143 3406
f 3143 3158 3406
f 3158 3152 3406
f 3152 3402 3406
f 3402 3368 3406
f 3368 3374 3406
f 3150 3381 3407
f 3150 3159 3407
f 3408 3385 3386
f 3408 3386 3409
f 3409 3408 3410
f 3410 3163 3159
f 3410 3159 3409
f 3159 3407 3409
f 3407 3381 3409
f 3381 3386 3409
f 3411 3412 3413
f 3411 3413 3414
f 3411 3414 3415
f 3415 3410 3408
f 3415 3408 3411
f 3408 3385 3411
f 3412 3388 3385
f 3412 3385 3411
f 3416 3417 3418
f 3416 3418 3419
f 3416 3419 3420
f 3420 3414 3413
f 3420 3413 3416
f 3421 3412 3413
f 3421 3413 3416
f 3416 3421 3417
f 3422 3423 3424
f 3422 3424 3425
f 3422 3425 3426
f 3426 3419 3418
f 3426 3418 3422
f 3427 3417 3418
f 3427 3418 3422
f 3422 3427 3423
f 3428 3429 3430
f 3428 3430 3431
f 3428 3431 3432
f 3432 3425 3424
f 3432 3424 3428
f 3433 3423 3424
f 3433 3424 3428
f 3428 3433 3429
f 3434 3435 3436
f 3434 3436 3437
f 3434 3437 3438
f 3438 3431 3430
f 3438 3430 3434
f 3439 3429 3430
f 3439 3430 3434
f 3434 3439 3435
f 3440 3392 3393
f 3440 3393 3441
f 3441 3440 3442
f 3441 3442 3443
f 3443 3437 3436
f 3443 3436 3441
f 3444 3435 3436
f 3444 3436 3441
f 3444 3394 3393
f 3444 3393 3441
f 3445 3399 3400
f 3445 3400 3446
f 3445 3167 3170
f 3445 3170 3446
f 3447 3169 3170
f 3447 3170 3446
f 3447 3442 3440
f 3447 3440 3446
f 3440 3392 3446
f 3392 3400 3446
f 3404 3155 3448
f 3155 3172 3448
f 3172 3167 3448
f 3167 3445 3448
f 3445 3399 3448
f 3399 3404 3448
f 3163 3410 3449
f 3163 3173 3449
f 3414 3415 3450
f 3414 3450 3451
f 3174 3176 3450
f 3174 3450 3451
f 3176 3173 3450
f 3173 3449 3450
f 3449 3410 3450
f 3410 3415 3450
f 3452 3419 3420
f 3452 3420 3453
f 3452 3178 3180
f 3452 3180 3453
f 3180 3174 3453
f 3174 3451 3453
f 3451 3414 3453
f 3414 3420 3453
f 3454 3425 3426
f 3454 3426 3455
f 3454 3182 3184
f 3454 3184 3455
f 3184 3178 3455
f 3178 3452 3455
f 3452 3419 3455
f 3419 3426 3455
f 3456 3431 3432
f 3456 3432 3457
f 3456 3186 3188
f 3456 3188 3457
f 3188 3182 3457
f 3182 3454 3457
f 3454 3425 3457
f 3425 3432 3457
f 3458 3437 3438
f 3458 3438 3459
f 3458 3190 3192
f 3458 3192 3459
f 3192 3186 3459
f 3186 3456 3459
f 3456 3431 3459
f 3431 3438 3459
f 3460 3442 3443
f 3460 3443 3461
f 3460 3193 3195
f 3460 3195 3461
f 3195 3190 3461
f 3190 3458 3461
f 3458 3437 3461
f 3437 3443 3461
f 3447 3169 3462
f 3169 3196 3462
f 3196 3193 3462
f 3193 3460 3462
f 3460 3442 3462
f 3442 3447 3462
f 3213 3211 3463
f 3213 3212 3463
f 3464 3465 3466
f 3214 3215 3464
f 3214 3464 3466
f 3215 3211 3464
f 3467 3463 3211
f 3467 3211 3464
f 3464 3467 3468
f 3464 3468 3465
f 3469 3470 3471
f 3216 3217 3469
f 3216 3469 3471
f 3217 3214 3469
f 3214 3466 3469
f 3472 3465 3466
f 3472 3466 3469
f 3469 3472 3470
f 3473 3474 3475
f 3218 3219 3473
f 3218 3473 3475
f 3219 3216 3473
f 3216 3471 3473
f 3470 3471 3473
f 3470 3473 3476
f 3473 3476 3474
f 3221 3220 3477
f 3478 3477 3221
f 3478 3221 3218
f 3479 3478 3218
f 3479 3218 3475
f 3475 3474 3479
f 3220 3225 3480
f 3220 3477 3480
f 3233 3231 3481
f 3233 3232 3481
f 3482 3483 3484
f 3484 3234 3235
f 3484 3235 3482
f 3235 3231 3482
f 3485 3481 3231
f 3485 3231 3482
f 3482 3485 3486
f 3482 3486 3483
f 3487 3463 3212
f 3487 3212 3488
f 3212 3236 3488
f 3236 3234 3488
f 3234 3484 3488
f 3483 3484 3488
f 3483 3488 3489
f 3488 3489 3487
f 3463 3487 3490
f 3463 3467 3490
f 3478 3477 3491
f 3478 3479 3491
f 3492 3480 3225
f 3492 3225 3493
f 3225 3237 3493
f 3477 3491 3494
f 3492 3494 3477
f 3492 3477 3480
f 3239 3238 3495
f 3496 3495 3239
f 3496 3239 3237
f 3497 3496 3237
f 3497 3237 3493
f 3493 3492 3497
f 3238 3243 3498
f 3238 3495 3498
f 3499 3500 3501
f 3247 3249 3499
f 3247 3499 3501
f 3248 3249 3499
f 3248 3499 3502
f 3499 3502 3503
f 3499 3503 3504
f 3499 3504 3500
f 3505 3481 3232
f 3505 3232 3506
f 3232 3250 3506
f 3250 3247 3506
f 3247 3501 3506
f 3507 3500 3501
f 3507 3501 3506
f 3506 3507 3505
f 3481 3505 3508
f 3481 3485 3508
f 3496 3495 3509
f 3496 3497 3509
f 3510 3511 3498
f 3510 3498 3243
f 3243 3251 3510
f 3495 3509 3512
f 3511 3512 3495
f 3511 3495 3498
f 3251 3255 3513
f 3513 3251 3510
f 3513 3510 3514
f 3510 3511 3514
f 3261 3259 3515
f 3261 3260 3515
f 3502 3248 3516
f 3248 3262 3516
f 3262 3259 3516
f 3517 3515 3259
f 3517 3259 3516
f 3516 3517 3518
f 3518 3503 3502
f 3518 3502 3516
f 3513 3255 3519
f 3520 3263 3255
f 3520 3255 3519
f 3519 3520 3521
f 3519 3521 3522
f 3519 3522 3523
f 3523 3514 3513
f 3523 3513 3519
f 3263 3267 3524
f 3263 3520 3524
f 3525 3515 3260
f 3525 3260 3526
f 3260 3272 3526
f 3271 3272 3526
f 3271 3526 3527
f 3526 3527 3528
f 3526 3528 3529
f 3526 3529 3525
f 3515 3525 3530
f 3515 3517 3530
f 3521 3520 3531
f 3521 3522 3531
f 3524 3267 3532
f 3267 3278 3532
f 3277 3278 3532
f 3277 3532 3533
f 3532 3533 3534
f 3531 3520 3532
f 3531 3532 3534
f 3520 3524 3532
f 3527 3271 3535
f 3271 3284 3535
f 3536 3283 3284
f 3536 3284 3535
f 3535 3536 3537
f 3535 3537 3538
f 3538 3528 3527
f 3538 3527 3535
f 3533 3277 3539
f 3277 3290 3539
f 3540 3289 3290
f 3540 3290 3539
f 3539 3540 3541
f 3539 3541 3542
f 3542 3534 3533
f 3542 3533 3539
f 3536 3283 3543
f 3283 3296 3543
f 3544 3295 3296
f 3544 3296 3543
f 3543 3544 3545
f 3543 3545 3546
f 3537 3536 3543
f 3537 3543 3546
f 3540 3289 3547
f 3289 3302 3547
f 3548 3301 3302
f 3548 3302 3547
f 3547 3548 3549
f 3547 3549 3550
f 3550 3541 3540
f 3550 3540 3547
f 3544 3295 3551
f 3295 3308 3551
f 3307 3308 3551
f 3307 3551 3552
f 3551 3552 3553
f 3551 3553 3554
f 3545 3544 3551
f 3545 3551 3554
f 3548 3301 3555
f 3301 3314 3555
f 3556 3313 3314
f 3556 3314 3555
f 3555 3556 3557
f 3555 3557 3558
f 3558 3549 3548
f 3558 3548 3555
f 3552 3307 3559
f 3307 3320 3559
f 3319 3320 3559
f 3319 3559 3560
f 3559 3560 3561
f 3559 3561 3562
f 3553 3552 3559
f 3553 3559 3562
f 3556 3313 3563
f 3313 3326 3563
f 3564 3325 3326
f 3564 3326 3563
f 3563 3564 3565
f 3563 3565 3566
f 3566 3557 3556
f 3566 3556 3563
f 3567 3568 3560
f 3567 3560 3319
f 3567 3319 3332
f 3567 3332 3569
f 3332 3331 3569
f 3560 3561 3568
f 3567 3569 3570
f 3567 3568 3570
f 3571 3572 3573
f 3571 3573 3574
f 3571 3574 3575
f 3571 3575 3576
f 3571 3576 3577
f 3571 3577 3572
f 3564 3325 3578
f 3325 3338 3578
f 3579 3337 3338
f 3579 3338 3578
f 3579 3574 3573
f 3579 3573 3578
f 3580 3572 3573
f 3580 3573 3578
f 3580 3565 3564
f 3580 3564 3578
f 3331 3569 3581
f 3331 3343 3581
f 3343 3346 3582
f 3583 3582 3343
f 3583 3343 3581
f 3584 3583 3581
f 3584 3581 3569
f 3569 3570 3584
f 3585 3574 3575
f 3585 3575 3586
f 3585 3348 3353
f 3585 3353 3586
f 3587 3352 3353
f 3587 3353 3586
f 3586 3587 3588
f 3586 3588 3589
f 3589 3576 3575
f 3589 3575 3586
f 3579 3337 3590
f 3337 3357 3590
f 3357 3348 3590
f 3348 3585 3590
f 3585 3574 3590
f 3574 3579 3590
f 3591 3592 3582
f 3591 3582 3346
f 3346 3361 3591
f 3582 3583 3592
f 3593 3594 3595
f 3593 3595 3596
f 3364 3361 3593
f 3364 3593 3596
f 3361 3591 3593
f 3597 3592 3591
f 3597 3591 3593
f 3593 3597 3594
f 3595 3596 3598
f 3595 3594 3598
f 3599 3600 3601
f 3599 3601 3602
f 3599 3602 3603
f 3599 3603 3604
f 3599 3604 3605
f 3599 3605 3600
f 3606 3607 3608
f 3608 3366 3371
f 3608 3371 3606
f 3609 3370 3371
f 3609 3371 3606
f 3609 3602 3601
f 3609 3601 3606
f 3610 3600 3601
f 3610 3601 3606
f 3606 3610 3607
f 3587 3352 3611
f 3352 3375 3611
f 3375 3366 3611
f 3366 3608 3611
f 3612 3607 3608
f 3612 3608 3611
f 3612 3588 3587
f 3612 3587 3611
f 3364 3596 3613
f 3364 3379 3613
f 3614 3615 3616
f 3616 3383 3387
f 3616 3387 3614
f 3387 3379 3614
f 3379 3613 3614
f 3613 3596 3614
f 3615 3598 3596
f 3615 3596 3614
f 3617 3618 3619
f 3617 3619 3620
f 3620 3388 3383
f 3620 3383 3617
f 3383 3616 3617
f 3615 3616 3617
f 3615 3617 3621
f 3617 3621 3618
f 3619 3620 3622
f 3619 3618 3622
f 3623 3624 3625
f 3623 3625 3626
f 3623 3626 3627
f 3623 3627 3628
f 3623 3628 3629
f 3623 3629 3624
f 3630 3631 3632
f 3632 3390 3395
f 3632 3395 3630
f 3633 3394 3395
f 3633 3395 3630
f 3633 3626 3625
f 3633 3625 3630
f 3634 3624 3625
f 3634 3625 3630
f 3630 3634 3631
f 3635 3602 3603
f 3635 3603 3636
f 3635 3397 3401
f 3635 3401 3636
f 3401 3390 3636
f 3390 3632 3636
f 3637 3631 3632
f 3637 3632 3636
f 3637 3604 3603
f 3637 3603 3636
f 3609 3370 3638
f 3370 3405 3638
f 3405 3397 3638
f 3397 3635 3638
f 3635 3602 3638
f 3602 3609 3638
f 3388 3620 3639
f 3388 3412 3639
f 3640 3641 3642
f 3417 3421 3640
f 3417 3640 3642
f 3421 3412 3640
f 3412 3639 3640
f 3639 3620 3640
f 3641 3622 3620
f 3641 3620 3640
f 3643 3644 3645
f 3645 3423 3427
f 3645 3427 3643
f 3427 3417 3643
f 3417 3642 3643
f 3646 3641 3642
f 3646 3642 3643
f 3643 3646 3644
f 3647 3648 3649
f 3649 3429 3433
f 3649 3433 3647
f 3433 3423 3647
f 3423 3645 3647
f 3650 3644 3645
f 3650 3645 3647
f 3647 3650 3648
f 3651 3626 3627
f 3651 3627 3652
f 3651 3435 3439
f 3651 3439 3652
f 3439 3429 3652
f 3429 3649 3652
f 3653 3648 3649
f 3653 3649 3652
f 3653 3628 3627
f 3653 3627 3652
f 3633 3394 3654
f 3394 3444 3654
f 3444 3435 3654
f 3435 3651 3654
f 3651 3626 3654
f 3626 3633 3654
f 3468 3465 3655
f 3468 3467 3655
f 3656 3657 3658
f 3470 3472 3656
f 3470 3656 3658
f 3472 3465 3656
f 3655 3465 3656
f 3655 3656 3659
f 3656 3659 3660
f 3656 3660 3657
f 3476 3474 3661
f 3662 3661 3476
f 3662 3476 3470
f 3662 3470 3658
f 3662 3658 3663
f 3658 3657 3663
f 3474 3479 3664
f 3474 3661 3664
f 3665 3666 3667
f 3483 3486 3665
f 3483 3665 3667
f 3668 3485 3486
f 3668 3486 3665
f 3665 3668 3669
f 3665 3669 3670
f 3665 3670 3666
f 3671 3672 3673
f 3673 3487 3489
f 3673 3489 3671
f 3489 3483 3671
f 3483 3667 3671
f 3674 3666 3667
f 3674 3667 3671
f 3671 3674 3672
f 3675 3655 3467
f 3675 3467 3676
f 3467 3490 3676
f 3490 3487 3676
f 3487 3673 3676
f 3672 3673 3676
f 3672 3676 3677
f 3676 3677 3675
f 3655 3675 3678
f 3655 3659 3678
f 3662 3661 3679
f 3662 3663 3679
f 3680 3664 3479
f 3680 3479 3681
f 3479 3491 3681
f 3661 3679 3682
f 3680 3682 3661
f 3680 3661 3664
f 3683 3684 3685
f 3492 3494 3683
f 3492 3683 3685
f 3494 3491 3683
f 3491 3681 3683
f 3680 3681 3683
f 3680 3683 3686
f 3683 3686 3684
f 3492 3497 3687
f 3687 3492 3685
f 3687 3685 3688
f 3685 3684 3688
f 3504 3500 3689
f 3504 3503 3689
f 3690 3691 3692
f 3692 3505 3507
f 3692 3507 3690
f 3507 3500 3690
f 3693 3689 3500
f 3693 3500 3690
f 3690 3693 3694
f 3690 3694 3691
f 3668 3485 3695
f 3485 3508 3695
f 3508 3505 3695
f 3505 3692 3695
f 3691 3692 3695
f 3691 3695 3696
f 3669 3668 3695
f 3669 3695 3696
f 3697 3687 3497
f 3697 3497 3698
f 3497 3509 3698
f 3687 3688 3697
f 3512 3511 3699
f 3700 3699 3512
f 3700 3512 3509
f 3700 3509 3698
f 3700 3698 3701
f 3698 3697 3701
f 3511 3514 3702
f 3511 3699 3702
f 3703 3689 3503
f 3703 3503 3704
f 3503 3518 3704
f 3705 3517 3518
f 3705 3518 3704
f 3704 3705 3706
f 3704 3706 3707
f 3704 3707 3703
f 3689 3703 3708
f 3689 3693 3708
f 3700 3699 3709
f 3700 3701 3709
f 3702 3514 3710
f 3514 3523 3710
f 3522 3523 3710
f 3522 3710 3711
f 3710 3711 3712
f 3709 3699 3710
f 3709 3710 3712
f 3699 3702 3710
f 3529 3525 3713
f 3529 3528 3713
f 3705 3517 3714
f 3517 3530 3714
f 3530 3525 3714
f 3715 3713 3525
f 3715 3525 3714
f 3714 3715 3716
f 3706 3705 3714
f 3706 3714 3716
f 3711 3522 3717
f 3531 3522 3717
f 3531 3717 3718
f 3717 3718 3719
f 3717 3719 3720
f 3717 3720 3721
f 3712 3711 3717
f 3712 3717 3721
f 3531 3534 3722
f 3531 3718 3722
f 3723 3713 3528
f 3723 3528 3724
f 3528 3538 3724
f 3537 3538 3724
f 3537 3724 3725
f 3724 3725 3726
f 3724 3726 3727
f 3724 3727 3723
f 3713 3723 3728
f 3713 3715 3728
f 3719 3718 3729
f 3719 3720 3729
f 3722 3534 3730
f 3534 3542 3730
f 3541 3542 3730
f 3541 3730 3731
f 3730 3731 3732
f 3732 3729 3718
f 3732 3718 3730
f 3718 3722 3730
f 3725 3537 3733
f 3537 3546 3733
f 3545 3546 3733
f 3545 3733 3734
f 3733 3734 3735
f 3733 3735 3736
f 3736 3726 3725
f 3736 3725 3733
f 3731 3541 3737
f 3541 3550 3737
f 3738 3549 3550
f 3738 3550 3737
f 3737 3738 3739
f 3737 3739 3740
f 3740 3732 3731
f 3740 3731 3737
f 3734 3545 3741
f 3545 3554 3741
f 3553 3554 3741
f 3553 3741 3742
f 3741 3742 3743
f 3741 3743 3744
f 3735 3734 3741
f 3735 3741 3744
f 3738 3549 3745
f 3549 3558 3745
f 3746 3557 3558
f 3746 3558 3745
f 3745 3746 3747
f 3745 3747 3748
f 3748 3739 3738
f 3748 3738 3745
f 3749 3750 3742
f 3749 3742 3553
f 3751 3749 3553
f 3751 3553 3562
f 3562 3561 3751
f 3742 3743 3750
f 3749 3751 3752
f 3749 3750 3752
f 3753 3754 3755
f 3753 3755 3756
f 3753 3756 3757
f 3753 3757 3758
f 3753 3758 3759
f 3753 3759 3754
f 3746 3557 3760
f 3557 3566 3760
f 3761 3565 3566
f 3761 3566 3760
f 3761 3756 3755
f 3761 3755 3760
f 3762 3754 3755
f 3762 3755 3760
f 3762 3747 3746
f 3762 3746 3760
f 3561 3751 3763
f 3561 3568 3763
f 3568 3570 3764
f 3764 3568 3763
f 3764 3763 3765
f 3765 3763 3751
f 3765 3751 3766
f 3751 3752 3766
f 3767 3756 3757
f 3767 3757 3768
f 3767 3572 3577
f 3767 3577 3768
f 3769 3576 3577
f 3769 3577 3768
f 3768 3769 3770
f 3768 3770 3771
f 3771 3758 3757
f 3771 3757 3768
f 3761 3565 3772
f 3565 3580 3772
f 3580 3572 3772
f 3572 3767 3772
f 3767 3756 3772
f 3756 3761 3772
f 3773 3774 3764
f 3773 3764 3570
f 3773 3570 3584
f 3773 3584 3775
f 3584 3583 3775
f 3764 3765 3774
f 3773 3775 3776
f 3773 3774 3776
f 3777 3778 3779
f 3777 3779 3780
f 3777 3780 3781
f 3777 3781 3782
f 3777 3782 3783
f 3777 3783 3778
f 3769 3576 3784
f 3576 3589 3784
f 3785 3588 3589
f 3785 3589 3784
f 3785 3780 3779
f 3785 3779 3784
f 3786 3778 3779
f 3786 3779 3784
f 3786 3770 3769
f 3786 3769 3784
f 3583 3775 3787
f 3583 3592 3787
f 3788 3789 3790
f 3594 3597 3788
f 3594 3788 3790
f 3597 3592 3788
f 3592 3787 3788
f 3787 3775 3788
f 3776 3775 3788
f 3776 3788 3789
f 3594 3598 3791
f 3792 3791 3594
f 3792 3594 3790
f 3790 3789 3792
f 3793 3794 3795
f 3795 3600 3605
f 3795 3605 3793
f 3796 3604 3605
f 3796 3605 3793
f 3793 3796 3797
f 3793 3797 3798
f 3793 3798 3794
f 3799 3780 3781
f 3799 3781 3800
f 3799 3607 3610
f 3799 3610 3800
f 3610 3600 3800
f 3600 3795 3800
f 3801 3794 3795
f 3801 3795 3800
f 3801 3782 3781
f 3801 3781 3800
f 3785 3588 3802
f 3588 3612 3802
f 3612 3607 3802
f 3607 3799 3802
f 3799 3780 3802
f 3780 3785 3802
f 3803 3791 3598
f 3803 3598 3804
f 3598 3615 3804
f 3791 3792 3803
f 3805 3806 3807
f 3807 3618 3621
f 3807 3621 3805
f 3621 3615 3805
f 3615 3804 3805
f 3803 3804 3805
f 3803 3805 3808
f 3805 3808 3806
f 3809 3810 3811
f 3809 3811 3812
f 3622 3618 3809
f 3622 3809 3812
f 3618 3807 3809
f 3806 3807 3809
f 3806 3809 3813
f 3809 3813 3810
f 3811 3812 3814
f 3811 3810 3814
f 3815 3816 3817
f 3815 3817 3818
f 3815 3818 3819
f 3815 3819 3820
f 3815 3820 3821
f 3815 3821 3816
f 3822 3823 3824
f 3824 3624 3629
f 3824 3629 3822
f 3825 3628 3629
f 3825 3629 3822
f 3825 3818 3817
f 3825 3817 3822
f 3826 3816 3817
f 3826 3817 3822
f 3822 3826 3823
f 3827 3828 3829
f 3829 3631 3634
f 3829 3634 3827
f 3634 3624 3827
f 3624 3824 3827
f 3830 3823 3824
f 3830 3824 3827
f 3827 3830 3828
f 3796 3604 3831
f 3604 3637 3831
f 3637 3631 3831
f 3631 3829 3831
f 3832 3828 3829
f 3832 3829 3831
f 3832 3797 3796
f 3832 3796 3831
f 3622 3812 3833
f 3622 3641 3833
f 3834 3835 3836
f 3644 3646 3834
f 3644 3834 3836
f 3646 3641 3834
f 3641 3833 3834
f 3833 3812 3834
f 3835 3814 3812
f 3835 3812 3834
f 3837 3818 3819
f 3837 3819 3838
f 3837 3648 3650
f 3837 3650 3838
f 3650 3644 3838
f 3644 3836 3838
f 3839 3835 3836
f 3839 3836 3838
f 3839 3820 3819
f 3839 3819 3838
f 3825 3628 3840
f 3628 3653 3840
f 3653 3648 3840
f 3648 3837 3840
f 3837 3818 3840
f 3818 3825 3840
f 3660 3657 3841
f 3660 3659 3841
f 3657 3663 3842
f 3657 3841 3842
f 3670 3666 3843
f 3670 3669 3843
f 3674 3672 3844
f 3844 3674 3666
f 3844 3666 3845
f 3666 3843 3845
f 3677 3675 3846
f 3846 3677 3672
f 3846 3672 3847
f 3672 3844 3847
f 3659 3841 3848
f 3849 3848 3659
f 3849 3659 3678
f 3849 3678 3675
f 3849 3675 3850
f 3675 3846 3850
f 3842 3663 3851
f 3679 3663 3851
f 3679 3851 3852
f 3851 3852 3853
f 3849 3848 3851
f 3849 3851 3853
f 3848 3841 3851
f 3841 3842 3851
f 3682 3680 3854
f 3854 3682 3679
f 3854 3679 3855
f 3679 3852 3855
f 3686 3684 3856
f 3856 3686 3680
f 3856 3680 3857
f 3680 3854 3857
f 3684 3688 3858
f 3684 3856 3858
f 3694 3691 3859
f 3694 3693 3859
f 3669 3843 3860
f 3861 3860 3669
f 3861 3669 3696
f 3862 3861 3696
f 3862 3696 3691
f 3691 3859 3862
f 3845 3844 3863
f 3860 3861 3864
f 3865 3864 3860
f 3865 3860 3843
f 3865 3843 3845
f 3865 3845 3863
f 3847 3846 3866
f 3844 3863 3867
f 3867 3844 3847
f 3867 3847 3866
f 3850 3849 3868
f 3846 3866 3869
f 3869 3846 3850
f 3869 3850 3868
f 3853 3852 3870
f 3849 3868 3871
f 3870 3871 3849
f 3870 3849 3853
f 3855 3854 3872
f 3852 3870 3873
f 3872 3873 3852
f 3872 3852 3855
f 3856 3857 3874
f 3856 3874 3875
f 3874 3875 3876
f 3874 3876 3877
f 3874 3877 3878
f 3872 3854 3874
f 3872 3874 3878
f 3854 3857 3874
f 3858 3688 3879
f 3880 3697 3688
f 3880 3688 3879
f 3879 3880 3881
f 3881 3876 3875
f 3881 3875 3879
f 3875 3856 3879
f 3856 3858 3879
f 3697 3701 3882
f 3697 3880 3882
f 3707 3703 3883
f 3707 3706 3883
f 3693 3859 3884
f 3885 3884 3693
f 3885 3693 3708
f 3886 3885 3708
f 3886 3708 3703
f 3703 3883 3886
f 3862 3861 3887
f 3884 3885 3888
f 3889 3888 3884
f 3889 3884 3859
f 3889 3859 3862
f 3889 3862 3887
f 3861 3887 3890
f 3861 3864 3890
f 3877 3876 3891
f 3877 3878 3891
f 3880 3881 3892
f 3880 3892 3893
f 3892 3893 3894
f 3892 3894 3895
f 3892 3895 3896
f 3891 3876 3892
f 3891 3892 3896
f 3876 3881 3892
f 3882 3701 3897
f 3898 3709 3701
f 3898 3701 3897
f 3897 3898 3899
f 3899 3894 3893
f 3899 3893 3897
f 3893 3880 3897
f 3880 3882 3897
f 3709 3712 3900
f 3709 3898 3900
f 3706 3883 3901
f 3902 3901 3706
f 3902 3706 3716
f 3716 3715 3902
f 3886 3885 3903
f 3901 3902 3904
f 3905 3904 3901
f 3905 3901 3883
f 3905 3883 3886
f 3905 3886 3903
f 3885 3903 3906
f 3885 3888 3906
f 3895 3894 3907
f 3895 3896 3907
f 3908 3898 3899
f 3908 3899 3909
f 3909 3908 3910
f 3909 3910 3911
f 3909 3911 3912
f 3912 3907 3894
f 3912 3894 3909
f 3894 3899 3909
f 3900 3712 3913
f 3712 3721 3913
f 3914 3720 3721
f 3914 3721 3913
f 3910 3908 3913
f 3910 3913 3914
f 3908 3898 3913
f 3898 3900 3913
f 3727 3723 3915
f 3727 3726 3915
f 3715 3902 3916
f 3916 3715 3728
f 3916 3728 3917
f 3917 3728 3723
f 3917 3723 3918
f 3723 3915 3918
f 3916 3917 3919
f 3920 3919 3916
f 3920 3916 3902
f 3902 3904 3920
f 3910 3911 3921
f 3910 3921 3922
f 3921 3922 3923
f 3921 3923 3924
f 3921 3924 3925
f 3921 3925 3926
f 3912 3911 3921
f 3912 3921 3926
f 3914 3720 3927
f 3928 3729 3720
f 3928 3720 3927
f 3927 3928 3929
f 3929 3923 3922
f 3929 3922 3927
f 3922 3910 3927
f 3910 3914 3927
f 3729 3732 3930
f 3729 3928 3930
f 3726 3915 3931
f 3932 3931 3726
f 3932 3726 3736
f 3736 3735 3932
f 3917 3918 3933
f 3917 3933 3934
f 3933 3934 3935
f 3933 3935 3936
f 3932 3931 3933
f 3932 3933 3936
f 3931 3915 3933
f 3915 3918 3933
f 3934 3935 3937
f 3938 3937 3934
f 3938 3934 3917
f 3917 3919 3938
f 3923 3924 3939
f 3923 3939 3940
f 3939 3940 3941
f 3939 3941 3942
f 3939 3942 3943
f 3939 3943 3944
f 3925 3924 3939
f 3925 3939 3944
f 3945 3928 3929
f 3945 3929 3946
f 3946 3945 3947
f 3946 3947 3948
f 3948 3941 3940
f 3948 3940 3946
f 3940 3923 3946
f 3923 3929 3946
f 3930 3732 3949
f 3732 3740 3949
f 3739 3740 3949
f 3739 3949 3950
f 3947 3945 3949
f 3947 3949 3950
f 3945 3928 3949
f 3928 3930 3949
f 3735 3932 3951
f 3951 3735 3744
f 3951 3744 3952
f 3744 3743 3952
f 3953 3935 3936
f 3953 3936 3954
f 3954 3953 3955
f 3954 3955 3956
f 3952 3951 3954
f 3952 3954 3956
f 3951 3932 3954
f 3932 3936 3954
f 3953 3955 3957
f 3957 3953 3935
f 3957 3935 3958
f 3935 3937 3958
f 3959 3941 3942
f 3959 3942 3960
f 3960 3959 3961
f 3960 3961 3962
f 3960 3962 3963
f 3960 3963 3964
f 3964 3943 3942
f 3964 3942 3960
f 3965 3947 3948
f 3965 3948 3966
f 3966 3965 3967
f 3966 3967 3968
f 3968 3961 3959
f 3968 3959 3966
f 3959 3941 3966
f 3941 3948 3966
f 3950 3739 3969
f 3739 3748 3969
f 3970 3747 3748
f 3970 3748 3969
f 3970 3967 3965
f 3970 3965 3969
f 3965 3947 3969
f 3947 3950 3969
f 3743 3952 3971
f 3743 3750 3971
f 3955 3956 3972
f 3955 3972 3973
f 3972 3973 3974
f 3974 3752 3750
f 3974 3750 3972
f 3750 3971 3972
f 3971 3952 3972
f 3952 3956 3972
f 3973 3974 3975
f 3975 3973 3955
f 3975 3955 3976
f 3955 3957 3976
f 3977 3961 3962
f 3977 3962 3978
f 3978 3977 3979
f 3978 3979 3980
f 3978 3980 3981
f 3978 3981 3982
f 3982 3963 3962
f 3982 3962 3978
f 3983 3967 3968
f 3983 3968 3984
f 3983 3754 3759
f 3983 3759 3984
f 3985 3758 3759
f 3985 3759 3984
f 3985 3979 3977
f 3985 3977 3984
f 3977 3961 3984
f 3961 3968 3984
f 3970 3747 3986
f 3747 3762 3986
f 3762 3754 3986
f 3754 3983 3986
f 3983 3967 3986
f 3967 3970 3986
f 3752 3974 3987
f 3987 3752 3766
f 3987 3766 3988
f 3766 3765 3988
f 3989 3990 3991
f 3989 3991 3992
f 3989 3992 3993
f 3988 3987 3989
f 3988 3989 3993
f 3987 3974 3989
f 3975 3974 3989
f 3975 3989 3990
f 3991 3992 3994
f 3991 3990 3994
f 3995 3996 3997
f 3995 3997 3998
f 3995 3998 3999
f 3995 3999 4000
f 3995 4000 4001
f 3995 4001 3996
f 4002 3979 3980
f 4002 3980 4003
f 4003 4002 4004
f 4003 4004 4005
f 4005 3998 3997
f 4005 3997 4003
f 4006 3996 3997
f 4006 3997 4003
f 4006 3981 3980
f 4006 3980 4003
f 3985 3758 4007
f 3758 3771 4007
f 4008 3770 3771
f 4008 3771 4007
f 4008 4004 4002
f 4008 4002 4007
f 4002 3979 4007
f 3979 3985 4007
f 3765 3988 4009
f 3765 3774 4009
f 4010 3992 3993
f 4010 3993 4011
f 4011 4010 4012
f 4012 3776 3774
f 4012 3774 4011
f 3774 4009 4011
f 4009 3988 4011
f 3988 3993 4011
f 4013 4014 4015
f 4013 4015 4016
f 4013 4016 4017
f 4012 4010 4013
f 4012 4013 4017
f 4010 3992 4013
f 4014 3994 3992
f 4014 3992 4013
f 4015 4016 4018
f 4015 4014 4018
f 4019 4020 4021
f 4019 4021 4022
f 4019 4022 4023
f 4019 4023 4024
f 4019 4024 4025
f 4019 4025 4020
f 4026 3998 3999
f 4026 3999 4027
f 4027 4026 4028
f 4027 4028 4029
f 4029 4022 4021
f 4029 4021 4027
f 4030 4020 4021
f 4030 4021 4027
f 4030 4000 3999
f 4030 3999 4027
f 4031 4004 4005
f 4031 4005 4032
f 4031 3778 3783
f 4031 3783 4032
f 4033 3782 3783
f 4033 3783 4032
f 4033 4028 4026
f 4033 4026 4032
f 4026 3998 4032
f 3998 4005 4032
f 4008 3770 4034
f 3770 3786 4034
f 3786 3778 4034
f 3778 4031 4034
f 4031 4004 4034
f 4004 4008 4034
f 3776 4012 4035
f 3776 3789 4035
f 4036 4016 4017
f 4036 4017 4037
f 4037 4036 4038
f 4038 3792 3789
f 4038 3789 4037
f 3789 4035 4037
f 4035 4012 4037
f 4012 4017 4037
f 4039 4040 4041
f 4039 4041 4042
f 4039 4042 4043
f 4043 4038 4036
f 4043 4036 4039
f 4036 4016 4039
f 4040 4018 4016
f 4040 4016 4039
f 4044 4045 4046
f 4044 4046 4047
f 4044 4047 4048
f 4048 4042 4041
f 4048 4041 4044
f 4049 4040 4041
f 4049 4041 4044
f 4044 4049 4045
f 4050 4051 4052
f 4050 4052 4053
f 4050 4053 4054
f 4047 4046 4050
f 4047 4050 4054
f 4055 4045 4046
f 4055 4046 4050
f 4050 4055 4051
f 4056 4057 4058
f 4056 4058 4059
f 4056 4059 4060
f 4060 4053 4052
f 4060 4052 4056
f 4061 4051 4052
f 4061 4052 4056
f 4056 4061 4057
f 4062 4063 4064
f 4062 4064 4065
f 4062 4065 4066
f 4066 4059 4058
f 4066 4058 4062
f 4067 4057 4058
f 4067 4058 4062
f 4062 4067 4063
f 4068 4022 4023
f 4068 4023 4069
f 4069 4068 4070
f 4069 4070 4071
f 4071 4065 4064
f 4071 4064 4069
f 4072 4063 4064
f 4072 4064 4069
f 4072 4024 4023
f 4072 4023 4069
f 4073 4028 4029
f 4073 4029 4074
f 4073 3794 3798
f 4073 3798 4074
f 4075 3797 3798
f 4075 3798 4074
f 4075 4070 4068
f 4075 4068 4074
f 4068 4022 4074
f 4022 4029 4074
f 4033 3782 4076
f 3782 3801 4076
f 3801 3794 4076
f 3794 4073 4076
f 4073 4028 4076
f 4028 4033 4076
f 3792 4038 4077
f 3792 3803 4077
f 4042 4043 4078
f 4042 4078 4079
f 4079 3806 3808
f 4079 3808 4078
f 3808 3803 4078
f 3803 4077 4078
f 4077 4038 4078
f 4038 4043 4078
f 4080 4047 4048
f 4080 4048 4081
f 4080 3810 3813
f 4080 3813 4081
f 3813 3806 4081
f 3806 4079 4081
f 4079 4042 4081
f 4042 4048 4081
f 4082 4053 4054
f 4082 4054 4083
f 4083 4082 4084
f 4084 3814 3810
f 4084 3810 4083
f 3810 4080 4083
f 4080 4047 4083
f 4047 4054 4083
f 4085 4059 4060
f 4085 4060 4086
f 4085 3816 3821
f 4085 3821 4086
f 4087 3820 3821
f 4087 3821 4086
f 4087 4084 4082
f 4087 4082 4086
f 4082 4053 4086
f 4053 4060 4086
f 4088 4065 4066
f 4088 4066 4089
f 4088 3823 3826
f 4088 3826 4089
f 3826 3816 4089
f 3816 4085 4089
f 4085 4059 4089
f 4059 4066 4089
f 4090 4070 4071
f 4090 4071 4091
f 4090 3828 3830
f 4090 3830 4091
f 3830 3823 4091
f 3823 4088 4091
f 4088 4065 4091
f 4065 4071 4091
f 4075 3797 4092
f 3797 3832 4092
f 3832 3828 4092
f 3828 4090 4092
f 4090 4070 4092
f 4070 4075 4092
f 3814 4084 4093
f 3814 3835 4093
f 4087 3820 4094
f 3820 3839 4094
f 3839 3835 4094
f 3835 4093 4094
f 4093 4084 4094
f 4084 4087 4094
f 4095 4096 4097
f 3863 3865 4095
f 3863 4095 4097
f 4098 3864 3865
f 4098 3865 4095
f 4095 4098 4099
f 4095 4099 4100
f 4095 4100 4096
f 4101 4102 4103
f 4103 3866 3867
f 4103 3867 4101
f 3867 3863 4101
f 3863 4097 4101
f 4104 4096 4097
f 4104 4097 4101
f 4101 4104 4102
f 4105 4106 4107
f 4107 3868 3869
f 4107 3869 4105
f 3869 3866 4105
f 3866 4103 4105
f 4102 4103 4105
f 4102 4105 4108
f 4105 4108 4106
f 4109 4110 4111
f 3870 3871 4109
f 3870 4109 4111
f 3871 3868 4109
f 3868 4107 4109
f 4106 4107 4109
f 4106 4109 4112
f 4109 4112 4110
f 4113 4114 4115
f 3872 3873 4113
f 3872 4113 4115
f 3873 3870 4113
f 3870 4111 4113
f 4110 4111 4113
f 4110 4113 4116
f 4113 4116 4114
f 3872 3878 4117
f 4117 3872 4115
f 4117 4115 4118
f 4115 4114 4118
f 4119 4120 4121
f 4121 3887 3889
f 4121 3889 4119
f 4122 3888 3889
f 4122 3889 4119
f 4119 4122 4123
f 4119 4123 4124
f 4119 4124 4120
f 4098 3864 4125
f 3864 3890 4125
f 3890 3887 4125
f 3887 4121 4125
f 4120 4121 4125
f 4120 4125 4126
f 4099 4098 4125
f 4099 4125 4126
f 4127 4117 3878
f 4127 3878 4128
f 3878 3891 4128
f 4117 4118 4127
f 3891 3896 4129
f 4129 3891 4128
f 4129 4128 4130
f 4128 4127 4130
f 4131 4132 4133
f 4133 3903 3905
f 4133 3905 4131
f 3904 3905 4131
f 3904 4131 4134
f 4131 4134 4135
f 4131 4135 4136
f 4131 4136 4132
f 4122 3888 4137
f 3888 3906 4137
f 3906 3903 4137
f 3903 4133 4137
f 4132 4133 4137
f 4132 4137 4138
f 4123 4122 4137
f 4123 4137 4138
f 4139 4129 3896
f 4139 3896 4140
f 3896 3907 4140
f 4129 4130 4139
f 3907 3912 4141
f 4141 3907 4140
f 4141 4140 4142
f 4140 4139 4142
f 4134 3904 4143
f 3904 3920 4143
f 4144 3919 3920
f 4144 3920 4143
f 4143 4144 4145
f 4143 4145 4146
f 4146 4135 4134
f 4146 4134 4143
f 4141 3912 4147
f 3912 3926 4147
f 4148 3925 3926
f 4148 3926 4147
f 4147 4148 4149
f 4147 4149 4150
f 4150 4142 4141
f 4150 4141 4147
f 4144 3919 4151
f 3919 3938 4151
f 4152 3937 3938
f 4152 3938 4151
f 4151 4152 4153
f 4151 4153 4154
f 4145 4144 4151
f 4145 4151 4154
f 4148 3925 4155
f 3925 3944 4155
f 4156 3943 3944
f 4156 3944 4155
f 4155 4156 4157
f 4155 4157 4158
f 4158 4149 4148
f 4158 4148 4155
f 4152 3937 4159
f 3937 3958 4159
f 3957 3958 4159
f 3957 4159 4160
f 4159 4160 4161
f 4159 4161 4162
f 4153 4152 4159
f 4153 4159 4162
f 4156 3943 4163
f 3943 3964 4163
f 4164 3963 3964
f 4164 3964 4163
f 4163 4164 4165
f 4163 4165 4166
f 4166 4157 4156
f 4166 4156 4163
f 4167 4168 4160
f 4167 4160 3957
f 4167 3957 3976
f 4167 3976 4169
f 3976 3975 4169
f 4160 4161 4168
f 4167 4169 4170
f 4167 4168 4170
f 4171 4172 4173
f 4171 4173 4174
f 4171 4174 4175
f 4171 4175 4176
f 4171 4176 4177
f 4171 4177 4172
f 4164 3963 4178
f 3963 3982 4178
f 4179 3981 3982
f 4179 3982 4178
f 4179 4174 4173
f 4179 4173 4178
f 4180 4172 4173
f 4180 4173 4178
f 4180 4165 4164
f 4180 4164 4178
f 3975 4169 4181
f 3975 3990 4181
f 3990 3994 4182
f 4183 4182 3990
f 4183 3990 4181
f 4184 4183 4181
f 4184 4181 4169
f 4169 4170 4184
f 4185 4174 4175
f 4185 4175 4186
f 4185 3996 4001
f 4185 4001 4186
f 4187 4000 4001
f 4187 4001 4186
f 4186 4187 4188
f 4186 4188 4189
f 4189 4176 4175
f 4189 4175 4186
f 4179 3981 4190
f 3981 4006 4190
f 4006 3996 4190
f 3996 4185 4190
f 4185 4174 4190
f 4174 4179 4190
f 4191 4192 4182
f 4191 4182 3994
f 3994 4014 4191
f 4182 4183 4192
f 4193 4194 4195
f 4193 4195 4196
f 4196 4018 4014
f 4196 4014 4193
f 4014 4191 4193
f 4197 4192 4191
f 4197 4191 4193
f 4193 4197 4194
f 4195 4196 4198
f 4195 4194 4198
f 4199 4200 4201
f 4199 4201 4202
f 4199 4202 4203
f 4199 4203 4204
f 4199 4204 4205
f 4199 4205 4200
f 4206 4207 4208
f 4208 4020 4025
f 4208 4025 4206
f 4209 4024 4025
f 4209 4025 4206
f 4209 4202 4201
f 4209 4201 4206
f 4210 4200 4201
f 4210 4201 4206
f 4206 4210 4207
f 4187 4000 4211
f 4000 4030 4211
f 4030 4020 4211
f 4020 4208 4211
f 4212 4207 4208
f 4212 4208 4211
f 4212 4188 4187
f 4212 4187 4211
f 4018 4196 4213
f 4018 4040 4213
f 4214 4215 4216
f 4045 4049 4214
f 4045 4214 4216
f 4049 4040 4214
f 4040 4213 4214
f 4213 4196 4214
f 4215 4198 4196
f 4215 4196 4214
f 4217 4218 4219
f 4219 4051 4055
f 4219 4055 4217
f 4055 4045 4217
f 4045 4216 4217
f 4220 4215 4216
f 4220 4216 4217
f 4217 4220 4218
f 4221 4222 4223
f 4223 4057 4061
f 4223 4061 4221
f 4061 4051 4221
f 4051 4219 4221
f 4224 4218 4219
f 4224 4219 4221
f 4221 4224 4222
f 4225 4202 4203
f 4225 4203 4226
f 4225 4063 4067
f 4225 4067 4226
f 4067 4057 4226
f 4057 4223 4226
f 4227 4222 4223
f 4227 4223 4226
f 4227 4204 4203
f 4227 4203 4226
f 4209 4024 4228
f 4024 4072 4228
f 4072 4063 4228
f 4063 4225 4228
f 4225 4202 4228
f 4202 4209 4228
f 4100 4096 4229
f 4100 4099 4229
f 4230 4231 4232
f 4102 4104 4230
f 4102 4230 4232
f 4104 4096 4230
f 4229 4096 4230
f 4229 4230 4233
f 4230 4233 4234
f 4230 4234 4231
f 4235 4236 4237
f 4106 4108 4235
f 4106 4235 4237
f 4108 4102 4235
f 4102 4232 4235
f 4238 4231 4232
f 4238 4232 4235
f 4235 4238 4236
f 4239 4240 4241
f 4110 4112 4239
f 4110 4239 4241
f 4112 4106 4239
f 4106 4237 4239
f 4236 4237 4239
f 4236 4239 4242
f 4239 4242 4240
f 4116 4114 4243
f 4244 4243 4116
f 4244 4116 4110
f 4244 4110 4241
f 4244 4241 4245
f 4241 4240 4245
f 4114 4118 4246
f 4114 4243 4246
f 4124 4120 4247
f 4124 4123 4247
f 4248 4229 4099
f 4248 4099 4249
f 4099 4126 4249
f 4126 4120 4249
f 4250 4247 4120
f 4250 4120 4249
f 4249 4250 4251
f 4249 4251 4248
f 4229 4248 4252
f 4229 4233 4252
f 4244 4243 4253
f 4244 4245 4253
f 4246 4118 4254
f 4127 4118 4254
f 4127 4254 4255
f 4254 4255 4256
f 4254 4256 4257
f 4253 4243 4254
f 4253 4254 4257
f 4243 4246 4254
f 4127 4130 4258
f 4127 4255 4258
f 4136 4132 4259
f 4136 4135 4259
f 4260 4247 4123
f 4260 4123 4261
f 4123 4138 4261
f 4138 4132 4261
f 4262 4259 4132
f 4262 4132 4261
f 4261 4262 4263
f 4261 4263 4260
f 4247 4260 4264
f 4247 4250 4264
f 4256 4255 4265
f 4256 4257 4265
f 4258 4130 4266
f 4267 4139 4130
f 4267 4130 4266
f 4266 4267 4268
f 4266 4268 4269
f 4269 4265 4255
f 4269 4255 4266
f 4255 4258 4266
f 4139 4142 4270
f 4139 4267 4270
f 4135 4259 4271
f 4272 4271 4135
f 4272 4135 4146
f 4146 4145 4272
f 4271 4272 4273
f 4274 4273 4271
f 4274 4271 4259
f 4259 4262 4274
f 4267 4268 4275
f 4267 4275 4276
f 4275 4276 4277
f 4275 4277 4278
f 4275 4278 4279
f 4275 4279 4280
f 4269 4268 4275
f 4269 4275 4280
f 4270 4142 4281
f 4142 4150 4281
f 4149 4150 4281
f 4149 4281 4282
f 4282 4277 4276
f 4282 4276 4281
f 4276 4267 4281
f 4267 4270 4281
f 4272 4145 4283
f 4272 4283 4284
f 4145 4154 4283
f 4153 4154 4283
f 4153 4283 4285
f 4283 4285 4286
f 4283 4286 4287
f 4283 4287 4284
f 4272 4284 4288
f 4272 4273 4288
f 4278 4277 4289
f 4278 4279 4289
f 4282 4149 4290
f 4149 4158 4290
f 4291 4157 4158
f 4291 4158 4290
f 4290 4291 4292
f 4292 4289 4277
f 4292 4277 4290
f 4277 4282 4290
f 4293 4294 4285
f 4293 4285 4153
f 4295 4293 4153
f 4295 4153 4162
f 4162 4161 4295
f 4285 4286 4294
f 4293 4295 4296
f 4293 4294 4296
f 4297 4298 4299
f 4297 4299 4300
f 4297 4300 4301
f 4297 4301 4302
f 4297 4302 4303
f 4297 4303 4298
f 4291 4157 4304
f 4157 4166 4304
f 4305 4165 4166
f 4305 4166 4304
f 4305 4300 4299
f 4305 4299 4304
f 4306 4298 4299
f 4306 4299 4304
f 4306 4292 4291
f 4306 4291 4304
f 4161 4295 4307
f 4161 4168 4307
f 4168 4170 4308
f 4309 4308 4168
f 4309 4168 4307
f 4309 4307 4295
f 4309 4295 4310
f 4295 4296 4310
f 4311 4300 4301
f 4311 4301 4312
f 4311 4172 4177
f 4311 4177 4312
f 4313 4176 4177
f 4313 4177 4312
f 4312 4313 4314
f 4312 4314 4315
f 4315 4302 4301
f 4315 4301 4312
f 4305 4165 4316
f 4165 4180 4316
f 4180 4172 4316
f 4172 4311 4316
f 4311 4300 4316
f 4300 4305 4316
f 4317 4308 4170
f 4317 4170 4318
f 4318 4170 4184
f 4318 4184 4319
f 4184 4183 4319
f 4308 4309 4317
f 4318 4319 4320
f 4318 4317 4320
f 4321 4322 4323
f 4321 4323 4324
f 4321 4324 4325
f 4321 4325 4326
f 4321 4326 4327
f 4321 4327 4322
f 4313 4176 4328
f 4176 4189 4328
f 4329 4188 4189
f 4329 4189 4328
f 4329 4324 4323
f 4329 4323 4328
f 4330 4322 4323
f 4330 4323 4328
f 4330 4314 4313
f 4330 4313 4328
f 4183 4319 4331
f 4183 4192 4331
f 4332 4333 4334
f 4194 4197 4332
f 4194 4332 4334
f 4197 4192 4332
f 4192 4331 4332
f 4331 4319 4332
f 4320 4319 4332
f 4320 4332 4333
f 4335 4336 4337
f 4335 4337 4338
f 4338 4198 4194
f 4338 4194 4335
f 4194 4334 4335
f 4339 4333 4334
f 4339 4334 4335
f 4335 4339 4336
f 4340 4341 4342
f 4340 4342 4343
f 4340 4343 4344
f 4344 4338 4337
f 4344 4337 4340
f 4345 4336 4337
f 4345 4337 4340
f 4340 4345 4341
f 4346 4347 4348
f 4346 4348 4349
f 4346 4349 4350
f 4350 4343 4342
f 4350 4342 4346
f 4351 4341 4342
f 4351 4342 4346
f 4346 4351 4347
f 4352 4353 4354
f 4354 4200 4205
f 4354 4205 4352
f 4355 4204 4205
f 4355 4205 4352
f 4355 4349 4348
f 4355 4348 4352
f 4356 4347 4348
f 4356 4348 4352
f 4352 4356 4353
f 4357 4324 4325
f 4357 4325 4358
f 4357 4207 4210
f 4357 4210 4358
f 4210 4200 4358
f 4200 4354 4358
f 4359 4353 4354
f 4359 4354 4358
f 4359 4326 4325
f 4359 4325 4358
f 4329 4188 4360
f 4188 4212 4360
f 4212 4207 4360
f 4207 4357 4360
f 4357 4324 4360
f 4324 4329 4360
f 4198 4338 4361
f 4198 4215 4361
f 4343 4344 4362
f 4343 4362 4363
f 4218 4220 4362
f 4218 4362 4363
f 4220 4215 4362
f 4215 4361 4362
f 4361 4338 4362
f 4338 4344 4362
f 4364 4349 4350
f 4364 4350 4365
f 4364 4222 4224
f 4364 4224 4365
f 4224 4218 4365
f 4218 4363 4365
f 4363 4343 4365
f 4343 4350 4365
f 4355 4204 4366
f 4204 4227 4366
f 4227 4222 4366
f 4222 4364 4366
f 4364 4349 4366
f 4349 4355 4366
f 4234 4231 4367
f 4234 4233 4367
f 4238 4236 4368
f 4368 4238 4231
f 4368 4231 4369
f 4231 4367 4369
f 4242 4240 4370
f 4371 4370 4242
f 4371 4242 4236
f 4236 4368 4371
f 4240 4245 4372
f 4240 4370 4372
f 4251 4248 4373
f 4251 4250 4373
f 4233 4367 4374
f 4375 4374 4233
f 4375 4233 4252
f 4376 4375 4252
f 4376 4252 4248
f 4248 4373 4376
f 4369 4368 4377
f 4374 4375 4378
f 4379 4378 4374
f 4379 4374 4367
f 4377 4379 4367
f 4377 4367 4369
f 4380 4370 4371
f 4380 4371 4381
f 4381 4380 4382
f 4381 4382 4383
f 4381 4383 4384
f 4384 4377 4368
f 4384 4368 4381
f 4368 4371 4381
f 4372 4245 4385
f 4253 4245 4385
f 4253 4385 4386
f 4385 4386 4387
f 4382 4380 4385
f 4382 4385 4387
f 4380 4370 4385
f 4370 4372 4385
f 4253 4257 4388
f 4253 4386 4388
f 4263 4260 4389
f 4263 4262 4389
f 4373 4250 4390
f 4373 4390 4391
f 4250 4264 4390
f 4264 4260 4390
f 4389 4260 4390
f 4389 4390 4392
f 4390 4392 4393
f 4390 4393 4391
f 4376 4375 4394
f 4373 4391 4395
f 4395 4373 4376
f 4395 4376 4394
f 4375 4394 4396
f 4375 4378 4396
f 4383 4382 4397
f 4383 4384 4397
f 4387 4386 4398
f 4382 4397 4399
f 4398 4399 4382
f 4398 4382 4387
f 4388 4257 4400
f 4401 4265 4257
f 4401 4257 4400
f 4400 4401 4402
f 4400 4402 4403
f 4403 4398 4386
f 4403 4386 4400
f 4386 4388 4400
f 4265 4269 4404
f 4265 4401 4404
f 4262 4389 4405
f 4406 4405 4262
f 4406 4262 4274
f 4274 4273 4406
f 4405 4406 4407
f 4408 4407 4405
f 4408 4405 4389
f 4389 4392 4408
f 4401 4402 4409
f 4401 4409 4410
f 4409 4410 4411
f 4409 4411 4412
f 4409 4412 4413
f 4409 4413 4414
f 4414 4403 4402
f 4414 4402 4409
f 4404 4269 4415
f 4269 4280 4415
f 4416 4279 4280
f 4416 4280 4415
f 4416 4411 4410
f 4416 4410 4415
f 4410 4401 4415
f 4401 4404 4415
f 4287 4284 4417
f 4287 4286 4417
f 4273 4406 4418
f 4418 4273 4288
f 4418 4288 4419
f 4419 4288 4284
f 4419 4284 4420
f 4284 4417 4420
f 4418 4419 4421
f 4421 4418 4406
f 4421 4406 4422
f 4406 4407 4422
f 4423 4411 4412
f 4423 4412 4424
f 4424 4423 4425
f 4424 4425 4426
f 4424 4426 4427
f 4424 4427 4428
f 4428 4413 4412
f 4428 4412 4424
f 4416 4279 4429
f 4430 4289 4279
f 4430 4279 4429
f 4429 4430 4431
f 4431 4425 4423
f 4431 4423 4429
f 4423 4411 4429
f 4411 4416 4429
f 4289 4292 4432
f 4289 4430 4432
f 4286 4417 4433
f 4286 4294 4433
f 4419 4420 4434
f 4419 4434 4435
f 4434 4435 4436
f 4296 4294 4434
f 4296 4434 4436
f 4294 4433 4434
f 4433 4417 4434
f 4417 4420 4434
f 4435 4436 4437
f 4438 4437 4435
f 4438 4435 4419
f 4419 4421 4438
f 4439 4425 4426
f 4439 4426 4440
f 4440 4439 4441
f 4440 4441 4442
f 4440 4442 4443
f 4440 4443 4444
f 4444 4427 4426
f 4444 4426 4440
f 4445 4430 4431
f 4445 4431 4446
f 4445 4298 4303
f 4445 4303 4446
f 4447 4302 4303
f 4447 4303 4446
f 4447 4441 4439
f 4447 4439 4446
f 4439 4425 4446
f 4425 4431 4446
f 4432 4292 4448
f 4292 4306 4448
f 4306 4298 4448
f 4298 4445 4448
f 4445 4430 4448
f 4430 4432 4448
f 4296 4436 4449
f 4449 4296 4310
f 4449 4310 4450
f 4310 4309 4450
f 4451 4452 4453
f 4451 4453 4454
f 4451 4454 4455
f 4455 4450 4449
f 4455 4449 4451
f 4449 4436 4451
f 4452 4437 4436
f 4452 4436 4451
f 4456 4457 4458
f 4456 4458 4459
f 4456 4459 4460
f 4454 4453 4456
f 4454 4456 4460
f 4461 4452 4453
f 4461 4453 4456
f 4456 4461 4457
f 4462 4463 4464
f 4462 4464 4465
f 4462 4465 4466
f 4459 4458 4462
f 4459 4462 4466
f 4457 4458 4462
f 4457 4462 4467
f 4462 4467 4463
f 4468 4469 4470
f 4468 4470 4471
f 4468 4471 4472
f 4472 4465 4464
f 4472 4464 4468
f 4473 4463 4464
f 4473 4464 4468
f 4468 4473 4469
f 4474 4475 4476
f 4474 4476 4477
f 4474 4477 4478
f 4478 4471 4470
f 4478 4470 4474
f 4479 4469 4470
f 4479 4470 4474
f 4474 4479 4475
f 4480 4441 4442
f 4480 4442 4481
f 4481 4480 4482
f 4481 4482 4483
f 4483 4477 4476
f 4483 4476 4481
f 4484 4475 4476
f 4484 4476 4481
f 4484 4443 4442
f 4484 4442 4481
f 4447 4302 4485
f 4302 4315 4485
f 4486 4314 4315
f 4486 4315 4485
f 4486 4482 4480
f 4486 4480 4485
f 4480 4441 4485
f 4441 4447 4485
f 4309 4450 4487
f 4309 4317 4487
f 4454 4455 4488
f 4454 4488 4489
f 4488 4489 4490
f 4490 4320 4317
f 4490 4317 4488
f 4317 4487 4488
f 4487 4450 4488
f 4450 4455 4488
f 4491 4459 4460
f 4491 4460 4492
f 4492 4491 4493
f 4492 4493 4494
f 4494 4490 4489
f 4494 4489 4492
f 4489 4454 4492
f 4454 4460 4492
f 4495 4465 4466
f 4495 4466 4496
f 4496 4495 4497
f 4496 4497 4498
f 4498 4493 4491
f 4498 4491 4496
f 4491 4459 4496
f 4459 4466 4496
f 4499 4471 4472
f 4499 4472 4500
f 4500 4499 4501
f 4500 4501 4502
f 4502 4497 4495
f 4502 4495 4500
f 4495 4465 4500
f 4465 4472 4500
f 4503 4477 4478
f 4503 4478 4504
f 4504 4503 4505
f 4504 4505 4506
f 4506 4501 4499
f 4506 4499 4504
f 4499 4471 4504
f 4471 4478 4504
f 4507 4482 4483
f 4507 4483 4508
f 4507 4322 4327
f 4507 4327 4508
f 4509 4326 4327
f 4509 4327 4508
f 4509 4505 4503
f 4509 4503 4508
f 4503 4477 4508
f 4477 4483 4508
f 4486 4314 4510
f 4314 4330 4510
f 4330 4322 4510
f 4322 4507 4510
f 4507 4482 4510
f 4482 4486 4510
f 4320 4490 4511
f 4320 4333 4511
f 4493 4494 4512
f 4493 4512 4513
f 4336 4339 4512
f 4336 4512 4513
f 4339 4333 4512
f 4333 4511 4512
f 4511 4490 4512
f 4490 4494 4512
f 4514 4497 4498
f 4514 4498 4515
f 4514 4341 4345
f 4514 4345 4515
f 4345 4336 4515
f 4336 4513 4515
f 4513 4493 4515
f 4493 4498 4515
f 4516 4501 4502
f 4516 4502 4517
f 4516 4347 4351
f 4516 4351 4517
f 4351 4341 4517
f 4341 4514 4517
f 4514 4497 4517
f 4497 4502 4517
f 4518 4505 4506
f 4518 4506 4519
f 4518 4353 4356
f 4518 4356 4519
f 4356 4347 4519
f 4347 4516 4519
f 4516 4501 4519
f 4501 4506 4519
f 4509 4326 4520
f 4326 4359 4520
f 4359 4353 4520
f 4353 4518 4520
f 4518 4505 4520
f 4505 4509 4520
f 4379 4377 4521
f 4379 4378 4521
f 4377 4384 4522
f 4377 4521 4522
f 4393 4391 4523
f 4393 4392 4523
f 4524 4525 4526
f 4526 4394 4395
f 4526 4395 4524
f 4395 4391 4524
f 4527 4523 4391
f 4527 4391 4524
f 4524 4527 4528
f 4524 4528 4525
f 4529 4521 4378
f 4529 4378 4530
f 4378 4396 4530
f 4396 4394 4530
f 4394 4526 4530
f 4525 4526 4530
f 4525 4530 4531
f 4530 4531 4529
f 4532 4522 4384
f 4532 4384 4533
f 4384 4397 4533
f 4521 4529 4534
f 4534 4521 4522
f 4534 4522 4532
f 4399 4398 4535
f 4536 4535 4399
f 4536 4399 4397
f 4537 4536 4397
f 4537 4397 4533
f 4533 4532 4537
f 4398 4403 4538
f 4398 4535 4538
f 4539 4523 4392
f 4539 4392 4540
f 4392 4408 4540
f 4541 4407 4408
f 4541 4408 4540
f 4540 4541 4542
f 4540 4542 4543
f 4540 4543 4539
f 4523 4539 4544
f 4523 4527 4544
f 4536 4535 4545
f 4536 4537 4545
f 4538 4403 4546
f 4403 4414 4546
f 4413 4414 4546
f 4413 4546 4547
f 4546 4547 4548
f 4548 4545 4535
f 4548 4535 4546
f 4535 4538 4546
f 4541 4407 4549
f 4407 4422 4549
f 4421 4422 4549
f 4421 4549 4550
f 4549 4550 4551
f 4549 4551 4552
f 4542 4541 4549
f 4542 4549 4552
f 4547 4413 4553
f 4413 4428 4553
f 4554 4427 4428
f 4554 4428 4553
f 4553 4554 4555
f 4553 4555 4556
f 4556 4548 4547
f 4556 4547 4553
f 4557 4558 4550
f 4557 4550 4421
f 4557 4421 4438
f 4557 4438 4559
f 4438 4437 4559
f 4550 4551 4558
f 4557 4559 4560
f 4557 4558 4560
f 4561 4562 4563
f 4561 4563 4564
f 4561 4564 4565
f 4561 4565 4566
f 4561 4566 4567
f 4561 4567 4562
f 4554 4427 4568
f 4427 4444 4568
f 4569 4443 4444
f 4569 4444 4568
f 4569 4564 4563
f 4569 4563 4568
f 4570 4562 4563
f 4570 4563 4568
f 4570 4555 4554
f 4570 4554 4568
f 4437 4559 4571
f 4437 4452 4571
f 4572 4573 4574
f 4457 4461 4572
f 4457 4572 4574
f 4461 4452 4572
f 4452 4571 4572
f 4571 4559 4572
f 4560 4559 4572
f 4560 4572 4573
f 4575 4576 4577
f 4577 4463 4467
f 4577 4467 4575
f 4467 4457 4575
f 4457 4574 4575
f 4578 4573 4574
f 4578 4574 4575
f 4575 4578 4576
f 4579 4580 4581
f 4581 4469 4473
f 4581 4473 4579
f 4473 4463 4579
f 4463 4577 4579
f 4582 4576 4577
f 4582 4577 4579
f 4579 4582 4580
f 4583 4564 4565
f 4583 4565 4584
f 4583 4475 4479
f 4583 4479 4584
f 4479 4469 4584
f 4469 4581 4584
f 4585 4580 4581
f 4585 4581 4584
f 4585 4566 4565
f 4585 4565 4584
f 4569 4443 4586
f 4443 4484 4586
f 4484 4475 4586
f 4475 4583 4586
f 4583 4564 4586
f 4564 4569 4586
f 4587 4588 4589
f 4525 4528 4587
f 4525 4587 4589
f 4590 4527 4528
f 4590 4528 4587
f 4587 4590 4591
f 4587 4591 4592
f 4587 4592 4588
f 4593 4594 4595
f 4595 4529 4531
f 4595 4531 4593
f 4531 4525 4593
f 4525 4589 4593
f 4596 4588 4589
f 4596 4589 4593
f 4593 4596 4594
f 4597 4598 4599
f 4532 4534 4597
f 4532 4597 4599
f 4534 4529 4597
f 4529 4595 4597
f 4594 4595 4597
f 4594 4597 4600
f 4597 4600 4598
f 4532 4537 4601
f 4601 4532 4599
f 4601 4599 4602
f 4599 4598 4602
f 4603 4604 4605
f 4539 4543 4603
f 4539 4603 4605
f 4542 4543 4603
f 4542 4603 4606
f 4603 4606 4607
f 4603 4607 4608
f 4603 4608 4604
f 4590 4527 4609
f 4527 4544 4609
f 4544 4539 4609
f 4539 4605 4609
f 4610 4604 4605
f 4610 4605 4609
f 4591 4590 4609
f 4591 4609 4610
f 4611 4612 4601
f 4611 4601 4537
f 4537 4545 4611
f 4601 4602 4612
f 4545 4548 4613
f 4613 4545 4611
f 4613 4611 4614
f 4611 4612 4614
f 4615 4616 4606
f 4615 4606 4542
f 4617 4615 4542
f 4617 4542 4552
f 4552 4551 4617
f 4606 4607 4616
f 4615 4617 4618
f 4615 4616 4618
f 4619 4620 4621
f 4619 4621 4622
f 4619 4622 4623
f 4619 4623 4624
f 4619 4624 4625
f 4619 4625 4620
f 4613 4548 4626
f 4548 4556 4626
f 4627 4555 4556
f 4627 4556 4626
f 4627 4622 4621
f 4627 4621 4626
f 4628 4620 4621
f 4628 4621 4626
f 4628 4614 4613
f 4628 4613 4626
f 4551 4617 4629
f 4551 4558 4629
f 4630 4631 4632
f 4630 4632 4633
f 4560 4558 4630
f 4560 4630 4633
f 4558 4629 4630
f 4629 4617 4630
f 4631 4618 4617
f 4631 4617 4630
f 4634 4635 4636
f 4634 4636 4637
f 4634 4637 4638
f 4633 4632 4634
f 4633 4634 4638
f 4631 4632 4634
f 4631 4634 4639
f 4634 4639 4635
f 4640 4641 4642
f 4640 4642 4643
f 4640 4643 4644
f 4644 4637 4636
f 4644 4636 4640
f 4645 4635 4636
f 4645 4636 4640
f 4640 4645 4641
f 4646 4622 4623
f 4646 4623 4647
f 4646 4562 4567
f 4646 4567 4647
f 4648 4566 4567
f 4648 4567 4647
f 4648 4643 4642
f 4648 4642 4647
f 4649 4641 4642
f 4649 4642 4647
f 4649 4624 4623
f 4649 4623 4647
f 4627 4555 4650
f 4555 4570 4650
f 4570 4562 4650
f 4562 4646 4650
f 4646 4622 4650
f 4622 4627 4650
f 4560 4633 4651
f 4560 4573 4651
f 4652 4637 4638
f 4652 4638 4653
f 4576 4578 4653
f 4576 4653 4652
f 4578 4573 4653
f 4573 4651 4653
f 4651 4633 4653
f 4633 4638 4653
f 4654 4643 4644
f 4654 4644 4655
f 4654 4580 4582
f 4654 4582 4655
f 4582 4576 4655
f 4576 4652 4655
f 4652 4637 4655
f 4637 4644 4655
f 4648 4566 4656
f 4566 4585 4656
f 4585 4580 4656
f 4580 4654 4656
f 4654 4643 4656
f 4643 4648 4656
f 4592 4588 4657
f 4592 4591 4657
f 4596 4594 4658
f 4658 4596 4588
f 4658 4588 4659
f 4588 4657 4659
f 4600 4598 4660
f 4661 4660 4600
f 4661 4600 4594
f 4594 4658 4661
f 4598 4602 4662
f 4598 4660 4662
f 4608 4604 4663
f 4608 4607 4663
f 4591 4657 4664
f 4665 4664 4591
f 4665 4591 4610
f 4665 4610 4604
f 4665 4604 4666
f 4604 4663 4666
f 4658 4659 4667
f 4658 4667 4668
f 4667 4668 4669
f 4667 4669 4670
f 4665 4664 4667
f 4665 4667 4670
f 4664 4657 4667
f 4657 4659 4667
f 4671 4660 4661
f 4671 4661 4672
f 4672 4671 4673
f 4672 4673 4674
f 4669 4668 4672
f 4669 4672 4674
f 4668 4658 4672
f 4658 4661 4672
f 4662 4602 4675
f 4676 4612 4602
f 4676 4602 4675
f 4675 4676 4677
f 4673 4671 4675
f 4673 4675 4677
f 4671 4660 4675
f 4660 4662 4675
f 4612 4614 4678
f 4612 4676 4678
f 4607 4663 4679
f 4607 4616 4679
f 4665 4666 4680
f 4665 4680 4681
f 4680 4681 4682
f 4618 4616 4680
f 4618 4680 4682
f 4616 4679 4680
f 4679 4663 4680
f 4663 4666 4680
f 4683 4669 4670
f 4683 4670 4684
f 4684 4683 4685
f 4684 4685 4686
f 4686 4682 4681
f 4686 4681 4684
f 4681 4665 4684
f 4665 4670 4684
f 4687 4673 4674
f 4687 4674 4688
f 4688 4687 4689
f 4688 4689 4690
f 4690 4685 4683
f 4690 4683 4688
f 4683 4669 4688
f 4669 4674 4688
f 4691 4676 4677
f 4691 4677 4692
f 4691 4620 4625
f 4691 4625 4692
f 4693 4624 4625
f 4693 4625 4692
f 4693 4689 4687
f 4693 4687 4692
f 4687 4673 4692
f 4673 4677 4692
f 4678 4614 4694
f 4614 4628 4694
f 4628 4620 4694
f 4620 4691 4694
f 4691 4676 4694
f 4676 4678 4694
f 4618 4682 4695
f 4618 4631 4695
f 4696 4685 4686
f 4696 4686 4697
f 4696 4635 4639
f 4696 4639 4697
f 4639 4631 4697
f 4631 4695 4697
f 4695 4682 4697
f 4682 4686 4697
f 4698 4689 4690
f 4698 4690 4699
f 4698 4641 4645
f 4698 4645 4699
f 4645 4635 4699
f 4635 4696 4699
f 4696 4685 4699
f 4685 4690 4699
f 4693 4624 4700
f 4624 4649 4700
f 4649 4641 4700
f 4641 4698 4700
f 4698 4689 4700
f 4689 4693 4700
