o normalized-product-additive-0.5-amplitude-0p25
v -0.1086418682108696 -0.11363302964362562 -0.7352790461944168
v -0.0676470588235294 -0.1243641717313182 -0.7071428571428572
v -0.0676470588235294 -0.11372719853858092 -0.7353451138953219
v -0.0676470588235294 -0.07352941176470584 -0.7366954171307535
v -0.10911764141586086 -0.07352941176470584 -0.7356055861891467
v -0.13307540451038796 -0.07352941176470584 -0.7071428571428572
v -0.11261381025159453 -0.11751862511824783 -0.7071428571428572
v -0.047701728151426266 -0.12019414582588372 -0.7398822419921279
v 0 -0.1332230491973738 -0.7071428571428572
v 0 -0.12037035690063273 -0.7400058694445709
v 0 -0.07352941176470584 -0.7416612843361442
v -0.04939690381046284 -0.07352941176470584 -0.7410457010624605
v -0.056596277125616996 -0.12889533503976594 -0.7071428571428572
v 0.026349137212236327 -0.11392955247140558 -0.735487082845018
v 0.0676470588235294 -0.1243641717313182 -0.7071428571428572
v 0.0676470588235294 -0.11372719853858092 -0.7353451138953219
v 0.0676470588235294 -0.07352941176470584 -0.7366954171307535
v 0.023528534365219213 -0.07352941176470584 -0.7374229624387781
v 0.00972306470959537 -0.13019418861529347 -0.7071428571428572
v 0.13307540451038796 -0.07352941176470584 -0.7071428571428572
v -0.16804495640490064 -0.0393918051787071 -0.7296209172841088
v -0.1352941176470588 -0.07004523380077397 -0.7071428571428572
v -0.1352941176470588 -0.039880406438626184 -0.7299637137236076
v -0.1352941176470588 -0.007352941176470562 -0.7305771028607724
v -0.16804495640490064 -0.007352941176470562 -0.7296209172841088
v -0.17533942761693624 -0.007352941176470562 -0.7071428571428572
v -0.1716388328130907 -0.04290755383889302 -0.7071428571428572
v -0.0676470588235294 -0.06042679661740091 -0.744378800166494
v -0.12079188987899211 -0.059342449817684106 -0.7436180362212959
v -0.0676470588235294 -0.007352941176470562 -0.745854404447102
v -0.12138492814468205 -0.007352941176470562 -0.7440250593788036
v -0.13431673149319426 -0.07257327313592533 -0.7071428571428572
v 0 -0.06393396281158842 -0.7468393834328922
v -0.057250804078042346 -0.06335916255716417 -0.746436110873439
v 0 -0.007352941176470562 -0.7488177081429209
v -0.058996336955164486 -0.007352941176470562 -0.7476341318853769
v 0.0676470588235294 -0.06042679661740091 -0.744378800166494
v 0.012674302141574815 -0.061130637930556564 -0.7448726062941365
v 0.0676470588235294 -0.007352941176470562 -0.745854404447102
v 0.009081976338223453 -0.007352941176470562 -0.7473381466746976
v 0.10035050301622023 -0.04153691201098655 -0.7311258969981842
v 0.1352941176470588 -0.07004523380077397 -0.7071428571428572
v 0.1352941176470588 -0.039880406438626184 -0.7299637137236076
v 0.1352941176470588 -0.007352941176470562 -0.7305771028607724
v 0.09676446708767994 -0.007352941176470562 -0.7335871204149774
v 0.1753394276169363 -0.007352941176470562 -0.7071428571428572
v -0.16192903485165863 0.032767632146395345 -0.7254233437957036
v -0.1352941176470588 0.031455210476405794 -0.7263441221736963
v -0.1352941176470588 0.05882352941176472 -0.7260332751200548
v -0.16192903485165863 0.05882352941176472 -0.7254233437957036
v -0.16722061982942393 0.05882352941176472 -0.7071428571428572
v -0.16918423268867144 0.025670156001491515 -0.7071428571428572
v -0.0676470588235294 0.005216477620393321 -0.7447528839552161
v -0.11950603849604685 0.008091918862562856 -0.7427355108932495
v -0.0676470588235294 0.05882352941176472 -0.7440971438333354
v -0.11916863054744553 0.05882352941176472 -0.7425039358726256
v 0 0.00033794523914833837 -0.7481756003242801
v -0.05786536657981023 0.0022161055836894938 -0.7468579068762051
v 0 0.05882352941176472 -0.7474333771405224
v -0.05709408750330863 0.05882352941176472 -0.7463285507398485
v 0.010435420163337714 0.0028556220267945947 -0.7464092302605664
v 0.0676470588235294 0.005216477620393321 -0.7447528839552161
v 0.0676470588235294 0.05882352941176472 -0.7440971438333354
v 0.011800985578754204 0.05882352941176472 -0.7454719943698612
v 0.1029596076900827 0.027191943584288107 -0.7293351760884836
v 0.1352941176470588 0.031455210476405794 -0.7263441221736963
v 0.1352941176470588 0.05882352941176472 -0.7260332751200548
v 0.10446317306382857 0.05882352941176472 -0.7283032259406642
v 0.16722061982942396 0.05882352941176472 -0.7071428571428572
v 0.17342199279842804 0.029946067123781846 -0.7071428571428572
v -0.1352941176470588 0.09578790056333754 -0.7071428571428572
v -0.09365822286050246 0.09955429605078722 -0.7249952399135747
v -0.0676470588235294 0.09636694092845635 -0.7272314477930513
v -0.0676470588235294 0.125 -0.7248307973223015
v -0.09279362823322826 0.125 -0.7244018380110046
v -0.10386554690633279 0.125 -0.7071428571428572
v -0.04122030892525695 0.08467578474703123 -0.735433814510813
v 0 0.0817025993427751 -0.7375197636357038
v 0 0.125 -0.7333412414585516
v -0.037697204469640394 0.125 -0.7330157831918961
v 0.035135564870078385 0.09319527765423272 -0.7294566464711574
v 0.0676470588235294 0.09636694092845635 -0.7272314477930513
v 0.0676470588235294 0.125 -0.7248307973223015
v 0.04141993932003744 0.125 -0.725143457795875
v 0.1352941176470588 0.09578790056333754 -0.7071428571428572
v 0.10386554690633279 0.125 -0.7071428571428572
v 0.12548127581225169 0.11540048081377566 -0.7071428571428572
v 0.16276241013905104 0.08569468511045271 -0.7071428571428572
v -0.0676470588235294 0.15188916124247615 -0.7071428571428572
v 0 0.1649291805821938 -0.7071428571428572
v -0.03879227954855631 0.1532275014646476 -0.7071428571428572
v 0.0676470588235294 0.15188916124247615 -0.7071428571428572
v 0.039458149495013514 0.16360036363642627 -0.7071428571428572
v 0.0930045184194258 0.14980621047424647 -0.7071428571428572
v -0.08350584158355381 -0.1552199089660085 -0.6715987297825013
v -0.0676470588235294 -0.15707684036303005 -0.6607142857142858
v -0.0676470588235294 -0.15537425199097965 -0.6717070148889096
v -0.0676470588235294 -0.13970588235294112 -0.6791683704435761
v -0.08679176721330292 -0.13970588235294112 -0.6738539768762111
v -0.09462490915619398 -0.13970588235294112 -0.6607142857142858
v -0.08368788779424303 -0.15539799765037843 -0.6607142857142858
v -0.030163290344177585 -0.16921344899398447 -0.6814164197703828
v 0 -0.17287327004932557 -0.6607142857142858
v 0 -0.16965222441820632 -0.6817242590362654
v 0 -0.13970588235294112 -0.6957538219985717
v -0.042696176704431765 -0.13970588235294112 -0.6900181833903088
v -0.03247407554925435 -0.1714739997380813 -0.6607142857142858
v 0.051300600938176455 -0.15569698245817773 -0.6719334384865312
v 0.0676470588235294 -0.15707684036303005 -0.6607142857142858
v 0.0676470588235294 -0.15537425199097965 -0.6717070148889096
v 0.0676470588235294 -0.13970588235294112 -0.6791683704435761
v 0.030945047238935992 -0.13970588235294112 -0.6859041756527801
v 0.04875985975150801 -0.15818249014078817 -0.6607142857142858
v 0.09462490915619398 -0.13970588235294112 -0.6607142857142858
v -0.17281755942451021 -0.11023712654699522 -0.6864679522758285
v -0.1352941176470588 -0.1217747644225943 -0.6607142857142858
v -0.1352941176470588 -0.11426322029369765 -0.6892926085235149
v -0.1352941176470588 -0.07352941176470584 -0.7052717204976033
v -0.17627294341810223 -0.07352941176470584 -0.6888395046441013
v -0.1831761366045823 -0.07352941176470584 -0.6607142857142858
v -0.1744917067073314 -0.11187487932366813 -0.6607142857142858
v -0.0676470588235294 -0.1329625890627936 -0.7024118481996108
v -0.12451141475633602 -0.12915758604679928 -0.6997423064010878
v -0.13444256296995316 -0.07352941176470584 -0.7065584050197505
v -0.1284352689883152 -0.13299613909982239 -0.6607142857142858
v 0 -0.13672902867424472 -0.7050543344032003
v -0.06236557103634383 -0.13453920951765092 -0.7035179850901615
v 0.0676470588235294 -0.1329625890627936 -0.7024118481996108
v 0.0040155669605181415 -0.13577761032634728 -0.7043868313718183
v 0.08605093284161891 -0.12170209255263616 -0.6945116268385163
v 0.1352941176470588 -0.1217747644225943 -0.6607142857142858
v 0.1352941176470588 -0.11426322029369765 -0.6892926085235149
v 0.1352941176470588 -0.07352941176470584 -0.7052717204976033
v 0.18317613660458235 -0.07352941176470584 -0.6607142857142858
v -0.1352941176470588 -0.07242609795617748 -0.7063687861851278
v -0.18886523914673187 -0.05975947307832456 -0.6974820430168563
v -0.19118788908271844 -0.007352941176470562 -0.6990761598983876
v -0.20020254725458264 -0.007352941176470562 -0.6607142857142858
v -0.19327753322196783 -0.06407584771714238 -0.6607142857142858
v -0.13481938881025607 -0.07306500312000752 -0.7068170339349895
v 0.1352941176470588 -0.07242609795617748 -0.7063687861851278
v 0.1947222812358239 -0.007352941176470562 -0.6663552044934253
v 0.2002025472545827 -0.007352941176470562 -0.6607142857142858
v 0.1965408356319756 -0.01361414417076566 -0.6607142857142858
v -0.18940217649338234 0.005891732714274359 -0.6978505621274457
v -0.18809958896017553 0.05882352941176472 -0.6969565501869528
v -0.19609818674574703 0.05882352941176472 -0.6607142857142858
v -0.1997072137976133 -0.004189282039864602 -0.6607142857142858
v 0.1869327602315314 0.04316312222138294 -0.6717014285367441
v 0.18201167729041234 0.05882352941176472 -0.6750789419839097
v 0.19609818674574708 0.05882352941176472 -0.6607142857142858
v 0.19709613984635183 0.05310555880109853 -0.6607142857142858
v -0.1585572410969139 0.10224259662514176 -0.6766805909391863
v -0.1352941176470588 0.125 -0.6804910780328617
v -0.1546531491014302 0.125 -0.6740010743832798
v -0.1577623746692915 0.125 -0.6607142857142858
v -0.17364369937836271 0.08748410482807231 -0.6607142857142858
v -0.12377195601254617 0.125 -0.6992347896856296
v 0.1352941176470588 0.125 -0.6804910780328617
v 0.16633677490588503 0.08919134629539899 -0.685837182440371
v 0.15776237466929152 0.125 -0.6607142857142858
v 0.1874822115195536 0.10987709950442252 -0.6607142857142858
v -0.1352941176470588 0.14534447075014154 -0.6607142857142858
v -0.0676470588235294 0.1793679254703388 -0.6607142857142858
v -0.0676470588235294 0.15950183090459924 -0.6829368106986781
v -0.10740713113235566 0.15228074767742697 -0.6607142857142858
v -0.0225611523329398 0.16910577808862026 -0.6761988033092537
v 0 0.18610370106149138 -0.6607142857142858
v 0 0.1781677332537621 -0.6698410506378368
v -0.007160796193959387 0.18417134387675327 -0.6607142857142858
v 0.0466890137938076 0.17067403523307265 -0.6750985340110824
v 0.0676470588235294 0.1793679254703388 -0.6607142857142858
v 0.0676470588235294 0.15950183090459924 -0.6829368106986781
v 0.05870563869784558 0.1824294291609359 -0.6607142857142858
v 0.1352941176470588 0.14534447075014154 -0.6607142857142858
v 0.09525139191250809 0.1520042388913922 -0.6881970260476264
v 0.11801016785330025 0.1742682588334715 -0.6607142857142858
v 0.15395155780844458 0.14325184363613822 -0.6607142857142858
v -0.13996940072497238 -0.14427952884220444 -0.6174945265845309
v -0.1352941176470588 -0.1461364789665181 -0.6142857142857143
v -0.1352941176470588 -0.144343526897857 -0.6175394268077029
v -0.1352941176470588 -0.13970588235294112 -0.6207182492076616
v -0.1404414298856213 -0.13970588235294112 -0.6178184969090755
v -0.14307565527910682 -0.13970588235294112 -0.6142857142857143
v -0.14102339435442615 -0.14531060956667008 -0.6142857142857143
v -0.10083383351748479 -0.17217120542311493 -0.6370629726936775
v -0.0676470588235294 -0.18255384553922868 -0.6142857142857143
v -0.0676470588235294 -0.17441093545954406 -0.6386343388462199
v -0.11315281399078181 -0.13970588235294112 -0.6455179251303192
v -0.10681640771367654 -0.17802372365851993 -0.6142857142857143
v -0.042991633847975275 -0.18176291546509094 -0.6437923946596353
v 0 -0.191467911298509 -0.6142857142857143
v 0 -0.18304456518650997 -0.6446915838292658
v -0.05032066759956107 -0.18893262239599007 -0.6142857142857143
v 0.030746910542919316 -0.17580385349701627 -0.6396115924534622
v 0.0676470588235294 -0.18255384553922868 -0.6142857142857143
v 0.0676470588235294 -0.17441093545954406 -0.6386343388462199
v 0.020680807068449342 -0.18565112863508473 -0.6142857142857143
v 0.12992033402271658 -0.1449628445941455 -0.6179739322390673
v 0.1352941176470588 -0.1461364789665181 -0.6142857142857143
v 0.1352941176470588 -0.144343526897857 -0.6175394268077029
v 0.1352941176470588 -0.13970588235294112 -0.6207182492076616
v 0.1267930991142276 -0.14802209613505862 -0.6142857142857143
v 0.14307565527910682 -0.13970588235294112 -0.6142857142857143
v -0.20526576120909618 -0.0758034620523766 -0.6158811590907151
v -0.2029411764705883 -0.0774105990926727 -0.6142857142857143
v -0.2029411764705883 -0.07604252791261185 -0.6160488846624992
v -0.2029411764705883 -0.07352941176470584 -0.6172990971538804
v -0.20529336864708417 -0.07352941176470584 -0.6159001070528124
v -0.2062815251338374 -0.07352941176470584 -0.6142857142857143
v -0.20583683464029143 -0.07636212084376326 -0.6142857142857143
v -0.1352941176470588 -0.1276286148527315 -0.6522410281982657
v -0.1824036034276037 -0.11961477828915189 -0.6466186222282623
v -0.18950098423592251 -0.07352941176470584 -0.6514898059507419
v -0.18829993519443738 -0.1253829289306196 -0.6142857142857143
v -0.12994218523903253 -0.1344702963016111 -0.657041065024305
v 0.1352941176470588 -0.1276286148527315 -0.6522410281982657
v 0.19809963372334904 -0.07826570358265739 -0.617608636481801
v 0.2029411764705884 -0.07741059909267249 -0.6142857142857143
v 0.2029411764705884 -0.07604252791261172 -0.6160488846624991
v 0.2029411764705884 -0.07352941176470584 -0.6172990971538803
v 0.20628152513383735 -0.07352941176470584 -0.6142857142857143
v -0.2029411764705883 -0.042252232074481984 -0.6387706136141604
v -0.22774983932384682 -0.031622285272049605 -0.6313127779210254
v -0.2029411764705883 -0.007352941176470562 -0.6521283537454194
v -0.2287242315630213 -0.007352941176470562 -0.6319815378118874
v -0.23703047443563768 -0.007352941176470562 -0.6142857142857143
v -0.23372433525148134 -0.03746690085343122 -0.6142857142857143
v -0.19579651073670173 -0.06654006485112118 -0.6558106486733264
v -0.20097754401249768 -0.007352941176470562 -0.6593665752383914
v 0.2029411764705884 -0.04225223207448186 -0.6387706136141604
v 0.2029411764705884 -0.007352941176470562 -0.6521283537454192
v 0.23703047443563763 -0.007352941176470562 -0.6142857142857143
v 0.20696173792146735 -0.0695962538236286 -0.6142857142857143
v -0.2029411764705883 0.00640298494795416 -0.6510633026238164
v -0.22644630577685076 0.035829381177377474 -0.6304181166977765
v -0.2029411764705883 0.05882352941176472 -0.6435187766728102
v -0.2259142249439885 0.05882352941176472 -0.6300529307845387
v -0.23447851519696883 0.05882352941176472 -0.6142857142857143
v -0.23457318712056996 0.027879171167217373 -0.6142857142857143
v -0.20080210550317984 -0.005260371751831873 -0.6592461655782694
v -0.1983274324442411 0.05882352941176472 -0.6575477098452711
v 0.2029411764705884 0.006402984947954465 -0.6510633026238162
v 0.2029411764705884 0.05882352941176472 -0.64351877667281
v 0.23447851519696877 0.05882352941176472 -0.6142857142857143
v 0.23693538984749504 0.025902267561807787 -0.6142857142857143
v -0.2029411764705883 0.11784413381318613 -0.6142857142857143
v -0.19201972695220929 0.06950755611452679 -0.6532185082498083
v -0.18019001741483964 0.125 -0.645099359778508
v -0.2003591162167401 0.125 -0.6142857142857143
v 0.2014075459017704 0.1234997092261563 -0.6153382992413317
v 0.2029411764705884 0.11784413381318593 -0.6142857142857143
v 0.19373820624470656 0.125 -0.6206020385711798
v 0.20035911621674013 0.125 -0.6142857142857143
v 0.20193575799245334 0.12401643844530266 -0.6142857142857143
v 0.2317650269749498 0.08702077447037923 -0.6142857142857143
v -0.1352941176470588 0.18400580308982795 -0.6193165635465017
v -0.1352941176470588 0.1892099490559898 -0.6142857142857143
v -0.0676470588235294 0.19117647058823528 -0.6375421940035434
v -0.09392451259956132 0.19117647058823528 -0.6323208611319971
v -0.1299988324727537 0.19117647058823528 -0.6142857142857143
v 0 0.19117647058823528 -0.6490833604277935
v -0.04193304519752988 0.19117647058823528 -0.6430658477908513
v 0.0676470588235294 0.19117647058823528 -0.6375421940035434
v 0.023808373043563518 0.19117647058823528 -0.6443737563893556
v 0.13406454179636496 0.18997362464733913 -0.6151296157236129
v 0.1352941176470588 0.1892099490559898 -0.6142857142857143
v 0.1352941176470588 0.18400580308982795 -0.6193165635465017
v 0.1299988324727537 0.19117647058823528 -0.6142857142857143
v 0.13455127673377054 0.1904497783904533 -0.6142857142857143
v 0.16368734100198523 0.15277597936894968 -0.6412270112998798
v 0.18546188888452472 0.17407716751491217 -0.6142857142857143
v -0.0676470588235294 0.2286862171628477 -0.6142857142857143
v 0 0.23904408098910984 -0.6142857142857143
v -0.025927736337429695 0.2319888512811589 -0.6142857142857143
v 0.0676470588235294 0.2286862171628477 -0.6142857142857143
v 0.04600728400606481 0.23618359624634216 -0.6142857142857143
v 0.09957363949876001 0.22240899516183044 -0.6142857142857143
v -0.07247604765276622 -0.27678283434062173 -0.5711714488548488
v -0.0676470588235294 -0.2794723130135689 -0.5678571428571428
v -0.0676470588235294 -0.276840434641181 -0.5712118604942888
v -0.0676470588235294 -0.2720588235294118 -0.5717503763912368
v -0.07302650838830246 -0.2720588235294118 -0.5715492495460088
v -0.08760304127645241 -0.2720588235294118 -0.5678571428571428
v -0.0744346213382435 -0.27869883033728426 -0.5678571428571428
v -0.010429134326050575 -0.2822612375440265 -0.5750150269753328
v 0 -0.2877119975008114 -0.5678571428571428
v 0 -0.2823169021221193 -0.575054080536471
v 0 -0.2720588235294118 -0.5762005798980543
v -0.011934123489551147 -0.2720588235294118 -0.5760479543204683
v -0.01542010882412792 -0.28714371259649346 -0.5678571428571428
v 0.06272992321911254 -0.2768690648815587 -0.5712319471073792
v 0.0676470588235294 -0.2794723130135689 -0.5678571428571428
v 0.0676470588235294 -0.276840434641181 -0.5712118604942888
v 0.0676470588235294 -0.2720588235294118 -0.5717503763912368
v 0.061856738379611406 -0.2720588235294118 -0.5718312447767263
v 0.05973860006267846 -0.2797953592737225 -0.5678571428571428
v 0.0876030412764524 -0.2720588235294118 -0.5678571428571428
v -0.21680982412957645 -0.2194495082597519 -0.577375686747318
v -0.2029411764705883 -0.22923641060012878 -0.5678571428571428
v -0.2029411764705883 -0.21996768606684775 -0.5777392337167407
v -0.2029411764705883 -0.20588235294117652 -0.5791093226774501
v -0.21773399259613432 -0.20588235294117652 -0.5780099762849245
v -0.23232088483439972 -0.20588235294117652 -0.5678571428571428
v -0.2214836640372166 -0.22402174295200855 -0.5678571428571428
v -0.1688936962130228 -0.23875150588614127 -0.590917723177261
v -0.1352941176470588 -0.2612439422453991 -0.5678571428571428
v -0.1352941176470588 -0.2398856242768757 -0.591713406238697
v -0.1352941176470588 -0.20588235294117652 -0.5945956465667941
v -0.17173045660624947 -0.20588235294117652 -0.5928646922670221
v -0.18031964429464942 -0.24992906379208032 -0.5678571428571428
v -0.0676470588235294 -0.24803808927539803 -0.5974330721582951
v -0.10982916842465881 -0.24714746015967268 -0.5968082180802783
v -0.0676470588235294 -0.20588235294117652 -0.6022017857873281
v -0.11367043852440999 -0.20588235294117652 -0.5994446177450143
v -0.12779707583576388 -0.2647247608879277 -0.5678571428571428
v 0 -0.2502856714785149 -0.5990099472912755
v -0.0450533343365934 -0.24995626696610485 -0.5987788412682831
v 0 -0.20588235294117652 -0.6049869038005282
v -0.05165251367538651 -0.20588235294117652 -0.6033080916840386
v 0.0676470588235294 -0.24803808927539803 -0.5974330721582951
v 0.024204280500715752 -0.24838072303958117 -0.5976734596563411
v 0.0676470588235294 -0.20588235294117652 -0.6022017857873281
v 0.014985403956973023 -0.20588235294117652 -0.6040007010108974
v 0.09956018861336288 -0.24083945743066162 -0.592382603467226
v 0.1352941176470588 -0.2612439422453991 -0.5678571428571428
v 0.1352941176470588 -0.2398856242768757 -0.591713406238697
v 0.1352941176470588 -0.20588235294117652 -0.5945956465667941
v 0.09169171571269266 -0.20588235294117652 -0.5977830149922203
v 0.18775044296301802 -0.22074285311162575 -0.578283081071966
v 0.2029411764705884 -0.2292364106001287 -0.5678571428571428
v 0.2029411764705884 -0.2199676860668477 -0.5777392337167407
v 0.2029411764705884 -0.20588235294117652 -0.5791093226774501
v 0.18459643326532815 -0.20588235294117652 -0.5804477895911879
v 0.16344961050391746 -0.24451540660422405 -0.5678571428571428
v 0.23232088483439972 -0.20588235294117652 -0.5678571428571428
v -0.2864384682086219 -0.15521154498669534 -0.5787357188636815
v -0.2705882352941176 -0.17120709791959893 -0.5678571428571428
v -0.2705882352941176 -0.15616958493296268 -0.5794078675243961
v -0.2705882352941176 -0.13970588235294112 -0.5806820346079351
v -0.2871449190153061 -0.13970588235294112 -0.5792205810633002
v -0.2989532198094906 -0.13970588235294112 -0.5678571428571428
v -0.2919265339014559 -0.1605803049035982 -0.5678571428571428
v -0.2029411764705883 -0.18129639589430488 -0.5970365190242584
v -0.24331236026243652 -0.17919943171453193 -0.5955653155838462
v -0.2029411764705883 -0.13970588235294112 -0.600534623399875
v -0.2455864577885982 -0.13970588235294112 -0.5971261092275783
v -0.25721961789974057 -0.19280435766406856 -0.5678571428571428
v -0.1352941176470588 -0.19157556881127677 -0.604248256213626
v -0.18650933133217573 -0.18980772182751207 -0.6030079572186672
v -0.19036366780535072 -0.13970588235294112 -0.6056533247980823
v -0.0676470588235294 -0.19755726050326233 -0.6084449351467333
v -0.12439002930124221 -0.19521530999418202 -0.6068018524086166
v 0 -0.19968521369801995 -0.6099378800865474
v -0.059984029923335944 -0.19838591162576988 -0.6090263062517306
v 0.007052364707157047 -0.198983300510262 -0.6094454267071997
v 0.0676470588235294 -0.19755726050326233 -0.6084449351467333
v 0.1352941176470588 -0.19157556881127677 -0.604248256213626
v 0.07922762629179418 -0.1945535369396131 -0.6063375608369984
v 0.2029411764705884 -0.18129639589430485 -0.5970365190242584
v 0.15808830608255062 -0.1835836903412389 -0.5986412557632184
v 0.2029411764705884 -0.13970588235294112 -0.600534623399875
v 0.25201387457227276 -0.15787645262431116 -0.5806053842221358
v 0.2705882352941176 -0.17120709791959893 -0.5678571428571428
v 0.2705882352941176 -0.15616958493296268 -0.5794078675243961
v 0.2705882352941176 -0.13970588235294112 -0.5806820346079351
v 0.24710546164304015 -0.13970588235294112 -0.583974201791578
v 0.2989532198094905 -0.13970588235294112 -0.5678571428571428
v -0.2705882352941176 -0.11083003101263668 -0.594026783662834
v -0.3059740712317194 -0.10814599039931627 -0.5921436948515838
v -0.2705882352941176 -0.07352941176470584 -0.5957175535605548
v -0.3072091109364967 -0.07352941176470584 -0.5929913463259807
v -0.3329444646720468 -0.07352941176470584 -0.5678571428571428
v -0.31859333298842285 -0.12049092037870004 -0.5678571428571428
v -0.2029411764705883 -0.12747952687508832 -0.6057078585377604
v -0.2543552620260957 -0.1238257998081371 -0.6031444500241216
v -0.25613042743045933 -0.07352941176470584 -0.6043628088886073
v -0.19536261986577322 -0.13229207697866552 -0.6090842825786829
v 0.2029411764705884 -0.1274795268750883 -0.6057078585377604
v 0.2705882352941176 -0.11083003101263668 -0.594026783662834
v 0.22710369943457243 -0.11606863162730452 -0.5977021193321724
v 0.2705882352941176 -0.07352941176470584 -0.5957175535605548
v 0.33294446467204675 -0.07352941176470584 -0.5678571428571428
v 0.32314259166190523 -0.08829401199314886 -0.5678571428571428
v -0.34886891096731265 -0.017755392442447754 -0.5751553705707332
v -0.3382352941176471 -0.052257372207458866 -0.5678571428571428
v -0.3382352941176471 -0.01890174503441181 -0.5759596369923968
v -0.3382352941176471 -0.007352941176470562 -0.5762890447672468
v -0.34900640023619206 -0.007352941176470562 -0.5752497343235976
v -0.3549916049795271 -0.007352941176470562 -0.5678571428571428
v -0.3535835494405223 -0.022367538774935428 -0.5678571428571428
v -0.2705882352941176 -0.053285363801732044 -0.6000827473021676
v -0.3139442703272894 -0.04976645370892119 -0.5976139246656241
v -0.2705882352941176 -0.007352941176470562 -0.6019382345268538
v -0.3146938012400661 -0.007352941176470562 -0.5981283542672503
v -0.33464127570077146 -0.0700135241829797 -0.5678571428571428
v -0.25934037811133553 -0.06252607321633208 -0.6065659116851092
v -0.261060226222993 -0.007352941176470562 -0.6077463043331723
v 0.2705882352941176 -0.053285363801732044 -0.6000827473021676
v 0.2705882352941176 -0.007352941176470562 -0.6019382345268538
v 0.3239062666470937 -0.021370468049837874 -0.5776916617111562
v 0.33823529411764697 -0.052257372207459296 -0.5678571428571428
v 0.33823529411764697 -0.018901745034411922 -0.5759596369923969
v 0.33823529411764697 -0.007352941176470562 -0.5762890447672468
v 0.32156833210926494 -0.007352941176470562 -0.5792962689560635
v 0.3549916049795272 -0.007352941176470562 -0.5678571428571428
v -0.3382352941176471 0.04377723649197213 -0.5784134309056322
v -0.3518137144952167 0.04554029208588141 -0.5771764934889531
v -0.3382352941176471 0.05882352941176472 -0.5783982855028569
v -0.3518067838016704 0.05882352941176472 -0.5771717367085999
v -0.35882053052757734 0.05882352941176472 -0.5678571428571428
v -0.358794972009064 0.0387108010397264 -0.5678571428571428
v -0.2705882352941176 0.009278833100476863 -0.6026170726501416
v -0.3158504874896212 0.014545239220511229 -0.5989222289913239
v -0.2705882352941176 0.05882352941176472 -0.6025678845608525
v -0.31582265238470675 0.05882352941176472 -0.5989031247733546
v -0.2613376907347644 0.0016965045881140572 -0.6079367380508788
v -0.2612926991126496 0.05882352941176472 -0.6079058587077503
v 0.2705882352941176 0.009278833100476863 -0.6026170726501416
v 0.2705882352941176 0.05882352941176472 -0.6025678845608525
v 0.33823529411764697 0.04377723649197202 -0.5784134309056324
v 0.31777709277496424 0.038810071576531616 -0.5818983307351953
v 0.33823529411764697 0.05882352941176472 -0.578398285502857
v 0.31785724475054433 0.05882352941176472 -0.581843319596676
v 0.3588205305275774 0.05882352941176472 -0.5678571428571428
v 0.35501412017326095 0.009061127790977848 -0.5678571428571428
v -0.34174621404771033 0.12156540441624249 -0.570266811504795
v -0.3382352941176471 0.12101552133536544 -0.570652602491696
v -0.3382352941176471 0.125 -0.5705210438614972
v -0.34169372814733406 0.125 -0.5702307885731702
v -0.34347565117961365 0.125 -0.5678571428571428
v -0.34412715307610187 0.11923622493194641 -0.5678571428571428
v -0.2705882352941176 0.07842089001732654 -0.6005364549402249
v -0.31240984420204093 0.08408755650311854 -0.5965607936914629
v -0.2705882352941176 0.125 -0.598914427466132
v -0.3115873295644804 0.125 -0.5959962727756216
v -0.2597690758900153 0.06940748969838655 -0.6068601421481161
v -0.2029411764705883 0.125 -0.6133682093526095
v -0.25821014556342575 0.125 -0.6057901930730345
v -0.20210952898144785 0.125 -0.6137149251704969
v 0.2029411764705884 0.125 -0.6133682093526095
v 0.2705882352941176 0.07842089001732654 -0.6005364549402249
v 0.2705882352941176 0.125 -0.598914427466132
v 0.205826435358812 0.125 -0.6123054589618093
v 0.33242100649750406 0.1193121099368167 -0.5718476942982968
v 0.33823529411764697 0.12101552133536533 -0.570652602491696
v 0.33823529411764697 0.125 -0.5705210438614973
v 0.33322816579686454 0.125 -0.5712937122946985
v 0.3434756511796137 0.125 -0.5678571428571428
v 0.35703899927012694 0.07721845836527769 -0.5678571428571428
v -0.3382352941176471 0.13480552964301212 -0.5678571428571428
v -0.30014648194386506 0.1622607945178302 -0.5881440140049509
v -0.2705882352941176 0.15777494717386933 -0.591291227538333
v -0.2705882352941176 0.19117647058823528 -0.5891118951075339
v -0.29892685764010896 0.19117647058823528 -0.5873069426660376
v -0.3172118672462145 0.19117647058823528 -0.5678571428571428
v -0.2029411764705883 0.12694125998426603 -0.6129237509316737
v -0.2535854003912094 0.1416332080571928 -0.6026160667281283
v -0.2029411764705883 0.19117647058823528 -0.6045499250162075
v -0.25108043982002903 0.19117647058823528 -0.6008968236031876
v -0.20172855310576407 0.12618626198732805 -0.6134534479390492
v -0.1352941176470588 0.19117647058823528 -0.613640772763792
v -0.19359771113848118 0.19117647058823528 -0.6078729632347961
v -0.13456603348646573 0.19117647058823528 -0.6137860043494067
v 0.1352941176470588 0.19117647058823528 -0.613640772763792
v 0.2029411764705884 0.12694125998426609 -0.6129237509316737
v 0.2029411764705884 0.19117647058823528 -0.6045499250162075
v 0.13683590360164052 0.19117647058823528 -0.6132275320001163
v 0.20843132711707835 0.1303707995454793 -0.6105176295252351
v 0.2705882352941176 0.15777494717386933 -0.591291227538333
v 0.2705882352941176 0.19117647058823528 -0.5891118951075339
v 0.23248768156539784 0.19117647058823528 -0.594006901782755
v 0.33823529411764697 0.1348055296430124 -0.5678571428571428
v 0.3172118672462144 0.19117647058823528 -0.5678571428571428
v 0.32570051226504015 0.1789141839932938 -0.5678571428571428
v 0.3426785482000211 0.1293466616023225 -0.5678571428571428
v -0.2705882352941176 0.2500545695008936 -0.5678571428571428
v -0.23663196778618928 0.22439455836773042 -0.5909803257166082
v -0.2029411764705883 0.2174856474173032 -0.5958275299072253
v -0.2029411764705883 0.25735294117647056 -0.5909068548134854
v -0.23427896602839854 0.25735294117647056 -0.5893653773052052
v -0.2641334142466786 0.25735294117647056 -0.5678571428571428
v -0.1352941176470588 0.1929081811898943 -0.6130707681175662
v -0.18710329910735018 0.20667004626966384 -0.6034156183314422
v -0.1352941176470588 0.25735294117647056 -0.6021468966802175
v -0.18131727788591967 0.25735294117647056 -0.5994444671204604
v -0.1340232672645095 0.19241969378855522 -0.6134134846753311
v -0.0676470588235294 0.25735294117647056 -0.6074619598795492
v -0.12166809248631733 0.25735294117647056 -0.6049336908058265
v 0 0.25735294117647056 -0.6090676618938614
v -0.058533074667921944 0.25735294117647056 -0.6080304642907166
v 0.0676470588235294 0.25735294117647056 -0.6074619598795492
v 0.008313253070400655 0.25735294117647056 -0.6085800343833586
v 0.1352941176470588 0.1929081811898943 -0.6130707681175662
v 0.1352941176470588 0.25735294117647056 -0.6021468966802175
v 0.08081972034706329 0.25735294117647056 -0.6052448503208044
v 0.139003041588831 0.19480476574866462 -0.6117401484747464
v 0.2029411764705884 0.21748564741730325 -0.5958275299072253
v 0.2029411764705884 0.25735294117647056 -0.5909068548134854
v 0.16459705166008728 0.25735294117647056 -0.5941740732395053
v 0.2705882352941176 0.2500545695008936 -0.5678571428571428
v 0.2641334142466786 0.25735294117647056 -0.5678571428571428
v 0.26783592470111883 0.25466046342245 -0.5678571428571428
v 0.30479481333004227 0.22463942736250941 -0.5678571428571428
v -0.2029411764705883 0.3086343964748622 -0.5678571428571428
v -0.15359564491404254 0.30562574378613483 -0.5804181289627435
v -0.1352941176470588 0.3016997362221571 -0.5831725660155659
v -0.1352941176470588 0.32352941176470584 -0.5794936267988702
v -0.15145085342984185 0.32352941176470584 -0.578946082633525
v -0.1734671314793027 0.32352941176470584 -0.5678571428571428
v -0.10433303670923091 0.28764095513738913 -0.5930360283004349
v -0.0676470588235294 0.28155208047748453 -0.5973079054427807
v -0.0676470588235294 0.32352941176470584 -0.5892800492872143
v -0.09781822963096307 0.32352941176470584 -0.5885646855541703
v -0.04595505707574074 0.2785733776688725 -0.5993977255085053
v 0 0.275708804860098 -0.6014074734156137
v 0 0.32352941176470584 -0.591982889487805
v -0.03458892596773891 0.32352941176470584 -0.5915967473256841
v 0.021590747085946764 0.2784743241953315 -0.5994672201677198
v 0.0676470588235294 0.28155208047748453 -0.5973079054427807
v 0.0676470588235294 0.32352941176470584 -0.5892800492872143
v 0.03587311180470647 0.32352941176470584 -0.5896647276122977
v 0.1069622064136756 0.29581341164509184 -0.5873023365918562
v 0.1352941176470588 0.3016997362221571 -0.5831725660155659
v 0.1352941176470588 0.32352941176470584 -0.5794936267988702
v 0.11753755607565186 0.32352941176470584 -0.5800440997120526
v 0.2029411764705884 0.3086343964748621 -0.5678571428571428
v 0.1734671314793027 0.32352941176470584 -0.5678571428571428
v 0.19491874475563645 0.31568138073920937 -0.5678571428571428
v 0.23967238907104008 0.2932856491551734 -0.5678571428571428
v -0.1352941176470588 0.34468787316373317 -0.5678571428571428
v -0.0676470588235294 0.3639783575725196 -0.5678571428571428
v -0.10856725558155073 0.3496752550896594 -0.5678571428571428
v 0 0.3695409422609298 -0.5678571428571428
v -0.02358421953317192 0.36663436324440335 -0.5678571428571428
v 0.0676470588235294 0.3639783575725196 -0.5678571428571428
v 0.04448119601507673 0.36704362525771567 -0.5678571428571428
v 0.1352941176470588 0.34468787316373317 -0.5678571428571428
v 0.10355504209954186 0.3586567867086311 -0.5678571428571428
v 0.15347533233937033 0.34131538265935835 -0.5678571428571428
v -0.15705788251803512 -0.293349463077106 -0.5363658137779062
v -0.1352941176470588 -0.3006219650683776 -0.5214285714285715
v -0.1352941176470588 -0.295601021644501 -0.5379454786775706
v -0.1352941176470588 -0.2720588235294118 -0.5527424762204158
v -0.16547484941549995 -0.2720588235294118 -0.5421426761516319
v -0.18689728861952623 -0.2720588235294118 -0.5214285714285715
v -0.16033657923524103 -0.29655688377872047 -0.5214285714285715
v -0.10381011307301358 -0.3074357244256463 -0.546248555866882
v -0.0676470588235294 -0.31677546609552426 -0.5214285714285715
v -0.0676470588235294 -0.309454121100069 -0.547664637343223
v -0.12255332911449668 -0.2720588235294118 -0.5591126886158502
v -0.10907041165954104 -0.31258166869507537 -0.5214285714285715
v -0.04120608780295701 -0.31236912681491324 -0.5497097683368121
v 0 -0.3213042629565643 -0.5214285714285715
v 0 -0.3131239046333738 -0.5502393108697639
v -0.048315462747942454 -0.31932395013065984 -0.5214285714285715
v 0.02862265122219383 -0.3102348744437618 -0.5482124039748297
v 0.0676470588235294 -0.31677546609552426 -0.5214285714285715
v 0.0676470588235294 -0.309454121100069 -0.547664637343223
v 0.01975111468592791 -0.3189135514901089 -0.5214285714285715
v 0.10928554743824259 -0.29750199003803635 -0.5392791739631937
v 0.1352941176470588 -0.3006219650683776 -0.5214285714285715
v 0.1352941176470588 -0.295601021644501 -0.5379454786775706
v 0.1352941176470588 -0.2720588235294118 -0.5527424762204158
v 0.10144115023723668 -0.30517585686510734 -0.5214285714285715
v 0.1868972886195262 -0.2720588235294118 -0.5214285714285715
v -0.2791324438227553 -0.21424081780614823 -0.5272927642385993
v -0.2705882352941176 -0.21934922139316165 -0.5214285714285715
v -0.2705882352941176 -0.21618550955942933 -0.5286571352782028
v -0.2705882352941176 -0.20588235294117652 -0.5340889502446408
v -0.28139685031056655 -0.20588235294117652 -0.5288469065796125
v -0.2849642339836312 -0.20588235294117652 -0.5214285714285715
v -0.28041635858120206 -0.21549682137419393 -0.5214285714285715
v -0.24420969597587106 -0.24625373071808365 -0.5497526174244333
v -0.2029411764705883 -0.2654555471532478 -0.5214285714285715
v -0.2029411764705883 -0.2517562092373428 -0.5536130864808024
v -0.25440796109097413 -0.20588235294117652 -0.5567520478295195
v -0.2492323009966474 -0.2511671486731909 -0.5214285714285715
v -0.1352941176470588 -0.26667781775787025 -0.5640818975380613
v -0.1903976012559388 -0.2597879347324721 -0.55924804309802
v -0.19929251750848165 -0.2684894832403944 -0.5214285714285715
v -0.13118692313726316 -0.26804091585678563 -0.5650382298550781
v 0.1352941176470588 -0.26667781775787025 -0.5640818975380613
v 0.14522590571070035 -0.2623429439019364 -0.5610406050867554
v 0.2029411764705884 -0.26545554715324776 -0.5214285714285715
v 0.2029411764705884 -0.25175620923734277 -0.5536130864808024
v 0.2563611824946786 -0.21980012198410598 -0.5311931014555156
v 0.2705882352941176 -0.21934922139316165 -0.5214285714285715
v 0.2705882352941176 -0.21618550955942933 -0.5286571352782028
v 0.2705882352941176 -0.20588235294117652 -0.5340889502446408
v 0.23572573710643302 -0.23998697073347672 -0.5214285714285715
v 0.2849642339836312 -0.20588235294117652 -0.5214285714285715
v -0.2705882352941176 -0.1908409242588996 -0.5573042674959263
v -0.3134045124832328 -0.18159137090751037 -0.5508148983192375
v -0.3199629402597789 -0.13970588235294112 -0.5553161794950656
v -0.33681039138901 -0.13970588235294112 -0.5214285714285715
v -0.31861049358227506 -0.18668417850439953 -0.5214285714285715
v -0.26307363247444926 -0.19853111105237053 -0.56269960489706
v 0.2705882352941176 -0.1908409242588996 -0.5573042674959263
v 0.3331942570832917 -0.13970588235294112 -0.524888413616747
v 0.3368103913890099 -0.13970588235294112 -0.5214285714285715
v 0.3271915909931872 -0.15050950497469529 -0.5214285714285715
v -0.3665676423025257 -0.10124583933686972 -0.5408740650585657
v -0.3382352941176471 -0.13683480364787684 -0.5214285714285715
v -0.3382352941176471 -0.1107065336666074 -0.5475115680645087
v -0.3382352941176471 -0.07352941176470584 -0.561392723681171
v -0.36950250607419566 -0.07352941176470584 -0.5428883659701778
v -0.37650091790801027 -0.07352941176470584 -0.5214285714285715
v -0.37088268003130004 -0.10546707189762725 -0.5214285714285715
v -0.3273983601455934 -0.1291045339020191 -0.5604193714042738
v -0.33566118129036215 -0.07352941176470584 -0.5660904380905901
v -0.33749324738857317 -0.13897996707449928 -0.5214285714285715
v 0.33823529411764697 -0.11070653366660749 -0.5475115680645087
v 0.33823529411764697 -0.13683480364787703 -0.5214285714285715
v 0.33823529411764697 -0.07352941176470584 -0.5613927236811711
v 0.3765009179080103 -0.07352941176470584 -0.5214285714285715
v -0.3382352941176471 -0.06804853657369031 -0.5640118304215415
v -0.3792449579839816 -0.047471090610928246 -0.5495749556349687
v -0.3810786432110745 -0.007352941176470562 -0.5508334787256133
v -0.39118461133897536 -0.007352941176470562 -0.5214285714285715
v -0.3855857877323118 -0.05367407623429475 -0.5214285714285715
v -0.33630037098834287 -0.07163655218169085 -0.5665291366100117
v 0.33823529411764697 -0.06804853657369042 -0.5640118304215416
v 0.36577677687542626 -0.007352941176470562 -0.5489544481693504
v 0.3911846113389754 -0.007352941176470562 -0.5214285714285715
v 0.38341679994780714 -0.029330112583027562 -0.5214285714285715
v -0.3825781468298607 0.015444651758512281 -0.5518626411472025
v -0.38260541149529703 0.05882352941176472 -0.5518813538523623
v -0.3933616599407835 0.05882352941176472 -0.5214285714285715
v -0.392267313632439 0.005966119016859565 -0.5214285714285715
v 0.36748733336578165 0.021263184174965453 -0.5477804326899449
v 0.3722322428345933 0.05882352941176472 -0.5445238333340214
v 0.39336165994078354 0.05882352941176472 -0.5214285714285715
v 0.3923441779402699 0.04557966256305167 -0.5214285714285715
v -0.37775448614436 0.08633992084343296 -0.5485519920431788
v -0.37563658972263364 0.125 -0.5470984047475218
v -0.3842046926524583 0.125 -0.5214285714285715
v -0.38994729211336737 0.07441217587375187 -0.5214285714285715
v 0.36513590075785296 0.0851393402554444 -0.5493943041382437
v 0.34675033376888315 0.125 -0.5620129696803627
v 0.3842046926524584 0.125 -0.5214285714285715
v 0.38843434985900244 0.10793130133265577 -0.5214285714285715
v -0.356619017856954 0.17319239301717415 -0.5340459718831889
v -0.3382352941176471 0.19117647058823528 -0.541671123983232
v -0.35433857022853177 0.19117647058823528 -0.5324808199394582
v -0.357747068895793 0.19117647058823528 -0.5214285714285715
v -0.36463281269294906 0.16535281111239641 -0.5214285714285715
v -0.328002136874376 0.19117647058823528 -0.5608337647491836
v 0.33823529411764697 0.19117647058823528 -0.5416711239832322
v 0.34388977697993117 0.13053155932179974 -0.5639762710789913
v 0.35774706889579305 0.19117647058823528 -0.5214285714285715
v 0.37701302273600834 0.1629347345179621 -0.5214285714285715
v -0.3382352941176471 0.21752911873840652 -0.5214285714285715
v -0.3152925881397944 0.21362042208830853 -0.5521107514872502
v -0.2705882352941176 0.25735294117647056 -0.5621167934211377
v -0.3026081708493627 0.25735294117647056 -0.5434049868251838
v -0.3128801292063643 0.25735294117647056 -0.5214285714285715
v -0.2677088009915412 0.25735294117647056 -0.5658808851525796
v 0.2705882352941176 0.25735294117647056 -0.5621167934211377
v 0.33823529411764697 0.21752911873840672 -0.5214285714285715
v 0.3148958588910025 0.23452088497649232 -0.5374472521276038
v 0.3128801292063643 0.25735294117647056 -0.5214285714285715
v 0.32657760112782314 0.24594867629512115 -0.5214285714285715
v 0.3540339081111322 0.20663163645142732 -0.5214285714285715
v -0.2705882352941176 0.2995017389489627 -0.5214285714285715
v -0.2583822637904769 0.26929356547351035 -0.559479752477315
v -0.2029411764705883 0.32352941176470584 -0.5503339807853225
v -0.22748028420388614 0.32352941176470584 -0.5382706298417976
v -0.23874074146793853 0.32352941176470584 -0.5214285714285715
v -0.19180868999903453 0.32352941176470584 -0.5602165232602069
v 0.2029411764705884 0.32352941176470584 -0.5503339807853224
v 0.2705882352941176 0.2995017389489627 -0.5214285714285715
v 0.25037183182738126 0.30375249532985504 -0.535303804863816
v 0.2387407414679385 0.32352941176470584 -0.5214285714285715
v 0.26028662615431064 0.3134517506496773 -0.5214285714285715
v 0.30046038581294493 0.28657569711880165 -0.5214285714285715
v -0.2029411764705883 0.34932634617166697 -0.5214285714285715
v -0.1352941176470588 0.377913472015054 -0.5214285714285715
v -0.1352941176470588 0.3593018548068918 -0.5427596510719902
v -0.16236878706911656 0.36321979270092813 -0.5214285714285715
v -0.0676470588235294 0.3897058823529411 -0.5251244828878654
v -0.07161053848693612 0.3897058823529411 -0.5241488478435183
v -0.07676580014121484 0.3897058823529411 -0.5214285714285715
v 0 0.3897058823529411 -0.5346883882934261
v -0.017028499300162446 0.3897058823529411 -0.5331158333706084
v 0.0676470588235294 0.3897058823529411 -0.5251244828878654
v 0.06134236613136059 0.3897058823529411 -0.525755705232824
v 0.11764161484009818 0.37243712960700137 -0.5335441090693737
v 0.1352941176470588 0.377913472015054 -0.5214285714285715
v 0.1352941176470588 0.3593018548068918 -0.5427596510719902
v 0.07676580014121484 0.3897058823529411 -0.5214285714285715
v 0.1268434587675425 0.3814389334490665 -0.5214285714285715
v 0.2029411764705884 0.34932634617166686 -0.5214285714285715
v 0.15789116654558882 0.3456352204697895 -0.5523479881783382
v 0.18013453798036935 0.36739504035163995 -0.5214285714285715
v 0.2243664974857766 0.34448896493173786 -0.5214285714285715
v -0.0676470588235294 0.39277152059818077 -0.5214285714285715
v 0 0.40053463479102697 -0.5214285714285715
v -0.06440732731308542 0.3928751849175059 -0.5214285714285715
v 0.0676470588235294 0.39277152059818077 -0.5214285714285715
v 0.010750068965387823 0.4002222541669075 -0.5214285714285715
v 0.07058633674448017 0.3925812629277843 -0.5214285714285715
v -0.0019329512191557513 -0.34012622465812553 -0.47632665285538334
v 0 -0.34073467423312753 -0.47500000000000003
v 0 -0.3401741478583136 -0.47636027516408674
v 0 -0.3382352941176471 -0.4781400210292481
v -0.003969034873941596 -0.3382352941176471 -0.4777240891526121
v -0.025554204673865266 -0.3382352941176471 -0.47500000000000003
v -0.0024597452297775435 -0.34064156662503814 -0.47500000000000003
v 0.025554204673865266 -0.3382352941176471 -0.47500000000000003
v -0.21851111216536684 -0.2872902823612604 -0.4856861981010748
v -0.2029411764705883 -0.29593062409362814 -0.47500000000000003
v -0.2029411764705883 -0.2900751399350327 -0.48764001881156266
v -0.2029411764705883 -0.2720588235294118 -0.5061912547342423
v -0.22524311631655747 -0.2720588235294118 -0.4903066108880721
v -0.2401549940904199 -0.2720588235294118 -0.47500000000000003
v -0.22166216948434955 -0.29037283843417827 -0.47500000000000003
v -0.17147187397048566 -0.30745010688928587 -0.49983007499216564
v -0.1352941176470588 -0.3237957443213376 -0.47500000000000003
v -0.1352941176470588 -0.3116075511094627 -0.5027468850640993
v -0.19366266787266928 -0.2720588235294118 -0.515060402484037
v -0.17819916009428197 -0.31403114766256485 -0.47500000000000003
v -0.11518710413765491 -0.3185653895975781 -0.5076284161938563
v -0.0676470588235294 -0.336126300937602 -0.47500000000000003
v -0.0676470588235294 -0.3221688199493659 -0.510156537170825
v -0.12520319565952576 -0.32836373999940827 -0.47500000000000003
v 0 -0.325409557596612 -0.5124301975519088
v -0.05285863109518643 -0.3237683539486159 -0.5112787499131559
v -0.06575820908352557 -0.3363875063285129 -0.47500000000000003
v 0.014611615490440388 -0.32394132244221624 -0.5114001024118406
v 0.0676470588235294 -0.336126300937602 -0.47500000000000003
v 0.0676470588235294 -0.3221688199493659 -0.510156537170825
v 0.09050658447785076 -0.31587271467320227 -0.5057392696596118
v 0.1352941176470588 -0.3237957443213376 -0.47500000000000003
v 0.1352941176470588 -0.3116075511094627 -0.5027468850640993
v 0.07101541874659337 -0.33494015941030186 -0.47500000000000003
v 0.18089973075681587 -0.2936211073798414 -0.4901278245426824
v 0.2029411764705884 -0.2959306240936281 -0.47500000000000003
v 0.2029411764705884 -0.2900751399350327 -0.4876400188115626
v 0.2029411764705884 -0.2720588235294118 -0.5061912547342422
v 0.1665265309224765 -0.3076818463482168 -0.47500000000000003
v 0.24015499409041993 -0.2720588235294118 -0.47500000000000003
v -0.2975365073749246 -0.2322447930202268 -0.49349555319831784
v -0.2705882352941176 -0.25301194158103485 -0.47500000000000003
v -0.2705882352941176 -0.238891574710268 -0.4981588508284738
v -0.30525643420173426 -0.20588235294117652 -0.49879401229373693
v -0.3221425756878352 -0.20588235294117652 -0.47500000000000003
v -0.30251855743241485 -0.23711853764168464 -0.47500000000000003
v -0.2029411764705883 -0.26721466987859005 -0.5180299747402172
v -0.2538521988075842 -0.25568661392302044 -0.5099420370698017
v -0.2626884551849576 -0.26433077777045094 -0.47500000000000003
v -0.2000395748169763 -0.26922030017261744 -0.5194370994861855
v 0.2029411764705884 -0.26721466987859 -0.5180299747402172
v 0.2160962806741303 -0.2591896998520338 -0.5123997576739666
v 0.2705882352941176 -0.25301194158103485 -0.47500000000000003
v 0.2705882352941176 -0.238891574710268 -0.4981588508284738
v 0.30111567478339957 -0.20588235294117652 -0.5004765089219524
v 0.32214257568783516 -0.20588235294117652 -0.47500000000000003
v -0.3595217440698603 -0.16052958339314977 -0.48960964422186065
v -0.3382352941176471 -0.18584164525428934 -0.47500000000000003
v -0.3382352941176471 -0.16818383447811186 -0.4949797695862309
v -0.3382352941176471 -0.13970588235294112 -0.5184033445313326
v -0.36378584022987126 -0.13970588235294112 -0.4925362443813713
v -0.37350227426358484 -0.13970588235294112 -0.47500000000000003
v -0.3638620289658927 -0.16477551426970316 -0.47500000000000003
v -0.32296512232814245 -0.19094414140796545 -0.5109481119084456
v -0.3372125749699286 -0.13970588235294112 -0.5207266430694231
v -0.33232873941154667 -0.20010420159825223 -0.47500000000000003
v 0.33823529411764697 -0.18584164525428948 -0.47500000000000003
v 0.33823529411764697 -0.16818383447811194 -0.49497976958623097
v 0.33823529411764697 -0.13970588235294112 -0.5184033445313329
v 0.3735022742635849 -0.13970588235294112 -0.47500000000000003
v -0.3382352941176471 -0.13806004062277305 -0.520273869770263
v -0.3804386493348905 -0.11481530273809618 -0.5039656568416485
v -0.3854814804846558 -0.07352941176470584 -0.5074267303947483
v -0.4023048784381327 -0.07352941176470584 -0.47500000000000003
v -0.38887055857839226 -0.1230639096067392 -0.47500000000000003
v -0.33766027449036945 -0.13914336315234344 -0.5210339151005331
v 0.33823529411764697 -0.13806004062277313 -0.5202738697702631
v 0.3997723223534999 -0.07352941176470584 -0.47919353031017564
v 0.4023048784381327 -0.07352941176470584 -0.47500000000000003
v 0.39692644087780504 -0.08229063008756927 -0.47500000000000003
v -0.4160563443977979 -0.017305758905774106 -0.4819827705338924
v -0.40588235294117647 -0.055063966709754955 -0.47500000000000003
v -0.40588235294117647 -0.02392630056992251 -0.48662765849508854
v -0.40588235294117647 -0.007352941176470562 -0.4908018979684582
v -0.41667558318997394 -0.007352941176470562 -0.48240777604032375
v -0.4202451602018953 -0.007352941176470562 -0.47500000000000003
v -0.4187795101258018 -0.019969725378821433 -0.47500000000000003
v -0.39100153106843294 -0.05897208601963064 -0.5112153365407568
v -0.39543600622280417 -0.007352941176470562 -0.5142588738361482
v -0.40350219146675453 -0.07120099293103219 -0.47500000000000003
v 0.4058823529411766 -0.02392630056992239 -0.4866276584950885
v 0.4058823529411766 -0.05506396670975451 -0.47500000000000003
v 0.4058823529411766 -0.007352941176470562 -0.490801897968458
v 0.4202451602018953 -0.007352941176470562 -0.47500000000000003
v -0.40588235294117647 0.03153515476586777 -0.4941451771325182
v -0.41976413384079037 0.04524352635779456 -0.4845275576981823
v -0.40588235294117647 0.05882352941176472 -0.4953231334372167
v -0.41973469587647116 0.05882352941176472 -0.4845073533810563
v -0.4243709255508794 0.05882352941176472 -0.47500000000000003
v -0.42402913593476366 0.041071241700646806 -0.47500000000000003
v -0.3963282790841169 0.001993435422826881 -0.5148712722906517
v -0.39714897307378194 0.05882352941176472 -0.5154345436313845
v 0.4058823529411766 0.03153515476586789 -0.49414517713251815
v 0.4058823529411766 0.05882352941176472 -0.49532313343721657
v 0.42437092555087946 0.05882352941176472 -0.47500000000000003
v 0.4205367790208223 0.006982910423182947 -0.47500000000000003
v -0.41221033964644593 0.11880957822310592 -0.4793431213101384
v -0.40588235294117647 0.10926314841058182 -0.48604077524209977
v -0.40588235294117647 0.125 -0.48286264463114564
v -0.411798936715738 0.125 -0.4790607609135966
v -0.4138918193546627 0.125 -0.47500000000000003
v -0.4147430490061433 0.11633192776253248 -0.47500000000000003
v -0.3957078622740842 0.06877683549913757 -0.5144454582688591
v -0.39146234094037086 0.125 -0.5115316066702545
v 0.4058823529411766 0.10926314841058213 -0.48604077524209954
v 0.4058823529411766 0.125 -0.48286264463114553
v 0.4138918193546626 0.125 -0.47500000000000003
v 0.4228619173055249 0.07543397281167073 -0.47500000000000003
v -0.40588235294117647 0.14544927694641754 -0.47500000000000003
v -0.38430441663716075 0.14610885073218932 -0.5066188698037656
v -0.3771251342306637 0.19117647058823528 -0.5016914741148344
v -0.3939792719295657 0.19117647058823528 -0.47500000000000003
v 0.4058823529411766 0.14544927694641716 -0.47500000000000003
v 0.3939126436135055 0.17946697233290487 -0.48321523528389854
v 0.3777397766364721 0.19117647058823528 -0.494315246469999
v 0.3939792719295658 0.19117647058823528 -0.47500000000000003
v 0.39844587133242965 0.18390165162315678 -0.47500000000000003
v 0.41270792779119275 0.13167719278805934 -0.47500000000000003
v -0.3529964976537482 0.24291263336941513 -0.4851311365884421
v -0.3382352941176471 0.25735294117647056 -0.48953312494860557
v -0.3499670481970473 0.25735294117647056 -0.48305191817250764
v -0.3557159646314414 0.25735294117647056 -0.47500000000000003
v -0.37148378307731567 0.2248272454550556 -0.47500000000000003
v -0.3235547950920269 0.25735294117647056 -0.5113528252029129
v 0.33823529411764697 0.25735294117647056 -0.4895331249486057
v 0.3609655765058567 0.21341261640278825 -0.5058279738888375
v 0.35571596463144145 0.25735294117647056 -0.47500000000000003
v 0.38071894207259194 0.2327365609789422 -0.47500000000000003
v -0.3382352941176471 0.278510600701279 -0.47500000000000003
v -0.2974181459893237 0.2972827599976564 -0.4934143175889458
v -0.2705882352941176 0.32352941176470584 -0.4939769744113057
v -0.2866607644222214 0.32352941176470584 -0.4860311457680464
v -0.2979208255221713 0.32352941176470584 -0.47500000000000003
v -0.2547972039773997 0.32352941176470584 -0.5105906275745508
v 0.2705882352941176 0.32352941176470584 -0.4939769744113057
v 0.33823529411764697 0.27851060070127914 -0.47500000000000003
v 0.3133688732196706 0.2992035652340768 -0.4920667050262509
v 0.2979208255221713 0.32352941176470584 -0.47500000000000003
v 0.32390748464860325 0.3095130764145544 -0.47500000000000003
v 0.35077694443230967 0.2696219469190754 -0.47500000000000003
v -0.2705882352941176 0.34762235371792727 -0.47500000000000003
v -0.2029411764705883 0.38689955445105306 -0.47696888402005483
v -0.2029411764705883 0.38871770011056417 -0.47500000000000003
v -0.2074852638093504 0.3852605795215434 -0.47500000000000003
v -0.1352941176470588 0.3897058823529411 -0.5035702622071118
v -0.16272403268029578 0.3897058823529411 -0.49382612180852603
v -0.20024688293283663 0.3897058823529411 -0.47500000000000003
v -0.11863327864766873 0.3897058823529411 -0.5099936477674994
v 0.1352941176470588 0.3897058823529411 -0.5035702622071118
v 0.20198156332403505 0.3887671303617476 -0.4756586164763612
v 0.2029411764705884 0.38871770011056417 -0.47500000000000003
v 0.2029411764705884 0.38689955445105295 -0.4769688840200549
v 0.20024688293283663 0.3897058823529411 -0.47500000000000003
v 0.20240433355216197 0.38918070993274134 -0.47500000000000003
v 0.2705882352941176 0.34762235371792727 -0.47500000000000003
v 0.2355549745703347 0.35543421425358823 -0.49904456714272066
v 0.25240164916498664 0.3719146567918347 -0.47500000000000003
v 0.28750438448243293 0.34007781857936215 -0.47500000000000003
v -0.1352941176470588 0.4220623984812253 -0.47500000000000003
v -0.0676470588235294 0.43832544856131983 -0.47500000000000003
v -0.0676470588235294 0.397882982634504 -0.5156916217072209
v -0.09528395397852349 0.42884625985476915 -0.47500000000000003
v -0.05758555713478766 0.39954865574410153 -0.514523006604932
v 0 0.44284458696179535 -0.47500000000000003
v 0 0.41648224588530214 -0.5026426147915817
v -0.015263623752336135 0.4409505470964997 -0.47500000000000003
v 0.02395811173055848 0.4131431655676179 -0.504985271141449
v 0.0676470588235294 0.43832544856131983 -0.47500000000000003
v 0.0676470588235294 0.397882982634504 -0.5156916217072209
v 0.051874021747921155 0.44045220797590745 -0.47500000000000003
v 0.07341265564951052 0.39534614011748787 -0.5174714382032862
v 0.1352941176470588 0.4220623984812253 -0.47500000000000003
v 0.11139126461382268 0.43249912714779326 -0.47500000000000003
v 0.16242022276000306 0.4162422895286474 -0.47500000000000003
v -0.14412681412810102 -0.41305244604603236 -0.4346336208767402
v -0.1352941176470588 -0.41951125542043505 -0.4285714285714286
v -0.1352941176470588 -0.41334282130507227 -0.4348373444711777
v -0.1352941176470588 -0.40441176470588236 -0.43633406069904107
v -0.14557214280756736 -0.40441176470588236 -0.4356256011194795
v -0.17491495003780166 -0.40441176470588236 -0.4285714285714286
v -0.1486772928129143 -0.41750400128117576 -0.4285714285714286
v -0.08498500169789566 -0.42137279577863196 -0.4404710725938974
v -0.0676470588235294 -0.43335967414406995 -0.4285714285714286
v -0.0676470588235294 -0.42171686158553157 -0.44071246479492854
v -0.0676470588235294 -0.40441176470588236 -0.44383090149855015
v -0.08843008677351766 -0.40441176470588236 -0.44283555645014727
v -0.09437077795685486 -0.430554533423266 -0.4285714285714286
v -0.02013876256420072 -0.4241127280839048 -0.4423933743064856
v 0 -0.4375532084730594 -0.4285714285714286
v 0 -0.42424845727187044 -0.44248860018121705
v 0 -0.40441176470588236 -0.446156122839312
v -0.02499666879626518 -0.40441176470588236 -0.4457275273415361
v -0.03261239701405128 -0.43631519656745427 -0.4285714285714286
v 0.049829203705632256 -0.4218422751473035 -0.44080045335731455
v 0.0676470588235294 -0.43335967414406995 -0.4285714285714286
v 0.0676470588235294 -0.42171686158553157 -0.44071246479492854
v 0.0676470588235294 -0.40441176470588236 -0.44383090149855015
v 0.04482141938034466 -0.40441176470588236 -0.4442374730339871
v 0.0368043669520568 -0.4345839632758012 -0.4285714285714286
v 0.1259484623686845 -0.4135542535651615 -0.43498568266000226
v 0.1352941176470588 -0.41951125542043505 -0.4285714285714286
v 0.1352941176470588 -0.41334282130507227 -0.4348373444711777
v 0.1352941176470588 -0.40441176470588236 -0.43633406069904107
v 0.12302152999324467 -0.40441176470588236 -0.4369945399735805
v 0.11768157919877734 -0.421641421883549 -0.4285714285714286
v 0.17491495003780166 -0.40441176470588236 -0.4285714285714286
v -0.28548344161450123 -0.3528066916049789 -0.4387945360149217
v -0.2705882352941176 -0.3664606531455175 -0.4285714285714286
v -0.2705882352941176 -0.35372200613309146 -0.43943670906480387
v -0.2705882352941176 -0.3382352941176471 -0.44206560309080745
v -0.287277551761665 -0.3382352941176471 -0.4400258973271055
v -0.31160103253215965 -0.3382352941176471 -0.4285714285714286
v -0.29236989619582354 -0.3595434406519246 -0.4285714285714286
v -0.2339124878750984 -0.36853331614379836 -0.4498281360881887
v -0.2029411764705883 -0.39642584154607363 -0.4285714285714286
v -0.2029411764705883 -0.37000618406984204 -0.45086148152201616
v -0.2029411764705883 -0.3382352941176471 -0.45761177418419086
v -0.23886628581342517 -0.3382352941176471 -0.4532281029961707
v -0.24845013671987778 -0.382754929144126 -0.4285714285714286
v -0.1352941176470588 -0.37911598566905885 -0.4572528026440064
v -0.17524181059614685 -0.37731455895914623 -0.4559889445395915
v -0.1352941176470588 -0.3382352941176471 -0.4677335169058866
v -0.18419387361658573 -0.3382352941176471 -0.4621330623269113
v -0.1974770297360353 -0.3990664037699066 -0.4285714285714286
v -0.0676470588235294 -0.3838804900326453 -0.46059551840385593
v -0.11284892583007562 -0.3824545118414423 -0.45959507021256746
v -0.0676470588235294 -0.3382352941176471 -0.47373728840386264
v -0.12652689315563223 -0.3382352941176471 -0.4689827434391141
v 0 -0.38538256507365115 -0.46164935517865685
v -0.0476440706348108 -0.38484362408648376 -0.4612712410257553
v -0.0659266947280749 -0.3382352941176471 -0.4738192532139893
v 0.0676470588235294 -0.3838804900326453 -0.46059551840385593
v 0.02042111424655815 -0.3844345877255537 -0.4609842663090393
v 0.0676470588235294 -0.3382352941176471 -0.47373728840386264
v 0.1352941176470588 -0.37911598566905885 -0.4572528026440064
v 0.09194480282762094 -0.3806422325279667 -0.45832359805930367
v 0.1352941176470588 -0.3382352941176471 -0.4677335169058866
v 0.0699244267243166 -0.3382352941176471 -0.473436961782379
v 0.16853948005765038 -0.37188912756508635 -0.452182530767886
v 0.2029411764705884 -0.3964258415460736 -0.4285714285714286
v 0.2029411764705884 -0.37000618406984204 -0.45086148152201616
v 0.2029411764705884 -0.3382352941176471 -0.45761177418419086
v 0.1504929607131455 -0.3382352941176471 -0.4645684959080586
v 0.2536478294224175 -0.35480743029648415 -0.4401982288746762
v 0.2705882352941176 -0.3664606531455175 -0.4285714285714286
v 0.2705882352941176 -0.35372200613309146 -0.43943670906480387
v 0.2705882352941176 -0.3382352941176471 -0.44206560309080745
v 0.24510901158223364 -0.3382352941176471 -0.4460587218643676
v 0.22154472692806307 -0.3862126392583527 -0.4285714285714286
v 0.31160103253215965 -0.3382352941176471 -0.4285714285714286
v -0.3606434119218344 -0.2939798083378559 -0.4439509131513212
v -0.3382352941176471 -0.31996682622019534 -0.4285714285714286
v -0.3382352941176471 -0.29575376782074264 -0.44519550059804486
v -0.3382352941176471 -0.2720588235294118 -0.4492872337403229
v -0.36280806103254276 -0.2720588235294118 -0.44543658847264583
v -0.39087450804732937 -0.2720588235294118 -0.4285714285714286
v -0.37055470905441484 -0.3036756424892933 -0.4285714285714286
v -0.2705882352941176 -0.3143156452065278 -0.4582182780655323
v -0.31019072778839357 -0.3108003922738122 -0.4557520212460714
v -0.2705882352941176 -0.2720588235294118 -0.46801362855393824
v -0.315980945541736 -0.2720588235294118 -0.4597260526854772
v -0.32938018863042956 -0.32957269092362995 -0.4285714285714286
v -0.2029411764705883 -0.3256055804980686 -0.46613915330181954
v -0.25313073717806345 -0.32115730683020277 -0.4630183009824598
v -0.26394805346019096 -0.2720588235294118 -0.4704426081201933
v -0.1352941176470588 -0.3330873268375206 -0.47138825152727637
v -0.19290080778850788 -0.32841319431995974 -0.4681089395070194
v -0.0676470588235294 -0.337361116313908 -0.4743866879535672
v -0.13079205099416033 -0.33383109847894205 -0.4719100722661784
v -0.06679995776163658 -0.3374066082962302 -0.4744186045506885
v 0.0676470588235294 -0.337361116313908 -0.4743866879535672
v 0.06870175129294523 -0.33720352974539247 -0.474276127218196
v 0.1352941176470588 -0.3330873268375206 -0.47138825152727637
v 0.14222503636394798 -0.33145504754677724 -0.4702430651042469
v 0.2029411764705884 -0.32560558049806854 -0.46613915330181954
v 0.2705882352941176 -0.3143156452065278 -0.4582182780655323
v 0.2217046345386322 -0.319879737311952 -0.46212197443156
v 0.2705882352941176 -0.2720588235294118 -0.46801362855393824
v 0.31043245515855195 -0.29925725294591776 -0.4476535012731677
v 0.33823529411764697 -0.31996682622019545 -0.4285714285714286
v 0.33823529411764697 -0.2957537678207427 -0.4451955005980449
v 0.33823529411764697 -0.2720588235294118 -0.449287233740323
v 0.2915320504935341 -0.2720588235294118 -0.46062551813953095
v 0.3908745080473294 -0.2720588235294118 -0.4285714285714286
v -0.42566039770629 -0.22523044021139627 -0.4421458009102177
v -0.40588235294117647 -0.25526454993556724 -0.4285714285714286
v -0.40588235294117647 -0.22729202691505462 -0.4435921839626256
v -0.40588235294117647 -0.20588235294117652 -0.4467103696394219
v -0.42711624207653986 -0.20588235294117652 -0.4431449984438364
v -0.4468372619043553 -0.20588235294117652 -0.4285714285714286
v -0.43481935550859274 -0.2341902902353881 -0.4285714285714286
v -0.3382352941176471 -0.2512213222511555 -0.46038067370636626
v -0.37925664900620926 -0.24601193924520473 -0.4567258367402865
v -0.3382352941176471 -0.20588235294117652 -0.4697222564984964
v -0.383815624681841 -0.20588235294117652 -0.45985482315120146
v -0.39942285060336585 -0.2657397451554666 -0.4285714285714286
v -0.2705882352941176 -0.26652011029502215 -0.47111410912761875
v -0.32458425458712065 -0.2587045457278099 -0.46563080827252695
v -0.3337772796486711 -0.20588235294117652 -0.4719403068396159
v -0.26666259770875844 -0.2682185258915605 -0.47230569594296784
v 0.2705882352941176 -0.26652011029502215 -0.47111410912761875
v 0.28022137712525785 -0.2626350978250354 -0.4683884337121677
v 0.33823529411764697 -0.2512213222511555 -0.46038067370636626
v 0.33823529411764697 -0.20588235294117652 -0.4697222564984964
v 0.37861157789072203 -0.23256028505575152 -0.4472883269756225
v 0.4058823529411766 -0.25526454993556713 -0.4285714285714286
v 0.4058823529411766 -0.2272920269150546 -0.4435921839626256
v 0.4058823529411766 -0.20588235294117652 -0.44671036963942184
v 0.3580132001834074 -0.20588235294117652 -0.4614257228554875
v 0.4468372619043553 -0.20588235294117652 -0.4285714285714286
v -0.478768018220409 -0.14483060605960735 -0.432166869648169
v -0.47352941176470575 -0.155879911632018 -0.4285714285714286
v -0.47352941176470575 -0.1455270286047813 -0.4326554708624022
v -0.47352941176470575 -0.13970588235294112 -0.4332216661738415
v -0.4790651946173385 -0.13970588235294112 -0.43237083233053364
v -0.4836373692576582 -0.13970588235294112 -0.4285714285714286
v -0.48163768964802767 -0.14763789332575605 -0.4285714285714286
v -0.40588235294117647 -0.18024642293445822 -0.45701415704290566
v -0.44174561901887 -0.17478951221155445 -0.4531856577738208
v -0.40588235294117647 -0.13970588235294112 -0.46285930321018137
v -0.4441456587311778 -0.13970588235294112 -0.45483288999872773
v -0.459389837762429 -0.19205016098242741 -0.4285714285714286
v -0.3382352941176471 -0.20118245341669286 -0.47170261017488613
v -0.39073256812739665 -0.1910619112755223 -0.4646021663234617
v -0.3964719234064228 -0.13970588235294112 -0.46854128904602316
v -0.33526194944000326 -0.2029736461913076 -0.47295928828025074
v 0.33823529411764697 -0.20118245341669289 -0.47170261017488613
v 0.3479415794935274 -0.19638707376911962 -0.4683382327078585
v 0.4058823529411766 -0.1802464229344582 -0.4570141570429056
v 0.4058823529411766 -0.13970588235294112 -0.4628593032101813
v 0.4654742139335232 -0.1475859671877937 -0.43409999602699184
v 0.47352941176470575 -0.155879911632018 -0.4285714285714286
v 0.47352941176470575 -0.1455270286047813 -0.4326554708624022
v 0.47352941176470575 -0.13970588235294112 -0.4332216661738415
v 0.46037470159153704 -0.13970588235294112 -0.4375999718890382
v 0.4836373692576582 -0.13970588235294112 -0.4285714285714286
v -0.47352941176470575 -0.0969897512186135 -0.4450309048232178
v -0.49419188646641576 -0.09374270223376993 -0.4427528164878196
v -0.47352941176470575 -0.07352941176470584 -0.44691956651108
v -0.49496887822239455 -0.07352941176470584 -0.4432860934383516
v -0.5114303962418719 -0.07352941176470584 -0.4285714285714286
v -0.5049395547132178 -0.10425672551868502 -0.4285714285714286
v -0.40588235294117647 -0.1273185737699903 -0.4663092215973583
v -0.4509965227472522 -0.11766283874891045 -0.4595348805190769
v -0.40588235294117647 -0.07352941176470584 -0.47328847636398963
v -0.4535273292281704 -0.07352941176470584 -0.46127186260691205
v -0.39877838120484155 -0.1327563447847874 -0.4701242926902795
v -0.40458837943638654 -0.07352941176470584 -0.47411190017217836
v 0.4058823529411766 -0.12731857376999028 -0.4663092215973583
v 0.4058823529411766 -0.07352941176470584 -0.4732884763639896
v 0.47352941176470575 -0.0969897512186135 -0.4450309048232178
v 0.43675529973699095 -0.10950408657442698 -0.45381080359666154
v 0.47352941176470575 -0.07352941176470584 -0.44691956651108
v 0.41416534313679204 -0.07352941176470584 -0.4693150905800279
v 0.5114303962418718 -0.07352941176470584 -0.4285714285714286
v 0.4874126963922938 -0.12612440826073545 -0.4285714285714286
v -0.47352941176470575 -0.041001036231268724 -0.45217850478447746
v -0.5021762849575475 -0.035377056256424455 -0.44823279184974546
v -0.47352941176470575 -0.007352941176470562 -0.4537382117804173
v -0.5027391486001096 -0.007352941176470562 -0.4486191050951064
v -0.5250860969233602 -0.007352941176470562 -0.4285714285714286
v -0.5187553665497879 -0.05159572303144223 -0.4285714285714286
v -0.40588235294117647 -0.071566663993916 -0.4736229610877951
v -0.4565443458637322 -0.056913586426796926 -0.4633425479375306
v -0.4582006041895288 -0.007352941176470562 -0.4644792966642419
v -0.404795405079095 -0.07246609320397396 -0.47425398920024847
v 0.4058823529411766 -0.07156666399391594 -0.47362296108779506
v 0.41136157991981914 -0.06816929841603375 -0.4712394125395031
v 0.47352941176470575 -0.041001036231268724 -0.45217850478447746
v 0.47352941176470575 -0.007352941176470562 -0.4537382117804173
v 0.5250860969233602 -0.007352941176470562 -0.4285714285714286
v 0.5188063573318927 -0.029236747622892446 -0.4285714285714286
v -0.47352941176470575 0.020677341075502974 -0.4553343099121075
v -0.5050733154362472 0.027965362776561135 -0.45022112643295237
v -0.47352941176470575 0.05882352941176472 -0.4556237948081929
v -0.5051703161434122 0.05882352941176472 -0.4502877014524662
v -0.5294405557585907 0.05882352941176472 -0.4285714285714286
v -0.5267341836041294 0.006775383047111241 -0.4285714285714286
v -0.45910741539594013 0.006755533532104533 -0.46510167329969815
v -0.4593956425496874 0.05882352941176472 -0.46529949379963026
v 0.47352941176470575 0.020677341075502974 -0.4553343099121075
v 0.47352941176470575 0.05882352941176472 -0.4556237948081929
v 0.5294405557585906 0.05882352941176472 -0.4285714285714286
v 0.5280249669426483 0.04595792801934286 -0.4285714285714286
v -0.47352941176470575 0.0879917297017713 -0.4545359610663764
v -0.5035653438176657 0.09561702299166966 -0.4491861521233048
v -0.47352941176470575 0.125 -0.4532079522830899
v -0.5031656071990077 0.125 -0.44891179872975384
v -0.5256347865578733 0.125 -0.4285714285714286
v -0.528483436296082 0.07124062817582776 -0.4285714285714286
v -0.4588147497382878 0.0732183074810867 -0.46490080649739635
v -0.457443122039441 0.125 -0.4639594098469456
v 0.47352941176470575 0.0879917297017713 -0.4545359610663764
v 0.47352941176470575 0.125 -0.4532079522830899
v 0.5256347865578733 0.125 -0.4285714285714286
v 0.5267503202054659 0.1108874615820735 -0.4285714285714286
v -0.49680261649666974 0.1684092050895749 -0.4445446529371554
v -0.47352941176470575 0.16258971970739716 -0.44862752998306427
v -0.47352941176470575 0.19117647058823528 -0.44661146550656966
v -0.4960823356660463 0.19117647058823528 -0.44405029870247287
v -0.5126965921295318 0.19117647058823528 -0.4285714285714286
v -0.5203956953882629 0.14532901921736427 -0.4285714285714286
v -0.4550350686452056 0.14309229218211972 -0.46230667754841764
v -0.40588235294117647 0.19117647058823528 -0.47028629573093705
v -0.45252615647715005 0.19117647058823528 -0.46058472230264036
v -0.4020572767409215 0.19117647058823528 -0.4723747147818126
v 0.4058823529411766 0.19117647058823528 -0.470286295730937
v 0.47352941176470575 0.16258971970739716 -0.44862752998306427
v 0.47352941176470575 0.19117647058823528 -0.44661146550656966
v 0.42503333252031467 0.19117647058823528 -0.4618560046987903
v 0.5126965921295318 0.19117647058823528 -0.4285714285714286
v 0.518956446137074 0.169439490146882 -0.4285714285714286
v -0.48160284389156316 0.2494550184436753 -0.43411251086967545
v -0.47352941176470575 0.24763173299831898 -0.43539170478530637
v -0.47352941176470575 0.25735294117647056 -0.434611345255917
v -0.4811908547488871 0.25735294117647056 -0.43382974813510583
v -0.4866636132100419 0.25735294117647056 -0.4285714285714286
v -0.4918945180696365 0.23938707631295136 -0.4285714285714286
v -0.40588235294117647 0.200565765214503 -0.4684125901193487
v -0.4466611976844633 0.21746059305803778 -0.45655939344182117
v -0.40588235294117647 0.25735294117647056 -0.46040153805788
v -0.44434743151975387 0.25735294117647056 -0.4549713738070361
v -0.40094052833971194 0.19601086422010278 -0.4716082508170073
v -0.3937469548599924 0.25735294117647056 -0.46667104665856624
v 0.4058823529411766 0.20056576521450306 -0.46841259011934866
v 0.4058823529411766 0.25735294117647056 -0.4604015380578799
v 0.44600092020549525 0.23042289508593844 -0.4474652069397067
v 0.47352941176470575 0.24763173299831898 -0.43539170478530637
v 0.47352941176470575 0.25735294117647056 -0.434611345255917
v 0.46011401206396496 0.25735294117647056 -0.4377788923411917
v 0.4866636132100419 0.25735294117647056 -0.4285714285714286
v 0.5053685949792818 0.2223234976459727 -0.4285714285714286
v -0.47352941176470575 0.2790582298485209 -0.4285714285714286
v -0.43120011017577653 0.2987620405569449 -0.44594790170449267
v -0.40588235294117647 0.2906178065806352 -0.4516617928434274
v -0.40588235294117647 0.32352941176470584 -0.446796812822381
v -0.4295349722258687 0.32352941176470584 -0.444805058577382
v -0.45061442700866894 0.32352941176470584 -0.4285714285714286
v -0.3886199841594957 0.274240041071593 -0.46315222515294585
v -0.3382352941176471 0.32352941176470584 -0.4655951216068825
v -0.38260712515582257 0.32352941176470584 -0.4590253871411081
v -0.3295711755987617 0.32352941176470584 -0.4690535087184048
v 0.33823529411764697 0.32352941176470584 -0.46559512160688254
v 0.4058823529411766 0.29061780658063524 -0.45166179284342733
v 0.4058823529411766 0.32352941176470584 -0.44679681282238093
v 0.36721342946327296 0.32352941176470584 -0.45511127977831267
v 0.47352941176470575 0.2790582298485209 -0.4285714285714286
v 0.45061442700866894 0.32352941176470584 -0.4285714285714286
v 0.4607705539523178 0.3110479204265002 -0.4285714285714286
v 0.4837282147291895 0.2673300310330307 -0.4285714285714286
v -0.40588235294117647 0.3793123064205477 -0.4285714285714286
v -0.3382352941176471 0.34841438199112806 -0.45754102088876414
v -0.36837453063118614 0.3602218466331747 -0.44925705363196317
v -0.3382352941176471 0.3897058823529411 -0.44943472723354655
v -0.36558574587840054 0.3897058823529411 -0.44734301192275316
v -0.39706693309370095 0.3897058823529411 -0.4285714285714286
v -0.3242728787599227 0.337188296353784 -0.4654171000184563
v -0.2705882352941176 0.3897058823529411 -0.46406724118422216
v -0.3148363505266305 0.3897058823529411 -0.4589404766036812
v -0.2029411764705883 0.3897058823529411 -0.4746253134106092
v -0.2594387004856915 0.3897058823529411 -0.46734767952589396
v -0.20252129640530234 0.3897058823529411 -0.4747118214458752
v 0.2029411764705884 0.3897058823529411 -0.47462531341060915
v 0.2705882352941176 0.3897058823529411 -0.46406724118422216
v 0.20378937254743415 0.3897058823529411 -0.4744178530031587
v 0.33823529411764697 0.34841438199112795 -0.4575410208887642
v 0.33823529411764697 0.3897058823529411 -0.4494347272335466
v 0.29876113364542795 0.3897058823529411 -0.4556639424359019
v 0.4058823529411766 0.37931230642054753 -0.4285714285714286
v 0.39706693309370095 0.3897058823529411 -0.4285714285714286
v 0.4018637036460404 0.3857745949990036 -0.4285714285714286
v 0.4365222874678976 0.3535032607582374 -0.4285714285714286
v -0.3382352941176471 0.44456398453184715 -0.4285714285714286
v -0.2950526489099135 0.43194977440398474 -0.44536222176736306
v -0.2705882352941176 0.42325219452308044 -0.4514643333663467
v -0.2705882352941176 0.4558823529411764 -0.44444816507786594
v -0.29184007336466733 0.4558823529411764 -0.44315731743351394
v -0.32273672078002746 0.4558823529411764 -0.4285714285714286
v -0.2029411764705883 0.3908883654488051 -0.4741703848756002
v -0.24987548941572277 0.409968351147023 -0.4607841091952632
v -0.2029411764705883 0.4558823529411764 -0.456621739777415
v -0.23998707843425926 0.4558823529411764 -0.4539973426520848
v -0.20212575756067033 0.3905035747648174 -0.4744403491332551
v -0.1352941176470588 0.4558823529411764 -0.4640824377792883
v -0.18229136679272506 0.4558823529411764 -0.4608273045378641
v -0.0676470588235294 0.4558823529411764 -0.46838149984711525
v -0.12169681639640424 0.4558823529411764 -0.46566769075653835
v 0 0.4558823529411764 -0.46980203458805736
v -0.05850616826835319 0.4558823529411764 -0.4687262831903915
v 0.0676470588235294 0.4558823529411764 -0.46838149984711525
v 0.00800150234349622 0.4558823529411764 -0.4695082856586564
v 0.1352941176470588 0.4558823529411764 -0.4640824377792883
v 0.07907032852652777 0.4558823529411764 -0.46715980557651354
v 0.2029411764705884 0.3908883654488052 -0.47417038487560015
v 0.2029411764705884 0.4558823529411764 -0.45662173977741494
v 0.1565581237102445 0.4558823529411764 -0.46040575981377635
v 0.20569173824687573 0.39239664930800483 -0.4731121920727966
v 0.2705882352941176 0.42325219452308044 -0.4514643333663467
v 0.2705882352941176 0.4558823529411764 -0.44444816507786594
v 0.2438113007818648 0.4558823529411764 -0.4469493867304593
v 0.33823529411764697 0.44456398453184726 -0.4285714285714286
v 0.3227367207800276 0.4558823529411764 -0.4285714285714286
v 0.3327045595803296 0.4504718517633659 -0.4285714285714286
v 0.37322436174097867 0.4239343180714177 -0.4285714285714286
v -0.2705882352941176 0.4920230895911594 -0.4285714285714286
v -0.2029411764705883 0.5218095180306123 -0.4285714285714286
v -0.20353190187588246 0.5214809399807543 -0.4285714285714286
v -0.1571873843142844 0.5006414974419084 -0.44359755258837535
v -0.1352941176470588 0.49518291378057955 -0.4474272255698156
v -0.1352941176470588 0.5220588235294117 -0.4408399378401857
v -0.1522255475383702 0.5220588235294117 -0.4401920683415523
v -0.20213494620637013 0.5220588235294117 -0.4285714285714286
v -0.10399281417026451 0.48650319329890995 -0.45351680724108223
v -0.0676470588235294 0.47988500776590687 -0.458160042170586
v -0.0676470588235294 0.5220588235294117 -0.44691389142019133
v -0.09327255162557146 0.5220588235294117 -0.446159111519414
v -0.04520495805140668 0.47783658195738343 -0.4595971917060897
v 0 0.474809957108432 -0.46172063326678264
v 0 0.5220588235294117 -0.44876706114410264
v -0.02896275264692686 0.5220588235294117 -0.44844959110239396
v 0.021289442667636563 0.4767089816377774 -0.46038830177159107
v 0.0676470588235294 0.47988500776590687 -0.458160042170586
v 0.0676470588235294 0.5220588235294117 -0.44691389142019133
v 0.04046991321421044 0.5220588235294117 -0.4472240657753401
v 0.10089211058982701 0.4884046861908154 -0.45218274397406283
v 0.1352941176470588 0.49518291378057955 -0.4474272255698156
v 0.1352941176470588 0.5220588235294117 -0.4408399378401857
v 0.11650287498970002 0.5220588235294117 -0.44146852368719347
v 0.2029411764705884 0.5218095180306123 -0.4285714285714286
v 0.2021349462063701 0.5220588235294117 -0.4285714285714286
v 0.2027700594092341 0.5218914264041737 -0.4285714285714286
v 0.2705882352941176 0.4920230895911594 -0.4285714285714286
v 0.25280084466948055 0.504658115309658 -0.4285714285714286
v 0.29696669739217296 0.48168737021101315 -0.4285714285714286
v -0.1352941176470588 0.5469985725332853 -0.4285714285714286
v -0.0676470588235294 0.5599103413581772 -0.4285714285714286
v -0.1055016753698316 0.5512036040180035 -0.4285714285714286
v 0 0.5639164975358931 -0.4285714285714286
v -0.02704376674893289 0.561779435341517 -0.4285714285714286
v 0.0676470588235294 0.5599103413581772 -0.4285714285714286
v 0.04092999823668479 0.5620990391957338 -0.4285714285714286
v 0.1352941176470588 0.5469985725332853 -0.4285714285714286
v 0.10191973581396847 0.5555864423244065 -0.4285714285714286
v 0.15659113679041953 0.5428928639957428 -0.4285714285714286
v -0.21054910361978937 -0.4118543021344486 -0.3873644468943275
v -0.2029411764705883 -0.4138974198689675 -0.3821428571428572
v -0.2029411764705883 -0.41298591520509065 -0.3881583722550001
v -0.2029411764705883 -0.40441176470588236 -0.40351852977579505
v -0.21606530012659414 -0.40441176470588236 -0.3911504078508612
v -0.22123037689868175 -0.40441176470588236 -0.3821428571428572
v -0.21107294393626544 -0.41236675461795785 -0.3821428571428572
v -0.16227684650520796 -0.4308079125018978 -0.40066205924736326
v -0.1352941176470588 -0.4372856583544171 -0.3821428571428572
v -0.1352941176470588 -0.43372841182638094 -0.40271104448771494
v -0.18885829532793874 -0.40441176470588236 -0.418905848656753
v -0.1641947522900354 -0.4326841246827073 -0.3821428571428572
v -0.10495806549159166 -0.4409116625333346 -0.4077507219678316
v -0.0676470588235294 -0.4488295117547598 -0.3821428571428572
v -0.0676470588235294 -0.44373648447270253 -0.4097325811697374
v -0.10851886159302021 -0.4443950500238625 -0.3821428571428572
v -0.042125517764503975 -0.445621510345071 -0.4110550913849546
v 0 -0.4523718101450088 -0.3821428571428572
v 0 -0.44677428427074284 -0.4118638629328069
v -0.04715257537685012 -0.45053928409627925 -0.3821428571428572
v 0.026236507214561514 -0.4449220869320466 -0.41056438479994384
v 0.0676470588235294 -0.4488295117547598 -0.3821428571428572
v 0.0676470588235294 -0.44373648447270253 -0.4097325811697374
v 0.020277952063627383 -0.4507511082753517 -0.3821428571428572
v 0.10239029168157537 -0.4366002901068987 -0.40472591782103057
v 0.1352941176470588 -0.4372856583544171 -0.3821428571428572
v 0.1352941176470588 -0.43372841182638094 -0.40271104448771494
v 0.09680403901184481 -0.44206510250120035 -0.3821428571428572
v 0.19269906998434355 -0.41443121670329575 -0.38917237743310595
v 0.2029411764705884 -0.4138974198689675 -0.3821428571428572
v 0.2029411764705884 -0.4129859152050906 -0.38815837225500005
v 0.2029411764705884 -0.40441176470588236 -0.40351852977579494
v 0.1906772463027058 -0.4164090876962023 -0.3821428571428572
v 0.22123037689868175 -0.40441176470588236 -0.3821428571428572
v -0.3036658043775025 -0.37059378561226275 -0.4048451638740002
v -0.2705882352941176 -0.38439911291456114 -0.3821428571428572
v -0.2705882352941176 -0.3779250291242107 -0.40998867122682725
v -0.3217461155294683 -0.3382352941176471 -0.41725432152798914
v -0.3379800042589962 -0.3382352941176471 -0.3821428571428572
v -0.3057695286856905 -0.3726517767833162 -0.3821428571428572
v -0.2029411764705883 -0.39888082143728115 -0.42469098900837826
v -0.2540621421630454 -0.38824493446896385 -0.41722898577028894
v -0.25884773552510437 -0.3929264931927173 -0.3821428571428572
v -0.19894645109428233 -0.40050388118558305 -0.42582970711750434
v 0.2029411764705884 -0.39888082143728115 -0.4246909890083782
v 0.21365917166247295 -0.3939267694094735 -0.4212152890142656
v 0.2705882352941176 -0.38439911291456114 -0.3821428571428572
v 0.2705882352941176 -0.3779250291242107 -0.40998867122682725
v 0.3377228951003887 -0.3382352941176471 -0.3824945347292363
v 0.3379800042589962 -0.3382352941176471 -0.3821428571428572
v -0.41063702111933276 -0.27671012935586903 -0.3854061542464986
v -0.40588235294117647 -0.2795503843266564 -0.3821428571428572
v -0.40588235294117647 -0.27839246029627174 -0.3865864562713526
v -0.40588235294117647 -0.2720588235294118 -0.3955443550168164
v -0.4122081451451135 -0.2720588235294118 -0.38648447228903754
v -0.4132413773436281 -0.2720588235294118 -0.3821428571428572
v -0.41096661436085247 -0.27703255752692096 -0.3821428571428572
v -0.3793137180962536 -0.3122442382910921 -0.41033643384867097
v -0.3382352941176471 -0.33806027236067676 -0.3821428571428572
v -0.3382352941176471 -0.3260526295567876 -0.42002422581603194
v -0.39611764261237553 -0.2720588235294118 -0.42186956216563665
v -0.38226977223093384 -0.3151360303793662 -0.3821428571428572
v -0.3316786909919441 -0.33182122584250284 -0.42407139971807345
v -0.33815007300276395 -0.3381519256356962 -0.3821428571428572
v 0.33823529411764697 -0.32605262955678765 -0.420024225816032
v 0.33823529411764697 -0.3380602723606768 -0.3821428571428572
v 0.39013623902365685 -0.28746263062263755 -0.3929499725955648
v 0.4058823529411766 -0.2795503843266563 -0.3821428571428572
v 0.4058823529411766 -0.2783924602962716 -0.38658645627135246
v 0.4058823529411766 -0.2720588235294118 -0.39554435501681623
v 0.3407581057084395 -0.3357673262570892 -0.3821428571428572
v 0.4132413773436281 -0.2720588235294118 -0.3821428571428572
v -0.40588235294117647 -0.26146577908250135 -0.42113948310232635
v -0.444545685864085 -0.24370517862663058 -0.4086788713539218
v -0.45543241656386924 -0.20588235294117652 -0.41615082006402215
v -0.4652497600713193 -0.20588235294117652 -0.3821428571428572
v -0.447293843553263 -0.2463935937573482 -0.3821428571428572
v -0.40111849803654753 -0.26739853068792696 -0.4253018262921646
v 0.4058823529411766 -0.2614657790825013 -0.4211394831023263
v 0.4600487982829394 -0.20588235294117652 -0.39139507943934904
v 0.4652497600713193 -0.20588235294117652 -0.3821428571428572
v 0.4300122441789907 -0.24845349514459358 -0.3821428571428572
v -0.4969692258455246 -0.16263613525809 -0.39823043140329495
v -0.47352941176470575 -0.19048549589460892 -0.3821428571428572
v -0.47352941176470575 -0.17659277825838615 -0.40802223490509
v -0.5010051161776892 -0.13970588235294112 -0.4010004058238178
v -0.5049393989973037 -0.13970588235294112 -0.3821428571428572
v -0.498611177218239 -0.16424239203574542 -0.3821428571428572
v -0.46309280772002476 -0.19567263159311896 -0.42140841772088666
v -0.469123979109416 -0.20157269056100174 -0.3821428571428572
v 0.47352941176470575 -0.17659277825838615 -0.40802223490509
v 0.47352941176470575 -0.19048549589460892 -0.3821428571428572
v 0.48584731247899615 -0.13970588235294112 -0.4201172172116206
v 0.5049393989973037 -0.13970588235294112 -0.3821428571428572
v -0.5144377854799447 -0.11354847300787428 -0.4102197223325087
v -0.5203550820609096 -0.07352941176470584 -0.41428097247037593
v -0.5278214741027895 -0.07352941176470584 -0.3821428571428572
v -0.518158622010426 -0.11718842178769291 -0.3821428571428572
v 0.4950573264789915 -0.11864596578461815 -0.41379605853460516
v 0.5206974646921272 -0.07352941176470584 -0.39619832392248405
v 0.5278214741027893 -0.07352941176470584 -0.3821428571428572
v 0.5171660940936729 -0.0970178235528646 -0.3821428571428572
v -0.5248813682591128 -0.05758855079056438 -0.4173875229356024
v -0.5299131627237772 -0.007352941176470562 -0.4208410216209776
v -0.5393738895655421 -0.007352941176470562 -0.3821428571428572
v -0.5310748163588939 -0.06364735871426322 -0.3821428571428572
v 0.5368865425319314 -0.011549609927202484 -0.38508718664733893
v 0.5384018426115463 -0.007352941176470562 -0.3840471825554293
v 0.5393738895655422 -0.007352941176470562 -0.3821428571428572
v 0.538677269706027 -0.009797811604717682 -0.3821428571428572
v -0.5442383714822422 0.055828191580671024 -0.38424434812911656
v -0.5411764705882353 0.02451282748950033 -0.3821428571428572
v -0.5411764705882353 0.050314170367313456 -0.38811291539309123
v -0.5411764705882353 0.05882352941176472 -0.3895828550108496
v -0.5442711776282986 0.05882352941176472 -0.3842668641486149
v -0.5445871171241112 0.05882352941176472 -0.3821428571428572
v -0.5445397714573086 0.055533343778975605 -0.3821428571428572
v -0.5308946722949048 0.0027053397626570254 -0.4215146663887391
v -0.5329420652094329 0.05882352941176472 -0.4229198646313189
v -0.5395546838128382 -0.005766410635321317 -0.3821428571428572
v 0.5411764705882351 0.05031417036731311 -0.38811291539309145
v 0.5411764705882351 0.024512827489498533 -0.3821428571428572
v 0.5411764705882351 0.05882352941176472 -0.3895828550108499
v 0.5445871171241112 0.05882352941176472 -0.3821428571428572
v -0.5411764705882353 0.09446174380877537 -0.3821428571428572
v -0.5323561865822146 0.06745206811330669 -0.4225177553871722
v -0.5302031304385584 0.125 -0.42104003672956963
v -0.5395576416914404 0.125 -0.3821428571428572
v 0.5389316834429801 0.12280401257529402 -0.3836835340344763
v 0.5411764705882351 0.09446174380877706 -0.3821428571428572
v 0.5387145267108767 0.125 -0.3838325763878765
v 0.5395576416914404 0.125 -0.3821428571428572
v 0.5396773607983196 0.12353347955334357 -0.3821428571428572
v 0.5444068075773223 0.06198364168369783 -0.3821428571428572
v -0.5271450451579907 0.13872639444263055 -0.4189411645339005
v -0.5208626646602782 0.19117647058823528 -0.41462934437863824
v -0.5281787925665012 0.19117647058823528 -0.3821428571428572
v -0.5390066933267037 0.12712260819062865 -0.3821428571428572
v 0.5267498613811974 0.17706348332048089 -0.3920443497973769
v 0.5217464922742979 0.19117647058823528 -0.39547833915335445
v 0.5281787925665012 0.19117647058823528 -0.3821428571428572
v 0.5310541128976519 0.18127416415179515 -0.3821428571428572
v -0.5091501152014667 0.22250660085790008 -0.4065906070171558
v -0.5018263795372562 0.25735294117647056 -0.4015640679432722
v -0.505739959054062 0.25735294117647056 -0.3821428571428572
v -0.5186796669501176 0.21318421327769815 -0.3821428571428572
v 0.5093264099060462 0.22619527311780738 -0.40400268139988754
v 0.48932173803580165 0.25735294117647056 -0.4177325959443721
v 0.5057399590540619 0.25735294117647056 -0.3821428571428572
v 0.5178841485842066 0.2345669739986166 -0.3821428571428572
v -0.47352941176470575 0.29629855597028126 -0.4012476797795805
v -0.47352941176470575 0.3109688991524536 -0.3821428571428572
v -0.45741129540122477 0.32352941176470584 -0.4175089946697848
v -0.4670048171563819 0.32352941176470584 -0.3821428571428572
v 0.46855755971305846 0.3186656434533118 -0.38555521522799396
v 0.47352941176470575 0.3109688991524536 -0.3821428571428572
v 0.47352941176470575 0.29629855597028126 -0.4012476797795805
v 0.46346315768426494 0.32352941176470584 -0.38905168370117216
v 0.4670048171563819 0.32352941176470584 -0.3821428571428572
v 0.4699132849465398 0.3199918963991087 -0.3821428571428572
v 0.48459234860061207 0.26817537938550934 -0.4209785433517538
v 0.4984573945020483 0.28173901124560996 -0.3821428571428572
v -0.4257980958408412 0.37022309038587775 -0.39581173658641594
v -0.40588235294117647 0.3897058823529411 -0.4069483329806213
v -0.4160537401920464 0.3897058823529411 -0.3891238403181437
v -0.41765614623170044 0.3897058823529411 -0.3821428571428572
v -0.4430941453883041 0.3533030419155336 -0.3821428571428572
v -0.3998832743967068 0.3897058823529411 -0.4244540485766218
v 0.4058823529411766 0.3897058823529411 -0.40694833298062094
v 0.439465182234327 0.35638217955148355 -0.405522343870229
v 0.4176561462317004 0.3897058823529411 -0.3821428571428572
v 0.4476562758635179 0.364395205927866 -0.3821428571428572
v -0.40588235294117647 0.4018720769136322 -0.3821428571428572
v -0.36549620957345813 0.42921406608223084 -0.4008529885581809
v -0.3382352941176471 0.4558823529411764 -0.39741605606480257
v -0.34484907365145695 0.4558823529411764 -0.386682128189354
v -0.3461521173381863 0.4558823529411764 -0.3821428571428572
v -0.32805702982488966 0.4558823529411764 -0.4215857254388218
v 0.33823529411764697 0.4558823529411764 -0.39741605606480296
v 0.4058823529411766 0.401872076913632 -0.3821428571428572
v 0.37660346861847654 0.4272399661037526 -0.40223799203514504
v 0.3461521173381864 0.4558823529411764 -0.3821428571428572
v 0.3834665025343802 0.43395380363018 -0.3821428571428572
v 0.41387645541191126 0.3975261999873555 -0.3821428571428572
v -0.3382352941176471 0.46231706729677186 -0.3821428571428572
v -0.2705882352941176 0.5071811519696379 -0.3821428571428572
v -0.2705882352941176 0.5003955211522066 -0.39734155500115026
v -0.32264959097522444 0.47112923645006805 -0.3821428571428572
v -0.2029411764705883 0.5220588235294117 -0.4277298827514138
v -0.22761607136639186 0.5220588235294117 -0.39907811109308267
v -0.23643267556192074 0.5220588235294117 -0.3821428571428572
v -0.20250046661026963 0.5220588235294117 -0.42826895379152047
v 0.2029411764705884 0.5220588235294117 -0.42772988275141366
v 0.25889827684098604 0.51062299460787 -0.39016608949733567
v 0.2705882352941176 0.5071811519696379 -0.3821428571428572
v 0.2705882352941176 0.5003955211522066 -0.39734155500115026
v 0.23643267556192074 0.5220588235294117 -0.3821428571428572
v 0.26178234153275903 0.5134443622411261 -0.3821428571428572
v 0.33823529411764697 0.462317067296772 -0.3821428571428572
v 0.2993413992487744 0.4840104481142103 -0.408837114180189
v 0.3080430628010572 0.49252294506753036 -0.3821428571428572
v 0.34297218182363876 0.4605162648274727 -0.3821428571428572
v -0.2029411764705883 0.5391473606105569 -0.3821428571428572
v -0.1352941176470588 0.56124755660832 -0.3821428571428572
v -0.1352941176470588 0.5512536596068243 -0.40808870230759314
v -0.17992139863428613 0.5445781714127508 -0.3821428571428572
v -0.09816047199850189 0.5583852160116956 -0.4030852928933818
v -0.0676470588235294 0.5726099900792097 -0.3821428571428572
v -0.0676470588235294 0.5666537738078734 -0.3972841777411427
v -0.08853563383801047 0.5678008185600024 -0.3821428571428572
v -0.018924866369956855 0.5697218378861675 -0.3951316629433555
v 0 0.5761451828695513 -0.3821428571428572
v 0 0.5714878335067628 -0.39389266284128704
v -0.01344653597168638 0.575081074145345 -0.3821428571428572
v 0.047567058953500226 0.5685918159839227 -0.3959244719604859
v 0.0676470588235294 0.5726099900792097 -0.3821428571428572
v 0.0676470588235294 0.5666537738078734 -0.3972841777411427
v 0.052911065722754044 0.5738196486929754 -0.3821428571428572
v 0.10639053050237053 0.5599600458239302 -0.4019804122949569
v 0.1352941176470588 0.56124755660832 -0.3821428571428572
v 0.1352941176470588 0.5512536596068243 -0.40808870230759314
v 0.11346317713518603 0.5668789392690758 -0.3821428571428572
v 0.2029411764705884 0.5391473606105569 -0.3821428571428572
v 0.15880765453119358 0.5450611965682391 -0.41243325574101314
v 0.16877592147225776 0.5548127620540627 -0.3821428571428572
v 0.21701046142303987 0.5358222544611577 -0.3821428571428572
v -0.2210698314373351 -0.42214631847769996 -0.34815662343991016
v -0.2029411764705883 -0.4295240499380726 -0.33571428571428574
v -0.2029411764705883 -0.4248966460060668 -0.3500862183090183
v -0.23664324896577466 -0.40441176470588236 -0.3588452112466963
v -0.2550058683411459 -0.40441176470588236 -0.33571428571428574
v -0.22352442816048548 -0.42454755440252095 -0.33571428571428574
v -0.16863728440945663 -0.43703008001692367 -0.358598881535683
v -0.1352941176470588 -0.44950270826665206 -0.33571428571428574
v -0.1352941176470588 -0.44164414890728926 -0.36183605367781246
v -0.17385610543450652 -0.4421354484109942 -0.33571428571428574
v -0.11117167637847802 -0.44699019492267994 -0.36558677167591197
v -0.0676470588235294 -0.46009222054825427 -0.33571428571428574
v -0.0676470588235294 -0.45119836728419227 -0.3685391719676397
v -0.11838049283750757 -0.4540422979804262 -0.33571428571428574
v -0.04921121521151942 -0.4525531708910644 -0.36948968497436585
v 0 -0.4633288182034708 -0.33571428571428574
v 0 -0.45426675426296514 -0.37069191330830253
v -0.05779828458797932 -0.4609535648462969 -0.33571428571428574
v 0.017985596791249364 -0.45299362973746066 -0.36979870530786924
v 0.0676470588235294 -0.46009222054825427 -0.33571428571428574
v 0.0676470588235294 -0.45119836728419227 -0.3685391719676397
v 0.008114630435580179 -0.4626500098680066 -0.33571428571428574
v 0.09251492896882897 -0.44626097102154194 -0.36507515744685964
v 0.1352941176470588 -0.44950270826665206 -0.33571428571428574
v 0.1352941176470588 -0.44164414890728926 -0.36183605367781246
v 0.08179313810924968 -0.4567496794711304 -0.33571428571428574
v 0.17775057654326945 -0.4290547428956508 -0.35300348628552014
v 0.2029411764705884 -0.4295240499380725 -0.33571428571428574
v 0.2029411764705884 -0.42489664600606675 -0.35008621830901826
v 0.16934978485394847 -0.4372729086786822 -0.33571428571428574
v 0.24048276834308907 -0.40441176470588236 -0.356376733528501
v 0.2550058683411459 -0.40441176470588236 -0.33571428571428574
v -0.3510546583574501 -0.35077597652615 -0.34451266924533064
v -0.3382352941176471 -0.3585618146824062 -0.33571428571428574
v -0.3382352941176471 -0.3541509722764048 -0.3468805234066205
v -0.3382352941176471 -0.3382352941176471 -0.381548689994426
v -0.3569152340507626 -0.3382352941176471 -0.3485349898298712
v -0.36409892731317867 -0.3382352941176471 -0.33571428571428574
v -0.35271497488504794 -0.3524001992161914 -0.33571428571428574
v -0.30900525590166017 -0.37581716210328653 -0.3620812470629407
v -0.2705882352941176 -0.3980579895589345 -0.33571428571428574
v -0.2705882352941176 -0.38698647790486485 -0.3699174971967465
v -0.3380246675502628 -0.3382352941176471 -0.3819982966726959
v -0.31441607900215784 -0.38111035861464293 -0.33571428571428574
v -0.25981803041824597 -0.3938756947186166 -0.37475088423115643
v -0.26698465340332794 -0.400886521551849 -0.33571428571428574
v 0.2705882352941176 -0.38698647790486485 -0.3699174971967465
v 0.2705882352941176 -0.3980579895589345 -0.33571428571428574
v 0.3109969093488269 -0.36488154008714496 -0.3544089535214573
v 0.33823529411764697 -0.35856181468240633 -0.33571428571428574
v 0.33823529411764697 -0.3541509722764049 -0.34688052340662057
v 0.33823529411764697 -0.3382352941176471 -0.3815486899944262
v 0.29128500660725565 -0.38416492320389944 -0.33571428571428574
v 0.36409892731317867 -0.3382352941176471 -0.33571428571428574
v -0.42264442490217136 -0.2884565026216894 -0.3472186891409313
v -0.40588235294117647 -0.30226254219550275 -0.33571428571428574
v -0.40588235294117647 -0.2946251103705594 -0.3515465060060115
v -0.42827399722700615 -0.2720588235294118 -0.3510824639353055
v -0.4354954679168145 -0.2720588235294118 -0.33571428571428574
v -0.42489049718144867 -0.2906537472427216 -0.33571428571428574
v -0.3382352941176471 -0.3380830942775871 -0.3820360756677675
v -0.3843746461972021 -0.317195146215933 -0.36738135655149584
v -0.3907856067748092 -0.3234667380853313 -0.33571428571428574
v -0.3381578530080894 -0.33815953651047115 -0.3820897065676639
v 0.33823529411764697 -0.33808309427758715 -0.38203607566776754
v 0.3388756684412892 -0.3376088409749536 -0.381703345572904
v 0.4058823529411766 -0.30226254219550264 -0.33571428571428574
v 0.4058823529411766 -0.29462511037055933 -0.35154650600601145
v 0.41678242179718367 -0.2720588235294118 -0.37466175398392065
v 0.4354954679168145 -0.2720588235294118 -0.33571428571428574
v -0.48056878526191454 -0.2127686965797503 -0.3405456569654756
v -0.47352941176470575 -0.22075270987402423 -0.33571428571428574
v -0.47352941176470575 -0.2161752804531052 -0.34293567295281346
v -0.47352941176470575 -0.20588235294117652 -0.35686435894849095
v -0.4823267302568372 -0.20588235294117652 -0.34175219685329516
v -0.4847363399072815 -0.20588235294117652 -0.33571428571428574
v -0.48157206181435785 -0.21375016277235792 -0.33571428571428574
v -0.4498813645146036 -0.24892486426300744 -0.36591236508610997
v -0.4663724157687442 -0.20588235294117652 -0.3772307574064985
v -0.4563068826480042 -0.255210697219595 -0.33571428571428574
v 0.47352941176470575 -0.22075270987402423 -0.33571428571428574
v 0.47352941176470575 -0.2161752804531052 -0.34293567295281346
v 0.47352941176470575 -0.20588235294117652 -0.35686435894849095
v 0.4847363399072815 -0.20588235294117652 -0.33571428571428574
v -0.47352941176470575 -0.19452832815059717 -0.3741770175278793
v -0.5048595667127935 -0.17035494697607048 -0.35721728025940186
v -0.5113630354430007 -0.13970588235294112 -0.36168084109597254
v -0.5214288450923752 -0.13970588235294112 -0.33571428571428574
v -0.5096526000158303 -0.17504378390295428 -0.33571428571428574
v -0.46954689384090953 -0.20198641149398452 -0.3794095140957796
v 0.47352941176470575 -0.19452832815059717 -0.3741770175278793
v 0.5157144008652176 -0.13970588235294112 -0.3531898056173506
v 0.5214288450923752 -0.13970588235294112 -0.33571428571428574
v 0.4935480233828191 -0.18629892853215255 -0.33571428571428574
v -0.5422517481925759 -0.07458131376895216 -0.3364522868029792
v -0.5411764705882353 -0.07714044791553328 -0.33571428571428574
v -0.5411764705882353 -0.07546909846759695 -0.3370751452740919
v -0.5411764705882353 -0.07352941176470584 -0.3384787469340832
v -0.5423861881656664 -0.07352941176470584 -0.33654455771618724
v -0.5426798476629607 -0.07352941176470584 -0.33571428571428574
v -0.5424360429738776 -0.07476160214196462 -0.33571428571428574
v -0.520761877235569 -0.1197350845079416 -0.36813159897223846
v -0.5296149949214101 -0.07352941176470584 -0.37420780707339024
v -0.5287007869197581 -0.1275014091989961 -0.33571428571428574
v 0.5411764705882351 -0.07546909846759702 -0.33707514527409194
v 0.5411764705882351 -0.0771404479155334 -0.33571428571428574
v 0.5411764705882351 -0.07352941176470584 -0.3384787469340833
v 0.5426798476629607 -0.07352941176470584 -0.33571428571428574
v -0.5411764705882353 -0.038664348846050675 -0.3576819717300864
v -0.5550621822203394 -0.020936789512224607 -0.3452445412133386
v -0.5411764705882353 -0.007352941176470562 -0.3752733246977163
v -0.5559668067131098 -0.007352941176470562 -0.3458654170298053
v -0.5594710343420554 -0.007352941176470562 -0.33571428571428574
v -0.5576690757102927 -0.0234870114045702 -0.33571428571428574
v -0.5322576727347538 -0.06480450082108265 -0.3760215704173311
v -0.5396113931816559 -0.007352941176470562 -0.38106868910914893
v 0.5411764705882351 -0.03866434884605079 -0.3576819717300865
v 0.5411764705882351 -0.007352941176470562 -0.3752733246977167
v 0.5594710343420554 -0.007352941176470562 -0.33571428571428574
v 0.5428992593189006 -0.07184407496296795 -0.33571428571428574
v -0.5411764705882353 0.00015709311980673189 -0.3768739124461039
v -0.5597891137137258 0.0406155089629153 -0.3484888016482404
v -0.5599883068925409 0.05882352941176472 -0.3486255149790421
v -0.5645270278842395 0.05882352941176472 -0.33571428571428574
v -0.5638111431023509 0.03668091499578205 -0.33571428571428574
v -0.5397732142362733 -0.005980190397377334 -0.3811797526280013
v 0.5411764705882351 0.00015709311980625397 -0.37687391244610424
v 0.545758657071825 0.05882352941176472 -0.37899794033269146
v 0.5645270278842395 0.05882352941176472 -0.33571428571428574
v 0.5601073820451137 0.01116642872699752 -0.33571428571428574
v -0.5566685369061839 0.1098447177324415 -0.34634703930517596
v -0.5411764705882353 0.125 -0.375976016635631
v -0.5559968826358994 0.125 -0.3458860592004155
v -0.5595836961134377 0.125 -0.33571428571428574
v -0.5607269513389088 0.10587452970042804 -0.33571428571428574
v -0.5398036589847721 0.125 -0.38120064793675357
v 0.5411764705882351 0.125 -0.3759760166356314
v 0.5454135933877122 0.0629685408460358 -0.3792347697556384
v 0.5595836961134377 0.125 -0.33571428571428574
v 0.5632636029477204 0.08043050671995669 -0.33571428571428574
v -0.543095323187925 0.18929933217549538 -0.3370312621879858
v -0.5411764705882353 0.16440531457366428 -0.3544965888229213
v -0.5411764705882353 0.19117647058823528 -0.3397290796905107
v -0.5429020861934682 0.19117647058823528 -0.3368986367973804
v -0.5433108438702771 0.19117647058823528 -0.33571428571428574
v -0.5437094365542612 0.18869856909973168 -0.33571428571428574
v -0.5394253154865151 0.12671308651255234 -0.38094097739912997
v -0.5303407618870318 0.19117647058823528 -0.37470592663675173
v 0.5411764705882351 0.16440531457366264 -0.3544965888229224
v 0.5411764705882351 0.19117647058823528 -0.3397290796905108
v 0.5433108438702771 0.19117647058823528 -0.33571428571428574
v 0.5573058784759073 0.14077876858576613 -0.33571428571428574
v -0.5411764705882353 0.1963359927128953 -0.33571428571428574
v -0.5243989566298205 0.20758925598233663 -0.37062785532667814
v -0.5126720544362536 0.25735294117647056 -0.3625792671751928
v -0.522935512297715 0.25735294117647056 -0.33571428571428574
v 0.5411764705882351 0.1963359927128955 -0.33571428571428574
v 0.526952862403428 0.24343854186524622 -0.34547645158025586
v 0.5169548880583165 0.25735294117647056 -0.35233841533885724
v 0.5229355122977148 0.25735294117647056 -0.33571428571428574
v 0.5292743360183606 0.2457095486624629 -0.33571428571428574
v 0.542937092284373 0.19289881789967453 -0.33571428571428574
v -0.4886565576945063 0.3087311168333793 -0.3460965815232482
v -0.47352941176470575 0.32352941176470584 -0.36240793580846253
v -0.48408581911384213 0.32352941176470584 -0.34295952181415884
v -0.48724407793411534 0.32352941176470584 -0.33571428571428574
v -0.49803707808058933 0.2995545208035154 -0.33571428571428574
v -0.46837603765441 0.32352941176470584 -0.3786059140423126
v 0.47352941176470575 0.32352941176470584 -0.36240793580846253
v 0.5036470747228667 0.2868158723311933 -0.3614720387771628
v 0.4872440779341153 0.32352941176470584 -0.33571428571428574
v 0.5105999391707917 0.2936175875519894 -0.33571428571428574
v -0.47352941176470575 0.34217771860972257 -0.33571428571428574
v -0.458869568935071 0.3378705623589138 -0.3720812879958097
v -0.43184777629897114 0.3897058823529411 -0.35353527503749266
v -0.4405062616332708 0.3897058823529411 -0.33571428571428574
v 0.47352941176470575 0.34217771860972257 -0.33571428571428574
v 0.45533229267327935 0.3719043528069805 -0.3482036127925629
v 0.42359306604874364 0.3897058823529411 -0.36998736771188717
v 0.4405062616332708 0.3897058823529411 -0.33571428571428574
v 0.4585556683477922 0.3750576550972648 -0.33571428571428574
v 0.48330534262325836 0.33309282238720295 -0.33571428571428574
v -0.40588235294117647 0.4260098316996746 -0.33571428571428574
v -0.40588235294117647 0.408985153076603 -0.36861676561927215
v -0.3635461273625178 0.4558823529411764 -0.3530860066680635
v -0.3735321741899593 0.4558823529411764 -0.33571428571428574
v 0.39143571552945416 0.44174977286449146 -0.3456295244347536
v 0.4058823529411766 0.42600983169967443 -0.33571428571428574
v 0.4058823529411766 0.40898515307660277 -0.36861676561927237
v 0.35141139866104004 0.4558823529411764 -0.3730996301115222
v 0.3735321741899594 0.4558823529411764 -0.33571428571428574
v 0.39421509448861464 0.44446873054193103 -0.33571428571428574
v 0.41539644555541794 0.39901314686687295 -0.3756129985473685
v 0.42793958931022014 0.4112836135835273 -0.33571428571428574
v -0.3382352941176471 0.48453516928907847 -0.33571428571428574
v -0.3382352941176471 0.4654632668975399 -0.37542100957347196
v -0.2705882352941176 0.5220588235294117 -0.3384235329697195
v -0.2720635615397709 0.5220588235294117 -0.33672685434872485
v -0.27287846912421887 0.5220588235294117 -0.33571428571428574
v -0.24931811709050927 0.5220588235294117 -0.36754442197826886
v 0.2705882352941176 0.5220588235294117 -0.3384235329697195
v 0.3153023878421239 0.4996244586946609 -0.3514539512015236
v 0.33823529411764697 0.4845351692890786 -0.33571428571428574
v 0.33823529411764697 0.46546326689754014 -0.3754210095734718
v 0.27287846912421887 0.5220588235294117 -0.33571428571428574
v 0.3201081684785688 0.5043257658390091 -0.33571428571428574
v 0.34392098967054624 0.46144444641683874 -0.3782405629900909
v 0.3580382054718621 0.47525476622247376 -0.33571428571428574
v -0.2705882352941176 0.5234745174521599 -0.33571428571428574
v -0.2029411764705883 0.558559100181483 -0.33571428571428574
v -0.2029411764705883 0.5456268989897669 -0.36560779467702065
v -0.26830338533710074 0.524294002835189 -0.33571428571428574
v -0.16599059714847011 0.5582061293880055 -0.35678236636587546
v -0.1352941176470588 0.5774964769532726 -0.33571428571428574
v -0.1352941176470588 0.5731562905220372 -0.34629352315755485
v -0.15369321646102002 0.5702361757126849 -0.33571428571428574
v -0.07071205650018893 0.5852369268252626 -0.33781790213211726
v -0.0676470588235294 0.5867350512755637 -0.33571428571428574
v -0.0676470588235294 0.5861313274966926 -0.33719040197851086
v -0.06969078399126342 0.5862359977579071 -0.33571428571428574
v 0 0.588235294117647 -0.3409464915725868
v -0.00625788209120183 0.588235294117647 -0.3400092917458249
v -0.03312525354249916 0.588235294117647 -0.33571428571428574
v 0.06570309324346589 0.5863335886588892 -0.33704849811550947
v 0.0676470588235294 0.5867350512755637 -0.33571428571428574
v 0.0676470588235294 0.5861313274966926 -0.33719040197851086
v 0.03312525354249916 0.588235294117647 -0.33571428571428574
v 0.0662403632968268 0.5868591789284814 -0.33571428571428574
v 0.12382372826081732 0.5770142610224107 -0.34358682004459434
v 0.1352941176470588 0.5774964769532726 -0.33571428571428574
v 0.1352941176470588 0.5731562905220372 -0.34629352315755485
v 0.12676693745601705 0.5798934874090191 -0.33571428571428574
v 0.1764868165328049 0.5623560289611197 -0.35387084952251596
v 0.2029411764705884 0.558559100181483 -0.33571428571428574
v 0.2029411764705884 0.5456268989897669 -0.36560779467702065
v 0.1828807448963699 0.5686109588819985 -0.33571428571428574
v 0.2705882352941176 0.5234745174521599 -0.33571428571428574
v 0.2203267973998678 0.5390664961776198 -0.3702104899833206
v 0.23235132055143637 0.5508296166519805 -0.33571428571428574
v 0.2716827098659625 0.5231295051757817 -0.33571428571428574
v 0 0.5908084234891076 -0.33571428571428574
v 0.002537930553206512 0.5907180522675229 -0.33571428571428574
v -0.27368762031775906 -0.47362024238246253 -0.29141293195721973
v -0.2705882352941176 -0.47622828132061884 -0.28928571428571426
v -0.2705882352941176 -0.47388639901700635 -0.2915996640722489
v -0.2705882352941176 -0.47058823529411764 -0.29270372667007927
v -0.2745655768866646 -0.47058823529411764 -0.29201550463339404
v -0.28079165536367634 -0.47058823529411764 -0.28928571428571426
v -0.2751956645131034 -0.4750955030083429 -0.28928571428571426
v -0.22234785855332237 -0.4895730329837488 -0.30260520726796347
v -0.2029411764705883 -0.5045769463559088 -0.28928571428571426
v -0.2029411764705883 -0.49102400350433567 -0.3036231897601847
v -0.2029411764705883 -0.47058823529411764 -0.3106481629152438
v -0.2285581582540584 -0.47058823529411764 -0.306867555820332
v -0.23113362772891186 -0.4981678071772603 -0.28928571428571426
v -0.16485279756206217 -0.4995043352109687 -0.3095728827988066
v -0.1352941176470588 -0.5212344487085185 -0.28928571428571426
v -0.1352941176470588 -0.5011470279451484 -0.3107253751615169
v -0.1352941176470588 -0.47058823529411764 -0.32200933459666503
v -0.17566813060573527 -0.47058823529411764 -0.31699582876977483
v -0.17907310400376567 -0.5134155045561134 -0.28928571428571426
v -0.10309411455957716 -0.5052647028619904 -0.31361428359523774
v -0.0676470588235294 -0.5302067135765606 -0.28928571428571426
v -0.0676470588235294 -0.5064709376503744 -0.3144605626055008
v -0.0676470588235294 -0.47058823529411764 -0.32848043880248307
v -0.11864719920776344 -0.47058823529411764 -0.3242889162264464
v -0.12224565182819783 -0.5239999023639019 -0.28928571428571426
v -0.0379272716262571 -0.5076910010154561 -0.315316543569574
v 0 -0.5330550487129309 -0.28928571428571426
v 0 -0.5081303449440132 -0.31562478169087915
v 0 -0.47058823529411764 -0.3305971029746241
v -0.057753628297213894 -0.47058823529411764 -0.32892407407976487
v -0.061380274085855564 -0.5306341555954981 -0.28928571428571426
v 0.030514172289215304 -0.5069138851646423 -0.3147713289567808
v 0.0676470588235294 -0.5302067135765606 -0.28928571428571426
v 0.0676470588235294 -0.5064709376503744 -0.3144605626055008
v 0.0676470588235294 -0.47058823529411764 -0.32848043880248307
v 0.00796489014687692 -0.47058823529411764 -0.3302476996196901
v 0.004067926371126106 -0.5327852126932078 -0.28928571428571426
v 0.10282196319826442 -0.5023544733418512 -0.31157250351920357
v 0.1352941176470588 -0.5212344487085185 -0.28928571428571426
v 0.1352941176470588 -0.5011470279451484 -0.3107253751615169
v 0.1352941176470588 -0.47058823529411764 -0.32200933459666503
v 0.08059921847789431 -0.47058823529411764 -0.3268247599887744
v 0.07601376403122224 -0.5285798855704795 -0.28928571428571426
v 0.18057536830026732 -0.49246783024334473 -0.3046361602659657
v 0.2029411764705884 -0.5045769463559088 -0.28928571428571426
v 0.2029411764705884 -0.4910240035043356 -0.30362318976018465
v 0.2029411764705884 -0.47058823529411764 -0.3106481629152438
v 0.16378176971888161 -0.47058823529411764 -0.3161622015283453
v 0.15880365262571156 -0.5137662477510623 -0.28928571428571426
v 0.26686450440899995 -0.4742310155078197 -0.2918414426261211
v 0.2705882352941176 -0.47622828132061884 -0.28928571428571426
v 0.2705882352941176 -0.47388639901700635 -0.2915996640722489
v 0.2705882352941176 -0.47058823529411764 -0.29270372667007927
v 0.2638230086146649 -0.47058823529411764 -0.2939289288700591
v 0.26240164518057146 -0.4785968560573693 -0.28928571428571426
v 0.28079165536367634 -0.47058823529411764 -0.28928571428571426
v -0.3581832399230526 -0.42392605951551826 -0.3029766957235858
v -0.3382352941176471 -0.4432759339308886 -0.28928571428571426
v -0.3382352941176471 -0.42648336383690555 -0.30477086796176545
v -0.3382352941176471 -0.40441176470588236 -0.31191100315947795
v -0.3631734836412602 -0.40441176470588236 -0.30640167666061646
v -0.39308704090967156 -0.40441176470588236 -0.28928571428571426
v -0.36661055427573436 -0.4321701713822721 -0.28928571428571426
v -0.2705882352941176 -0.444032093468103 -0.31708283383000246
v -0.30710134155962093 -0.4401311077917008 -0.3143459518157647
v -0.2705882352941176 -0.40441176470588236 -0.3319695006505841
v -0.31727593785507174 -0.40441176470588236 -0.3213291374719592
v -0.3226294006541428 -0.45532160038416786 -0.28928571428571426
v -0.2029411764705883 -0.45492505879464423 -0.32472519997973454
v -0.2501286452397562 -0.4505734189365902 -0.32167214471424266
v -0.2669552569313739 -0.40441176470588236 -0.33322084404296165
v -0.1352941176470588 -0.4620063466323169 -0.3296933416055303
v -0.18983346772109283 -0.45776547673482865 -0.32671800113776867
v -0.0676470588235294 -0.46606542841625304 -0.3325411418412442
v -0.12752555262621862 -0.4629885521215566 -0.33038244450433024
v 0 -0.467392583937659 -0.33347225730229413
v -0.06321144901503557 -0.46624905178580844 -0.332669969665599
v 0.0034075695699799014 -0.46725474332348516 -0.3333755500777467
v 0.0676470588235294 -0.46606542841625304 -0.3325411418412442
v 0.07290358862549859 -0.46544597787914777 -0.33210654321044975
v 0.1352941176470588 -0.4620063466323169 -0.3296933416055303
v 0.2029411764705884 -0.45492505879464423 -0.32472519997973454
v 0.14620202433098214 -0.45991745701636655 -0.32822780317656197
v 0.2705882352941176 -0.444032093468103 -0.31708283383000246
v 0.22486061448495862 -0.44914530680179887 -0.32067019937523034
v 0.2705882352941176 -0.40441176470588236 -0.3319695006505841
v 0.31192142411255236 -0.4301535940586923 -0.307345854879273
v 0.33823529411764697 -0.44327593393088865 -0.28928571428571426
v 0.33823529411764697 -0.42648336383690555 -0.3047708679617655
v 0.33823529411764697 -0.40441176470588236 -0.311911003159478
v 0.2821247741748531 -0.40441176470588236 -0.3277963506439672
v 0.3930870409096716 -0.40441176470588236 -0.28928571428571426
v -0.43223819157098037 -0.3640181797337596 -0.3073746594322567
v -0.40588235294117647 -0.3951883794351141 -0.28928571428571426
v -0.40588235294117647 -0.3684672708513388 -0.31049608526395517
v -0.40588235294117647 -0.3382352941176471 -0.31976843222793494
v -0.4377328542412772 -0.3382352941176471 -0.311145840954417
v -0.46873990872884064 -0.3382352941176471 -0.28928571428571426
v -0.4429406689910629 -0.37448799460123167 -0.28928571428571426
v -0.3382352941176471 -0.38828183673052186 -0.324397733071255
v -0.3826042357324605 -0.38163969352344285 -0.319737689741844
v -0.3931957021976283 -0.3382352941176471 -0.3270069881542728
v -0.4013705706574237 -0.39999806464568943 -0.28928571428571426
v -0.2705882352941176 -0.4018778034506428 -0.33393649067489545
v -0.3267859018197064 -0.3932112722405056 -0.3278561624290532
v -0.26865036258611036 -0.40251601966544054 -0.33438425506686464
v 0.2705882352941176 -0.4018778034506428 -0.33393649067489545
v 0.2745966078110494 -0.40049053072192736 -0.3329631977445903
v 0.33823529411764697 -0.3882818367305219 -0.3243977330712551
v 0.3667888416684049 -0.3764789464497062 -0.3161169751282066
v 0.4058823529411766 -0.39518837943511403 -0.28928571428571426
v 0.4058823529411766 -0.3684672708513388 -0.3104960852639551
v 0.4058823529411766 -0.3382352941176471 -0.3197684322279349
v 0.46873990872884064 -0.3382352941176471 -0.28928571428571426
v -0.4983672596808627 -0.2963567182300001 -0.3063328086629524
v -0.47352941176470575 -0.33312660846270714 -0.28928571428571426
v -0.47352941176470575 -0.30168222055483185 -0.31006911346862803
v -0.47352941176470575 -0.2720588235294118 -0.3179569308266097
v -0.5025582104552211 -0.2720588235294118 -0.3092092065546704
v -0.5263047502476875 -0.2720588235294118 -0.28928571428571426
v -0.5086960668523766 -0.30646098611517664 -0.28928571428571426
v -0.40588235294117647 -0.32642242062703536 -0.3274265236780153
v -0.45199955204455994 -0.31717347482620006 -0.32093758075108003
v -0.4606871872385679 -0.2720588235294118 -0.3269002123593899
v -0.4714540089508001 -0.3362050087562176 -0.28928571428571426
v -0.3982365300420528 -0.3307556847598087 -0.3304666867679928
v 0.4058823529411766 -0.3264224206270353 -0.3274265236780152
v 0.43056049778643407 -0.314093630682069 -0.3187768012086897
v 0.47352941176470575 -0.33312660846270714 -0.28928571428571426
v 0.47352941176470575 -0.30168222055483185 -0.31006911346862803
v 0.47352941176470575 -0.2720588235294118 -0.3179569308266097
v 0.5263047502476875 -0.2720588235294118 -0.28928571428571426
v -0.5557875840768536 -0.2201758335278684 -0.2993138387608219
v -0.5411764705882353 -0.24834006721442642 -0.28928571428571426
v -0.5411764705882353 -0.22407591720443637 -0.3020500879434299
v -0.5411764705882353 -0.20588235294117652 -0.30591355711399304
v -0.5576698966522906 -0.20588235294117652 -0.3006057365222243
v -0.5698703868610856 -0.20588235294117652 -0.28928571428571426
v -0.562694810369407 -0.22693290272710548 -0.28928571428571426
v -0.47352941176470575 -0.2575772820998563 -0.32555422013989915
v -0.515763279995386 -0.24719809360162442 -0.3182723132887587
v -0.5215433968657057 -0.20588235294117652 -0.3222394121345373
v -0.5335290729347473 -0.26457767365099966 -0.28928571428571426
v -0.4650264812057459 -0.263740739286951 -0.32987842343624185
v 0.47352941176470575 -0.2575772820998563 -0.32555422013989915
v 0.510811881825893 -0.2355868419478156 -0.3101260065729119
v 0.5411764705882351 -0.24834006721442656 -0.28928571428571426
v 0.5411764705882351 -0.2240759172044364 -0.3020500879434299
v 0.5411764705882351 -0.20588235294117652 -0.3059135571139931
v 0.5698703868610856 -0.20588235294117652 -0.28928571428571426
v -0.5411764705882353 -0.17891371553556 -0.3167934321693929
v -0.5720611392187419 -0.16991914514365425 -0.3104829557991987
v -0.5411764705882353 -0.13970588235294112 -0.3243274546891926
v -0.5751955710719556 -0.13970588235294112 -0.31263422735062796
v -0.5989982204879812 -0.13970588235294112 -0.28928571428571426
v -0.5856514986910901 -0.18321406201877743 -0.28928571428571426
v -0.5269692569939741 -0.1919839918163558 -0.32596337203623693
v -0.5336283077961411 -0.13970588235294112 -0.3305337143569789
v 0.5411764705882351 -0.17891371553556001 -0.31679343216939293
v 0.5411764705882351 -0.13970588235294112 -0.32432745468919266
v 0.5989982204879813 -0.13970588235294112 -0.28928571428571426
v 0.5880640120112783 -0.16001410589689524 -0.28928571428571426
v -0.6156403157519312 -0.08019800709747754 -0.29396431609061124
v -0.6088235294117647 -0.1054258395754599 -0.28928571428571426
v -0.6088235294117647 -0.08265462861641878 -0.29568785055310653
v -0.6088235294117647 -0.07352941176470584 -0.2967514297943791
v -0.6160774850609936 -0.07352941176470584 -0.2942643608648434
v -0.621176235281193 -0.07352941176470584 -0.28928571428571426
v -0.6194858967477228 -0.08395998850640402 -0.28928571428571426
v -0.5411764705882353 -0.12819520823142314 -0.32763854291791916
v -0.5824111262542885 -0.11386766187280137 -0.3175865183298067
v -0.5852550882534979 -0.07352941176470584 -0.31953843013671757
v -0.6021137823961599 -0.133141999402893 -0.28928571428571426
v -0.5352306782908274 -0.13388934640982475 -0.33163347795736914
v 0.5411764705882351 -0.12819520823142316 -0.32763854291791916
v 0.5866821706933679 -0.09518943659792004 -0.30448211266076297
v 0.6088235294117648 -0.1054258395754597 -0.28928571428571426
v 0.6088235294117648 -0.08265462861641873 -0.2956878505531065
v 0.6088235294117648 -0.07352941176470584 -0.2967514297943791
v 0.621176235281193 -0.07352941176470584 -0.28928571428571426
v -0.6088235294117647 -0.028963015026909927 -0.30444706768554636
v -0.6245923954608392 -0.022779005789695647 -0.30010844533181824
v -0.6088235294117647 -0.007352941176470562 -0.30590487908539327
v -0.6251748400357845 -0.007352941176470562 -0.30050819766431175
v -0.6359288958893852 -0.007352941176470562 -0.28928571428571426
v -0.6332550077250014 -0.0312533003959413 -0.28928571428571426
v -0.5885941763817267 -0.053739827278799196 -0.32183016453528457
v -0.5905160127900043 -0.007352941176470562 -0.3231491889024565
v 0.6088235294117648 -0.028963015026909858 -0.3044470676855463
v 0.6088235294117648 -0.007352941176470562 -0.3059048790853932
v 0.6359288958893852 -0.007352941176470562 -0.28928571428571426
v 0.6229606196712627 -0.05969964955432743 -0.28928571428571426
v -0.6088235294117647 0.03132150045080089 -0.30858078857261273
v -0.62837761932695 0.03969452840777901 -0.3027063784821614
v -0.6088235294117647 0.05882352941176472 -0.3091147183151852
v -0.6285280950765584 0.05882352941176472 -0.30280965531651993
v -0.6412928845256405 0.05882352941176472 -0.28928571428571426
v -0.6399595231723181 0.028364405080788566 -0.28928571428571426
v -0.5916875895173451 0.009410478285461599 -0.3239532834886127
v -0.5922840853105731 0.05882352941176472 -0.3243626796696791
v 0.6088235294117648 0.031321500450800954 -0.3085807885726127
v 0.6088235294117648 0.05882352941176472 -0.3091147183151852
v 0.6412928845256405 0.05882352941176472 -0.28928571428571426
v 0.6372239138470825 0.020430043597209933 -0.28928571428571426
v -0.6088235294117647 0.09818678757356138 -0.30809752363886644
v -0.6272927067200913 0.10693232654620219 -0.3019617645501248
v -0.6088235294117647 0.125 -0.30716832622637735
v -0.626903221359773 0.125 -0.3016944469581051
v -0.6387147226227705 0.125 -0.28928571428571426
v -0.6397738488936732 0.09472251355030692 -0.28928571428571426
v -0.5919466649646173 0.07533350550136532 -0.324131096140312
v -0.5908637907330645 0.125 -0.3233878812174139
v 0.6088235294117648 0.09818678757356147 -0.3080975236388664
v 0.6088235294117648 0.125 -0.3071683262263773
v 0.6387147226227704 0.125 -0.28928571428571426
v 0.6402262591777741 0.08954359113938265 -0.28928571428571426
v -0.6206799938434773 0.179577755383299 -0.29742322558822515
v -0.6088235294117647 0.17348115531977787 -0.3017005227756479
v -0.6088235294117647 0.19117647058823528 -0.3001555363556348
v -0.6201114928963418 0.19117647058823528 -0.2970330432611539
v -0.6276488177293729 0.19117647058823528 -0.28928571428571426
v -0.6301773442265243 0.17028686913901392 -0.28928571428571426
v -0.5888097347472226 0.14457871217183452 -0.3219781098730939
v -0.5862239977560968 0.19117647058823528 -0.3202034270313584
v 0.6088235294117648 0.17348115531977795 -0.30170052277564785
v 0.6088235294117648 0.19117647058823528 -0.30015553635563474
v 0.6276488177293729 0.19117647058823528 -0.28928571428571426
v 0.6357635745030475 0.1513543919371246 -0.28928571428571426
v -0.6088235294117647 0.24800282775146176 -0.28928571428571426
v -0.5812224639799538 0.21817751285848497 -0.31677069732785657
v -0.5411764705882353 0.25735294117647056 -0.325972077362741
v -0.5779348988040166 0.25735294117647056 -0.31451432495555176
v -0.6065570157931397 0.25735294117647056 -0.28928571428571426
v -0.534333110903654 0.25735294117647056 -0.33101744568232155
v 0.5411764705882351 0.25735294117647056 -0.32597207736274103
v 0.5677691257314131 0.2171910245326484 -0.3174628050104276
v 0.6088235294117648 0.24800282775146154 -0.28928571428571426
v 0.6065570157931397 0.25735294117647056 -0.28928571428571426
v 0.6071585925032317 0.25572419854855777 -0.28928571428571426
v 0.6248087334559312 0.2068141701966591 -0.28928571428571426
v -0.5411764705882353 0.27958631268898726 -0.32011563458963116
v -0.5671841143732813 0.29808715154020426 -0.3071356809829043
v -0.5411764705882353 0.32352941176470584 -0.311079742014909
v -0.5644845499746016 0.32352941176470584 -0.3052828743614502
v -0.5824218313084509 0.32352941176470584 -0.28928571428571426
v -0.6046322839194679 0.26145307263632617 -0.28928571428571426
v -0.532000508767368 0.2663294255664493 -0.32941649825338004
v -0.5236163581742775 0.32352941176470584 -0.32366215887116573
v 0.5411764705882351 0.27958631268898715 -0.3201156345896312
v 0.5411764705882351 0.32352941176470584 -0.31107974201490907
v 0.582421831308451 0.32352941176470584 -0.28928571428571426
v 0.5918117988660968 0.3068875014482916 -0.28928571428571426
v -0.541924774469626 0.38897384594723283 -0.2897993017322588
v -0.5411764705882353 0.38848313648487715 -0.29014357725981627
v -0.5411764705882353 0.3897058823529411 -0.2898591447964052
v -0.5418342177297997 0.3897058823529411 -0.28973714943566997
v -0.5423298287695648 0.3897058823529411 -0.28928571428571426
v -0.543352824057485 0.38757684091563166 -0.28928571428571426
v -0.5152015682194888 0.3489396423428273 -0.3178867906102703
v -0.47352941176470575 0.3897058823529411 -0.3223550721435363
v -0.5084293940641361 0.3897058823529411 -0.31323880772724877
v -0.46306368968002226 0.3897058823529411 -0.32853129012200294
v 0.47352941176470575 0.3897058823529411 -0.3223550721435363
v 0.5411764705882351 0.38848313648487703 -0.2901435772598164
v 0.5411764705882351 0.3897058823529411 -0.28985914479640523
v 0.5392670608629966 0.3897058823529411 -0.2905962097803656
v 0.5423298287695649 0.3897058823529411 -0.28928571428571426
v 0.5715557722733672 0.3532482938479871 -0.28928571428571426
v -0.5411764705882353 0.39123224035035514 -0.28928571428571426
v -0.48702040689841625 0.4426846403103727 -0.2985450618774845
v -0.47352941176470575 0.4316264924230223 -0.306303318014324
v -0.47352941176470575 0.4558823529411764 -0.2990698546946966
v -0.4848953543886429 0.4558823529411764 -0.2970865631052487
v -0.49516800426414204 0.4558823529411764 -0.28928571428571426
v -0.45617097565875864 0.40668696115223724 -0.3238005764614462
v -0.40588235294117647 0.4558823529411764 -0.32506069774725643
v -0.44458152268194345 0.4558823529411764 -0.31584632457363204
v -0.39671394671049237 0.4558823529411764 -0.3294216839224187
v 0.4058823529411766 0.4558823529411764 -0.3250606977472564
v 0.47352941176470575 0.4316264924230223 -0.306303318014324
v 0.47352941176470575 0.4558823529411764 -0.2990698546946966
v 0.44637315632390584 0.4558823529411764 -0.3079240138273814
v 0.5411764705882351 0.39123224035035536 -0.28928571428571426
v 0.495168004264142 0.4558823529411764 -0.28928571428571426
v 0.5187179458601975 0.4339120570115743 -0.28928571428571426
v 0.5420021903288819 0.3905136516644434 -0.28928571428571426
v -0.47352941176470575 0.4789706683972764 -0.28928571428571426
v -0.4197982883810652 0.5084454084251727 -0.29883671345408513
v -0.40588235294117647 0.49597577286647426 -0.30758525141748944
v -0.40588235294117647 0.5220588235294117 -0.29847577150311755
v -0.4168822750350932 0.5220588235294117 -0.29683535025700497
v -0.42901785478972854 0.5220588235294117 -0.28928571428571426
v -0.38848473189151417 0.4729017648375852 -0.32377368244728144
v -0.3382352941176471 0.5220588235294117 -0.3203475121172895
v -0.3736029945035909 0.5220588235294117 -0.3135598192089863
v -0.32368104975717465 0.5220588235294117 -0.32572519253520377
v 0.33823529411764697 0.5220588235294117 -0.32034751211728957
v 0.4058823529411766 0.4959757728664743 -0.3075852514174894
v 0.4058823529411766 0.5220588235294117 -0.29847577150311755
v 0.38471886243887027 0.5220588235294117 -0.303810967083881
v 0.47352941176470575 0.4789706683972764 -0.28928571428571426
v 0.4290178547897286 0.5220588235294117 -0.28928571428571426
v 0.4551615309364238 0.5040902444582662 -0.28928571428571426
v 0.4874136331267856 0.4694647434040806 -0.28928571428571426
v -0.40588235294117647 0.54171509184557 -0.28928571428571426
v -0.3382352941176471 0.5870764857094055 -0.28928571428571426
v -0.3431956387597875 0.5833827830546835 -0.28928571428571426
v -0.30601046953418676 0.5535831084480142 -0.3135972477237742
v -0.2705882352941176 0.588235294117647 -0.30817218709066896
v -0.29360929159847043 0.588235294117647 -0.3050858802585775
v -0.3360885409038546 0.588235294117647 -0.28928571428571426
v -0.2029411764705883 0.588235294117647 -0.3210882100071134
v -0.24192121611900416 0.588235294117647 -0.3160390955350929
v -0.1352941176470588 0.588235294117647 -0.32965198381556843
v -0.18627806384647805 0.588235294117647 -0.32427780158407343
v -0.0676470588235294 0.588235294117647 -0.3347904753468871
v -0.1277118208676905 0.588235294117647 -0.3305102869930423
v -0.06637048627621782 0.588235294117647 -0.3348381287796402
v 0.0676470588235294 0.588235294117647 -0.3347904753468871
v 0.1352941176470588 0.588235294117647 -0.32965198381556843
v 0.06924238013189292 0.588235294117647 -0.33461936022003624
v 0.2029411764705884 0.588235294117647 -0.3210882100071134
v 0.14709593859320527 0.588235294117647 -0.327614278170502
v 0.2705882352941176 0.588235294117647 -0.30817218709066896
v 0.2352071073568881 0.588235294117647 -0.3135690350128191
v 0.30394313057468636 0.5546886123908377 -0.31282164019563446
v 0.33823529411764697 0.5870764857094056 -0.28928571428571426
v 0.33608854090385465 0.588235294117647 -0.28928571428571426
v 0.33757374972087967 0.5875881311208094 -0.28928571428571426
v 0.4058823529411766 0.5417150918455699 -0.28928571428571426
v 0.3823605113346368 0.5652247968938581 -0.28928571428571426
v 0.41907358988538546 0.5349632944530943 -0.28928571428571426
v -0.2705882352941176 0.6252126387525706 -0.28928571428571426
v -0.2029411764705883 0.6494550939250412 -0.28928571428571426
v -0.21229932653454206 0.645257052686797 -0.28928571428571426
v -0.1549273765228773 0.635205315805625 -0.3027607149427201
v -0.1352941176470588 0.6232515758829175 -0.3111473070789689
v -0.1352941176470588 0.6544117647058822 -0.2971708867522413
v -0.1457550161834576 0.6544117647058822 -0.29646539930603766
v -0.18258216713932315 0.6544117647058822 -0.28928571428571426
v -0.0676470588235294 0.5938368026979705 -0.3317843384245985
v -0.1105976071948325 0.6123949239078683 -0.31876419624241614
v -0.0676470588235294 0.6544117647058822 -0.3034565205739713
v -0.08696856834092773 0.6544117647058822 -0.3025467503209473
v -0.0626971344767353 0.5930776114134237 -0.33231697738931215
v 0 0.6544117647058822 -0.3054485205648462
v -0.022982047577983285 0.6544117647058822 -0.30505910718861584
v 0.0676470588235294 0.5938368026979705 -0.3317843384245985
v 0.0676470588235294 0.6544117647058822 -0.3034565205739713
v 0.046462926364019795 0.6544117647058822 -0.3038251343899119
v 0.07800123593840519 0.5983643804256776 -0.3286078473838896
v 0.1352941176470588 0.6232515758829175 -0.3111473070789689
v 0.1352941176470588 0.6544117647058822 -0.2971708867522413
v 0.12287907734986399 0.6544117647058822 -0.2978065959803728
v 0.2029411764705884 0.6494550939250411 -0.28928571428571426
v 0.1825821671393231 0.6544117647058822 -0.28928571428571426
v 0.19926067323936478 0.6508112724144679 -0.28928571428571426
v 0.2705882352941176 0.6252126387525706 -0.28928571428571426
v 0.2513218535429958 0.6355642173406544 -0.28928571428571426
v 0.2986203102725255 0.6156579761617417 -0.28928571428571426
v -0.1352941176470588 0.6688532358768378 -0.28928571428571426
v -0.0676470588235294 0.6803266637409445 -0.28928571428571426
v -0.1185344350447873 0.6708071063820175 -0.28928571428571426
v 0 0.6839390825470831 -0.28928571428571426
v -0.040078632781590975 0.6813808771382134 -0.28928571428571426
v 0.0676470588235294 0.6803266637409445 -0.28928571428571426
v 0.029077782145576145 0.6828574211526416 -0.28928571428571426
v 0.1352941176470588 0.6688532358768378 -0.28928571428571426
v 0.09152503451894717 0.6777706539731388 -0.28928571428571426
v 0.1478998199544009 0.666743430006543 -0.28928571428571426
v -0.2705882352941176 -0.47058823529411764 -0.275328314942775
v -0.22153515393068243 -0.48877799585290543 -0.25561884788410194
v -0.2029411764705883 -0.489659437527112 -0.24285714285714288
v -0.2029411764705883 -0.49434833824881486 -0.25952692937456534
v -0.24597880109599066 -0.47058823529411764 -0.24285714285714288
v -0.21908040275410656 -0.48637660883234207 -0.24285714285714288
v -0.17382579626864966 -0.5082822687282825 -0.26930279806016016
v -0.1352941176470588 -0.5084031379631231 -0.24285714285714288
v -0.1352941176470588 -0.517028003233007 -0.27543869433172874
v -0.1683657937269066 -0.5029409618939688 -0.24285714285714288
v -0.11945381755144666 -0.5212687601366454 -0.2784139555244401
v -0.0676470588235294 -0.5182582509309842 -0.24285714285714288
v -0.0676470588235294 -0.5286005845362256 -0.2835578704206535
v -0.11158556779407691 -0.5135715592870446 -0.24285714285714288
v -0.05996824945048656 -0.5292528271478545 -0.2840154755545265
v 0 -0.5213544823526389 -0.24285714285714288
v 0 -0.5321775219049606 -0.28606740425713106
v -0.04998921193069064 -0.519490725226315 -0.24285714285714288
v 0.005118425701372522 -0.5317575503049233 -0.2857727575155176
v 0.0676470588235294 -0.5182582509309842 -0.24285714285714288
v 0.0676470588235294 -0.5286005845362256 -0.2835578704206535
v 0.01692262033317159 -0.5202099685999024 -0.24285714285714288
v 0.07871469946323707 -0.5259376661261171 -0.2816896006789584
v 0.1352941176470588 -0.5084031379631231 -0.24285714285714288
v 0.1352941176470588 -0.517028003233007 -0.27543869433172874
v 0.09135652486181564 -0.513570663018812 -0.24285714285714288
v 0.16918638434006056 -0.5036092275957209 -0.2660242517417597
v 0.2029411764705884 -0.48965943752711194 -0.24285714285714288
v 0.2029411764705884 -0.4943483382488148 -0.25952692937456534
v 0.17853690632437164 -0.49446197782846 -0.24285714285714288
v 0.2705882352941176 -0.47058823529411764 -0.275328314942775
v 0.25484417677694354 -0.47058823529411764 -0.25366284761582447
v 0.24597880109599066 -0.47058823529411764 -0.24285714285714288
v 0.2777494603934382 -0.47058823529411764 -0.2843707119659942
v -0.3579254113575953 -0.4236738359188752 -0.256371167422449
v -0.3382352941176471 -0.4275875362852593 -0.24285714285714288
v -0.3382352941176471 -0.4339981639378951 -0.26361458485801526
v -0.3861946195189335 -0.40441176470588236 -0.27577332581889535
v -0.3708824064185091 -0.40441176470588236 -0.24285714285714288
v -0.3556620653009948 -0.4214596930374182 -0.24285714285714288
v -0.2705882352941176 -0.4618122346101364 -0.24285714285714288
v -0.31996619731770315 -0.45271629277243336 -0.2767469863578024
v -0.31408898243659383 -0.44696684343221776 -0.24285714285714288
v -0.26495799474164167 -0.4650803912753912 -0.24285714285714288
v 0.2705882352941176 -0.4618122346101364 -0.24285714285714288
v 0.33823529411764697 -0.4275875362852594 -0.24285714285714288
v 0.33823529411764697 -0.43399816393789514 -0.26361458485801537
v 0.2934672232117832 -0.44820661667900996 -0.24285714285714288
v 0.3802729716543119 -0.40441176470588236 -0.2604337679018543
v 0.3708824064185091 -0.40441176470588236 -0.24285714285714288
v -0.43703037656523136 -0.368706186793353 -0.2642351342264476
v -0.40588235294117647 -0.3795849897798298 -0.24285714285714288
v -0.40588235294117647 -0.3920414672851303 -0.28060687069845647
v -0.46692627441424517 -0.3382352941176471 -0.28475374734642295
v -0.4517499877957456 -0.3382352941176471 -0.24285714285714288
v -0.43359997199301525 -0.36535035623357637 -0.24285714285714288
v -0.4007628741948931 -0.3994035789758225 -0.28577203477351354
v -0.3939658810430956 -0.3927543465447163 -0.24285714285714288
v 0.4058823529411766 -0.37958498977982974 -0.24285714285714288
v 0.4058823529411766 -0.39204146728513023 -0.2806068706984564
v 0.45657420007040184 -0.3382352941176471 -0.2544941049206248
v 0.4517499877957456 -0.3382352941176471 -0.24285714285714288
v -0.502301462884876 -0.30020539527740436 -0.26260442017875035
v -0.47352941176470575 -0.31510874541638406 -0.24285714285714288
v -0.47352941176470575 -0.3310197272956694 -0.2842233642296601
v -0.5214302944448517 -0.2720588235294118 -0.2757332145102864
v -0.5111426988794464 -0.2720588235294118 -0.24285714285714288
v -0.49917474517247373 -0.2971466496891848 -0.24285714285714288
v -0.47119294076171436 -0.3359496159625468 -0.2876821115165804
v -0.46434799570248575 -0.3292534740567797 -0.24285714285714288
v 0.47352941176470575 -0.31510874541638406 -0.24285714285714288
v 0.47352941176470575 -0.3310197272956694 -0.2842233642296601
v 0.517290339945538 -0.2720588235294118 -0.2592510399752674
v 0.5111426988794464 -0.2720588235294118 -0.24285714285714288
v -0.5518180473189138 -0.21629259104727505 -0.25016083371888187
v -0.5411764705882353 -0.22374839892812975 -0.24285714285714288
v -0.5411764705882353 -0.23350199302984503 -0.2622347316177643
v -0.5565775782975061 -0.20588235294117652 -0.2534274683346238
v -0.5534835099703131 -0.20588235294117652 -0.24285714285714288
v -0.5505275060659466 -0.21503010503893757 -0.24285714285714288
v -0.5324387188792342 -0.2635110229445195 -0.2832886859388533
v -0.5260787297902164 -0.2572892944878717 -0.24285714285714288
v 0.5411764705882351 -0.2335019930298452 -0.2622347316177644
v 0.5411764705882351 -0.22374839892812987 -0.24285714285714288
v 0.5653409552391688 -0.20588235294117652 -0.27270077295696793
v 0.553483509970313 -0.20588235294117652 -0.24285714285714288
v -0.581255778771851 -0.17891390122821743 -0.2703649910204319
v -0.5964287585910125 -0.13970588235294112 -0.2807787442503533
v -0.58648370563408 -0.13970588235294112 -0.24285714285714288
v -0.5765617320233187 -0.1743218989742185 -0.24285714285714288
v 0.5754601058979607 -0.17234401405122762 -0.2657556416041946
v 0.5904284205513797 -0.13970588235294112 -0.25548235732343194
v 0.58648370563408 -0.13970588235294112 -0.24285714285714288
v 0.5608881754761568 -0.18659916337690535 -0.24285714285714288
v -0.6088235294117647 -0.07352941176470584 -0.2568963811056208
v -0.6009910160820127 -0.1320436410520968 -0.2839099830873441
v -0.6054301340678124 -0.07352941176470584 -0.24285714285714288
v -0.5937048924592132 -0.12491591142109729 -0.24285714285714288
v 0.6044848420679074 -0.07777377981847933 -0.24583493758693317
v 0.6088235294117648 -0.07352941176470584 -0.256896381105621
v 0.6059471667117098 -0.07352941176470584 -0.24483129241214951
v 0.6054301340678125 -0.07352941176470584 -0.24285714285714288
v 0.6032109368811299 -0.07901999141423988 -0.24285714285714288
v 0.6193876159978766 -0.07352941176470584 -0.28203520765363127
v -0.6088235294117647 -0.0533981061294254 -0.24285714285714288
v -0.6210893731617714 -0.01935213614930322 -0.25127562567935247
v -0.6228643962421944 -0.007352941176470562 -0.2524938868618788
v -0.6202866203073808 -0.007352941176470562 -0.24285714285714288
v -0.619310945674008 -0.0176123701286652 -0.24285714285714288
v -0.6061811738970228 -0.07094449876115404 -0.24285714285714288
v 0.6088235294117648 -0.05339810612942505 -0.24285714285714288
v 0.6203689827540507 -0.06223494653855654 -0.28136166090482856
v 0.6319891029152972 -0.007352941176470562 -0.27338636104260655
v 0.6202866203073808 -0.007352941176470562 -0.24285714285714288
v -0.6289387130722214 0.0391456323526223 -0.2566629055557793
v -0.6300748220667953 0.05882352941176472 -0.2574426573812478
v -0.6261197763222842 0.05882352941176472 -0.24285714285714288
v -0.6255946433183928 0.04241700493788938 -0.24285714285714288
v 0.6326208037445483 0.015927001105600382 -0.272952802398928
v 0.6364952709673759 0.05882352941176472 -0.2702936183733227
v 0.6261197763222842 0.05882352941176472 -0.24285714285714288
v 0.6206842970136471 0.004249983651457921 -0.24285714285714288
v -0.626638618487596 0.10757219546929533 -0.2550842692104309
v -0.6258207868301805 0.125 -0.2545229623896581
v -0.6225137283612704 0.125 -0.24285714285714288
v -0.623125938842344 0.11100851251356364 -0.24285714285714288
v 0.635598021326082 0.08501596715403163 -0.27090943256812383
v 0.6341535692907135 0.125 -0.2719008111389823
v 0.6225137283612704 0.125 -0.24285714285714288
v 0.6254192836310992 0.07505850636546156 -0.24285714285714288
v -0.6088235294117647 0.19061800127034145 -0.24324895783890332
v -0.6088235294117647 0.18987389184029602 -0.24285714285714288
v -0.6088235294117647 0.19117647058823528 -0.2435255860675285
v -0.6086415231886027 0.19117647058823528 -0.24285714285714288
v 0.6086934136712353 0.19104918345076083 -0.24294644589645034
v 0.6088235294117648 0.18987389184029568 -0.24285714285714288
v 0.6088235294117648 0.19061800127034131 -0.2432489578389034
v 0.6088235294117648 0.19117647058823528 -0.24352558606752864
v 0.6086723269590782 0.19117647058823528 -0.24296091845355197
v 0.6086415231886028 0.19117647058823528 -0.24285714285714288
v 0.6086733255558747 0.19102953203356027 -0.24285714285714288
v 0.6320909486767633 0.147761605802716 -0.2733164606907929
v 0.6246522821161543 0.19117647058823528 -0.2784218809078568
v 0.6211234405559366 0.13703252177147252 -0.24285714285714288
v -0.6088235294117647 0.22169654349956033 -0.26787321868761005
v -0.6058339622479378 0.25735294117647056 -0.2872338684993611
v -0.5921039172159286 0.25735294117647056 -0.24285714285714288
v -0.6085469820448821 0.19144700605583778 -0.24285714285714288
v 0.6088235294117648 0.22169654349956022 -0.2678732186876101
v 0.5985450186113674 0.2472978762630384 -0.2499116487170429
v 0.5954614435946274 0.25735294117647056 -0.2520280154210787
v 0.5921039172159287 0.25735294117647056 -0.24285714285714288
v 0.5968180061052303 0.24560840750703467 -0.24285714285714288
v 0.6228064627600146 0.2048554271245667 -0.27968873208085954
v -0.6010780313218314 0.26493005887314447 -0.28396970472709543
v -0.5712000579090027 0.32352941176470584 -0.2634633937822659
v -0.5638482555060764 0.32352941176470584 -0.24285714285714288
v -0.5764439785041168 0.28902858880351745 -0.24285714285714288
v 0.5853369254682794 0.3005533861678181 -0.2589768306568641
v 0.5747761492756306 0.32352941176470584 -0.2662250652487131
v 0.5638482555060764 0.32352941176470584 -0.24285714285714288
v 0.5807509785581341 0.29606713375571936 -0.24285714285714288
v -0.5411764705882353 0.3693892471989739 -0.25711103609214847
v -0.5411764705882353 0.3589694672987592 -0.24285714285714288
v -0.5411764705882353 0.3897058823529411 -0.2871579125963748
v -0.5236268889368177 0.3897058823529411 -0.24285714285714288
v 0.533004114478387 0.3817111861585245 -0.24846612018719388
v 0.5411764705882351 0.3589694672987594 -0.24285714285714288
v 0.5411764705882351 0.36938924719897404 -0.25711103609214836
v 0.5411764705882351 0.3897058823529411 -0.2871579125963745
v 0.527895045666182 0.3897058823529411 -0.2519726549930862
v 0.5236268889368176 0.3897058823529411 -0.24285714285714288
v 0.5316764029474618 0.3804123379217497 -0.24285714285714288
v 0.5678821947929882 0.34965457674761635 -0.27095663028183103
v 0.5421025409859631 0.3897058823529411 -0.28865011938541024
v 0.5580830982550017 0.3400685040474122 -0.24285714285714288
v -0.5411764705882353 0.3907802676222465 -0.28853193922375714
v -0.5294530103952669 0.4011744847156275 -0.28123948850109937
v -0.47352941176470575 0.45096552988079 -0.24285714285714288
v -0.47352941176470575 0.4523745908213989 -0.2453181442173677
v -0.47352941176470575 0.4558823529411764 -0.25182704176725806
v -0.46930856529148485 0.4558823529411764 -0.24285714285714288
v 0.47185635009333776 0.4542456621757077 -0.24400542431482092
v 0.47352941176470575 0.45096552988079 -0.24285714285714288
v 0.47352941176470575 0.4523745908213989 -0.2453181442173677
v 0.47352941176470575 0.4558823529411764 -0.25182704176725806
v 0.4704417848894934 0.4558823529411764 -0.24497629049509917
v 0.46930856529148485 0.4558823529411764 -0.24285714285714288
v 0.4715988607667565 0.4539937704431825 -0.24285714285714288
v 0.5411764705882351 0.39078026762224666 -0.28853193922375703
v 0.5130657722356801 0.4283827567267203 -0.2621505103599835
v 0.49026627425587727 0.4558823529411764 -0.2777986130107177
v 0.5070256290858974 0.4224739210367156 -0.24285714285714288
v 0.5419184444126293 0.3904317263115875 -0.2887764713813941
v -0.47352941176470575 0.4729363285184028 -0.27732086157915226
v -0.4232832850357879 0.5050361725672918 -0.254800018611519
v -0.40588235294117647 0.5162490042878277 -0.24285714285714288
v -0.40588235294117647 0.5177776989681078 -0.24586072548586718
v -0.40588235294117647 0.5220588235294117 -0.255072206521084
v -0.39846658457526063 0.5220588235294117 -0.24285714285714288
v 0.40350553920942217 0.5197336796613911 -0.24448843426930972
v 0.4058823529411766 0.5162490042878276 -0.24285714285714288
v 0.4058823529411766 0.5177776989681078 -0.24586072548586718
v 0.4058823529411766 0.5220588235294117 -0.2550722065210841
v 0.4008473466750308 0.5220588235294117 -0.24631284591558456
v 0.3984665845752607 0.5220588235294117 -0.24285714285714288
v 0.40310653680233005 0.5193433512196706 -0.24285714285714288
v 0.47352941176470575 0.4729363285184028 -0.27732086157915226
v 0.44882503536415175 0.49789149878973926 -0.2598126310078337
v 0.422924070647797 0.5220588235294117 -0.2775893800833443
v 0.44345403673753436 0.4926372610028309 -0.24285714285714288
v 0.48592784051131693 0.46801125062807863 -0.28077623368633203
v -0.40588235294117647 0.5370998964799572 -0.27873308850136336
v -0.37789692006558206 0.5494358774294497 -0.2700783209145765
v -0.3382352941176471 0.5665102709463654 -0.24285714285714288
v -0.3382352941176471 0.5722223695860827 -0.2540916073697641
v -0.33260594646981156 0.588235294117647 -0.28542209369511906
v -0.2963515236918178 0.588235294117647 -0.24285714285714288
v 0.328068202250024 0.5782892259862766 -0.24983517795883442
v 0.33823529411764697 0.5665102709463655 -0.24285714285714288
v 0.33823529411764697 0.5722223695860827 -0.2540916073697641
v 0.31321387836953696 0.588235294117647 -0.2600302263364358
v 0.29635152369181783 0.588235294117647 -0.24285714285714288
v 0.32598346215962387 0.5762498063326243 -0.24285714285714288
v 0.4058823529411766 0.537099896479957 -0.27873308850136336
v 0.3765459696185518 0.5595366582585576 -0.2629917413487579
v 0.3693745032412867 0.5525210933242765 -0.24285714285714288
v 0.41765522599807037 0.5335757645633296 -0.28120557470318774
v -0.2705882352941176 0.602873334636203 -0.24285714285714288
v -0.2705882352941176 0.6173713642359944 -0.2688442174725245
v -0.23146571481603345 0.6265073250201206 -0.26243454339858197
v -0.2029411764705883 0.6305702840607808 -0.24285714285714288
v -0.2029411764705883 0.6366207498400802 -0.2553390929693405
v -0.24818316374631405 0.6101532988926722 -0.24285714285714288
v -0.1429237804189786 0.6469479641681346 -0.24809365053600707
v -0.1352941176470588 0.6472541844712872 -0.24285714285714288
v -0.1352941176470588 0.6489286722083738 -0.24670401092682337
v -0.1352941176470588 0.6544117647058822 -0.2615834086068599
v -0.14631875914072792 0.6436267893316407 -0.24285714285714288
v -0.08278741759734601 0.6544117647058822 -0.24285714285714288
v 0.13051982634979095 0.6497412623498594 -0.24613390800216212
v 0.1352941176470588 0.6472541844712872 -0.24285714285714288
v 0.1352941176470588 0.6489286722083738 -0.24670401092682337
v 0.1352941176470588 0.6544117647058822 -0.2615834086068599
v 0.11790918377622034 0.6544117647058822 -0.2547890384641469
v 0.08278741759734601 0.6544117647058822 -0.24285714285714288
v 0.12931409051186088 0.6485617381605799 -0.24285714285714288
v 0.18892685901713235 0.6407021063275014 -0.25247566508451486
v 0.2029411764705884 0.6305702840607808 -0.24285714285714288
v 0.2029411764705884 0.6366207498400802 -0.2553390929693405
v 0.15818491233640328 0.6544117647058822 -0.2735749514709779
v 0.18537417326103395 0.6372266528704486 -0.24285714285714288
v 0.2441612526716495 0.6285592817056417 -0.2609949166446133
v 0.2705882352941176 0.602873334636203 -0.24285714285714288
v 0.2705882352941176 0.6173713642359944 -0.2688442174725245
v 0.2370728487967972 0.6216249735671991 -0.24285714285714288
v 0.2949923570655086 0.6121088915027034 -0.2725363015171509
v 0.28203938650155447 0.5994375072553569 -0.24285714285714288
v -0.1352941176470588 0.6661561772045799 -0.2810459836120249
v -0.12230467687960367 0.6671188263262188 -0.2803706012123988
v -0.0676470588235294 0.6573415399046725 -0.24285714285714288
v -0.0676470588235294 0.6753997451446456 -0.2745608137239153
v -0.04563622594800538 0.6759441012145471 -0.2741789004177304
v 0 0.6617223237909106 -0.24285714285714288
v 0 0.6783008166874974 -0.27252545876845413
v -0.06454232072276796 0.6574490085001053 -0.24285714285714288
v 0.023834371279466568 0.6777279974792736 -0.27292734145104935
v 0.0676470588235294 0.6573415399046725 -0.24285714285714288
v 0.0676470588235294 0.6753997451446456 -0.2745608137239153
v 0.007225898321008776 0.6614805782807822 -0.24285714285714288
v 0.1352941176470588 0.6661561772045799 -0.2810459836120249
v 0.08771152828140674 0.6740400500451101 -0.2755147585397798
v 0.07037723640059496 0.6570825905964899 -0.24285714285714288
v 0.14615712701861258 0.6650386216997936 -0.2818300463630019
v -0.21577201213405625 -0.48314013974751024 -0.20523482820380876
v -0.2029411764705883 -0.486189969080045 -0.1964285714285714
v -0.2029411764705883 -0.48595525065138434 -0.20720987426652676
v -0.24125834849869018 -0.47058823529411764 -0.22272700316214453
v -0.23829300341086124 -0.47058823529411764 -0.1964285714285714
v -0.21613906512725473 -0.4834992133278131 -0.1964285714285714
v -0.1654826898917082 -0.5001205342291007 -0.21714805734803574
v -0.1352941176470588 -0.5053969271376838 -0.1964285714285714
v -0.1352941176470588 -0.5055994274684235 -0.22099197927149708
v -0.16581383257911936 -0.5004444781624378 -0.1964285714285714
v -0.109264936709252 -0.5113013767040637 -0.2249923944495177
v -0.0676470588235294 -0.5154649322778533 -0.1964285714285714
v -0.0676470588235294 -0.5162276266308663 -0.22844858884260782
v -0.10906805618371102 -0.5111087761899475 -0.1964285714285714
v -0.04807217498441979 -0.5176153629962674 -0.22942220705452415
v 0 -0.5186240796709973 -0.1964285714285714
v 0 -0.5196104825300492 -0.23082195758457416
v -0.047322262908640736 -0.5168817533569183 -0.1964285714285714
v 0.01886420355260616 -0.5183105937113252 -0.22990997209588213
v 0.0676470588235294 -0.5154649322778533 -0.1964285714285714
v 0.0676470588235294 -0.5162276266308663 -0.22844858884260782
v 0.019918563101594972 -0.517279155022097 -0.1964285714285714
v 0.09405712025402403 -0.5109287762220864 -0.22473098268279715
v 0.1352941176470588 -0.5053969271376838 -0.1964285714285714
v 0.1352941176470588 -0.5055994274684235 -0.22099197927149708
v 0.09492032653661868 -0.5100843352934612 -0.1964285714285714
v 0.1828796667295362 -0.4902136252581904 -0.21019749581606373
v 0.2029411764705884 -0.48618996908004497 -0.1964285714285714
v 0.2029411764705884 -0.4859552506513843 -0.20720987426652673
v 0.18305249026543605 -0.49004455875567965 -0.1964285714285714
v 0.2431489435366761 -0.47058823529411764 -0.21526112881489
v 0.2382930034108612 -0.47058823529411764 -0.1964285714285714
v -0.3526479077975442 -0.41851106069708605 -0.20632045845732067
v -0.3382352941176471 -0.42423399237236625 -0.1964285714285714
v -0.3382352941176471 -0.4240016485068079 -0.21017258514287154
v -0.36672936817570234 -0.40441176470588236 -0.21598506325102548
v -0.36629725275565606 -0.40441176470588236 -0.1964285714285714
v -0.353028991521656 -0.41888385999241284 -0.1964285714285714
v -0.3119481811019963 -0.44487258125706797 -0.2248153665327366
v -0.2705882352941176 -0.4591514939838737 -0.1964285714285714
v -0.2705882352941176 -0.4607292291078546 -0.23594018931059005
v -0.3122175295520675 -0.4451360743060507 -0.1964285714285714
v -0.2643853986383803 -0.4645202429135051 -0.2385999164567766
v -0.26331440294963326 -0.4634725297397308 -0.1964285714285714
v 0.2705882352941176 -0.4591514939838737 -0.1964285714285714
v 0.2705882352941176 -0.4607292291078546 -0.23594018931059005
v 0.2973614913770653 -0.44439700651732095 -0.22448170933437436
v 0.33823529411764697 -0.4242339923723663 -0.1964285714285714
v 0.33823529411764697 -0.424001648506808 -0.2101725851428716
v 0.3002685733123168 -0.44155312201544444 -0.1964285714285714
v 0.37043911261577683 -0.40441176470588236 -0.22075452208668733
v 0.36629725275565606 -0.40441176470588236 -0.1964285714285714
v -0.430860190647643 -0.36267013535223397 -0.21357174575505938
v -0.40588235294117647 -0.3764671029337489 -0.1964285714285714
v -0.40588235294117647 -0.37689012342228545 -0.22354830881373042
v -0.4491606742457959 -0.3382352941176471 -0.22613201555379167
v -0.44846896959436544 -0.3382352941176471 -0.1964285714285714
v -0.43157086282200974 -0.3633653581315058 -0.1964285714285714
v -0.3927919075390348 -0.3916058942037873 -0.23387270672710156
v -0.39251246755005004 -0.3913325289971717 -0.1964285714285714
v 0.4058823529411766 -0.37646710293374885 -0.1964285714285714
v 0.4058823529411766 -0.3768901234222854 -0.2235483088137304
v 0.4510936790932772 -0.3382352941176471 -0.2118270090695209
v 0.44846896959436544 -0.3382352941176471 -0.1964285714285714
v -0.49640078278049193 -0.29443299082746344 -0.21212600308847432
v -0.47352941176470575 -0.3116595342496384 -0.1964285714285714
v -0.47352941176470575 -0.31235774411729716 -0.22470178238070687
v -0.5081409648985669 -0.2720588235294118 -0.22018370572230836
v -0.5082596741066842 -0.2720588235294118 -0.1964285714285714
v -0.4970834578865691 -0.29510082517036507 -0.1964285714285714
v -0.4634301442087364 -0.3283555758563727 -0.23592565798177262
v -0.4630453580358598 -0.32797915460029775 -0.1964285714285714
v 0.47352941176470575 -0.31235774411729716 -0.22470178238070687
v 0.47352941176470575 -0.3116595342496384 -0.1964285714285714
v 0.5112599449245981 -0.2720588235294118 -0.21696134214802415
v 0.5082596741066842 -0.2720588235294118 -0.1964285714285714
v -0.5476615100253426 -0.21222641326008584 -0.20087948358882207
v -0.5411764705882353 -0.21895524765115637 -0.1964285714285714
v -0.5411764705882353 -0.21888172229688896 -0.20554876389718235
v -0.5498462674269353 -0.20588235294117652 -0.20237895994208913
v -0.5502165795099325 -0.20588235294117652 -0.1964285714285714
v -0.5478347643491701 -0.21239590118556928 -0.1964285714285714
v -0.5245847379670889 -0.2558277807478556 -0.23146964935008282
v -0.5246725338927511 -0.25591366806643817 -0.1964285714285714
v 0.5411764705882351 -0.2188817222968891 -0.20554876389718246
v 0.5411764705882351 -0.21895524765115654 -0.1964285714285714
v 0.553975464251827 -0.20588235294117652 -0.234072740373746
v 0.5502165795099325 -0.20588235294117652 -0.1964285714285714
v -0.5739003746603473 -0.17171839720609428 -0.21888814534141854
v -0.5840682275364127 -0.13970588235294112 -0.22586670275014667
v -0.5839546796218572 -0.13970588235294112 -0.1964285714285714
v -0.5747138649999427 -0.1725142029730898 -0.1964285714285714
v 0.5607873797763747 -0.18669776786582268 -0.22939748158205336
v 0.5863754385105442 -0.13970588235294112 -0.21183549096015447
v 0.5839546796218572 -0.13970588235294112 -0.1964285714285714
v 0.5555522838327066 -0.19181905737593272 -0.1964285714285714
v -0.5920556185645434 -0.12330249130674638 -0.2313487319961618
v -0.6049660204477025 -0.07352941176470584 -0.24020959788491394
v -0.603044886674826 -0.07352941176470584 -0.1964285714285714
v -0.5919643067436342 -0.12321316452542226 -0.1964285714285714
v 0.6005293789486135 -0.081643254609093 -0.20212114053526842
v 0.6037216536981215 -0.07352941176470584 -0.19993016935625826
v 0.603044886674826 -0.07352941176470584 -0.1964285714285714
v 0.5993138182537826 -0.08283239007142751 -0.1964285714285714
v -0.6153274242808685 -0.013715447026680837 -0.20089242473935384
v -0.6088235294117647 -0.03792266624342751 -0.1964285714285714
v -0.6088235294117647 -0.04507921705322564 -0.22289684751988215
v -0.6159788927042873 -0.007352941176470562 -0.20133955058275618
v -0.6162542307613214 -0.007352941176470562 -0.1964285714285714
v -0.615576344479966 -0.013958955917102334 -0.1964285714285714
v -0.605838966495175 -0.07060973065065071 -0.24080873166283753
v -0.6043219009968466 -0.06912564483706864 -0.1964285714285714
v 0.6088235294117648 -0.04507921705322517 -0.2228968475198818
v 0.6088235294117648 -0.03792266624342706 -0.1964285714285714
v 0.6206951884511823 -0.007352941176470562 -0.23470920295741834
v 0.6162542307613214 -0.007352941176470562 -0.1964285714285714
v -0.6210303035636284 0.046882119915376254 -0.20480651269429156
v -0.6214479828972018 0.05882352941176472 -0.20509318080832795
v -0.621750953634979 0.05882352941176472 -0.1964285714285714
v -0.6214594167657933 0.04646233526108451 -0.1964285714285714
v 0.6209729871308757 0.0045323978965727246 -0.23451853988843632
v 0.6264988479324742 0.05882352941176472 -0.23072594598423354
v 0.621750953634979 0.05882352941176472 -0.1964285714285714
v 0.6164423054181568 0.00010020926456513323 -0.1964285714285714
v -0.6174769049288967 0.11653474134193603 -0.20236768940772104
v -0.6170691233597876 0.125 -0.2020878144798542
v -0.6172311475116512 0.125 -0.1964285714285714
v -0.6176999490976628 0.11631654595944746 -0.1964285714285714
v 0.6256987738032553 0.07533192066430988 -0.2312750651847223
v 0.6227576417270791 0.125 -0.23329366825563827
v 0.6172311475116512 0.125 -0.1964285714285714
v 0.6211129400491437 0.0708457789483312 -0.1964285714285714
v -0.6088235294117647 0.17115633882771145 -0.21047444164785958
v -0.6088235294117647 0.1619119704175002 -0.1964285714285714
v -0.6086099537298877 0.19117647058823528 -0.24271055830529564
v -0.6044915637841923 0.19117647058823528 -0.1964285714285714
v 0.6057207094899207 0.18814110327338784 -0.19855814659232152
v 0.6088235294117648 0.16191197041749977 -0.1964285714285714
v 0.6088235294117648 0.17115633882771109 -0.2104744416478598
v 0.605098258745693 0.19117647058823528 -0.19898535657516103
v 0.6044915637841924 0.19117647058823528 -0.1964285714285714
v 0.6053072866984746 0.18773666793392962 -0.1964285714285714
v 0.6213539379801903 0.1372580083821555 -0.23425707983347188
v 0.6163066136270327 0.13232040847145773 -0.1964285714285714
v -0.6084775671270736 0.19151491195369388 -0.24261969669280525
v -0.5891146231570259 0.25735294117647056 -0.22933022272578488
v -0.5865120309639034 0.25735294117647056 -0.1964285714285714
v -0.6020623180256623 0.197790699118118 -0.1964285714285714
v 0.5949380081087449 0.24376927903221202 -0.20595869629803534
v 0.589738916050716 0.25735294117647056 -0.2095270172446949
v 0.5865120309639034 0.25735294117647056 -0.1964285714285714
v 0.5930840567825052 0.24195563099567324 -0.1964285714285714
v -0.5669374686996452 0.29832843535136994 -0.214109256467769
v -0.556165290532653 0.32352941176470584 -0.20671592921651022
v -0.5555879488663683 0.32352941176470584 -0.1964285714285714
v -0.5641362797610292 0.30106872887827696 -0.1964285714285714
v 0.579923459741305 0.2952576044783866 -0.21626371241357636
v 0.5630981778468452 0.32352941176470584 -0.22781149905542608
v 0.5555879488663683 0.32352941176470584 -0.1964285714285714
v 0.5761534510617246 0.29156955250923183 -0.1964285714285714
v -0.5411764705882353 0.3542418059302964 -0.2213097171092206
v -0.5411764705882353 0.3452624964810495 -0.1964285714285714
v -0.5194632070553297 0.3897058823529411 -0.22795456136406173
v -0.515046614402099 0.3897058823529411 -0.1964285714285714
v 0.5290903897461643 0.3778825423987414 -0.20472367660278773
v 0.5411764705882351 0.3452624964810498 -0.1964285714285714
v 0.5411764705882351 0.3542418059302966 -0.22130971710922046
v 0.5196605056482265 0.3897058823529411 -0.21119573991224194
v 0.515046614402099 0.3897058823529411 -0.1964285714285714
v 0.5276613162898124 0.37648453575665797 -0.1964285714285714
v 0.5580274196330438 0.3400140358302795 -0.23129173994129595
v 0.5518489278706253 0.33396985910617444 -0.1964285714285714
v -0.47352941176470575 0.44259599471170424 -0.20575011164670903
v -0.47352941176470575 0.4391289501990143 -0.1964285714285714
v -0.46808605414551807 0.4558823529411764 -0.23912117380794884
v -0.4589852094686561 0.4558823529411764 -0.1964285714285714
v 0.4678333284497473 0.4503100975243692 -0.2003379950702044
v 0.47352941176470575 0.4391289501990143 -0.1964285714285714
v 0.47352941176470575 0.44259599471170424 -0.20575011164670903
v 0.4618684948475023 0.4558823529411764 -0.20443187154876388
v 0.4589852094686561 0.4558823529411764 -0.1964285714285714
v 0.4673318646763458 0.449819535137346 -0.1964285714285714
v 0.5061218898999211 0.4215898283547822 -0.22048777121775592
v 0.5011253595183018 0.4167019181988504 -0.1964285714285714
v -0.40588235294117647 0.5053582444066704 -0.1964285714285714
v -0.40588235294117647 0.5085414714575728 -0.2059121739932584
v -0.3956093404986164 0.5220588235294117 -0.23580641071488892
v -0.38401801134146624 0.5220588235294117 -0.1964285714285714
v 0.39895280442740483 0.515279917374635 -0.20118456590541473
v 0.4058823529411766 0.5053582444066703 -0.1964285714285714
v 0.4058823529411766 0.5085414714575727 -0.20591217399325845
v 0.38915948875442236 0.5220588235294117 -0.20790606517165425
v 0.38401801134146624 0.5220588235294117 -0.1964285714285714
v 0.3983771525938158 0.5147167797113413 -0.1964285714285714
v 0.441985538196202 0.4912006863428318 -0.21807824862931477
v 0.4373619306273958 0.4866775919820432 -0.1964285714285714
v -0.3382352941176471 0.555315106635357 -0.1964285714285714
v -0.3382352941176471 0.5614337431958885 -0.21523219921812262
v -0.2727726950296116 0.588235294117647 -0.19792784348305642
v -0.27217112577772257 0.588235294117647 -0.1964285714285714
v 0.32230493986424535 0.5726512519132323 -0.2073621375465893
v 0.33823529411764697 0.555315106635357 -0.1964285714285714
v 0.33823529411764697 0.5614337431958886 -0.21523219921812256
v 0.291312313156035 0.588235294117647 -0.22863347451092
v 0.27217112577772257 0.588235294117647 -0.1964285714285714
v 0.3205265272254654 0.5709115004187737 -0.1964285714285714
v 0.367990051234774 0.5511667381005141 -0.2224353996183694
v 0.36195439037503196 0.5452622872594621 -0.1964285714285714
v -0.2705882352941176 0.6014360759995413 -0.2335956419177821
v -0.2705882352941176 0.5891179478774903 -0.1964285714285714
v -0.2523737294901946 0.6060538324040934 -0.2303558826625249
v -0.2029411764705883 0.6199052439381041 -0.1964285714285714
v -0.2029411764705883 0.625902071726039 -0.2164306099953821
v -0.26926251199209755 0.589532197347884 -0.1964285714285714
v -0.1557729790548504 0.6343780959373905 -0.21048393904075136
v -0.1352941176470588 0.6379791074039142 -0.1964285714285714
v -0.1352941176470588 0.6403250947738517 -0.20631160017453568
v -0.16131207837564543 0.6289594118192214 -0.1964285714285714
v -0.07557349992854423 0.6466576375379329 -0.20186876858449773
v -0.0676470588235294 0.6472086173992773 -0.1964285714285714
v -0.0676470588235294 0.6480624450455782 -0.2008831734759593
v -0.0676470588235294 0.6544117647058822 -0.23317524118486457
v -0.07708464052778025 0.645179347821289 -0.1964285714285714
v -0.004244538446969634 0.6502594988338467 -0.19934174843720584
v 0 0.6500357138098843 -0.1964285714285714
v 0 0.6505158268805961 -0.19916191193456584
v 0 0.6544117647058822 -0.218767876172285
v -0.047716606574592105 0.6544117647058822 -0.2291781678664126
v -0.004839222652207778 0.6496777425461138 -0.1964285714285714
v 0.061543964413004304 0.6484413462608034 -0.20061734119480135
v 0.0676470588235294 0.6472086173992773 -0.1964285714285714
v 0.0676470588235294 0.6480624450455782 -0.2008831734759593
v 0.0676470588235294 0.6544117647058822 -0.23317524118486457
v 0.027386209938151045 0.6544117647058822 -0.22406101740269757
v 0.060819877992949294 0.64773300084988 -0.1964285714285714
v 0.12326701060270476 0.6426461165103186 -0.20468320079752247
v 0.1352941176470588 0.6379791074039142 -0.1964285714285714
v 0.1352941176470588 0.6403250947738517 -0.20631160017453568
v 0.07539302708621873 0.6544117647058822 -0.23754081060231572
v 0.12181377579732434 0.6412244737659246 -0.1964285714285714
v 0.18126726058599169 0.6332090209057334 -0.21130414723756474
v 0.2029411764705884 0.619905243938104 -0.1964285714285714
v 0.2029411764705884 0.625902071726039 -0.21643060999538213
v 0.17822013129833808 0.6302281335591157 -0.1964285714285714
v 0.2348619140808371 0.619462102649412 -0.22094881052215842
v 0.2705882352941176 0.5891179478774903 -0.1964285714285714
v 0.2705882352941176 0.6014360759995413 -0.2335956419177821
v 0.22884820690090735 0.6135791282342634 -0.1964285714285714
v 0.28153154631802574 0.598940707075818 -0.23534636106744192
v 0.2712891382601665 0.5889209600626948 -0.1964285714285714
v -0.0676470588235294 0.6570652399463724 -0.2409954983233387
v -0.06485954137273776 0.6571386839512219 -0.24094397094215855
v 0 0.6610210859689976 -0.23822012698683026
v 0.0676470588235294 0.6570652399463724 -0.2409954983233387
v 0.006585082929693164 0.6608536936588429 -0.23833756730601807
v 0.0701751185208912 0.6568848665837362 -0.24112204598410883
v -0.14000639931923045 -0.5413745466486078 -0.15323420574394392
v -0.1352941176470588 -0.5437771404932592 -0.15000000000000002
v -0.1352941176470588 -0.5417423792670547 -0.15349227243815589
v -0.1352941176470588 -0.5367647058823529 -0.15690049927281324
v -0.14304034733683876 -0.5367647058823529 -0.15531651168149496
v -0.15837020666166907 -0.5367647058823529 -0.15000000000000002
v -0.14162890436375397 -0.5429617798443374 -0.15000000000000002
v -0.08089236293056987 -0.5497220685957621 -0.15909072114178865
v -0.0676470588235294 -0.5556274711668046 -0.15000000000000002
v -0.0676470588235294 -0.550337244332709 -0.15952232062707522
v -0.0676470588235294 -0.5367647058823529 -0.16907107484285167
v -0.09086445150352565 -0.5367647058823529 -0.16593491857850676
v -0.08536250638899051 -0.5540950350224779 -0.15000000000000002
v -0.01635201062527703 -0.5527612380157761 -0.16122296381424295
v 0 -0.5592898314002147 -0.15000000000000002
v 0 -0.5530165744676112 -0.16140210462648283
v 0 -0.5367647058823529 -0.17297443805957918
v -0.031302966267160205 -0.5367647058823529 -0.17148433399081492
v -0.022324635255482374 -0.5586040229801075 -0.15000000000000002
v 0.053540572435553054 -0.5505645295227646 -0.15968178103025707
v 0.0676470588235294 -0.5556274711668046 -0.15000000000000002
v 0.0676470588235294 -0.550337244332709 -0.15952232062707522
v 0.0676470588235294 -0.5367647058823529 -0.16907107484285167
v 0.03773228334338663 -0.5367647058823529 -0.17053156950655762
v 0.04771760553275827 -0.5562609101885421 -0.15000000000000002
v 0.12992603924954021 -0.5420160869234038 -0.15368430225419755
v 0.1352941176470588 -0.5437771404932592 -0.15000000000000002
v 0.1352941176470588 -0.5417423792670547 -0.15349227243815589
v 0.1352941176470588 -0.5367647058823529 -0.15690049927281324
v 0.12251616710296734 -0.5367647058823529 -0.15876995984547893
v 0.12734349261608718 -0.5445424912387382 -0.15000000000000002
v 0.15837020666166907 -0.5367647058823529 -0.15000000000000002
v -0.29166794727868434 -0.4912096926703242 -0.16446775263537033
v -0.2705882352941176 -0.5043175544613074 -0.15000000000000002
v -0.2705882352941176 -0.4942339524853132 -0.16658953491826736
v -0.2705882352941176 -0.47058823529411764 -0.18320401909929462
v -0.3014574145773315 -0.47058823529411764 -0.17118661062605672
v -0.33240709657663003 -0.47058823529411764 -0.15000000000000002
v -0.29740323345701836 -0.49682029871434663 -0.15000000000000002
v -0.23911873815071055 -0.5059793282420634 -0.17482994140157465
v -0.2029411764705883 -0.5271147733553417 -0.15000000000000002
v -0.2029411764705883 -0.5098976142637103 -0.17757896111834914
v -0.25966279675232434 -0.47058823529411764 -0.18893005615609842
v -0.2491093540088032 -0.5157527567988932 -0.15000000000000002
v -0.1352941176470588 -0.5194617802588428 -0.18428905853080718
v -0.18106565060027607 -0.5153647349222649 -0.18141462354863663
v -0.1957270444319787 -0.5297074028011044 -0.15000000000000002
v -0.0676470588235294 -0.5247688211834564 -0.1880124110525202
v -0.11986978054846342 -0.5216756804598139 -0.1858423027987901
v 0 -0.5264792820691532 -0.18921244868978682
v -0.0559393657204653 -0.5253115278467467 -0.1883931671559715
v 0.0676470588235294 -0.5247688211834564 -0.1880124110525202
v 0.01102333846625962 -0.5259810052088381 -0.18886286397191496
v 0.1352941176470588 -0.5194617802588428 -0.18428905853080718
v 0.08183473375457564 -0.5228854586671989 -0.18669106782682848
v 0.15803172908391994 -0.5145213903462932 -0.18082294370327234
v 0.2029411764705884 -0.5271147733553416 -0.15000000000000002
v 0.2029411764705884 -0.5098976142637103 -0.17757896111834912
v 0.24255692804522833 -0.4980101662984659 -0.16923887857765388
v 0.2705882352941176 -0.5043175544613074 -0.15000000000000002
v 0.2705882352941176 -0.4942339524853132 -0.16658953491826736
v 0.2705882352941176 -0.47058823529411764 -0.18320401909929462
v 0.22059032673853252 -0.5194992327941467 -0.15000000000000002
v 0.33240709657663003 -0.47058823529411764 -0.15000000000000002
v -0.41792457738061467 -0.4161922016575067 -0.15826500497240947
v -0.40588235294117647 -0.4262231777405506 -0.15000000000000002
v -0.40588235294117647 -0.4190447033138189 -0.16026628391223485
v -0.40588235294117647 -0.40441176470588236 -0.16941978870868815
v -0.4223498764382778 -0.40441176470588236 -0.16130224438776214
v -0.4327059808941684 -0.40441176470588236 -0.15000000000000002
v -0.4215420471764951 -0.4197310308056506 -0.15000000000000002
v -0.37453135667329573 -0.43991878242336474 -0.17491127274782095
v -0.3382352941176471 -0.4677543614993299 -0.15000000000000002
v -0.3382352941176471 -0.44668704682023574 -0.1796598011024511
v -0.38867889356264396 -0.40441176470588236 -0.18462122819051027
v -0.3833701320340509 -0.4485654104936687 -0.15000000000000002
v -0.2705882352941176 -0.4642954279008595 -0.1920136176701268
v -0.32205647913452107 -0.45476113368019006 -0.18532447791530793
v -0.3365934302840408 -0.4689820641525463 -0.15000000000000002
v -0.265912785630052 -0.46601442584014047 -0.19321964479578105
v 0.2705882352941176 -0.4642954279008595 -0.1920136176701268
v 0.28134121395508105 -0.46006901703882724 -0.18904842147803436
v 0.33823529411764697 -0.4677543614993299 -0.15000000000000002
v 0.33823529411764697 -0.4466870468202358 -0.1796598011024511
v 0.38541796544466467 -0.4244312742133396 -0.16404543365443827
v 0.4058823529411766 -0.42622317774055046 -0.15000000000000002
v 0.4058823529411766 -0.4190447033138188 -0.1602662839122348
v 0.4058823529411766 -0.40441176470588236 -0.16941978870868807
v 0.34867294746109184 -0.460377487458139 -0.15000000000000002
v 0.4327059808941684 -0.40441176470588236 -0.15000000000000002
v -0.48872277260168795 -0.3530983645016514 -0.16042774144401573
v -0.47352941176470575 -0.368588110771848 -0.15000000000000002
v -0.47352941176470575 -0.3576409393953017 -0.1636147543059101
v -0.47352941176470575 -0.3382352941176471 -0.17485040710177885
v -0.4932967784719362 -0.3382352941176471 -0.16356704360962088
v -0.503559687430071 -0.3382352941176471 -0.15000000000000002
v -0.4931441505003832 -0.3574236254895054 -0.15000000000000002
v -0.40588235294117647 -0.39029367609540516 -0.1865234997367763
v -0.4480030718285312 -0.3794403452031029 -0.17890894060281184
v -0.4614064594782206 -0.3382352941176471 -0.18810816007666697
v -0.4580482543336899 -0.3892671541755407 -0.15000000000000002
v -0.3972462104614064 -0.3959633644539334 -0.190501281093077
v 0.4058823529411766 -0.3902936760954051 -0.18652349973677626
v 0.4409840654990401 -0.37007313285579835 -0.17233702336867118
v 0.47352941176470575 -0.368588110771848 -0.15000000000000002
v 0.47352941176470575 -0.3576409393953017 -0.1636147543059101
v 0.47352941176470575 -0.3382352941176471 -0.17485040710177885
v 0.503559687430071 -0.3382352941176471 -0.15000000000000002
v -0.5490263032464693 -0.27973800765159723 -0.15538761806667614
v -0.5411764705882353 -0.2901075564730027 -0.15000000000000002
v -0.5411764705882353 -0.2828084055204259 -0.15754177022226706
v -0.5411764705882353 -0.2720588235294118 -0.16285909485810152
v -0.5509993811639556 -0.2720588235294118 -0.1567418112957584
v -0.55559737675373 -0.2720588235294118 -0.15000000000000002
v -0.5516161408487378 -0.2822715444364251 -0.15000000000000002
v -0.47352941176470575 -0.3257042431937755 -0.18763694522483929
v -0.5144880862603267 -0.3121270920577366 -0.17811138839606278
v -0.5243957062936265 -0.2720588235294118 -0.18491133879158844
v -0.5241265562376688 -0.3215560300790495 -0.15000000000000002
v -0.46669237485132037 -0.3315468884415092 -0.19173607093832862
v 0.47352941176470575 -0.3257042431937755 -0.18763694522483929
v 0.5174277329391005 -0.29529128427313045 -0.1662995994424185
v 0.5411764705882351 -0.29010755647300296 -0.15000000000000002
v 0.5411764705882351 -0.2828084055204261 -0.15754177022226717
v 0.5411764705882351 -0.2720588235294118 -0.1628590948581017
v 0.5555973767537301 -0.2720588235294118 -0.15000000000000002
v -0.5411764705882353 -0.2500883329107174 -0.18101435420085252
v -0.5730747633218723 -0.23708720452843016 -0.17189292762153352
v -0.5789007035856203 -0.20588235294117652 -0.17589147668454067
v -0.5953406166215737 -0.20588235294117652 -0.15000000000000002
v -0.5809062444202413 -0.2447484360377042 -0.15000000000000002
v -0.5306601491559464 -0.26177111778043355 -0.1892108477126216
v 0.5411764705882351 -0.2500883329107175 -0.18101435420085257
v 0.5634688699535818 -0.20588235294117652 -0.18112850851011927
v 0.5953406166215737 -0.20588235294117652 -0.15000000000000002
v 0.5704924262528638 -0.2433801712487969 -0.15000000000000002
v -0.6191141542673821 -0.14977279797256693 -0.15706282016488032
v -0.6088235294117647 -0.17250299288978316 -0.15000000000000002
v -0.6088235294117647 -0.15530234500427859 -0.16094228014585898
v -0.6088235294117647 -0.13970588235294112 -0.16626964609018796
v -0.6206630647258041 -0.13970588235294112 -0.15812589224969792
v -0.6255630766941362 -0.13970588235294112 -0.15000000000000002
v -0.6225727704509183 -0.15315622684776536 -0.15000000000000002
v -0.5882059362452935 -0.1857129683218025 -0.18227798729878839
v -0.5952688567583851 -0.13970588235294112 -0.18712551970063082
v -0.6006421928577131 -0.19787887152960437 -0.15000000000000002
v 0.6088235294117648 -0.17250299288978294 -0.15000000000000002
v 0.6088235294117648 -0.15530234500427845 -0.16094228014585887
v 0.6088235294117648 -0.13970588235294112 -0.1662696460901878
v 0.6255630766941361 -0.13970588235294112 -0.15000000000000002
v -0.6088235294117647 -0.11346944623993868 -0.1780214210127824
v -0.6341558478017337 -0.09831102758097994 -0.16738646696951295
v -0.6088235294117647 -0.07352941176470584 -0.18918580908595825
v -0.6366508860415195 -0.07352941176470584 -0.16909890004712985
v -0.6472154786102314 -0.07352941176470584 -0.15000000000000002
v -0.6413821979054397 -0.10538028311721395 -0.15000000000000002
v -0.5984704830463893 -0.12957790221290003 -0.1893229091715902
v -0.6055505091963638 -0.07352941176470584 -0.19418218177762858
v 0.6088235294117648 -0.11346944623993857 -0.17802142101278232
v 0.6088235294117648 -0.07352941176470584 -0.18918580908595814
v 0.6472154786102313 -0.07352941176470584 -0.15000000000000002
v 0.6302966107426384 -0.1186996071379559 -0.15000000000000002
v -0.6088235294117647 -0.06612393972632291 -0.19123298628418212
v -0.6430660279315091 -0.040851037554481405 -0.17350183904615998
v -0.6448699540693931 -0.007352941176470562 -0.17473993742029773
v -0.6587043573134714 -0.007352941176470562 -0.15000000000000002
v -0.6533431586763093 -0.05090475241352505 -0.15000000000000002
v -0.6060689232319547 -0.07083468832793527 -0.19453798768404346
v 0.6088235294117648 -0.0661239397263228 -0.19123298628418203
v 0.6245832544091153 -0.007352941176470562 -0.18561211420989285
v 0.6587043573134714 -0.007352941176470562 -0.15000000000000002
v 0.65325646110739 -0.03006241336681143 -0.15000000000000002
v -0.6471061089598112 0.021373179853893115 -0.17627468968980833
v -0.6475725683397897 0.05882352941176472 -0.17659483727668795
v -0.6628931462598286 0.05882352941176472 -0.15000000000000002
v -0.6603980531475969 0.008370190974537617 -0.15000000000000002
v 0.6273420291277889 0.010762982458770495 -0.18371866944956103
v 0.6367164368719509 0.05882352941176472 -0.17728468152577276
v 0.6628931462598286 0.05882352941176472 -0.15000000000000002
v 0.661385474610718 0.04406635303989689 -0.15000000000000002
v -0.6467060145252274 0.08794104717161264 -0.17600009071451939
v -0.6456656163727031 0.125 -0.17528602862847015
v -0.660597338693706 0.125 -0.15000000000000002
v -0.6623182128209858 0.07266824449097939 -0.15000000000000002
v 0.6343345558456402 0.08377996831446903 -0.17891945080159474
v 0.6277006296654702 0.125 -0.18347254920475492
v 0.660597338693706 0.125 -0.15000000000000002
v 0.6612222544861712 0.11008315176716256 -0.15000000000000002
v -0.6411667621519657 0.1595363516032561 -0.17219830570057268
v -0.6088235294117647 0.19117647058823528 -0.19134991453194866
v -0.6389486580003786 0.19117647058823528 -0.17067594229218527
v -0.6513908657721277 0.19117647058823528 -0.15000000000000002
v -0.6571346709479488 0.1439155712593596 -0.15000000000000002
v -0.6064028737071925 0.19117647058823528 -0.19476718971829052
v 0.6088235294117648 0.19117647058823528 -0.1913499145319486
v 0.6229073619585692 0.13877766227404792 -0.18676233853154095
v 0.6513908657721277 0.19117647058823528 -0.15000000000000002
v 0.6554342444228196 0.17059743859777116 -0.15000000000000002
v -0.6088235294117647 0.20420278316949617 -0.18728947593505185
v -0.6282321381552096 0.2383662587100571 -0.16332081531770598
v -0.6088235294117647 0.25735294117647056 -0.17225539201843168
v -0.6260463721236333 0.25735294117647056 -0.16182064670597196
v -0.6333652001975729 0.25735294117647056 -0.15000000000000002
v -0.639915912380355 0.22693647957676275 -0.15000000000000002
v -0.6057415519160423 0.1941914485731811 -0.19431330115976814
v -0.5970115991858932 0.25735294117647056 -0.18832162552820622
v 0.6088235294117648 0.20420278316949633 -0.18728947593505174
v 0.6088235294117648 0.25735294117647056 -0.1722553920184316
v 0.6333652001975729 0.25735294117647056 -0.15000000000000002
v 0.6448020484825583 0.22637284794009865 -0.15000000000000002
v -0.6088235294117647 0.31080519455723155 -0.15000000000000002
v -0.5918991397164826 0.27390940935663777 -0.18481276359423188
v -0.5825946390020105 0.32352941176470584 -0.17842675533988916
v -0.6042138017878292 0.32352941176470584 -0.15000000000000002
v 0.6022375446911965 0.3170866006250195 -0.15452019448212917
v 0.6088235294117648 0.31080519455723143 -0.15000000000000002
v 0.5885961214768115 0.32352941176470584 -0.16388278619138097
v 0.6042138017878294 0.32352941176470584 -0.15000000000000002
v 0.6058261200759022 0.320597163501362 -0.15000000000000002
v 0.6285447145692334 0.27664540491747264 -0.15000000000000002
v -0.5660392845658098 0.3653835643314008 -0.16706422946908067
v -0.5411764705882353 0.3897058823529411 -0.17377741097378369
v -0.5605768565656865 0.3897058823529411 -0.16331517174228793
v -0.570826994701175 0.3897058823529411 -0.15000000000000002
v -0.5976096360970132 0.3344995247900062 -0.15000000000000002
v -0.5284654838654238 0.3897058823529411 -0.18770457122440581
v 0.5411764705882351 0.3897058823529411 -0.1737774109737838
v 0.5592114588458597 0.34117233506020805 -0.18405052048156828
v 0.570826994701175 0.3897058823529411 -0.15000000000000002
v 0.5871450730282621 0.3684986967603843 -0.15000000000000002
v -0.5411764705882353 0.4296754629574386 -0.15000000000000002
v -0.5169788245123623 0.4133774926445559 -0.1798208702398512
v -0.47352941176470575 0.4558823529411764 -0.18571556952110252
v -0.5031439736054624 0.4558823529411764 -0.17032552225716524
v -0.5224317542027702 0.4558823529411764 -0.15000000000000002
v -0.4667908738306515 0.4558823529411764 -0.19180367427507453
v 0.47352941176470575 0.4558823529411764 -0.18571556952110252
v 0.5207300658100997 0.4358804352234352 -0.16403309147816128
v 0.5411764705882351 0.42967546295743875 -0.15000000000000002
v 0.5224317542027702 0.4558823529411764 -0.15000000000000002
v 0.531883529758016 0.44679143256378817 -0.15000000000000002
v 0.5620252017736359 0.4101013802517027 -0.15000000000000002
v -0.47352941176470575 0.5084004625840087 -0.15000000000000002
v -0.4577520266157626 0.4713167514564469 -0.1855999934226197
v -0.40588235294117647 0.5220588235294117 -0.18376928434604137
v -0.43560471277679136 0.5220588235294117 -0.1703995078374873
v -0.4594120847024066 0.5220588235294117 -0.15000000000000002
v -0.39688698625293517 0.5220588235294117 -0.19025473280092753
v 0.4058823529411766 0.5220588235294117 -0.1837692843460413
v 0.46054798821424126 0.5093596048387399 -0.15890961057345548
v 0.47352941176470575 0.5084004625840087 -0.15000000000000002
v 0.4594120847024066 0.5220588235294117 -0.15000000000000002
v 0.46760844897126347 0.5162665773184355 -0.15000000000000002
v 0.5043480607266927 0.48603103127355496 -0.15000000000000002
v -0.40588235294117647 0.5675200934376909 -0.15000000000000002
v -0.37811489414465255 0.5492226419173155 -0.17737078138499443
v -0.3382352941176471 0.588235294117647 -0.16900285584210825
v -0.35651737178559423 0.588235294117647 -0.16254763715719356
v -0.3748737308806003 0.588235294117647 -0.15000000000000002
v -0.31606310079876987 0.588235294117647 -0.18121101017555324
v 0.33823529411764697 0.588235294117647 -0.16900285584210833
v 0.4058823529411766 0.5675200934376908 -0.15000000000000002
v 0.38103660410287704 0.5639296702540931 -0.16705251705982666
v 0.37487373088060033 0.588235294117647 -0.15000000000000002
v 0.3952529705601293 0.5778369852666225 -0.15000000000000002
v 0.4357814633044398 0.5513079532326041 -0.15000000000000002
v -0.3382352941176471 0.6126685427452947 -0.15000000000000002
v -0.2705882352941176 0.6453929425785346 -0.15000000000000002
v -0.2705882352941176 0.5927970408239928 -0.19322810786634145
v -0.2921248228305692 0.6333433638550058 -0.15000000000000002
v -0.2029411764705883 0.6544117647058822 -0.16405027505199865
v -0.21828894716099212 0.6544117647058822 -0.16053371839310326
v -0.24464227939350852 0.6544117647058822 -0.15000000000000002
v -0.1352941176470588 0.6544117647058822 -0.17973370162301233
v -0.16947933068144866 0.6544117647058822 -0.17346252198944145
v -0.0676470588235294 0.6544117647058822 -0.1887025227052938
v -0.11573478259729054 0.6544117647058822 -0.18300430731056277
v 0 0.6544117647058822 -0.1916449753720547
v -0.05722643937668964 0.6544117647058822 -0.18927653137344225
v 0.0676470588235294 0.6544117647058822 -0.1887025227052938
v 0.007565759985836932 0.6544117647058822 -0.19123592249419263
v 0.1352941176470588 0.6544117647058822 -0.17973370162301233
v 0.08226132089321446 0.6544117647058822 -0.18639828597080618
v 0.2029411764705884 0.6544117647058822 -0.16405027505199865
v 0.17380655491596117 0.6544117647058822 -0.16999612224711988
v 0.25521155982301713 0.6393693647885013 -0.16055355676743235
v 0.2705882352941176 0.6453929425785346 -0.15000000000000002
v 0.2705882352941176 0.5927970408239928 -0.19322810786634145
v 0.24464227939350858 0.6544117647058822 -0.15000000000000002
v 0.264585406162645 0.6485394318598764 -0.15000000000000002
v 0.2719302758381403 0.5895481598672344 -0.19550748148997196
v 0.33823529411764697 0.6126685427452948 -0.15000000000000002
v 0.31347968497799833 0.630194320982313 -0.15000000000000002
v 0.3561361507627804 0.6057470017052774 -0.15000000000000002
v -0.2029411764705883 0.6715969642964271 -0.15000000000000002
v -0.1352941176470588 0.6896988648798702 -0.15000000000000002
v -0.18084057986110832 0.6760319135629822 -0.15000000000000002
v -0.0676470588235294 0.6994898986538379 -0.15000000000000002
v -0.09419864457505252 0.6946138579284972 -0.15000000000000002
v 0 0.7026015645969734 -0.15000000000000002
v -0.01964258791295194 0.701372660161882 -0.15000000000000002
v 0.0676470588235294 0.6994898986538379 -0.15000000000000002
v 0.04740727325890182 0.7007884450678515 -0.15000000000000002
v 0.1352941176470588 0.6896988648798702 -0.15000000000000002
v 0.1090434121519182 0.694908197309741 -0.15000000000000002
v 0.2029411764705884 0.6715969642964271 -0.15000000000000002
v 0.16589125247848713 0.6843437444322795 -0.15000000000000002
v 0.2172169477767894 0.6683771931576007 -0.15000000000000002
v -0.1352941176470588 -0.5367647058823529 -0.14402887580889143
v -0.0676470588235294 -0.5367647058823529 -0.13344208570472166
v -0.1247244885955828 -0.5367647058823529 -0.1427456893777137
v 0 -0.5367647058823529 -0.13003210793415892
v -0.04199669616072808 -0.5367647058823529 -0.13239524798608981
v 0.0676470588235294 -0.5367647058823529 -0.13344208570472166
v 0.027497547604268202 -0.5367647058823529 -0.13112745956353025
v 0.1352941176470588 -0.5367647058823529 -0.14402887580889143
v 0.08837555655334019 -0.5367647058823529 -0.1357732981419622
v 0.14228387697526246 -0.5367647058823529 -0.14520268070952486
v -0.2705882352941176 -0.47058823529411764 -0.12126522888504462
v -0.21438984071430583 -0.481788015532537 -0.11142905216727206
v -0.2029411764705883 -0.4778660703809483 -0.10357142857142865
v -0.2029411764705883 -0.49421221058683196 -0.12014570964980917
v -0.2192729479892802 -0.47058823529411764 -0.10357142857142865
v -0.20913881423009212 -0.47665114179798007 -0.10357142857142865
v -0.1352941176470588 -0.4985564344372356 -0.10357142857142865
v -0.1839806863060975 -0.5182164002866554 -0.136986744328098
v -0.15989545179372103 -0.4946547578288959 -0.10357142857142865
v -0.0676470588235294 -0.5092791669516633 -0.10357142857142865
v -0.10341420708965589 -0.5055778368588066 -0.10357142857142865
v 0 -0.5126284356060413 -0.10357142857142865
v -0.04143540210171123 -0.5111228677849221 -0.10357142857142865
v 0.0676470588235294 -0.5092791669516633 -0.10357142857142865
v 0.02651746335394071 -0.5108237091230631 -0.10357142857142865
v 0.1352941176470588 -0.4985564344372356 -0.10357142857142865
v 0.10290878387764527 -0.502269540068544 -0.10357142857142865
v 0.2029411764705884 -0.4778660703809483 -0.10357142857142865
v 0.2029411764705884 -0.4942122105868319 -0.12014570964980911
v 0.19369807485798154 -0.47963039991514606 -0.10357142857142865
v 0.2705882352941176 -0.47058823529411764 -0.12126522888504462
v 0.255065899740075 -0.47058823529411764 -0.11422495701069393
v 0.21927294798928026 -0.47058823529411764 -0.10357142857142865
v 0.29903674557356824 -0.47058823529411764 -0.13047478021192987
v -0.40588235294117647 -0.40441176470588236 -0.1333776601073356
v -0.3519345404795017 -0.41781320136421835 -0.11297370635394374
v -0.3382352941176471 -0.4151504958256333 -0.10357142857142865
v -0.3382352941176471 -0.45331443412054095 -0.1378809204464748
v -0.3533633100929886 -0.40441176470588236 -0.10357142857142865
v -0.34633054874596936 -0.41233103553793676 -0.10357142857142865
v -0.3345531943853444 -0.46698618120816937 -0.14747284459366808
v -0.2705882352941176 -0.452506168064494 -0.10357142857142865
v -0.30732699501746386 -0.4403518557395906 -0.10357142857142865
v -0.259028563238155 -0.4592798604567629 -0.10357142857142865
v 0.2705882352941176 -0.452506168064494 -0.10357142857142865
v 0.33823529411764697 -0.4151504958256334 -0.10357142857142865
v 0.33823529411764697 -0.4533144341205413 -0.137880920446475
v 0.3177798349854025 -0.42442253994394763 -0.10357142857142865
v 0.4058823529411766 -0.40441176470588236 -0.13337766010733565
v 0.38522195433626966 -0.40441176470588236 -0.1177513915890821
v 0.3533633100929886 -0.40441176470588236 -0.10357142857142865
v 0.4211859701422456 -0.40441176470588236 -0.13949658570982526
v -0.47352941176470575 -0.3382352941176471 -0.12878837152610148
v -0.40588235294117647 -0.36741188939962965 -0.10357142857142865
v -0.43846256841518333 -0.3701072440378712 -0.12593238391228428
v -0.4383401831384991 -0.3382352941176471 -0.10357142857142865
v -0.425668526354383 -0.35759133332621873 -0.10357142857142865
v -0.3882513215466617 -0.3871640166025527 -0.10357142857142865
v 0.4058823529411766 -0.36741188939962954 -0.10357142857142865
v 0.43258875114444284 -0.3782859403766 -0.13167045340707498
v 0.47352941176470575 -0.3382352941176471 -0.12878837152610148
v 0.4579615619741325 -0.3382352941176471 -0.11425619504259851
v 0.4383401831384991 -0.3382352941176471 -0.10357142857142865
v 0.4919921600853587 -0.3382352941176471 -0.1373283621774401
v -0.5411764705882353 -0.2720588235294118 -0.1391161002430227
v -0.5021546254238018 -0.30006174993504925 -0.12321792614490762
v -0.47352941176470575 -0.30090942137870363 -0.10357142857142865
v -0.49886962756378295 -0.2720588235294118 -0.10357142857142865
v -0.49087870314082765 -0.2890309563973571 -0.10357142857142865
v -0.45884690758015423 -0.32387197480667274 -0.10357142857142865
v 0.47352941176470575 -0.30090942137870363 -0.10357142857142865
v 0.5002237507039251 -0.31212126689449776 -0.13167873010693337
v 0.5411764705882351 -0.2720588235294118 -0.13911610024302257
v 0.5214142589594567 -0.2720588235294118 -0.11713493406819897
v 0.49886962756378295 -0.2720588235294118 -0.10357142857142865
v 0.550391759790421 -0.2720588235294118 -0.14367522076495948
v -0.5411764705882353 -0.21234421502872075 -0.1081049889566581
v -0.5411764705882353 -0.20588235294117652 -0.10450862520590579
v -0.5401764694911956 -0.20588235294117652 -0.10357142857142865
v -0.5200917732414109 -0.25143248916838795 -0.10357142857142865
v 0.5402638825284286 -0.20677510213011766 -0.1041977700658921
v 0.5411764705882351 -0.21234421502872014 -0.10810498895665765
v 0.5411764705882351 -0.20588235294117652 -0.10450862520590569
v 0.5406642173835788 -0.20588235294117652 -0.10392300608145676
v 0.5401764694911956 -0.20588235294117652 -0.10357142857142865
v 0.537630363013844 -0.20935137122047215 -0.10357142857142865
v 0.5529468528084497 -0.26054431918354976 -0.14192156996687144
v 0.5767094223487762 -0.20588235294117652 -0.12561247720782753
v -0.6088235294117647 -0.13970588235294112 -0.13621218030225524
v -0.5411764705882353 -0.20376953845630588 -0.10357142857142865
v -0.589547894754867 -0.18702575382029835 -0.13677044950566966
v -0.5762827966500139 -0.13970588235294112 -0.10357142857142865
v -0.5688234730699656 -0.16675186304159045 -0.10357142857142865
v -0.5405966773298374 -0.20531516388404822 -0.10357142857142865
v 0.5411764705882351 -0.20376953845630608 -0.10357142857142865
v 0.5840176228911698 -0.16397253003613182 -0.1205966004380481
v 0.6088235294117648 -0.13970588235294112 -0.13621218030225538
v 0.5924233923322201 -0.13970588235294112 -0.11482742327509125
v 0.5762827966500139 -0.13970588235294112 -0.10357142857142865
v 0.619997873035618 -0.13970588235294112 -0.14233065235754166
v -0.6088235294117647 -0.10778802250364786 -0.12760683483589272
v -0.6088235294117647 -0.07352941176470584 -0.11636487766343329
v -0.5967066210872218 -0.07352941176470584 -0.10357142857142865
v -0.58684466036798 -0.11820481481010833 -0.10357142857142865
v 0.6088235294117648 -0.10778802250364816 -0.1276068348358929
v 0.600251992685995 -0.08191461073556748 -0.10945437769066807
v 0.6088235294117648 -0.07352941176470584 -0.1163648776634334
v 0.6024160215706054 -0.07352941176470584 -0.1079691280524728
v 0.5967066210872218 -0.07352941176470584 -0.10357142857142865
v 0.5888066753778013 -0.09311111679793092 -0.10357142857142865
v 0.621273799952004 -0.12752626986792437 -0.14145493854225813
v 0.635134456947636 -0.07352941176470584 -0.13194187892724357
v -0.6088235294117647 -0.010117846878573492 -0.10551125130211038
v -0.6088235294117647 -0.007352941176470562 -0.10491169165304422
v -0.607586768708259 -0.007352941176470562 -0.10357142857142865
v -0.599369742588647 -0.06428114204643857 -0.10357142857142865
v 0.608021767857862 -0.008137273131375439 -0.10412170591121905
v 0.6088235294117648 -0.0101178468785737 -0.10551125130211053
v 0.6088235294117648 -0.007352941176470562 -0.10491169165304433
v 0.6081528370687576 -0.007352941176470562 -0.1040317484714429
v 0.607586768708259 -0.007352941176470562 -0.10357142857142865
v 0.6071727106920761 -0.008967872532687646 -0.10357142857142865
v 0.6366017531121957 -0.04635506249254508 -0.1309348216217539
v 0.6430152941242196 -0.007352941176470562 -0.1265329813619486
v -0.6088235294117647 0.013867816018374703 -0.10357142857142865
v -0.6189868074317263 0.04888119221832397 -0.1105468460944458
v -0.6209957317191319 0.05882352941176472 -0.11192564195629867
v -0.6130091005871767 0.05882352941176472 -0.10357142857142865
v -0.6129139477605103 0.05482203320103524 -0.10357142857142865
v -0.6077059674970728 -0.006259674086011137 -0.10357142857142865
v 0.6088235294117648 0.013867816018376174 -0.10357142857142865
v 0.6434294089449099 0.02650063662769319 -0.12624875969930102
v 0.6456804282558135 0.05882352941176472 -0.1247038054517553
v 0.6130091005871767 0.05882352941176472 -0.10357142857142865
v -0.6088235294117647 0.1246485883239624 -0.10381797454096614
v -0.6088235294117647 0.11915442710499627 -0.10357142857142865
v -0.6088235294117647 0.125 -0.10383110258424141
v -0.6085781554910215 0.125 -0.10357142857142865
v 0.6086944451329961 0.12487372190120459 -0.1036600236820121
v 0.6088235294117648 0.11915442710499474 -0.10357142857142865
v 0.6088235294117648 0.1246485883239623 -0.1038179745409662
v 0.6088235294117648 0.125 -0.10383110258424148
v 0.6086913341079395 0.125 -0.10366215888865032
v 0.6085781554910215 0.125 -0.10357142857142865
v 0.6085910830747189 0.12477260684419425 -0.10357142857142865
v 0.6448195255714029 0.0940370039157587 -0.12529467344322967
v 0.6439397239985944 0.125 -0.12589851241090258
v 0.6128124679892059 0.06272575193317455 -0.10357142857142865
v -0.6088235294117647 0.17964297081350872 -0.1116631855562368
v -0.6088235294117647 0.19117647058823528 -0.1136009210822881
v -0.5988661069851032 0.19117647058823528 -0.10357142857142865
v -0.6085138179260156 0.12530297862736323 -0.10357142857142865
v 0.6088235294117648 0.1796429708135086 -0.11166318555623689
v 0.6041931163104711 0.18664671864131765 -0.10674944501672641
v 0.6088235294117648 0.19117647058823528 -0.11360092108228817
v 0.6036242749496639 0.19117647058823528 -0.10713986098175257
v 0.5988661069851032 0.19117647058823528 -0.10357142857142865
v 0.6006926006543283 0.18322230115161264 -0.10357142857142865
v 0.6420647415397628 0.15751857708173733 -0.12718537925376527
v 0.637594914681515 0.19117647058823528 -0.13025317967510933
v -0.6088235294117647 0.23053521403242144 -0.12238640539312659
v -0.6088235294117647 0.25735294117647056 -0.13032386170225432
v -0.5802416045604541 0.25735294117647056 -0.10357142857142865
v -0.5933782633270273 0.20628597001895665 -0.10357142857142865
v 0.6088235294117648 0.23053521403242141 -0.1223864053931266
v 0.597274098709188 0.24605458505438466 -0.11149821175549526
v 0.6088235294117648 0.25735294117647056 -0.13032386170225438
v 0.5946603399310254 0.25735294117647056 -0.11329212694174974
v 0.5802416045604543 0.25735294117647056 -0.10357142857142865
v 0.5885876504969977 0.23755697267289416 -0.10357142857142865
v 0.6353255623780637 0.21710237240309302 -0.1318107165044967
v 0.6253308812447673 0.25735294117647056 -0.13867042001523738
v -0.6088235294117647 0.27747673204210344 -0.13588140386887348
v -0.5756454135082473 0.32352941176470584 -0.12722868442646793
v -0.5477739612753628 0.32352941176470584 -0.10357142857142865
v -0.5515873723105803 0.3133448339928465 -0.10357142857142865
v 0.6088235294117648 0.2774767320421033 -0.13588140386887354
v 0.587967802094034 0.3031270698234475 -0.1178854526000575
v 0.5808986777868056 0.32352941176470584 -0.12273724288545335
v 0.5477739612753629 0.32352941176470584 -0.10357142857142865
v 0.5714914907702469 0.28700893918061243 -0.10357142857142865
v 0.6236590884865972 0.27186598809750234 -0.13981783057286346
v -0.5411764705882353 0.3698304056377752 -0.11751581064778316
v -0.5411764705882353 0.33348027206095315 -0.10357142857142865
v -0.5411764705882353 0.3897058823529411 -0.12856943626816195
v -0.5083464200579285 0.3897058823529411 -0.10357142857142865
v 0.5309177306967665 0.3796701585460696 -0.11061236495656708
v 0.5411764705882351 0.3334802720609535 -0.10357142857142865
v 0.5411764705882351 0.36983040563777525 -0.1175158106477831
v 0.5411764705882351 0.3897058823529411 -0.12856943626816186
v 0.5262422122327219 0.3897058823529411 -0.11382133880921876
v 0.5083464200579285 0.3897058823529411 -0.10357142857142865
v 0.5237411281030124 0.3726495690521797 -0.10357142857142865
v 0.5756120217505711 0.35721636398873013 -0.12636566209044653
v 0.5598596164092 0.3897058823529411 -0.1371770955700832
v 0.5461160659343409 0.3283616246032876 -0.10357142857142865
v -0.5411764705882353 0.409478118367833 -0.13612805028796482
v -0.502138789943925 0.4278949177658532 -0.12320705769443316
v -0.47352941176470575 0.43126294684506955 -0.10357142857142865
v -0.47352941176470575 0.44588284881609536 -0.11058695368775535
v -0.47352941176470575 0.4558823529411764 -0.11749695850167946
v -0.4519300428143419 0.4558823529411764 -0.10357142857142865
v 0.46773614094635074 0.4502150227927856 -0.10754755543744252
v 0.47352941176470575 0.43126294684506955 -0.10357142857142865
v 0.47352941176470575 0.44588284881609536 -0.11058695368775535
v 0.47352941176470575 0.4558823529411764 -0.11749695850167946
v 0.4642983153543305 0.4558823529411764 -0.10990705685308373
v 0.4519300428143419 0.4558823529411764 -0.10357142857142865
v 0.4638479059007231 0.446411314595976 -0.10357142857142865
v 0.5411764705882351 0.40947811836783304 -0.13612805028796474
v 0.5166158912687344 0.43185569925905615 -0.12042822369444
v 0.5020479888185245 0.4558823529411764 -0.1304266909040561
v 0.49687863302209234 0.4125475118438628 -0.10357142857142865
v 0.557397755966647 0.40557453109269176 -0.13886675755084166
v -0.47352941176470575 0.48412870913610384 -0.13018271517752714
v -0.4281524821603012 0.5002728275541809 -0.11885620670008258
v -0.40588235294117647 0.4989289955744387 -0.10357142857142865
v -0.40588235294117647 0.5119157691548097 -0.11068766671995886
v -0.40588235294117647 0.5220588235294117 -0.11899979881139132
v -0.37565500823886167 0.5220588235294117 -0.10357142857142865
v 0.3993537899800388 0.5156721858500378 -0.10805221246711638
v 0.4058823529411766 0.4989289955744386 -0.10357142857142865
v 0.4058823529411766 0.5119157691548097 -0.11068766671995889
v 0.4058823529411766 0.5220588235294117 -0.11899979881139139
v 0.39443860302627826 0.5220588235294117 -0.11142567928941784
v 0.3756550082388616 0.5220588235294117 -0.10357142857142865
v 0.39483319406240475 0.5112498637567001 -0.10357142857142865
v 0.47352941176470575 0.48412870913610384 -0.13018271517752714
v 0.4511225777371023 0.5001390945893647 -0.11895003205000126
v 0.43452541642499654 0.5220588235294117 -0.1303412514598627
v 0.43326795438620064 0.48267261522435223 -0.10357142857142865
v 0.49744080969198506 0.47927393787003664 -0.1335887610499108
v -0.40588235294117647 0.5482911035757878 -0.13159576542778062
v -0.3698947752308075 0.557264062593903 -0.12530045132300766
v -0.3382352941176471 0.5493155909681753 -0.10357142857142865
v -0.3382352941176471 0.5707209703037952 -0.1158592557551151
v -0.3382352941176471 0.588235294117647 -0.13237328572594345
v -0.27348783628711404 0.5853987279288461 -0.10556152738960323
v -0.2705882352941176 0.5845119874685654 -0.10357142857142865
v -0.2705882352941176 0.5864367573823734 -0.10483325910633487
v -0.2705882352941176 0.588235294117647 -0.1065554116804832
v -0.28201789465015 0.588235294117647 -0.11141600844000986
v -0.28079374543570595 0.5782516428921801 -0.10357142857142865
v -0.2610000846372883 0.588235294117647 -0.10357142857142865
v 0.26921101508012407 0.5868880134735228 -0.10451666356302047
v 0.2705882352941176 0.5845119874685654 -0.10357142857142865
v 0.2705882352941176 0.5864367573823734 -0.10483325910633487
v 0.2705882352941176 0.588235294117647 -0.1065554116804832
v 0.26783737816026343 0.588235294117647 -0.10545943921298695
v 0.2610000846372883 0.588235294117647 -0.10357142857142865
v 0.2682332048119395 0.5859314599502988 -0.10357142857142865
v 0.3258316479254304 0.5761012924078699 -0.11208449008844687
v 0.33823529411764697 0.5493155909681753 -0.10357142857142865
v 0.33823529411764697 0.5707209703037952 -0.11585925575511508
v 0.33823529411764697 0.588235294117647 -0.13237328572594337
v 0.3141749654243776 0.588235294117647 -0.12008488397892096
v 0.3163223329927308 0.5667987017128376 -0.10357142857142865
v 0.4058823529411766 0.5482911035757877 -0.13159576542778065
v 0.37991627158759034 0.5628336927934866 -0.12139286950044274
v 0.35590585350510207 0.588235294117647 -0.13787206948873432
v 0.3577216694580903 0.5411215820146279 -0.10357142857142865
v 0.42908130662764155 0.5447534521357362 -0.13407773675556284
v -0.3382352941176471 0.6033809093718756 -0.1393740286629063
v -0.2705882352941176 0.6229531874646919 -0.1256423668898511
v -0.31986381360029154 0.6062073946237556 -0.1373910025020635
v -0.2293489669621577 0.6285780566163034 -0.12169603011999028
v -0.2029411764705883 0.614292452540078 -0.10357142857142865
v -0.2029411764705883 0.6356670634707302 -0.11672247293005913
v -0.2029411764705883 0.6544117647058822 -0.13682891304180092
v -0.14870602600870114 0.641291419569493 -0.11277649611156204
v -0.1352941176470588 0.6328113983130611 -0.10357142857142865
v -0.1352941176470588 0.6439124640758459 -0.11093760456900968
v -0.1352941176470588 0.6544117647058822 -0.12221736447770389
v -0.17672180120103928 0.6544117647058822 -0.13200471448891207
v -0.16848792892530443 0.6219395580206419 -0.10357142857142865
v -0.07439761262477376 0.6478079620742302 -0.10820457263998456
v -0.0676470588235294 0.6427543306728758 -0.10357142857142865
v -0.0676470588235294 0.648615409169446 -0.10763807801127753
v -0.0676470588235294 0.6544117647058822 -0.11389126185455711
v -0.08678508598092369 0.6544117647058822 -0.11670653416703154
v -0.08264452359719128 0.639740331775126 -0.10357142857142865
v -0.00454621211142596 0.6499643832925308 -0.10669165489635143
v 0 0.645902764622259 -0.10357142857142865
v 0 0.6501492935699684 -0.10656192419376817
v 0 0.6544117647058822 -0.11116894473503736
v -0.0119472398110676 0.6544117647058822 -0.11177124223057752
v -0.009354514144153038 0.645260609564863 -0.10357142857142865
v 0.0619630834729435 0.6488513540368308 -0.10747254208844567
v 0.0676470588235294 0.6427543306728758 -0.10357142857142865
v 0.0676470588235294 0.648615409169446 -0.10763807801127753
v 0.0676470588235294 0.6544117647058822 -0.11389126185455711
v 0.053658383327344655 0.6544117647058822 -0.11317235181570451
v 0.05653249656089736 0.6435388233620031 -0.10357142857142865
v 0.12579785101544472 0.6451219386532163 -0.11008905256393395
v 0.1352941176470588 0.6328113983130611 -0.10357142857142865
v 0.1352941176470588 0.6439124640758459 -0.11093760456900968
v 0.1352941176470588 0.6544117647058822 -0.12221736447770389
v 0.11316448343368676 0.6544117647058822 -0.1187597800035877
v 0.11725113461120978 0.6367610204316821 -0.10357142857142865
v 0.18727601667059393 0.6390871518580616 -0.1143229823472012
v 0.2029411764705884 0.6142924525400779 -0.10357142857142865
v 0.2029411764705884 0.6356670634707302 -0.11672247293005915
v 0.2029411764705884 0.6544117647058822 -0.13682891304180092
v 0.1679339332742887 0.6544117647058822 -0.12759813896391994
v 0.1734182867453991 0.6255306769312406 -0.10357142857142865
v 0.2705882352941176 0.6229531874646919 -0.1256423668898511
v 0.24632668718227557 0.6306776415529932 -0.12022298798980473
v 0.21773390258003397 0.6544117647058822 -0.13984722835345506
v 0.2242227517005272 0.6090542264078046 -0.10357142857142865
v 0.33823529411764697 0.6033809093718756 -0.13937402866290627
v 0.3022246330618583 0.6191839441078281 -0.128286820165619
v 0.3523256501907182 0.6020193381021731 -0.14032928977593565
v -0.2029411764705883 0.6657413025885751 -0.14205134008865045
v -0.19058328949963 0.6665010019600807 -0.14151834465657834
v -0.1352941176470588 0.6772283215898485 -0.13399219342426505
v -0.0676470588235294 0.6833185946431751 -0.12971933518685175
v -0.11095881097371847 0.6782180429732805 -0.13329781746953975
v 0 0.6852442984060568 -0.1283682858801951
v -0.037670786635571364 0.6837363788027978 -0.1294262231256562
v 0.0676470588235294 0.6833185946431751 -0.12971933518685175
v 0.031086794662159484 0.6848227594840819 -0.12866403223497755
v 0.1352941176470588 0.6772283215898485 -0.13399219342426505
v 0.09611023487908907 0.682256176064582 -0.13046471457056313
v 0.2029411764705884 0.6657413025885751 -0.14205134008865045
v 0.15742789596525728 0.6760643739302069 -0.13480880432198186
v 0.21389511762108 0.6651275767009285 -0.14248192237807875
v -0.2029411764705883 -0.47058823529411764 -0.0925016967232005
v -0.1352941176470588 -0.47058823529411764 -0.05933748501512598
v -0.14792011881228423 -0.47058823529411764 -0.06580852875004606
v -0.08327557591285847 -0.48587700201193956 -0.06786926172901162
v -0.0676470588235294 -0.48374602973249586 -0.05714285714285716
v -0.0676470588235294 -0.48870493254155506 -0.0698533018783609
v -0.12799882483295755 -0.47058823529411764 -0.05714285714285716
v -0.07997774859332768 -0.4826508665906595 -0.05714285714285716
v -0.023432844808191723 -0.49351167043256605 -0.07322564814475274
v 0 -0.4882159913956898 -0.05714285714285716
v 0 -0.4949854886516577 -0.07425966029211545
v -0.017497832467841777 -0.487705680099615 -0.05714285714285716
v 0.04779526640344844 -0.49000846700941425 -0.07076784510819226
v 0.0676470588235294 -0.48374602973249586 -0.05714285714285716
v 0.0676470588235294 -0.48870493254155506 -0.0698533018783609
v 0.05376247788682767 -0.4841709775148041 -0.05714285714285716
v 0.1352941176470588 -0.47058823529411764 -0.05933748501512598
v 0.13317303011869958 -0.47058823529411764 -0.058598634607973266
v 0.12799882483295755 -0.47058823529411764 -0.05714285714285716
v 0.2029411764705884 -0.47058823529411764 -0.09250169672320052
v 0.17530765660710934 -0.47058823529411764 -0.07610872015474804
v 0.21230498394137767 -0.47058823529411764 -0.0971447159905453
v -0.3382352941176471 -0.40441176470588236 -0.08823676243046868
v -0.2916018167666194 -0.4249685291898515 -0.07156522206653078
v -0.2705882352941176 -0.42673384294649475 -0.05714285714285716
v -0.2705882352941176 -0.4376371138842595 -0.08045334021721068
v -0.3067310875341531 -0.40441176470588236 -0.05714285714285716
v -0.28832823959749604 -0.4217661167417961 -0.05714285714285716
v -0.2029411764705883 -0.45399669951750943 -0.05714285714285716
v -0.25383628277776243 -0.4542004556585528 -0.09207397047790536
v -0.24388902850715788 -0.44446944604600486 -0.05714285714285716
v -0.1352941176470588 -0.46960238181617286 -0.05714285714285716
v -0.1911777035066112 -0.4590804900032705 -0.05714285714285716
v -0.13448771682877933 -0.46979936492840946 -0.05714285714285716
v 0.1352941176470588 -0.46960238181617286 -0.05714285714285716
v 0.2029411764705884 -0.4539966995175094 -0.05714285714285716
v 0.13688209876727883 -0.46903477550259803 -0.05714285714285716
v 0.2705882352941176 -0.42673384294649475 -0.05714285714285716
v 0.2705882352941176 -0.4376371138842595 -0.08045334021721068
v 0.23690287007849042 -0.4373648393733438 -0.05714285714285716
v 0.33823529411764697 -0.40441176470588236 -0.08823676243046855
v 0.3214336782217769 -0.40441176470588236 -0.06867440097201025
v 0.3067310875341531 -0.40441176470588236 -0.05714285714285716
v 0.34911094800003667 -0.40441176470588236 -0.09610708227326678
v -0.40588235294117647 -0.3382352941176471 -0.06472188187576483
v -0.3382352941176471 -0.38731774263004054 -0.05714285714285716
v -0.3806131733616996 -0.3796919151172637 -0.08622829600290567
v -0.4001984437936881 -0.3382352941176471 -0.05714285714285716
v -0.37390312177390184 -0.37312773421615714 -0.05714285714285716
v -0.32929691752490164 -0.39566770064776186 -0.05714285714285716
v 0.33823529411764697 -0.3873177426300406 -0.05714285714285716
v 0.38233181352866186 -0.3612738652820636 -0.0733064261185272
v 0.4058823529411766 -0.3382352941176471 -0.06472188187576497
v 0.4024026331488415 -0.3382352941176471 -0.059531112031385294
v 0.4001984437936881 -0.3382352941176471 -0.05714285714285716
v 0.43046987808221615 -0.3382352941176471 -0.08669613957711257
v -0.47352941176470575 -0.2720588235294118 -0.06963332680287303
v -0.40588235294117647 -0.3333479025019145 -0.05714285714285716
v -0.4527567339701111 -0.3179141962751088 -0.08931440437079068
v -0.4659562255546063 -0.2720588235294118 -0.05714285714285716
v -0.4453071942378726 -0.3106266030587885 -0.05714285714285716
v -0.4037639980505696 -0.3361629904203143 -0.05714285714285716
v 0.4058823529411766 -0.3333479025019144 -0.05714285714285716
v 0.4575841411420596 -0.2876574578341744 -0.06808666089318269
v 0.47352941176470575 -0.2720588235294118 -0.06963332680287303
v 0.46858476656633 -0.2720588235294118 -0.06053654220136971
v 0.4659562255546063 -0.2720588235294118 -0.05714285714285716
v 0.493819994783116 -0.2720588235294118 -0.08964528308363774
v -0.47352941176470575 -0.26183686858761723 -0.05714285714285716
v -0.5105208880145131 -0.24206966666381405 -0.0825314169292156
v -0.5393685507315981 -0.20588235294117652 -0.10233058916671801
v -0.5160904406643179 -0.20588235294117652 -0.05714285714285716
v -0.5048693973161152 -0.23654103445885968 -0.05714285714285716
v -0.4700327682200096 -0.26863819397481775 -0.05714285714285716
v 0.47352941176470575 -0.26183686858761723 -0.05714285714285716
v 0.5044546087635609 -0.24180591342183613 -0.08234637100389142
v 0.5246971156051793 -0.20588235294117652 -0.06845322189830859
v 0.5160904406643179 -0.20588235294117652 -0.05714285714285716
v -0.5467955074924707 -0.1452027662809976 -0.06099940110508092
v -0.5411764705882353 -0.15004406432740075 -0.05714285714285716
v -0.5411764705882353 -0.1925780957246378 -0.09423733065125386
v -0.549556705830588 -0.13970588235294112 -0.06289450928124217
v -0.5472309181554947 -0.13970588235294112 -0.05714285714285716
v -0.5458581160515665 -0.14428575291489565 -0.05714285714285716
v -0.5403771106968142 -0.2051003704386994 -0.10302279957762724
v -0.5273596788571137 -0.19236592624768797 -0.05714285714285716
v 0.5411764705882351 -0.15004406432740094 -0.05714285714285716
v 0.5411764705882351 -0.19257809572463894 -0.09423733065125467
v 0.5701679962040899 -0.13970588235294112 -0.08367351813321787
v 0.5472309181554947 -0.13970588235294112 -0.05714285714285716
v -0.5754328346236695 -0.10704107223415228 -0.08065421258332597
v -0.5880906460030042 -0.07352941176470584 -0.08934171666665826
v -0.5742720980194632 -0.07352941176470584 -0.05714285714285716
v -0.5693379578045495 -0.10107869273718717 -0.05714285714285716
v 0.5751225390637518 -0.10649777188776197 -0.08027303995935053
v 0.585814168113438 -0.07352941176470584 -0.07293499641903793
v 0.5742720980194633 -0.07352941176470584 -0.05714285714285716
v 0.5490655965432301 -0.13198825913609824 -0.05714285714285716
v -0.5944534111327334 -0.05947168736130576 -0.0937087076407892
v -0.6067946217839895 -0.007352941176470562 -0.10217891743559537
v -0.5871339707470382 -0.007352941176470562 -0.05714285714285716
v -0.5824957729221018 -0.047773997807426874 -0.05714285714285716
v 0.5901322137642471 -0.02563792387512908 -0.0699713688139795
v 0.5938506840303448 -0.007352941176470562 -0.06741925102265162
v 0.5871339707470382 -0.007352941176470562 -0.05714285714285716
v 0.579324758465861 -0.036210434493115444 -0.05714285714285716
v -0.6088235294117647 0.05882352941176472 -0.09717045238534677
v -0.6070704077103386 -0.005637930816379809 -0.1023681990806983
v -0.5911944372848936 0.05882352941176472 -0.05714285714285716
v -0.5892865085256032 0.011759361864339603 -0.05714285714285716
v 0.5954369113958252 0.045727924830954295 -0.06633056702336226
v 0.6088235294117648 0.05882352941176472 -0.0971704523853469
v 0.5965099888780369 0.05882352941176472 -0.06559407595637846
v 0.5911944372848936 0.05882352941176472 -0.05714285714285716
v 0.5891662200261034 0.03959355283883518 -0.05714285714285716
v 0.6123554326923021 0.05882352941176472 -0.1011473583074574
v -0.6088235294117647 0.0667537459741383 -0.09800768933243002
v -0.6084192691831376 0.125 -0.10329397046420324
v -0.5876458701165013 0.125 -0.05714285714285716
v -0.5899132464468227 0.07732271926877311 -0.05714285714285716
v 0.6088235294117648 0.06675374597413813 -0.09800768933243015
v 0.5948060810150297 0.11128727874232452 -0.06676352824744854
v 0.594192879566566 0.125 -0.06718439011114576
v 0.5876458701165013 0.125 -0.05714285714285716
v 0.589018252282912 0.10562527237394853 -0.05714285714285716
v 0.6122224184225203 0.062148529530982176 -0.10123865071000941
v -0.6082126757378485 0.12559757424622225 -0.1031521780685235
v -0.5915856091598555 0.19117647058823528 -0.09174043361592578
v -0.5755148545643792 0.19117647058823528 -0.05714285714285716
v -0.5811864646884887 0.1520362589684222 -0.05714285714285716
v 0.5899299890325254 0.17269365934767503 -0.0701101628068693
v 0.5865890415467293 0.19117647058823528 -0.07240317334836287
v 0.5755148545643793 0.19117647058823528 -0.05714285714285716
v 0.5824252332756925 0.16535205045512125 -0.05714285714285716
v -0.5677402705256982 0.23136661515069157 -0.07537453349745134
v -0.5551982390851025 0.25735294117647056 -0.06676649328511697
v -0.5506746053582497 0.25735294117647056 -0.05714285714285716
v -0.5537337236011667 0.24506867192468984 -0.05714285714285716
v 0.5813649008086932 0.2304912392821615 -0.07598868609092799
v 0.572332707543487 0.25735294117647056 -0.08218780010214091
v 0.5506746053582499 0.25735294117647056 -0.05714285714285716
v 0.569917893183702 0.21929307964901795 -0.05714285714285716
v -0.5411764705882353 0.29937909197781143 -0.07408641483461488
v -0.5411764705882353 0.27388144342030846 -0.05714285714285716
v -0.5411764705882353 0.32352941176470584 -0.09484098113403687
v -0.5196157911916982 0.32352941176470584 -0.05714285714285716
v 0.5315360687107337 0.3140985838410631 -0.06375940625753987
v 0.5411764705882351 0.27388144342030873 -0.05714285714285716
v 0.5411764705882351 0.29937909197781154 -0.07408641483461478
v 0.5411764705882351 0.32352941176470584 -0.09484098113403658
v 0.5269901426392102 0.32352941176470584 -0.06687943626315068
v 0.5196157911916982 0.32352941176470584 -0.05714285714285716
v 0.5286032319619725 0.3112295044129271 -0.05714285714285716
v 0.567908556499487 0.28350389478530386 -0.08522425159507258
v 0.5465878736713584 0.32352941176470584 -0.09985739105164528
v 0.5486924390682132 0.26470551903731865 -0.05714285714285716
v -0.5411764705882353 0.3298031024616956 -0.09916988684433423
v -0.4935046504640178 0.3701648879731793 -0.07085257066008688
v -0.47352941176470575 0.386832067478142 -0.05714285714285716
v -0.47352941176470575 0.3880445976583024 -0.058308393388937015
v -0.47352941176470575 0.3897058823529411 -0.06017722688028636
v -0.47152368383937754 0.3897058823529411 -0.05714285714285716
v 0.4727602489633984 0.388953440482097 -0.057670760804623994
v 0.47352941176470575 0.386832067478142 -0.05714285714285716
v 0.47352941176470575 0.3880445976583024 -0.058308393388937015
v 0.47352941176470575 0.3897058823529411 -0.06017722688028636
v 0.4722215931685718 0.3897058823529411 -0.05804045934703606
v 0.47152368383937754 0.3897058823529411 -0.05714285714285716
v 0.47255121093529046 0.3887489467589479 -0.05714285714285716
v 0.5411764705882351 0.3298031024616958 -0.09916988684433409
v 0.5161610516956856 0.36523427691457744 -0.07431182476786788
v 0.49961351824817885 0.3897058823529411 -0.08566898281724368
v 0.5067793795212288 0.3560565541352174 -0.05714285714285716
v 0.5455907423912347 0.32784772113720545 -0.10054175755135747
v -0.47352941176470575 0.41716753468454715 -0.08430468201496853
v -0.41619565719838325 0.4558823529411764 -0.06422124298398357
v -0.41063648663808006 0.4558823529411764 -0.05714285714285716
v -0.4467278231013795 0.415924827784456 -0.05714285714285716
v 0.47352941176470575 0.41716753468454715 -0.08430468201496853
v 0.454289589024404 0.43706078721696806 -0.07034782865095257
v 0.43784828974723633 0.4558823529411764 -0.08163207442813908
v 0.4106364866380801 0.4558823529411764 -0.05714285714285716
v 0.44774213905128557 0.4306556731128305 -0.05714285714285716
v 0.49437966671064676 0.4101028708870138 -0.08926116042530143
v -0.40588235294117647 0.4857407043060937 -0.08262318840747081
v -0.40588235294117647 0.46017513951650185 -0.05714285714285716
v -0.3519735129705211 0.5086192616081219 -0.06657188312573033
v -0.3382352941176471 0.5134790671057794 -0.05714285714285716
v -0.3382352941176471 0.5164507664424416 -0.06107739878165208
v -0.3382352941176471 0.5220588235294117 -0.07000347268357479
v -0.3890559732873116 0.4723429417330007 -0.05714285714285716
v -0.32367100227272705 0.5220588235294117 -0.05714285714285716
v 0.3347992690069048 0.5186974946167292 -0.05950112282445347
v 0.33823529411764697 0.5134790671057795 -0.05714285714285716
v 0.33823529411764697 0.5164507664424416 -0.061077398781652054
v 0.33823529411764697 0.5220588235294117 -0.07000347268357471
v 0.3305293248097742 0.5220588235294117 -0.062431736698881656
v 0.32367100227272705 0.5220588235294117 -0.05714285714285716
v 0.33378278766272584 0.5177031106930757 -0.05714285714285716
v 0.38514954596567247 0.5017767297490273 -0.07137251658877766
v 0.4058823529411766 0.4601751395165018 -0.05714285714285716
v 0.4058823529411766 0.4857407043060936 -0.08262318840747085
v 0.36215049336491495 0.5220588235294117 -0.08715758064085034
v 0.37777205615041737 0.4945596201471473 -0.05714285714285716
v 0.43005569938091415 0.4795301918496154 -0.08698040508328572
v 0.408913921238918 0.45884801758027133 -0.05714285714285716
v -0.3382352941176471 0.5418812513000673 -0.08966426496090517
v -0.31043426335141044 0.5492554840615996 -0.08449059689646499
v -0.2705882352941176 0.5547157384363137 -0.05714285714285716
v -0.2705882352941176 0.5667443063994174 -0.07222066122453571
v -0.21090463234604231 0.5804449568481811 -0.06260845884619674
v -0.2029411764705883 0.5809845309859407 -0.05714285714285716
v -0.2029411764705883 0.583292222275627 -0.06061085357805209
v -0.2029411764705883 0.588235294117647 -0.0696721934991375
v -0.21793479550341743 0.5735676233246619 -0.05714285714285716
v -0.1742874628747052 0.588235294117647 -0.05714285714285716
v 0.19913867520617498 0.5845154559241991 -0.05975264838333966
v 0.2029411764705884 0.5809845309859406 -0.05714285714285716
v 0.2029411764705884 0.583292222275627 -0.060610853578052105
v 0.2029411764705884 0.588235294117647 -0.06967219349913754
v 0.1923371083552615 0.588235294117647 -0.06442080451393556
v 0.17428746287470523 0.588235294117647 -0.05714285714285716
v 0.1978529952967229 0.5832577255779959 -0.05714285714285716
v 0.2553412541570407 0.5733197690922456 -0.06760740009718638
v 0.2705882352941176 0.5547157384363137 -0.05714285714285716
v 0.2705882352941176 0.5667443063994174 -0.07222066122453571
v 0.23194639936937742 0.588235294117647 -0.08366411720300504
v 0.2498034466955929 0.5679023487495249 -0.05714285714285716
v 0.33823529411764697 0.5418812513000674 -0.08966426496090515
v 0.30849238995877915 0.559138974831798 -0.07755646527673854
v 0.29587995751848223 0.5468007257054206 -0.05714285714285716
v 0.35544108073603686 0.5388905713082713 -0.09176248806626046
v -0.2029411764705883 0.6077328904453726 -0.08989216257642113
v -0.18047876907134722 0.6102093883125567 -0.08815468312039673
v -0.1352941176470588 0.6014723706143177 -0.05714285714285716
v -0.1352941176470588 0.6211305199585305 -0.08049255583861828
v -0.09904125066952668 0.6237000552913197 -0.07868980247815348
v -0.0676470588235294 0.6141336098931707 -0.05714285714285716
v -0.0676470588235294 0.6283413159533869 -0.07543355293429044
v -0.12000028591803001 0.6031966512438708 -0.05714285714285716
v -0.02561996902177833 0.6293487515324034 -0.07472674892488518
v 0 0.6180330556600437 -0.05714285714285716
v 0 0.6306420581600605 -0.07381938141786226
v -0.040131550785331496 0.6151526389376232 -0.05714285714285716
v 0.042340455752235245 0.6296553051796162 -0.0745116747787454
v 0.0676470588235294 0.6141336098931707 -0.05714285714285716
v 0.0676470588235294 0.6283413159533869 -0.07543355293429044
v 0.029388419811531494 0.6169848352376235 -0.05714285714285716
v 0.10609492280690357 0.6258473349709478 -0.07718329832196993
v 0.1352941176470588 0.6014723706143177 -0.05714285714285716
v 0.1352941176470588 0.6211305199585305 -0.08049255583861828
v 0.09166082236799392 0.6117270193241884 -0.05714285714285716
v 0.2029411764705884 0.6077328904453726 -0.08989216257642116
v 0.16598524348114738 0.6182592215640379 -0.08250702233126228
v 0.14703874290057323 0.5997246014308676 -0.05714285714285716
v 0.22103420888668163 0.6059349997420861 -0.09115353986348883
v -0.1416952987746926 -0.47685026031028116 -0.015107642947848013
v -0.1352941176470588 -0.47839182122965673 -0.010714285714285676
v -0.1352941176470588 -0.4777338306408553 -0.015727544671838144
v -0.1352941176470588 -0.47058823529411764 -0.04868952753579703
v -0.15179944551571914 -0.47058823529411764 -0.022042476580664362
v -0.1576230484316407 -0.47058823529411764 -0.010714285714285676
v -0.14232563490553188 -0.47746689348175436 -0.010714285714285676
v -0.08626015235292588 -0.4887966963554838 -0.02348911077638701
v -0.0676470588235294 -0.49178360691400813 -0.010714285714285676
v -0.0676470588235294 -0.4902471310928567 -0.024506717369909004
v -0.13081047956893999 -0.47058823529411764 -0.05406557759234705
v -0.08762927242216896 -0.4901360529449607 -0.010714285714285676
v -0.023318372350910374 -0.49339968650696475 -0.02671851021599748
v 0 -0.495811113248482 -0.010714285714285676
v 0 -0.4939987455857 -0.02713880245853874
v -0.02500839696337269 -0.4950529714539388 -0.010714285714285676
v 0.04698410859802356 -0.4908019909495038 -0.024895999999493115
v 0.0676470588235294 -0.49178360691400813 -0.010714285714285676
v 0.0676470588235294 -0.4902471310928567 -0.024506717369909004
v 0.04525486681375457 -0.49249364052107125 -0.010714285714285676
v 0.1272602922857158 -0.4784474122780401 -0.016228184487132882
v 0.1352941176470588 -0.47839182122965673 -0.010714285714285676
v 0.1352941176470588 -0.4777338306408553 -0.015727544671838144
v 0.1352941176470588 -0.47058823529411764 -0.04868952753579703
v 0.12645719929861177 -0.4792330467219463 -0.010714285714285676
v 0.15762304843164074 -0.47058823529411764 -0.010714285714285676
v -0.2930252772250724 -0.4263610448557294 -0.026113621946400618
v -0.2705882352941176 -0.43421517708641266 -0.010714285714285676
v -0.2705882352941176 -0.43190343163144856 -0.030002090128730556
v -0.3122346319925203 -0.40441176470588236 -0.03929768220604653
v -0.31913579123738817 -0.40441176470588236 -0.010714285714285676
v -0.2945714564686778 -0.4278736115070825 -0.010714285714285676
v -0.24593499126241214 -0.44647093135005794 -0.0402224629471835
v -0.2029411764705883 -0.4598941097747597 -0.010714285714285676
v -0.2029411764705883 -0.4555423307674055 -0.04658684158602104
v -0.248119704589505 -0.4486081509091705 -0.010714285714285676
v -0.1352941176470588 -0.4696762862835467 -0.056503045297345476
v -0.19192627713443197 -0.4598127902913561 -0.049582941759967275
v -0.195296819113493 -0.46311005961869833 -0.010714285714285676
v -0.13453363154337777 -0.4698442814970384 -0.05662090860585871
v 0.1352941176470588 -0.4696762862835467 -0.056503045297345476
v 0.13669459838044226 -0.4692181997940686 -0.05618165763329894
v 0.2029411764705884 -0.45989410977475964 -0.010714285714285676
v 0.2029411764705884 -0.4555423307674055 -0.04658684158602103
v 0.23130694959720086 -0.442839109409388 -0.0376744227919833
v 0.2705882352941176 -0.43421517708641266 -0.010714285714285676
v 0.2705882352941176 -0.43190343163144856 -0.030002090128730556
v 0.22466357070467904 -0.4493380670216376 -0.010714285714285676
v 0.31425177951386724 -0.40441176470588236 -0.027175020892656273
v 0.3191357912373882 -0.40441176470588236 -0.010714285714285676
v -0.40787062990690215 -0.3401803476710744 -0.012078910588277536
v -0.40588235294117647 -0.3413853960117482 -0.010714285714285676
v -0.40588235294117647 -0.34110986078558075 -0.012731045186074076
v -0.40588235294117647 -0.3382352941176471 -0.02498670065336714
v -0.4090694566235993 -0.3382352941176471 -0.012901707806880207
v -0.4093806316925742 -0.3382352941176471 -0.010714285714285676
v -0.40808424912692587 -0.3403893229950106 -0.010714285714285676
v -0.3763127475262261 -0.37548497679995263 -0.036848190072347714
v -0.3382352941176471 -0.3938417161176354 -0.010714285714285676
v -0.3382352941176471 -0.3890757164792066 -0.046383280450490984
v -0.4009033101066494 -0.3382352941176471 -0.05372556376884947
v -0.3778980755377434 -0.37703584115904565 -0.010714285714285676
v -0.3297417497050818 -0.39610286256315547 -0.051313436909388443
v -0.33262239744122185 -0.3989208875224229 -0.010714285714285676
v 0.33823529411764697 -0.3890757164792067 -0.04638328045049103
v 0.33823529411764697 -0.3938417161176355 -0.010714285714285676
v 0.39880188354741114 -0.345161840263722 -0.015573862534230286
v 0.4058823529411766 -0.3413853960117482 -0.010714285714285676
v 0.4058823529411766 -0.3411098607855807 -0.012731045186074041
v 0.4058823529411766 -0.3382352941176471 -0.024986700653366813
v 0.39529657600461804 -0.34859094546862823 -0.010714285714285676
v 0.40938063169257427 -0.3382352941176471 -0.010714285714285676
v -0.40588235294117647 -0.3338682755390093 -0.05407901236228904
v -0.44727580672019807 -0.3125524196175852 -0.03912407852535338
v -0.46673279411091784 -0.2720588235294118 -0.052478097821468554
v -0.4724382090994119 -0.2720588235294118 -0.010714285714285676
v -0.4488317969921316 -0.31407458401404187 -0.010714285714285676
v -0.4038437194004827 -0.33624097869740316 -0.05574367076865428
v 0.4058823529411766 -0.33386827553900916 -0.054079012362288986
v 0.47230036359249367 -0.2720588235294118 -0.011557824987760437
v 0.4724382090994119 -0.2720588235294118 -0.010714285714285676
v 0.45030445995759394 -0.29477888507984734 -0.010714285714285676
v -0.5076991533623231 -0.23930927406928035 -0.034166189108923634
v -0.47352941176470575 -0.2705913508160101 -0.010714285714285676
v -0.47352941176470575 -0.26320304494488195 -0.05092975534228223
v -0.5186735914770331 -0.20588235294117652 -0.04169833452305689
v -0.522186953208707 -0.20588235294117652 -0.010714285714285676
v -0.5092296734832148 -0.240806522013631 -0.010714285714285676
v -0.4701738890719418 -0.2687762469821427 -0.054839843120804886
v -0.4730150948602685 -0.2715556874272449 -0.010714285714285676
v 0.47352941176470575 -0.26320304494488195 -0.05092975534228223
v 0.47352941176470575 -0.2705913508160101 -0.010714285714285676
v 0.5198162821291323 -0.20588235294117652 -0.025374539284042576
v 0.522186953208707 -0.20588235294117652 -0.010714285714285676
v -0.5518800480685615 -0.15017677336630375 -0.018060529885565474
v -0.5411764705882353 -0.16446572369986037 -0.010714285714285676
v -0.5411764705882353 -0.16080482341123079 -0.02551703483772065
v -0.5546410616077738 -0.13970588235294112 -0.01995551122769569
v -0.5556388277405323 -0.13970588235294112 -0.010714285714285676
v -0.5528539774403354 -0.15112953036043042 -0.010714285714285676
v -0.5281596557658977 -0.1931485123541072 -0.04820895628653235
v -0.5305408873054006 -0.19547797799057745 -0.010714285714285676
v 0.5411764705882351 -0.1608048234112311 -0.025517034837720845
v 0.5411764705882351 -0.16446572369986073 -0.010714285714285676
v 0.5477461512761428 -0.13970588235294112 -0.05263385269556649
v 0.5556388277405324 -0.13970588235294112 -0.010714285714285676
v -0.5729190508444024 -0.10458193592834764 -0.03250034234972962
v -0.5778971264982687 -0.07352941176470584 -0.0359169719134081
v -0.5803866987011119 -0.07352941176470584 -0.010714285714285676
v -0.5744397546880851 -0.10606958099281973 -0.010714285714285676
v 0.5501688234753933 -0.13090901539811253 -0.05097108699359646
v 0.5767989896642078 -0.07352941176470584 -0.032693861131087146
v 0.5803866987011119 -0.07352941176470584 -0.010714285714285676
v 0.5600716280996215 -0.12122148913528057 -0.010714285714285676
v -0.5848233576901147 -0.05005098290657 -0.04067068959476818
v -0.5892457916389436 -0.007352941176470562 -0.04370596258449243
v -0.5928062876612588 -0.007352941176470562 -0.010714285714285676
v -0.587085436915446 -0.052263886496568074 -0.010714285714285676
v 0.5837483402031992 -0.03188301757615415 -0.027924275823270058
v 0.5909356107956295 -0.007352941176470562 -0.022991397559521377
v 0.5928062876612588 -0.007352941176470562 -0.010714285714285676
v 0.5870337329311984 -0.028669046429198472 -0.010714285714285676
v -0.5911535727902371 0.009932885953284665 -0.045015340331187606
v -0.5929393688010722 0.05882352941176472 -0.046240995357257675
v -0.5970927114563273 0.05882352941176472 -0.010714285714285676
v -0.5944707077788262 0.006687862594882285 -0.010714285714285676
v 0.594024079420697 0.04434580659441593 -0.020871672198838336
v 0.5956882597322776 0.05882352941176472 -0.019729486332815717
v 0.5970927114563274 0.05882352941176472 -0.010714285714285676
v 0.5956572334022564 0.0459434572285501 -0.010714285714285676
v -0.5920860079926904 0.0751971916695548 -0.045655303622312356
v -0.5899784147848202 0.125 -0.044208787787097074
v -0.5942850339458982 0.125 -0.010714285714285676
v -0.5964089694523436 0.0709682076329375 -0.010714285714285676
v 0.5934752858622558 0.10998541391895875 -0.021248328647333677
v 0.5923051129923573 0.125 -0.02205145971642554
v 0.5942850339458982 0.125 -0.010714285714285676
v 0.595056596298803 0.11153234804166792 -0.010714285714285676
v -0.5853333021967323 0.14797957010166207 -0.041020682563595805
v -0.5798974443724679 0.19117647058823528 -0.03728986088917832
v -0.5837064925839796 0.19117647058823528 -0.010714285714285676
v -0.5902985012121241 0.1431223101953005 -0.010714285714285676
v 0.5860967871783456 0.16894378796858617 -0.02631245352045221
v 0.5794634198339321 0.19117647058823528 -0.03086516837484779
v 0.5837064925839796 0.19117647058823528 -0.010714285714285676
v 0.588525423310369 0.17131962766295686 -0.010714285714285676
v -0.5651668586776046 0.23388408326295707 -0.027179738409163424
v -0.5602887650106597 0.25735294117647056 -0.023831730022844118
v -0.5623758335673943 0.25735294117647056 -0.010714285714285676
v -0.5689164900913805 0.23021596557556767 -0.010714285714285676
v 0.5723804329075062 0.22170208590056556 -0.035726473066587314
v 0.5519447360646429 0.25735294117647056 -0.049752215309670486
v 0.5623758335673943 0.25735294117647056 -0.010714285714285676
v 0.5767907130950839 0.22601649043189156 -0.010714285714285676
v -0.5411764705882353 0.29661792385706043 -0.010714285714285676
v -0.5411764705882353 0.2823033008463066 -0.0396380016284642
v -0.5229381743522414 0.32352941176470584 -0.04462526873243902
v -0.5297589373623629 0.32352941176470584 -0.010714285714285676
v 0.5336290061838036 0.31614602267341413 -0.015894377743414144
v 0.5411764705882351 0.2966179238570607 -0.010714285714285676
v 0.5411764705882351 0.2823033008463071 -0.039638001628463856
v 0.5273308782372493 0.32352941176470584 -0.020217005930334958
v 0.529758937362363 0.32352941176470584 -0.010714285714285676
v 0.5343283425386972 0.3168301560640709 -0.010714285714285676
v 0.5494597804544054 0.2654561790890284 -0.051457728321665785
v 0.5582043611399674 0.27401066019446946 -0.010714285714285676
v -0.4952134752671407 0.36849321153534176 -0.02559682619266495
v -0.47352941176470575 0.3897058823529411 -0.04922214793565148
v -0.4854241448107329 0.3897058823529411 -0.01887806212165214
v -0.4873336415692461 0.3897058823529411 -0.010714285714285676
v -0.5047608694318806 0.35915336941766146 -0.010714285714285676
v -0.47185558600757654 0.3897058823529411 -0.05599405126606972
v 0.47352941176470575 0.3897058823529411 -0.04922214793565148
v 0.5098817825155001 0.35909151358613506 -0.03219293808718773
v 0.4873336415692461 0.3897058823529411 -0.010714285714285676
v 0.5138135517626917 0.3629378095888225 -0.010714285714285676
v -0.47352941176470575 0.4056880385428005 -0.010714285714285676
v -0.4661867613781635 0.3968889099049933 -0.0521033362253856
v -0.4254629074025582 0.4558823529411764 -0.024153113465730958
v -0.42954242021980804 0.4558823529411764 -0.010714285714285676
v 0.47352941176470575 0.4056880385428005 -0.010714285714285676
v 0.4520089848174338 0.4348297613623233 -0.025484516631512792
v 0.41202152328875763 0.4558823529411764 -0.05292932718380309
v 0.4295424202198081 0.4558823529411764 -0.010714285714285676
v 0.4546409003224091 0.43740446131284266 -0.010714285714285676
v 0.4832880846327797 0.39925241015866564 -0.010714285714285676
v -0.40588235294117647 0.47775902377091595 -0.010714285714285676
v -0.40588235294117647 0.4614374586749069 -0.05324546550109706
v -0.3382352941176471 0.5220588235294117 -0.02690392117902363
v -0.3450580611733539 0.5220588235294117 -0.01539699229599753
v -0.3469655353727054 0.5220588235294117 -0.010714285714285676
v -0.3276593883490663 0.5220588235294117 -0.049884238587402666
v 0.33823529411764697 0.5220588235294117 -0.026903921179023974
v 0.382212750747864 0.498903777905519 -0.026959571691683427
v 0.4058823529411766 0.4777590237709159 -0.010714285714285676
v 0.4058823529411766 0.46143745867490676 -0.05324546550109712
v 0.3469655353727055 0.5220588235294117 -0.010714285714285676
v 0.38543216154168697 0.5020532015081719 -0.010714285714285676
v 0.40923993754478655 0.4591669465751427 -0.05483842795839192
v 0.42073991257754506 0.4704169221506674 -0.010714285714285676
v -0.3382352941176471 0.5284344003989577 -0.010714285714285676
v -0.2705882352941176 0.568516077991968 -0.010714285714285676
v -0.2705882352941176 0.5626965186765819 -0.028631966261826576
v -0.32541906647091945 0.5345964375316452 -0.010714285714285676
v -0.2029411764705883 0.588235294117647 -0.028783785857872644
v -0.2131029090136129 0.588235294117647 -0.017688642521765323
v -0.21809619062429983 0.588235294117647 -0.010714285714285676
v -0.18660304514762494 0.588235294117647 -0.04592941918517113
v 0.2029411764705884 0.588235294117647 -0.028783785857872526
v 0.25614111416303814 0.5741022408372431 -0.020629856428473765
v 0.2705882352941176 0.568516077991968 -0.010714285714285676
v 0.2705882352941176 0.5626965186765819 -0.028631966261826576
v 0.2180961906242998 0.588235294117647 -0.010714285714285676
v 0.2582001184002938 0.5761164841128192 -0.010714285714285676
v 0.33823529411764697 0.5284344003989578 -0.010714285714285676
v 0.29903734848059177 0.5498894777335712 -0.037617223558351544
v 0.30562776281425147 0.5563366221904122 -0.010714285714285676
v 0.34309125325295736 0.5268092183356936 -0.010714285714285676
v -0.2029411764705883 0.5952009757605734 -0.010714285714285676
v -0.1352941176470588 0.6167092415153738 -0.010714285714285676
v -0.1352941176470588 0.6045523970661271 -0.04569498491551077
v -0.19395294550998432 0.5970281287530204 -0.010714285714285676
v -0.1153123372444475 0.6077826879897668 -0.043428653823052506
v -0.0676470588235294 0.627862383686279 -0.010714285714285676
v -0.0676470588235294 0.6199932779957668 -0.034861858929954026
v -0.10203077708173537 0.6207755185837243 -0.010714285714285676
v -0.033363426348972595 0.6217736302340612 -0.0336127864072141
v 0 0.6313481629425766 -0.010714285714285676
v 0 0.6247043985275667 -0.031556596588596
v -0.025409860962660326 0.6295542920250189 -0.010714285714285676
v 0.035469653146057614 0.622933867847486 -0.03279877843081137
v 0.0676470588235294 0.627862383686279 -0.010714285714285676
v 0.0676470588235294 0.6199932779957668 -0.034861858929954026
v 0.042391607773800896 0.6297053452007131 -0.010714285714285676
v 0.09597174499589749 0.6159442262427897 -0.03770262222331257
v 0.1352941176470588 0.6167092415153738 -0.010714285714285676
v 0.1352941176470588 0.6045523970661271 -0.04569498491551077
v 0.1040513087973172 0.6238481473528742 -0.010714285714285676
v 0.2029411764705884 0.5952009757605733 -0.010714285714285676
v 0.14887789665923923 0.6015237735860843 -0.04781982869039793
v 0.16012192130157918 0.6125233629101124 -0.010714285714285676
v 0.2088469196821397 0.5940126516072081 -0.010714285714285676
v -0.1352941176470588 -0.47058823529411764 -0.005987071670828789
v -0.0676470588235294 -0.47058823529411764 0.0026046133435999007
v -0.1276030962756586 -0.47058823529411764 -0.005435665456275007
v 0 -0.47058823529411764 0.005286788853176724
v -0.04755554137638465 -0.47058823529411764 0.0030752340242825964
v 0.0676470588235294 -0.47058823529411764 0.0026046133435999007
v 0.022570303731153384 -0.47058823529411764 0.0047765128092698925
v 0.1352941176470588 -0.47058823529411764 -0.005987071670828789
v 0.08538783587502871 -0.47058823529411764 0.0014618376657806152
v 0.1412569718804018 -0.47058823529411764 -0.00662176774668072
v -0.2705882352941176 -0.40441176470588236 0.006907897838499089
v -0.2029411764705883 -0.40441176470588236 0.02401944104005098
v -0.23354683393619158 -0.40441176470588236 0.01470853944130952
v -0.1352941176470588 -0.41268006552873315 0.029913350851269727
v -0.1352941176470588 -0.40441176470588236 0.03530185333879453
v -0.13619914619208212 -0.40441176470588236 0.035093132582452904
v -0.0676470588235294 -0.4195243128197547 0.0357142857142857
v -0.13135159360755486 -0.40441176470588236 0.0357142857142857
v -0.0816712427366488 -0.4181310750556731 0.0357142857142857
v 0 -0.4243307095196148 0.0357142857142857
v -0.019670482636526772 -0.42365462815465854 0.0357142857142857
v 0.0676470588235294 -0.4195243128197547 0.0357142857142857
v 0.05160631401466766 -0.4201037976710732 0.0357142857142857
v 0.132348164832162 -0.4072936750682814 0.03369237399971367
v 0.1352941176470588 -0.41268006552873315 0.029913350851269727
v 0.1352941176470588 -0.40441176470588236 0.03530185333879453
v 0.13480434485929046 -0.40441176470588236 0.03537813731025837
v 0.13135159360755488 -0.40441176470588236 0.0357142857142857
v 0.15017687902960822 -0.45602901220249326 -0.0004997196722253856
v 0.2029411764705884 -0.40441176470588236 0.02401944104005095
v 0.19062698365912786 -0.40441176470588236 0.027262619219463435
v 0.2705882352941176 -0.40441176470588236 0.006907897838499089
v 0.24354252798085363 -0.40441176470588236 0.01715185926636227
v 0.29086995960712103 -0.40441176470588236 0.003205779730353339
v -0.40588235294117647 -0.3382352941176471 -0.009127909956970324
v -0.3382352941176471 -0.3382352941176471 0.020417890534280104
v -0.4013523316924073 -0.3382352941176471 -0.007605171751621112
v -0.30582819046053683 -0.3727091633021876 0.011527856857830303
v -0.2705882352941176 -0.3519619487481708 0.0357142857142857
v -0.2906198314286871 -0.3382352941176471 0.0357142857142857
v -0.28106168387215164 -0.3484810590309413 0.0357142857142857
v -0.2029411764705883 -0.3851890063673465 0.0357142857142857
v -0.24031618441792155 -0.3747978018922123 0.0357142857142857
v -0.1352941176470588 -0.40377858124936417 0.0357142857142857
v -0.18985378080614468 -0.3916088776428397 0.0357142857142857
v -0.1347939383043448 -0.4039224588271404 0.0357142857142857
v 0.1352941176470588 -0.40377858124936417 0.0357142857142857
v 0.2029411764705884 -0.38518900636734643 0.0357142857142857
v 0.13639138450838584 -0.40333835147197544 0.0357142857142857
v 0.2705882352941176 -0.3519619487481708 0.0357142857142857
v 0.24751125720365097 -0.36081059877136445 0.0357142857142857
v 0.30412819390476065 -0.37160093563025326 0.012305375319727117
v 0.33823529411764697 -0.3382352941176471 0.020417890534280142
v 0.32541312560040675 -0.3382352941176471 0.026913977508353754
v 0.290619831428687 -0.3382352941176471 0.0357142857142857
v 0.4058823529411766 -0.3382352941176471 -0.009127909956970347
v 0.37211279338448927 -0.3382352941176471 0.012537041422273704
v 0.4075626143798212 -0.3382352941176471 -0.00956106280142709
v -0.40588235294117647 -0.33296782197142605 -0.007018694145032202
v -0.40588235294117647 -0.2720588235294118 0.02335891839216208
v -0.3382352941176471 -0.30651633160231107 0.0357142857142857
v -0.3765849386430753 -0.2720588235294118 0.0357142857142857
v -0.3618259314496899 -0.2951366209194537 0.0357142857142857
v -0.3230126617303407 -0.32334358852136913 0.0357142857142857
v 0.33823529411764697 -0.3065163316023112 0.0357142857142857
v 0.4058823529411766 -0.33296782197142616 -0.00701869414503226
v 0.3862880199050119 -0.29122719280392073 0.022266001239154065
v 0.4058823529411766 -0.2720588235294118 0.023358918392162045
v 0.3965781388972062 -0.2720588235294118 0.02932847421205762
v 0.3765849386430753 -0.2720588235294118 0.0357142857142857
v 0.40815038598995007 -0.3360165661351513 -0.009157654336090221
v 0.4414118875132743 -0.2720588235294118 0.013670891740477129
v -0.47352941176470575 -0.20588235294117652 0.016319642302188925
v -0.4707505276401069 -0.26934034992926076 -0.008807039156719376
v -0.40588235294117647 -0.2398632128223337 0.0357142857142857
v -0.43460467846556144 -0.20588235294117652 0.0357142857142857
v -0.42600368108908493 -0.22556626091195658 0.0357142857142857
v -0.393642838023414 -0.260085385022905 0.0357142857142857
v 0.4058823529411766 -0.2398632128223336 0.0357142857142857
v 0.45042613720170094 -0.22848338240498567 0.01985769043967676
v 0.47352941176470575 -0.20588235294117652 0.016319642302188925
v 0.46033273375511347 -0.20588235294117652 0.026656938384720795
v 0.4346046784655615 -0.20588235294117652 0.0357142857142857
v 0.5011357138046169 -0.20588235294117652 0.008232896741678129
v -0.5411764705882353 -0.13970588235294112 -0.002686653379483126
v -0.47352941176470575 -0.14357528335038172 0.032999563109732136
v -0.47352941176470575 -0.13970588235294112 0.034375773064239314
v -0.48775021887690323 -0.13970588235294112 0.025954042323616033
v -0.471134705099003 -0.13970588235294112 0.0357142857142857
v -0.4533887258099767 -0.18617950798546323 0.0357142857142857
v 0.47213936530836903 -0.14106571040805316 0.03476024761847695
v 0.47352941176470575 -0.14357528335038172 0.032999563109732136
v 0.47352941176470575 -0.13970588235294112 0.034375773064239314
v 0.4726190638760466 -0.13970588235294112 0.03508948172859106
v 0.471134705099003 -0.13970588235294112 0.0357142857142857
v 0.4664268577648324 -0.1466540330049912 0.0357142857142857
v 0.5054976710369965 -0.17460905582697905 0.011226662419802014
v 0.5411764705882351 -0.13970588235294112 -0.0026866533794830116
v 0.517642543588754 -0.13970588235294112 0.019562118425821944
v 0.5491588223318477 -0.13970588235294112 -0.005235715107644826
v -0.5411764705882353 -0.12514296457352805 -0.0004971275261895277
v -0.5411764705882353 -0.07352941176470584 0.012543934473266835
v -0.47352941176470575 -0.1333404080009274 0.0357142857142857
v -0.5015164666452347 -0.07352941176470584 0.0357142857142857
v -0.49675470647541425 -0.09624980876431194 0.0357142857142857
v -0.4720552806370665 -0.1382637975541636 0.0357142857142857
v 0.47352941176470575 -0.1333404080009274 0.0357142857142857
v 0.5411764705882351 -0.12514296457352786 -0.0004971275261893872
v 0.52201274429215 -0.09227653531522391 0.02256154188995399
v 0.5411764705882351 -0.07352941176470584 0.012543934473266904
v 0.5268203632015019 -0.07352941176470584 0.025861180955068223
v 0.5015164666452347 -0.07352941176470584 0.0357142857142857
v 0.5498685979871033 -0.13120271424535276 -0.004748570946739564
v 0.5644509451346409 -0.07352941176470584 0.005259810170048628
v -0.5411764705882353 -0.03521484854632357 0.0161667253055952
v -0.5411764705882353 -0.007352941176470562 0.02076748577621009
v -0.5166412213954993 -0.007352941176470562 0.0357142857142857
v -0.5115407092315735 -0.0445379060897106 0.0357142857142857
v 0.5411764705882351 -0.03521484854632343 0.01616672530559529
v 0.5300602004058601 -0.01822755331140262 0.028084795930730197
v 0.5411764705882351 -0.007352941176470562 0.020767485776210168
v 0.531841758684653 -0.007352941176470562 0.029307542451268126
v 0.5166412213954993 -0.007352941176470562 0.0357142857142857
v 0.5067810966560572 -0.041000589588383735 0.0357142857142857
v 0.5655588807047847 -0.04967705404199446 0.006020225576886418
v 0.5725162162273378 -0.007352941176470562 0.010795291261620144
v -0.5411764705882353 0.03958987117437888 0.022220195331865804
v -0.5411764705882353 0.05882352941176472 0.02353308874832117
v -0.5212980284977732 0.05882352941176472 0.0357142857142857
v -0.5191687423489852 0.014176358188013122 0.0357142857142857
v 0.5411764705882351 0.03958987117437899 0.022220195331865887
v 0.5329655024748455 0.050791060605187906 0.030078807599195304
v 0.5411764705882351 0.05882352941176472 0.023533088748321246
v 0.5335163905075837 0.05882352941176472 0.030456901559552912
v 0.5212980284977732 0.05882352941176472 0.0357142857142857
v 0.518895665869965 0.037027090013457054 0.0357142857142857
v 0.5728615126585563 0.02364329563145225 0.011032280427145862
v 0.5752507878707007 0.05882352941176472 0.01267212459448714
v -0.5411764705882353 0.10539159936863704 0.02195728082688503
v -0.5411764705882353 0.125 0.0212805184320645
v -0.516952071661139 0.125 0.0357142857142857
v -0.5195089254291299 0.08002004098045479 0.0357142857142857
v 0.5411764705882351 0.10539159936863712 0.02195728082688509
v 0.5322931206746955 0.11630976638892854 0.029617328164930803
v 0.5411764705882351 0.125 0.021280518432064584
v 0.5320279019263967 0.125 0.02943529914824127
v 0.5169520716611389 0.125 0.0357142857142857
v 0.5188497798116213 0.10315867206635604 0.0357142857142857
v 0.574596353361069 0.09151689299388469 0.012222963021106412
v 0.5734313277707703 0.125 0.01142336471223682
v -0.5411764705882353 0.16539819308428771 0.0176285735607225
v -0.5411764705882353 0.19117647058823528 0.013994088118957696
v -0.502343518090051 0.19117647058823528 0.0357142857142857
v -0.5081704002004936 0.1572885471184428 0.0357142857142857
v 0.5411764705882351 0.16539819308428783 0.01762857356072258
v 0.5289229863309448 0.17918936642349476 0.027304285649499486
v 0.5411764705882351 0.19117647058823528 0.013994088118957772
v 0.5273032918566185 0.19117647058823528 0.026192631988548855
v 0.502343518090051 0.19117647058823528 0.0357142857142857
v 0.511340219509866 0.16198883366374367 0.0357142857142857
v 0.5720308168768885 0.15518359963020428 0.010462144502460802
v 0.5667736327831346 0.19117647058823528 0.006853952935008602
v -0.5411764705882353 0.2209148860011697 0.010149808908757187
v -0.5411764705882353 0.25735294117647056 0.0009372916684054107
v -0.4752404921545679 0.25567905818638803 0.03453991066410082
v -0.47352941176470575 0.25482082575456894 0.0357142857142857
v -0.47352941176470575 0.25685274374413497 0.03536335354747247
v -0.47352941176470575 0.25735294117647056 0.035236912135448745
v -0.4775514469660191 0.25735294117647056 0.03295382056058929
v -0.4726214517132903 0.25735294117647056 0.0357142857142857
v 0.4732586947597184 0.2570881093237656 0.03552848304937203
v 0.47352941176470575 0.25482082575456894 0.0357142857142857
v 0.47352941176470575 0.25685274374413497 0.03536335354747247
v 0.47352941176470575 0.25735294117647056 0.035236912135448745
v 0.47319273748960367 0.25735294117647056 0.03548321423975912
v 0.4726214517132903 0.25735294117647056 0.0357142857142857
v 0.47295394307213634 0.25678998267287007 0.0357142857142857
v 0.5411764705882351 0.2209148860011698 0.010149808908757246
v 0.5232844488152664 0.23984987639856636 0.02343435772724816
v 0.5411764705882351 0.25735294117647056 0.0009372916684054749
v 0.5189144818619735 0.25735294117647056 0.02043509469408751
v 0.49703014977203164 0.21416632298670626 0.0357142857142857
v 0.5652246246375566 0.21470183867996273 0.005790813804037374
v 0.5536658814427138 0.25735294117647056 -0.0021423608731684154
v -0.5411764705882353 0.27107474794543546 -0.0010872403303452214
v -0.47352941176470575 0.30790959460557626 0.024755620342324952
v -0.5176877724826697 0.28033101541017597 0.005406839383012372
v -0.47352941176470575 0.32352941176470584 0.01910559338846469
v -0.43748925255141174 0.32352941176470584 0.0357142857142857
v -0.47103149801370636 0.25979655245462213 0.0357142857142857
v 0.47352941176470575 0.30790959460557626 0.024755620342324952
v 0.46476976810330395 0.3149601951394214 0.02970223214543538
v 0.47352941176470575 0.32352941176470584 0.01910559338846469
v 0.4616488928894895 0.32352941176470584 0.02756026499558136
v 0.43748925255141174 0.32352941176470584 0.0357142857142857
v 0.45404354537860525 0.30446715116960743 0.0357142857142857
v 0.5411764705882351 0.27107474794543557 -0.0010872403303451728
v 0.5150758720104057 0.2979962175037857 0.017800520851862383
v 0.5052509677550006 0.32352941176470584 0.011057341223152693
v 0.5527553583321702 0.2686801139694504 -0.002767285119845869
v -0.47352941176470575 0.35631686181166305 0.01228897289008746
v -0.47352941176470575 0.3897058823529411 -0.003934093092809424
v -0.4237235059118499 0.37225258053380406 0.023469270787208604
v -0.40588235294117647 0.36170755381202807 0.0357142857142857
v -0.40588235294117647 0.38173124592205065 0.030119382059597473
v -0.40588235294117647 0.3897058823529411 0.026318318188123503
v -0.45140066870695117 0.3897058823529411 0.004473454086222899
v -0.3814961063910649 0.3897058823529411 0.0357142857142857
v 0.40087631022878656 0.3848086666560379 0.032278461368204385
v 0.4058823529411766 0.361707553812028 0.0357142857142857
v 0.4058823529411766 0.38173124592205065 0.03011938205959746
v 0.4058823529411766 0.3897058823529411 0.026318318188123482
v 0.3984364157965875 0.3897058823529411 0.03060387543803047
v 0.381496106391065 0.3897058823529411 0.0357142857142857
v 0.3952302433116203 0.37928534032402744 0.0357142857142857
v 0.47352941176470575 0.35631686181166305 0.01228897289008746
v 0.45456616293192015 0.37115487805999864 0.022699136670665733
v 0.47352941176470575 0.3897058823529411 -0.003934093092809424
v 0.4451825134800572 0.3897058823529411 0.016258805835691465
v 0.42781127359488264 0.34498161675202704 0.0357142857142857
v 0.5023356497515977 0.3517094271866654 0.009056455264295465
v 0.48126701021929896 0.3897058823529411 -0.005403697955077291
v -0.47352941176470575 0.3974112633053997 -0.005308288284148059
v -0.46357017144095475 0.39944861745226273 -0.003878906485872729
v -0.40588235294117647 0.4283046102710679 0.016366091650495313
v -0.40588235294117647 0.4558823529411764 -0.00023104699550028675
v -0.3540147874091741 0.4404458921125087 0.024884260815442635
v -0.3382352941176471 0.4291927208998964 0.0357142857142857
v -0.3382352941176471 0.44733559904140513 0.029717991708414424
v -0.3382352941176471 0.4558823529411764 0.02466234322317895
v -0.3783837605836558 0.4558823529411764 0.008158971773329426
v -0.3003542349213414 0.4558823529411764 0.0357142857142857
v 0.3322930997280428 0.45006933669047666 0.03163594732887414
v 0.33823529411764697 0.4291927208998965 0.0357142857142857
v 0.33823529411764697 0.44733559904140513 0.029717991708414437
v 0.33823529411764697 0.4558823529411764 0.024662343223178992
v 0.3284982042433697 0.4558823529411764 0.029031376204300338
v 0.30035423492134133 0.4558823529411764 0.0357142857142857
v 0.3253936964009904 0.44331992039227325 0.0357142857142857
v 0.4058823529411766 0.42830461027106786 0.016366091650495285
v 0.3884077114566633 0.4387875949671961 0.02372082059603285
v 0.4058823529411766 0.4558823529411764 -0.00023104699550030756
v 0.3772544865833304 0.4558823529411764 0.01606596749973916
v 0.36438037681433066 0.4152825936866533 0.0357142857142857
v 0.47352941176470575 0.3974112633053997 -0.005308288284148059
v 0.44082405280477155 0.4238879800455885 0.013267439968492285
v 0.4181998166521363 0.4558823529411764 -0.002260374285335055
v 0.4804661641081025 0.396491835732351 -0.005953346994128302
v -0.40588235294117647 0.4676358897807344 -0.0024681535189132395
v -0.39199700361151624 0.46946584685062664 -0.0011842788762269647
v -0.3382352941176471 0.4920744990974083 0.014677664446118246
v -0.3382352941176471 0.5220588235294117 -0.007374950389892509
v -0.29459085428803855 0.498578000600576 0.019240438516594637
v -0.2705882352941176 0.47630520097166584 0.0357142857142857
v -0.2705882352941176 0.5069446680507166 0.025110386156217107
v -0.2705882352941176 0.5220588235294117 0.014384599609279777
v -0.3311633954172598 0.5220588235294117 -0.005860591264641008
v -0.20985892122132016 0.5152914645341304 0.03096639257791381
v -0.2029411764705883 0.5087169575397922 0.0357142857142857
v -0.2029411764705883 0.5172113389129246 0.032313352062718535
v -0.2029411764705883 0.5220588235294117 0.02887572045270976
v -0.21961268000485848 0.5220588235294117 0.024272042605361116
v -0.2342611933837555 0.4914196765491394 0.0357142857142857
v -0.15759346998668844 0.5220588235294117 0.0357142857142857
v 0.19892514459874908 0.5181300966982645 0.03295794085814754
v 0.2029411764705884 0.5087169575397922 0.0357142857142857
v 0.2029411764705884 0.5172113389129245 0.03231335206271852
v 0.2029411764705884 0.5220588235294117 0.02887572045270973
v 0.19549923565890406 0.5220588235294117 0.030606618262788085
v 0.1575934699866884 0.5220588235294117 0.0357142857142857
v 0.19392879457318216 0.5132423629776013 0.0357142857142857
v 0.2590619023185793 0.5107830630098633 0.027803355318031138
v 0.2705882352941176 0.47630520097166584 0.0357142857142857
v 0.2705882352941176 0.5069446680507166 0.025110386156217107
v 0.2705882352941176 0.5220588235294117 0.014384599609279777
v 0.2496315030513236 0.5220588235294117 0.021330938429635134
v 0.24378669503832406 0.49583992545309186 0.0357142857142857
v 0.33823529411764697 0.4920744990974083 0.014677664446118278
v 0.31737379754825074 0.5016508377550023 0.0213963020439858
v 0.33823529411764697 0.5220588235294117 -0.00737495038989243
v 0.3002553023287346 0.5220588235294117 0.009647272716305489
v 0.2860508149589187 0.4710087895697862 0.0357142857142857
v 0.4058823529411766 0.4676358897807344 -0.0024681535189132516
v 0.37221547927958204 0.48912383842567797 0.012607518387539225
v 0.3423522274379388 0.5220588235294117 -0.00788868862178727
v 0.41678396750050767 0.4665469758796525 -0.003232121684434217
v -0.3382352941176471 0.5258345008118959 -0.008065318478003108
v -0.3340281540686778 0.526174504012099 -0.00782677655024157
v -0.2705882352941176 0.5485712637620227 0.007886505687006478
v -0.2029411764705883 0.5610757660192947 0.016659505683378234
v -0.24140436370559243 0.5506082631268819 0.009315638574733144
v -0.2029411764705883 0.588235294117647 -0.006764540282275609
v -0.1602169955855784 0.563854217873443 0.018608832222320418
v -0.1352941176470588 0.5304700363108595 0.0357142857142857
v -0.1352941176470588 0.5687460215763814 0.022040859582159733
v -0.1352941176470588 0.588235294117647 0.005699598913728645
v -0.19618510609371972 0.588235294117647 -0.006077355424571553
v -0.0853608721016994 0.5709065637368285 0.023556668526473375
v -0.0676470588235294 0.5451831746708025 0.0357142857142857
v -0.0676470588235294 0.5730302794253878 0.025046640485748305
v -0.0676470588235294 0.588235294117647 0.01241655683077772
v -0.10880725394710569 0.588235294117647 0.007464586576675904
v -0.1253987455852435 0.5317390788072744 0.0357142857142857
v -0.014741336973680186 0.5738144209912207 0.025596784250983468
v 0 0.5496667485667679 0.0357142857142857
v 0 0.5744169903359769 0.026019539251590257
v 0 0.588235294117647 0.014565565560623626
v -0.03279178499022488 0.588235294117647 0.01320812272410032
v -0.042949331066384114 0.5462196441614017 0.0357142857142857
v 0.052744173195527794 0.5736563842641671 0.025485907690098272
v 0.0676470588235294 0.5451831746708025 0.0357142857142857
v 0.0676470588235294 0.5730302794253878 0.025046640485748305
v 0.0676470588235294 0.588235294117647 0.01241655683077772
v 0.03568553937992354 0.588235294117647 0.013777963363239467
v 0.027106171408847524 0.5485757303424147 0.0357142857142857
v 0.11771805509448934 0.5710413198814377 0.023651211726342082
v 0.1352941176470588 0.5304700363108595 0.0357142857142857
v 0.1352941176470588 0.5687460215763814 0.022040859582159733
v 0.1352941176470588 0.588235294117647 0.005699598913728645
v 0.09860374392567056 0.588235294117647 0.010532383253332937
v 0.08884779033427792 0.5427986695725352 0.0357142857142857
v 0.2029411764705884 0.5610757660192947 0.016659505683378227
v 0.18044846096858844 0.5662315506917776 0.020276738739310636
v 0.2029411764705884 0.588235294117647 -0.006764540282275639
v 0.15655299636862288 0.588235294117647 0.003876435395856085
v 0.14265100161205146 0.5292557752342958 0.0357142857142857
v 0.2705882352941176 0.5485712637620227 0.007886505687006478
v 0.2407295008236282 0.5590256625704291 0.01522117913671376
v 0.2080628097654586 0.588235294117647 -0.007199127459110784
v 0.33823529411764697 0.525834500811896 -0.008065318478003044
v 0.2962149476635742 0.547128433456054 0.0068742342659935465
v 0.3418067872791562 0.5255526755352359 -0.008263043513374077
v -0.2029411764705883 0.5926861992145003 -0.00759158721776319
v -0.198210965273201 0.5928626746368302 -0.007467774302414286
v -0.1352941176470588 0.606127251472976 0.0018384843667546731
v -0.11662480412632938 0.6064987529966214 0.0020991251182646223
v -0.0676470588235294 0.6127416597337986 0.006479069210061979
v 0 0.6147379654136099 0.007879651925104172
v -0.04243810369821004 0.6128962284793724 0.0065875126791788315
v 0.0676470588235294 0.6127416597337986 0.006479069210061979
v 0.026929303656970074 0.6145791781299003 0.007768248783199979
v 0.1352941176470588 0.606127251472976 0.0018384843667546731
v 0.09225366001998749 0.6123069692011386 0.006174095852227474
v 0.2029411764705884 0.5926861992145003 -0.007591587217763214
v 0.153031949084537 0.6055875205238755 0.0014598159865921619
v 0.20729011878079384 0.5924896942037176 -0.007729452638026648
v -0.0676470588235294 -0.40441176470588236 0.0526802249923514
v 0 -0.40441176470588236 0.058349145364279494
v -0.0401066735061642 -0.40441176470588236 0.054616227189868624
v 0.0676470588235294 -0.40441176470588236 0.0526802249923514
v 0.030018392448147295 -0.40441176470588236 0.05631697121441162
v 0.08741874127134408 -0.40441176470588236 0.04928429136946285
v -0.2705882352941176 -0.3382352941176471 0.04964380331523875
v -0.21302389356086654 -0.34809882170596274 0.07522273143803877
v -0.2029411764705883 -0.3473668866950662 0.08214285714285707
v -0.2029411764705883 -0.3552657747639298 0.07019448818149684
v -0.21802066372703288 -0.3382352941176471 0.08214285714285707
v -0.21020833004582554 -0.3453444660934226 0.08214285714285707
v -0.18078835955505054 -0.3827405307667694 0.05091854825569511
v -0.1352941176470588 -0.37568056112928355 0.08214285714285707
v -0.1352941176470588 -0.40313896066238913 0.03660726886860953
v -0.16822683078399128 -0.37045207870812447 0.08214285714285707
v -0.13449046888128555 -0.403625586565452 0.03626585831439714
v -0.0676470588235294 -0.3877181014469254 0.08214285714285707
v -0.11365278001566259 -0.38324089093603825 0.08214285714285707
v 0 -0.3912874024933718 0.08214285714285707
v -0.05223709603418882 -0.3893368011076144 0.08214285714285707
v 0.0676470588235294 -0.3877181014469254 0.08214285714285707
v 0.01491772502493458 -0.38981833805105504 0.08214285714285707
v 0.1352941176470588 -0.37568056112928355 0.08214285714285707
v 0.1352941176470588 -0.40313896066238913 0.03660726886860953
v 0.09165867291546585 -0.38092214222464016 0.08214285714285707
v 0.14233748078451489 -0.397521518158371 0.040548395196825425
v 0.2029411764705884 -0.3473668866950661 0.08214285714285707
v 0.2029411764705884 -0.3552657747639296 0.07019448818149696
v 0.19074639913652647 -0.3501649675966207 0.08214285714285707
v 0.2705882352941176 -0.3382352941176471 0.04964380331523875
v 0.24820347202129694 -0.3382352941176471 0.0667794016046789
v 0.21802066372703285 -0.3382352941176471 0.08214285714285707
v 0.2829631238230669 -0.3382352941176471 0.04420760982887514
v -0.3382352941176471 -0.2720588235294118 0.06763656592264203
v -0.2705882352941176 -0.3140816592983643 0.08214285714285707
v -0.31325183938036727 -0.3137949579616125 0.05286131520788453
v -0.32306512511008917 -0.2720588235294118 0.08214285714285707
v -0.30279587399565666 -0.30356629617222175 0.08214285714285707
v -0.2583774508881416 -0.32628996154658363 0.08214285714285707
v 0.2705882352941176 -0.3140816592983643 0.08214285714285707
v 0.30171269587779176 -0.30778745224231363 0.05707610493475771
v 0.33823529411764697 -0.2720588235294118 0.06763656592264211
v 0.3297541398997007 -0.2720588235294118 0.07632194073861444
v 0.3230651251100891 -0.2720588235294118 0.08214285714285707
v 0.3640577132529215 -0.2720588235294118 0.05343712617669457
v -0.40588235294117647 -0.20588235294117652 0.062148688186029595
v -0.3382352941176471 -0.2590150279390935 0.08214285714285707
v -0.3861198086836923 -0.2527258997992642 0.04927801950591305
v -0.3891179208452475 -0.20588235294117652 0.08214285714285707
v -0.37431345233995306 -0.24117620337604107 0.08214285714285707
v -0.333018215060203 -0.2669551592340861 0.08214285714285707
v 0.33823529411764697 -0.2590150279390936 0.08214285714285707
v 0.38025541182042966 -0.23095218664625491 0.06455418016246875
v 0.4058823529411766 -0.20588235294117652 0.062148688186029505
v 0.39574135919513204 -0.20588235294117652 0.0751827341059756
v 0.38911792084524754 -0.20588235294117652 0.08214285714285707
v 0.42634965301175504 -0.20588235294117652 0.04976171837142186
v -0.40588235294117647 -0.17946376533270098 0.08214285714285707
v -0.43676324441996994 -0.16991545010393483 0.060948208022318685
v -0.4672090508521522 -0.13970588235294112 0.04005217317290166
v -0.43519134685831146 -0.13970588235294112 0.08214285714285707
v -0.42824423744244355 -0.16158163893026772 0.08214285714285707
v -0.3982878062828967 -0.19845290512329408 0.08214285714285707
v 0.4058823529411766 -0.17946376533270075 0.08214285714285707
v 0.43306143179345796 -0.17929412362916197 0.05436824977128632
v 0.45203283271852684 -0.13970588235294112 0.06738899388445474
v 0.4351913468583114 -0.13970588235294112 0.08214285714285707
v -0.47352941176470575 -0.07352941176470584 0.06374501341181579
v -0.47114696707828907 -0.13737522994231613 0.03734944184999403
v -0.46109871065909636 -0.07352941176470584 0.08214285714285707
v -0.45211079941470184 -0.11875289201054595 0.08214285714285707
v 0.46104462534538704 -0.08574278978360464 0.07357410621531221
v 0.47352941176470575 -0.07352941176470584 0.06374501341181579
v 0.46535831985980775 -0.07352941176470584 0.07653474748142085
v 0.46109871065909636 -0.07352941176470584 0.08214285714285707
v 0.44724184788130494 -0.0992455068680328 0.08214285714285707
v 0.4943397335389168 -0.07352941176470584 0.04999714631087153
v -0.47352941176470575 -0.009685759975980979 0.08050618109621643
v -0.47352941176470575 -0.007352941176470562 0.08122787583546132
v -0.4729670187633227 -0.007352941176470562 0.08214285714285707
v -0.4646758998703334 -0.06486836752021113 0.08214285714285707
v 0.47301594867929797 -0.007855242020891232 0.08179044924883495
v 0.47352941176470575 -0.009685759975980979 0.08050618109621643
v 0.47352941176470575 -0.007352941176470562 0.08122787583546132
v 0.47314031591768574 -0.007352941176470562 0.0818758068876042
v 0.4729670187633227 -0.007352941176470562 0.08214285714285707
v 0.47269207860550083 -0.008172071440910186 0.08214285714285707
v 0.49621784368791916 -0.05133420662243188 0.05128615979823027
v 0.5058929312514532 -0.007352941176470562 0.05792651492723963
v -0.47352941176470575 0.002812447752475083 0.08214285714285707
v -0.4845508833721274 0.0480416550132001 0.07457843097751492
v -0.4859787035454042 0.05882352941176472 0.07359846744243986
v -0.4799821294659368 0.05882352941176472 0.08214285714285707
v -0.4797686083251531 0.05271996755915319 0.08214285714285707
v -0.4730299089707518 -0.006864297138906911 0.08214285714285707
v 0.47352941176470575 0.002812447752475083 0.08214285714285707
v 0.5065201785352003 0.024920635012056658 0.05835701694496668
v 0.5093198994148433 0.05882352941176472 0.06027856450521861
v 0.4799821294659368 0.05882352941176472 0.08214285714285707
v -0.47352941176470575 0.12286399831780132 0.08064426548645737
v -0.47352941176470575 0.10764881727265313 0.08214285714285707
v -0.47352941176470575 0.125 0.08045305154656607
v -0.47244645767945614 0.125 0.08214285714285707
v 0.4728444862124406 0.1243299641336536 0.08167276848742039
v 0.47352941176470575 0.10764881727265313 0.08214285714285707
v 0.47352941176470575 0.12286399831780132 0.08064426548645737
v 0.47352941176470575 0.125 0.08045305154656607
v 0.4727990409565135 0.125 0.08164157779934622
v 0.47244645767945614 0.125 0.08214285714285707
v 0.4725582076047842 0.12404990897398975 0.08214285714285707
v 0.5081515457940853 0.092693008353549 0.059476682051220045
v 0.5060493180425597 0.125 0.058033848718651276
v 0.4795893057193516 0.06475168654130958 0.08214285714285707
v -0.47352941176470575 0.1722331984475565 0.06885249795844435
v -0.47352941176470575 0.19117647058823528 0.0632687459225191
v -0.4597005149622093 0.19117647058823528 0.08214285714285707
v -0.4719310753399676 0.12656358998072215 0.08214285714285707
v 0.47352941176470575 0.1722331984475565 0.06885249795844435
v 0.46650371273610036 0.18430350414720828 0.07732087116359686
v 0.47352941176470575 0.19117647058823528 0.0632687459225191
v 0.46482282900064054 0.19117647058823528 0.07616722114640237
v 0.4597005149622093 0.19117647058823528 0.08214285714285707
v 0.4635646407305647 0.18142832501135814 0.08214285714285707
v 0.5035892091742404 0.15440632355280567 0.05634538890530173
v 0.4951032350755536 0.19117647058823528 0.05052116444626511
v -0.47352941176470575 0.21855339324418524 0.05492158700623787
v -0.4706841605718525 0.25735294117647056 0.037667082340436545
v -0.43226519893949766 0.25735294117647056 0.08214285714285707
v -0.4444071596791308 0.21966563023716737 0.08214285714285707
v 0.47352941176470575 0.21855339324418524 0.05492158700623787
v 0.4576940121381275 0.24186178936786135 0.07127446174697569
v 0.45144746787834233 0.25735294117647056 0.06698723727053929
v 0.4322651989394976 0.25735294117647056 0.08214285714285707
v 0.45004847650026486 0.23438246102647395 0.08214285714285707
v 0.4926355380799281 0.20986724633138756 0.04882749663249729
v -0.40588235294117647 0.29263303920887607 0.08214285714285707
v -0.40588235294117647 0.30940504702967947 0.0722333822017751
v -0.40588235294117647 0.32352941176470584 0.062023323783749106
v -0.38609286940802834 0.32352941176470584 0.08214285714285707
v 0.39929879044020394 0.3170889701876674 0.07762432511579202
v 0.4058823529411766 0.2926330392088759 0.08214285714285707
v 0.4058823529411766 0.3094050470296794 0.07223338220177505
v 0.4058823529411766 0.32352941176470584 0.06202332378374902
v 0.39484880973839803 0.32352941176470584 0.07457014581424201
v 0.38609286940802834 0.32352941176470584 0.08214285714285707
v 0.39667823427421933 0.31452538263398677 0.08214285714285707
v 0.44521959656759214 0.29583502733274675 0.06271282870011755
v 0.42822122560665193 0.32352941176470584 0.05104624490394429
v 0.4262418394084349 0.27726983011183204 0.08214285714285707
v -0.40588235294117647 0.34662488612824416 0.05191777725187923
v -0.3640292984517432 0.3644726172434993 0.06443951876448678
v -0.3382352941176471 0.37316508728598835 0.08214285714285707
v -0.3382352941176471 0.3807229073501423 0.07584051595041727
v -0.3382352941176471 0.3897058823529411 0.06721855587049308
v -0.31921865350236367 0.3897058823529411 0.08214285714285707
v 0.33342345574939775 0.38499864916661036 0.07884032211371708
v 0.33823529411764697 0.37316508728598846 0.08214285714285707
v 0.33823529411764697 0.38072290735014236 0.07584051595041733
v 0.33823529411764697 0.3897058823529411 0.06721855587049318
v 0.32869321636791954 0.3897058823529411 0.07559379135810627
v 0.31921865350236367 0.3897058823529411 0.08214285714285707
v 0.3314600324908118 0.3830779090223415 0.08214285714285707
v 0.4058823529411766 0.3466248861282441 0.05191777725187918
v 0.3840858984258464 0.36838326380533554 0.06718317873326715
v 0.3660300022413043 0.3897058823529411 0.05479077793580196
v 0.37191358757613524 0.35647556840887906 0.08214285714285707
v 0.42430453114651984 0.3415511078351504 0.04835807883037537
v -0.3382352941176471 0.41567250064429295 0.05393213537266267
v -0.3023694430971534 0.4247920409599457 0.06033028905443812
v -0.2705882352941176 0.42792592665189383 0.08214285714285707
v -0.2705882352941176 0.44033121564583955 0.07123237669120805
v -0.2705882352941176 0.4558823529411764 0.05311367795961995
v -0.21178302705350233 0.4558823529411764 0.08214285714285707
v 0.2606837604432921 0.44619319276102104 0.07534506539741473
v 0.2705882352941176 0.42792592665189383 0.08214285714285707
v 0.2705882352941176 0.44033121564583955 0.07123237669120805
v 0.2705882352941176 0.4558823529411764 0.05311367795961995
v 0.24838275242587507 0.4558823529411764 0.06690244809353532
v 0.21178302705350227 0.4558823529411764 0.08214285714285707
v 0.2560790274284339 0.44168856263779016 0.08214285714285707
v 0.33823529411764697 0.415672500644293 0.053932135372662726
v 0.3146060239728768 0.43276676258216207 0.06592525247827878
v 0.2878645131713834 0.4558823529411764 0.047571606866073715
v 0.30028069264995244 0.41875285150538827 0.08214285714285707
v 0.3603762431985842 0.4113655064538579 0.05091040294064317
v -0.2705882352941176 0.4705643443552769 0.04601498445243237
v -0.2530194251149323 0.47306923246429244 0.04777238214161473
v -0.2029411764705883 0.4612352988920966 0.08214285714285707
v -0.2029411764705883 0.4919486032155743 0.06101790892267278
v -0.1616736328533713 0.4962527760449756 0.06403766192361779
v -0.1352941176470588 0.48955968543248946 0.08214285714285707
v -0.1352941176470588 0.5035226652769921 0.06913812389274679
v -0.1352941176470588 0.5220588235294117 0.043266326773592934
v -0.19596732089207602 0.462704602963634 0.08214285714285707
v -0.08251307663362209 0.5075159800195383 0.07193978280735867
v -0.0676470588235294 0.5024746124159385 0.08214285714285707
v -0.0676470588235294 0.5102774652598735 0.07387720578549858
v -0.0676470588235294 0.5220588235294117 0.05692674354298212
v -0.12098165706650554 0.5220588235294117 0.0455374341251623
v -0.09546807096292712 0.49484261600174 0.08214285714285707
v -0.010514746112048036 0.5117726588545821 0.07492621462496077
v 0 0.5063416784235544 0.08214285714285707
v 0 0.5124741355392105 0.07541836175925565
v 0 0.5220588235294117 0.06134471264455551
v -0.03399364704506497 0.5220588235294117 0.05881181367403921
v -0.017802819350965504 0.5046430219904237 0.08214285714285707
v 0.05640467936651214 0.5110608436258078 0.07442681409937629
v 0.0676470588235294 0.5024746124159385 0.08214285714285707
v 0.0676470588235294 0.5102774652598735 0.07387720578549858
v 0.0676470588235294 0.5220588235294117 0.05692674354298212
v 0.03460270358154946 0.5220588235294117 0.05946334624696403
v 0.04950153874865215 0.5043077712822491 0.08214285714285707
v 0.11971523565352697 0.5068186128835653 0.07145051888021568
v 0.1352941176470588 0.48955968543248946 0.08214285714285707
v 0.1352941176470588 0.5035226652769921 0.06913812389274679
v 0.1352941176470588 0.5220588235294117 0.043266326773592934
v 0.09324999239580638 0.5220588235294117 0.0532864854642025
v 0.11044381819540988 0.4977487479788856 0.08214285714285707
v 0.18014817172345785 0.4997613188854797 0.06649921102759052
v 0.2029411764705884 0.46123529889209647 0.08214285714285707
v 0.2029411764705884 0.49194860321557426 0.06101790892267276
v 0.14405302646038948 0.5220588235294117 0.041725834930888404
v 0.16522189646079594 0.4851595278676583 0.08214285714285707
v 0.2705882352941176 0.4705643443552769 0.04601498445243237
v 0.2363098324529927 0.48852560335874595 0.05861637568978685
v 0.20745660872960411 0.46029962362934396 0.08214285714285707
v 0.28368545387998784 0.46869484938387557 0.0447033705201159
v -0.1352941176470588 0.5284876888267283 0.04022469597049831
v -0.12837386355827762 0.528828637311915 0.04046390109820071
v -0.0676470588235294 0.5394768519746845 0.04793455329017553
v 0 0.5427278515710905 0.050215413324479374
v -0.04956301862786236 0.5397497324164773 0.04812600274298884
v 0.0676470588235294 0.5394768519746845 0.04793455329017553
v 0.020822165078370394 0.5424283328452089 0.05000527478981319
v 0.1352941176470588 0.5284876888267283 0.04022469597049831
v 0.08470946155767425 0.5387503044649882 0.04742481678337268
v 0.1414075643691283 0.528039369235784 0.03991016063843897
v -0.2029411764705883 -0.3382352941176471 0.09870231192588008
v -0.15214806403738865 -0.3547228503690567 0.11700396847123323
v -0.1352941176470588 -0.3553937778937418 0.12857142857142856
v -0.1352941176470588 -0.35895618973705273 0.11403391132733758
v -0.17146552064451714 -0.3382352941176471 0.12857142857142856
v -0.15019178225470659 -0.35280909645121555 0.12857142857142856
v -0.1033223549192538 -0.37313504029824707 0.10408620982249966
v -0.0676470588235294 -0.37161272358560427 0.12857142857142856
v -0.0676470588235294 -0.3785199055992964 0.10030825670652536
v -0.0988629665783437 -0.36877259518213934 0.12857142857142856
v -0.04431748845042985 -0.38158935890611106 0.09815476724364902
v 0 -0.37617463012359365 0.12857142857142856
v 0 -0.38414484844932084 0.09636186823079389
v -0.03748067665889539 -0.37490117345787083 0.12857142857142856
v 0.023691439674282323 -0.38123535632886707 0.0984031309565726
v 0.0676470588235294 -0.37161272358560427 0.12857142857142856
v 0.0676470588235294 -0.3785199055992964 0.10030825670652536
v 0.032205737837025274 -0.37290615160444457 0.12857142857142856
v 0.10900576947453941 -0.3639521564603291 0.11052880451513417
v 0.1352941176470588 -0.3553937778937418 0.12857142857142856
v 0.1352941176470588 -0.35895618973705273 0.11403391132733758
v 0.11542949271230729 -0.35766807937990397 0.12857142857142856
v 0.2029411764705884 -0.3382352941176471 0.09870231192587994
v 0.18715637554363504 -0.3382352941176471 0.11773776085448232
v 0.17146552064451714 -0.3382352941176471 0.12857142857142856
v 0.213985875926091 -0.3382352941176471 0.08972322540268964
v -0.2871513912173689 -0.28826191084563585 0.11720354826385546
v -0.2705882352941176 -0.29170493848941165 0.12857142857142856
v -0.2705882352941176 -0.2974035472477936 0.11078989224837335
v -0.30795650206012676 -0.2720588235294118 0.10292426411401231
v -0.2947816323613664 -0.2720588235294118 0.12857142857142856
v -0.28541753148453225 -0.286565743715687 0.12857142857142856
v -0.2029411764705883 -0.3281510509559075 0.12857142857142856
v -0.2531448398395089 -0.3211711029120516 0.09411487700456059
v -0.24771703938679482 -0.31586129812135305 0.12857142857142856
v -0.19666810020247028 -0.33209858907274903 0.12857142857142856
v 0.2029411764705884 -0.32815105095590746 0.12857142857142856
v 0.2705882352941176 -0.29170493848941165 0.12857142857142856
v 0.2705882352941176 -0.2974035472477936 0.11078989224837335
v 0.23369511693856945 -0.3081499175728829 0.12857142857142856
v 0.31181656182070766 -0.2720588235294118 0.11043931727446085
v 0.2947816323613664 -0.2720588235294118 0.12857142857142856
v -0.3602112641942148 -0.22738058453781884 0.11348854227664139
v -0.3382352941176471 -0.23474946479743553 0.12857142857142856
v -0.3382352941176471 -0.247684977491321 0.09924323801402556
v -0.37618545235464507 -0.20588235294117652 0.10252489139634606
v -0.3659920103953557 -0.20588235294117652 0.12857142857142856
v -0.3578641858806336 -0.22508452966583725 0.12857142857142856
v -0.3308020573306823 -0.2647871788465115 0.08724455071403477
v -0.3237015078423788 -0.25784098912969283 0.12857142857142856
v 0.33823529411764697 -0.23474946479743566 0.12857142857142856
v 0.33823529411764697 -0.24768497749132118 0.09924323801402543
v 0.3803805764116378 -0.20588235294117652 0.11106865648127932
v 0.3659920103953558 -0.20588235294117652 0.12857142857142856
v -0.4072292401860159 -0.1410234894402841 0.1276470121704673
v -0.40588235294117647 -0.14186402462318892 0.12857142857142856
v -0.40588235294117647 -0.14356415382371548 0.1258645143014567
v -0.4079450490852272 -0.13970588235294112 0.12715572718063595
v -0.4074799694538844 -0.13970588235294112 0.12857142857142856
v -0.40707193306315326 -0.14086960203748364 0.12857142857142856
v -0.39498540955900296 -0.1952222996325285 0.08962181517844824
v -0.3882461713149089 -0.18862956656765387 0.12857142857142856
v 0.4058823529411766 -0.14356415382371493 0.1258645143014571
v 0.4058823529411766 -0.14186402462318864 0.12857142857142856
v 0.43092912184639465 -0.13970588235294112 0.09933334139146954
v 0.4074799694538843 -0.13970588235294112 0.12857142857142856
v -0.4419191139214995 -0.10878276489763063 0.10383812367499558
v -0.4533135336255032 -0.07352941176470584 0.09601773002721663
v -0.44330720874362944 -0.07352941176470584 0.12857142857142856
v -0.4374850028806418 -0.1044450475750524 0.12857142857142856
v 0.43657189317346395 -0.10968350603874684 0.10320617512837119
v 0.45330254921697904 -0.07352941176470584 0.11468901669860986
v 0.44330720874362944 -0.07352941176470584 0.12857142857142856
v 0.4081170150833645 -0.1375197998225399 0.12857142857142856
v -0.460331810797623 -0.060618715166472666 0.09120083793082386
v -0.47262875354460343 -0.007352941176470562 0.08276101076597078
v -0.45828479020991925 -0.007352941176470562 0.12857142857142856
v -0.45224011879919995 -0.05270292951584144 0.12857142857142856
v 0.4591392035863081 -0.021430318742294403 0.11869491923159659
v 0.46317453358788935 -0.007352941176470562 0.12146450907740237
v 0.45828479020991925 -0.007352941176470562 0.12857142857142856
v 0.4506356402372941 -0.029749022018503817 0.12857142857142856
v -0.47352941176470575 0.05882352941176472 0.0936905574519933
v -0.47275686138544315 -0.006597185370670183 0.0826730858193075
v -0.4626204640748734 0.05882352941176472 0.12857142857142856
v -0.4600408460067019 0.0058423948911419145 0.12857142857142856
v 0.4652465063188187 0.05072068712774477 0.1228865773181955
v 0.47352941176470575 0.05882352941176472 0.0936905574519933
v 0.46607683937240424 0.05882352941176472 0.12345646428975576
v 0.4626204640748734 0.05882352941176472 0.12857142857142856
v 0.4611233146736158 0.0466871300835245 0.12857142857142856
v 0.4791491377525759 0.05882352941176472 0.08599987404757542
v -0.47352941176470575 0.07187453696097018 0.09129927831229966
v -0.47181583496913043 0.125 0.08331894556466496
v -0.45801096807889985 0.125 0.12857142857142856
v -0.4612896706041327 0.07079718924276013 0.12857142857142856
v 0.47352941176470575 0.07187453696097018 0.09129927831229966
v 0.4638566240553694 0.11553749028434489 0.12193265191377844
v 0.4629032090080978 0.125 0.12127828941239013
v 0.45801096807889985 0.125 0.12857142857142856
v 0.4596086814961004 0.11138189430245125 0.12857142857142856
v 0.478894680111589 0.06407216149023742 0.0858252307598173
v -0.47061923389478766 0.12784691313361554 0.08414021524612386
v -0.4516722989902846 0.19117647058823528 0.09714416746318963
v -0.4425812333726182 0.19117647058823528 0.12857142857142856
v -0.4505361503491123 0.14749340790655885 0.12857142857142856
v 0.45771123838016226 0.1757021705381383 0.11771485615532876
v 0.45240840916767694 0.19117647058823528 0.11407533672688386
v 0.4425812333726182 0.19117647058823528 0.12857142857142856
v 0.45135808190632315 0.1694871261615566 0.12857142857142856
v -0.40818303004849943 0.25510227878887204 0.12699239242012927
v -0.40701419980273185 0.25735294117647056 0.12779460199874615
v -0.4068030368928979 0.25735294117647056 0.12857142857142856
v -0.40720411628758174 0.2560599118158567 0.12857142857142856
v 0.4467403750774088 0.23114627485194086 0.11018516426120294
v 0.42897890237732933 0.25735294117647056 0.09799483672481293
v 0.4068030368928978 0.25735294117647056 0.12857142857142856
v 0.43638161439763645 0.22101270462172876 0.12857142857142856
v -0.40588235294117647 0.28448432901367304 0.10117789432387853
v -0.40588235294117647 0.2585545677429068 0.12857142857142856
v -0.37318988728653996 0.32352941176470584 0.10458085375675359
v -0.36490000145632445 0.32352941176470584 0.12857142857142856
v 0.39197455252118785 0.3099239548321082 0.11902601275522515
v 0.4058823529411766 0.2585545677429065 0.12857142857142856
v 0.4058823529411766 0.28448432901367293 0.10117789432387843
v 0.37851297774768977 0.32352941176470584 0.10978685739825908
v 0.3649000014563245 0.32352941176470584 0.12857142857142856
v 0.3870731856965717 0.30512913946020115 0.12857142857142856
v 0.4248451237356077 0.2759034778231967 0.09515767809183001
v 0.4065764202240854 0.2580319200401857 0.12857142857142856
v -0.3382352941176471 0.3643575862373801 0.1107873858998762
v -0.3382352941176471 0.3510540500818057 0.12857142857142856
v -0.30412540585561765 0.3897058823529411 0.10555368107424995
v -0.29395611534589594 0.3897058823529411 0.12857142857142856
v 0.3266168893738304 0.37834005162529444 0.1205973060609209
v 0.33823529411764697 0.3510540500818058 0.12857142857142856
v 0.33823529411764697 0.3643575862373802 0.11078738589987625
v 0.30972365610916 0.3897058823529411 0.10900288198796385
v 0.29395611534589594 0.3897058823529411 0.12857142857142856
v 0.32267312679466986 0.37448202301524613 0.12857142857142856
v 0.3699022996751642 0.3545080041579291 0.10387704418699154
v 0.3571846363289427 0.3420668117540169 0.12857142857142856
v -0.2705882352941176 0.42292230725712116 0.10544707905975802
v -0.2705882352941176 0.408186534893988 0.12857142857142856
v -0.21979436046254597 0.4393955425142613 0.11700449173222777
v -0.2029411764705883 0.4454052148085381 0.12857142857142856
v -0.2029411764705883 0.4485892475717853 0.1234546784551256
v -0.2029411764705883 0.4558823529411764 0.09370132894461672
v -0.23427694620794376 0.4252277955894156 0.12857142857142856
v -0.1716434052304982 0.4558823529411764 0.12857142857142856
v 0.19805383942855093 0.45110126235657455 0.12521707612953328
v 0.2029411764705884 0.44540521480853806 0.12857142857142856
v 0.2029411764705884 0.4485892475717853 0.12345467845512559
v 0.2029411764705884 0.4558823529411764 0.09370132894461652
v 0.1859801757888405 0.4558823529411764 0.11693049332091215
v 0.1716434052304982 0.4558823529411764 0.12857142857142856
v 0.1963472949051302 0.4494318166271412 0.12857142857142856
v 0.25230377396216586 0.4379953798990497 0.11602215542123806
v 0.2705882352941176 0.408186534893988 0.12857142857142856
v 0.2705882352941176 0.42292230725712116 0.10544707905975802
v 0.20969083333066624 0.4558823529411764 0.08677538560893536
v 0.24623405767519005 0.4320576139661385 0.12857142857142856
v 0.2986156932675088 0.4171240477616934 0.1013790938264579
v 0.28505303209357374 0.4038562270480613 0.12857142857142856
v -0.2029411764705883 0.46074095780395824 0.08555159261801512
v -0.19711766869168582 0.4615792627248853 0.08613973670539572
v -0.1352941176470588 0.4723035579762363 0.12857142857142856
v -0.1352941176470588 0.48627268208081337 0.10346432615828495
v -0.101057967998277 0.4893742384671586 0.10564033873410175
v -0.0676470588235294 0.4882335306275563 0.12857142857142856
v -0.0676470588235294 0.49757605881120087 0.11139463173738223
v -0.11602729650916 0.4747303301412948 0.12857142857142856
v -0.02366597649795551 0.49890732478141175 0.11232863103711746
v 0 0.49289148035979785 0.12857142857142856
v 0 0.5009229213678429 0.11374274800728024
v -0.0331001211366684 0.48967827024354044 0.12857142857142856
v 0.044737382886499324 0.49964718402579533 0.11284770688793895
v 0.0676470588235294 0.4882335306275563 0.12857142857142856
v 0.0676470588235294 0.49757605881120087 0.11139463173738223
v 0.03636857260726022 0.49146030440480054 0.12857142857142856
v 0.1072404837796902 0.49461505126785543 0.10931722644506686
v 0.1352941176470588 0.4723035579762363 0.12857142857142856
v 0.1352941176470588 0.48627268208081337 0.10346432615828495
v 0.09755798366210396 0.4851430402832602 0.12857142857142856
v 0.2029411764705884 0.4607409578039582 0.08555159261801507
v 0.16348199748197006 0.48345745277967644 0.1014891970295508
v 0.14999370219101085 0.47026238129939035 0.12857142857142856
v 0.20719021075367586 0.460039016913762 0.08505911980298853
v -0.1352941176470588 -0.3382352941176471 0.13705083289284972
v -0.0676470588235294 -0.3382352941176471 0.14647755048665947
v -0.12148607310375659 -0.3382352941176471 0.13804837839773224
v 0 -0.3382352941176471 0.14940279251574884
v -0.040591079272337016 -0.3382352941176471 0.1471409052199177
v 0.0676470588235294 -0.3382352941176471 0.14647755048665947
v 0.02935246730726212 -0.3382352941176471 0.14871706607113327
v 0.1352941176470588 -0.3382352941176471 0.13705083289284972
v 0.09156463167485784 -0.3382352941176471 0.144986905590508
v 0.14638787535263795 -0.3382352941176471 0.13618546724513347
v -0.2705882352941176 -0.2720588235294118 0.1373440819694803
v -0.2029411764705883 -0.2720588235294118 0.157368999223699
v -0.25296633978082494 -0.2720588235294118 0.1406659593429741
v -0.1352941176470588 -0.30633545495214587 0.15095195065262143
v -0.1352941176470588 -0.2720588235294118 0.16979690077023202
v -0.14758323665191322 -0.2720588235294118 0.16656554254635764
v -0.0676470588235294 -0.28013895874522987 0.17499999999999993
v -0.09033666176815369 -0.2720588235294118 0.17499999999999993
v -0.07495802970220108 -0.27921086025854713 0.17499999999999993
v 0 -0.28805321450509025 0.17499999999999993
v -0.0156185990509096 -0.28733788781834513 0.17499999999999993
v 0.0676470588235294 -0.28013895874522987 0.17499999999999993
v 0.05894303047729808 -0.28057363386811635 0.17499999999999993
v 0.11465796848446622 -0.29224636075368715 0.16083668023312742
v 0.1352941176470588 -0.30633545495214587 0.15095195065262143
v 0.1352941176470588 -0.2720588235294118 0.16979690077023202
v 0.12935353770618274 -0.2720588235294118 0.170922769667908
v 0.09033666176815369 -0.2720588235294118 0.17499999999999993
v 0.15236206437141442 -0.3215383897133862 0.14028576467727508
v 0.2029411764705884 -0.2720588235294118 0.157368999223699
v 0.18547448683415857 -0.2720588235294118 0.1630119925166118
v 0.2705882352941176 -0.2720588235294118 0.1373440819694803
v 0.23806906199027103 -0.2720588235294118 0.1526809400616456
v 0.2814965785059879 -0.2720588235294118 0.13605821071373708
v -0.3382352941176471 -0.20588235294117652 0.14015239663986376
v -0.2705882352941176 -0.2502654676632911 0.14386137030607193
v -0.2705882352941176 -0.20588235294117652 0.16400578167367785
v -0.31079756200728204 -0.20588235294117652 0.14740291551674115
v -0.2029411764705883 -0.22840103988520327 0.17499999999999993
v -0.2312354702537604 -0.20588235294117652 0.17499999999999993
v -0.22014774601293075 -0.22271486662390289 0.17499999999999993
v -0.1352941176470588 -0.26185466885985076 0.17499999999999993
v -0.180308520190968 -0.24991818151673978 0.17499999999999993
v -0.12904674897728682 -0.26594726722202616 0.17499999999999993
v 0.1352941176470588 -0.26185466885985076 0.17499999999999993
v 0.2029411764705884 -0.2284010398852032 0.17499999999999993
v 0.1632182457737069 -0.24474174166638657 0.17499999999999993
v 0.2705882352941176 -0.2502654676632911 0.14386137030607193
v 0.24994386681852093 -0.2260779307977385 0.16083103902761836
v 0.2705882352941176 -0.20588235294117652 0.16400578167367785
v 0.2610960822428163 -0.20588235294117652 0.16848519930329933
v 0.23123547025376037 -0.20588235294117652 0.17499999999999993
v 0.28364346501404464 -0.2592874031512223 0.13753169493199963
v 0.33823529411764697 -0.20588235294117652 0.1401523966398638
v 0.3119101874285057 -0.20588235294117652 0.15693214727235952
v 0.35232793966759784 -0.20588235294117652 0.13824371014453146
v -0.40588235294117647 -0.13970588235294112 0.12924171425231853
v -0.3382352941176471 -0.18277838409994226 0.14478087972670717
v -0.3382352941176471 -0.13970588235294112 0.16042722209984006
v -0.404168913226156 -0.13970588235294112 0.1297474229099985
v -0.2705882352941176 -0.16988212616222648 0.17499999999999993
v -0.2974572379253905 -0.13970588235294112 0.17499999999999993
v -0.29019853341083834 -0.15888986964103757 0.17499999999999993
v -0.2578586212358611 -0.1934294696233169 0.17499999999999993
v 0.2705882352941176 -0.16988212616222648 0.17499999999999993
v 0.33823529411764697 -0.18277838409994213 0.14478087972670722
v 0.3190909398622914 -0.15843405499404983 0.16186055189306336
v 0.33823529411764697 -0.13970588235294112 0.16042722209984012
v 0.32711061899457966 -0.13970588235294112 0.1673647416080811
v 0.29745723792539047 -0.13970588235294112 0.17499999999999993
v 0.3539401828728343 -0.190518874811102 0.13935024973570304
v 0.4058823529411766 -0.13970588235294112 0.12924171425231842
v 0.3755769828902695 -0.13970588235294112 0.15420035161102338
v 0.4066766545657343 -0.13970588235294112 0.12911658589760017
v -0.40588235294117647 -0.13858691411806065 0.12935648247590026
v -0.40588235294117647 -0.07352941176470584 0.14640131668142473
v -0.3981273503282209 -0.13211946675331065 0.1338939614206931
v -0.3382352941176471 -0.07909432679225659 0.171095726282258
v -0.3382352941176471 -0.07352941176470584 0.17268134890707282
v -0.3501167908268794 -0.07352941176470584 0.1668453081591914
v -0.33295333898083435 -0.07352941176470584 0.17499999999999993
v -0.31816028555031567 -0.12006728701533434 0.17499999999999993
v 0.3356646629906128 -0.07604415960636968 0.17323568484759452
v 0.33823529411764697 -0.0790943267922565 0.17109572628225805
v 0.33823529411764697 -0.07352941176470584 0.17268134890707285
v 0.3365041059411429 -0.07352941176470584 0.17381182426395209
v 0.3329533389808343 -0.07352941176470584 0.17499999999999993
v 0.3224411154254408 -0.08898023874621186 0.17499999999999993
v 0.4058823529411766 -0.13858691411806082 0.12935648247590012
v 0.378235048874079 -0.10057568748251863 0.15602467640115353
v 0.4058823529411766 -0.07352941176470584 0.14640131668142467
v 0.38670268378137584 -0.07352941176470584 0.16183631402386345
v 0.4067353099035858 -0.138871467933193 0.1291568431325852
v 0.42728712184814693 -0.07352941176470584 0.14326227928087099
v -0.40588235294117647 -0.0456824173348806 0.14810852625076626
v -0.40588235294117647 -0.007352941176470562 0.15461454876661626
v -0.3382352941176471 -0.05351288415035378 0.17499999999999993
v -0.3560306607569915 -0.007352941176470562 0.17499999999999993
v -0.35409815245868315 -0.02287095477096239 0.17499999999999993
v -0.33505258563124257 -0.07041589259322317 0.17499999999999993
v 0.33823529411764697 -0.05351288415035414 0.17499999999999993
v 0.4058823529411766 -0.04568241733488068 0.1481085262507662
v 0.3887338098334305 -0.024128689868830835 0.1632303477428202
v 0.4058823529411766 -0.007352941176470562 0.1546145487666162
v 0.3919913271938121 -0.007352941176470562 0.16546609723550446
v 0.3560306607569916 -0.007352941176470562 0.17499999999999993
v 0.42802933717331515 -0.05186388371152677 0.14377168793572243
v 0.4370799385876565 -0.007352941176470562 0.14998343611140394
v -0.40588235294117647 0.030540552129443913 0.15515702228764156
v -0.40588235294117647 0.05882352941176472 0.15689896702068987
v -0.3622901391746179 0.05882352941176472 0.17499999999999993
v -0.36155765781890425 0.0360081736170566 0.17499999999999993
v 0.4058823529411766 0.03054055212944385 0.1551570222876415
v 0.3925092608513974 0.04574115671524165 0.16582157344148693
v 0.4058823529411766 0.05882352941176472 0.1568989670206898
v 0.39343473490933034 0.05882352941176472 0.16645675905267693
v 0.36229013917461794 0.05882352941176472 0.17499999999999993
v 0.3566617186926331 0.010672908951233174 0.17499999999999993
v 0.43731618473680034 0.023397546449683195 0.15014558020755547
v 0.439939369751586 0.05882352941176472 0.15194596495372822
v -0.40588235294117647 0.09758218822990594 0.1557640114247911
v -0.40588235294117647 0.125 0.15418354850329877
v -0.35200261214970757 0.125 0.17499999999999993
v -0.3531514947103428 0.11040806463758025 0.17499999999999993
v 0.4058823529411766 0.09758218822990589 0.15576401142479107
v 0.3923683590081315 0.11177978854376028 0.1657248675180032
v 0.4058823529411766 0.125 0.1541835485032987
v 0.39153896160018203 0.125 0.16515562271316833
v 0.35200261214970757 0.125 0.17499999999999993
v 0.3607377510356475 0.08083680248372169 0.17499999999999993
v 0.4394934327137267 0.09170393353708559 0.15163990257681237
v 0.43715029295112195 0.125 0.15003172280185695
v -0.40588235294117647 0.1588372793511091 0.1523112340844289
v -0.40588235294117647 0.19117647058823528 0.14607105244240698
v -0.351243304744908 0.17845124280069743 0.1660721417744575
v -0.3382352941176471 0.1558318879659189 0.17499999999999993
v -0.3382352941176471 0.1863414804200873 0.17160783229472787
v -0.3382352941176471 0.19117647058823528 0.17070499952868784
v -0.35796661440446503 0.19117647058823528 0.16145769632488577
v -0.32692983460543734 0.19117647058823528 0.17499999999999993
v 0.3355131899136971 0.18851354256263214 0.17313172351219586
v 0.33823529411764697 0.15583188796591918 0.17499999999999993
v 0.33823529411764697 0.18634148042008733 0.17160783229472787
v 0.33823529411764697 0.19117647058823528 0.1707049995286879
v 0.3348901027767857 0.19117647058823528 0.17270407675052685
v 0.3269298346054373 0.19117647058823528 0.17499999999999993
v 0.3316415621859771 0.18472608065508 0.17499999999999993
v 0.4058823529411766 0.15883727935110906 0.15231123408442887
v 0.38962233808748786 0.17526993431832244 0.16384017614079127
v 0.4058823529411766 0.19117647058823528 0.14607105244240692
v 0.38623835634329734 0.19117647058823528 0.16151762966418848
v 0.3503107657621423 0.1368129613913541 0.17499999999999993
v 0.43616100020637133 0.15462041580290803 0.14935273616648465
v 0.427462375749447 0.19117647058823528 0.14338256223797446
v -0.40588235294117647 0.21396352278738215 0.14455853503495697
v -0.40588235294117647 0.25735294117647056 0.12897761946672748
v -0.3382352941176471 0.24149979139894565 0.1638776314259269
v -0.3761158789789784 0.22029584729038557 0.1490012134957943
v -0.3382352941176471 0.25735294117647056 0.15873261233664818
v -0.40500065724813833 0.25735294117647056 0.12917656754087398
v -0.2843704313445009 0.25735294117647056 0.17499999999999993
v -0.30045889241934204 0.22813164616266407 0.17499999999999993
v 0.33823529411764697 0.24149979139894567 0.16387763142592693
v 0.3288659123798584 0.24818724165037304 0.16856946160232517
v 0.33823529411764697 0.25735294117647056 0.1587326123366482
v 0.32537448739027136 0.25735294117647056 0.16617317302251544
v 0.28437043134450085 0.25735294117647056 0.17499999999999993
v 0.31234278359462464 0.2320233113169922 0.17499999999999993
v 0.4058823529411766 0.2139635227873821 0.14455853503495694
v 0.38421116788777643 0.23615286884162268 0.1601262984571384
v 0.4058823529411766 0.25735294117647056 0.1289776194667274
v 0.3756713201362794 0.25735294117647056 0.1542650986028501
v 0.426374555961061 0.21122319093377445 0.14263595300433063
v 0.4063728175545664 0.25735294117647056 0.1289080517998731
v -0.40588235294117647 0.2578591347528356 0.12892656755675133
v -0.40525866678957184 0.2579630689334751 0.12899948645808887
v -0.3382352941176471 0.29483787302811465 0.1548703807594074
v -0.3382352941176471 0.32352941176470584 0.14002246298014573
v -0.2927935084481659 0.30180686194009343 0.1597597348849544
v -0.2705882352941176 0.27192624246811953 0.17499999999999993
v -0.2705882352941176 0.3119233445477565 0.16685733061921962
v -0.2705882352941176 0.32352941176470584 0.16138513673091118
v -0.315304559274697 0.32352941176470584 0.14430960372761473
v -0.20951286402503905 0.32352941176470584 0.17499999999999993
v 0.2627669895468454 0.3158781930988961 0.16963200214240007
v 0.2705882352941176 0.27192624246811953 0.17499999999999993
v 0.2705882352941176 0.3119233445477565 0.16685733061921962
v 0.2705882352941176 0.32352941176470584 0.16138513673091118
v 0.25833841697534193 0.32352941176470584 0.16659251599860422
v 0.20951286402503902 0.32352941176470584 0.17499999999999993
v 0.2500550214152969 0.30344257210064207 0.17499999999999993
v 0.33823529411764697 0.29483787302811465 0.1548703807594074
v 0.32133095951373447 0.30699256269566105 0.16339795668489232
v 0.33823529411764697 0.32352941176470584 0.14002246298014578
v 0.3115886468618854 0.32352941176470584 0.15671146259775368
v 0.2809216368618209 0.26746170357965865 0.17499999999999993
v 0.4058823529411766 0.2578591347528355 0.12892656755675128
v 0.3733942199502414 0.2917475425344433 0.15270224412733954
v 0.35266654856920643 0.32352941176470584 0.13847610942172245
v 0.40633944481352974 0.25780009626899 0.12888514690618028
v -0.3382352941176471 0.33768639407619816 0.13850378758996762
v -0.32200297259002475 0.3394088567373798 0.13971224552051092
v -0.2705882352941176 0.36306293171015025 0.15630764415220066
v -0.2705882352941176 0.3897058823529411 0.13737465263802012
v -0.22666719377011216 0.36649564803818946 0.15871599433790434
v -0.2029411764705883 0.3285810713926761 0.17499999999999993
v -0.2029411764705883 0.3749128047948027 0.16462136463381394
v -0.2029411764705883 0.3897058823529411 0.15515158974366441
v -0.2553038582559532 0.3897058823529411 0.13906163765662835
v -0.1450512206055392 0.3801608903283407 0.16830335480178824
v -0.1352941176470588 0.3659332186138533 0.17499999999999993
v -0.1352941176470588 0.3827129855250632 0.17009387238425067
v -0.1352941176470588 0.3897058823529411 0.1656843122108721
v -0.1558715368530922 0.3897058823529411 0.1608769886815733
v -0.19457293559144065 0.33171573436387203 0.17499999999999993
v -0.07047761008035307 0.3869368648190919 0.1730572924603787
v -0.0676470588235294 0.3827400728957769 0.17499999999999993
v -0.0676470588235294 0.38741972332002345 0.1733960598530958
v -0.0676470588235294 0.3897058823529411 0.17191311686608787
v -0.07339005877642475 0.3897058823529411 0.17105837580872704
v -0.07925806811569694 0.37834728630625547 0.17499999999999993
v -0.0007886469321784079 0.38893437991928836 0.17445872368940543
v 0 0.3876209915246643 0.17499999999999993
v 0 0.38898219227015995 0.174492268227636
v 0 0.3897058823529411 0.17401560642891623
v -0.0015518141502869898 0.3897058823529411 0.1739349350086539
v -0.0025255236510508816 0.38723526138995656 0.17499999999999993
v 0.06545177430278007 0.3875583214087298 0.17349329851215645
v 0.0676470588235294 0.3827400728957769 0.17499999999999993
v 0.0676470588235294 0.38741972332002345 0.1733960598530958
v 0.0676470588235294 0.3897058823529411 0.17191311686608787
v 0.06347601239147847 0.3897058823529411 0.1721372631630954
v 0.06157123620833977 0.38376214283808174 0.17499999999999993
v 0.1293229733331751 0.38386454552414184 0.17090179225662014
v 0.1352941176470588 0.3659332186138533 0.17499999999999993
v 0.1352941176470588 0.3827129855250632 0.17009387238425067
v 0.1352941176470588 0.3897058823529411 0.1656843122108721
v 0.12436457256057704 0.3897058823529411 0.16749866626052023
v 0.11896075752214491 0.373727595274221 0.17499999999999993
v 0.19158108407445612 0.3785927484871596 0.16720316639892782
v 0.2029411764705884 0.328581071392676 0.17499999999999993
v 0.2029411764705884 0.3749128047948027 0.16462136463381394
v 0.2029411764705884 0.3897058823529411 0.1551515897436644
v 0.18264100376187242 0.3897058823529411 0.1610672727682415
v 0.16984996633660226 0.3573340463523026 0.17499999999999993
v 0.2705882352941176 0.36306293171015025 0.15630764415220066
v 0.25271202594920583 0.37221828625465786 0.16273092464215677
v 0.2705882352941176 0.3897058823529411 0.13737465263802012
v 0.23796230600363902 0.3897058823529411 0.15260766964846026
v 0.20714402668929086 0.3276408956743061 0.17499999999999993
v 0.33823529411764697 0.33768639407619827 0.13850378758996768
v 0.3085534416407572 0.3606692875385924 0.15462829379691723
v 0.28194177395577746 0.3897058823529411 0.13636376411250567
v 0.351466617824443 0.33647309799961495 0.13765255446957111
v -0.2705882352941176 0.4003683224508171 0.13605206114803362
v -0.25882940315595776 0.40120908770548874 0.13664193137432706
v -0.2029411764705883 0.42220942744018247 0.1513755030612074
v -0.1352941176470588 0.43251325278252606 0.15860453607916908
v -0.1682643727082834 0.42362884255519584 0.15237134668158184
v -0.1352941176470588 0.4558823529411764 0.1372461115662485
v -0.0676470588235294 0.43717834922287335 0.16187750850239685
v -0.09058987919756961 0.43343828953178926 0.15925353011595372
v -0.0676470588235294 0.4558823529411764 0.1457440831440849
v -0.1220078492118179 0.4558823529411764 0.13769026498195103
v 0 0.43856409310828015 0.16284972881565052
v -0.01877582321065318 0.43751469980032004 0.162113487796415
v 0 0.4558823529411764 0.14819084172246
v -0.04222756594590924 0.4558823529411764 0.14601772647811814
v 0.0676470588235294 0.43717834922287335 0.16187750850239685
v 0.049612518454697635 0.43823986779775403 0.16262225645493217
v 0.0676470588235294 0.4558823529411764 0.1457440831440849
v 0.028170517210861373 0.4558823529411764 0.14790585187453525
v 0.1352941176470588 0.43251325278252606 0.15860453607916908
v 0.11531603065164656 0.4363385721847949 0.1612883315963164
v 0.1352941176470588 0.4558823529411764 0.1372461115662485
v 0.09170207330262876 0.4558823529411764 0.14508123664559303
v 0.2029411764705884 0.42220942744018247 0.1513755030612074
v 0.17771068060939788 0.4312003461204466 0.15768341743688477
v 0.1470749144787112 0.4558823529411764 0.13665700652110302
v 0.2705882352941176 0.4003683224508171 0.13605206114803362
v 0.2346281429220886 0.4207040017076697 0.15031931548379365
v 0.2807923497473276 0.39968816823108133 0.13557487358434597
v -0.1352941176470588 0.46626719071989803 0.13585729888602374
v -0.124407963332901 0.46653185172676553 0.1360429816876673
v -0.0676470588235294 0.4767513469517419 0.14321284976614274
v -0.04615277596045632 0.476909368785487 0.14332371587807186
v 0 0.47980548937807294 0.14535559730969563
v 0.0676470588235294 0.4767513469517419 0.14321284976614274
v 0.02428268550473283 0.47963715397841505 0.14523749533088803
v 0.1352941176470588 0.46626719071989803 0.13585729888602374
v 0.08854523351185986 0.4763262194841084 0.1429145857332951
v 0.14555624224777863 0.4659213878766632 0.13561468800235738
v -0.0676470588235294 -0.2720588235294118 0.18353156555648725
v 0 -0.2720588235294118 0.19248700128155763
v -0.05285181990958902 -0.2720588235294118 0.18515449627323233
v 0.0676470588235294 -0.2720588235294118 0.18353156555648725
v 0.022121354776492595 -0.2720588235294118 0.1901826689615058
v 0.07684041647853279 -0.2720588235294118 0.18130972683775073
v -0.2029411764705883 -0.20588235294117652 0.19580215092574146
v -0.1663948179684835 -0.23630695108170063 0.2000830597172831
v -0.1352941176470588 -0.23383702606853504 0.22142857142857153
v -0.1352941176470588 -0.2522867315651773 0.18887184864792322
v -0.17402303482637613 -0.20588235294117652 0.22142857142857153
v -0.1584453276509488 -0.22853027577106888 0.22142857142857153
v -0.0676470588235294 -0.2552437937285122 0.22142857142857153
v -0.12637087419089754 -0.26332956362664534 0.1811243379000361
v -0.11312074807788611 -0.250367483733482 0.22142857142857153
v 0 -0.260299465292626 0.22142857142857153
v -0.05331949480991958 -0.25804272829870656 0.22142857142857153
v 0.0676470588235294 -0.2552437937285122 0.22142857142857153
v 0.014546820532339081 -0.2578282382260366 0.22142857142857153
v 0.1352941176470588 -0.23383702606853504 0.22142857142857153
v 0.1352941176470588 -0.2522867315651773 0.18887184864792322
v 0.10069560757597837 -0.23972872148897256 0.22142857142857153
v 0.2029411764705884 -0.20588235294117652 0.19580215092574138
v 0.18656204462262155 -0.20588235294117652 0.2101869933590042
v 0.17402303482637616 -0.20588235294117652 0.22142857142857153
v 0.22066381788555883 -0.20588235294117652 0.18716367625064742
v -0.2705882352941176 -0.13970588235294112 0.1974333758942542
v -0.2029411764705883 -0.18853397053243443 0.22142857142857153
v -0.2512215092186896 -0.18693664264999688 0.18829206975984347
v -0.2526946016038175 -0.13970588235294112 0.22142857142857153
v -0.24026481863122456 -0.1762181409883463 0.22142857142857153
v -0.1957431109862434 -0.19884076714127388 0.22142857142857153
v 0.2029411764705884 -0.18853397053243434 0.22142857142857153
v 0.23304669416528212 -0.17643130302245427 0.19566248264138925
v 0.2705882352941176 -0.13970588235294112 0.1974333758942542
v 0.25894858358119305 -0.13970588235294112 0.21343986637094317
v 0.2526946016038175 -0.13970588235294112 0.22142857142857153
v 0.2887943783084176 -0.13970588235294112 0.18749552051602578
v -0.2705882352941176 -0.10932538747974437 0.22142857142857153
v -0.3012780252502769 -0.10355203237399212 0.200365082048723
v -0.32506815067303485 -0.07352941176470584 0.18403707671198535
v -0.29702776711819084 -0.07352941176470584 0.22142857142857153
v -0.2920310682428662 -0.09450609617109032 0.22142857142857153
v -0.26311957757781734 -0.1323995867609083 0.22142857142857153
v 0.2705882352941176 -0.10932538747974437 0.22142857142857153
v 0.29340937714451387 -0.11738085228190127 0.1906629576053962
v 0.31433986112997936 -0.07352941176470584 0.20502828978175613
v 0.2970277671181908 -0.07352941176470584 0.22142857142857153
v -0.3382352941176471 -0.007352941176470562 0.1901070137185017
v -0.332754418843355 -0.06816768595289835 0.17876171874415694
v -0.31817545982266415 -0.007352941176470562 0.22142857142857153
v -0.3137155555531356 -0.04954271099507512 0.22142857142857153
v 0.3187375482169236 -0.026426823035873827 0.20804657812403776
v 0.33823529411764697 -0.007352941176470562 0.19010701371850183
v 0.3253163025295531 -0.007352941176470562 0.21256181012121517
v 0.31817545982266415 -0.007352941176470562 0.22142857142857153
v 0.30197067586213716 -0.04282919816555622 0.22142857142857153
v 0.3505585829903448 -0.007352941176470562 0.18345790944368387
v -0.3382352941176471 0.015320519240271824 0.1909074119114288
v -0.3382352941176471 0.05882352941176472 0.19517166707097897
v -0.3212270538101839 0.05882352941176472 0.22142857142857153
v -0.3202212962809383 0.010269448011614057 0.22142857142857153
v 0.33823529411764697 0.015320519240272033 0.19090741191142893
v 0.32610710654385205 0.046958998089574044 0.21310456691363772
v 0.33823529411764697 0.05882352941176472 0.19517166707097908
v 0.32736616498830073 0.05882352941176472 0.2139687032994239
v 0.32122705381018385 0.05882352941176472 0.22142857142857153
v 0.31925175268330197 0.04025267366077506 0.22142857142857153
v 0.3507223341106795 0.004862641425409065 0.1835702976349695
v 0.35516038365131214 0.05882352941176472 0.18661628815819872
v -0.3382352941176471 0.08388882190098632 0.19258549092100943
v -0.3382352941176471 0.125 0.1860556352329536
v -0.3112182548918685 0.125 0.22142857142857153
v -0.3148679230043488 0.081682914196513 0.22142857142857153
v 0.33823529411764697 0.08388882190098645 0.19258549092100954
v 0.3250890033630831 0.1121394981748832 0.21240580665602923
v 0.33823529411764697 0.125 0.18605563523295368
v 0.32256725330077335 0.125 0.210675040308916
v 0.3112182548918685 0.125 0.22142857142857153
v 0.31811938863398803 0.10532139680946406 0.22142857142857153
v 0.3544720894143834 0.07470735089770247 0.18614388745521346
v 0.34766134801515525 0.125 0.18146943450729597
v -0.3382352941176471 0.13708748091802675 0.18348042312026636
v -0.2733643704125848 0.19117647058823528 0.21952321161123842
v -0.27132182584627323 0.19117647058823528 0.22142857142857153
v -0.27160980094941195 0.19017711288196903 0.22142857142857153
v 0.33823529411764697 0.13708748091802686 0.1834804231202664
v 0.31817431227144377 0.17155159704303652 0.20766000935400344
v 0.3085225938223944 0.19117647058823528 0.2010356932756186
v 0.27132182584627323 0.19117647058823528 0.22142857142857153
v 0.3056387802924177 0.15928857662877183 0.22142857142857153
v 0.346950186071893 0.1335254377813276 0.18098133888785203
v -0.2705882352941176 0.2321785003195816 0.2037665033988176
v -0.2705882352941176 0.19208925183736844 0.22142857142857153
v -0.2705882352941176 0.25735294117647056 0.18453428055866075
v -0.22114989806687613 0.25735294117647056 0.22142857142857153
v 0.2597986322786842 0.2467978947483292 0.21402328488692313
v 0.2705882352941176 0.19208925183736844 0.22142857142857153
v 0.2705882352941176 0.2321785003195816 0.2037665033988176
v 0.2705882352941176 0.25735294117647056 0.18453428055866075
v 0.24876386378116608 0.25735294117647056 0.20644973259514818
v 0.2211498980668761 0.25735294117647056 0.22142857142857153
v 0.2545096403745117 0.24162388092902998 0.22142857142857153
v 0.30370116165451577 0.22356955072340745 0.1977265736821367
v 0.27952082503805975 0.25735294117647056 0.18113075258823355
v 0.27114067674820086 0.1917169024454907 0.22142857142857153
v -0.2705882352941176 0.2663166138468571 0.1812887989211283
v -0.25784464492902537 0.2698194969684086 0.18374637723815332
v -0.2029411764705883 0.27380295811092975 0.22142857142857153
v -0.2029411764705883 0.3005978747895966 0.20534009628095512
v -0.2029411764705883 0.32352941176470584 0.1787722833392569
v -0.14717587231883658 0.3119059561075319 0.21327370253893518
v -0.1352941176470588 0.3141010294694194 0.22142857142857153
v -0.1352941176470588 0.31788460888208275 0.21746824940615975
v -0.1352941176470588 0.32352941176470584 0.20914900519217275
v -0.19073838206629146 0.32352941176470584 0.18337520982406702
v -0.17239547574202896 0.28723460493266983 0.22142857142857153
v -0.09857698886033656 0.32352941176470584 0.22142857142857153
v 0.13139939237919224 0.3197193544374451 0.21875548358944574
v 0.1352941176470588 0.3141010294694194 0.22142857142857153
v 0.1352941176470588 0.31788460888208275 0.21746824940615975
v 0.1352941176470588 0.32352941176470584 0.20914900519217275
v 0.12382478070883293 0.32352941176470584 0.2135567594305966
v 0.09857698886033656 0.32352941176470584 0.22142857142857153
v 0.12953663482109373 0.3178970916088705 0.22142857142857153
v 0.19019864482059384 0.3110638916723199 0.21268292082407217
v 0.2029411764705884 0.27380295811092964 0.22142857142857153
v 0.2029411764705884 0.30059787478959654 0.2053400962809551
v 0.2029411764705884 0.32352941176470584 0.17877228333925682
v 0.17099319651513664 0.32352941176470584 0.19950154170759377
v 0.18315222153391392 0.3041706515005678 0.22142857142857153
v 0.2705882352941176 0.2663166138468571 0.1812887989211283
v 0.2408261200610338 0.29441429903668903 0.20100177805431202
v 0.20675175535251128 0.32352941176470584 0.17761533519535697
v 0.21528919415905987 0.2694325236978014 0.22142857142857153
v 0.2782745870756637 0.26487219835407005 0.18027541535317296
v -0.2029411764705883 0.3269140984293853 0.17737465318379092
v -0.19887926994853133 0.3275030159710659 0.17778783025271605
v -0.1352941176470588 0.35308710023193574 0.1957372988928819
v -0.10243092440834912 0.3556781877590957 0.19755517299923864
v -0.0676470588235294 0.33825413759587264 0.22142857142857153
v -0.0676470588235294 0.3648651998555317 0.20400066402562705
v -0.024357399810180987 0.3658779912342858 0.20471122559611804
v 0 0.34838646296802256 0.22142857142857153
v 0 0.36848757114246455 0.20654207372217362
v -0.05181065031711972 0.33902155052097616 0.22142857142857153
v 0.04497593548757186 0.36752760952428704 0.20586857684084905
v 0.0676470588235294 0.33825413759587264 0.22142857142857153
v 0.0676470588235294 0.3648651998555317 0.20400066402562705
v 0.024373843579800634 0.3473733891797282 0.22142857142857153
v 0.1352941176470588 0.35308710023193574 0.1957372988928819
v 0.1073600097566941 0.3623790376775844 0.2022564042118926
v 0.080937371951386 0.33653080504195687 0.22142857142857153
v 0.2029411764705884 0.32691409842938524 0.17737465318379086
v 0.16270130978167988 0.3503407953746612 0.19381052627873058
v 0.2060566053579804 0.32657711393715455 0.17713822914320998
v -0.1352941176470588 -0.20588235294117652 0.2521092971743524
v -0.08846148136042417 -0.22624428803161706 0.25357146776194484
v -0.0676470588235294 -0.22443473366985006 0.2678571428571428
v -0.0676470588235294 -0.23161301549851376 0.2498048367454872
v -0.10431884506006983 -0.20588235294117652 0.2678571428571428
v -0.0841562686698612 -0.2220326669212837 0.2678571428571428
v -0.03618321460897136 -0.2412789759282137 0.2430233216503644
v 0 -0.2345103683111423 0.2678571428571428
v 0 -0.24482561692768395 0.2405350433618472
v -0.027952545109594662 -0.23322723402664955 0.2678571428571428
v 0.0377690474655452 -0.23511084231311757 0.2473508058692096
v 0.0676470588235294 -0.22443473366985006 0.2678571428571428
v 0.0676470588235294 -0.23161301549851376 0.2498048367454872
v 0.04757928600072394 -0.2255138698330514 0.2678571428571428
v 0.1352941176470588 -0.20588235294117652 0.2521092971743524
v 0.1248272660979527 -0.20588235294117652 0.26067337207343955
v 0.10431884506006983 -0.20588235294117652 0.2678571428571428
v 0.16314147172733928 -0.20588235294117652 0.2405411964339813
v -0.20846389951373526 -0.14510854619949795 0.26406670250765374
v -0.2029411764705883 -0.1460592555150455 0.2678571428571428
v -0.2029411764705883 -0.15088565498042014 0.26001355634707024
v -0.21425424848714292 -0.13970588235294112 0.26009258100727145
v -0.20940422792726984 -0.13970588235294112 0.2678571428571428
v -0.20741287528171065 -0.14408037032034343 0.2678571428571428
v -0.1352941176470588 -0.19599776270196798 0.2678571428571428
v -0.18917717655953092 -0.19241757041948995 0.2308752918644214
v -0.18072722746049233 -0.18415131586608263 0.2678571428571428
v -0.12953347912045432 -0.20024694568688953 0.2678571428571428
v 0.1352941176470588 -0.19599776270196798 0.2678571428571428
v 0.2029411764705884 -0.15088565498041984 0.26001355634707046
v 0.2029411764705884 -0.1460592555150453 0.2678571428571428
v 0.18750233453816045 -0.154809097286838 0.2678571428571428
v 0.24311803209724706 -0.13970588235294112 0.24900336985556396
v 0.20940422792726976 -0.13970588235294112 0.2678571428571428
v -0.2705882352941176 -0.07352941176470584 0.24938510484116724
v -0.25615650632624615 -0.12558788662350165 0.23133357795620998
v -0.25879561864670064 -0.07352941176470584 0.2678571428571428
v -0.24757575558906209 -0.11719367394582159 0.2678571428571428
v 0.2557907504001939 -0.08800521220441383 0.2577011050883318
v 0.2705882352941176 -0.07352941176470584 0.24938510484116724
v 0.2646279778397873 -0.07352941176470584 0.2637664071509099
v 0.25879561864670064 -0.07352941176470584 0.2678571428571428
v 0.21681269459052124 -0.1261359189747459 0.2678571428571428
v 0.29217012056343 -0.07352941176470584 0.23624098336806854
v -0.2842556679420998 -0.020723255723409627 0.2584766999527824
v -0.2705882352941176 -0.032097629260182586 0.2678571428571428
v -0.28780864783508203 -0.007352941176470562 0.25603816406349955
v -0.2826177680343794 -0.007352941176470562 0.2678571428571428
v -0.28114352237150425 -0.017678765491305315 0.2678571428571428
v -0.2634478190017541 -0.0665442219134807 0.2678571428571428
v 0.2705882352941176 -0.032097629260182586 0.2678571428571428
v 0.2945383748956245 -0.05009992737192733 0.23786640016128274
v 0.31120358382576735 -0.007352941176470562 0.24930432306054226
v 0.2826177680343794 -0.007352941176470562 0.2678571428571428
v -0.29541809427799615 0.03453344997101399 0.25081553156696534
v -0.29664834647105875 0.05882352941176472 0.24997116593135407
v -0.2892053630508056 0.05882352941176472 0.2678571428571428
v -0.28876002743572116 0.041046776229761245 0.2678571428571428
v 0.31174143702869433 0.032905625737789296 0.24967347075571883
v 0.3141108033731299 0.05882352941176472 0.2512996507623035
v 0.2892053630508056 0.05882352941176472 0.2678571428571428
v 0.2829501866238153 0.004740272080842439 0.2678571428571428
v -0.2705882352941176 0.12360179725396228 0.26687618156547827
v -0.2705882352941176 0.11884468690176025 0.2678571428571428
v -0.2705882352941176 0.125 0.26633424246642046
v -0.2695945101574522 0.125 0.2678571428571428
v 0.27017840841701835 0.1245990824028377 0.2675758641619908
v 0.2705882352941176 0.11884468690176025 0.2678571428571428
v 0.2705882352941176 0.12360179725396228 0.26687618156547827
v 0.2705882352941176 0.125 0.26633424246642046
v 0.27007621660686165 0.125 0.26750572630470937
v 0.2695945101574522 0.125 0.2678571428571428
v 0.2698472369863629 0.12427511035110955 0.2678571428571428
v 0.31233629306336325 0.09966402070776594 0.2500817415124326
v 0.3048449094614223 0.125 0.2449401397235228
v 0.2877249812481977 0.07558773741032135 0.2678571428571428
v -0.2705882352941176 0.16611259771837295 0.250272647923049
v -0.2705882352941176 0.19117647058823528 0.2221922761965876
v -0.24192811782282322 0.19117647058823528 0.2678571428571428
v -0.26793058147728466 0.1275998787338583 0.2678571428571428
v 0.2705882352941176 0.16611259771837295 0.250272647923049
v 0.2624320041857018 0.18319754885174155 0.2622592326864599
v 0.2705882352941176 0.19117647058823528 0.2221922761965876
v 0.2565976008770048 0.19117647058823528 0.2582548751360809
v 0.24192811782282322 0.19117647058823528 0.2678571428571428
v 0.25629026587889425 0.177189326595082 0.2678571428571428
v 0.3016718321653162 0.15540786650443342 0.2427623444364438
v 0.2711695366831128 0.19117647058823528 0.22182753915207445
v -0.2705882352941176 0.19182905186320387 0.22188641416434315
v -0.26917134992989894 0.19256255409671003 0.22240103001705697
v -0.2029411764705883 0.2332019145107627 0.2678571428571428
v -0.2029411764705883 0.24614781985576362 0.2599957720257897
v -0.2029411764705883 0.25735294117647056 0.23815953123887498
v -0.17240395923891227 0.25735294117647056 0.2678571428571428
v 0.19744232168061732 0.2519736267080206 0.2640830841348335
v 0.2029411764705884 0.2332019145107626 0.2678571428571428
v 0.2029411764705884 0.2461478198557636 0.25999577202578966
v 0.2029411764705884 0.25735294117647056 0.23815953123887487
v 0.1897253318818746 0.25735294117647056 0.25878664082575853
v 0.17240395923891227 0.25735294117647056 0.2678571428571428
v 0.19349117191218007 0.24810837149976678 0.2678571428571428
v 0.2705882352941176 0.19182905186320387 0.22188641416434315
v 0.2499885880728347 0.2372011123730416 0.25371887566489587
v 0.2169968185417197 0.25735294117647056 0.23107545620409953
v 0.23321601096304537 0.22079315650476938 0.2678571428571428
v 0.27107907210243165 0.1916566370311512 0.22176545010756968
v -0.2029411764705883 0.27046574326412315 0.23062834686149603
v -0.18571331056778123 0.2742062882553035 0.23325266572832415
v -0.1352941176470588 0.2854323285780677 0.2678571428571428
v -0.1352941176470588 0.30461094261618527 0.2545841851370697
v -0.08090999930011161 0.3105547960810928 0.2587543172505445
v -0.0676470588235294 0.30845446840043544 0.2678571428571428
v -0.0676470588235294 0.3155786021949607 0.26227895582567085
v -0.0676470588235294 0.32352941176470584 0.23835788959175594
v -0.09825838427500197 0.2935835499100044 0.2678571428571428
v -0.005725104934903365 0.31792876563273514 0.2639278006502681
v 0 0.31449803376332414 0.2678571428571428
v 0 0.318706719852099 0.26447360345179005
v 0 0.32352941176470584 0.25045633869639045
v -0.03661364566751289 0.32352941176470584 0.24272790157602378
v -0.011262263696018453 0.31251197988816604 0.2678571428571428
v 0.06061058895754853 0.31664590863494196 0.263027764470864
v 0.0676470588235294 0.30845446840043544 0.2678571428571428
v 0.0676470588235294 0.3155786021949607 0.26227895582567085
v 0.0676470588235294 0.32352941176470584 0.23835788959175594
v 0.035880417512148544 0.32352941176470584 0.24605457226765476
v 0.054845228809619936 0.3110058824032727 0.2678571428571428
v 0.12290746617647222 0.3114120353260885 0.25935574541925577
v 0.1352941176470588 0.2854323285780677 0.2678571428571428
v 0.1352941176470588 0.30461094261618527 0.2545841851370697
v 0.08517075550791496 0.32352941176470584 0.23345570486723363
v 0.11322382032156345 0.3019389035115039 0.2678571428571428
v 0.2029411764705884 0.27046574326412304 0.23062834686149594
v 0.17883796908666683 0.29995018715000005 0.25131425828619053
v 0.15881504353768777 0.28036254259121623 0.2678571428571428
v 0.21401583730506213 0.2681868485145427 0.2290295032435364
v -0.0676470588235294 0.3358684460566699 0.23008548120166375
v 0 0.344661680753557 0.23625470300487658
v -0.05462593724669371 0.33626746548117553 0.23036542816298358
v 0.0676470588235294 0.3358684460566699 0.23008548120166375
v 0.021028669951361573 0.3441009367171248 0.23586129210947493
v 0.0793174739002449 0.3349461221658406 0.2294383904719073
v -0.0676470588235294 -0.20588235294117652 0.27797588723595895
v 0 -0.20588235294117652 0.2838096216548886
v -0.052457136333252455 -0.20588235294117652 0.27828252444208446
v 0.0676470588235294 -0.20588235294117652 0.27797588723595895
v 0.022661667360925744 -0.20588235294117652 0.2834106474744241
v 0.08135317717046055 -0.20588235294117652 0.2772641371263098
v -0.2029411764705883 -0.13970588235294112 0.27077751214602075
v -0.1352941176470588 -0.13970588235294112 0.29728561637540596
v -0.19736197739954178 -0.13970588235294112 0.2716863447040412
v -0.0676470588235294 -0.16671016872862265 0.2953398498761092
v -0.0676470588235294 -0.13970588235294112 0.3110075409521894
v -0.07612652749798432 -0.13970588235294112 0.3084659547296443
v 0 -0.14796479484853095 0.3142857142857143
v -0.028187590552660305 -0.13970588235294112 0.3142857142857143
v -0.008163246019976304 -0.14769166650291796 0.3142857142857143
v 0.04897128813694997 -0.15797565802459496 0.30146787167163336
v 0.0676470588235294 -0.16671016872862265 0.2953398498761092
v 0.0676470588235294 -0.13970588235294112 0.3110075409521894
v 0.06366936831487797 -0.13970588235294112 0.3115556844645591
v 0.02818759055266031 -0.13970588235294112 0.3142857142857143
v 0.0855488936496899 -0.18836968843732382 0.28014380589000454
v 0.1352941176470588 -0.13970588235294112 0.29728561637540596
v 0.11943512133187754 -0.13970588235294112 0.303401123647034
v 0.2029411764705884 -0.13970588235294112 0.2707775121460207
v 0.17343500229686593 -0.13970588235294112 0.29403458232176194
v 0.206634565059103 -0.13970588235294112 0.2703920462051606
v -0.2029411764705883 -0.13436942624177317 0.2716011327002162
v -0.2029411764705883 -0.07352941176470584 0.2965006805840902
v -0.1352941176470588 -0.10246326539944392 0.3142857142857143
v -0.16446373842966636 -0.07352941176470584 0.3142857142857143
v -0.16013018841562812 -0.09782556795134972 0.3142857142857143
v -0.0676470588235294 -0.13696483305337268 0.3142857142857143
v -0.1252595119022789 -0.12988942021130864 0.3142857142857143
v -0.06577535564298402 -0.13787486837197283 0.3142857142857143
v 0.0676470588235294 -0.13696483305337268 0.3142857142857143
v 0.1352941176470588 -0.10246326539944392 0.3142857142857143
v 0.08402018504888004 -0.12368869365422853 0.3142857142857143
v 0.2029411764705884 -0.13436942624177334 0.2716011327002161
v 0.17778586379773287 -0.09813786981423836 0.2970207326065184
v 0.2029411764705884 -0.07352941176470584 0.2965006805840901
v 0.19073336774866795 -0.07352941176470584 0.30590706295793657
v 0.16446373842966638 -0.07352941176470584 0.3142857142857143
v 0.20695124839508416 -0.13578298590506482 0.2706093971904147
v 0.23922727350007528 -0.07352941176470584 0.2927615759115423
v -0.2705882352941176 -0.007352941176470562 0.27417402659176293
v -0.2029411764705883 -0.02332280758409061 0.3030814588060824
v -0.2029411764705883 -0.007352941176470562 0.3072772036025583
v -0.2513842272851172 -0.007352941176470562 0.28103753344717103
v -0.19492896700806694 -0.007352941176470562 0.3142857142857143
v -0.18888593647123947 -0.05977972046099507 0.3142857142857143
v 0.1960837340398634 -0.014061308771745003 0.30957920876649
v 0.2029411764705884 -0.0233228075840907 0.30308145880608234
v 0.2029411764705884 -0.007352941176470562 0.3072772036025583
v 0.19847742893153625 -0.007352941176470562 0.31122208631636483
v 0.194928967008067 -0.007352941176470562 0.3142857142857143
v 0.1756622820472653 -0.034038816155808276 0.3142857142857143
v 0.2405083029074987 -0.03677896198946739 0.293640791747072
v 0.2705882352941176 -0.007352941176470562 0.27417402659176293
v 0.24967343689276805 -0.007352941176470562 0.29993114768106127
v 0.278451513529392 -0.007352941176470562 0.2732539890993653
v -0.2705882352941176 0.0017766382792560424 0.2742623398721129
v -0.2705882352941176 0.05882352941176472 0.2777784807410437
v -0.25219783830646936 0.010637664572315759 0.2804791233983548
v -0.2029411764705883 0.04831487929505048 0.30691297880700363
v -0.2029411764705883 0.05882352941176472 0.30752827814525585
v -0.24434049775112782 0.05882352941176472 0.2858718944006234
v -0.19274633116885911 0.05882352941176472 0.3142857142857143
v -0.1932545753498956 0.002123081658989669 0.3142857142857143
v 0.2029411764705884 0.04831487929505042 0.3069129788070036
v 0.19822090410053894 0.054205871658455466 0.31104602424291633
v 0.2029411764705884 0.05882352941176472 0.30752827814525585
v 0.19835585815161502 0.05882352941176472 0.31113864798604624
v 0.19274633116885914 0.05882352941176472 0.3142857142857143
v 0.19449577504320562 0.05056172366758593 0.3142857142857143
v 0.2705882352941176 0.0017766382792560424 0.2742623398721129
v 0.24990516442764932 0.0385900905206544 0.3000901904922686
v 0.2705882352941176 0.05882352941176472 0.2777784807410437
v 0.2513508256223636 0.05882352941176472 0.30108239895199485
v 0.27848063260382333 0.00036788227867639006 0.2732739745510713
v 0.2829811749394115 0.05882352941176472 0.2763628560919563
v -0.2705882352941176 0.0723657661540875 0.27735820419064544
v -0.25265788394960664 0.0763640905096559 0.2801633777861395
v -0.2029411764705883 0.10975018186651184 0.3035866355317432
v -0.2029411764705883 0.125 0.3009471510486197
v -0.1555694054974709 0.125 0.3142857142857143
v -0.16433906836212991 0.09658646125699567 0.3142857142857143
v 0.2029411764705884 0.10975018186651181 0.3035866355317432
v 0.19527422069290984 0.11749971717401012 0.30902361109668647
v 0.2029411764705884 0.125 0.30094715104861963
v 0.19291333520621168 0.125 0.30740325180302097
v 0.15556940549747092 0.125 0.3142857142857143
v 0.18685630993003055 0.10926480447119347 0.3142857142857143
v 0.2705882352941176 0.0723657661540875 0.27735820419064544
v 0.25058856029008203 0.10543510053953037 0.3005592292674165
v 0.24616512542838231 0.125 0.29752326931575307
v 0.28285120685934245 0.07081991463861514 0.27627365439725055
v -0.2029411764705883 0.16894930527133362 0.2986914173490944
v -0.2029411764705883 0.19117647058823528 0.28730599338772367
v -0.15258767603116272 0.17425885912552497 0.3024165329102889
v -0.1352941176470588 0.14712778154567543 0.3142857142857143
v -0.1352941176470588 0.1826309522599037 0.3082902871410753
v -0.1352941176470588 0.19117647058823528 0.3045253939711877
v -0.16810806262009476 0.19117647058823528 0.29176434211477964
v -0.07045338681186238 0.18843114973008346 0.3123596320328522
v -0.0676470588235294 0.1864971790072142 0.3142857142857143
v -0.0676470588235294 0.18941624873758445 0.31305076498732115
v -0.0676470588235294 0.19117647058823528 0.31216341387652885
v -0.07252386674139168 0.19117647058823528 0.31093858835451066
v -0.09250757781475973 0.1668563976620317 0.3142857142857143
v -0.019753818506343508 0.19117647058823528 0.3142857142857143
v 0.06610045391502188 0.1896634875255649 0.31322422458142807
v 0.0676470588235294 0.1864971790072142 0.3142857142857143
v 0.0676470588235294 0.18941624873758445 0.31305076498732115
v 0.0676470588235294 0.19117647058823528 0.31216341387652885
v 0.06494379385028684 0.19117647058823528 0.3124303678289236
v 0.01975381850634351 0.19117647058823528 0.3142857142857143
v 0.06456905594320587 0.18816538081400574 0.3142857142857143
v 0.1295032060931045 0.18551144841588868 0.3103112066663854
v 0.1352941176470588 0.14712778154567543 0.3142857142857143
v 0.1352941176470588 0.1826309522599037 0.3082902871410753
v 0.1352941176470588 0.19117647058823528 0.3045253939711877
v 0.1257576217071435 0.19117647058823528 0.3077404794946544
v 0.12130600448902737 0.1774924468466828 0.3142857142857143
v 0.2029411764705884 0.1689493052713336 0.2986914173490943
v 0.1908174642989664 0.17931631737686599 0.3059647813977377
v 0.2029411764705884 0.19117647058823528 0.2873059933877236
v 0.18389224005759736 0.19117647058823528 0.3012117548221397
v 0.15250105695275107 0.1418328754077424 0.3142857142857143
v 0.24474230803937658 0.1658924113172929 0.2965467393686404
v 0.22803319058695484 0.19117647058823528 0.2850786804960155
v -0.2029411764705883 0.2160192758469465 0.28528653956246086
v -0.17525569080328135 0.2182600978714703 0.2868586718399839
v -0.1352941176470588 0.23818188488050748 0.30083554463045126
v -0.1352941176470588 0.25735294117647056 0.2829960236396009
v -0.0676470588235294 0.24541631347819062 0.3059111278688258
v -0.08544171035928258 0.2399451298914946 0.302072614939747
v -0.0676470588235294 0.25735294117647056 0.2960706579802989
v -0.11121093716010784 0.25735294117647056 0.2843862822596775
v -0.011512920462928927 0.24609030159317052 0.30638398937171646
v 0 0.1969911059861743 0.3142857142857143
v 0 0.2473427298181893 0.3072626771105392
v 0 0.25735294117647056 0.29931110986256804
v -0.02541210208847732 0.25735294117647056 0.29684448893927484
v 0.0676470588235294 0.24541631347819062 0.3059111278688258
v 0.05678722507831223 0.24672919077354072 0.3068322259077857
v 0.0676470588235294 0.25735294117647056 0.2960706579802989
v 0.04477447541173803 0.25735294117647056 0.2985874505155096
v 0.005572721771187087 0.19662804623396177 0.3142857142857143
v 0.1352941176470588 0.23818188488050748 0.30083554463045126
v 0.12170184234205193 0.24405615011722473 0.3049568545266878
v 0.1352941176470588 0.25735294117647056 0.2829960236396009
v 0.10657658049145399 0.25735294117647056 0.2945758518279855
v 0.2029411764705884 0.21601927584694647 0.2852865395624608
v 0.1813086913315276 0.23619072745347636 0.299438573864185
v 0.15529365536007922 0.25735294117647056 0.2815835336477562
v 0.22702896807267975 0.214740614546803 0.284389447031249
v -0.1352941176470588 0.2762070208363739 0.28108492572964644
v -0.11534177001915072 0.2768715421168154 0.2815511454216387
v -0.0676470588235294 0.2930627689961679 0.29291070459731144
v 0 0.2972023914619041 0.2958150111526375
v -0.030781462208875787 0.29341711177776214 0.29315930699328707
v 0.0676470588235294 0.2930627689961679 0.29291070459731144
v 0.040384637429317416 0.29685965170515066 0.29557454929155014
v 0.1352941176470588 0.2762070208363739 0.28108492572964644
v 0.10332922786656867 0.29225941089248725 0.2923470787531418
v 0.15409928206692491 0.2757492976741656 0.2807637929713987
v 0 -0.13970588235294112 0.3265335322287077
v 0.011309778826425096 -0.13970588235294112 0.3220480159026085
v -0.139061303741305 -0.07721470250907711 0.3581287325253777
v -0.1352941176470588 -0.07696325505565967 0.36071428571428577
v -0.1352941176470588 -0.0783731823792296 0.35731595775933417
v -0.14013425345607083 -0.07352941176470584 0.35739232914971536
v -0.1387659198691773 -0.07352941176470584 0.36071428571428577
v -0.13846050631907125 -0.07662696590037021 0.36071428571428577
v -0.12294587942244319 -0.12762608408973022 0.32276074735291943
v -0.0676470588235294 -0.1288089742530596 0.36071428571428577
v -0.0676470588235294 -0.1362322988755512 0.3167227363444545
v -0.11880848877996186 -0.12357863672208544 0.36071428571428577
v 0 -0.1353735865212306 0.36071428571428577
v -0.06535069916475726 -0.13745944355631623 0.31586178721921937
v -0.060128747323289815 -0.13235101240705457 0.36071428571428577
v 0.0676470588235294 -0.1288089742530596 0.36071428571428577
v 0.0676470588235294 -0.1362322988755512 0.3167227363444545
v 0.006727819198907869 -0.13312432009313996 0.36071428571428577
v 0.11895938256156788 -0.08950904391355563 0.34950317871461656
v 0.1352941176470588 -0.07696325505565967 0.36071428571428577
v 0.1352941176470588 -0.0783731823792296 0.35731595775933417
v 0.1297391890168781 -0.07896358107683915 0.36071428571428577
v 0.15879044101807566 -0.07352941176470584 0.3304120728726544
v 0.1387659198691773 -0.07352941176470584 0.36071428571428577
v -0.18429189028896562 -0.055285544847901075 0.3270853796463932
v -0.19190330793860108 -0.007352941176470562 0.32186139424089805
v -0.18303882085009626 -0.007352941176470562 0.36071428571428577
v -0.1791585059219676 -0.050263755793229115 0.36071428571428577
v 0.16296535666208606 -0.04645972142391839 0.3332774652867112
v 0.18784645200328004 -0.007352941176470562 0.3503542419028723
v 0.18303882085009632 -0.007352941176470562 0.36071428571428577
v 0.13974118436948169 -0.06917902040581388 0.36071428571428577
v -0.18672591511188838 0.008509814500518454 0.3254148222368717
v -0.1859753892045908 0.05882352941176472 0.3259299347384641
v -0.1739545877966797 0.05882352941176472 0.36071428571428577
v -0.17570404638021347 0.019292077390200408 0.36071428571428577
v 0.18656076487691095 0.04279921372229769 0.34947182930992954
v 0.18370177991546643 0.05882352941176472 0.3475096067121679
v 0.17395458779667972 0.05882352941176472 0.36071428571428577
v 0.18151063257047376 0.03785886690078306 0.36071428571428577
v -0.1352941176470588 0.10161336571728555 0.36071428571428577
v -0.1352941176470588 0.11013436285771544 0.35028474346525434
v -0.1352941176470588 0.125 0.32893238466117597
v -0.10504157879182963 0.125 0.36071428571428577
v 0.13029663832658744 0.12011116153432153 0.3572843387272542
v 0.1352941176470588 0.10161336571728555 0.36071428571428577
v 0.1352941176470588 0.11013436285771544 0.35028474346525434
v 0.1352941176470588 0.125 0.32893238466117597
v 0.12032512228022671 0.125 0.35044053423580784
v 0.10504157879182961 0.125 0.36071428571428577
v 0.12872089843038984 0.11856967685325864 0.36071428571428577
v 0.1801176222198466 0.10267260997210048 0.3450496723931245
v 0.14934721071188858 0.125 0.3239308495879732
v 0.16979784651808413 0.09257717722037637 0.36071428571428577
v -0.1352941176470588 0.13868837139060802 0.3238893018327758
v -0.12031513320634259 0.1396533543441789 0.3245663216192493
v -0.0676470588235294 0.1536363511035415 0.36071428571428577
v -0.0676470588235294 0.17031223611275015 0.3460762037489454
v -0.019998512770372665 0.1716127080954794 0.3469885983780983
v 0 0.1685201554177375 0.36071428571428577
v 0 0.1773984668615346 0.35104781325841006
v 0 0.19117647058823528 0.3175158566189727
v -0.03682723875643854 0.15514982397867583 0.36071428571428577
v 0.05250168835402799 0.1763603473028535 0.35031948175850997
v 0.0676470588235294 0.1536363511035415 0.36071428571428577
v 0.0676470588235294 0.17031223611275015 0.3460762037489454
v 0.004316466195233457 0.19117647058823528 0.3172482578544925
v 0.04305620884435067 0.1671202043042561 0.36071428571428577
v 0.1352941176470588 0.13868837139060802 0.3238893018327758
v 0.11268063710753591 0.1690545874517455 0.34519385341852626
v 0.0954896576339001 0.15223732492318873 0.36071428571428577
v 0.14928667506856924 0.13868837139060802 0.3238893018327758
v 0 0.19506912636900534 0.317016752150953
v 0.00397915924256495 0.19506912636900534 0.317016752150953
v -0.1352941176470588 -0.07352941176470584 0.36418512112450435
v -0.0984708879715249 -0.10368315767035363 0.38598737192016463
v -0.0676470588235294 -0.10488731773255025 0.40714285714285725
v -0.0676470588235294 -0.11176355791669029 0.3803182657155919
v -0.10503747548125511 -0.07352941176470584 0.40714285714285725
v -0.09671507898024312 -0.10196551843975188 0.40714285714285725
v -0.05106306750394025 -0.12348241258377783 0.37209646609201624
v 0 -0.11984221966196683 0.40714285714285725
v 0 -0.1295184186937265 0.3678616808529729
v -0.04529611762091737 -0.11784083117647284 0.40714285714285725
v 0.019651423871228174 -0.12048166334847878 0.37420175365074987
v 0.0676470588235294 -0.10488731773255025 0.40714285714285725
v 0.0676470588235294 -0.11176355791669029 0.3803182657155919
v 0.033223405709510885 -0.107204724593637 0.40714285714285725
v 0.1352941176470588 -0.07352941176470584 0.36418512112450435
v 0.12317434601160634 -0.07352941176470584 0.3988246287843635
v 0.10503747548125512 -0.07352941176470584 0.40714285714285725
v 0.13846525390850234 -0.07352941176470584 0.362890748800556
v -0.1352941176470588 -0.01980369363916506 0.40714285714285725
v -0.14438091974964445 -0.016242204102913035 0.40090626315319444
v -0.14665428264872504 -0.007352941176470562 0.3993459737100366
v -0.14428844562147664 -0.007352941176470562 0.40714285714285725
v -0.1436573523334711 -0.015534366413178236 0.40714285714285725
v -0.12422153021580243 -0.06269753275586809 0.40714285714285725
v 0.1352941176470588 -0.01980369363916506 0.40714285714285725
v 0.138727238198676 -0.07017092426855859 0.3630705578941224
v 0.1789761114688698 -0.007352941176470562 0.39069478457956597
v 0.14428844562147666 -0.007352941176470562 0.40714285714285725
v -0.1352941176470588 0.052241560444051316 0.40252503129566786
v -0.1352941176470588 0.02126040731475842 0.40714285714285725
v -0.1352941176470588 0.05882352941176472 0.40010779022588316
v -0.13007197513111626 0.05882352941176472 0.40714285714285725
v 0.13347709109308153 0.05704600343504784 0.40589576748935113
v 0.1352941176470588 0.02126040731475842 0.40714285714285725
v 0.1352941176470588 0.052241560444051316 0.40252503129566786
v 0.1352941176470588 0.05882352941176472 0.40010779022588316
v 0.13299597083613574 0.05882352941176472 0.40556555762355917
v 0.13007197513111626 0.05882352941176472 0.40714285714285725
v 0.1314925294270192 0.05510458441389989 0.40714285714285725
v 0.1783465633046551 0.03476358174943874 0.39026270338611424
v 0.17045899250570162 0.05882352941176472 0.3848491842973915
v 0.1439776760489842 0.0011418442167173224 0.40714285714285725
v -0.1352941176470588 0.0952774155235393 0.38628986930381654
v -0.08452079907327799 0.10849308019046333 0.39556181181616645
v -0.0676470588235294 0.11608563772082797 0.40714285714285725
v -0.0676470588235294 0.12093515053614254 0.4042910103761509
v -0.0676470588235294 0.125 0.3918341085516595
v -0.015619626011561076 0.125 0.40714285714285725
v 0.06470579827271392 0.12212267989594137 0.40512416589524786
v 0.0676470588235294 0.11608563772082797 0.40714285714285725
v 0.0676470588235294 0.12093515053614254 0.4042910103761509
v 0.0676470588235294 0.125 0.3918341085516595
v 0.055707777430144566 0.125 0.3989485056275217
v 0.015619626011561078 0.125 0.40714285714285725
v 0.06180971381226267 0.11928955379332604 0.40714285714285725
v 0.1352941176470588 0.0952774155235393 0.38628986930381654
v 0.12593532792579018 0.11584466222919376 0.400719588421117
v 0.09829965331900267 0.125 0.38175224653260753
v 0.11659801594416588 0.10671033529064824 0.40714285714285725
v 0.16970578037114886 0.09248711251141793 0.3843322281429314
v -0.0676470588235294 0.15224654825168088 0.3798301179797508
v -0.03947479859226933 0.15255981979145006 0.38004990531400157
v 0 0.1313099589061836 0.40714285714285725
v 0 0.16609162869922506 0.38954365061120244
v 0.0676470588235294 0.15224654825168088 0.3798301179797508
v 0.04169337979870637 0.16578700197699536 0.3893299283711619
v 0.0063372220259704055 0.13119945632975366 0.40714285714285725
v 0.0954896576339001 0.15223732492318873 0.37982364700960236
v -0.0676470588235294 -0.07352941176470584 0.42778002168776486
v 0 -0.07352941176470584 0.43755706607774597
v -0.0366851318940586 -0.07352941176470584 0.42839312376215233
v 0.0676470588235294 -0.07352941176470584 0.42778002168776486
v 0.0434920961141785 -0.07352941176470584 0.43699302248830263
v 0.096662322100765 -0.07352941176470584 0.4270570595784754
v -0.1352941176470588 -0.007352941176470562 0.4130298451756037
v -0.0676470588235294 -0.04086859141945522 0.43005727395650917
v -0.0676470588235294 -0.007352941176470562 0.44433949899115005
v -0.12484186648652343 -0.007352941176470562 0.4143166071629762
v -0.029211169772001347 -0.03592908551864579 0.4335227685726326
v 0 -0.024060569070945455 0.4418495690010192
v 0 -0.007352941176470562 0.44864425925115575
v -0.010503774811385015 -0.007352941176470562 0.44636231604560217
v 0.0676470588235294 -0.04086859141945522 0.43005727395650917
v 0.046459995972110035 -0.02807941570503298 0.4390299972355165
v 0.0676470588235294 -0.007352941176470562 0.44433949899115005
v 0.05830117147390148 -0.007352941176470562 0.4471570152041373
v 0.09716842282375021 -0.04464981654709853 0.42740441442251187
v 0.1352941176470588 -0.007352941176470562 0.4130298451756037
v 0.11919333935856194 -0.007352941176470562 0.44252089440447884
v 0.14364583840461587 -0.007352941176470562 0.4128749387808079
v -0.1352941176470588 0.0009199564148657125 0.4129470170402709
v -0.12571045284532026 0.0020223830860997376 0.4137204655937399
v -0.0676470588235294 0.04455841753161276 0.4435632072205918
v -0.0676470588235294 0.05882352941176472 0.44063935945639066
v 0 0.050282781183052364 0.44757934806810973
v -0.012623938818850634 0.046474024045497796 0.44490717242557143
v 0 0.05882352941176472 0.44597758876981725
v -0.01648972292958137 0.05882352941176472 0.4422539479272128
v 0.0676470588235294 0.04455841753161276 0.4435632072205918
v 0.057450350842781835 0.04884848899581602 0.4465730668827788
v 0.0676470588235294 0.05882352941176472 0.44063935945639066
v 0.054810035651187104 0.05882352941176472 0.44476092508978987
v 0.1352941176470588 0.0009199564148657125 0.4129470170402709
v 0.11899361437376173 0.04287738490527846 0.4423838160764017
v 0.11442890467729627 0.05882352941176472 0.4392508942039829
v 0.14364583840461587 0.0008172204341830615 0.4128749387808079
v -0.0676470588235294 0.10448912286470606 0.439181257628889
v 0 0.11106517387631748 0.4437949315132259
v -0.020659900027798446 0.10478922823367542 0.43939180774489606
v 0 0.125 0.4116037992447762
v 0.0676470588235294 0.10448912286470606 0.439181257628889
v 0.053161689151282845 0.11082952966845447 0.4436296065292966
v 0.006375642700820094 0.125 0.41151868644994183
v 0.11422245196445319 0.10438641400614668 0.4391091983979632
v 0 0.13119622373234519 0.4114900490312645
v 0.0063339175930639795 0.13119622373234519 0.4114900490312645
f 1 2 3
f 1 3 4
f 1 4 5
f 1 5 6
f 1 6 7
f 1 7 2
f 8 9 10
f 8 10 11
f 8 11 12
f 12 4 3
f 12 3 8
f 13 2 3
f 13 3 8
f 8 13 9
f 14 15 16
f 14 16 17
f 14 17 18
f 11 10 14
f 11 14 18
f 19 9 10
f 19 10 14
f 14 19 15
f 16 17 20
f 16 15 20
f 21 22 23
f 21 23 24
f 21 24 25
f 21 25 26
f 21 26 27
f 21 27 22
f 28 4 5
f 28 5 29
f 29 28 30
f 29 30 31
f 31 24 23
f 31 23 29
f 32 22 23
f 32 23 29
f 32 6 5
f 32 5 29
f 33 11 12
f 33 12 34
f 34 33 35
f 34 35 36
f 36 30 28
f 36 28 34
f 28 4 34
f 4 12 34
f 37 17 18
f 37 18 38
f 38 37 39
f 38 39 40
f 40 35 33
f 40 33 38
f 33 11 38
f 11 18 38
f 41 42 43
f 41 43 44
f 41 44 45
f 39 37 41
f 39 41 45
f 37 17 41
f 42 20 17
f 42 17 41
f 43 44 46
f 43 42 46
f 24 25 47
f 24 47 48
f 47 48 49
f 47 49 50
f 47 50 51
f 47 51 52
f 52 26 25
f 52 25 47
f 53 30 31
f 53 31 54
f 54 53 55
f 54 55 56
f 56 49 48
f 56 48 54
f 48 24 54
f 24 31 54
f 57 35 36
f 57 36 58
f 58 57 59
f 58 59 60
f 55 53 58
f 55 58 60
f 53 30 58
f 30 36 58
f 39 40 61
f 39 61 62
f 61 62 63
f 61 63 64
f 59 57 61
f 59 61 64
f 57 35 61
f 35 40 61
f 44 45 65
f 44 65 66
f 65 66 67
f 65 67 68
f 63 62 65
f 63 65 68
f 62 39 65
f 39 45 65
f 66 67 69
f 70 69 66
f 70 66 44
f 44 46 70
f 50 49 71
f 50 51 71
f 55 56 72
f 55 72 73
f 72 73 74
f 72 74 75
f 72 75 76
f 76 71 49
f 76 49 72
f 49 56 72
f 59 60 77
f 59 77 78
f 77 78 79
f 77 79 80
f 80 74 73
f 80 73 77
f 73 55 77
f 55 60 77
f 63 64 81
f 63 81 82
f 81 82 83
f 81 83 84
f 79 78 81
f 79 81 84
f 78 59 81
f 59 64 81
f 68 67 85
f 82 83 86
f 87 86 82
f 87 82 63
f 87 63 68
f 87 68 85
f 67 85 88
f 67 69 88
f 75 74 89
f 75 76 89
f 80 79 90
f 74 89 91
f 90 91 74
f 90 74 80
f 84 83 92
f 79 90 93
f 93 79 84
f 93 84 92
f 83 92 94
f 83 86 94
f 95 96 97
f 95 97 98
f 95 98 99
f 95 99 100
f 95 100 101
f 95 101 96
f 102 103 104
f 102 104 105
f 102 105 106
f 106 98 97
f 106 97 102
f 107 96 97
f 107 97 102
f 102 107 103
f 108 109 110
f 108 110 111
f 108 111 112
f 112 105 104
f 112 104 108
f 103 104 108
f 103 108 113
f 108 113 109
f 110 111 114
f 110 109 114
f 115 116 117
f 115 117 118
f 115 118 119
f 115 119 120
f 115 120 121
f 115 121 116
f 122 98 99
f 122 99 123
f 122 2 7
f 122 7 123
f 124 6 7
f 124 7 123
f 124 118 117
f 124 117 123
f 125 116 117
f 125 117 123
f 125 100 99
f 125 99 123
f 126 105 106
f 126 106 127
f 126 9 13
f 126 13 127
f 13 2 127
f 2 122 127
f 122 98 127
f 98 106 127
f 128 111 112
f 128 112 129
f 15 19 129
f 15 129 128
f 19 9 129
f 9 126 129
f 126 105 129
f 105 112 129
f 130 131 132
f 130 132 133
f 133 20 15
f 133 15 130
f 15 128 130
f 128 111 130
f 131 114 111
f 131 111 130
f 132 133 134
f 132 131 134
f 135 118 119
f 135 119 136
f 135 22 27
f 135 27 136
f 137 26 27
f 137 27 136
f 136 137 138
f 136 138 139
f 139 120 119
f 139 119 136
f 124 6 140
f 6 32 140
f 32 22 140
f 22 135 140
f 135 118 140
f 118 124 140
f 20 133 141
f 20 42 141
f 42 46 142
f 142 42 141
f 142 141 143
f 143 141 133
f 143 133 144
f 133 134 144
f 137 26 145
f 26 52 145
f 146 51 52
f 146 52 145
f 145 146 147
f 145 147 148
f 148 138 137
f 148 137 145
f 142 46 149
f 46 70 149
f 69 70 149
f 69 149 150
f 149 150 151
f 149 151 152
f 152 143 142
f 152 142 149
f 146 51 153
f 71 51 153
f 71 153 154
f 153 154 155
f 153 155 156
f 153 156 157
f 147 146 153
f 147 153 157
f 71 76 158
f 71 154 158
f 87 85 159
f 87 86 159
f 150 69 160
f 69 88 160
f 88 85 160
f 161 159 85
f 161 85 160
f 160 161 162
f 162 151 150
f 162 150 160
f 155 154 163
f 155 156 163
f 164 158 76
f 164 76 165
f 76 89 165
f 154 163 166
f 164 166 154
f 164 154 158
f 167 168 169
f 90 91 167
f 90 167 169
f 91 89 167
f 89 165 167
f 164 165 167
f 164 167 170
f 167 170 168
f 171 172 173
f 173 92 93
f 173 93 171
f 93 90 171
f 90 169 171
f 174 168 169
f 174 169 171
f 171 174 172
f 175 159 86
f 175 86 176
f 86 94 176
f 94 92 176
f 92 173 176
f 172 173 176
f 172 176 177
f 176 177 175
f 159 175 178
f 159 161 178
f 179 180 181
f 179 181 182
f 179 182 183
f 179 183 184
f 179 184 185
f 179 185 180
f 186 187 188
f 188 96 101
f 188 101 186
f 189 100 101
f 189 101 186
f 189 182 181
f 189 181 186
f 190 180 181
f 190 181 186
f 186 190 187
f 191 192 193
f 193 103 107
f 193 107 191
f 107 96 191
f 96 188 191
f 194 187 188
f 194 188 191
f 191 194 192
f 195 196 197
f 197 109 113
f 197 113 195
f 113 103 195
f 103 193 195
f 198 192 193
f 198 193 195
f 195 198 196
f 199 200 201
f 199 201 202
f 114 109 199
f 114 199 202
f 109 197 199
f 196 197 199
f 196 199 203
f 199 203 200
f 201 202 204
f 201 200 204
f 205 206 207
f 205 207 208
f 205 208 209
f 205 209 210
f 205 210 211
f 205 211 206
f 212 182 183
f 212 183 213
f 212 116 121
f 212 121 213
f 214 120 121
f 214 121 213
f 214 208 207
f 214 207 213
f 215 206 207
f 215 207 213
f 215 184 183
f 215 183 213
f 189 100 216
f 100 125 216
f 125 116 216
f 116 212 216
f 212 182 216
f 182 189 216
f 114 202 217
f 114 131 217
f 218 219 220
f 218 220 221
f 134 131 218
f 134 218 221
f 131 217 218
f 217 202 218
f 204 202 218
f 204 218 219
f 220 221 222
f 220 219 222
f 223 208 209
f 223 209 224
f 224 223 225
f 224 225 226
f 224 226 227
f 224 227 228
f 228 210 209
f 228 209 224
f 214 120 229
f 120 139 229
f 230 138 139
f 230 139 229
f 230 225 223
f 230 223 229
f 223 208 229
f 208 214 229
f 134 221 231
f 231 134 144
f 231 144 232
f 144 143 232
f 231 232 233
f 233 231 221
f 233 221 234
f 221 222 234
f 235 225 226
f 235 226 236
f 236 235 237
f 236 237 238
f 236 238 239
f 236 239 240
f 240 227 226
f 240 226 236
f 230 138 241
f 138 148 241
f 147 148 241
f 147 241 242
f 237 235 241
f 237 241 242
f 235 225 241
f 225 230 241
f 143 232 243
f 244 243 143
f 244 143 152
f 152 151 244
f 243 244 245
f 245 243 232
f 245 232 246
f 232 233 246
f 238 237 247
f 238 239 247
f 242 147 248
f 147 157 248
f 156 157 248
f 156 248 249
f 248 249 250
f 250 247 237
f 250 237 248
f 237 242 248
f 244 151 251
f 244 251 252
f 151 162 251
f 161 162 251
f 161 251 253
f 251 253 254
f 251 254 255
f 251 255 252
f 244 252 256
f 244 245 256
f 257 258 249
f 257 249 156
f 156 163 257
f 249 250 258
f 166 164 259
f 259 166 163
f 259 163 260
f 260 163 257
f 260 257 261
f 257 258 261
f 170 168 262
f 263 262 170
f 263 170 164
f 164 259 263
f 174 172 264
f 265 264 174
f 265 174 168
f 168 262 265
f 266 267 268
f 175 177 266
f 175 266 268
f 177 172 266
f 264 172 266
f 264 266 269
f 266 269 270
f 266 270 267
f 253 161 271
f 161 178 271
f 178 175 271
f 175 268 271
f 272 267 268
f 272 268 271
f 272 254 253
f 272 253 271
f 260 259 273
f 260 261 273
f 263 262 274
f 259 273 275
f 274 275 259
f 274 259 263
f 265 264 276
f 262 274 277
f 277 262 265
f 277 265 276
f 264 276 278
f 264 269 278
f 279 280 281
f 279 281 282
f 279 282 283
f 279 283 284
f 279 284 285
f 279 285 280
f 286 287 288
f 286 288 289
f 286 289 290
f 290 282 281
f 290 281 286
f 291 280 281
f 291 281 286
f 286 291 287
f 292 293 294
f 292 294 295
f 292 295 296
f 289 288 292
f 289 292 296
f 287 288 292
f 287 292 297
f 292 297 293
f 294 295 298
f 294 293 298
f 299 300 301
f 299 301 302
f 299 302 303
f 299 303 304
f 299 304 305
f 299 305 300
f 306 307 308
f 306 308 309
f 306 309 310
f 310 302 301
f 310 301 306
f 311 300 301
f 311 301 306
f 306 311 307
f 312 282 283
f 312 283 313
f 313 312 314
f 313 314 315
f 315 309 308
f 315 308 313
f 316 307 308
f 316 308 313
f 316 284 283
f 316 283 313
f 317 289 290
f 317 290 318
f 318 317 319
f 318 319 320
f 320 314 312
f 320 312 318
f 312 282 318
f 282 290 318
f 321 295 296
f 321 296 322
f 322 321 323
f 322 323 324
f 324 319 317
f 324 317 322
f 317 289 322
f 289 296 322
f 325 326 327
f 325 327 328
f 325 328 329
f 329 323 321
f 329 321 325
f 321 295 325
f 326 298 295
f 326 295 325
f 330 331 332
f 330 332 333
f 330 333 334
f 328 327 330
f 328 330 334
f 335 326 327
f 335 327 330
f 330 335 331
f 332 333 336
f 332 331 336
f 337 338 339
f 337 339 340
f 337 340 341
f 337 341 342
f 337 342 343
f 337 343 338
f 344 302 303
f 344 303 345
f 345 344 346
f 345 346 347
f 347 340 339
f 347 339 345
f 348 338 339
f 348 339 345
f 348 304 303
f 348 303 345
f 349 309 310
f 349 310 350
f 349 180 185
f 349 185 350
f 351 184 185
f 351 185 350
f 351 346 344
f 351 344 350
f 344 302 350
f 302 310 350
f 352 314 315
f 352 315 353
f 352 187 190
f 352 190 353
f 190 180 353
f 180 349 353
f 349 309 353
f 309 315 353
f 354 319 320
f 354 320 355
f 354 192 194
f 354 194 355
f 194 187 355
f 187 352 355
f 352 314 355
f 314 320 355
f 323 324 356
f 323 356 357
f 357 196 198
f 357 198 356
f 198 192 356
f 192 354 356
f 354 319 356
f 319 324 356
f 358 328 329
f 358 329 359
f 358 200 203
f 358 203 359
f 203 196 359
f 196 357 359
f 357 323 359
f 323 329 359
f 360 333 334
f 360 334 361
f 361 360 362
f 362 204 200
f 362 200 361
f 200 358 361
f 358 328 361
f 328 334 361
f 363 364 365
f 363 365 366
f 363 366 367
f 362 360 363
f 362 363 367
f 360 333 363
f 364 336 333
f 364 333 363
f 365 366 368
f 365 364 368
f 369 340 341
f 369 341 370
f 370 369 371
f 370 371 372
f 370 372 373
f 370 373 374
f 374 342 341
f 374 341 370
f 375 346 347
f 375 347 376
f 375 206 211
f 375 211 376
f 377 210 211
f 377 211 376
f 377 371 369
f 377 369 376
f 369 340 376
f 340 347 376
f 351 184 378
f 184 215 378
f 215 206 378
f 206 375 378
f 375 346 378
f 346 351 378
f 204 362 379
f 204 219 379
f 380 366 367
f 380 367 381
f 381 380 382
f 382 222 219
f 382 219 381
f 219 379 381
f 379 362 381
f 362 367 381
f 380 382 383
f 384 383 380
f 384 380 366
f 366 368 384
f 385 386 387
f 385 387 388
f 385 388 389
f 385 389 390
f 385 390 391
f 385 391 386
f 392 371 372
f 392 372 393
f 393 392 394
f 393 394 395
f 395 388 387
f 395 387 393
f 396 386 387
f 396 387 393
f 396 373 372
f 396 372 393
f 377 210 397
f 210 228 397
f 398 227 228
f 398 228 397
f 398 394 392
f 398 392 397
f 392 371 397
f 371 377 397
f 222 382 399
f 399 222 234
f 399 234 400
f 234 233 400
f 401 402 403
f 401 403 404
f 401 404 405
f 400 399 401
f 400 401 405
f 399 382 401
f 402 383 382
f 402 382 401
f 403 404 406
f 403 402 406
f 407 388 389
f 407 389 408
f 408 407 409
f 408 409 410
f 408 410 411
f 408 411 412
f 412 390 389
f 412 389 408
f 413 394 395
f 413 395 414
f 414 413 415
f 414 415 416
f 416 409 407
f 416 407 414
f 407 388 414
f 388 395 414
f 398 227 417
f 227 240 417
f 418 239 240
f 418 240 417
f 418 415 413
f 418 413 417
f 413 394 417
f 394 398 417
f 233 400 419
f 419 233 246
f 419 246 420
f 246 245 420
f 421 404 405
f 421 405 422
f 422 421 423
f 422 423 424
f 420 419 422
f 420 422 424
f 419 400 422
f 400 405 422
f 421 423 425
f 425 421 404
f 425 404 426
f 404 406 426
f 409 410 427
f 409 427 428
f 427 428 429
f 427 429 430
f 427 430 431
f 427 431 432
f 411 410 427
f 411 427 432
f 433 415 416
f 433 416 434
f 434 433 435
f 434 435 436
f 436 429 428
f 436 428 434
f 428 409 434
f 409 416 434
f 418 239 437
f 438 247 239
f 438 239 437
f 437 438 439
f 439 435 433
f 439 433 437
f 433 415 437
f 415 418 437
f 247 250 440
f 247 438 440
f 255 252 441
f 255 254 441
f 245 420 442
f 442 245 256
f 442 256 443
f 443 256 252
f 443 252 444
f 252 441 444
f 423 424 445
f 423 445 446
f 445 446 447
f 445 447 448
f 443 442 445
f 443 445 448
f 442 420 445
f 420 424 445
f 446 447 449
f 450 449 446
f 450 446 423
f 423 425 450
f 430 429 451
f 430 431 451
f 435 436 452
f 435 452 453
f 452 453 454
f 452 454 455
f 452 455 456
f 456 451 429
f 456 429 452
f 429 436 452
f 457 438 439
f 457 439 458
f 458 457 459
f 458 459 460
f 460 454 453
f 460 453 458
f 453 435 458
f 435 439 458
f 440 250 461
f 462 258 250
f 462 250 461
f 461 462 463
f 459 457 461
f 459 461 463
f 457 438 461
f 438 440 461
f 258 261 464
f 258 462 464
f 270 267 465
f 270 269 465
f 254 441 466
f 467 466 254
f 467 254 272
f 467 272 267
f 467 267 468
f 267 465 468
f 443 444 469
f 443 469 470
f 469 470 471
f 469 471 472
f 467 466 469
f 467 469 472
f 466 441 469
f 441 444 469
f 448 447 473
f 470 471 474
f 475 474 470
f 475 470 443
f 475 443 448
f 475 448 473
f 447 473 476
f 447 449 476
f 455 454 477
f 455 456 477
f 459 460 478
f 459 478 479
f 478 479 480
f 478 480 481
f 478 481 482
f 482 477 454
f 482 454 478
f 454 460 478
f 483 462 463
f 483 463 484
f 484 483 485
f 484 485 486
f 486 480 479
f 486 479 484
f 479 459 484
f 459 463 484
f 464 261 487
f 273 261 487
f 273 487 488
f 487 488 489
f 485 483 487
f 485 487 489
f 483 462 487
f 462 464 487
f 275 274 490
f 490 275 273
f 490 273 491
f 273 488 491
f 277 276 492
f 492 277 274
f 492 274 493
f 274 490 493
f 269 465 494
f 495 494 269
f 495 269 278
f 495 278 276
f 495 276 496
f 276 492 496
f 467 468 497
f 467 497 498
f 497 498 499
f 497 499 500
f 495 494 497
f 495 497 500
f 494 465 497
f 465 468 497
f 472 471 501
f 498 499 502
f 503 502 498
f 503 498 467
f 501 503 467
f 501 467 472
f 471 501 504
f 471 474 504
f 481 480 505
f 481 482 505
f 485 486 506
f 485 506 507
f 506 507 508
f 506 508 509
f 506 509 510
f 510 505 480
f 510 480 506
f 480 486 506
f 488 489 511
f 488 511 512
f 511 512 513
f 511 513 514
f 514 508 507
f 514 507 511
f 507 485 511
f 485 489 511
f 490 491 515
f 490 515 516
f 515 516 517
f 515 517 518
f 513 512 515
f 513 515 518
f 512 488 515
f 488 491 515
f 492 493 519
f 492 519 520
f 519 520 521
f 519 521 522
f 517 516 519
f 517 519 522
f 516 490 519
f 490 493 519
f 495 496 523
f 495 523 524
f 523 524 525
f 523 525 526
f 521 520 523
f 521 523 526
f 520 492 523
f 492 496 523
f 500 499 527
f 524 525 528
f 529 528 524
f 529 524 495
f 527 529 495
f 527 495 500
f 499 527 530
f 499 502 530
f 509 508 531
f 509 510 531
f 514 513 532
f 508 531 533
f 532 533 508
f 532 508 514
f 518 517 534
f 513 532 535
f 534 535 513
f 534 513 518
f 522 521 536
f 517 534 537
f 536 537 517
f 536 517 522
f 526 525 538
f 521 536 539
f 539 521 526
f 539 526 538
f 525 538 540
f 525 528 540
f 541 542 543
f 541 543 544
f 541 544 545
f 541 545 546
f 541 546 547
f 541 547 542
f 548 549 550
f 550 280 285
f 550 285 548
f 551 284 285
f 551 285 548
f 551 544 543
f 551 543 548
f 552 542 543
f 552 543 548
f 548 552 549
f 553 554 555
f 555 287 291
f 555 291 553
f 291 280 553
f 280 550 553
f 556 549 550
f 556 550 553
f 553 556 554
f 557 558 559
f 559 293 297
f 559 297 557
f 297 287 557
f 287 555 557
f 560 554 555
f 560 555 557
f 557 560 558
f 561 562 563
f 561 563 564
f 564 298 293
f 564 293 561
f 293 559 561
f 558 559 561
f 558 561 565
f 561 565 562
f 563 564 566
f 563 562 566
f 567 568 569
f 567 569 570
f 567 570 571
f 567 571 572
f 567 572 573
f 567 573 568
f 574 575 576
f 576 300 305
f 576 305 574
f 577 304 305
f 577 305 574
f 577 570 569
f 577 569 574
f 578 568 569
f 578 569 574
f 574 578 575
f 579 544 545
f 579 545 580
f 579 307 311
f 579 311 580
f 311 300 580
f 300 576 580
f 581 575 576
f 581 576 580
f 581 546 545
f 581 545 580
f 551 284 582
f 284 316 582
f 316 307 582
f 307 579 582
f 579 544 582
f 544 551 582
f 298 564 583
f 298 326 583
f 584 585 586
f 331 335 584
f 331 584 586
f 335 326 584
f 326 583 584
f 583 564 584
f 585 566 564
f 585 564 584
f 587 588 589
f 587 589 590
f 336 331 587
f 336 587 590
f 331 586 587
f 585 586 587
f 585 587 591
f 587 591 588
f 589 590 592
f 589 588 592
f 593 570 571
f 593 571 594
f 593 338 343
f 593 343 594
f 595 342 343
f 595 343 594
f 594 595 596
f 594 596 597
f 597 572 571
f 597 571 594
f 577 304 598
f 304 348 598
f 348 338 598
f 338 593 598
f 593 570 598
f 570 577 598
f 336 590 599
f 336 364 599
f 364 368 600
f 601 600 364
f 601 364 599
f 602 601 599
f 602 599 590
f 590 592 602
f 603 604 605
f 603 605 606
f 603 606 607
f 603 607 608
f 603 608 609
f 603 609 604
f 595 342 610
f 342 374 610
f 611 373 374
f 611 374 610
f 611 606 605
f 611 605 610
f 612 604 605
f 612 605 610
f 612 596 595
f 612 595 610
f 613 614 600
f 613 600 368
f 613 368 384
f 613 384 615
f 384 383 615
f 600 601 614
f 613 615 616
f 613 614 616
f 617 606 607
f 617 607 618
f 617 386 391
f 617 391 618
f 619 390 391
f 619 391 618
f 618 619 620
f 618 620 621
f 621 608 607
f 621 607 618
f 611 373 622
f 373 396 622
f 396 386 622
f 386 617 622
f 617 606 622
f 606 611 622
f 383 615 623
f 383 402 623
f 402 406 624
f 624 402 623
f 624 623 625
f 625 623 615
f 625 615 626
f 615 616 626
f 619 390 627
f 390 412 627
f 628 411 412
f 628 412 627
f 627 628 629
f 627 629 630
f 630 620 619
f 630 619 627
f 624 406 631
f 406 426 631
f 425 426 631
f 425 631 632
f 631 632 633
f 631 633 634
f 625 624 631
f 625 631 634
f 628 411 635
f 411 432 635
f 636 431 432
f 636 432 635
f 635 636 637
f 635 637 638
f 638 629 628
f 638 628 635
f 632 425 639
f 425 450 639
f 640 449 450
f 640 450 639
f 639 640 641
f 639 641 642
f 633 632 639
f 633 639 642
f 636 431 643
f 644 451 431
f 644 431 643
f 643 644 645
f 643 645 646
f 643 646 647
f 637 636 643
f 637 643 647
f 451 456 648
f 451 644 648
f 475 473 649
f 475 474 649
f 640 449 650
f 449 476 650
f 476 473 650
f 649 473 650
f 649 650 651
f 650 651 652
f 641 640 650
f 641 650 652
f 645 644 653
f 645 646 653
f 648 456 654
f 655 477 456
f 655 456 654
f 654 655 656
f 654 656 657
f 657 653 644
f 657 644 654
f 644 648 654
f 477 482 658
f 477 655 658
f 503 501 659
f 503 502 659
f 660 649 474
f 660 474 661
f 474 504 661
f 504 501 661
f 662 659 501
f 662 501 661
f 661 662 663
f 661 663 660
f 649 660 664
f 649 651 664
f 656 655 665
f 656 657 665
f 658 482 666
f 505 482 666
f 505 666 667
f 666 667 668
f 666 668 669
f 665 655 666
f 665 666 669
f 655 658 666
f 505 510 670
f 505 667 670
f 529 527 671
f 529 528 671
f 672 659 502
f 672 502 673
f 502 530 673
f 530 527 673
f 674 671 527
f 674 527 673
f 673 674 675
f 673 675 672
f 659 672 676
f 659 662 676
f 668 667 677
f 668 669 677
f 678 670 510
f 678 510 679
f 510 531 679
f 667 677 680
f 678 680 667
f 678 667 670
f 533 532 681
f 682 681 533
f 682 533 531
f 683 682 531
f 683 531 679
f 679 678 683
f 535 534 684
f 685 684 535
f 685 535 532
f 532 681 685
f 537 536 686
f 687 686 537
f 687 537 534
f 534 684 687
f 688 689 690
f 538 539 688
f 538 688 690
f 539 536 688
f 691 686 536
f 691 536 688
f 688 691 692
f 688 692 689
f 693 671 528
f 693 528 694
f 528 540 694
f 540 538 694
f 538 690 694
f 689 690 694
f 689 694 695
f 694 695 693
f 671 693 696
f 671 674 696
f 682 681 697
f 682 683 697
f 685 684 698
f 681 697 699
f 698 699 681
f 698 681 685
f 687 686 700
f 684 698 701
f 701 684 687
f 701 687 700
f 686 700 702
f 686 691 702
f 703 704 705
f 703 705 706
f 703 706 707
f 703 707 708
f 703 708 709
f 703 709 704
f 705 706 710
f 705 704 710
f 711 712 713
f 711 713 714
f 711 714 715
f 711 715 716
f 711 716 717
f 711 717 712
f 718 719 720
f 720 542 547
f 720 547 718
f 721 546 547
f 721 547 718
f 721 714 713
f 721 713 718
f 722 712 713
f 722 713 718
f 718 722 719
f 723 724 725
f 725 549 552
f 725 552 723
f 552 542 723
f 542 720 723
f 726 719 720
f 726 720 723
f 723 726 724
f 727 706 707
f 727 707 728
f 727 554 556
f 727 556 728
f 556 549 728
f 549 725 728
f 729 724 725
f 729 725 728
f 729 708 707
f 729 707 728
f 730 731 732
f 558 560 730
f 558 730 732
f 560 554 730
f 554 727 730
f 727 706 730
f 731 710 706
f 731 706 730
f 733 734 735
f 735 562 565
f 735 565 733
f 565 558 733
f 558 732 733
f 736 731 732
f 736 732 733
f 733 736 734
f 737 738 739
f 737 739 740
f 740 566 562
f 740 562 737
f 562 735 737
f 741 734 735
f 741 735 737
f 737 741 738
f 739 740 742
f 739 738 742
f 743 744 745
f 745 568 573
f 745 573 743
f 746 572 573
f 746 573 743
f 743 746 747
f 743 747 748
f 743 748 744
f 749 714 715
f 749 715 750
f 749 575 578
f 749 578 750
f 578 568 750
f 568 745 750
f 751 744 745
f 751 745 750
f 751 716 715
f 751 715 750
f 721 546 752
f 546 581 752
f 581 575 752
f 575 749 752
f 749 714 752
f 714 721 752
f 566 740 753
f 566 585 753
f 754 755 756
f 588 591 754
f 588 754 756
f 591 585 754
f 585 753 754
f 753 740 754
f 742 740 754
f 742 754 755
f 588 592 757
f 758 757 588
f 758 588 756
f 756 755 758
f 759 760 761
f 759 761 762
f 759 762 763
f 759 763 764
f 759 764 765
f 759 765 760
f 746 572 766
f 572 597 766
f 767 596 597
f 767 597 766
f 767 762 761
f 767 761 766
f 768 760 761
f 768 761 766
f 768 747 746
f 768 746 766
f 769 757 592
f 769 592 770
f 770 592 602
f 770 602 771
f 602 601 771
f 757 758 769
f 770 771 772
f 770 769 772
f 773 762 763
f 773 763 774
f 773 604 609
f 773 609 774
f 775 608 609
f 775 609 774
f 774 775 776
f 774 776 777
f 777 764 763
f 777 763 774
f 767 596 778
f 596 612 778
f 612 604 778
f 604 773 778
f 773 762 778
f 762 767 778
f 601 771 779
f 601 614 779
f 614 616 780
f 780 614 779
f 780 779 781
f 781 779 771
f 781 771 782
f 771 772 782
f 783 784 785
f 783 785 786
f 783 786 787
f 783 787 788
f 783 788 789
f 783 789 784
f 775 608 790
f 608 621 790
f 791 620 621
f 791 621 790
f 791 786 785
f 791 785 790
f 792 784 785
f 792 785 790
f 792 776 775
f 792 775 790
f 793 794 780
f 793 780 616
f 795 793 616
f 795 616 626
f 626 625 795
f 780 781 794
f 793 795 796
f 793 794 796
f 797 786 787
f 797 787 798
f 798 797 799
f 798 799 800
f 798 800 801
f 798 801 802
f 802 788 787
f 802 787 798
f 791 620 803
f 620 630 803
f 804 629 630
f 804 630 803
f 804 799 797
f 804 797 803
f 797 786 803
f 786 791 803
f 625 795 805
f 806 805 625
f 806 625 634
f 634 633 806
f 805 806 807
f 807 805 795
f 807 795 808
f 795 796 808
f 799 800 809
f 799 809 810
f 809 810 811
f 809 811 812
f 809 812 813
f 809 813 814
f 801 800 809
f 801 809 814
f 804 629 815
f 629 638 815
f 637 638 815
f 637 815 816
f 816 811 810
f 816 810 815
f 810 799 815
f 799 804 815
f 633 806 817
f 818 817 633
f 818 633 642
f 642 641 818
f 817 818 819
f 820 819 817
f 820 817 806
f 806 807 820
f 812 811 821
f 812 813 821
f 816 637 822
f 637 647 822
f 823 646 647
f 823 647 822
f 822 823 824
f 824 821 811
f 824 811 822
f 811 816 822
f 825 818 641
f 825 641 826
f 641 652 826
f 651 652 826
f 651 826 827
f 826 827 828
f 826 828 829
f 826 829 825
f 818 825 830
f 818 819 830
f 823 646 831
f 653 646 831
f 653 831 832
f 831 832 833
f 831 833 834
f 831 834 835
f 824 823 831
f 824 831 835
f 653 657 836
f 653 832 836
f 663 660 837
f 663 662 837
f 827 651 838
f 651 664 838
f 664 660 838
f 839 837 660
f 839 660 838
f 838 839 840
f 840 828 827
f 840 827 838
f 833 832 841
f 833 834 841
f 836 657 842
f 665 657 842
f 665 842 843
f 842 843 844
f 842 844 845
f 845 841 832
f 845 832 842
f 832 836 842
f 665 669 846
f 665 843 846
f 675 672 847
f 675 674 847
f 848 837 662
f 848 662 849
f 662 676 849
f 676 672 849
f 850 847 672
f 850 672 849
f 849 850 851
f 849 851 848
f 837 848 852
f 837 839 852
f 844 843 853
f 844 845 853
f 854 855 846
f 854 846 669
f 669 677 854
f 843 853 856
f 855 856 843
f 855 843 846
f 680 678 857
f 858 857 680
f 858 680 677
f 858 677 854
f 858 854 859
f 854 855 859
f 678 683 860
f 678 857 860
f 692 689 861
f 692 691 861
f 862 863 864
f 693 695 862
f 693 862 864
f 695 689 862
f 861 689 862
f 861 862 865
f 862 865 866
f 862 866 863
f 867 847 674
f 867 674 868
f 674 696 868
f 696 693 868
f 693 864 868
f 869 863 864
f 869 864 868
f 868 869 867
f 847 867 870
f 847 850 870
f 858 857 871
f 858 859 871
f 872 860 683
f 872 683 873
f 683 697 873
f 857 871 874
f 872 874 857
f 872 857 860
f 875 876 877
f 698 699 875
f 698 875 877
f 699 697 875
f 697 873 875
f 872 873 875
f 872 875 878
f 875 878 876
f 879 880 881
f 881 700 701
f 881 701 879
f 701 698 879
f 698 877 879
f 876 877 879
f 876 879 882
f 879 882 880
f 861 691 883
f 861 883 884
f 691 702 883
f 702 700 883
f 700 881 883
f 880 881 883
f 880 883 885
f 883 885 884
f 861 884 886
f 861 865 886
f 887 888 889
f 887 889 890
f 887 890 891
f 887 891 892
f 887 892 893
f 887 893 888
f 894 895 896
f 894 896 897
f 894 897 898
f 898 890 889
f 898 889 894
f 899 888 889
f 899 889 894
f 894 899 895
f 900 901 902
f 900 902 903
f 900 903 904
f 904 897 896
f 904 896 900
f 905 895 896
f 905 896 900
f 900 905 901
f 906 907 908
f 906 908 909
f 906 909 910
f 903 902 906
f 903 906 910
f 911 901 902
f 911 902 906
f 906 911 907
f 912 913 914
f 912 914 915
f 912 915 916
f 909 908 912
f 909 912 916
f 907 908 912
f 907 912 917
f 912 917 913
f 914 915 918
f 914 913 918
f 919 920 921
f 919 921 922
f 919 922 923
f 919 923 924
f 919 924 925
f 919 925 920
f 926 927 928
f 926 928 929
f 926 929 930
f 930 922 921
f 930 921 926
f 931 920 921
f 931 921 926
f 926 931 927
f 932 890 891
f 932 891 933
f 933 932 934
f 933 934 935
f 935 929 928
f 935 928 933
f 936 927 928
f 936 928 933
f 936 892 891
f 936 891 933
f 937 897 898
f 937 898 938
f 938 937 939
f 938 939 940
f 940 934 932
f 940 932 938
f 932 890 938
f 890 898 938
f 941 903 904
f 941 904 942
f 941 704 709
f 941 709 942
f 943 708 709
f 943 709 942
f 943 939 937
f 943 937 942
f 937 897 942
f 897 904 942
f 944 909 910
f 944 910 945
f 945 944 946
f 946 710 704
f 946 704 945
f 704 941 945
f 941 903 945
f 903 910 945
f 947 915 916
f 947 916 948
f 948 947 949
f 948 949 950
f 950 946 944
f 950 944 948
f 944 909 948
f 909 916 948
f 951 952 953
f 951 953 954
f 951 954 955
f 955 949 947
f 955 947 951
f 947 915 951
f 952 918 915
f 952 915 951
f 956 957 958
f 956 958 959
f 956 959 960
f 954 953 956
f 954 956 960
f 961 952 953
f 961 953 956
f 956 961 957
f 958 959 962
f 958 957 962
f 963 964 965
f 963 965 966
f 963 966 967
f 963 967 968
f 963 968 969
f 963 969 964
f 970 922 923
f 970 923 971
f 971 970 972
f 971 972 973
f 973 966 965
f 973 965 971
f 974 964 965
f 974 965 971
f 974 924 923
f 974 923 971
f 975 929 930
f 975 930 976
f 975 712 717
f 975 717 976
f 977 716 717
f 977 717 976
f 977 972 970
f 977 970 976
f 970 922 976
f 922 930 976
f 978 934 935
f 978 935 979
f 978 719 722
f 978 722 979
f 722 712 979
f 712 975 979
f 975 929 979
f 929 935 979
f 980 939 940
f 980 940 981
f 980 724 726
f 980 726 981
f 726 719 981
f 719 978 981
f 978 934 981
f 934 940 981
f 943 708 982
f 708 729 982
f 729 724 982
f 724 980 982
f 980 939 982
f 939 943 982
f 710 946 983
f 710 731 983
f 949 950 984
f 949 984 985
f 734 736 984
f 734 984 985
f 736 731 984
f 731 983 984
f 983 946 984
f 946 950 984
f 954 955 986
f 954 986 987
f 987 738 741
f 987 741 986
f 741 734 986
f 734 985 986
f 985 949 986
f 949 955 986
f 988 959 960
f 988 960 989
f 989 988 990
f 990 742 738
f 990 738 989
f 738 987 989
f 987 954 989
f 954 960 989
f 991 992 993
f 991 993 994
f 991 994 995
f 995 990 988
f 995 988 991
f 988 959 991
f 992 962 959
f 992 959 991
f 993 994 996
f 993 992 996
f 997 998 999
f 997 999 1000
f 997 1000 1001
f 997 1001 1002
f 997 1002 1003
f 997 1003 998
f 1004 966 967
f 1004 967 1005
f 1005 1004 1006
f 1005 1006 1007
f 1007 1000 999
f 1007 999 1005
f 1008 998 999
f 1008 999 1005
f 1008 968 967
f 1008 967 1005
f 1009 972 973
f 1009 973 1010
f 1009 744 748
f 1009 748 1010
f 1011 747 748
f 1011 748 1010
f 1011 1006 1004
f 1011 1004 1010
f 1004 966 1010
f 966 973 1010
f 977 716 1012
f 716 751 1012
f 751 744 1012
f 744 1009 1012
f 1009 972 1012
f 972 977 1012
f 742 990 1013
f 742 755 1013
f 994 995 1014
f 994 1014 1015
f 1014 1015 1016
f 1016 758 755
f 1016 755 1014
f 755 1013 1014
f 1013 990 1014
f 990 995 1014
f 1017 1018 1019
f 1017 1019 1020
f 1017 1020 1021
f 1021 1016 1015
f 1021 1015 1017
f 1015 994 1017
f 1018 996 994
f 1018 994 1017
f 1019 1020 1022
f 1019 1018 1022
f 1023 1024 1025
f 1023 1025 1026
f 1023 1026 1027
f 1023 1027 1028
f 1023 1028 1029
f 1023 1029 1024
f 1030 1000 1001
f 1030 1001 1031
f 1031 1030 1032
f 1031 1032 1033
f 1033 1026 1025
f 1033 1025 1031
f 1034 1024 1025
f 1034 1025 1031
f 1034 1002 1001
f 1034 1001 1031
f 1035 1006 1007
f 1035 1007 1036
f 1035 760 765
f 1035 765 1036
f 1037 764 765
f 1037 765 1036
f 1037 1032 1030
f 1037 1030 1036
f 1030 1000 1036
f 1000 1007 1036
f 1011 747 1038
f 747 768 1038
f 768 760 1038
f 760 1035 1038
f 1035 1006 1038
f 1006 1011 1038
f 758 1016 1039
f 758 769 1039
f 1020 1021 1040
f 1020 1040 1041
f 1040 1041 1042
f 772 769 1040
f 772 1040 1042
f 769 1039 1040
f 1039 1016 1040
f 1016 1021 1040
f 1043 1044 1045
f 1043 1045 1046
f 1043 1046 1047
f 1042 1041 1043
f 1042 1043 1047
f 1041 1020 1043
f 1022 1020 1043
f 1022 1043 1044
f 1045 1046 1048
f 1045 1044 1048
f 1049 1026 1027
f 1049 1027 1050
f 1050 1049 1051
f 1050 1051 1052
f 1050 1052 1053
f 1050 1053 1054
f 1054 1028 1027
f 1054 1027 1050
f 1055 1032 1033
f 1055 1033 1056
f 1056 1055 1057
f 1056 1057 1058
f 1058 1051 1049
f 1058 1049 1056
f 1049 1026 1056
f 1026 1033 1056
f 1037 764 1059
f 764 777 1059
f 1060 776 777
f 1060 777 1059
f 1060 1057 1055
f 1060 1055 1059
f 1055 1032 1059
f 1032 1037 1059
f 772 1042 1061
f 1061 772 782
f 1061 782 1062
f 782 781 1062
f 1063 1046 1047
f 1063 1047 1064
f 1064 1063 1065
f 1064 1065 1066
f 1066 1062 1061
f 1066 1061 1064
f 1061 1042 1064
f 1042 1047 1064
f 1063 1065 1067
f 1067 1063 1046
f 1067 1046 1068
f 1046 1048 1068
f 1069 1051 1052
f 1069 1052 1070
f 1070 1069 1071
f 1070 1071 1072
f 1070 1072 1073
f 1070 1073 1074
f 1074 1053 1052
f 1074 1052 1070
f 1075 1057 1058
f 1075 1058 1076
f 1075 784 789
f 1075 789 1076
f 1077 788 789
f 1077 789 1076
f 1077 1071 1069
f 1077 1069 1076
f 1069 1051 1076
f 1051 1058 1076
f 1060 776 1078
f 776 792 1078
f 792 784 1078
f 784 1075 1078
f 1075 1057 1078
f 1057 1060 1078
f 781 1062 1079
f 781 794 1079
f 1065 1066 1080
f 1065 1080 1081
f 1080 1081 1082
f 796 794 1080
f 796 1080 1082
f 794 1079 1080
f 1079 1062 1080
f 1062 1066 1080
f 1081 1082 1083
f 1084 1083 1081
f 1084 1081 1065
f 1065 1067 1084
f 1085 1071 1072
f 1085 1072 1086
f 1086 1085 1087
f 1086 1087 1088
f 1086 1088 1089
f 1086 1089 1090
f 1090 1073 1072
f 1090 1072 1086
f 1077 788 1091
f 788 802 1091
f 1092 801 802
f 1092 802 1091
f 1092 1087 1085
f 1092 1085 1091
f 1085 1071 1091
f 1071 1077 1091
f 796 1082 1093
f 1093 796 808
f 1093 808 1094
f 808 807 1094
f 1093 1094 1095
f 1096 1095 1093
f 1096 1093 1082
f 1082 1083 1096
f 1097 1087 1088
f 1097 1088 1098
f 1098 1097 1099
f 1098 1099 1100
f 1098 1100 1101
f 1098 1101 1102
f 1102 1089 1088
f 1102 1088 1098
f 1092 801 1103
f 801 814 1103
f 1104 813 814
f 1104 814 1103
f 1104 1099 1097
f 1104 1097 1103
f 1097 1087 1103
f 1087 1092 1103
f 807 1094 1105
f 1105 807 820
f 1105 820 1106
f 820 819 1106
f 1105 1106 1107
f 1108 1107 1105
f 1108 1105 1094
f 1094 1095 1108
f 1099 1100 1109
f 1099 1109 1110
f 1109 1110 1111
f 1109 1111 1112
f 1109 1112 1113
f 1109 1113 1114
f 1114 1101 1100
f 1114 1100 1109
f 1104 813 1115
f 1116 821 813
f 1116 813 1115
f 1115 1116 1117
f 1117 1111 1110
f 1117 1110 1115
f 1110 1099 1115
f 1099 1104 1115
f 821 824 1118
f 821 1116 1118
f 829 825 1119
f 829 828 1119
f 819 1106 1120
f 1120 819 830
f 1120 830 1121
f 1121 830 825
f 1121 825 1122
f 825 1119 1122
f 1120 1121 1123
f 1124 1123 1120
f 1124 1120 1106
f 1106 1107 1124
f 1111 1112 1125
f 1111 1125 1126
f 1125 1126 1127
f 1125 1127 1128
f 1125 1128 1129
f 1125 1129 1130
f 1113 1112 1125
f 1113 1125 1130
f 1131 1116 1117
f 1131 1117 1132
f 1132 1131 1133
f 1132 1133 1134
f 1134 1127 1126
f 1134 1126 1132
f 1126 1111 1132
f 1111 1117 1132
f 1118 824 1135
f 824 835 1135
f 1136 834 835
f 1136 835 1135
f 1133 1131 1135
f 1133 1135 1136
f 1131 1116 1135
f 1116 1118 1135
f 828 1119 1137
f 1138 1137 828
f 1138 828 840
f 840 839 1138
f 1121 1122 1139
f 1121 1139 1140
f 1139 1140 1141
f 1139 1141 1142
f 1138 1137 1139
f 1138 1139 1142
f 1137 1119 1139
f 1119 1122 1139
f 1140 1141 1143
f 1144 1143 1140
f 1144 1140 1121
f 1121 1123 1144
f 1128 1127 1145
f 1128 1129 1145
f 1133 1134 1146
f 1133 1146 1147
f 1146 1147 1148
f 1146 1148 1149
f 1146 1149 1150
f 1150 1145 1127
f 1150 1127 1146
f 1127 1134 1146
f 1136 834 1151
f 1152 841 834
f 1152 834 1151
f 1151 1152 1153
f 1153 1148 1147
f 1153 1147 1151
f 1147 1133 1151
f 1133 1136 1151
f 841 845 1154
f 841 1152 1154
f 851 848 1155
f 851 850 1155
f 839 1138 1156
f 1156 839 852
f 1156 852 1157
f 1157 852 848
f 1157 848 1158
f 848 1155 1158
f 1142 1141 1159
f 1156 1157 1160
f 1161 1160 1156
f 1161 1156 1138
f 1161 1138 1142
f 1161 1142 1159
f 1141 1159 1162
f 1141 1143 1162
f 1149 1148 1163
f 1149 1150 1163
f 1164 1152 1153
f 1164 1153 1165
f 1165 1164 1166
f 1165 1166 1167
f 1165 1167 1168
f 1168 1163 1148
f 1168 1148 1165
f 1148 1153 1165
f 1154 845 1169
f 1170 853 845
f 1170 845 1169
f 1169 1170 1171
f 1166 1164 1169
f 1166 1169 1171
f 1164 1152 1169
f 1152 1154 1169
f 856 855 1172
f 1173 1172 856
f 1173 856 853
f 853 1170 1173
f 855 859 1174
f 855 1172 1174
f 866 863 1175
f 866 865 1175
f 869 867 1176
f 1176 869 863
f 1176 863 1177
f 863 1175 1177
f 850 1155 1178
f 1178 850 870
f 1178 870 1179
f 1179 870 867
f 1179 867 1180
f 867 1176 1180
f 1158 1157 1181
f 1178 1179 1182
f 1183 1182 1178
f 1183 1178 1155
f 1181 1183 1155
f 1181 1155 1158
f 1157 1181 1184
f 1157 1160 1184
f 1167 1166 1185
f 1167 1168 1185
f 1170 1171 1186
f 1170 1186 1187
f 1186 1187 1188
f 1186 1188 1189
f 1186 1189 1190
f 1190 1185 1166
f 1190 1166 1186
f 1166 1171 1186
f 1191 1172 1173
f 1191 1173 1192
f 1192 1191 1193
f 1192 1193 1194
f 1194 1188 1187
f 1194 1187 1192
f 1187 1170 1192
f 1170 1173 1192
f 1174 859 1195
f 871 859 1195
f 871 1195 1196
f 1195 1196 1197
f 1193 1191 1195
f 1193 1195 1197
f 1191 1172 1195
f 1172 1174 1195
f 874 872 1198
f 1198 874 871
f 1198 871 1199
f 871 1196 1199
f 878 876 1200
f 1201 1200 878
f 1201 878 872
f 872 1198 1201
f 882 880 1202
f 1202 882 876
f 1202 876 1203
f 876 1200 1203
f 885 884 1204
f 1204 885 880
f 1204 880 1205
f 880 1202 1205
f 865 1175 1206
f 1207 1206 865
f 1207 865 886
f 1207 886 884
f 1207 884 1208
f 884 1204 1208
f 1176 1177 1209
f 1176 1209 1210
f 1209 1210 1211
f 1209 1211 1212
f 1207 1206 1209
f 1207 1209 1212
f 1206 1175 1209
f 1175 1177 1209
f 1180 1179 1213
f 1210 1211 1214
f 1215 1214 1210
f 1215 1210 1176
f 1213 1215 1176
f 1213 1176 1180
f 1179 1213 1216
f 1179 1182 1216
f 1189 1188 1217
f 1189 1190 1217
f 1194 1193 1218
f 1188 1217 1219
f 1218 1219 1188
f 1218 1188 1194
f 1196 1197 1220
f 1196 1220 1221
f 1220 1221 1222
f 1220 1222 1223
f 1220 1223 1224
f 1224 1218 1193
f 1224 1193 1220
f 1193 1197 1220
f 1198 1199 1225
f 1198 1225 1226
f 1225 1226 1227
f 1225 1227 1228
f 1228 1222 1221
f 1228 1221 1225
f 1221 1196 1225
f 1196 1199 1225
f 1200 1201 1229
f 1200 1229 1230
f 1229 1230 1231
f 1229 1231 1232
f 1227 1226 1229
f 1227 1229 1232
f 1226 1198 1229
f 1198 1201 1229
f 1202 1203 1233
f 1202 1233 1234
f 1233 1234 1235
f 1233 1235 1236
f 1231 1230 1233
f 1231 1233 1236
f 1230 1200 1233
f 1200 1203 1233
f 1204 1205 1237
f 1204 1237 1238
f 1237 1238 1239
f 1237 1239 1240
f 1235 1234 1237
f 1235 1237 1240
f 1234 1202 1237
f 1202 1205 1237
f 1208 1207 1241
f 1238 1239 1242
f 1243 1242 1238
f 1243 1238 1204
f 1241 1243 1204
f 1241 1204 1208
f 1212 1211 1244
f 1207 1241 1245
f 1245 1207 1212
f 1245 1212 1244
f 1211 1244 1246
f 1211 1214 1246
f 1223 1222 1247
f 1223 1224 1247
f 1228 1227 1248
f 1222 1247 1249
f 1248 1249 1222
f 1248 1222 1228
f 1232 1231 1250
f 1227 1248 1251
f 1250 1251 1227
f 1250 1227 1232
f 1236 1235 1252
f 1231 1250 1253
f 1252 1253 1231
f 1252 1231 1236
f 1240 1239 1254
f 1235 1252 1255
f 1255 1235 1240
f 1255 1240 1254
f 1239 1254 1256
f 1239 1242 1256
f 1257 1258 1259
f 1257 1259 1260
f 1257 1260 1261
f 1257 1261 1262
f 1257 1262 1263
f 1257 1263 1258
f 1264 1265 1266
f 1266 888 893
f 1266 893 1264
f 1267 892 893
f 1267 893 1264
f 1267 1260 1259
f 1267 1259 1264
f 1268 1258 1259
f 1268 1259 1264
f 1264 1268 1265
f 1269 1270 1271
f 1271 895 899
f 1271 899 1269
f 899 888 1269
f 888 1266 1269
f 1272 1265 1266
f 1272 1266 1269
f 1269 1272 1270
f 1273 1274 1275
f 1275 901 905
f 1275 905 1273
f 905 895 1273
f 895 1271 1273
f 1276 1270 1271
f 1276 1271 1273
f 1273 1276 1274
f 1277 1278 1279
f 1279 907 911
f 1279 911 1277
f 911 901 1277
f 901 1275 1277
f 1280 1274 1275
f 1280 1275 1277
f 1277 1280 1278
f 1281 1282 1283
f 1283 913 917
f 1283 917 1281
f 917 907 1281
f 907 1279 1281
f 1284 1278 1279
f 1284 1279 1281
f 1281 1284 1282
f 1285 1286 1287
f 1285 1287 1288
f 1288 918 913
f 1288 913 1285
f 913 1283 1285
f 1282 1283 1285
f 1282 1285 1289
f 1285 1289 1286
f 1287 1288 1290
f 1287 1286 1290
f 1291 1292 1293
f 1293 920 925
f 1293 925 1291
f 1294 924 925
f 1294 925 1291
f 1291 1294 1295
f 1291 1295 1296
f 1291 1296 1292
f 1297 1260 1261
f 1297 1261 1298
f 1297 927 931
f 1297 931 1298
f 931 920 1298
f 920 1293 1298
f 1299 1292 1293
f 1299 1293 1298
f 1299 1262 1261
f 1299 1261 1298
f 1267 892 1300
f 892 936 1300
f 936 927 1300
f 927 1297 1300
f 1297 1260 1300
f 1260 1267 1300
f 918 1288 1301
f 918 952 1301
f 1302 1303 1304
f 957 961 1302
f 957 1302 1304
f 961 952 1302
f 952 1301 1302
f 1301 1288 1302
f 1303 1290 1288
f 1303 1288 1302
f 957 962 1305
f 1306 1305 957
f 1306 957 1304
f 1304 1303 1306
f 1307 1308 1309
f 1307 1309 1310
f 1307 1310 1311
f 1307 1311 1312
f 1307 1312 1313
f 1307 1313 1308
f 1314 1315 1316
f 1316 964 969
f 1316 969 1314
f 1317 968 969
f 1317 969 1314
f 1317 1310 1309
f 1317 1309 1314
f 1318 1308 1309
f 1318 1309 1314
f 1314 1318 1315
f 1294 924 1319
f 924 974 1319
f 974 964 1319
f 964 1316 1319
f 1320 1315 1316
f 1320 1316 1319
f 1320 1295 1294
f 1320 1294 1319
f 1321 1322 1305
f 1321 1305 962
f 962 992 1321
f 1305 1306 1322
f 1323 1324 1325
f 1323 1325 1326
f 996 992 1323
f 996 1323 1326
f 992 1321 1323
f 1327 1322 1321
f 1327 1321 1323
f 1323 1327 1324
f 1325 1326 1328
f 1325 1324 1328
f 1329 1310 1311
f 1329 1311 1330
f 1329 998 1003
f 1329 1003 1330
f 1331 1002 1003
f 1331 1003 1330
f 1330 1331 1332
f 1330 1332 1333
f 1333 1312 1311
f 1333 1311 1330
f 1317 968 1334
f 968 1008 1334
f 1008 998 1334
f 998 1329 1334
f 1329 1310 1334
f 1310 1317 1334
f 996 1326 1335
f 996 1018 1335
f 1018 1022 1336
f 1337 1336 1018
f 1337 1018 1335
f 1337 1335 1326
f 1337 1326 1338
f 1326 1328 1338
f 1339 1340 1341
f 1341 1024 1029
f 1341 1029 1339
f 1342 1028 1029
f 1342 1029 1339
f 1339 1342 1343
f 1339 1343 1344
f 1339 1344 1340
f 1331 1002 1345
f 1002 1034 1345
f 1034 1024 1345
f 1024 1341 1345
f 1346 1340 1341
f 1346 1341 1345
f 1346 1332 1331
f 1346 1331 1345
f 1347 1348 1336
f 1347 1336 1022
f 1022 1044 1347
f 1336 1337 1348
f 1044 1048 1349
f 1350 1349 1044
f 1350 1044 1347
f 1347 1348 1350
f 1342 1028 1351
f 1028 1054 1351
f 1352 1053 1054
f 1352 1054 1351
f 1351 1352 1353
f 1351 1353 1354
f 1354 1343 1342
f 1354 1342 1351
f 1349 1048 1355
f 1048 1068 1355
f 1067 1068 1355
f 1067 1355 1356
f 1355 1356 1357
f 1355 1357 1358
f 1350 1349 1355
f 1350 1355 1358
f 1352 1053 1359
f 1053 1074 1359
f 1360 1073 1074
f 1360 1074 1359
f 1359 1360 1361
f 1359 1361 1362
f 1362 1353 1352
f 1362 1352 1359
f 1356 1067 1363
f 1067 1084 1363
f 1083 1084 1363
f 1083 1363 1364
f 1363 1364 1365
f 1363 1365 1366
f 1357 1356 1363
f 1357 1363 1366
f 1367 1368 1369
f 1367 1369 1370
f 1367 1370 1371
f 1367 1371 1372
f 1367 1372 1373
f 1367 1373 1368
f 1360 1073 1374
f 1073 1090 1374
f 1375 1089 1090
f 1375 1090 1374
f 1375 1370 1369
f 1375 1369 1374
f 1376 1368 1369
f 1376 1369 1374
f 1376 1361 1360
f 1376 1360 1374
f 1377 1378 1364
f 1377 1364 1083
f 1379 1377 1083
f 1379 1083 1096
f 1096 1095 1379
f 1364 1365 1378
f 1377 1379 1380
f 1377 1378 1380
f 1371 1370 1381
f 1371 1372 1381
f 1375 1089 1382
f 1089 1102 1382
f 1101 1102 1382
f 1101 1382 1383
f 1382 1383 1384
f 1384 1381 1370
f 1384 1370 1382
f 1370 1375 1382
f 1379 1095 1385
f 1379 1385 1386
f 1095 1108 1385
f 1107 1108 1385
f 1107 1385 1387
f 1385 1387 1388
f 1385 1388 1389
f 1385 1389 1386
f 1379 1386 1390
f 1379 1380 1390
f 1383 1101 1391
f 1101 1114 1391
f 1113 1114 1391
f 1113 1391 1392
f 1391 1392 1393
f 1391 1393 1394
f 1394 1384 1383
f 1394 1383 1391
f 1387 1107 1395
f 1107 1124 1395
f 1123 1124 1395
f 1123 1395 1396
f 1395 1396 1397
f 1395 1397 1398
f 1398 1388 1387
f 1398 1387 1395
f 1392 1113 1399
f 1113 1130 1399
f 1400 1129 1130
f 1400 1130 1399
f 1399 1400 1401
f 1399 1401 1402
f 1402 1393 1392
f 1402 1392 1399
f 1396 1123 1403
f 1123 1144 1403
f 1404 1143 1144
f 1404 1144 1403
f 1403 1404 1405
f 1403 1405 1406
f 1406 1397 1396
f 1406 1396 1403
f 1407 1408 1400
f 1407 1400 1129
f 1129 1145 1407
f 1400 1401 1408
f 1145 1150 1409
f 1409 1145 1407
f 1409 1407 1410
f 1407 1408 1410
f 1411 1412 1413
f 1159 1161 1411
f 1159 1411 1413
f 1160 1161 1411
f 1160 1411 1414
f 1411 1414 1415
f 1411 1415 1416
f 1411 1416 1412
f 1404 1143 1417
f 1143 1162 1417
f 1162 1159 1417
f 1159 1413 1417
f 1418 1412 1413
f 1418 1413 1417
f 1405 1404 1417
f 1405 1417 1418
f 1409 1150 1419
f 1163 1150 1419
f 1163 1419 1420
f 1419 1420 1421
f 1419 1421 1422
f 1419 1422 1423
f 1410 1409 1419
f 1410 1419 1423
f 1163 1168 1424
f 1163 1420 1424
f 1183 1181 1425
f 1183 1182 1425
f 1414 1160 1426
f 1160 1184 1426
f 1184 1181 1426
f 1427 1425 1181
f 1427 1181 1426
f 1426 1427 1428
f 1428 1415 1414
f 1428 1414 1426
f 1421 1420 1429
f 1421 1422 1429
f 1424 1168 1430
f 1185 1168 1430
f 1185 1430 1431
f 1430 1431 1432
f 1430 1432 1433
f 1429 1420 1430
f 1429 1430 1433
f 1420 1424 1430
f 1185 1190 1434
f 1185 1431 1434
f 1215 1213 1435
f 1215 1214 1435
f 1436 1425 1182
f 1436 1182 1437
f 1182 1216 1437
f 1216 1213 1437
f 1438 1435 1213
f 1438 1213 1437
f 1437 1438 1439
f 1437 1439 1436
f 1425 1436 1440
f 1425 1427 1440
f 1432 1431 1441
f 1432 1433 1441
f 1442 1434 1190
f 1442 1190 1443
f 1190 1217 1443
f 1431 1441 1444
f 1442 1444 1431
f 1442 1431 1434
f 1219 1218 1445
f 1446 1445 1219
f 1446 1219 1217
f 1447 1446 1217
f 1447 1217 1443
f 1443 1442 1447
f 1218 1224 1448
f 1218 1445 1448
f 1243 1241 1449
f 1243 1242 1449
f 1450 1451 1452
f 1244 1245 1450
f 1244 1450 1452
f 1245 1241 1450
f 1453 1449 1241
f 1453 1241 1450
f 1450 1453 1454
f 1450 1454 1451
f 1455 1435 1214
f 1455 1214 1456
f 1214 1246 1456
f 1246 1244 1456
f 1244 1452 1456
f 1457 1451 1452
f 1457 1452 1456
f 1456 1457 1455
f 1435 1455 1458
f 1435 1438 1458
f 1446 1445 1459
f 1446 1447 1459
f 1460 1448 1224
f 1460 1224 1461
f 1224 1247 1461
f 1445 1459 1462
f 1462 1445 1448
f 1462 1448 1460
f 1463 1464 1465
f 1248 1249 1463
f 1248 1463 1465
f 1249 1247 1463
f 1247 1461 1463
f 1460 1461 1463
f 1460 1463 1466
f 1463 1466 1464
f 1467 1468 1469
f 1250 1251 1467
f 1250 1467 1469
f 1251 1248 1467
f 1248 1465 1467
f 1464 1465 1467
f 1464 1467 1470
f 1467 1470 1468
f 1471 1472 1473
f 1252 1253 1471
f 1252 1471 1473
f 1253 1250 1471
f 1250 1469 1471
f 1474 1468 1469
f 1474 1469 1471
f 1471 1474 1472
f 1475 1476 1477
f 1477 1254 1255
f 1477 1255 1475
f 1255 1252 1475
f 1252 1473 1475
f 1478 1472 1473
f 1478 1473 1475
f 1475 1478 1476
f 1479 1449 1242
f 1479 1242 1480
f 1242 1256 1480
f 1256 1254 1480
f 1254 1477 1480
f 1476 1477 1480
f 1476 1480 1481
f 1480 1481 1479
f 1449 1479 1482
f 1449 1453 1482
f 1483 1484 1485
f 1485 1258 1263
f 1485 1263 1483
f 1486 1262 1263
f 1486 1263 1483
f 1483 1486 1487
f 1483 1487 1488
f 1483 1488 1484
f 1489 1490 1491
f 1491 1265 1268
f 1491 1268 1489
f 1268 1258 1489
f 1258 1485 1489
f 1492 1484 1485
f 1492 1485 1489
f 1489 1492 1490
f 1493 1494 1495
f 1495 1270 1272
f 1495 1272 1493
f 1272 1265 1493
f 1265 1491 1493
f 1496 1490 1491
f 1496 1491 1493
f 1493 1496 1494
f 1497 1498 1499
f 1499 1274 1276
f 1499 1276 1497
f 1276 1270 1497
f 1270 1495 1497
f 1500 1494 1495
f 1500 1495 1497
f 1497 1500 1498
f 1501 1502 1503
f 1278 1280 1501
f 1278 1501 1503
f 1280 1274 1501
f 1274 1499 1501
f 1504 1498 1499
f 1504 1499 1501
f 1501 1504 1502
f 1505 1506 1507
f 1282 1284 1505
f 1282 1505 1507
f 1284 1278 1505
f 1278 1503 1505
f 1508 1502 1503
f 1508 1503 1505
f 1505 1508 1506
f 1509 1510 1511
f 1511 1286 1289
f 1511 1289 1509
f 1289 1282 1509
f 1282 1507 1509
f 1506 1507 1509
f 1506 1509 1512
f 1509 1512 1510
f 1286 1290 1513
f 1514 1513 1286
f 1514 1286 1511
f 1511 1510 1514
f 1515 1516 1517
f 1515 1517 1518
f 1515 1518 1519
f 1515 1519 1520
f 1515 1520 1521
f 1515 1521 1516
f 1522 1523 1524
f 1524 1292 1296
f 1524 1296 1522
f 1525 1295 1296
f 1525 1296 1522
f 1525 1518 1517
f 1525 1517 1522
f 1526 1516 1517
f 1526 1517 1522
f 1522 1526 1523
f 1486 1262 1527
f 1262 1299 1527
f 1299 1292 1527
f 1292 1524 1527
f 1528 1523 1524
f 1528 1524 1527
f 1528 1487 1486
f 1528 1486 1527
f 1529 1530 1513
f 1529 1513 1290
f 1290 1303 1529
f 1513 1514 1530
f 1531 1532 1533
f 1531 1533 1534
f 1534 1306 1303
f 1534 1303 1531
f 1303 1529 1531
f 1535 1530 1529
f 1535 1529 1531
f 1531 1535 1532
f 1533 1534 1536
f 1533 1532 1536
f 1537 1538 1539
f 1539 1308 1313
f 1539 1313 1537
f 1540 1312 1313
f 1540 1313 1537
f 1537 1540 1541
f 1537 1541 1542
f 1537 1542 1538
f 1543 1518 1519
f 1543 1519 1544
f 1543 1315 1318
f 1543 1318 1544
f 1318 1308 1544
f 1308 1539 1544
f 1545 1538 1539
f 1545 1539 1544
f 1545 1520 1519
f 1545 1519 1544
f 1525 1295 1546
f 1295 1320 1546
f 1320 1315 1546
f 1315 1543 1546
f 1543 1518 1546
f 1518 1525 1546
f 1306 1534 1547
f 1306 1322 1547
f 1548 1549 1550
f 1324 1327 1548
f 1324 1548 1550
f 1327 1322 1548
f 1322 1547 1548
f 1547 1534 1548
f 1536 1534 1548
f 1536 1548 1549
f 1324 1328 1551
f 1552 1551 1324
f 1552 1324 1550
f 1550 1549 1552
f 1553 1554 1555
f 1553 1555 1556
f 1553 1556 1557
f 1553 1557 1558
f 1553 1558 1559
f 1553 1559 1554
f 1540 1312 1560
f 1312 1333 1560
f 1561 1332 1333
f 1561 1333 1560
f 1561 1556 1555
f 1561 1555 1560
f 1562 1554 1555
f 1562 1555 1560
f 1562 1541 1540
f 1562 1540 1560
f 1563 1551 1328
f 1563 1328 1564
f 1564 1328 1338
f 1564 1338 1565
f 1338 1337 1565
f 1551 1552 1563
f 1564 1565 1566
f 1564 1563 1566
f 1567 1556 1557
f 1567 1557 1568
f 1567 1340 1344
f 1567 1344 1568
f 1569 1343 1344
f 1569 1344 1568
f 1568 1569 1570
f 1568 1570 1571
f 1571 1558 1557
f 1571 1557 1568
f 1561 1332 1572
f 1332 1346 1572
f 1346 1340 1572
f 1340 1567 1572
f 1567 1556 1572
f 1556 1561 1572
f 1337 1565 1573
f 1337 1348 1573
f 1348 1350 1574
f 1574 1348 1573
f 1574 1573 1575
f 1575 1573 1565
f 1575 1565 1576
f 1565 1566 1576
f 1577 1578 1579
f 1577 1579 1580
f 1577 1580 1581
f 1577 1581 1582
f 1577 1582 1583
f 1577 1583 1578
f 1569 1343 1584
f 1343 1354 1584
f 1585 1353 1354
f 1585 1354 1584
f 1585 1580 1579
f 1585 1579 1584
f 1586 1578 1579
f 1586 1579 1584
f 1586 1570 1569
f 1586 1569 1584
f 1587 1588 1574
f 1587 1574 1350
f 1589 1587 1350
f 1589 1350 1358
f 1358 1357 1589
f 1574 1575 1588
f 1587 1589 1590
f 1587 1588 1590
f 1591 1580 1581
f 1591 1581 1592
f 1592 1591 1593
f 1592 1593 1594
f 1592 1594 1595
f 1592 1595 1596
f 1596 1582 1581
f 1596 1581 1592
f 1585 1353 1597
f 1353 1362 1597
f 1598 1361 1362
f 1598 1362 1597
f 1598 1593 1591
f 1598 1591 1597
f 1591 1580 1597
f 1580 1585 1597
f 1357 1589 1599
f 1599 1357 1366
f 1599 1366 1600
f 1366 1365 1600
f 1599 1600 1601
f 1601 1599 1589
f 1601 1589 1602
f 1589 1590 1602
f 1603 1593 1594
f 1603 1594 1604
f 1603 1368 1373
f 1603 1373 1604
f 1605 1372 1373
f 1605 1373 1604
f 1604 1605 1606
f 1604 1606 1607
f 1607 1595 1594
f 1607 1594 1604
f 1598 1361 1608
f 1361 1376 1608
f 1376 1368 1608
f 1368 1603 1608
f 1603 1593 1608
f 1593 1598 1608
f 1365 1600 1609
f 1365 1378 1609
f 1378 1380 1610
f 1610 1378 1609
f 1610 1609 1611
f 1611 1609 1600
f 1611 1600 1612
f 1600 1601 1612
f 1605 1372 1613
f 1614 1381 1372
f 1614 1372 1613
f 1613 1614 1615
f 1613 1615 1616
f 1613 1616 1617
f 1606 1605 1613
f 1606 1613 1617
f 1381 1384 1618
f 1381 1614 1618
f 1389 1386 1619
f 1389 1388 1619
f 1610 1380 1620
f 1380 1390 1620
f 1390 1386 1620
f 1621 1619 1386
f 1621 1386 1620
f 1620 1621 1622
f 1611 1610 1620
f 1611 1620 1622
f 1614 1615 1623
f 1614 1623 1624
f 1623 1624 1625
f 1623 1625 1626
f 1623 1626 1627
f 1623 1627 1628
f 1616 1615 1623
f 1616 1623 1628
f 1618 1384 1629
f 1384 1394 1629
f 1393 1394 1629
f 1393 1629 1630
f 1630 1625 1624
f 1630 1624 1629
f 1624 1614 1629
f 1614 1618 1629
f 1388 1619 1631
f 1632 1631 1388
f 1632 1388 1398
f 1398 1397 1632
f 1631 1632 1633
f 1634 1633 1631
f 1634 1631 1619
f 1619 1621 1634
f 1626 1625 1635
f 1626 1627 1635
f 1630 1393 1636
f 1393 1402 1636
f 1401 1402 1636
f 1401 1636 1637
f 1636 1637 1638
f 1638 1635 1625
f 1638 1625 1636
f 1625 1630 1636
f 1639 1632 1397
f 1639 1397 1640
f 1397 1406 1640
f 1405 1406 1640
f 1405 1640 1641
f 1640 1641 1642
f 1640 1642 1643
f 1640 1643 1639
f 1632 1639 1644
f 1632 1633 1644
f 1637 1401 1645
f 1646 1408 1401
f 1646 1401 1645
f 1645 1646 1647
f 1645 1647 1648
f 1645 1648 1649
f 1638 1637 1645
f 1638 1645 1649
f 1408 1410 1650
f 1408 1646 1650
f 1416 1412 1651
f 1416 1415 1651
f 1641 1405 1652
f 1405 1418 1652
f 1418 1412 1652
f 1653 1651 1412
f 1653 1412 1652
f 1652 1653 1654
f 1654 1642 1641
f 1654 1641 1652
f 1647 1646 1655
f 1647 1648 1655
f 1650 1410 1656
f 1410 1423 1656
f 1422 1423 1656
f 1422 1656 1657
f 1656 1657 1658
f 1655 1646 1656
f 1655 1656 1658
f 1646 1650 1656
f 1659 1651 1415
f 1659 1415 1660
f 1415 1428 1660
f 1661 1427 1428
f 1661 1428 1660
f 1660 1661 1662
f 1660 1662 1663
f 1660 1663 1659
f 1651 1659 1664
f 1651 1653 1664
f 1665 1657 1422
f 1665 1422 1666
f 1422 1429 1666
f 1657 1658 1665
f 1429 1433 1667
f 1667 1429 1666
f 1667 1666 1668
f 1666 1665 1668
f 1669 1670 1671
f 1671 1436 1439
f 1671 1439 1669
f 1672 1438 1439
f 1672 1439 1669
f 1669 1672 1673
f 1669 1673 1674
f 1669 1674 1670
f 1661 1427 1675
f 1427 1440 1675
f 1440 1436 1675
f 1436 1671 1675
f 1670 1671 1675
f 1670 1675 1676
f 1662 1661 1675
f 1662 1675 1676
f 1677 1667 1433
f 1677 1433 1678
f 1433 1441 1678
f 1667 1668 1677
f 1444 1442 1679
f 1680 1679 1444
f 1680 1444 1441
f 1681 1680 1441
f 1681 1441 1678
f 1678 1677 1681
f 1442 1447 1682
f 1442 1679 1682
f 1454 1451 1683
f 1454 1453 1683
f 1684 1685 1686
f 1686 1455 1457
f 1686 1457 1684
f 1457 1451 1684
f 1687 1683 1451
f 1687 1451 1684
f 1684 1687 1688
f 1684 1688 1685
f 1672 1438 1689
f 1438 1458 1689
f 1458 1455 1689
f 1455 1686 1689
f 1685 1686 1689
f 1685 1689 1690
f 1673 1672 1689
f 1673 1689 1690
f 1680 1679 1691
f 1680 1681 1691
f 1692 1682 1447
f 1692 1447 1693
f 1447 1459 1693
f 1679 1691 1694
f 1692 1694 1679
f 1692 1679 1682
f 1695 1696 1697
f 1460 1462 1695
f 1460 1695 1697
f 1462 1459 1695
f 1459 1693 1695
f 1692 1693 1695
f 1692 1695 1698
f 1695 1698 1696
f 1699 1700 1701
f 1464 1466 1699
f 1464 1699 1701
f 1466 1460 1699
f 1460 1697 1699
f 1696 1697 1699
f 1696 1699 1702
f 1699 1702 1700
f 1470 1468 1703
f 1704 1703 1470
f 1704 1470 1464
f 1705 1704 1464
f 1705 1464 1701
f 1701 1700 1705
f 1706 1707 1708
f 1472 1474 1706
f 1472 1706 1708
f 1474 1468 1706
f 1709 1703 1468
f 1709 1468 1706
f 1706 1709 1710
f 1706 1710 1707
f 1711 1712 1713
f 1476 1478 1711
f 1476 1711 1713
f 1478 1472 1711
f 1472 1708 1711
f 1714 1707 1708
f 1714 1708 1711
f 1711 1714 1712
f 1715 1716 1717
f 1717 1479 1481
f 1717 1481 1715
f 1481 1476 1715
f 1476 1713 1715
f 1718 1712 1713
f 1718 1713 1715
f 1715 1718 1716
f 1719 1683 1453
f 1719 1453 1720
f 1453 1482 1720
f 1482 1479 1720
f 1479 1717 1720
f 1716 1717 1720
f 1716 1720 1721
f 1720 1721 1719
f 1683 1719 1722
f 1683 1687 1722
f 1704 1703 1723
f 1704 1705 1723
f 1703 1723 1724
f 1703 1709 1724
f 1725 1726 1727
f 1725 1727 1728
f 1725 1728 1729
f 1725 1729 1730
f 1725 1730 1731
f 1725 1731 1726
f 1732 1733 1734
f 1732 1734 1735
f 1732 1735 1736
f 1736 1728 1727
f 1736 1727 1732
f 1737 1726 1727
f 1737 1727 1732
f 1732 1737 1733
f 1738 1739 1740
f 1738 1740 1741
f 1738 1741 1742
f 1742 1735 1734
f 1742 1734 1738
f 1743 1733 1734
f 1743 1734 1738
f 1738 1743 1739
f 1744 1745 1746
f 1744 1746 1747
f 1744 1747 1748
f 1748 1741 1740
f 1748 1740 1744
f 1749 1739 1740
f 1749 1740 1744
f 1744 1749 1745
f 1750 1751 1752
f 1750 1752 1753
f 1750 1753 1754
f 1754 1747 1746
f 1754 1746 1750
f 1755 1745 1746
f 1755 1746 1750
f 1750 1755 1751
f 1756 1757 1758
f 1756 1758 1759
f 1756 1759 1760
f 1760 1753 1752
f 1760 1752 1756
f 1761 1751 1752
f 1761 1752 1756
f 1756 1761 1757
f 1762 1763 1764
f 1762 1764 1765
f 1762 1765 1766
f 1766 1759 1758
f 1766 1758 1762
f 1767 1757 1758
f 1767 1758 1762
f 1762 1767 1763
f 1768 1769 1770
f 1768 1770 1771
f 1768 1771 1772
f 1772 1765 1764
f 1772 1764 1768
f 1773 1763 1764
f 1773 1764 1768
f 1768 1773 1769
f 1774 1775 1776
f 1774 1776 1777
f 1774 1777 1778
f 1771 1770 1774
f 1771 1774 1778
f 1769 1770 1774
f 1769 1774 1779
f 1774 1779 1775
f 1776 1777 1780
f 1776 1775 1780
f 1781 1782 1783
f 1781 1783 1784
f 1781 1784 1785
f 1781 1785 1786
f 1781 1786 1787
f 1781 1787 1782
f 1788 1728 1729
f 1788 1729 1789
f 1789 1788 1790
f 1789 1790 1791
f 1791 1784 1783
f 1791 1783 1789
f 1792 1782 1783
f 1792 1783 1789
f 1792 1730 1729
f 1792 1729 1789
f 1793 1735 1736
f 1793 1736 1794
f 1793 1484 1488
f 1793 1488 1794
f 1795 1487 1488
f 1795 1488 1794
f 1795 1790 1788
f 1795 1788 1794
f 1788 1728 1794
f 1728 1736 1794
f 1796 1741 1742
f 1796 1742 1797
f 1796 1490 1492
f 1796 1492 1797
f 1492 1484 1797
f 1484 1793 1797
f 1793 1735 1797
f 1735 1742 1797
f 1798 1747 1748
f 1798 1748 1799
f 1798 1494 1496
f 1798 1496 1799
f 1496 1490 1799
f 1490 1796 1799
f 1796 1741 1799
f 1741 1748 1799
f 1800 1753 1754
f 1800 1754 1801
f 1800 1498 1500
f 1800 1500 1801
f 1500 1494 1801
f 1494 1798 1801
f 1798 1747 1801
f 1747 1754 1801
f 1759 1760 1802
f 1759 1802 1803
f 1502 1504 1802
f 1502 1802 1803
f 1504 1498 1802
f 1498 1800 1802
f 1800 1753 1802
f 1753 1760 1802
f 1765 1766 1804
f 1765 1804 1805
f 1506 1508 1804
f 1506 1804 1805
f 1508 1502 1804
f 1502 1803 1804
f 1803 1759 1804
f 1759 1766 1804
f 1806 1771 1772
f 1806 1772 1807
f 1806 1510 1512
f 1806 1512 1807
f 1512 1506 1807
f 1506 1805 1807
f 1805 1765 1807
f 1765 1772 1807
f 1808 1777 1778
f 1808 1778 1809
f 1809 1808 1810
f 1810 1514 1510
f 1810 1510 1809
f 1510 1806 1809
f 1806 1771 1809
f 1771 1778 1809
f 1811 1812 1813
f 1811 1813 1814
f 1811 1814 1815
f 1815 1810 1808
f 1815 1808 1811
f 1808 1777 1811
f 1812 1780 1777
f 1812 1777 1811
f 1813 1814 1816
f 1813 1812 1816
f 1817 1818 1819
f 1817 1819 1820
f 1817 1820 1821
f 1817 1821 1822
f 1817 1822 1823
f 1817 1823 1818
f 1824 1784 1785
f 1824 1785 1825
f 1824 1516 1521
f 1824 1521 1825
f 1826 1520 1521
f 1826 1521 1825
f 1826 1820 1819
f 1826 1819 1825
f 1827 1818 1819
f 1827 1819 1825
f 1827 1786 1785
f 1827 1785 1825
f 1828 1790 1791
f 1828 1791 1829
f 1828 1523 1526
f 1828 1526 1829
f 1526 1516 1829
f 1516 1824 1829
f 1824 1784 1829
f 1784 1791 1829
f 1795 1487 1830
f 1487 1528 1830
f 1528 1523 1830
f 1523 1828 1830
f 1828 1790 1830
f 1790 1795 1830
f 1514 1810 1831
f 1514 1530 1831
f 1814 1815 1832
f 1814 1832 1833
f 1532 1535 1832
f 1532 1832 1833
f 1535 1530 1832
f 1530 1831 1832
f 1831 1810 1832
f 1810 1815 1832
f 1834 1835 1836
f 1834 1836 1837
f 1837 1536 1532
f 1837 1532 1834
f 1532 1833 1834
f 1833 1814 1834
f 1835 1816 1814
f 1835 1814 1834
f 1836 1837 1838
f 1836 1835 1838
f 1839 1840 1841
f 1839 1841 1842
f 1839 1842 1843
f 1839 1843 1844
f 1839 1844 1845
f 1839 1845 1840
f 1846 1820 1821
f 1846 1821 1847
f 1846 1538 1542
f 1846 1542 1847
f 1848 1541 1542
f 1848 1542 1847
f 1848 1842 1841
f 1848 1841 1847
f 1849 1840 1841
f 1849 1841 1847
f 1849 1822 1821
f 1849 1821 1847
f 1826 1520 1850
f 1520 1545 1850
f 1545 1538 1850
f 1538 1846 1850
f 1846 1820 1850
f 1820 1826 1850
f 1536 1837 1851
f 1536 1549 1851
f 1852 1853 1854
f 1852 1854 1855
f 1855 1552 1549
f 1855 1549 1852
f 1549 1851 1852
f 1851 1837 1852
f 1853 1838 1837
f 1853 1837 1852
f 1854 1855 1856
f 1854 1853 1856
f 1857 1858 1859
f 1857 1859 1860
f 1857 1860 1861
f 1857 1861 1862
f 1857 1862 1863
f 1857 1863 1858
f 1864 1842 1843
f 1864 1843 1865
f 1864 1554 1559
f 1864 1559 1865
f 1866 1558 1559
f 1866 1559 1865
f 1866 1860 1859
f 1866 1859 1865
f 1867 1858 1859
f 1867 1859 1865
f 1867 1844 1843
f 1867 1843 1865
f 1848 1541 1868
f 1541 1562 1868
f 1562 1554 1868
f 1554 1864 1868
f 1864 1842 1868
f 1842 1848 1868
f 1552 1855 1869
f 1552 1563 1869
f 1870 1871 1872
f 1870 1872 1873
f 1873 1566 1563
f 1873 1563 1870
f 1563 1869 1870
f 1869 1855 1870
f 1871 1856 1855
f 1871 1855 1870
f 1872 1873 1874
f 1872 1871 1874
f 1875 1860 1861
f 1875 1861 1876
f 1876 1875 1877
f 1876 1877 1878
f 1876 1878 1879
f 1876 1879 1880
f 1880 1862 1861
f 1880 1861 1876
f 1866 1558 1881
f 1558 1571 1881
f 1882 1570 1571
f 1882 1571 1881
f 1882 1877 1875
f 1882 1875 1881
f 1875 1860 1881
f 1860 1866 1881
f 1566 1873 1883
f 1883 1566 1576
f 1883 1576 1884
f 1576 1575 1884
f 1883 1884 1885
f 1886 1885 1883
f 1886 1883 1873
f 1873 1874 1886
f 1887 1888 1889
f 1887 1889 1890
f 1887 1890 1891
f 1887 1891 1892
f 1887 1892 1893
f 1887 1893 1888
f 1894 1877 1878
f 1894 1878 1895
f 1894 1578 1583
f 1894 1583 1895
f 1896 1582 1583
f 1896 1583 1895
f 1896 1890 1889
f 1896 1889 1895
f 1897 1888 1889
f 1897 1889 1895
f 1897 1879 1878
f 1897 1878 1895
f 1882 1570 1898
f 1570 1586 1898
f 1586 1578 1898
f 1578 1894 1898
f 1894 1877 1898
f 1877 1882 1898
f 1575 1884 1899
f 1575 1588 1899
f 1900 1901 1902
f 1900 1902 1903
f 1903 1590 1588
f 1903 1588 1900
f 1588 1899 1900
f 1899 1884 1900
f 1885 1884 1900
f 1885 1900 1901
f 1902 1903 1904
f 1902 1901 1904
f 1905 1890 1891
f 1905 1891 1906
f 1906 1905 1907
f 1906 1907 1908
f 1906 1908 1909
f 1906 1909 1910
f 1910 1892 1891
f 1910 1891 1906
f 1896 1582 1911
f 1582 1596 1911
f 1912 1595 1596
f 1912 1596 1911
f 1912 1907 1905
f 1912 1905 1911
f 1905 1890 1911
f 1890 1896 1911
f 1590 1903 1913
f 1913 1590 1602
f 1913 1602 1914
f 1602 1601 1914
f 1913 1914 1915
f 1915 1913 1903
f 1915 1903 1916
f 1903 1904 1916
f 1917 1907 1908
f 1917 1908 1918
f 1918 1917 1919
f 1918 1919 1920
f 1918 1920 1921
f 1918 1921 1922
f 1922 1909 1908
f 1922 1908 1918
f 1912 1595 1923
f 1595 1607 1923
f 1924 1606 1607
f 1924 1607 1923
f 1924 1919 1917
f 1924 1917 1923
f 1917 1907 1923
f 1907 1912 1923
f 1601 1914 1925
f 1925 1601 1612
f 1925 1612 1926
f 1612 1611 1926
f 1925 1926 1927
f 1927 1925 1914
f 1927 1914 1928
f 1914 1915 1928
f 1929 1919 1920
f 1929 1920 1930
f 1930 1929 1931
f 1930 1931 1932
f 1930 1932 1933
f 1930 1933 1934
f 1934 1921 1920
f 1934 1920 1930
f 1924 1606 1935
f 1606 1617 1935
f 1936 1616 1617
f 1936 1617 1935
f 1936 1931 1929
f 1936 1929 1935
f 1929 1919 1935
f 1919 1924 1935
f 1611 1926 1937
f 1937 1611 1622
f 1937 1622 1938
f 1622 1621 1938
f 1937 1938 1939
f 1940 1939 1937
f 1940 1937 1926
f 1926 1927 1940
f 1931 1932 1941
f 1931 1941 1942
f 1941 1942 1943
f 1941 1943 1944
f 1941 1944 1945
f 1941 1945 1946
f 1933 1932 1941
f 1933 1941 1946
f 1936 1616 1947
f 1616 1628 1947
f 1948 1627 1628
f 1948 1628 1947
f 1948 1943 1942
f 1948 1942 1947
f 1942 1931 1947
f 1931 1936 1947
f 1621 1938 1949
f 1950 1949 1621
f 1950 1621 1634
f 1634 1633 1950
f 1949 1950 1951
f 1952 1951 1949
f 1952 1949 1938
f 1938 1939 1952
f 1944 1943 1953
f 1944 1945 1953
f 1948 1627 1954
f 1955 1635 1627
f 1955 1627 1954
f 1954 1955 1956
f 1954 1956 1957
f 1957 1953 1943
f 1957 1943 1954
f 1943 1948 1954
f 1635 1638 1958
f 1635 1955 1958
f 1643 1639 1959
f 1643 1642 1959
f 1950 1633 1960
f 1950 1960 1961
f 1633 1644 1960
f 1644 1639 1960
f 1959 1639 1960
f 1959 1960 1962
f 1960 1962 1963
f 1960 1963 1961
f 1950 1961 1964
f 1950 1951 1964
f 1965 1955 1956
f 1965 1956 1966
f 1966 1965 1967
f 1966 1967 1968
f 1966 1968 1969
f 1966 1969 1970
f 1970 1957 1956
f 1970 1956 1966
f 1958 1638 1971
f 1638 1649 1971
f 1972 1648 1649
f 1972 1649 1971
f 1967 1965 1971
f 1967 1971 1972
f 1965 1955 1971
f 1955 1958 1971
f 1642 1959 1973
f 1974 1973 1642
f 1974 1642 1654
f 1654 1653 1974
f 1973 1974 1975
f 1976 1975 1973
f 1976 1973 1959
f 1959 1962 1976
f 1967 1968 1977
f 1967 1977 1978
f 1977 1978 1979
f 1977 1979 1980
f 1977 1980 1981
f 1977 1981 1982
f 1969 1968 1977
f 1969 1977 1982
f 1972 1648 1983
f 1984 1655 1648
f 1984 1648 1983
f 1983 1984 1985
f 1985 1979 1978
f 1985 1978 1983
f 1978 1967 1983
f 1967 1972 1983
f 1655 1658 1986
f 1655 1984 1986
f 1663 1659 1987
f 1663 1662 1987
f 1653 1974 1988
f 1989 1988 1653
f 1989 1653 1664
f 1990 1989 1664
f 1990 1664 1659
f 1659 1987 1990
f 1988 1989 1991
f 1992 1991 1988
f 1992 1988 1974
f 1974 1975 1992
f 1980 1979 1993
f 1980 1981 1993
f 1984 1985 1994
f 1984 1994 1995
f 1994 1995 1996
f 1994 1996 1997
f 1994 1997 1998
f 1998 1993 1979
f 1998 1979 1994
f 1979 1985 1994
f 1986 1658 1999
f 2000 1665 1658
f 2000 1658 1999
f 1999 2000 2001
f 2001 1996 1995
f 2001 1995 1999
f 1995 1984 1999
f 1984 1986 1999
f 1665 1668 2002
f 1665 2000 2002
f 1674 1670 2003
f 1674 1673 2003
f 1662 1987 2004
f 2005 2004 1662
f 2005 1662 1676
f 2006 2005 1676
f 2006 1676 1670
f 1670 2003 2006
f 1990 1989 2007
f 2004 2005 2008
f 2009 2008 2004
f 2009 2004 1987
f 2009 1987 1990
f 2009 1990 2007
f 1989 2007 2010
f 1989 1991 2010
f 1997 1996 2011
f 1997 1998 2011
f 2000 2001 2012
f 2000 2012 2013
f 2012 2013 2014
f 2012 2014 2015
f 2012 2015 2016
f 2016 2011 1996
f 2016 1996 2012
f 1996 2001 2012
f 2002 1668 2017
f 2018 1677 1668
f 2018 1668 2017
f 2017 2018 2019
f 2019 2014 2013
f 2019 2013 2017
f 2013 2000 2017
f 2000 2002 2017
f 1677 1681 2020
f 1677 2018 2020
f 1688 1685 2021
f 1688 1687 2021
f 1673 2003 2022
f 2023 2022 1673
f 2023 1673 1690
f 2024 2023 1690
f 2024 1690 1685
f 1685 2021 2024
f 2006 2005 2025
f 2022 2023 2026
f 2027 2026 2022
f 2027 2022 2003
f 2027 2003 2006
f 2027 2006 2025
f 2005 2025 2028
f 2005 2008 2028
f 2015 2014 2029
f 2015 2016 2029
f 2019 2018 2030
f 2014 2029 2031
f 2030 2031 2014
f 2030 2014 2019
f 2020 1681 2032
f 2033 1691 1681
f 2033 1681 2032
f 2032 2033 2034
f 2032 2034 2035
f 2035 2030 2018
f 2035 2018 2032
f 2018 2020 2032
f 1694 1692 2036
f 2036 1694 1691
f 2036 1691 2037
f 1691 2033 2037
f 1698 1696 2038
f 2039 2038 1698
f 2039 1698 1692
f 1692 2036 2039
f 1702 1700 2040
f 2041 2040 1702
f 2041 1702 1696
f 1696 2038 2041
f 1700 1705 2042
f 1700 2040 2042
f 1710 1707 2043
f 1710 1709 2043
f 1714 1712 2044
f 2044 1714 1707
f 2044 1707 2045
f 1707 2043 2045
f 1718 1716 2046
f 2046 1718 1712
f 2046 1712 2047
f 1712 2044 2047
f 1721 1719 2048
f 2048 1721 1716
f 2048 1716 2049
f 1716 2046 2049
f 2021 1687 2050
f 2021 2050 2051
f 1687 1722 2050
f 1722 1719 2050
f 2048 1719 2050
f 2048 2050 2052
f 2050 2052 2053
f 2050 2053 2051
f 2024 2023 2054
f 2021 2051 2055
f 2055 2021 2024
f 2055 2024 2054
f 2023 2054 2056
f 2023 2026 2056
f 2034 2033 2057
f 2034 2035 2057
f 2037 2036 2058
f 2033 2057 2059
f 2058 2059 2033
f 2058 2033 2037
f 2038 2039 2060
f 2038 2060 2061
f 2060 2061 2062
f 2060 2062 2063
f 2060 2063 2064
f 2064 2058 2036
f 2064 2036 2060
f 2036 2039 2060
f 2065 2040 2041
f 2065 2041 2066
f 2066 2065 2067
f 2066 2067 2068
f 2062 2061 2066
f 2062 2066 2068
f 2061 2038 2066
f 2038 2041 2066
f 2042 1705 2069
f 2070 1723 1705
f 2070 1705 2069
f 2069 2070 2071
f 2067 2065 2069
f 2067 2069 2071
f 2065 2040 2069
f 2040 2042 2069
f 1709 2043 2072
f 2073 2072 1709
f 2073 1709 1724
f 2073 1724 1723
f 2073 1723 2074
f 1723 2070 2074
f 2044 2045 2075
f 2044 2075 2076
f 2075 2076 2077
f 2075 2077 2078
f 2073 2072 2075
f 2073 2075 2078
f 2072 2043 2075
f 2043 2045 2075
f 2047 2046 2079
f 2076 2077 2080
f 2081 2080 2076
f 2081 2076 2044
f 2079 2081 2044
f 2079 2044 2047
f 2049 2048 2082
f 2046 2079 2083
f 2083 2046 2049
f 2083 2049 2082
f 2048 2082 2084
f 2048 2052 2084
f 2063 2062 2085
f 2063 2064 2085
f 2068 2067 2086
f 2062 2085 2087
f 2086 2087 2062
f 2086 2062 2068
f 2071 2070 2088
f 2067 2086 2089
f 2088 2089 2067
f 2088 2067 2071
f 2074 2073 2090
f 2070 2088 2091
f 2090 2091 2070
f 2090 2070 2074
f 2078 2077 2092
f 2073 2090 2093
f 2093 2073 2078
f 2093 2078 2092
f 2077 2092 2094
f 2077 2080 2094
f 1731 1726 2095
f 1731 1730 2095
f 2096 2097 2098
f 1733 1737 2096
f 1733 2096 2098
f 1737 1726 2096
f 2099 2095 1726
f 2099 1726 2096
f 2096 2099 2100
f 2096 2100 2097
f 2101 2102 2103
f 2103 1739 1743
f 2103 1743 2101
f 1743 1733 2101
f 1733 2098 2101
f 2104 2097 2098
f 2104 2098 2101
f 2101 2104 2102
f 2105 2106 2107
f 2107 1745 1749
f 2107 1749 2105
f 1749 1739 2105
f 1739 2103 2105
f 2102 2103 2105
f 2102 2105 2108
f 2105 2108 2106
f 2109 2110 2111
f 2111 1751 1755
f 2111 1755 2109
f 1755 1745 2109
f 1745 2107 2109
f 2106 2107 2109
f 2106 2109 2112
f 2109 2112 2110
f 2113 2114 2115
f 1757 1761 2113
f 1757 2113 2115
f 1761 1751 2113
f 1751 2111 2113
f 2110 2111 2113
f 2110 2113 2116
f 2113 2116 2114
f 2117 2118 2119
f 1763 1767 2117
f 1763 2117 2119
f 1767 1757 2117
f 1757 2115 2117
f 2114 2115 2117
f 2114 2117 2120
f 2117 2120 2118
f 2121 2122 2123
f 1769 1773 2121
f 1769 2121 2123
f 1773 1763 2121
f 1763 2119 2121
f 2118 2119 2121
f 2118 2121 2124
f 2121 2124 2122
f 1779 1775 2125
f 2126 2125 1779
f 2126 1779 1769
f 2127 2126 1769
f 2127 1769 2123
f 2123 2122 2127
f 1775 1780 2128
f 1775 2125 2128
f 2129 2130 2131
f 1782 1787 2129
f 1782 2129 2131
f 2132 1786 1787
f 2132 1787 2129
f 2129 2132 2133
f 2129 2133 2134
f 2129 2134 2130
f 2135 2095 1730
f 2135 1730 2136
f 1730 1792 2136
f 1792 1782 2136
f 1782 2131 2136
f 2137 2130 2131
f 2137 2131 2136
f 2136 2137 2135
f 2095 2135 2138
f 2095 2099 2138
f 2126 2125 2139
f 2126 2127 2139
f 2140 2128 1780
f 2140 1780 2141
f 1780 1812 2141
f 2125 2139 2142
f 2142 2125 2128
f 2142 2128 2140
f 1812 1816 2143
f 2143 1812 2141
f 2143 2141 2144
f 2141 2140 2144
f 2145 2146 2147
f 2147 1818 1823
f 2147 1823 2145
f 2148 1822 1823
f 2148 1823 2145
f 2145 2148 2149
f 2145 2149 2150
f 2145 2150 2146
f 2132 1786 2151
f 1786 1827 2151
f 1827 1818 2151
f 1818 2147 2151
f 2146 2147 2151
f 2146 2151 2152
f 2133 2132 2151
f 2133 2151 2152
f 2153 2143 1816
f 2153 1816 2154
f 1816 1835 2154
f 2143 2144 2153
f 1835 1838 2155
f 2155 1835 2154
f 2155 2154 2156
f 2154 2153 2156
f 2157 2158 2159
f 2159 1840 1845
f 2159 1845 2157
f 2160 1844 1845
f 2160 1845 2157
f 2157 2160 2161
f 2157 2161 2162
f 2157 2162 2158
f 2148 1822 2163
f 1822 1849 2163
f 1849 1840 2163
f 1840 2159 2163
f 2158 2159 2163
f 2158 2163 2164
f 2149 2148 2163
f 2149 2163 2164
f 2165 2155 1838
f 2165 1838 2166
f 1838 1853 2166
f 2155 2156 2165
f 1853 1856 2167
f 2167 1853 2166
f 2167 2166 2168
f 2166 2165 2168
f 2169 2170 2171
f 1858 1863 2169
f 1858 2169 2171
f 1862 1863 2169
f 1862 2169 2172
f 2169 2172 2173
f 2169 2173 2174
f 2169 2174 2170
f 2160 1844 2175
f 1844 1867 2175
f 1867 1858 2175
f 1858 2171 2175
f 2176 2170 2171
f 2176 2171 2175
f 2161 2160 2175
f 2161 2175 2176
f 2177 2178 2167
f 2177 2167 1856
f 1856 1871 2177
f 2167 2168 2178
f 1871 1874 2179
f 2179 1871 2177
f 2179 2177 2180
f 2177 2178 2180
f 2172 1862 2181
f 1862 1880 2181
f 2182 1879 1880
f 2182 1880 2181
f 2181 2182 2183
f 2181 2183 2184
f 2184 2173 2172
f 2184 2172 2181
f 2179 1874 2185
f 1874 1886 2185
f 2186 1885 1886
f 2186 1886 2185
f 2185 2186 2187
f 2185 2187 2188
f 2188 2180 2179
f 2188 2179 2185
f 1893 1888 2189
f 1893 1892 2189
f 2182 1879 2190
f 1879 1897 2190
f 1897 1888 2190
f 2191 2189 1888
f 2191 1888 2190
f 2190 2191 2192
f 2183 2182 2190
f 2183 2190 2192
f 2186 1885 2193
f 1901 1885 2193
f 1901 2193 2194
f 2193 2194 2195
f 2193 2195 2196
f 2193 2196 2197
f 2187 2186 2193
f 2187 2193 2197
f 1901 1904 2198
f 1901 2194 2198
f 2199 2189 1892
f 2199 1892 2200
f 1892 1910 2200
f 1909 1910 2200
f 1909 2200 2201
f 2200 2201 2202
f 2200 2202 2203
f 2200 2203 2199
f 2189 2199 2204
f 2189 2191 2204
f 2195 2194 2205
f 2195 2196 2205
f 2198 1904 2206
f 1904 1916 2206
f 1915 1916 2206
f 1915 2206 2207
f 2206 2207 2208
f 2208 2205 2194
f 2208 2194 2206
f 2194 2198 2206
f 2201 1909 2209
f 1909 1922 2209
f 1921 1922 2209
f 1921 2209 2210
f 2209 2210 2211
f 2209 2211 2212
f 2212 2202 2201
f 2212 2201 2209
f 2207 1915 2213
f 1915 1928 2213
f 1927 1928 2213
f 1927 2213 2214
f 2213 2214 2215
f 2213 2215 2216
f 2216 2208 2207
f 2216 2207 2213
f 2210 1921 2217
f 1921 1934 2217
f 1933 1934 2217
f 1933 2217 2218
f 2217 2218 2219
f 2217 2219 2220
f 2211 2210 2217
f 2211 2217 2220
f 2214 1927 2221
f 1927 1940 2221
f 2222 1939 1940
f 2222 1940 2221
f 2221 2222 2223
f 2221 2223 2224
f 2224 2215 2214
f 2224 2214 2221
f 2225 2226 2218
f 2225 2218 1933
f 2227 2225 1933
f 2227 1933 1946
f 1946 1945 2227
f 2218 2219 2226
f 2225 2227 2228
f 2225 2226 2228
f 2229 2230 2231
f 2229 2231 2232
f 2229 2232 2233
f 2229 2233 2234
f 2229 2234 2235
f 2229 2235 2230
f 2222 1939 2236
f 1939 1952 2236
f 2237 1951 1952
f 2237 1952 2236
f 2237 2232 2231
f 2237 2231 2236
f 2238 2230 2231
f 2238 2231 2236
f 2238 2223 2222
f 2238 2222 2236
f 1945 2227 2239
f 1945 1953 2239
f 1953 1957 2240
f 2241 2240 1953
f 2241 1953 2239
f 2241 2239 2227
f 2241 2227 2242
f 2227 2228 2242
f 2243 2232 2233
f 2243 2233 2244
f 2243 1961 1963
f 2243 1963 2244
f 2245 1962 1963
f 2245 1963 2244
f 2244 2245 2246
f 2244 2246 2247
f 2247 2234 2233
f 2247 2233 2244
f 2237 1951 2248
f 1951 1964 2248
f 1964 1961 2248
f 1961 2243 2248
f 2243 2232 2248
f 2232 2237 2248
f 2240 1957 2249
f 1957 1970 2249
f 1969 1970 2249
f 1969 2249 2250
f 2249 2250 2251
f 2249 2251 2252
f 2241 2240 2249
f 2241 2249 2252
f 2245 1962 2253
f 1962 1976 2253
f 2254 1975 1976
f 2254 1976 2253
f 2253 2254 2255
f 2253 2255 2256
f 2256 2246 2245
f 2256 2245 2253
f 2257 2258 2250
f 2257 2250 1969
f 2257 1969 1982
f 2257 1982 2259
f 1982 1981 2259
f 2250 2251 2258
f 2257 2259 2260
f 2257 2258 2260
f 2261 2262 2263
f 2261 2263 2264
f 2261 2264 2265
f 2261 2265 2266
f 2261 2266 2267
f 2261 2267 2262
f 2254 1975 2268
f 1975 1992 2268
f 2269 1991 1992
f 2269 1992 2268
f 2269 2264 2263
f 2269 2263 2268
f 2270 2262 2263
f 2270 2263 2268
f 2270 2255 2254
f 2270 2254 2268
f 1981 2259 2271
f 1981 1993 2271
f 2272 2273 2274
f 2272 2274 2275
f 1998 1993 2272
f 1998 2272 2275
f 1993 2271 2272
f 2271 2259 2272
f 2260 2259 2272
f 2260 2272 2273
f 2274 2275 2276
f 2274 2273 2276
f 2277 2278 2279
f 2277 2279 2280
f 2277 2280 2281
f 2277 2281 2282
f 2277 2282 2283
f 2277 2283 2278
f 2284 2264 2265
f 2284 2265 2285
f 2284 2007 2009
f 2284 2009 2285
f 2286 2008 2009
f 2286 2009 2285
f 2286 2280 2279
f 2286 2279 2285
f 2287 2278 2279
f 2287 2279 2285
f 2287 2266 2265
f 2287 2265 2285
f 2269 1991 2288
f 1991 2010 2288
f 2010 2007 2288
f 2007 2284 2288
f 2284 2264 2288
f 2264 2269 2288
f 1998 2275 2289
f 1998 2011 2289
f 2290 2291 2292
f 2290 2292 2293
f 2016 2011 2290
f 2016 2290 2293
f 2011 2289 2290
f 2289 2275 2290
f 2291 2276 2275
f 2291 2275 2290
f 2292 2293 2294
f 2292 2291 2294
f 2295 2296 2297
f 2295 2297 2298
f 2295 2298 2299
f 2295 2299 2300
f 2295 2300 2301
f 2295 2301 2296
f 2302 2280 2281
f 2302 2281 2303
f 2302 2025 2027
f 2302 2027 2303
f 2304 2026 2027
f 2304 2027 2303
f 2304 2298 2297
f 2304 2297 2303
f 2305 2296 2297
f 2305 2297 2303
f 2305 2282 2281
f 2305 2281 2303
f 2286 2008 2306
f 2008 2028 2306
f 2028 2025 2306
f 2025 2302 2306
f 2302 2280 2306
f 2280 2286 2306
f 2016 2293 2307
f 2016 2029 2307
f 2308 2309 2310
f 2310 2030 2031
f 2310 2031 2308
f 2031 2029 2308
f 2029 2307 2308
f 2307 2293 2308
f 2309 2294 2293
f 2309 2293 2308
f 2030 2035 2311
f 2312 2311 2030
f 2312 2030 2310
f 2310 2309 2312
f 2313 2314 2315
f 2315 2051 2053
f 2315 2053 2313
f 2316 2052 2053
f 2316 2053 2313
f 2313 2316 2317
f 2313 2317 2318
f 2313 2318 2314
f 2319 2298 2299
f 2319 2299 2320
f 2319 2054 2055
f 2319 2055 2320
f 2055 2051 2320
f 2051 2315 2320
f 2321 2314 2315
f 2321 2315 2320
f 2321 2300 2299
f 2321 2299 2320
f 2304 2026 2322
f 2026 2056 2322
f 2056 2054 2322
f 2054 2319 2322
f 2319 2298 2322
f 2298 2304 2322
f 2323 2311 2035
f 2323 2035 2324
f 2035 2057 2324
f 2311 2312 2323
f 2325 2326 2327
f 2327 2058 2059
f 2327 2059 2325
f 2059 2057 2325
f 2057 2324 2325
f 2328 2323 2324
f 2328 2324 2325
f 2325 2328 2326
f 2329 2330 2331
f 2329 2331 2332
f 2332 2064 2058
f 2332 2058 2329
f 2058 2327 2329
f 2326 2327 2329
f 2326 2329 2333
f 2329 2333 2330
f 2331 2332 2334
f 2331 2330 2334
f 2335 2336 2337
f 2335 2337 2338
f 2335 2338 2339
f 2335 2339 2340
f 2335 2340 2341
f 2335 2341 2336
f 2342 2343 2344
f 2344 2079 2081
f 2344 2081 2342
f 2345 2080 2081
f 2345 2081 2342
f 2345 2338 2337
f 2345 2337 2342
f 2346 2336 2337
f 2346 2337 2342
f 2342 2346 2343
f 2347 2348 2349
f 2349 2082 2083
f 2349 2083 2347
f 2083 2079 2347
f 2079 2344 2347
f 2350 2343 2344
f 2350 2344 2347
f 2347 2350 2348
f 2316 2052 2351
f 2052 2084 2351
f 2084 2082 2351
f 2082 2349 2351
f 2352 2348 2349
f 2352 2349 2351
f 2352 2317 2316
f 2352 2316 2351
f 2064 2332 2353
f 2064 2085 2353
f 2354 2355 2356
f 2086 2087 2354
f 2086 2354 2356
f 2087 2085 2354
f 2085 2353 2354
f 2353 2332 2354
f 2355 2334 2332
f 2355 2332 2354
f 2357 2358 2359
f 2359 2088 2089
f 2359 2089 2357
f 2089 2086 2357
f 2086 2356 2357
f 2360 2355 2356
f 2360 2356 2357
f 2357 2360 2358
f 2361 2362 2363
f 2363 2090 2091
f 2363 2091 2361
f 2091 2088 2361
f 2088 2359 2361
f 2364 2358 2359
f 2364 2359 2361
f 2361 2364 2362
f 2365 2338 2339
f 2365 2339 2366
f 2365 2092 2093
f 2365 2093 2366
f 2093 2090 2366
f 2090 2363 2366
f 2367 2362 2363
f 2367 2363 2366
f 2367 2340 2339
f 2367 2339 2366
f 2345 2080 2368
f 2080 2094 2368
f 2094 2092 2368
f 2092 2365 2368
f 2365 2338 2368
f 2338 2345 2368
f 2369 2370 2371
f 2097 2100 2369
f 2097 2369 2371
f 2372 2099 2100
f 2372 2100 2369
f 2369 2372 2373
f 2369 2373 2374
f 2369 2374 2370
f 2375 2376 2377
f 2377 2102 2104
f 2377 2104 2375
f 2104 2097 2375
f 2097 2371 2375
f 2378 2370 2371
f 2378 2371 2375
f 2375 2378 2376
f 2379 2380 2381
f 2381 2106 2108
f 2381 2108 2379
f 2108 2102 2379
f 2102 2377 2379
f 2382 2376 2377
f 2382 2377 2379
f 2379 2382 2380
f 2383 2384 2385
f 2385 2110 2112
f 2385 2112 2383
f 2112 2106 2383
f 2106 2381 2383
f 2380 2381 2383
f 2380 2383 2386
f 2383 2386 2384
f 2387 2388 2389
f 2114 2116 2387
f 2114 2387 2389
f 2116 2110 2387
f 2110 2385 2387
f 2384 2385 2387
f 2384 2387 2390
f 2387 2390 2388
f 2391 2392 2393
f 2118 2120 2391
f 2118 2391 2393
f 2120 2114 2391
f 2114 2389 2391
f 2388 2389 2391
f 2388 2391 2394
f 2391 2394 2392
f 2395 2396 2397
f 2122 2124 2395
f 2122 2395 2397
f 2124 2118 2395
f 2118 2393 2395
f 2392 2393 2395
f 2392 2395 2398
f 2395 2398 2396
f 2122 2127 2399
f 2400 2399 2122
f 2400 2122 2397
f 2397 2396 2400
f 2401 2402 2403
f 2130 2134 2401
f 2130 2401 2403
f 2404 2133 2134
f 2404 2134 2401
f 2401 2404 2405
f 2401 2405 2406
f 2401 2406 2402
f 2407 2408 2409
f 2409 2135 2137
f 2409 2137 2407
f 2137 2130 2407
f 2130 2403 2407
f 2410 2402 2403
f 2410 2403 2407
f 2407 2410 2408
f 2372 2099 2411
f 2099 2138 2411
f 2138 2135 2411
f 2135 2409 2411
f 2408 2409 2411
f 2408 2411 2412
f 2412 2373 2372
f 2412 2372 2411
f 2413 2399 2127
f 2413 2127 2414
f 2127 2139 2414
f 2399 2400 2413
f 2415 2416 2417
f 2140 2142 2415
f 2140 2415 2417
f 2142 2139 2415
f 2139 2414 2415
f 2413 2414 2415
f 2413 2415 2418
f 2415 2418 2416
f 2140 2144 2419
f 2420 2419 2140
f 2420 2140 2417
f 2417 2416 2420
f 2421 2422 2423
f 2423 2146 2150
f 2423 2150 2421
f 2424 2149 2150
f 2424 2150 2421
f 2421 2424 2425
f 2421 2425 2426
f 2421 2426 2422
f 2404 2133 2427
f 2133 2152 2427
f 2152 2146 2427
f 2146 2423 2427
f 2428 2422 2423
f 2428 2423 2427
f 2428 2405 2404
f 2428 2404 2427
f 2429 2419 2144
f 2429 2144 2430
f 2144 2153 2430
f 2419 2420 2429
f 2153 2156 2431
f 2432 2431 2153
f 2432 2153 2430
f 2430 2429 2432
f 2433 2434 2435
f 2435 2158 2162
f 2435 2162 2433
f 2436 2161 2162
f 2436 2162 2433
f 2433 2436 2437
f 2433 2437 2438
f 2433 2438 2434
f 2424 2149 2439
f 2149 2164 2439
f 2164 2158 2439
f 2158 2435 2439
f 2440 2434 2435
f 2440 2435 2439
f 2440 2425 2424
f 2440 2424 2439
f 2441 2442 2431
f 2441 2431 2156
f 2156 2165 2441
f 2431 2432 2442
f 2165 2168 2443
f 2443 2165 2441
f 2443 2441 2444
f 2441 2442 2444
f 2445 2446 2447
f 2170 2174 2445
f 2170 2445 2447
f 2173 2174 2445
f 2173 2445 2448
f 2445 2448 2449
f 2445 2449 2450
f 2445 2450 2446
f 2436 2161 2451
f 2161 2176 2451
f 2176 2170 2451
f 2170 2447 2451
f 2452 2446 2447
f 2452 2447 2451
f 2452 2437 2436
f 2452 2436 2451
f 2453 2454 2443
f 2453 2443 2168
f 2168 2178 2453
f 2443 2444 2454
f 2178 2180 2455
f 2455 2178 2453
f 2455 2453 2456
f 2453 2454 2456
f 2448 2173 2457
f 2173 2184 2457
f 2458 2183 2184
f 2458 2184 2457
f 2457 2458 2459
f 2457 2459 2460
f 2460 2449 2448
f 2460 2448 2457
f 2455 2180 2461
f 2180 2188 2461
f 2187 2188 2461
f 2187 2461 2462
f 2461 2462 2463
f 2461 2463 2464
f 2464 2456 2455
f 2464 2455 2461
f 2458 2183 2465
f 2183 2192 2465
f 2466 2191 2192
f 2466 2192 2465
f 2465 2466 2467
f 2465 2467 2468
f 2468 2459 2458
f 2468 2458 2465
f 2462 2187 2469
f 2187 2197 2469
f 2470 2196 2197
f 2470 2197 2469
f 2469 2470 2471
f 2469 2471 2472
f 2463 2462 2469
f 2463 2469 2472
f 2473 2474 2475
f 2475 2199 2203
f 2475 2203 2473
f 2202 2203 2473
f 2202 2473 2476
f 2473 2476 2477
f 2473 2477 2478
f 2473 2478 2474
f 2466 2191 2479
f 2191 2204 2479
f 2204 2199 2479
f 2199 2475 2479
f 2480 2474 2475
f 2480 2475 2479
f 2467 2466 2479
f 2467 2479 2480
f 2481 2482 2470
f 2481 2470 2196
f 2196 2205 2481
f 2470 2471 2482
f 2205 2208 2483
f 2483 2205 2481
f 2483 2481 2484
f 2481 2482 2484
f 2476 2202 2485
f 2202 2212 2485
f 2211 2212 2485
f 2211 2485 2486
f 2485 2486 2487
f 2485 2487 2488
f 2488 2477 2476
f 2488 2476 2485
f 2483 2208 2489
f 2208 2216 2489
f 2215 2216 2489
f 2215 2489 2490
f 2489 2490 2491
f 2489 2491 2492
f 2492 2484 2483
f 2492 2483 2489
f 2486 2211 2493
f 2211 2220 2493
f 2219 2220 2493
f 2219 2493 2494
f 2493 2494 2495
f 2493 2495 2496
f 2487 2486 2493
f 2487 2493 2496
f 2490 2215 2497
f 2215 2224 2497
f 2498 2223 2224
f 2498 2224 2497
f 2497 2498 2499
f 2497 2499 2500
f 2500 2491 2490
f 2500 2490 2497
f 2501 2502 2494
f 2501 2494 2219
f 2219 2226 2501
f 2494 2495 2502
f 2226 2228 2503
f 2504 2503 2226
f 2504 2226 2501
f 2501 2502 2504
f 2505 2506 2507
f 2507 2230 2235
f 2507 2235 2505
f 2508 2234 2235
f 2508 2235 2505
f 2505 2508 2509
f 2505 2509 2510
f 2505 2510 2506
f 2498 2223 2511
f 2223 2238 2511
f 2238 2230 2511
f 2230 2507 2511
f 2512 2506 2507
f 2512 2507 2511
f 2512 2499 2498
f 2512 2498 2511
f 2503 2228 2513
f 2228 2242 2513
f 2241 2242 2513
f 2241 2513 2514
f 2513 2514 2515
f 2513 2515 2516
f 2504 2503 2513
f 2504 2513 2516
f 2508 2234 2517
f 2234 2247 2517
f 2518 2246 2247
f 2518 2247 2517
f 2517 2518 2519
f 2517 2519 2520
f 2520 2509 2508
f 2520 2508 2517
f 2514 2241 2521
f 2241 2252 2521
f 2251 2252 2521
f 2251 2521 2522
f 2521 2522 2523
f 2521 2523 2524
f 2515 2514 2521
f 2515 2521 2524
f 2518 2246 2525
f 2246 2256 2525
f 2526 2255 2256
f 2526 2256 2525
f 2525 2526 2527
f 2525 2527 2528
f 2528 2519 2518
f 2528 2518 2525
f 2529 2530 2522
f 2529 2522 2251
f 2251 2258 2529
f 2522 2523 2530
f 2258 2260 2531
f 2531 2258 2529
f 2531 2529 2532
f 2529 2530 2532
f 2533 2534 2535
f 2535 2262 2267
f 2535 2267 2533
f 2536 2266 2267
f 2536 2267 2533
f 2533 2536 2537
f 2533 2537 2538
f 2533 2538 2534
f 2526 2255 2539
f 2255 2270 2539
f 2270 2262 2539
f 2262 2535 2539
f 2540 2534 2535
f 2540 2535 2539
f 2540 2527 2526
f 2540 2526 2539
f 2541 2542 2531
f 2541 2531 2260
f 2260 2273 2541
f 2531 2532 2542
f 2273 2276 2543
f 2544 2543 2273
f 2544 2273 2541
f 2541 2542 2544
f 2545 2546 2547
f 2547 2278 2283
f 2547 2283 2545
f 2548 2282 2283
f 2548 2283 2545
f 2545 2548 2549
f 2545 2549 2550
f 2545 2550 2546
f 2536 2266 2551
f 2266 2287 2551
f 2287 2278 2551
f 2278 2547 2551
f 2552 2546 2547
f 2552 2547 2551
f 2552 2537 2536
f 2552 2536 2551
f 2553 2543 2276
f 2553 2276 2554
f 2276 2291 2554
f 2543 2544 2553
f 2291 2294 2555
f 2556 2555 2291
f 2556 2291 2554
f 2554 2553 2556
f 2557 2558 2559
f 2559 2296 2301
f 2559 2301 2557
f 2560 2300 2301
f 2560 2301 2557
f 2557 2560 2561
f 2557 2561 2562
f 2557 2562 2558
f 2548 2282 2563
f 2282 2305 2563
f 2305 2296 2563
f 2296 2559 2563
f 2564 2558 2559
f 2564 2559 2563
f 2564 2549 2548
f 2564 2548 2563
f 2565 2555 2294
f 2565 2294 2566
f 2294 2309 2566
f 2555 2556 2565
f 2309 2312 2567
f 2568 2567 2309
f 2568 2309 2566
f 2566 2565 2568
f 2569 2570 2571
f 2571 2314 2318
f 2571 2318 2569
f 2572 2317 2318
f 2572 2318 2569
f 2569 2572 2573
f 2569 2573 2574
f 2569 2574 2570
f 2560 2300 2575
f 2300 2321 2575
f 2321 2314 2575
f 2314 2571 2575
f 2576 2570 2571
f 2576 2571 2575
f 2576 2561 2560
f 2576 2560 2575
f 2577 2578 2567
f 2577 2567 2312
f 2312 2323 2577
f 2567 2568 2578
f 2579 2580 2581
f 2326 2328 2579
f 2326 2579 2581
f 2328 2323 2579
f 2323 2577 2579
f 2582 2578 2577
f 2582 2577 2579
f 2579 2582 2580
f 2583 2584 2585
f 2585 2330 2333
f 2585 2333 2583
f 2333 2326 2583
f 2326 2581 2583
f 2580 2581 2583
f 2580 2583 2586
f 2583 2586 2584
f 2587 2588 2589
f 2587 2589 2590
f 2590 2334 2330
f 2590 2330 2587
f 2330 2585 2587
f 2584 2585 2587
f 2584 2587 2591
f 2587 2591 2588
f 2592 2593 2594
f 2592 2594 2595
f 2592 2595 2596
f 2596 2590 2589
f 2596 2589 2592
f 2588 2589 2592
f 2588 2592 2597
f 2592 2597 2593
f 2598 2599 2600
f 2598 2600 2601
f 2598 2601 2602
f 2602 2595 2594
f 2602 2594 2598
f 2603 2593 2594
f 2603 2594 2598
f 2598 2603 2599
f 2604 2605 2606
f 2606 2336 2341
f 2606 2341 2604
f 2607 2340 2341
f 2607 2341 2604
f 2607 2601 2600
f 2607 2600 2604
f 2608 2599 2600
f 2608 2600 2604
f 2604 2608 2605
f 2609 2610 2611
f 2611 2343 2346
f 2611 2346 2609
f 2346 2336 2609
f 2336 2606 2609
f 2612 2605 2606
f 2612 2606 2609
f 2609 2612 2610
f 2613 2614 2615
f 2615 2348 2350
f 2615 2350 2613
f 2350 2343 2613
f 2343 2611 2613
f 2616 2610 2611
f 2616 2611 2613
f 2613 2616 2614
f 2572 2317 2617
f 2317 2352 2617
f 2352 2348 2617
f 2348 2615 2617
f 2618 2614 2615
f 2618 2615 2617
f 2618 2573 2572
f 2618 2572 2617
f 2334 2590 2619
f 2334 2355 2619
f 2595 2596 2620
f 2595 2620 2621
f 2358 2360 2620
f 2358 2620 2621
f 2360 2355 2620
f 2355 2619 2620
f 2619 2590 2620
f 2590 2596 2620
f 2622 2601 2602
f 2622 2602 2623
f 2622 2362 2364
f 2622 2364 2623
f 2364 2358 2623
f 2358 2621 2623
f 2621 2595 2623
f 2595 2602 2623
f 2607 2340 2624
f 2340 2367 2624
f 2367 2362 2624
f 2362 2622 2624
f 2622 2601 2624
f 2601 2607 2624
f 2625 2626 2627
f 2625 2627 2628
f 2625 2628 2629
f 2625 2629 2630
f 2625 2630 2631
f 2625 2631 2626
f 2632 2633 2634
f 2632 2634 2635
f 2632 2635 2636
f 2636 2628 2627
f 2636 2627 2632
f 2637 2626 2627
f 2637 2627 2632
f 2632 2637 2633
f 2638 2639 2640
f 2638 2640 2641
f 2638 2641 2642
f 2642 2635 2634
f 2642 2634 2638
f 2643 2633 2634
f 2643 2634 2638
f 2638 2643 2639
f 2644 2645 2646
f 2644 2646 2647
f 2644 2647 2648
f 2648 2641 2640
f 2648 2640 2644
f 2639 2640 2644
f 2639 2644 2649
f 2644 2649 2645
f 2650 2651 2652
f 2650 2652 2653
f 2650 2653 2654
f 2647 2646 2650
f 2647 2650 2654
f 2645 2646 2650
f 2645 2650 2655
f 2650 2655 2651
f 2652 2653 2656
f 2652 2651 2656
f 2657 2658 2659
f 2657 2659 2660
f 2657 2660 2661
f 2657 2661 2662
f 2657 2662 2663
f 2657 2663 2658
f 2664 2665 2666
f 2666 2370 2374
f 2666 2374 2664
f 2667 2373 2374
f 2667 2374 2664
f 2667 2660 2659
f 2667 2659 2664
f 2668 2658 2659
f 2668 2659 2664
f 2664 2668 2665
f 2669 2628 2629
f 2669 2629 2670
f 2669 2376 2378
f 2669 2378 2670
f 2378 2370 2670
f 2370 2666 2670
f 2671 2665 2666
f 2671 2666 2670
f 2671 2630 2629
f 2671 2629 2670
f 2672 2635 2636
f 2672 2636 2673
f 2672 2380 2382
f 2672 2382 2673
f 2382 2376 2673
f 2376 2669 2673
f 2669 2628 2673
f 2628 2636 2673
f 2674 2641 2642
f 2674 2642 2675
f 2674 2384 2386
f 2674 2386 2675
f 2386 2380 2675
f 2380 2672 2675
f 2672 2635 2675
f 2635 2642 2675
f 2676 2647 2648
f 2676 2648 2677
f 2676 2388 2390
f 2676 2390 2677
f 2390 2384 2677
f 2384 2674 2677
f 2674 2641 2677
f 2641 2648 2677
f 2678 2653 2654
f 2678 2654 2679
f 2678 2392 2394
f 2678 2394 2679
f 2394 2388 2679
f 2388 2676 2679
f 2676 2647 2679
f 2647 2654 2679
f 2680 2681 2682
f 2682 2396 2398
f 2682 2398 2680
f 2398 2392 2680
f 2392 2678 2680
f 2678 2653 2680
f 2681 2656 2653
f 2681 2653 2680
f 2683 2684 2685
f 2683 2685 2686
f 2686 2400 2396
f 2686 2396 2683
f 2396 2682 2683
f 2687 2681 2682
f 2687 2682 2683
f 2683 2687 2684
f 2685 2686 2688
f 2685 2684 2688
f 2689 2690 2691
f 2689 2691 2692
f 2689 2692 2693
f 2689 2693 2694
f 2689 2694 2695
f 2689 2695 2690
f 2696 2697 2698
f 2698 2402 2406
f 2698 2406 2696
f 2699 2405 2406
f 2699 2406 2696
f 2699 2692 2691
f 2699 2691 2696
f 2700 2690 2691
f 2700 2691 2696
f 2696 2700 2697
f 2701 2660 2661
f 2701 2661 2702
f 2701 2408 2410
f 2701 2410 2702
f 2410 2402 2702
f 2402 2698 2702
f 2703 2697 2698
f 2703 2698 2702
f 2703 2662 2661
f 2703 2661 2702
f 2667 2373 2704
f 2373 2412 2704
f 2412 2408 2704
f 2408 2701 2704
f 2701 2660 2704
f 2660 2667 2704
f 2400 2686 2705
f 2400 2413 2705
f 2706 2707 2708
f 2416 2418 2706
f 2416 2706 2708
f 2418 2413 2706
f 2413 2705 2706
f 2705 2686 2706
f 2707 2688 2686
f 2707 2686 2706
f 2709 2710 2711
f 2709 2711 2712
f 2712 2420 2416
f 2712 2416 2709
f 2416 2708 2709
f 2713 2707 2708
f 2713 2708 2709
f 2709 2713 2710
f 2711 2712 2714
f 2711 2710 2714
f 2715 2716 2717
f 2715 2717 2718
f 2715 2718 2719
f 2715 2719 2720
f 2715 2720 2721
f 2715 2721 2716
f 2722 2692 2693
f 2722 2693 2723
f 2722 2422 2426
f 2722 2426 2723
f 2724 2425 2426
f 2724 2426 2723
f 2724 2718 2717
f 2724 2717 2723
f 2725 2716 2717
f 2725 2717 2723
f 2725 2694 2693
f 2725 2693 2723
f 2699 2405 2726
f 2405 2428 2726
f 2428 2422 2726
f 2422 2722 2726
f 2722 2692 2726
f 2692 2699 2726
f 2420 2712 2727
f 2420 2429 2727
f 2728 2729 2730
f 2728 2730 2731
f 2432 2429 2728
f 2432 2728 2731
f 2429 2727 2728
f 2727 2712 2728
f 2729 2714 2712
f 2729 2712 2728
f 2730 2731 2732
f 2730 2729 2732
f 2733 2734 2735
f 2733 2735 2736
f 2733 2736 2737
f 2733 2737 2738
f 2733 2738 2739
f 2733 2739 2734
f 2740 2718 2719
f 2740 2719 2741
f 2740 2434 2438
f 2740 2438 2741
f 2742 2437 2438
f 2742 2438 2741
f 2742 2736 2735
f 2742 2735 2741
f 2743 2734 2735
f 2743 2735 2741
f 2743 2720 2719
f 2743 2719 2741
f 2724 2425 2744
f 2425 2440 2744
f 2440 2434 2744
f 2434 2740 2744
f 2740 2718 2744
f 2718 2724 2744
f 2432 2731 2745
f 2432 2442 2745
f 2746 2747 2748
f 2746 2748 2749
f 2444 2442 2746
f 2444 2746 2749
f 2442 2745 2746
f 2745 2731 2746
f 2732 2731 2746
f 2732 2746 2747
f 2748 2749 2750
f 2748 2747 2750
f 2751 2736 2737
f 2751 2737 2752
f 2751 2446 2450
f 2751 2450 2752
f 2753 2449 2450
f 2753 2450 2752
f 2752 2753 2754
f 2752 2754 2755
f 2755 2738 2737
f 2755 2737 2752
f 2742 2437 2756
f 2437 2452 2756
f 2452 2446 2756
f 2446 2751 2756
f 2751 2736 2756
f 2736 2742 2756
f 2444 2749 2757
f 2444 2454 2757
f 2454 2456 2758
f 2759 2758 2454
f 2759 2454 2757
f 2759 2757 2749
f 2759 2749 2760
f 2749 2750 2760
f 2761 2762 2763
f 2761 2763 2764
f 2761 2764 2765
f 2761 2765 2766
f 2761 2766 2767
f 2761 2767 2762
f 2753 2449 2768
f 2449 2460 2768
f 2769 2459 2460
f 2769 2460 2768
f 2769 2764 2763
f 2769 2763 2768
f 2770 2762 2763
f 2770 2763 2768
f 2770 2754 2753
f 2770 2753 2768
f 2771 2758 2456
f 2771 2456 2772
f 2772 2456 2464
f 2772 2464 2773
f 2464 2463 2773
f 2758 2759 2771
f 2772 2773 2774
f 2772 2771 2774
f 2775 2764 2765
f 2775 2765 2776
f 2776 2775 2777
f 2776 2777 2778
f 2776 2778 2779
f 2776 2779 2780
f 2780 2766 2765
f 2780 2765 2776
f 2769 2459 2781
f 2459 2468 2781
f 2782 2467 2468
f 2782 2468 2781
f 2782 2777 2775
f 2782 2775 2781
f 2775 2764 2781
f 2764 2769 2781
f 2463 2773 2783
f 2783 2463 2472
f 2783 2472 2784
f 2472 2471 2784
f 2783 2784 2785
f 2785 2783 2773
f 2785 2773 2786
f 2773 2774 2786
f 2787 2777 2778
f 2787 2778 2788
f 2787 2474 2478
f 2787 2478 2788
f 2789 2477 2478
f 2789 2478 2788
f 2788 2789 2790
f 2788 2790 2791
f 2791 2779 2778
f 2791 2778 2788
f 2782 2467 2792
f 2467 2480 2792
f 2480 2474 2792
f 2474 2787 2792
f 2787 2777 2792
f 2777 2782 2792
f 2471 2784 2793
f 2471 2482 2793
f 2482 2484 2794
f 2795 2794 2482
f 2795 2482 2793
f 2795 2793 2784
f 2795 2784 2796
f 2784 2785 2796
f 2789 2477 2797
f 2477 2488 2797
f 2798 2487 2488
f 2798 2488 2797
f 2797 2798 2799
f 2797 2799 2800
f 2800 2790 2789
f 2800 2789 2797
f 2794 2484 2801
f 2484 2492 2801
f 2491 2492 2801
f 2491 2801 2802
f 2801 2802 2803
f 2801 2803 2804
f 2795 2794 2801
f 2795 2801 2804
f 2798 2487 2805
f 2487 2496 2805
f 2806 2495 2496
f 2806 2496 2805
f 2805 2806 2807
f 2805 2807 2808
f 2808 2799 2798
f 2808 2798 2805
f 2802 2491 2809
f 2491 2500 2809
f 2810 2499 2500
f 2810 2500 2809
f 2809 2810 2811
f 2809 2811 2812
f 2803 2802 2809
f 2803 2809 2812
f 2806 2495 2813
f 2814 2502 2495
f 2814 2495 2813
f 2813 2814 2815
f 2813 2815 2816
f 2813 2816 2817
f 2817 2807 2806
f 2817 2806 2813
f 2502 2504 2818
f 2502 2814 2818
f 2510 2506 2819
f 2510 2509 2819
f 2810 2499 2820
f 2499 2512 2820
f 2512 2506 2820
f 2821 2819 2506
f 2821 2506 2820
f 2820 2821 2822
f 2811 2810 2820
f 2811 2820 2822
f 2823 2814 2815
f 2823 2815 2824
f 2824 2823 2825
f 2824 2825 2826
f 2824 2826 2827
f 2824 2827 2828
f 2816 2815 2824
f 2816 2824 2828
f 2818 2504 2829
f 2504 2516 2829
f 2515 2516 2829
f 2515 2829 2830
f 2825 2823 2829
f 2825 2829 2830
f 2823 2814 2829
f 2814 2818 2829
f 2509 2819 2831
f 2832 2831 2509
f 2832 2509 2520
f 2520 2519 2832
f 2831 2832 2833
f 2833 2831 2819
f 2833 2819 2834
f 2819 2821 2834
f 2826 2825 2835
f 2826 2827 2835
f 2830 2515 2836
f 2515 2524 2836
f 2837 2523 2524
f 2837 2524 2836
f 2836 2837 2838
f 2838 2835 2825
f 2838 2825 2836
f 2825 2830 2836
f 2832 2519 2839
f 2832 2839 2840
f 2519 2528 2839
f 2527 2528 2839
f 2527 2839 2841
f 2839 2841 2842
f 2839 2842 2843
f 2839 2843 2840
f 2832 2840 2844
f 2832 2833 2844
f 2837 2523 2845
f 2846 2530 2523
f 2846 2523 2845
f 2845 2846 2847
f 2845 2847 2848
f 2845 2848 2849
f 2849 2838 2837
f 2849 2837 2845
f 2530 2532 2850
f 2530 2846 2850
f 2538 2534 2851
f 2538 2537 2851
f 2841 2527 2852
f 2527 2540 2852
f 2540 2534 2852
f 2851 2534 2852
f 2851 2852 2853
f 2852 2853 2854
f 2854 2842 2841
f 2854 2841 2852
f 2847 2846 2855
f 2847 2848 2855
f 2850 2532 2856
f 2857 2542 2532
f 2857 2532 2856
f 2856 2857 2858
f 2856 2858 2859
f 2859 2855 2846
f 2859 2846 2856
f 2846 2850 2856
f 2542 2544 2860
f 2542 2857 2860
f 2550 2546 2861
f 2550 2549 2861
f 2851 2537 2862
f 2851 2862 2863
f 2537 2552 2862
f 2552 2546 2862
f 2864 2861 2546
f 2864 2546 2862
f 2862 2864 2865
f 2862 2865 2863
f 2851 2863 2866
f 2851 2853 2866
f 2858 2857 2867
f 2858 2859 2867
f 2860 2544 2868
f 2553 2544 2868
f 2553 2868 2869
f 2868 2869 2870
f 2868 2870 2871
f 2871 2867 2857
f 2871 2857 2868
f 2857 2860 2868
f 2553 2556 2872
f 2553 2869 2872
f 2562 2558 2873
f 2562 2561 2873
f 2861 2549 2874
f 2861 2874 2875
f 2549 2564 2874
f 2564 2558 2874
f 2873 2558 2874
f 2873 2874 2876
f 2874 2876 2877
f 2874 2877 2875
f 2861 2875 2878
f 2861 2864 2878
f 2870 2869 2879
f 2870 2871 2879
f 2872 2556 2880
f 2565 2556 2880
f 2565 2880 2881
f 2880 2881 2882
f 2880 2882 2883
f 2879 2869 2880
f 2879 2880 2883
f 2869 2872 2880
f 2565 2568 2884
f 2565 2881 2884
f 2574 2570 2885
f 2574 2573 2885
f 2886 2873 2561
f 2886 2561 2887
f 2561 2576 2887
f 2576 2570 2887
f 2885 2570 2887
f 2885 2887 2888
f 2887 2888 2889
f 2887 2889 2886
f 2873 2886 2890
f 2873 2876 2890
f 2882 2881 2891
f 2882 2883 2891
f 2892 2884 2568
f 2892 2568 2893
f 2568 2578 2893
f 2881 2891 2894
f 2892 2894 2881
f 2892 2881 2884
f 2582 2580 2895
f 2895 2582 2578
f 2895 2578 2896
f 2896 2578 2893
f 2896 2893 2897
f 2893 2892 2897
f 2586 2584 2898
f 2899 2898 2586
f 2899 2586 2580
f 2580 2895 2899
f 2591 2588 2900
f 2901 2900 2591
f 2901 2591 2584
f 2584 2898 2901
f 2597 2593 2902
f 2903 2902 2597
f 2903 2597 2588
f 2588 2900 2903
f 2603 2599 2904
f 2904 2603 2593
f 2904 2593 2905
f 2593 2902 2905
f 2608 2605 2906
f 2906 2608 2599
f 2906 2599 2907
f 2599 2904 2907
f 2612 2610 2908
f 2909 2908 2612
f 2909 2612 2605
f 2605 2906 2909
f 2910 2911 2912
f 2912 2614 2616
f 2912 2616 2910
f 2616 2610 2910
f 2908 2610 2910
f 2908 2910 2913
f 2910 2913 2914
f 2910 2914 2911
f 2885 2573 2915
f 2885 2915 2916
f 2573 2618 2915
f 2618 2614 2915
f 2614 2912 2915
f 2911 2912 2915
f 2911 2915 2917
f 2915 2917 2916
f 2885 2916 2918
f 2885 2888 2918
f 2896 2895 2919
f 2896 2897 2919
f 2899 2898 2920
f 2895 2919 2921
f 2920 2921 2895
f 2920 2895 2899
f 2901 2900 2922
f 2898 2920 2923
f 2922 2923 2898
f 2922 2898 2901
f 2903 2902 2924
f 2900 2922 2925
f 2925 2900 2903
f 2925 2903 2924
f 2905 2904 2926
f 2902 2924 2927
f 2927 2902 2905
f 2927 2905 2926
f 2907 2906 2928
f 2904 2926 2929
f 2929 2904 2907
f 2929 2907 2928
f 2909 2908 2930
f 2906 2928 2931
f 2931 2906 2909
f 2931 2909 2930
f 2908 2930 2932
f 2908 2913 2932
f 2631 2626 2933
f 2631 2630 2933
f 2637 2633 2934
f 2934 2637 2626
f 2934 2626 2935
f 2626 2933 2935
f 2643 2639 2936
f 2937 2936 2643
f 2937 2643 2633
f 2633 2934 2937
f 2649 2645 2938
f 2939 2938 2649
f 2939 2649 2639
f 2639 2936 2939
f 2655 2651 2940
f 2941 2940 2655
f 2941 2655 2645
f 2645 2938 2941
f 2651 2656 2942
f 2651 2940 2942
f 2663 2658 2943
f 2663 2662 2943
f 2944 2945 2946
f 2665 2668 2944
f 2665 2944 2946
f 2668 2658 2944
f 2943 2658 2944
f 2943 2944 2947
f 2944 2947 2948
f 2944 2948 2945
f 2949 2933 2630
f 2949 2630 2950
f 2630 2671 2950
f 2671 2665 2950
f 2665 2946 2950
f 2951 2945 2946
f 2951 2946 2950
f 2950 2951 2949
f 2935 2934 2952
f 2933 2949 2953
f 2953 2933 2935
f 2953 2935 2952
f 2937 2936 2954
f 2934 2952 2955
f 2955 2934 2937
f 2955 2937 2954
f 2939 2938 2956
f 2936 2954 2957
f 2957 2936 2939
f 2957 2939 2956
f 2941 2940 2958
f 2938 2956 2959
f 2959 2938 2941
f 2959 2941 2958
f 2960 2942 2656
f 2960 2656 2961
f 2656 2681 2961
f 2940 2958 2962
f 2962 2940 2942
f 2962 2942 2960
f 2687 2684 2963
f 2963 2687 2681
f 2963 2681 2964
f 2964 2681 2961
f 2964 2961 2965
f 2961 2960 2965
f 2684 2688 2966
f 2684 2963 2966
f 2695 2690 2967
f 2695 2694 2967
f 2968 2969 2970
f 2970 2697 2700
f 2970 2700 2968
f 2700 2690 2968
f 2967 2690 2968
f 2967 2968 2971
f 2968 2971 2972
f 2968 2972 2969
f 2943 2662 2973
f 2943 2973 2974
f 2662 2703 2973
f 2703 2697 2973
f 2697 2970 2973
f 2969 2970 2973
f 2969 2973 2975
f 2973 2975 2974
f 2943 2974 2976
f 2943 2947 2976
f 2964 2963 2977
f 2964 2965 2977
f 2978 2966 2688
f 2978 2688 2979
f 2688 2707 2979
f 2963 2977 2980
f 2978 2980 2963
f 2978 2963 2966
f 2713 2710 2981
f 2981 2713 2707
f 2981 2707 2982
f 2982 2707 2979
f 2982 2979 2983
f 2979 2978 2983
f 2710 2714 2984
f 2710 2981 2984
f 2721 2716 2985
f 2721 2720 2985
f 2986 2967 2694
f 2986 2694 2987
f 2694 2725 2987
f 2725 2716 2987
f 2988 2985 2716
f 2988 2716 2987
f 2987 2988 2989
f 2987 2989 2986
f 2967 2986 2990
f 2967 2971 2990
f 2982 2981 2991
f 2982 2983 2991
f 2984 2714 2992
f 2729 2714 2992
f 2729 2992 2993
f 2992 2993 2994
f 2992 2994 2995
f 2991 2981 2992
f 2991 2992 2995
f 2981 2984 2992
f 2729 2732 2996
f 2729 2993 2996
f 2739 2734 2997
f 2739 2738 2997
f 2985 2720 2998
f 2985 2998 2999
f 2720 2743 2998
f 2743 2734 2998
f 3000 2997 2734
f 3000 2734 2998
f 2998 3000 3001
f 2998 3001 2999
f 2985 2999 3002
f 2985 2988 3002
f 2994 2993 3003
f 2994 2995 3003
f 2996 2732 3004
f 3005 2747 2732
f 3005 2732 3004
f 3004 3005 3006
f 3004 3006 3007
f 3007 3003 2993
f 3007 2993 3004
f 2993 2996 3004
f 2747 2750 3008
f 2747 3005 3008
f 2738 2997 3009
f 3010 3009 2738
f 3010 2738 2755
f 2755 2754 3010
f 3009 3010 3011
f 3012 3011 3009
f 3012 3009 2997
f 2997 3000 3012
f 3005 3006 3013
f 3005 3013 3014
f 3013 3014 3015
f 3013 3015 3016
f 3013 3016 3017
f 3013 3017 3018
f 3007 3006 3013
f 3007 3013 3018
f 3008 2750 3019
f 2750 2760 3019
f 2759 2760 3019
f 2759 3019 3020
f 3020 3015 3014
f 3020 3014 3019
f 3014 3005 3019
f 3005 3008 3019
f 2767 2762 3021
f 2767 2766 3021
f 3022 3010 2754
f 3022 2754 3023
f 2754 2770 3023
f 2770 2762 3023
f 3024 3021 2762
f 3024 2762 3023
f 3023 3024 3025
f 3023 3025 3022
f 3010 3022 3026
f 3010 3011 3026
f 3016 3015 3027
f 3016 3017 3027
f 3020 2759 3028
f 3029 2771 2759
f 3029 2759 3028
f 3028 3029 3030
f 3028 3030 3031
f 3031 3027 3015
f 3031 3015 3028
f 3015 3020 3028
f 2771 2774 3032
f 2771 3029 3032
f 2766 3021 3033
f 3034 3033 2766
f 3034 2766 2780
f 2780 2779 3034
f 3033 3034 3035
f 3035 3033 3021
f 3035 3021 3036
f 3021 3024 3036
f 3037 3029 3030
f 3037 3030 3038
f 3038 3037 3039
f 3038 3039 3040
f 3038 3040 3041
f 3038 3041 3042
f 3031 3030 3038
f 3031 3038 3042
f 3032 2774 3043
f 2774 2786 3043
f 2785 2786 3043
f 2785 3043 3044
f 3044 3039 3037
f 3044 3037 3043
f 3037 3029 3043
f 3029 3032 3043
f 2779 3034 3045
f 3046 3045 2779
f 3046 2779 2791
f 2791 2790 3046
f 3045 3046 3047
f 3048 3047 3045
f 3048 3045 3034
f 3034 3035 3048
f 3039 3040 3049
f 3039 3049 3050
f 3049 3050 3051
f 3049 3051 3052
f 3049 3052 3053
f 3049 3053 3054
f 3041 3040 3049
f 3041 3049 3054
f 3044 2785 3055
f 2785 2796 3055
f 3056 2795 2796
f 3056 2796 3055
f 3056 3051 3050
f 3056 3050 3055
f 3050 3039 3055
f 3039 3044 3055
f 3057 3046 2790
f 3057 2790 3058
f 2790 2800 3058
f 2799 2800 3058
f 2799 3058 3059
f 3058 3059 3060
f 3058 3060 3061
f 3058 3061 3057
f 3046 3057 3062
f 3046 3047 3062
f 3052 3051 3063
f 3052 3053 3063
f 3056 2795 3064
f 2795 2804 3064
f 3065 2803 2804
f 3065 2804 3064
f 3064 3065 3066
f 3066 3063 3051
f 3066 3051 3064
f 3051 3056 3064
f 3067 3068 3059
f 3067 3059 2799
f 3069 3067 2799
f 3069 2799 2808
f 2808 2807 3069
f 3059 3060 3068
f 3067 3069 3070
f 3067 3068 3070
f 3071 3072 3073
f 3071 3073 3074
f 3071 3074 3075
f 3071 3075 3076
f 3071 3076 3077
f 3071 3077 3072
f 3065 2803 3078
f 2803 2812 3078
f 3079 2811 2812
f 3079 2812 3078
f 3079 3074 3073
f 3079 3073 3078
f 3080 3072 3073
f 3080 3073 3078
f 3080 3066 3065
f 3080 3065 3078
f 2807 3069 3081
f 3082 3081 2807
f 3082 2807 2817
f 2817 2816 3082
f 3081 3082 3083
f 3083 3081 3069
f 3083 3069 3084
f 3069 3070 3084
f 3085 3074 3075
f 3085 3075 3086
f 3086 3085 3087
f 3086 3087 3088
f 3086 3088 3089
f 3086 3089 3090
f 3090 3076 3075
f 3090 3075 3086
f 3079 2811 3091
f 2811 2822 3091
f 3092 2821 2822
f 3092 2822 3091
f 3092 3087 3085
f 3092 3085 3091
f 3085 3074 3091
f 3074 3079 3091
f 2816 3082 3093
f 3093 2816 2828
f 3093 2828 3094
f 2828 2827 3094
f 3093 3094 3095
f 3095 3093 3082
f 3095 3082 3096
f 3082 3083 3096
f 3097 3087 3088
f 3097 3088 3098
f 3098 3097 3099
f 3098 3099 3100
f 3098 3100 3101
f 3098 3101 3102
f 3102 3089 3088
f 3102 3088 3098
f 3092 2821 3103
f 2821 2834 3103
f 3104 2833 2834
f 3104 2834 3103
f 3104 3099 3097
f 3104 3097 3103
f 3097 3087 3103
f 3087 3092 3103
f 2827 3094 3105
f 2827 2835 3105
f 2835 2838 3106
f 3107 3106 2835
f 3107 2835 3105
f 3108 3107 3105
f 3108 3105 3094
f 3094 3095 3108
f 3109 3099 3100
f 3109 3100 3110
f 3109 2840 2843
f 3109 2843 3110
f 3111 2842 2843
f 3111 2843 3110
f 3110 3111 3112
f 3110 3112 3113
f 3113 3101 3100
f 3113 3100 3110
f 3104 2833 3114
f 2833 2844 3114
f 2844 2840 3114
f 2840 3109 3114
f 3109 3099 3114
f 3099 3104 3114
f 3115 3116 3106
f 3115 3106 2838
f 3115 2838 2849
f 3115 2849 3117
f 2849 2848 3117
f 3106 3107 3116
f 3115 3117 3118
f 3115 3116 3118
f 3119 3120 3121
f 3119 3121 3122
f 3119 3122 3123
f 3119 3123 3124
f 3119 3124 3125
f 3119 3125 3120
f 3111 2842 3126
f 2842 2854 3126
f 3127 2853 2854
f 3127 2854 3126
f 3127 3122 3121
f 3127 3121 3126
f 3128 3120 3121
f 3128 3121 3126
f 3128 3112 3111
f 3128 3111 3126
f 2848 3117 3129
f 2848 2855 3129
f 3130 3131 3132
f 3130 3132 3133
f 2859 2855 3130
f 2859 3130 3133
f 2855 3129 3130
f 3129 3117 3130
f 3118 3117 3130
f 3118 3130 3131
f 3132 3133 3134
f 3132 3131 3134
f 3135 3136 3137
f 3135 3137 3138
f 3135 3138 3139
f 3135 3139 3140
f 3135 3140 3141
f 3135 3141 3136
f 3142 3122 3123
f 3142 3123 3143
f 3142 2863 2865
f 3142 2865 3143
f 3144 2864 2865
f 3144 2865 3143
f 3144 3138 3137
f 3144 3137 3143
f 3145 3136 3137
f 3145 3137 3143
f 3145 3124 3123
f 3145 3123 3143
f 3127 2853 3146
f 2853 2866 3146
f 2866 2863 3146
f 2863 3142 3146
f 3142 3122 3146
f 3122 3127 3146
f 2859 3133 3147
f 2859 2867 3147
f 3148 3149 3150
f 3148 3150 3151
f 3151 2871 2867
f 3151 2867 3148
f 2867 3147 3148
f 3147 3133 3148
f 3149 3134 3133
f 3149 3133 3148
f 3150 3151 3152
f 3150 3149 3152
f 3153 3154 3155
f 3153 3155 3156
f 3153 3156 3157
f 3153 3157 3158
f 3153 3158 3159
f 3153 3159 3154
f 3160 3138 3139
f 3160 3139 3161
f 3160 2875 2877
f 3160 2877 3161
f 3162 2876 2877
f 3162 2877 3161
f 3162 3156 3155
f 3162 3155 3161
f 3163 3154 3155
f 3163 3155 3161
f 3163 3140 3139
f 3163 3139 3161
f 3144 2864 3164
f 2864 2878 3164
f 2878 2875 3164
f 2875 3160 3164
f 3160 3138 3164
f 3138 3144 3164
f 2871 3151 3165
f 2871 2879 3165
f 3166 3167 3168
f 3166 3168 3169
f 3169 2883 2879
f 3169 2879 3166
f 2879 3165 3166
f 3165 3151 3166
f 3167 3152 3151
f 3167 3151 3166
f 3170 3171 3172
f 3170 3172 3173
f 3170 3173 3174
f 3169 3168 3170
f 3169 3170 3174
f 3167 3168 3170
f 3167 3170 3175
f 3170 3175 3171
f 3172 3173 3176
f 3172 3171 3176
f 3177 3178 3179
f 3177 3179 3180
f 3177 3180 3181
f 3177 3181 3182
f 3177 3182 3183
f 3177 3183 3178
f 3184 3185 3186
f 3184 3186 3187
f 3184 3187 3188
f 3188 3180 3179
f 3188 3179 3184
f 3189 3178 3179
f 3189 3179 3184
f 3184 3189 3185
f 3190 3156 3157
f 3190 3157 3191
f 3190 2886 2889
f 3190 2889 3191
f 3192 2888 2889
f 3192 2889 3191
f 3192 3187 3186
f 3192 3186 3191
f 3193 3185 3186
f 3193 3186 3191
f 3193 3158 3157
f 3193 3157 3191
f 3162 2876 3194
f 2876 2890 3194
f 2890 2886 3194
f 2886 3190 3194
f 3190 3156 3194
f 3156 3162 3194
f 2883 3169 3195
f 2883 2891 3195
f 3196 3173 3174
f 3196 3174 3197
f 3196 2892 2894
f 3196 2894 3197
f 2894 2891 3197
f 2891 3195 3197
f 3195 3169 3197
f 3169 3174 3197
f 3198 3199 3200
f 3198 3200 3201
f 3201 2897 2892
f 3201 2892 3198
f 2892 3196 3198
f 3196 3173 3198
f 3199 3176 3173
f 3199 3173 3198
f 3202 3203 3204
f 3202 3204 3205
f 3202 3205 3206
f 3206 3201 3200
f 3206 3200 3202
f 3207 3199 3200
f 3207 3200 3202
f 3202 3207 3203
f 3208 3209 3210
f 3208 3210 3211
f 3208 3211 3212
f 3205 3204 3208
f 3205 3208 3212
f 3203 3204 3208
f 3203 3208 3213
f 3208 3213 3209
f 3214 3215 3216
f 3214 3216 3217
f 3214 3217 3218
f 3211 3210 3214
f 3211 3214 3218
f 3209 3210 3214
f 3209 3214 3219
f 3214 3219 3215
f 3220 3221 3222
f 3220 3222 3223
f 3220 3223 3224
f 3224 3217 3216
f 3224 3216 3220
f 3225 3215 3216
f 3225 3216 3220
f 3220 3225 3221
f 3226 3227 3228
f 3226 3228 3229
f 3226 3229 3230
f 3230 3223 3222
f 3230 3222 3226
f 3231 3221 3222
f 3231 3222 3226
f 3226 3231 3227
f 3232 3233 3234
f 3232 3234 3235
f 3232 3235 3236
f 3236 3229 3228
f 3236 3228 3232
f 3237 3227 3228
f 3237 3228 3232
f 3232 3237 3233
f 3238 3180 3181
f 3238 3181 3239
f 3238 2911 2914
f 3238 2914 3239
f 3240 2913 2914
f 3240 2914 3239
f 3240 3235 3234
f 3240 3234 3239
f 3241 3233 3234
f 3241 3234 3239
f 3241 3182 3181
f 3241 3181 3239
f 3242 3187 3188
f 3242 3188 3243
f 3242 2916 2917
f 3242 2917 3243
f 2917 2911 3243
f 2911 3238 3243
f 3238 3180 3243
f 3180 3188 3243
f 3192 2888 3244
f 2888 2918 3244
f 2918 2916 3244
f 2916 3242 3244
f 3242 3187 3244
f 3187 3192 3244
f 2897 3201 3245
f 2897 2919 3245
f 3205 3206 3246
f 3205 3246 3247
f 2920 2921 3246
f 2920 3246 3247
f 2921 2919 3246
f 2919 3245 3246
f 3245 3201 3246
f 3201 3206 3246
f 3248 3211 3212
f 3248 3212 3249
f 3248 2922 2923
f 3248 2923 3249
f 2923 2920 3249
f 2920 3247 3249
f 3247 3205 3249
f 3205 3212 3249
f 3250 3217 3218
f 3250 3218 3251
f 3250 2924 2925
f 3250 2925 3251
f 2925 2922 3251
f 2922 3248 3251
f 3248 3211 3251
f 3211 3218 3251
f 3252 3223 3224
f 3252 3224 3253
f 3252 2926 2927
f 3252 2927 3253
f 2927 2924 3253
f 2924 3250 3253
f 3250 3217 3253
f 3217 3224 3253
f 3254 3229 3230
f 3254 3230 3255
f 3254 2928 2929
f 3254 2929 3255
f 2929 2926 3255
f 2926 3252 3255
f 3252 3223 3255
f 3223 3230 3255
f 3256 3235 3236
f 3256 3236 3257
f 3256 2930 2931
f 3256 2931 3257
f 2931 2928 3257
f 2928 3254 3257
f 3254 3229 3257
f 3229 3236 3257
f 3240 2913 3258
f 2913 2932 3258
f 2932 2930 3258
f 2930 3256 3258
f 3256 3235 3258
f 3235 3240 3258
f 2948 2945 3259
f 2948 2947 3259
f 2951 2949 3260
f 3261 3260 2951
f 3261 2951 2945
f 2945 3259 3261
f 3262 3263 3264
f 2952 2953 3262
f 2952 3262 3264
f 2953 2949 3262
f 3265 3260 2949
f 3265 2949 3262
f 3262 3265 3266
f 3262 3266 3263
f 3267 3268 3269
f 2954 2955 3267
f 2954 3267 3269
f 2955 2952 3267
f 2952 3264 3267
f 3270 3263 3264
f 3270 3264 3267
f 3267 3270 3268
f 3271 3272 3273
f 2956 2957 3271
f 2956 3271 3273
f 2957 2954 3271
f 2954 3269 3271
f 3268 3269 3271
f 3268 3271 3274
f 3271 3274 3272
f 2959 2958 3275
f 3276 3275 2959
f 3276 2959 2956
f 3277 3276 2956
f 3277 2956 3273
f 3273 3272 3277
f 2962 2960 3278
f 3279 3278 2962
f 3279 2962 2958
f 2958 3275 3279
f 2960 2965 3280
f 2960 3278 3280
f 2972 2969 3281
f 2972 2971 3281
f 3282 3283 3284
f 2974 2975 3282
f 2974 3282 3284
f 2975 2969 3282
f 3285 3281 2969
f 3285 2969 3282
f 3282 3285 3286
f 3282 3286 3283
f 3287 3259 2947
f 3287 2947 3288
f 2947 2976 3288
f 2976 2974 3288
f 2974 3284 3288
f 3289 3283 3284
f 3289 3284 3288
f 3288 3289 3287
f 3261 3260 3290
f 3259 3287 3291
f 3291 3259 3261
f 3291 3261 3290
f 3260 3290 3292
f 3260 3265 3292
f 3276 3275 3293
f 3276 3277 3293
f 3279 3278 3294
f 3275 3293 3295
f 3294 3295 3275
f 3294 3275 3279
f 3296 3280 2965
f 3296 2965 3297
f 2965 2977 3297
f 3278 3294 3298
f 3298 3278 3280
f 3298 3280 3296
f 2980 2978 3299
f 3300 3299 2980
f 3300 2980 2977
f 3300 2977 3297
f 3300 3297 3301
f 3297 3296 3301
f 2978 2983 3302
f 2978 3299 3302
f 2989 2986 3303
f 2989 2988 3303
f 3304 3281 2971
f 3304 2971 3305
f 2971 2990 3305
f 2990 2986 3305
f 3306 3303 2986
f 3306 2986 3305
f 3305 3306 3307
f 3305 3307 3304
f 3281 3304 3308
f 3281 3285 3308
f 3300 3299 3309
f 3300 3301 3309
f 3302 2983 3310
f 2991 2983 3310
f 2991 3310 3311
f 3310 3311 3312
f 3310 3312 3313
f 3309 3299 3310
f 3309 3310 3313
f 3299 3302 3310
f 2991 2995 3314
f 2991 3311 3314
f 3001 2999 3315
f 3001 3000 3315
f 3316 3303 2988
f 3316 2988 3317
f 2988 3002 3317
f 3002 2999 3317
f 3318 3315 2999
f 3318 2999 3317
f 3317 3318 3319
f 3317 3319 3316
f 3303 3316 3320
f 3303 3306 3320
f 3312 3311 3321
f 3312 3313 3321
f 3314 2995 3322
f 3003 2995 3322
f 3003 3322 3323
f 3322 3323 3324
f 3322 3324 3325
f 3325 3321 3311
f 3325 3311 3322
f 3311 3314 3322
f 3003 3007 3326
f 3003 3323 3326
f 3327 3315 3000
f 3327 3000 3328
f 3000 3012 3328
f 3329 3011 3012
f 3329 3012 3328
f 3328 3329 3330
f 3328 3330 3331
f 3328 3331 3327
f 3315 3327 3332
f 3315 3318 3332
f 3324 3323 3333
f 3324 3325 3333
f 3326 3007 3334
f 3007 3018 3334
f 3335 3017 3018
f 3335 3018 3334
f 3334 3335 3336
f 3336 3333 3323
f 3336 3323 3334
f 3323 3326 3334
f 3337 3338 3339
f 3339 3022 3025
f 3339 3025 3337
f 3024 3025 3337
f 3024 3337 3340
f 3337 3340 3341
f 3337 3341 3342
f 3337 3342 3338
f 3329 3011 3343
f 3011 3026 3343
f 3026 3022 3343
f 3022 3339 3343
f 3338 3339 3343
f 3338 3343 3344
f 3330 3329 3343
f 3330 3343 3344
f 3345 3335 3017
f 3345 3017 3346
f 3017 3027 3346
f 3335 3336 3345
f 3027 3031 3347
f 3347 3027 3346
f 3347 3346 3348
f 3346 3345 3348
f 3340 3024 3349
f 3024 3036 3349
f 3350 3035 3036
f 3350 3036 3349
f 3349 3350 3351
f 3349 3351 3352
f 3352 3341 3340
f 3352 3340 3349
f 3347 3031 3353
f 3031 3042 3353
f 3354 3041 3042
f 3354 3042 3353
f 3353 3354 3355
f 3353 3355 3356
f 3356 3348 3347
f 3356 3347 3353
f 3350 3035 3357
f 3035 3048 3357
f 3358 3047 3048
f 3358 3048 3357
f 3357 3358 3359
f 3357 3359 3360
f 3351 3350 3357
f 3351 3357 3360
f 3354 3041 3361
f 3041 3054 3361
f 3362 3053 3054
f 3362 3054 3361
f 3361 3362 3363
f 3361 3363 3364
f 3364 3355 3354
f 3364 3354 3361
f 3061 3057 3365
f 3061 3060 3365
f 3358 3047 3366
f 3047 3062 3366
f 3062 3057 3366
f 3365 3057 3366
f 3365 3366 3367
f 3366 3367 3368
f 3359 3358 3366
f 3359 3366 3368
f 3362 3053 3369
f 3370 3063 3053
f 3370 3053 3369
f 3369 3370 3371
f 3369 3371 3372
f 3369 3372 3373
f 3373 3363 3362
f 3373 3362 3369
f 3063 3066 3374
f 3063 3370 3374
f 3060 3365 3375
f 3060 3068 3375
f 3068 3070 3376
f 3377 3376 3068
f 3377 3068 3375
f 3377 3375 3365
f 3377 3365 3378
f 3365 3367 3378
f 3379 3370 3371
f 3379 3371 3380
f 3379 3072 3077
f 3379 3077 3380
f 3381 3076 3077
f 3381 3077 3380
f 3380 3381 3382
f 3380 3382 3383
f 3383 3372 3371
f 3383 3371 3380
f 3374 3066 3384
f 3066 3080 3384
f 3080 3072 3384
f 3072 3379 3384
f 3379 3370 3384
f 3370 3374 3384
f 3376 3070 3385
f 3070 3084 3385
f 3083 3084 3385
f 3083 3385 3386
f 3385 3386 3387
f 3385 3387 3388
f 3377 3376 3385
f 3377 3385 3388
f 3381 3076 3389
f 3076 3090 3389
f 3390 3089 3090
f 3390 3090 3389
f 3389 3390 3391
f 3389 3391 3392
f 3392 3382 3381
f 3392 3381 3389
f 3386 3083 3393
f 3083 3096 3393
f 3095 3096 3393
f 3095 3393 3394
f 3393 3394 3395
f 3393 3395 3396
f 3387 3386 3393
f 3387 3393 3396
f 3390 3089 3397
f 3089 3102 3397
f 3398 3101 3102
f 3398 3102 3397
f 3397 3398 3399
f 3397 3399 3400
f 3400 3391 3390
f 3400 3390 3397
f 3401 3402 3394
f 3401 3394 3095
f 3401 3095 3108
f 3401 3108 3403
f 3108 3107 3403
f 3394 3395 3402
f 3401 3403 3404
f 3401 3402 3404
f 3405 3406 3407
f 3405 3407 3408
f 3405 3408 3409
f 3405 3409 3410
f 3405 3410 3411
f 3405 3411 3406
f 3398 3101 3412
f 3101 3113 3412
f 3413 3112 3113
f 3413 3113 3412
f 3413 3408 3407
f 3413 3407 3412
f 3414 3406 3407
f 3414 3407 3412
f 3414 3399 3398
f 3414 3398 3412
f 3107 3403 3415
f 3107 3116 3415
f 3416 3417 3418
f 3416 3418 3419
f 3118 3116 3416
f 3118 3416 3419
f 3116 3415 3416
f 3415 3403 3416
f 3404 3403 3416
f 3404 3416 3417
f 3418 3419 3420
f 3418 3417 3420
f 3421 3422 3423
f 3421 3423 3424
f 3421 3424 3425
f 3421 3425 3426
f 3421 3426 3427
f 3421 3427 3422
f 3428 3408 3409
f 3428 3409 3429
f 3428 3120 3125
f 3428 3125 3429
f 3430 3124 3125
f 3430 3125 3429
f 3430 3424 3423
f 3430 3423 3429
f 3431 3422 3423
f 3431 3423 3429
f 3431 3410 3409
f 3431 3409 3429
f 3413 3112 3432
f 3112 3128 3432
f 3128 3120 3432
f 3120 3428 3432
f 3428 3408 3432
f 3408 3413 3432
f 3118 3419 3433
f 3118 3131 3433
f 3131 3134 3434
f 3435 3434 3131
f 3435 3131 3433
f 3435 3433 3419
f 3435 3419 3436
f 3419 3420 3436
f 3437 3424 3425
f 3437 3425 3438
f 3437 3136 3141
f 3437 3141 3438
f 3439 3140 3141
f 3439 3141 3438
f 3438 3439 3440
f 3438 3440 3441
f 3441 3426 3425
f 3441 3425 3438
f 3430 3124 3442
f 3124 3145 3442
f 3145 3136 3442
f 3136 3437 3442
f 3437 3424 3442
f 3424 3430 3442
f 3443 3444 3434
f 3443 3434 3134
f 3134 3149 3443
f 3434 3435 3444
f 3445 3446 3447
f 3445 3447 3448
f 3152 3149 3445
f 3152 3445 3448
f 3149 3443 3445
f 3449 3444 3443
f 3449 3443 3445
f 3445 3449 3446
f 3447 3448 3450
f 3447 3446 3450
f 3451 3452 3453
f 3451 3453 3454
f 3451 3454 3455
f 3451 3455 3456
f 3451 3456 3457
f 3451 3457 3452
f 3458 3459 3460
f 3460 3154 3159
f 3460 3159 3458
f 3461 3158 3159
f 3461 3159 3458
f 3461 3454 3453
f 3461 3453 3458
f 3462 3452 3453
f 3462 3453 3458
f 3458 3462 3459
f 3439 3140 3463
f 3140 3163 3463
f 3163 3154 3463
f 3154 3460 3463
f 3464 3459 3460
f 3464 3460 3463
f 3464 3440 3439
f 3464 3439 3463
f 3152 3448 3465
f 3152 3167 3465
f 3466 3467 3468
f 3468 3171 3175
f 3468 3175 3466
f 3175 3167 3466
f 3167 3465 3466
f 3465 3448 3466
f 3467 3450 3448
f 3467 3448 3466
f 3469 3470 3471
f 3469 3471 3472
f 3472 3176 3171
f 3472 3171 3469
f 3171 3468 3469
f 3467 3468 3469
f 3467 3469 3473
f 3469 3473 3470
f 3471 3472 3474
f 3471 3470 3474
f 3475 3476 3477
f 3475 3477 3478
f 3475 3478 3479
f 3475 3479 3480
f 3475 3480 3481
f 3475 3481 3476
f 3482 3483 3484
f 3484 3178 3183
f 3484 3183 3482
f 3485 3182 3183
f 3485 3183 3482
f 3485 3478 3477
f 3485 3477 3482
f 3486 3476 3477
f 3486 3477 3482
f 3482 3486 3483
f 3487 3454 3455
f 3487 3455 3488
f 3487 3185 3189
f 3487 3189 3488
f 3189 3178 3488
f 3178 3484 3488
f 3489 3483 3484
f 3489 3484 3488
f 3489 3456 3455
f 3489 3455 3488
f 3461 3158 3490
f 3158 3193 3490
f 3193 3185 3490
f 3185 3487 3490
f 3487 3454 3490
f 3454 3461 3490
f 3176 3472 3491
f 3176 3199 3491
f 3492 3493 3494
f 3494 3203 3207
f 3494 3207 3492
f 3207 3199 3492
f 3199 3491 3492
f 3491 3472 3492
f 3493 3474 3472
f 3493 3472 3492
f 3495 3496 3497
f 3497 3209 3213
f 3497 3213 3495
f 3213 3203 3495
f 3203 3494 3495
f 3498 3493 3494
f 3498 3494 3495
f 3495 3498 3496
f 3499 3500 3501
f 3501 3215 3219
f 3501 3219 3499
f 3219 3209 3499
f 3209 3497 3499
f 3502 3496 3497
f 3502 3497 3499
f 3499 3502 3500
f 3503 3504 3505
f 3505 3221 3225
f 3505 3225 3503
f 3225 3215 3503
f 3215 3501 3503
f 3506 3500 3501
f 3506 3501 3503
f 3503 3506 3504
f 3507 3508 3509
f 3509 3227 3231
f 3509 3231 3507
f 3231 3221 3507
f 3221 3505 3507
f 3510 3504 3505
f 3510 3505 3507
f 3507 3510 3508
f 3511 3478 3479
f 3511 3479 3512
f 3511 3233 3237
f 3511 3237 3512
f 3237 3227 3512
f 3227 3509 3512
f 3513 3508 3509
f 3513 3509 3512
f 3513 3480 3479
f 3513 3479 3512
f 3485 3182 3514
f 3182 3241 3514
f 3241 3233 3514
f 3233 3511 3514
f 3511 3478 3514
f 3478 3485 3514
f 3515 3516 3517
f 3515 3517 3518
f 3515 3518 3519
f 3515 3519 3520
f 3515 3520 3521
f 3515 3521 3516
f 3522 3523 3524
f 3524 3263 3266
f 3524 3266 3522
f 3525 3265 3266
f 3525 3266 3522
f 3525 3518 3517
f 3525 3517 3522
f 3526 3516 3517
f 3526 3517 3522
f 3522 3526 3523
f 3527 3528 3529
f 3529 3268 3270
f 3529 3270 3527
f 3270 3263 3527
f 3263 3524 3527
f 3530 3523 3524
f 3530 3524 3527
f 3527 3530 3528
f 3531 3532 3533
f 3533 3272 3274
f 3533 3274 3531
f 3274 3268 3531
f 3268 3529 3531
f 3528 3529 3531
f 3528 3531 3534
f 3531 3534 3532
f 3535 3536 3537
f 3535 3537 3538
f 3538 3277 3272
f 3538 3272 3535
f 3272 3533 3535
f 3532 3533 3535
f 3532 3535 3539
f 3535 3539 3536
f 3537 3538 3540
f 3537 3536 3540
f 3541 3542 3543
f 3543 3283 3286
f 3543 3286 3541
f 3544 3285 3286
f 3544 3286 3541
f 3541 3544 3545
f 3541 3545 3546
f 3541 3546 3542
f 3547 3548 3549
f 3549 3287 3289
f 3549 3289 3547
f 3289 3283 3547
f 3283 3543 3547
f 3550 3542 3543
f 3550 3543 3547
f 3547 3550 3548
f 3551 3518 3519
f 3551 3519 3552
f 3551 3290 3291
f 3551 3291 3552
f 3291 3287 3552
f 3287 3549 3552
f 3553 3548 3549
f 3553 3549 3552
f 3553 3520 3519
f 3553 3519 3552
f 3525 3265 3554
f 3265 3292 3554
f 3292 3290 3554
f 3290 3551 3554
f 3551 3518 3554
f 3518 3525 3554
f 3277 3538 3555
f 3277 3293 3555
f 3556 3557 3558
f 3294 3295 3556
f 3294 3556 3558
f 3295 3293 3556
f 3293 3555 3556
f 3555 3538 3556
f 3540 3538 3556
f 3540 3556 3557
f 3559 3560 3561
f 3296 3298 3559
f 3296 3559 3561
f 3298 3294 3559
f 3294 3558 3559
f 3562 3557 3558
f 3562 3558 3559
f 3559 3562 3560
f 3296 3301 3563
f 3564 3563 3296
f 3564 3296 3561
f 3561 3560 3564
f 3565 3566 3567
f 3565 3567 3568
f 3565 3568 3569
f 3565 3569 3570
f 3565 3570 3571
f 3565 3571 3566
f 3572 3573 3574
f 3574 3304 3307
f 3574 3307 3572
f 3575 3306 3307
f 3575 3307 3572
f 3575 3568 3567
f 3575 3567 3572
f 3576 3566 3567
f 3576 3567 3572
f 3572 3576 3573
f 3544 3285 3577
f 3285 3308 3577
f 3308 3304 3577
f 3304 3574 3577
f 3578 3573 3574
f 3578 3574 3577
f 3578 3545 3544
f 3578 3544 3577
f 3579 3580 3563
f 3579 3563 3301
f 3301 3309 3579
f 3563 3564 3580
f 3581 3582 3583
f 3581 3583 3584
f 3313 3309 3581
f 3313 3581 3584
f 3309 3579 3581
f 3580 3579 3581
f 3580 3581 3585
f 3581 3585 3582
f 3583 3584 3586
f 3583 3582 3586
f 3587 3568 3569
f 3587 3569 3588
f 3587 3316 3319
f 3587 3319 3588
f 3589 3318 3319
f 3589 3319 3588
f 3588 3589 3590
f 3588 3590 3591
f 3591 3570 3569
f 3591 3569 3588
f 3575 3306 3592
f 3306 3320 3592
f 3320 3316 3592
f 3316 3587 3592
f 3587 3568 3592
f 3568 3575 3592
f 3313 3584 3593
f 3313 3321 3593
f 3321 3325 3594
f 3595 3594 3321
f 3595 3321 3593
f 3596 3595 3593
f 3596 3593 3584
f 3584 3586 3596
f 3597 3598 3599
f 3599 3327 3331
f 3599 3331 3597
f 3600 3330 3331
f 3600 3331 3597
f 3597 3600 3601
f 3597 3601 3602
f 3597 3602 3598
f 3589 3318 3603
f 3318 3332 3603
f 3332 3327 3603
f 3327 3599 3603
f 3604 3598 3599
f 3604 3599 3603
f 3604 3590 3589
f 3604 3589 3603
f 3605 3606 3594
f 3605 3594 3325
f 3325 3333 3605
f 3594 3595 3606
f 3333 3336 3607
f 3607 3333 3605
f 3607 3605 3608
f 3605 3606 3608
f 3609 3610 3611
f 3611 3338 3342
f 3611 3342 3609
f 3612 3341 3342
f 3612 3342 3609
f 3609 3612 3613
f 3609 3613 3614
f 3609 3614 3610
f 3600 3330 3615
f 3330 3344 3615
f 3344 3338 3615
f 3338 3611 3615
f 3616 3610 3611
f 3616 3611 3615
f 3616 3601 3600
f 3616 3600 3615
f 3617 3618 3607
f 3617 3607 3336
f 3336 3345 3617
f 3607 3608 3618
f 3345 3348 3619
f 3620 3619 3345
f 3620 3345 3617
f 3617 3618 3620
f 3612 3341 3621
f 3341 3352 3621
f 3622 3351 3352
f 3622 3352 3621
f 3621 3622 3623
f 3621 3623 3624
f 3624 3613 3612
f 3624 3612 3621
f 3619 3348 3625
f 3348 3356 3625
f 3355 3356 3625
f 3355 3625 3626
f 3625 3626 3627
f 3625 3627 3628
f 3620 3619 3625
f 3620 3625 3628
f 3622 3351 3629
f 3351 3360 3629
f 3630 3359 3360
f 3630 3360 3629
f 3629 3630 3631
f 3629 3631 3632
f 3632 3623 3622
f 3632 3622 3629
f 3626 3355 3633
f 3355 3364 3633
f 3363 3364 3633
f 3363 3633 3634
f 3633 3634 3635
f 3633 3635 3636
f 3627 3626 3633
f 3627 3633 3636
f 3630 3359 3637
f 3359 3368 3637
f 3638 3367 3368
f 3638 3368 3637
f 3637 3638 3639
f 3637 3639 3640
f 3640 3631 3630
f 3640 3630 3637
f 3634 3363 3641
f 3363 3373 3641
f 3372 3373 3641
f 3372 3641 3642
f 3641 3642 3643
f 3641 3643 3644
f 3635 3634 3641
f 3635 3641 3644
f 3638 3367 3645
f 3367 3378 3645
f 3377 3378 3645
f 3377 3645 3646
f 3645 3646 3647
f 3645 3647 3648
f 3648 3639 3638
f 3648 3638 3645
f 3642 3372 3649
f 3372 3383 3649
f 3382 3383 3649
f 3382 3649 3650
f 3649 3650 3651
f 3649 3651 3652
f 3652 3643 3642
f 3652 3642 3649
f 3646 3377 3653
f 3377 3388 3653
f 3387 3388 3653
f 3387 3653 3654
f 3653 3654 3655
f 3653 3655 3656
f 3656 3647 3646
f 3656 3646 3653
f 3650 3382 3657
f 3382 3392 3657
f 3658 3391 3392
f 3658 3392 3657
f 3657 3658 3659
f 3657 3659 3660
f 3660 3651 3650
f 3660 3650 3657
f 3654 3387 3661
f 3387 3396 3661
f 3662 3395 3396
f 3662 3396 3661
f 3661 3662 3663
f 3661 3663 3664
f 3655 3654 3661
f 3655 3661 3664
f 3658 3391 3665
f 3391 3400 3665
f 3666 3399 3400
f 3666 3400 3665
f 3665 3666 3667
f 3665 3667 3668
f 3668 3659 3658
f 3668 3658 3665
f 3669 3662 3395
f 3669 3395 3670
f 3395 3402 3670
f 3662 3663 3669
f 3402 3404 3671
f 3671 3402 3670
f 3671 3670 3672
f 3670 3669 3672
f 3673 3674 3675
f 3675 3406 3411
f 3675 3411 3673
f 3410 3411 3673
f 3410 3673 3676
f 3673 3676 3677
f 3673 3677 3678
f 3673 3678 3674
f 3666 3399 3679
f 3399 3414 3679
f 3414 3406 3679
f 3406 3675 3679
f 3674 3675 3679
f 3674 3679 3680
f 3667 3666 3679
f 3667 3679 3680
f 3671 3404 3681
f 3682 3417 3404
f 3682 3404 3681
f 3681 3682 3683
f 3681 3683 3684
f 3681 3684 3685
f 3672 3671 3681
f 3672 3681 3685
f 3417 3420 3686
f 3417 3682 3686
f 3427 3422 3687
f 3427 3426 3687
f 3676 3410 3688
f 3410 3431 3688
f 3431 3422 3688
f 3689 3687 3422
f 3689 3422 3688
f 3688 3689 3690
f 3690 3677 3676
f 3690 3676 3688
f 3683 3682 3691
f 3683 3684 3691
f 3686 3420 3692
f 3420 3436 3692
f 3435 3436 3692
f 3435 3692 3693
f 3692 3693 3694
f 3691 3682 3692
f 3691 3692 3694
f 3682 3686 3692
f 3695 3687 3426
f 3695 3426 3696
f 3426 3441 3696
f 3697 3440 3441
f 3697 3441 3696
f 3696 3697 3698
f 3696 3698 3699
f 3696 3699 3695
f 3687 3695 3700
f 3687 3689 3700
f 3701 3693 3435
f 3701 3435 3702
f 3435 3444 3702
f 3693 3694 3701
f 3449 3446 3703
f 3703 3449 3444
f 3703 3444 3704
f 3704 3444 3702
f 3704 3702 3705
f 3702 3701 3705
f 3446 3450 3706
f 3446 3703 3706
f 3457 3452 3707
f 3457 3456 3707
f 3708 3709 3710
f 3710 3459 3462
f 3710 3462 3708
f 3462 3452 3708
f 3711 3707 3452
f 3711 3452 3708
f 3708 3711 3712
f 3708 3712 3709
f 3697 3440 3713
f 3440 3464 3713
f 3464 3459 3713
f 3459 3710 3713
f 3709 3710 3713
f 3709 3713 3714
f 3698 3697 3713
f 3698 3713 3714
f 3704 3703 3715
f 3704 3705 3715
f 3716 3706 3450
f 3716 3450 3717
f 3450 3467 3717
f 3703 3715 3718
f 3716 3718 3703
f 3716 3703 3706
f 3473 3470 3719
f 3720 3719 3473
f 3720 3473 3467
f 3721 3720 3467
f 3721 3467 3717
f 3717 3716 3721
f 3470 3474 3722
f 3470 3719 3722
f 3481 3476 3723
f 3481 3480 3723
f 3724 3725 3726
f 3483 3486 3724
f 3483 3724 3726
f 3486 3476 3724
f 3727 3723 3476
f 3727 3476 3724
f 3724 3727 3728
f 3724 3728 3725
f 3729 3707 3456
f 3729 3456 3730
f 3456 3489 3730
f 3489 3483 3730
f 3483 3726 3730
f 3731 3725 3726
f 3731 3726 3730
f 3730 3731 3729
f 3707 3729 3732
f 3707 3711 3732
f 3720 3719 3733
f 3720 3721 3733
f 3734 3722 3474
f 3734 3474 3735
f 3474 3493 3735
f 3719 3733 3736
f 3734 3736 3719
f 3734 3719 3722
f 3737 3738 3739
f 3496 3498 3737
f 3496 3737 3739
f 3498 3493 3737
f 3493 3735 3737
f 3734 3735 3737
f 3734 3737 3740
f 3737 3740 3738
f 3741 3742 3743
f 3500 3502 3741
f 3500 3741 3743
f 3502 3496 3741
f 3496 3739 3741
f 3738 3739 3741
f 3738 3741 3744
f 3741 3744 3742
f 3745 3746 3747
f 3504 3506 3745
f 3504 3745 3747
f 3506 3500 3745
f 3500 3743 3745
f 3742 3743 3745
f 3742 3745 3748
f 3745 3748 3746
f 3749 3750 3751
f 3751 3508 3510
f 3751 3510 3749
f 3510 3504 3749
f 3504 3747 3749
f 3746 3747 3749
f 3746 3749 3752
f 3749 3752 3750
f 3753 3723 3480
f 3753 3480 3754
f 3480 3513 3754
f 3513 3508 3754
f 3508 3751 3754
f 3750 3751 3754
f 3750 3754 3755
f 3754 3755 3753
f 3723 3753 3756
f 3723 3727 3756
f 3521 3516 3757
f 3521 3520 3757
f 3526 3523 3758
f 3758 3526 3516
f 3758 3516 3759
f 3516 3757 3759
f 3530 3528 3760
f 3760 3530 3523
f 3760 3523 3761
f 3523 3758 3761
f 3534 3532 3762
f 3763 3762 3534
f 3763 3534 3528
f 3528 3760 3763
f 3539 3536 3764
f 3765 3764 3539
f 3765 3539 3532
f 3532 3762 3765
f 3536 3540 3766
f 3536 3764 3766
f 3546 3542 3767
f 3546 3545 3767
f 3550 3548 3768
f 3768 3550 3542
f 3768 3542 3769
f 3542 3767 3769
f 3520 3757 3770
f 3771 3770 3520
f 3771 3520 3553
f 3772 3771 3553
f 3772 3553 3548
f 3548 3768 3772
f 3759 3758 3773
f 3770 3771 3774
f 3775 3774 3770
f 3775 3770 3757
f 3775 3757 3759
f 3775 3759 3773
f 3761 3760 3776
f 3758 3773 3777
f 3777 3758 3761
f 3777 3761 3776
f 3763 3762 3778
f 3760 3776 3779
f 3778 3779 3760
f 3778 3760 3763
f 3764 3765 3780
f 3764 3780 3781
f 3780 3781 3782
f 3780 3782 3783
f 3780 3783 3784
f 3778 3762 3780
f 3778 3780 3784
f 3762 3765 3780
f 3766 3540 3785
f 3557 3540 3785
f 3557 3785 3786
f 3785 3786 3787
f 3787 3782 3781
f 3787 3781 3785
f 3781 3764 3785
f 3764 3766 3785
f 3562 3560 3788
f 3788 3562 3557
f 3788 3557 3789
f 3557 3786 3789
f 3560 3564 3790
f 3560 3788 3790
f 3571 3566 3791
f 3571 3570 3791
f 3576 3573 3792
f 3792 3576 3566
f 3792 3566 3793
f 3566 3791 3793
f 3767 3545 3794
f 3767 3794 3795
f 3545 3578 3794
f 3578 3573 3794
f 3792 3573 3794
f 3792 3794 3796
f 3794 3796 3797
f 3794 3797 3795
f 3769 3768 3798
f 3767 3795 3799
f 3799 3767 3769
f 3799 3769 3798
f 3772 3771 3800
f 3768 3798 3801
f 3801 3768 3772
f 3801 3772 3800
f 3771 3800 3802
f 3771 3774 3802
f 3783 3782 3803
f 3783 3784 3803
f 3787 3786 3804
f 3782 3803 3805
f 3804 3805 3782
f 3804 3782 3787
f 3789 3788 3806
f 3786 3804 3807
f 3806 3807 3786
f 3806 3786 3789
f 3790 3564 3808
f 3809 3580 3564
f 3809 3564 3808
f 3808 3809 3810
f 3808 3810 3811
f 3811 3806 3788
f 3811 3788 3808
f 3788 3790 3808
f 3585 3582 3812
f 3813 3812 3585
f 3813 3585 3580
f 3580 3809 3813
f 3582 3586 3814
f 3582 3812 3814
f 3570 3791 3815
f 3816 3815 3570
f 3816 3570 3591
f 3591 3590 3816
f 3793 3792 3817
f 3815 3816 3818
f 3818 3815 3791
f 3818 3791 3819
f 3819 3791 3793
f 3819 3793 3817
f 3792 3817 3820
f 3792 3796 3820
f 3810 3809 3821
f 3810 3811 3821
f 3822 3812 3813
f 3822 3813 3823
f 3823 3822 3824
f 3823 3824 3825
f 3823 3825 3826
f 3826 3821 3809
f 3826 3809 3823
f 3809 3813 3823
f 3814 3586 3827
f 3586 3596 3827
f 3828 3595 3596
f 3828 3596 3827
f 3824 3822 3827
f 3824 3827 3828
f 3822 3812 3827
f 3812 3814 3827
f 3602 3598 3829
f 3602 3601 3829
f 3816 3590 3830
f 3816 3830 3831
f 3590 3604 3830
f 3604 3598 3830
f 3829 3598 3830
f 3829 3830 3832
f 3830 3832 3833
f 3830 3833 3831
f 3816 3831 3834
f 3816 3818 3834
f 3825 3824 3835
f 3825 3826 3835
f 3828 3595 3836
f 3837 3606 3595
f 3837 3595 3836
f 3836 3837 3838
f 3836 3838 3839
f 3839 3835 3824
f 3839 3824 3836
f 3824 3828 3836
f 3606 3608 3840
f 3606 3837 3840
f 3614 3610 3841
f 3614 3613 3841
f 3601 3829 3842
f 3843 3842 3601
f 3843 3601 3616
f 3844 3843 3616
f 3844 3616 3610
f 3610 3841 3844
f 3842 3843 3845
f 3846 3845 3842
f 3846 3842 3829
f 3829 3832 3846
f 3837 3838 3847
f 3837 3847 3848
f 3847 3848 3849
f 3847 3849 3850
f 3847 3850 3851
f 3847 3851 3852
f 3839 3838 3847
f 3839 3847 3852
f 3840 3608 3853
f 3854 3618 3608
f 3854 3608 3853
f 3853 3854 3855
f 3855 3849 3848
f 3855 3848 3853
f 3848 3837 3853
f 3837 3840 3853
f 3618 3620 3856
f 3618 3854 3856
f 3613 3841 3857
f 3858 3857 3613
f 3858 3613 3624
f 3624 3623 3858
f 3844 3843 3859
f 3857 3858 3860
f 3860 3857 3841
f 3860 3841 3861
f 3861 3841 3844
f 3861 3844 3859
f 3843 3859 3862
f 3843 3845 3862
f 3850 3849 3863
f 3850 3851 3863
f 3864 3854 3855
f 3864 3855 3865
f 3865 3864 3866
f 3865 3866 3867
f 3865 3867 3868
f 3868 3863 3849
f 3868 3849 3865
f 3849 3855 3865
f 3856 3620 3869
f 3620 3628 3869
f 3627 3628 3869
f 3627 3869 3870
f 3866 3864 3869
f 3866 3869 3870
f 3864 3854 3869
f 3854 3856 3869
f 3623 3858 3871
f 3872 3871 3623
f 3872 3623 3632
f 3632 3631 3872
f 3871 3872 3873
f 3874 3873 3871
f 3874 3871 3858
f 3858 3860 3874
f 3875 3866 3867
f 3875 3867 3876
f 3876 3875 3877
f 3876 3877 3878
f 3876 3878 3879
f 3876 3879 3880
f 3880 3868 3867
f 3880 3867 3876
f 3870 3627 3881
f 3627 3636 3881
f 3882 3635 3636
f 3882 3636 3881
f 3882 3877 3875
f 3882 3875 3881
f 3875 3866 3881
f 3866 3870 3881
f 3631 3872 3883
f 3883 3631 3640
f 3883 3640 3884
f 3640 3639 3884
f 3883 3884 3885
f 3886 3885 3883
f 3886 3883 3872
f 3872 3873 3886
f 3887 3877 3878
f 3887 3878 3888
f 3888 3887 3889
f 3888 3889 3890
f 3888 3890 3891
f 3888 3891 3892
f 3892 3879 3878
f 3892 3878 3888
f 3882 3635 3893
f 3635 3644 3893
f 3894 3643 3644
f 3894 3644 3893
f 3894 3889 3887
f 3894 3887 3893
f 3887 3877 3893
f 3877 3882 3893
f 3639 3884 3895
f 3895 3639 3648
f 3895 3648 3896
f 3648 3647 3896
f 3895 3896 3897
f 3897 3895 3884
f 3897 3884 3898
f 3884 3885 3898
f 3899 3889 3890
f 3899 3890 3900
f 3900 3899 3901
f 3900 3901 3902
f 3900 3902 3903
f 3900 3903 3904
f 3904 3891 3890
f 3904 3890 3900
f 3894 3643 3905
f 3643 3652 3905
f 3906 3651 3652
f 3906 3652 3905
f 3906 3901 3899
f 3906 3899 3905
f 3899 3889 3905
f 3889 3894 3905
f 3647 3896 3907
f 3907 3647 3656
f 3907 3656 3908
f 3656 3655 3908
f 3907 3908 3909
f 3910 3909 3907
f 3910 3907 3896
f 3896 3897 3910
f 3911 3901 3902
f 3911 3902 3912
f 3912 3911 3913
f 3912 3913 3914
f 3912 3914 3915
f 3912 3915 3916
f 3916 3903 3902
f 3916 3902 3912
f 3906 3651 3917
f 3651 3660 3917
f 3918 3659 3660
f 3918 3660 3917
f 3918 3913 3911
f 3918 3911 3917
f 3911 3901 3917
f 3901 3906 3917
f 3655 3908 3919
f 3919 3655 3664
f 3919 3664 3920
f 3664 3663 3920
f 3921 3922 3923
f 3921 3923 3924
f 3921 3924 3925
f 3920 3919 3921
f 3920 3921 3925
f 3919 3908 3921
f 3909 3908 3921
f 3909 3921 3922
f 3923 3924 3926
f 3923 3922 3926
f 3927 3928 3929
f 3927 3929 3930
f 3927 3930 3931
f 3927 3931 3932
f 3927 3932 3933
f 3927 3933 3928
f 3934 3913 3914
f 3934 3914 3935
f 3935 3934 3936
f 3935 3936 3937
f 3937 3930 3929
f 3937 3929 3935
f 3938 3928 3929
f 3938 3929 3935
f 3938 3915 3914
f 3938 3914 3935
f 3918 3659 3939
f 3659 3668 3939
f 3940 3667 3668
f 3940 3668 3939
f 3940 3936 3934
f 3940 3934 3939
f 3934 3913 3939
f 3913 3918 3939
f 3663 3920 3941
f 3663 3669 3941
f 3942 3924 3925
f 3942 3925 3943
f 3943 3942 3944
f 3944 3672 3669
f 3944 3669 3943
f 3669 3941 3943
f 3941 3920 3943
f 3920 3925 3943
f 3942 3944 3945
f 3945 3942 3924
f 3945 3924 3946
f 3924 3926 3946
f 3947 3930 3931
f 3947 3931 3948
f 3948 3947 3949
f 3948 3949 3950
f 3948 3950 3951
f 3948 3951 3952
f 3952 3932 3931
f 3952 3931 3948
f 3953 3936 3937
f 3953 3937 3954
f 3953 3674 3678
f 3953 3678 3954
f 3955 3677 3678
f 3955 3678 3954
f 3955 3949 3947
f 3955 3947 3954
f 3947 3930 3954
f 3930 3937 3954
f 3940 3667 3956
f 3667 3680 3956
f 3680 3674 3956
f 3674 3953 3956
f 3953 3936 3956
f 3936 3940 3956
f 3672 3944 3957
f 3957 3672 3685
f 3957 3685 3958
f 3685 3684 3958
f 3959 3960 3961
f 3959 3961 3962
f 3959 3962 3963
f 3963 3958 3957
f 3963 3957 3959
f 3957 3944 3959
f 3960 3945 3944
f 3960 3944 3959
f 3961 3962 3964
f 3961 3960 3964
f 3965 3966 3967
f 3965 3967 3968
f 3965 3968 3969
f 3965 3969 3970
f 3965 3970 3971
f 3965 3971 3966
f 3972 3949 3950
f 3972 3950 3973
f 3973 3972 3974
f 3973 3974 3975
f 3975 3968 3967
f 3975 3967 3973
f 3976 3966 3967
f 3976 3967 3973
f 3976 3951 3950
f 3976 3950 3973
f 3955 3677 3977
f 3677 3690 3977
f 3978 3689 3690
f 3978 3690 3977
f 3978 3974 3972
f 3978 3972 3977
f 3972 3949 3977
f 3949 3955 3977
f 3684 3958 3979
f 3684 3691 3979
f 3962 3963 3980
f 3962 3980 3981
f 3980 3981 3982
f 3694 3691 3980
f 3694 3980 3982
f 3691 3979 3980
f 3979 3958 3980
f 3958 3963 3980
f 3983 3984 3985
f 3983 3985 3986
f 3983 3986 3987
f 3987 3982 3981
f 3987 3981 3983
f 3981 3962 3983
f 3984 3964 3962
f 3984 3962 3983
f 3985 3986 3988
f 3985 3984 3988
f 3989 3990 3991
f 3989 3991 3992
f 3989 3992 3993
f 3989 3993 3994
f 3989 3994 3995
f 3989 3995 3990
f 3996 3968 3969
f 3996 3969 3997
f 3997 3996 3998
f 3997 3998 3999
f 3999 3992 3991
f 3999 3991 3997
f 4000 3990 3991
f 4000 3991 3997
f 4000 3970 3969
f 4000 3969 3997
f 4001 3974 3975
f 4001 3975 4002
f 4001 3695 3699
f 4001 3699 4002
f 4003 3698 3699
f 4003 3699 4002
f 4003 3998 3996
f 4003 3996 4002
f 3996 3968 4002
f 3968 3975 4002
f 3978 3689 4004
f 3689 3700 4004
f 3700 3695 4004
f 3695 4001 4004
f 4001 3974 4004
f 3974 3978 4004
f 3694 3982 4005
f 3694 3701 4005
f 3986 3987 4006
f 3986 4006 4007
f 4006 4007 4008
f 4008 3705 3701
f 4008 3701 4006
f 3701 4005 4006
f 4005 3982 4006
f 3982 3987 4006
f 4009 4010 4011
f 4009 4011 4012
f 4009 4012 4013
f 4013 4008 4007
f 4013 4007 4009
f 4007 3986 4009
f 4010 3988 3986
f 4010 3986 4009
f 4014 4015 4016
f 4014 4016 4017
f 4014 4017 4018
f 4012 4011 4014
f 4012 4014 4018
f 4019 4010 4011
f 4019 4011 4014
f 4014 4019 4015
f 4016 4017 4020
f 4016 4015 4020
f 4021 4022 4023
f 4021 4023 4024
f 4021 4024 4025
f 4021 4025 4026
f 4021 4026 4027
f 4021 4027 4022
f 4028 4029 4030
f 4028 4030 4031
f 4028 4031 4032
f 4032 4024 4023
f 4032 4023 4028
f 4033 4022 4023
f 4033 4023 4028
f 4028 4033 4029
f 4034 3992 3993
f 4034 3993 4035
f 4035 4034 4036
f 4035 4036 4037
f 4037 4031 4030
f 4037 4030 4035
f 4038 4029 4030
f 4038 4030 4035
f 4038 3994 3993
f 4038 3993 4035
f 4039 3998 3999
f 4039 3999 4040
f 4039 3709 3712
f 4039 3712 4040
f 4041 3711 3712
f 4041 3712 4040
f 4041 4036 4034
f 4041 4034 4040
f 4034 3992 4040
f 3992 3999 4040
f 4003 3698 4042
f 3698 3714 4042
f 3714 3709 4042
f 3709 4039 4042
f 4039 3998 4042
f 3998 4003 4042
f 3705 4008 4043
f 3705 3715 4043
f 4012 4013 4044
f 4012 4044 4045
f 3716 3718 4044
f 3716 4044 4045
f 3718 3715 4044
f 3715 4043 4044
f 4043 4008 4044
f 4008 4013 4044
f 4046 4017 4018
f 4046 4018 4047
f 4047 4046 4048
f 4048 3721 3716
f 4048 3716 4047
f 3716 4045 4047
f 4045 4012 4047
f 4012 4018 4047
f 4049 4050 4051
f 4049 4051 4052
f 4049 4052 4053
f 4053 4048 4046
f 4053 4046 4049
f 4046 4017 4049
f 4050 4020 4017
f 4050 4017 4049
f 4054 4055 4056
f 4054 4056 4057
f 4054 4057 4058
f 4058 4052 4051
f 4058 4051 4054
f 4059 4050 4051
f 4059 4051 4054
f 4054 4059 4055
f 4060 4061 4062
f 4060 4062 4063
f 4060 4063 4064
f 4064 4057 4056
f 4064 4056 4060
f 4065 4055 4056
f 4065 4056 4060
f 4060 4065 4061
f 4066 4067 4068
f 4066 4068 4069
f 4066 4069 4070
f 4070 4063 4062
f 4070 4062 4066
f 4071 4061 4062
f 4071 4062 4066
f 4066 4071 4067
f 4072 4073 4074
f 4072 4074 4075
f 4072 4075 4076
f 4076 4069 4068
f 4076 4068 4072
f 4077 4067 4068
f 4077 4068 4072
f 4072 4077 4073
f 4078 4024 4025
f 4078 4025 4079
f 4079 4078 4080
f 4079 4080 4081
f 4081 4075 4074
f 4081 4074 4079
f 4082 4073 4074
f 4082 4074 4079
f 4082 4026 4025
f 4082 4025 4079
f 4083 4031 4032
f 4083 4032 4084
f 4083 3725 3728
f 4083 3728 4084
f 4085 3727 3728
f 4085 3728 4084
f 4085 4080 4078
f 4085 4078 4084
f 4078 4024 4084
f 4024 4032 4084
f 4086 4036 4037
f 4086 4037 4087
f 4086 3729 3731
f 4086 3731 4087
f 3731 3725 4087
f 3725 4083 4087
f 4083 4031 4087
f 4031 4037 4087
f 4041 3711 4088
f 3711 3732 4088
f 3732 3729 4088
f 3729 4086 4088
f 4086 4036 4088
f 4036 4041 4088
f 3721 4048 4089
f 3721 3733 4089
f 4052 4053 4090
f 4052 4090 4091
f 3734 3736 4090
f 3734 4090 4091
f 3736 3733 4090
f 3733 4089 4090
f 4089 4048 4090
f 4048 4053 4090
f 4057 4058 4092
f 4057 4092 4093
f 4093 3738 3740
f 4093 3740 4092
f 3740 3734 4092
f 3734 4091 4092
f 4091 4052 4092
f 4052 4058 4092
f 4094 4063 4064
f 4094 4064 4095
f 4094 3742 3744
f 4094 3744 4095
f 3744 3738 4095
f 3738 4093 4095
f 4093 4057 4095
f 4057 4064 4095
f 4096 4069 4070
f 4096 4070 4097
f 4096 3746 3748
f 4096 3748 4097
f 3748 3742 4097
f 3742 4094 4097
f 4094 4063 4097
f 4063 4070 4097
f 4098 4075 4076
f 4098 4076 4099
f 4098 3750 3752
f 4098 3752 4099
f 3752 3746 4099
f 3746 4096 4099
f 4096 4069 4099
f 4069 4076 4099
f 4100 4080 4081
f 4100 4081 4101
f 4100 3753 3755
f 4100 3755 4101
f 3755 3750 4101
f 3750 4098 4101
f 4098 4075 4101
f 4075 4081 4101
f 4085 3727 4102
f 3727 3756 4102
f 3756 3753 4102
f 3753 4100 4102
f 4100 4080 4102
f 4080 4085 4102
f 3775 3773 4103
f 3775 3774 4103
f 3777 3776 4104
f 4105 4104 3777
f 4105 3777 3773
f 3773 4103 4105
f 3779 3778 4106
f 4107 4106 3779
f 4107 3779 3776
f 3776 4104 4107
f 3778 3784 4108
f 3778 4106 4108
f 3797 3795 4109
f 3797 3796 4109
f 4110 4111 4112
f 3798 3799 4110
f 3798 4110 4112
f 3799 3795 4110
f 4109 3795 4110
f 4109 4110 4113
f 4110 4113 4114
f 4110 4114 4111
f 4115 4116 4117
f 4117 3800 3801
f 4117 3801 4115
f 3801 3798 4115
f 3798 4112 4115
f 4118 4111 4112
f 4118 4112 4115
f 4115 4118 4116
f 4103 3774 4119
f 4103 4119 4120
f 3774 3802 4119
f 3802 3800 4119
f 3800 4117 4119
f 4116 4117 4119
f 4116 4119 4121
f 4119 4121 4120
f 4105 4104 4122
f 4103 4120 4123
f 4123 4103 4105
f 4123 4105 4122
f 4107 4106 4124
f 4104 4122 4125
f 4125 4104 4107
f 4125 4107 4124
f 4126 4108 3784
f 4126 3784 4127
f 3784 3803 4127
f 4106 4124 4128
f 4128 4106 4108
f 4128 4108 4126
f 4129 4130 4131
f 3804 3805 4129
f 3804 4129 4131
f 3805 3803 4129
f 3803 4127 4129
f 4126 4127 4129
f 4126 4129 4132
f 4129 4132 4130
f 3807 3806 4133
f 4134 4133 3807
f 4134 3807 3804
f 4134 3804 4131
f 4134 4131 4135
f 4131 4130 4135
f 3806 3811 4136
f 3806 4133 4136
f 3819 3817 4137
f 3819 3818 4137
f 4138 4109 3796
f 4138 3796 4139
f 3796 3820 4139
f 3820 3817 4139
f 4140 4137 3817
f 4140 3817 4139
f 4139 4140 4141
f 4139 4141 4138
f 4109 4138 4142
f 4109 4113 4142
f 4134 4133 4143
f 4134 4135 4143
f 4136 3811 4144
f 3821 3811 4144
f 3821 4144 4145
f 4144 4145 4146
f 4144 4146 4147
f 4143 4133 4144
f 4143 4144 4147
f 4133 4136 4144
f 3821 3826 4148
f 3821 4145 4148
f 3833 3831 4149
f 3833 3832 4149
f 4150 4137 3818
f 4150 3818 4151
f 3818 3834 4151
f 3834 3831 4151
f 4152 4149 3831
f 4152 3831 4151
f 4151 4152 4153
f 4151 4153 4150
f 4137 4150 4154
f 4137 4140 4154
f 4146 4145 4155
f 4146 4147 4155
f 4148 3826 4156
f 3835 3826 4156
f 3835 4156 4157
f 4156 4157 4158
f 4156 4158 4159
f 4159 4155 4145
f 4159 4145 4156
f 4145 4148 4156
f 3835 3839 4160
f 3835 4157 4160
f 4161 4149 3832
f 4161 3832 4162
f 3832 3846 4162
f 4163 3845 3846
f 4163 3846 4162
f 4162 4163 4164
f 4162 4164 4165
f 4162 4165 4161
f 4149 4161 4166
f 4149 4152 4166
f 4158 4157 4167
f 4158 4159 4167
f 4160 3839 4168
f 3839 3852 4168
f 4169 3851 3852
f 4169 3852 4168
f 4168 4169 4170
f 4170 4167 4157
f 4170 4157 4168
f 4157 4160 4168
f 3861 3859 4171
f 3861 3860 4171
f 4163 3845 4172
f 3845 3862 4172
f 3862 3859 4172
f 4171 3859 4172
f 4171 4172 4173
f 4172 4173 4174
f 4164 4163 4172
f 4164 4172 4174
f 4169 3851 4175
f 4176 3863 3851
f 4176 3851 4175
f 4175 4176 4177
f 4175 4177 4178
f 4175 4178 4179
f 4170 4169 4175
f 4170 4175 4179
f 3863 3868 4180
f 3863 4176 4180
f 3860 4171 4181
f 4182 4181 3860
f 4182 3860 3874
f 3874 3873 4182
f 4181 4182 4183
f 4184 4183 4181
f 4184 4181 4171
f 4171 4173 4184
f 4176 4177 4185
f 4176 4185 4186
f 4185 4186 4187
f 4185 4187 4188
f 4185 4188 4189
f 4185 4189 4190
f 4178 4177 4185
f 4178 4185 4190
f 4180 3868 4191
f 3868 3880 4191
f 4192 3879 3880
f 4192 3880 4191
f 4192 4187 4186
f 4192 4186 4191
f 4186 4176 4191
f 4176 4180 4191
f 4193 4182 3873
f 4193 3873 4194
f 3873 3886 4194
f 3885 3886 4194
f 3885 4194 4195
f 4194 4195 4196
f 4194 4196 4197
f 4194 4197 4193
f 4182 4193 4198
f 4182 4183 4198
f 4188 4187 4199
f 4188 4189 4199
f 4192 3879 4200
f 3879 3892 4200
f 4201 3891 3892
f 4201 3892 4200
f 4200 4201 4202
f 4202 4199 4187
f 4202 4187 4200
f 4187 4192 4200
f 4203 4204 4195
f 4203 4195 3885
f 4205 4203 3885
f 4205 3885 3898
f 3898 3897 4205
f 4195 4196 4204
f 4203 4205 4206
f 4203 4204 4206
f 4207 4208 4209
f 4207 4209 4210
f 4207 4210 4211
f 4207 4211 4212
f 4207 4212 4213
f 4207 4213 4208
f 4201 3891 4214
f 3891 3904 4214
f 4215 3903 3904
f 4215 3904 4214
f 4215 4210 4209
f 4215 4209 4214
f 4216 4208 4209
f 4216 4209 4214
f 4216 4202 4201
f 4216 4201 4214
f 3897 4205 4217
f 4217 3897 3910
f 4217 3910 4218
f 3910 3909 4218
f 4217 4218 4219
f 4219 4217 4205
f 4219 4205 4220
f 4205 4206 4220
f 4221 4210 4211
f 4221 4211 4222
f 4222 4221 4223
f 4222 4223 4224
f 4222 4224 4225
f 4222 4225 4226
f 4226 4212 4211
f 4226 4211 4222
f 4215 3903 4227
f 3903 3916 4227
f 4228 3915 3916
f 4228 3916 4227
f 4228 4223 4221
f 4228 4221 4227
f 4221 4210 4227
f 4210 4215 4227
f 3909 4218 4229
f 3909 3922 4229
f 3922 3926 4230
f 4231 4230 3922
f 4231 3922 4229
f 4231 4229 4218
f 4231 4218 4232
f 4218 4219 4232
f 4233 4223 4224
f 4233 4224 4234
f 4233 3928 3933
f 4233 3933 4234
f 4235 3932 3933
f 4235 3933 4234
f 4234 4235 4236
f 4234 4236 4237
f 4237 4225 4224
f 4237 4224 4234
f 4228 3915 4238
f 3915 3938 4238
f 3938 3928 4238
f 3928 4233 4238
f 4233 4223 4238
f 4223 4228 4238
f 4239 4230 3926
f 4239 3926 4240
f 4240 3926 3946
f 4240 3946 4241
f 3946 3945 4241
f 4230 4231 4239
f 4240 4241 4242
f 4240 4239 4242
f 4243 4244 4245
f 4243 4245 4246
f 4243 4246 4247
f 4243 4247 4248
f 4243 4248 4249
f 4243 4249 4244
f 4235 3932 4250
f 3932 3952 4250
f 4251 3951 3952
f 4251 3952 4250
f 4251 4246 4245
f 4251 4245 4250
f 4252 4244 4245
f 4252 4245 4250
f 4252 4236 4235
f 4252 4235 4250
f 3945 4241 4253
f 3945 3960 4253
f 4254 4255 4256
f 4254 4256 4257
f 3964 3960 4254
f 3964 4254 4257
f 3960 4253 4254
f 4253 4241 4254
f 4242 4241 4254
f 4242 4254 4255
f 4256 4257 4258
f 4256 4255 4258
f 4259 4260 4261
f 4259 4261 4262
f 4259 4262 4263
f 4259 4263 4264
f 4259 4264 4265
f 4259 4265 4260
f 4266 4246 4247
f 4266 4247 4267
f 4266 3966 3971
f 4266 3971 4267
f 4268 3970 3971
f 4268 3971 4267
f 4268 4262 4261
f 4268 4261 4267
f 4269 4260 4261
f 4269 4261 4267
f 4269 4248 4247
f 4269 4247 4267
f 4251 3951 4270
f 3951 3976 4270
f 3976 3966 4270
f 3966 4266 4270
f 4266 4246 4270
f 4246 4251 4270
f 3964 4257 4271
f 3964 3984 4271
f 4272 4273 4274
f 4272 4274 4275
f 4275 3988 3984
f 4275 3984 4272
f 3984 4271 4272
f 4271 4257 4272
f 4273 4258 4257
f 4273 4257 4272
f 4274 4275 4276
f 4274 4273 4276
f 4277 4278 4279
f 4277 4279 4280
f 4277 4280 4281
f 4277 4281 4282
f 4277 4282 4283
f 4277 4283 4278
f 4284 4262 4263
f 4284 4263 4285
f 4284 3990 3995
f 4284 3995 4285
f 4286 3994 3995
f 4286 3995 4285
f 4286 4280 4279
f 4286 4279 4285
f 4287 4278 4279
f 4287 4279 4285
f 4287 4264 4263
f 4287 4263 4285
f 4268 3970 4288
f 3970 4000 4288
f 4000 3990 4288
f 3990 4284 4288
f 4284 4262 4288
f 4262 4268 4288
f 3988 4275 4289
f 3988 4010 4289
f 4290 4291 4292
f 4292 4015 4019
f 4292 4019 4290
f 4019 4010 4290
f 4010 4289 4290
f 4289 4275 4290
f 4291 4276 4275
f 4291 4275 4290
f 4293 4294 4295
f 4293 4295 4296
f 4296 4020 4015
f 4296 4015 4293
f 4015 4292 4293
f 4297 4291 4292
f 4297 4292 4293
f 4293 4297 4294
f 4298 4299 4300
f 4298 4300 4301
f 4298 4301 4302
f 4302 4296 4295
f 4302 4295 4298
f 4303 4294 4295
f 4303 4295 4298
f 4298 4303 4299
f 4304 4305 4306
f 4304 4306 4307
f 4304 4307 4308
f 4308 4301 4300
f 4308 4300 4304
f 4309 4299 4300
f 4309 4300 4304
f 4304 4309 4305
f 4310 4311 4312
f 4310 4312 4313
f 4310 4313 4314
f 4314 4307 4306
f 4314 4306 4310
f 4315 4305 4306
f 4315 4306 4310
f 4310 4315 4311
f 4316 4317 4318
f 4316 4318 4319
f 4316 4319 4320
f 4320 4313 4312
f 4320 4312 4316
f 4321 4311 4312
f 4321 4312 4316
f 4316 4321 4317
f 4322 4323 4324
f 4324 4022 4027
f 4324 4027 4322
f 4325 4026 4027
f 4325 4027 4322
f 4325 4319 4318
f 4325 4318 4322
f 4326 4317 4318
f 4326 4318 4322
f 4322 4326 4323
f 4327 4280 4281
f 4327 4281 4328
f 4327 4029 4033
f 4327 4033 4328
f 4033 4022 4328
f 4022 4324 4328
f 4329 4323 4324
f 4329 4324 4328
f 4329 4282 4281
f 4329 4281 4328
f 4286 3994 4330
f 3994 4038 4330
f 4038 4029 4330
f 4029 4327 4330
f 4327 4280 4330
f 4280 4286 4330
f 4020 4296 4331
f 4020 4050 4331
f 4301 4302 4332
f 4301 4332 4333
f 4055 4059 4332
f 4055 4332 4333
f 4059 4050 4332
f 4050 4331 4332
f 4331 4296 4332
f 4296 4302 4332
f 4334 4307 4308
f 4334 4308 4335
f 4334 4061 4065
f 4334 4065 4335
f 4065 4055 4335
f 4055 4333 4335
f 4333 4301 4335
f 4301 4308 4335
f 4336 4313 4314
f 4336 4314 4337
f 4336 4067 4071
f 4336 4071 4337
f 4071 4061 4337
f 4061 4334 4337
f 4334 4307 4337
f 4307 4314 4337
f 4338 4319 4320
f 4338 4320 4339
f 4338 4073 4077
f 4338 4077 4339
f 4077 4067 4339
f 4067 4336 4339
f 4336 4313 4339
f 4313 4320 4339
f 4325 4026 4340
f 4026 4082 4340
f 4082 4073 4340
f 4073 4338 4340
f 4338 4319 4340
f 4319 4325 4340
f 4114 4111 4341
f 4114 4113 4341
f 4342 4343 4344
f 4116 4118 4342
f 4116 4342 4344
f 4118 4111 4342
f 4345 4341 4111
f 4345 4111 4342
f 4342 4345 4346
f 4342 4346 4343
f 4347 4348 4349
f 4120 4121 4347
f 4120 4347 4349
f 4121 4116 4347
f 4116 4344 4347
f 4350 4343 4344
f 4350 4344 4347
f 4347 4350 4348
f 4351 4352 4353
f 4122 4123 4351
f 4122 4351 4353
f 4123 4120 4351
f 4120 4349 4351
f 4348 4349 4351
f 4348 4351 4354
f 4351 4354 4352
f 4355 4356 4357
f 4124 4125 4355
f 4124 4355 4357
f 4125 4122 4355
f 4122 4353 4355
f 4352 4353 4355
f 4352 4355 4358
f 4355 4358 4356
f 4359 4360 4361
f 4126 4128 4359
f 4126 4359 4361
f 4128 4124 4359
f 4124 4357 4359
f 4356 4357 4359
f 4356 4359 4362
f 4359 4362 4360
f 4132 4130 4363
f 4364 4363 4132
f 4364 4132 4126
f 4365 4364 4126
f 4365 4126 4361
f 4361 4360 4365
f 4130 4135 4366
f 4130 4363 4366
f 4367 4368 4369
f 4138 4141 4367
f 4138 4367 4369
f 4370 4140 4141
f 4370 4141 4367
f 4367 4370 4371
f 4367 4371 4372
f 4367 4372 4368
f 4373 4341 4113
f 4373 4113 4374
f 4113 4142 4374
f 4142 4138 4374
f 4138 4369 4374
f 4375 4368 4369
f 4375 4369 4374
f 4374 4375 4373
f 4341 4373 4376
f 4341 4345 4376
f 4364 4363 4377
f 4364 4365 4377
f 4378 4366 4135
f 4378 4135 4379
f 4135 4143 4379
f 4363 4377 4380
f 4380 4363 4366
f 4380 4366 4378
f 4143 4147 4381
f 4381 4143 4379
f 4381 4379 4382
f 4379 4378 4382
f 4383 4384 4385
f 4385 4150 4153
f 4385 4153 4383
f 4386 4152 4153
f 4386 4153 4383
f 4383 4386 4387
f 4383 4387 4388
f 4383 4388 4384
f 4370 4140 4389
f 4140 4154 4389
f 4154 4150 4389
f 4150 4385 4389
f 4384 4385 4389
f 4384 4389 4390
f 4390 4371 4370
f 4390 4370 4389
f 4391 4381 4147
f 4391 4147 4392
f 4147 4155 4392
f 4381 4382 4391
f 4155 4159 4393
f 4393 4155 4392
f 4393 4392 4394
f 4392 4391 4394
f 4395 4396 4397
f 4161 4165 4395
f 4161 4395 4397
f 4164 4165 4395
f 4164 4395 4398
f 4395 4398 4399
f 4395 4399 4400
f 4395 4400 4396
f 4386 4152 4401
f 4152 4166 4401
f 4166 4161 4401
f 4161 4397 4401
f 4402 4396 4397
f 4402 4397 4401
f 4402 4387 4386
f 4402 4386 4401
f 4403 4404 4393
f 4403 4393 4159
f 4159 4167 4403
f 4393 4394 4404
f 4167 4170 4405
f 4405 4167 4403
f 4405 4403 4406
f 4403 4404 4406
f 4398 4164 4407
f 4164 4174 4407
f 4408 4173 4174
f 4408 4174 4407
f 4407 4408 4409
f 4407 4409 4410
f 4410 4399 4398
f 4410 4398 4407
f 4405 4170 4411
f 4170 4179 4411
f 4412 4178 4179
f 4412 4179 4411
f 4411 4412 4413
f 4411 4413 4414
f 4414 4406 4405
f 4414 4405 4411
f 4408 4173 4415
f 4173 4184 4415
f 4416 4183 4184
f 4416 4184 4415
f 4415 4416 4417
f 4415 4417 4418
f 4409 4408 4415
f 4409 4415 4418
f 4412 4178 4419
f 4178 4190 4419
f 4420 4189 4190
f 4420 4190 4419
f 4419 4420 4421
f 4419 4421 4422
f 4413 4412 4419
f 4413 4419 4422
f 4197 4193 4423
f 4197 4196 4423
f 4416 4183 4424
f 4183 4198 4424
f 4198 4193 4424
f 4423 4193 4424
f 4423 4424 4425
f 4424 4425 4426
f 4417 4416 4424
f 4417 4424 4426
f 4420 4189 4427
f 4428 4199 4189
f 4428 4189 4427
f 4427 4428 4429
f 4427 4429 4430
f 4427 4430 4431
f 4421 4420 4427
f 4421 4427 4431
f 4199 4202 4432
f 4199 4428 4432
f 4196 4423 4433
f 4196 4204 4433
f 4204 4206 4434
f 4435 4434 4204
f 4435 4204 4433
f 4435 4433 4423
f 4435 4423 4436
f 4423 4425 4436
f 4437 4428 4429
f 4437 4429 4438
f 4437 4208 4213
f 4437 4213 4438
f 4439 4212 4213
f 4439 4213 4438
f 4438 4439 4440
f 4438 4440 4441
f 4441 4430 4429
f 4441 4429 4438
f 4432 4202 4442
f 4202 4216 4442
f 4216 4208 4442
f 4208 4437 4442
f 4437 4428 4442
f 4428 4432 4442
f 4434 4206 4443
f 4206 4220 4443
f 4219 4220 4443
f 4219 4443 4444
f 4443 4444 4445
f 4443 4445 4446
f 4435 4434 4443
f 4435 4443 4446
f 4439 4212 4447
f 4212 4226 4447
f 4448 4225 4226
f 4448 4226 4447
f 4447 4448 4449
f 4447 4449 4450
f 4450 4440 4439
f 4450 4439 4447
f 4444 4219 4451
f 4219 4232 4451
f 4231 4232 4451
f 4231 4451 4452
f 4451 4452 4453
f 4451 4453 4454
f 4445 4444 4451
f 4445 4451 4454
f 4448 4225 4455
f 4225 4237 4455
f 4456 4236 4237
f 4456 4237 4455
f 4455 4456 4457
f 4455 4457 4458
f 4458 4449 4448
f 4458 4448 4455
f 4459 4460 4452
f 4459 4452 4231
f 4231 4239 4459
f 4452 4453 4460
f 4239 4242 4461
f 4462 4461 4239
f 4462 4239 4459
f 4459 4460 4462
f 4463 4464 4465
f 4465 4244 4249
f 4465 4249 4463
f 4466 4248 4249
f 4466 4249 4463
f 4463 4466 4467
f 4463 4467 4468
f 4463 4468 4464
f 4456 4236 4469
f 4236 4252 4469
f 4252 4244 4469
f 4244 4465 4469
f 4470 4464 4465
f 4470 4465 4469
f 4470 4457 4456
f 4470 4456 4469
f 4471 4472 4461
f 4471 4461 4242
f 4242 4255 4471
f 4461 4462 4472
f 4255 4258 4473
f 4474 4473 4255
f 4474 4255 4471
f 4471 4472 4474
f 4475 4476 4477
f 4477 4260 4265
f 4477 4265 4475
f 4478 4264 4265
f 4478 4265 4475
f 4475 4478 4479
f 4475 4479 4480
f 4475 4480 4476
f 4466 4248 4481
f 4248 4269 4481
f 4269 4260 4481
f 4260 4477 4481
f 4482 4476 4477
f 4482 4477 4481
f 4482 4467 4466
f 4482 4466 4481
f 4483 4484 4473
f 4483 4473 4258
f 4258 4273 4483
f 4473 4474 4484
f 4485 4486 4487
f 4485 4487 4488
f 4488 4276 4273
f 4488 4273 4485
f 4273 4483 4485
f 4484 4483 4485
f 4484 4485 4489
f 4485 4489 4486
f 4487 4488 4490
f 4487 4486 4490
f 4491 4492 4493
f 4491 4493 4494
f 4491 4494 4495
f 4491 4495 4496
f 4491 4496 4497
f 4491 4497 4492
f 4498 4499 4500
f 4500 4278 4283
f 4500 4283 4498
f 4501 4282 4283
f 4501 4283 4498
f 4501 4494 4493
f 4501 4493 4498
f 4502 4492 4493
f 4502 4493 4498
f 4498 4502 4499
f 4478 4264 4503
f 4264 4287 4503
f 4287 4278 4503
f 4278 4500 4503
f 4504 4499 4500
f 4504 4500 4503
f 4504 4479 4478
f 4504 4478 4503
f 4276 4488 4505
f 4276 4291 4505
f 4506 4507 4508
f 4294 4297 4506
f 4294 4506 4508
f 4297 4291 4506
f 4291 4505 4506
f 4505 4488 4506
f 4490 4488 4506
f 4490 4506 4507
f 4509 4510 4511
f 4511 4299 4303
f 4511 4303 4509
f 4303 4294 4509
f 4294 4508 4509
f 4512 4507 4508
f 4512 4508 4509
f 4509 4512 4510
f 4513 4514 4515
f 4515 4305 4309
f 4515 4309 4513
f 4309 4299 4513
f 4299 4511 4513
f 4516 4510 4511
f 4516 4511 4513
f 4513 4516 4514
f 4517 4518 4519
f 4519 4311 4315
f 4519 4315 4517
f 4315 4305 4517
f 4305 4515 4517
f 4520 4514 4515
f 4520 4515 4517
f 4517 4520 4518
f 4521 4522 4523
f 4523 4317 4321
f 4523 4321 4521
f 4321 4311 4521
f 4311 4519 4521
f 4524 4518 4519
f 4524 4519 4521
f 4521 4524 4522
f 4525 4494 4495
f 4525 4495 4526
f 4525 4323 4326
f 4525 4326 4526
f 4326 4317 4526
f 4317 4523 4526
f 4527 4522 4523
f 4527 4523 4526
f 4527 4496 4495
f 4527 4495 4526
f 4501 4282 4528
f 4282 4329 4528
f 4329 4323 4528
f 4323 4525 4528
f 4525 4494 4528
f 4494 4501 4528
f 4346 4343 4529
f 4346 4345 4529
f 4350 4348 4530
f 4530 4350 4343
f 4530 4343 4531
f 4343 4529 4531
f 4354 4352 4532
f 4532 4354 4348
f 4532 4348 4533
f 4348 4530 4533
f 4358 4356 4534
f 4534 4358 4352
f 4534 4352 4535
f 4352 4532 4535
f 4362 4360 4536
f 4537 4536 4362
f 4537 4362 4356
f 4356 4534 4537
f 4360 4365 4538
f 4360 4536 4538
f 4372 4368 4539
f 4372 4371 4539
f 4375 4373 4540
f 4540 4375 4368
f 4540 4368 4541
f 4368 4539 4541
f 4345 4529 4542
f 4543 4542 4345
f 4543 4345 4376
f 4543 4376 4373
f 4543 4373 4544
f 4373 4540 4544
f 4531 4530 4545
f 4542 4543 4546
f 4547 4546 4542
f 4547 4542 4529
f 4545 4547 4529
f 4545 4529 4531
f 4533 4532 4548
f 4530 4545 4549
f 4548 4549 4530
f 4548 4530 4533
f 4535 4534 4550
f 4532 4548 4551
f 4550 4551 4532
f 4550 4532 4535
f 4536 4537 4552
f 4536 4552 4553
f 4552 4553 4554
f 4552 4554 4555
f 4552 4555 4556
f 4556 4550 4534
f 4556 4534 4552
f 4534 4537 4552
f 4538 4365 4557
f 4558 4377 4365
f 4558 4365 4557
f 4557 4558 4559
f 4554 4553 4557
f 4554 4557 4559
f 4553 4536 4557
f 4536 4538 4557
f 4380 4378 4560
f 4560 4380 4377
f 4560 4377 4561
f 4377 4558 4561
f 4378 4382 4562
f 4378 4560 4562
f 4388 4384 4563
f 4388 4387 4563
f 4371 4539 4564
f 4565 4564 4371
f 4565 4371 4390
f 4565 4390 4384
f 4565 4384 4566
f 4384 4563 4566
f 4541 4540 4567
f 4564 4565 4568
f 4568 4564 4539
f 4568 4539 4569
f 4569 4539 4541
f 4569 4541 4567
f 4544 4543 4570
f 4540 4567 4571
f 4571 4540 4544
f 4571 4544 4570
f 4543 4570 4572
f 4543 4546 4572
f 4555 4554 4573
f 4555 4556 4573
f 4559 4558 4574
f 4554 4573 4575
f 4574 4575 4554
f 4574 4554 4559
f 4576 4560 4561
f 4576 4561 4577
f 4577 4576 4578
f 4577 4578 4579
f 4577 4579 4580
f 4580 4574 4558
f 4580 4558 4577
f 4558 4561 4577
f 4562 4382 4581
f 4582 4391 4382
f 4582 4382 4581
f 4581 4582 4583
f 4578 4576 4581
f 4578 4581 4583
f 4576 4560 4581
f 4560 4562 4581
f 4391 4394 4584
f 4391 4582 4584
f 4400 4396 4585
f 4400 4399 4585
f 4387 4563 4586
f 4587 4586 4387
f 4587 4387 4402
f 4587 4402 4396
f 4587 4396 4588
f 4396 4585 4588
f 4566 4565 4589
f 4586 4587 4590
f 4591 4590 4586
f 4591 4586 4563
f 4591 4563 4566
f 4591 4566 4589
f 4565 4589 4592
f 4565 4568 4592
f 4579 4578 4593
f 4579 4580 4593
f 4594 4582 4583
f 4594 4583 4595
f 4595 4594 4596
f 4595 4596 4597
f 4595 4597 4598
f 4598 4593 4578
f 4598 4578 4595
f 4578 4583 4595
f 4584 4394 4599
f 4600 4404 4394
f 4600 4394 4599
f 4599 4600 4601
f 4596 4594 4599
f 4596 4599 4601
f 4594 4582 4599
f 4582 4584 4599
f 4404 4406 4602
f 4404 4600 4602
f 4399 4585 4603
f 4604 4603 4399
f 4604 4399 4410
f 4410 4409 4604
f 4587 4588 4605
f 4587 4605 4606
f 4605 4606 4607
f 4605 4607 4608
f 4604 4603 4605
f 4604 4605 4608
f 4603 4585 4605
f 4585 4588 4605
f 4606 4607 4609
f 4610 4609 4606
f 4610 4606 4587
f 4587 4590 4610
f 4596 4597 4611
f 4596 4611 4612
f 4611 4612 4613
f 4611 4613 4614
f 4611 4614 4615
f 4611 4615 4616
f 4598 4597 4611
f 4598 4611 4616
f 4617 4600 4601
f 4617 4601 4618
f 4618 4617 4619
f 4618 4619 4620
f 4620 4613 4612
f 4620 4612 4618
f 4612 4596 4618
f 4596 4601 4618
f 4602 4406 4621
f 4406 4414 4621
f 4413 4414 4621
f 4413 4621 4622
f 4619 4617 4621
f 4619 4621 4622
f 4617 4600 4621
f 4600 4602 4621
f 4409 4604 4623
f 4623 4409 4418
f 4623 4418 4624
f 4418 4417 4624
f 4608 4607 4625
f 4623 4624 4626
f 4627 4626 4623
f 4627 4623 4604
f 4627 4604 4608
f 4627 4608 4625
f 4607 4625 4628
f 4607 4609 4628
f 4614 4613 4629
f 4614 4615 4629
f 4630 4619 4620
f 4630 4620 4631
f 4631 4630 4632
f 4631 4632 4633
f 4631 4633 4634
f 4634 4629 4613
f 4634 4613 4631
f 4613 4620 4631
f 4622 4413 4635
f 4413 4422 4635
f 4636 4421 4422
f 4636 4422 4635
f 4632 4630 4635
f 4632 4635 4636
f 4630 4619 4635
f 4619 4622 4635
f 4417 4624 4637
f 4637 4417 4426
f 4637 4426 4638
f 4426 4425 4638
f 4637 4638 4639
f 4640 4639 4637
f 4640 4637 4624
f 4624 4626 4640
f 4641 4632 4633
f 4641 4633 4642
f 4642 4641 4643
f 4642 4643 4644
f 4642 4644 4645
f 4642 4645 4646
f 4646 4634 4633
f 4646 4633 4642
f 4636 4421 4647
f 4421 4431 4647
f 4648 4430 4431
f 4648 4431 4647
f 4648 4643 4641
f 4648 4641 4647
f 4641 4632 4647
f 4632 4636 4647
f 4425 4638 4649
f 4649 4425 4436
f 4649 4436 4650
f 4436 4435 4650
f 4649 4650 4651
f 4652 4651 4649
f 4652 4649 4638
f 4638 4639 4652
f 4653 4643 4644
f 4653 4644 4654
f 4654 4653 4655
f 4654 4655 4656
f 4654 4656 4657
f 4654 4657 4658
f 4658 4645 4644
f 4658 4644 4654
f 4648 4430 4659
f 4430 4441 4659
f 4660 4440 4441
f 4660 4441 4659
f 4660 4655 4653
f 4660 4653 4659
f 4653 4643 4659
f 4643 4648 4659
f 4435 4650 4661
f 4661 4435 4446
f 4661 4446 4662
f 4446 4445 4662
f 4663 4664 4665
f 4663 4665 4666
f 4663 4666 4667
f 4662 4661 4663
f 4662 4663 4667
f 4661 4650 4663
f 4664 4651 4650
f 4664 4650 4663
f 4665 4666 4668
f 4665 4664 4668
f 4669 4670 4671
f 4669 4671 4672
f 4669 4672 4673
f 4669 4673 4674
f 4669 4674 4675
f 4669 4675 4670
f 4676 4655 4656
f 4676 4656 4677
f 4677 4676 4678
f 4677 4678 4679
f 4679 4672 4671
f 4679 4671 4677
f 4680 4670 4671
f 4680 4671 4677
f 4680 4657 4656
f 4680 4656 4677
f 4660 4440 4681
f 4440 4450 4681
f 4682 4449 4450
f 4682 4450 4681
f 4682 4678 4676
f 4682 4676 4681
f 4676 4655 4681
f 4655 4660 4681
f 4445 4662 4683
f 4683 4445 4454
f 4683 4454 4684
f 4454 4453 4684
f 4685 4666 4667
f 4685 4667 4686
f 4686 4685 4687
f 4686 4687 4688
f 4688 4684 4683
f 4688 4683 4686
f 4683 4662 4686
f 4662 4667 4686
f 4685 4687 4689
f 4690 4689 4685
f 4690 4685 4666
f 4666 4668 4690
f 4691 4672 4673
f 4691 4673 4692
f 4692 4691 4693
f 4692 4693 4694
f 4692 4694 4695
f 4692 4695 4696
f 4696 4674 4673
f 4696 4673 4692
f 4697 4678 4679
f 4697 4679 4698
f 4698 4697 4699
f 4698 4699 4700
f 4700 4693 4691
f 4700 4691 4698
f 4691 4672 4698
f 4672 4679 4698
f 4682 4449 4701
f 4449 4458 4701
f 4702 4457 4458
f 4702 4458 4701
f 4702 4699 4697
f 4702 4697 4701
f 4697 4678 4701
f 4678 4682 4701
f 4453 4684 4703
f 4453 4460 4703
f 4687 4688 4704
f 4687 4704 4705
f 4704 4705 4706
f 4462 4460 4704
f 4462 4704 4706
f 4460 4703 4704
f 4703 4684 4704
f 4684 4688 4704
f 4707 4708 4709
f 4707 4709 4710
f 4707 4710 4711
f 4711 4706 4705
f 4711 4705 4707
f 4705 4687 4707
f 4708 4689 4687
f 4708 4687 4707
f 4709 4710 4712
f 4709 4708 4712
f 4713 4714 4715
f 4713 4715 4716
f 4713 4716 4717
f 4713 4717 4718
f 4713 4718 4719
f 4713 4719 4714
f 4720 4693 4694
f 4720 4694 4721
f 4721 4720 4722
f 4721 4722 4723
f 4723 4716 4715
f 4723 4715 4721
f 4724 4714 4715
f 4724 4715 4721
f 4724 4695 4694
f 4724 4694 4721
f 4725 4699 4700
f 4725 4700 4726
f 4725 4464 4468
f 4725 4468 4726
f 4727 4467 4468
f 4727 4468 4726
f 4727 4722 4720
f 4727 4720 4726
f 4720 4693 4726
f 4693 4700 4726
f 4702 4457 4728
f 4457 4470 4728
f 4470 4464 4728
f 4464 4725 4728
f 4725 4699 4728
f 4699 4702 4728
f 4462 4706 4729
f 4462 4472 4729
f 4710 4711 4730
f 4710 4730 4731
f 4730 4731 4732
f 4732 4474 4472
f 4732 4472 4730
f 4472 4729 4730
f 4729 4706 4730
f 4706 4711 4730
f 4733 4734 4735
f 4733 4735 4736
f 4733 4736 4737
f 4737 4732 4731
f 4737 4731 4733
f 4731 4710 4733
f 4734 4712 4710
f 4734 4710 4733
f 4738 4739 4740
f 4738 4740 4741
f 4738 4741 4742
f 4736 4735 4738
f 4736 4738 4742
f 4743 4734 4735
f 4743 4735 4738
f 4738 4743 4739
f 4744 4745 4746
f 4744 4746 4747
f 4744 4747 4748
f 4741 4740 4744
f 4741 4744 4748
f 4739 4740 4744
f 4739 4744 4749
f 4744 4749 4745
f 4750 4751 4752
f 4750 4752 4753
f 4750 4753 4754
f 4747 4746 4750
f 4747 4750 4754
f 4745 4746 4750
f 4745 4750 4755
f 4750 4755 4751
f 4756 4757 4758
f 4756 4758 4759
f 4756 4759 4760
f 4760 4753 4752
f 4760 4752 4756
f 4761 4751 4752
f 4761 4752 4756
f 4756 4761 4757
f 4762 4763 4764
f 4762 4764 4765
f 4762 4765 4766
f 4766 4759 4758
f 4766 4758 4762
f 4767 4757 4758
f 4767 4758 4762
f 4762 4767 4763
f 4768 4769 4770
f 4768 4770 4771
f 4768 4771 4772
f 4772 4765 4764
f 4772 4764 4768
f 4773 4763 4764
f 4773 4764 4768
f 4768 4773 4769
f 4774 4716 4717
f 4774 4717 4775
f 4775 4774 4776
f 4775 4776 4777
f 4777 4771 4770
f 4777 4770 4775
f 4778 4769 4770
f 4778 4770 4775
f 4778 4718 4717
f 4778 4717 4775
f 4779 4722 4723
f 4779 4723 4780
f 4779 4476 4480
f 4779 4480 4780
f 4781 4479 4480
f 4781 4480 4780
f 4781 4776 4774
f 4781 4774 4780
f 4774 4716 4780
f 4716 4723 4780
f 4727 4467 4782
f 4467 4482 4782
f 4482 4476 4782
f 4476 4779 4782
f 4779 4722 4782
f 4722 4727 4782
f 4474 4732 4783
f 4474 4484 4783
f 4736 4737 4784
f 4736 4784 4785
f 4785 4486 4489
f 4785 4489 4784
f 4489 4484 4784
f 4484 4783 4784
f 4783 4732 4784
f 4732 4737 4784
f 4786 4741 4742
f 4786 4742 4787
f 4787 4786 4788
f 4788 4490 4486
f 4788 4486 4787
f 4486 4785 4787
f 4785 4736 4787
f 4736 4742 4787
f 4789 4747 4748
f 4789 4748 4790
f 4790 4789 4791
f 4790 4791 4792
f 4792 4788 4786
f 4792 4786 4790
f 4786 4741 4790
f 4741 4748 4790
f 4793 4753 4754
f 4793 4754 4794
f 4794 4793 4795
f 4794 4795 4796
f 4796 4791 4789
f 4796 4789 4794
f 4789 4747 4794
f 4747 4754 4794
f 4797 4759 4760
f 4797 4760 4798
f 4798 4797 4799
f 4798 4799 4800
f 4800 4795 4793
f 4800 4793 4798
f 4793 4753 4798
f 4753 4760 4798
f 4801 4765 4766
f 4801 4766 4802
f 4802 4801 4803
f 4802 4803 4804
f 4804 4799 4797
f 4804 4797 4802
f 4797 4759 4802
f 4759 4766 4802
f 4805 4771 4772
f 4805 4772 4806
f 4805 4492 4497
f 4805 4497 4806
f 4807 4496 4497
f 4807 4497 4806
f 4807 4803 4801
f 4807 4801 4806
f 4801 4765 4806
f 4765 4772 4806
f 4808 4776 4777
f 4808 4777 4809
f 4808 4499 4502
f 4808 4502 4809
f 4502 4492 4809
f 4492 4805 4809
f 4805 4771 4809
f 4771 4777 4809
f 4781 4479 4810
f 4479 4504 4810
f 4504 4499 4810
f 4499 4808 4810
f 4808 4776 4810
f 4776 4781 4810
f 4490 4788 4811
f 4490 4507 4811
f 4791 4792 4812
f 4791 4812 4813
f 4510 4512 4812
f 4510 4812 4813
f 4512 4507 4812
f 4507 4811 4812
f 4811 4788 4812
f 4788 4792 4812
f 4795 4796 4814
f 4795 4814 4815
f 4815 4514 4516
f 4815 4516 4814
f 4516 4510 4814
f 4510 4813 4814
f 4813 4791 4814
f 4791 4796 4814
f 4816 4799 4800
f 4816 4800 4817
f 4816 4518 4520
f 4816 4520 4817
f 4520 4514 4817
f 4514 4815 4817
f 4815 4795 4817
f 4795 4800 4817
f 4818 4803 4804
f 4818 4804 4819
f 4818 4522 4524
f 4818 4524 4819
f 4524 4518 4819
f 4518 4816 4819
f 4816 4799 4819
f 4799 4804 4819
f 4807 4496 4820
f 4496 4527 4820
f 4527 4522 4820
f 4522 4818 4820
f 4818 4803 4820
f 4803 4807 4820
f 4547 4545 4821
f 4547 4546 4821
f 4549 4548 4822
f 4822 4549 4545
f 4822 4545 4823
f 4545 4821 4823
f 4551 4550 4824
f 4825 4824 4551
f 4825 4551 4548
f 4548 4822 4825
f 4550 4556 4826
f 4550 4824 4826
f 4569 4567 4827
f 4569 4568 4827
f 4828 4829 4830
f 4830 4570 4571
f 4830 4571 4828
f 4571 4567 4828
f 4831 4827 4567
f 4831 4567 4828
f 4828 4831 4832
f 4828 4832 4829
f 4833 4821 4546
f 4833 4546 4834
f 4546 4572 4834
f 4572 4570 4834
f 4570 4830 4834
f 4829 4830 4834
f 4829 4834 4835
f 4834 4835 4833
f 4823 4822 4836
f 4821 4833 4837
f 4837 4821 4823
f 4837 4823 4836
f 4825 4824 4838
f 4822 4836 4839
f 4839 4822 4825
f 4839 4825 4838
f 4840 4826 4556
f 4840 4556 4841
f 4556 4573 4841
f 4824 4838 4842
f 4842 4824 4826
f 4842 4826 4840
f 4575 4574 4843
f 4844 4843 4575
f 4844 4575 4573
f 4844 4573 4841
f 4844 4841 4845
f 4841 4840 4845
f 4574 4580 4846
f 4574 4843 4846
f 4591 4589 4847
f 4591 4590 4847
f 4848 4827 4568
f 4848 4568 4849
f 4568 4592 4849
f 4592 4589 4849
f 4850 4847 4589
f 4850 4589 4849
f 4849 4850 4851
f 4849 4851 4848
f 4827 4848 4852
f 4827 4831 4852
f 4844 4843 4853
f 4844 4845 4853
f 4846 4580 4854
f 4593 4580 4854
f 4593 4854 4855
f 4854 4855 4856
f 4854 4856 4857
f 4853 4843 4854
f 4853 4854 4857
f 4843 4846 4854
f 4593 4598 4858
f 4593 4855 4858
f 4859 4847 4590
f 4859 4590 4860
f 4590 4610 4860
f 4861 4609 4610
f 4861 4610 4860
f 4860 4861 4862
f 4860 4862 4863
f 4860 4863 4859
f 4847 4859 4864
f 4847 4850 4864
f 4856 4855 4865
f 4856 4857 4865
f 4858 4598 4866
f 4598 4616 4866
f 4867 4615 4616
f 4867 4616 4866
f 4866 4867 4868
f 4868 4865 4855
f 4868 4855 4866
f 4855 4858 4866
f 4627 4625 4869
f 4627 4626 4869
f 4861 4609 4870
f 4609 4628 4870
f 4628 4625 4870
f 4869 4625 4870
f 4869 4870 4871
f 4870 4871 4872
f 4862 4861 4870
f 4862 4870 4872
f 4867 4615 4873
f 4874 4629 4615
f 4874 4615 4873
f 4873 4874 4875
f 4873 4875 4876
f 4873 4876 4877
f 4877 4868 4867
f 4877 4867 4873
f 4629 4634 4878
f 4629 4874 4878
f 4626 4869 4879
f 4880 4879 4626
f 4880 4626 4640
f 4640 4639 4880
f 4879 4880 4881
f 4881 4879 4869
f 4881 4869 4882
f 4869 4871 4882
f 4883 4874 4875
f 4883 4875 4884
f 4884 4883 4885
f 4884 4885 4886
f 4884 4886 4887
f 4884 4887 4888
f 4888 4876 4875
f 4888 4875 4884
f 4878 4634 4889
f 4634 4646 4889
f 4645 4646 4889
f 4645 4889 4890
f 4885 4883 4889
f 4885 4889 4890
f 4883 4874 4889
f 4874 4878 4889
f 4639 4880 4891
f 4891 4639 4652
f 4891 4652 4892
f 4652 4651 4892
f 4891 4892 4893
f 4893 4891 4880
f 4893 4880 4894
f 4880 4881 4894
f 4895 4885 4886
f 4895 4886 4896
f 4896 4895 4897
f 4896 4897 4898
f 4896 4898 4899
f 4896 4899 4900
f 4900 4887 4886
f 4900 4886 4896
f 4890 4645 4901
f 4645 4658 4901
f 4902 4657 4658
f 4902 4658 4901
f 4902 4897 4895
f 4902 4895 4901
f 4895 4885 4901
f 4885 4890 4901
f 4651 4892 4903
f 4651 4664 4903
f 4664 4668 4904
f 4905 4904 4664
f 4905 4664 4903
f 4906 4905 4903
f 4906 4903 4892
f 4892 4893 4906
f 4907 4897 4898
f 4907 4898 4908
f 4907 4670 4675
f 4907 4675 4908
f 4909 4674 4675
f 4909 4675 4908
f 4908 4909 4910
f 4908 4910 4911
f 4911 4899 4898
f 4911 4898 4908
f 4902 4657 4912
f 4657 4680 4912
f 4680 4670 4912
f 4670 4907 4912
f 4907 4897 4912
f 4897 4902 4912
f 4913 4914 4904
f 4913 4904 4668
f 4913 4668 4690
f 4913 4690 4915
f 4690 4689 4915
f 4904 4905 4914
f 4913 4915 4916
f 4913 4914 4916
f 4917 4918 4919
f 4917 4919 4920
f 4917 4920 4921
f 4917 4921 4922
f 4917 4922 4923
f 4917 4923 4918
f 4909 4674 4924
f 4674 4696 4924
f 4925 4695 4696
f 4925 4696 4924
f 4925 4920 4919
f 4925 4919 4924
f 4926 4918 4919
f 4926 4919 4924
f 4926 4910 4909
f 4926 4909 4924
f 4689 4915 4927
f 4689 4708 4927
f 4928 4929 4930
f 4928 4930 4931
f 4931 4712 4708
f 4931 4708 4928
f 4708 4927 4928
f 4927 4915 4928
f 4916 4915 4928
f 4916 4928 4929
f 4932 4933 4934
f 4932 4934 4935
f 4932 4935 4936
f 4936 4931 4930
f 4936 4930 4932
f 4937 4929 4930
f 4937 4930 4932
f 4932 4937 4933
f 4934 4935 4938
f 4934 4933 4938
f 4939 4940 4941
f 4939 4941 4942
f 4939 4942 4943
f 4939 4943 4944
f 4939 4944 4945
f 4939 4945 4940
f 4946 4947 4948
f 4946 4948 4949
f 4946 4949 4950
f 4950 4942 4941
f 4950 4941 4946
f 4951 4940 4941
f 4951 4941 4946
f 4946 4951 4947
f 4952 4920 4921
f 4952 4921 4953
f 4952 4714 4719
f 4952 4719 4953
f 4954 4718 4719
f 4954 4719 4953
f 4954 4949 4948
f 4954 4948 4953
f 4955 4947 4948
f 4955 4948 4953
f 4955 4922 4921
f 4955 4921 4953
f 4925 4695 4956
f 4695 4724 4956
f 4724 4714 4956
f 4714 4952 4956
f 4952 4920 4956
f 4920 4925 4956
f 4712 4931 4957
f 4712 4734 4957
f 4935 4936 4958
f 4935 4958 4959
f 4739 4743 4958
f 4739 4958 4959
f 4743 4734 4958
f 4734 4957 4958
f 4957 4931 4958
f 4931 4936 4958
f 4960 4961 4962
f 4962 4745 4749
f 4962 4749 4960
f 4749 4739 4960
f 4739 4959 4960
f 4959 4935 4960
f 4961 4938 4935
f 4961 4935 4960
f 4963 4964 4965
f 4965 4751 4755
f 4965 4755 4963
f 4755 4745 4963
f 4745 4962 4963
f 4966 4961 4962
f 4966 4962 4963
f 4963 4966 4964
f 4967 4968 4969
f 4969 4757 4761
f 4969 4761 4967
f 4761 4751 4967
f 4751 4965 4967
f 4970 4964 4965
f 4970 4965 4967
f 4967 4970 4968
f 4971 4942 4943
f 4971 4943 4972
f 4971 4763 4767
f 4971 4767 4972
f 4767 4757 4972
f 4757 4969 4972
f 4973 4968 4969
f 4973 4969 4972
f 4973 4944 4943
f 4973 4943 4972
f 4974 4949 4950
f 4974 4950 4975
f 4974 4769 4773
f 4974 4773 4975
f 4773 4763 4975
f 4763 4971 4975
f 4971 4942 4975
f 4942 4950 4975
f 4954 4718 4976
f 4718 4778 4976
f 4778 4769 4976
f 4769 4974 4976
f 4974 4949 4976
f 4949 4954 4976
f 4832 4829 4977
f 4832 4831 4977
f 4978 4979 4980
f 4833 4835 4978
f 4833 4978 4980
f 4835 4829 4978
f 4981 4977 4829
f 4981 4829 4978
f 4978 4981 4982
f 4978 4982 4979
f 4983 4984 4985
f 4836 4837 4983
f 4836 4983 4985
f 4837 4833 4983
f 4833 4980 4983
f 4986 4979 4980
f 4986 4980 4983
f 4983 4986 4984
f 4987 4988 4989
f 4838 4839 4987
f 4838 4987 4989
f 4839 4836 4987
f 4836 4985 4987
f 4984 4985 4987
f 4984 4987 4990
f 4987 4990 4988
f 4842 4840 4991
f 4992 4991 4842
f 4992 4842 4838
f 4992 4838 4989
f 4992 4989 4993
f 4989 4988 4993
f 4840 4845 4994
f 4840 4991 4994
f 4995 4996 4997
f 4848 4851 4995
f 4848 4995 4997
f 4850 4851 4995
f 4850 4995 4998
f 4995 4998 4999
f 4995 4999 5000
f 4995 5000 4996
f 5001 4977 4831
f 5001 4831 5002
f 4831 4852 5002
f 4852 4848 5002
f 4848 4997 5002
f 5003 4996 4997
f 5003 4997 5002
f 5002 5003 5001
f 4977 5001 5004
f 4977 4981 5004
f 4992 4991 5005
f 4992 4993 5005
f 5006 5007 4994
f 5006 4994 4845
f 4845 4853 5006
f 4991 5005 5008
f 5007 5008 4991
f 5007 4991 4994
f 4853 4857 5009
f 5009 4853 5006
f 5009 5006 5010
f 5006 5007 5010
f 4863 4859 5011
f 4863 4862 5011
f 4998 4850 5012
f 4850 4864 5012
f 4864 4859 5012
f 5013 5011 4859
f 5013 4859 5012
f 5012 5013 5014
f 5014 4999 4998
f 5014 4998 5012
f 5009 4857 5015
f 5016 4865 4857
f 5016 4857 5015
f 5015 5016 5017
f 5015 5017 5018
f 5015 5018 5019
f 5019 5010 5009
f 5019 5009 5015
f 4865 4868 5020
f 4865 5016 5020
f 5011 4862 5021
f 5011 5021 5022
f 4862 4872 5021
f 4871 4872 5021
f 4871 5021 5023
f 5021 5023 5024
f 5021 5024 5025
f 5021 5025 5022
f 5011 5022 5026
f 5011 5013 5026
f 5017 5016 5027
f 5017 5018 5027
f 5020 4868 5028
f 4868 4877 5028
f 4876 4877 5028
f 4876 5028 5029
f 5028 5029 5030
f 5030 5027 5016
f 5030 5016 5028
f 5016 5020 5028
f 5023 4871 5031
f 4871 4882 5031
f 4881 4882 5031
f 4881 5031 5032
f 5031 5032 5033
f 5031 5033 5034
f 5034 5024 5023
f 5034 5023 5031
f 5029 4876 5035
f 4876 4888 5035
f 5036 4887 4888
f 5036 4888 5035
f 5035 5036 5037
f 5035 5037 5038
f 5038 5030 5029
f 5038 5029 5035
f 5039 5040 5032
f 5039 5032 4881
f 5041 5039 4881
f 5041 4881 4894
f 4894 4893 5041
f 5032 5033 5040
f 5039 5041 5042
f 5039 5040 5042
f 5043 5044 5045
f 5043 5045 5046
f 5043 5046 5047
f 5043 5047 5048
f 5043 5048 5049
f 5043 5049 5044
f 5036 4887 5050
f 4887 4900 5050
f 5051 4899 4900
f 5051 4900 5050
f 5051 5046 5045
f 5051 5045 5050
f 5052 5044 5045
f 5052 5045 5050
f 5052 5037 5036
f 5052 5036 5050
f 4893 5041 5053
f 5053 4893 4906
f 5053 4906 5054
f 4906 4905 5054
f 5053 5054 5055
f 5055 5053 5041
f 5055 5041 5056
f 5041 5042 5056
f 5057 5046 5047
f 5057 5047 5058
f 5058 5057 5059
f 5058 5059 5060
f 5058 5060 5061
f 5058 5061 5062
f 5062 5048 5047
f 5062 5047 5058
f 5051 4899 5063
f 4899 4911 5063
f 5064 4910 4911
f 5064 4911 5063
f 5064 5059 5057
f 5064 5057 5063
f 5057 5046 5063
f 5046 5051 5063
f 4905 5054 5065
f 4905 4914 5065
f 5066 5067 5068
f 5066 5068 5069
f 4916 4914 5066
f 4916 5066 5069
f 4914 5065 5066
f 5065 5054 5066
f 5055 5054 5066
f 5055 5066 5067
f 5068 5069 5070
f 5068 5067 5070
f 5071 5072 5073
f 5071 5073 5074
f 5071 5074 5075
f 5071 5075 5076
f 5071 5076 5077
f 5071 5077 5072
f 5078 5059 5060
f 5078 5060 5079
f 5078 4918 4923
f 5078 4923 5079
f 5080 4922 4923
f 5080 4923 5079
f 5080 5074 5073
f 5080 5073 5079
f 5081 5072 5073
f 5081 5073 5079
f 5081 5061 5060
f 5081 5060 5079
f 5064 4910 5082
f 4910 4926 5082
f 4926 4918 5082
f 4918 5078 5082
f 5078 5059 5082
f 5059 5064 5082
f 4916 5069 5083
f 4916 4929 5083
f 5084 5085 5086
f 4933 4937 5084
f 4933 5084 5086
f 4937 4929 5084
f 4929 5083 5084
f 5083 5069 5084
f 5070 5069 5084
f 5070 5084 5085
f 5087 5088 5089
f 5087 5089 5090
f 5090 4938 4933
f 5090 4933 5087
f 4933 5086 5087
f 5091 5085 5086
f 5091 5086 5087
f 5087 5091 5088
f 5092 5093 5094
f 5092 5094 5095
f 5092 5095 5096
f 5096 5090 5089
f 5096 5089 5092
f 5088 5089 5092
f 5088 5092 5097
f 5092 5097 5093
f 5098 5099 5100
f 5098 5100 5101
f 5098 5101 5102
f 5102 5095 5094
f 5102 5094 5098
f 5103 5093 5094
f 5103 5094 5098
f 5098 5103 5099
f 5104 5105 5106
f 5106 4940 4945
f 5106 4945 5104
f 5107 4944 4945
f 5107 4945 5104
f 5107 5101 5100
f 5107 5100 5104
f 5108 5099 5100
f 5108 5100 5104
f 5104 5108 5105
f 5109 5074 5075
f 5109 5075 5110
f 5109 4947 4951
f 5109 4951 5110
f 4951 4940 5110
f 4940 5106 5110
f 5111 5105 5106
f 5111 5106 5110
f 5111 5076 5075
f 5111 5075 5110
f 5080 4922 5112
f 4922 4955 5112
f 4955 4947 5112
f 4947 5109 5112
f 5109 5074 5112
f 5074 5080 5112
f 4938 5090 5113
f 4938 4961 5113
f 5114 5095 5096
f 5114 5096 5115
f 4964 4966 5115
f 4964 5115 5114
f 4966 4961 5115
f 4961 5113 5115
f 5113 5090 5115
f 5090 5096 5115
f 5116 5101 5102
f 5116 5102 5117
f 5116 4968 4970
f 5116 4970 5117
f 4970 4964 5117
f 4964 5114 5117
f 5114 5095 5117
f 5095 5102 5117
f 5107 4944 5118
f 4944 4973 5118
f 4973 4968 5118
f 4968 5116 5118
f 5116 5101 5118
f 5101 5107 5118
f 4982 4979 5119
f 4982 4981 5119
f 4986 4984 5120
f 5120 4986 4979
f 5120 4979 5121
f 4979 5119 5121
f 4990 4988 5122
f 5123 5122 4990
f 5123 4990 4984
f 4984 5120 5123
f 4988 4993 5124
f 4988 5122 5124
f 5000 4996 5125
f 5000 4999 5125
f 5003 5001 5126
f 5126 5003 4996
f 5126 4996 5127
f 4996 5125 5127
f 4981 5119 5128
f 5129 5128 4981
f 5129 4981 5004
f 5130 5129 5004
f 5130 5004 5001
f 5001 5126 5130
f 5121 5120 5131
f 5128 5129 5132
f 5133 5132 5128
f 5133 5128 5119
f 5131 5133 5119
f 5131 5119 5121
f 5122 5123 5134
f 5122 5134 5135
f 5134 5135 5136
f 5134 5136 5137
f 5134 5137 5138
f 5138 5131 5120
f 5138 5120 5134
f 5120 5123 5134
f 5124 4993 5139
f 5140 5005 4993
f 5140 4993 5139
f 5139 5140 5141
f 5141 5136 5135
f 5141 5135 5139
f 5135 5122 5139
f 5122 5124 5139
f 5008 5007 5142
f 5143 5142 5008
f 5143 5008 5005
f 5005 5140 5143
f 5007 5010 5144
f 5007 5142 5144
f 4999 5125 5145
f 5146 5145 4999
f 5146 4999 5014
f 5014 5013 5146
f 5127 5126 5147
f 5145 5146 5148
f 5148 5145 5125
f 5148 5125 5149
f 5149 5125 5127
f 5149 5127 5147
f 5130 5129 5150
f 5126 5147 5151
f 5151 5126 5130
f 5151 5130 5150
f 5129 5150 5152
f 5129 5132 5152
f 5137 5136 5153
f 5137 5138 5153
f 5141 5140 5154
f 5136 5153 5155
f 5154 5155 5136
f 5154 5136 5141
f 5156 5142 5143
f 5156 5143 5157
f 5157 5156 5158
f 5157 5158 5159
f 5157 5159 5160
f 5160 5154 5140
f 5160 5140 5157
f 5140 5143 5157
f 5144 5010 5161
f 5010 5019 5161
f 5018 5019 5161
f 5018 5161 5162
f 5158 5156 5161
f 5158 5161 5162
f 5156 5142 5161
f 5142 5144 5161
f 5025 5022 5163
f 5025 5024 5163
f 5013 5146 5164
f 5164 5013 5026
f 5164 5026 5165
f 5165 5026 5022
f 5165 5022 5166
f 5022 5163 5166
f 5164 5165 5167
f 5168 5167 5164
f 5168 5164 5146
f 5146 5148 5168
f 5158 5159 5169
f 5158 5169 5170
f 5169 5170 5171
f 5169 5171 5172
f 5169 5172 5173
f 5169 5173 5174
f 5174 5160 5159
f 5174 5159 5169
f 5162 5018 5175
f 5176 5027 5018
f 5176 5018 5175
f 5175 5176 5177
f 5177 5171 5170
f 5177 5170 5175
f 5170 5158 5175
f 5158 5162 5175
f 5027 5030 5178
f 5027 5176 5178
f 5024 5163 5179
f 5180 5179 5024
f 5180 5024 5034
f 5034 5033 5180
f 5165 5166 5181
f 5165 5181 5182
f 5181 5182 5183
f 5181 5183 5184
f 5180 5179 5181
f 5180 5181 5184
f 5179 5163 5181
f 5163 5166 5181
f 5182 5183 5185
f 5185 5182 5165
f 5185 5165 5186
f 5165 5167 5186
f 5187 5171 5172
f 5187 5172 5188
f 5188 5187 5189
f 5188 5189 5190
f 5188 5190 5191
f 5188 5191 5192
f 5192 5173 5172
f 5192 5172 5188
f 5193 5176 5177
f 5193 5177 5194
f 5194 5193 5195
f 5194 5195 5196
f 5196 5189 5187
f 5196 5187 5194
f 5187 5171 5194
f 5171 5177 5194
f 5178 5030 5197
f 5030 5038 5197
f 5037 5038 5197
f 5037 5197 5198
f 5195 5193 5197
f 5195 5197 5198
f 5193 5176 5197
f 5176 5178 5197
f 5033 5180 5199
f 5033 5040 5199
f 5183 5184 5200
f 5183 5200 5201
f 5200 5201 5202
f 5202 5042 5040
f 5202 5040 5200
f 5040 5199 5200
f 5199 5180 5200
f 5180 5184 5200
f 5201 5202 5203
f 5204 5203 5201
f 5204 5201 5183
f 5183 5185 5204
f 5205 5189 5190
f 5205 5190 5206
f 5206 5205 5207
f 5206 5207 5208
f 5206 5208 5209
f 5206 5209 5210
f 5210 5191 5190
f 5210 5190 5206
f 5211 5195 5196
f 5211 5196 5212
f 5211 5044 5049
f 5211 5049 5212
f 5213 5048 5049
f 5213 5049 5212
f 5213 5207 5205
f 5213 5205 5212
f 5205 5189 5212
f 5189 5196 5212
f 5198 5037 5214
f 5037 5052 5214
f 5052 5044 5214
f 5044 5211 5214
f 5211 5195 5214
f 5195 5198 5214
f 5042 5202 5215
f 5215 5042 5056
f 5215 5056 5216
f 5056 5055 5216
f 5217 5218 5219
f 5217 5219 5220
f 5217 5220 5221
f 5221 5216 5215
f 5221 5215 5217
f 5215 5202 5217
f 5218 5203 5202
f 5218 5202 5217
f 5222 5223 5224
f 5222 5224 5225
f 5222 5225 5226
f 5220 5219 5222
f 5220 5222 5226
f 5218 5219 5222
f 5218 5222 5227
f 5222 5227 5223
f 5224 5225 5228
f 5224 5223 5228
f 5229 5230 5231
f 5229 5231 5232
f 5229 5232 5233
f 5229 5233 5234
f 5229 5234 5235
f 5229 5235 5230
f 5236 5237 5238
f 5236 5238 5239
f 5236 5239 5240
f 5240 5232 5231
f 5240 5231 5236
f 5241 5230 5231
f 5241 5231 5236
f 5236 5241 5237
f 5242 5207 5208
f 5242 5208 5243
f 5243 5242 5244
f 5243 5244 5245
f 5245 5239 5238
f 5245 5238 5243
f 5246 5237 5238
f 5246 5238 5243
f 5246 5209 5208
f 5246 5208 5243
f 5213 5048 5247
f 5048 5062 5247
f 5248 5061 5062
f 5248 5062 5247
f 5248 5244 5242
f 5248 5242 5247
f 5242 5207 5247
f 5207 5213 5247
f 5055 5216 5249
f 5055 5067 5249
f 5220 5221 5250
f 5220 5250 5251
f 5250 5251 5252
f 5252 5070 5067
f 5252 5067 5250
f 5067 5249 5250
f 5249 5216 5250
f 5216 5221 5250
f 5253 5225 5226
f 5253 5226 5254
f 5254 5253 5255
f 5254 5255 5256
f 5256 5252 5251
f 5256 5251 5254
f 5251 5220 5254
f 5220 5226 5254
f 5257 5258 5259
f 5257 5259 5260
f 5257 5260 5261
f 5261 5255 5253
f 5261 5253 5257
f 5253 5225 5257
f 5258 5228 5225
f 5258 5225 5257
f 5262 5232 5233
f 5262 5233 5263
f 5263 5262 5264
f 5263 5264 5265
f 5265 5260 5259
f 5265 5259 5263
f 5266 5258 5259
f 5266 5259 5263
f 5266 5234 5233
f 5266 5233 5263
f 5267 5239 5240
f 5267 5240 5268
f 5268 5267 5269
f 5268 5269 5270
f 5270 5264 5262
f 5270 5262 5268
f 5262 5232 5268
f 5232 5240 5268
f 5271 5244 5245
f 5271 5245 5272
f 5271 5072 5077
f 5271 5077 5272
f 5273 5076 5077
f 5273 5077 5272
f 5273 5269 5267
f 5273 5267 5272
f 5267 5239 5272
f 5239 5245 5272
f 5248 5061 5274
f 5061 5081 5274
f 5081 5072 5274
f 5072 5271 5274
f 5271 5244 5274
f 5244 5248 5274
f 5070 5252 5275
f 5070 5085 5275
f 5255 5256 5276
f 5255 5276 5277
f 5277 5088 5091
f 5277 5091 5276
f 5091 5085 5276
f 5085 5275 5276
f 5275 5252 5276
f 5252 5256 5276
f 5278 5260 5261
f 5278 5261 5279
f 5278 5093 5097
f 5278 5097 5279
f 5097 5088 5279
f 5088 5277 5279
f 5277 5255 5279
f 5255 5261 5279
f 5280 5264 5265
f 5280 5265 5281
f 5280 5099 5103
f 5280 5103 5281
f 5103 5093 5281
f 5093 5278 5281
f 5278 5260 5281
f 5260 5265 5281
f 5282 5269 5270
f 5282 5270 5283
f 5282 5105 5108
f 5282 5108 5283
f 5108 5099 5283
f 5099 5280 5283
f 5280 5264 5283
f 5264 5270 5283
f 5273 5076 5284
f 5076 5111 5284
f 5111 5105 5284
f 5105 5282 5284
f 5282 5269 5284
f 5269 5273 5284
f 5133 5131 5285
f 5133 5132 5285
f 5131 5138 5286
f 5131 5285 5286
f 5287 5288 5289
f 5147 5149 5287
f 5147 5287 5289
f 5148 5149 5287
f 5148 5287 5290
f 5287 5290 5291
f 5287 5291 5292
f 5287 5292 5288
f 5293 5294 5295
f 5295 5150 5151
f 5295 5151 5293
f 5151 5147 5293
f 5147 5289 5293
f 5296 5288 5289
f 5296 5289 5293
f 5293 5296 5294
f 5297 5285 5132
f 5297 5132 5298
f 5132 5152 5298
f 5152 5150 5298
f 5150 5295 5298
f 5294 5295 5298
f 5294 5298 5299
f 5298 5299 5297
f 5300 5286 5138
f 5300 5138 5301
f 5138 5153 5301
f 5285 5297 5302
f 5302 5285 5286
f 5302 5286 5300
f 5303 5304 5305
f 5154 5155 5303
f 5154 5303 5305
f 5155 5153 5303
f 5153 5301 5303
f 5300 5301 5303
f 5300 5303 5306
f 5303 5306 5304
f 5154 5160 5307
f 5307 5154 5305
f 5307 5305 5308
f 5305 5304 5308
f 5290 5148 5309
f 5148 5168 5309
f 5310 5167 5168
f 5310 5168 5309
f 5309 5310 5311
f 5309 5311 5312
f 5312 5291 5290
f 5312 5290 5309
f 5307 5160 5313
f 5160 5174 5313
f 5173 5174 5313
f 5173 5313 5314
f 5313 5314 5315
f 5313 5315 5316
f 5316 5308 5307
f 5316 5307 5313
f 5310 5167 5317
f 5167 5186 5317
f 5185 5186 5317
f 5185 5317 5318
f 5317 5318 5319
f 5317 5319 5320
f 5311 5310 5317
f 5311 5317 5320
f 5314 5173 5321
f 5173 5192 5321
f 5322 5191 5192
f 5322 5192 5321
f 5321 5322 5323
f 5321 5323 5324
f 5324 5315 5314
f 5324 5314 5321
f 5325 5318 5185
f 5325 5185 5326
f 5326 5185 5204
f 5326 5204 5327
f 5204 5203 5327
f 5318 5319 5325
f 5326 5327 5328
f 5326 5325 5328
f 5329 5330 5331
f 5329 5331 5332
f 5329 5332 5333
f 5329 5333 5334
f 5329 5334 5335
f 5329 5335 5330
f 5322 5191 5336
f 5191 5210 5336
f 5337 5209 5210
f 5337 5210 5336
f 5337 5332 5331
f 5337 5331 5336
f 5338 5330 5331
f 5338 5331 5336
f 5338 5323 5322
f 5338 5322 5336
f 5203 5327 5339
f 5203 5218 5339
f 5340 5341 5342
f 5342 5223 5227
f 5342 5227 5340
f 5227 5218 5340
f 5218 5339 5340
f 5339 5327 5340
f 5328 5327 5340
f 5328 5340 5341
f 5343 5344 5345
f 5343 5345 5346
f 5346 5228 5223
f 5346 5223 5343
f 5223 5342 5343
f 5347 5341 5342
f 5347 5342 5343
f 5343 5347 5344
f 5348 5349 5350
f 5350 5230 5235
f 5350 5235 5348
f 5351 5234 5235
f 5351 5235 5348
f 5351 5346 5345
f 5351 5345 5348
f 5352 5344 5345
f 5352 5345 5348
f 5348 5352 5349
f 5353 5332 5333
f 5353 5333 5354
f 5353 5237 5241
f 5353 5241 5354
f 5241 5230 5354
f 5230 5350 5354
f 5355 5349 5350
f 5355 5350 5354
f 5355 5334 5333
f 5355 5333 5354
f 5337 5209 5356
f 5209 5246 5356
f 5246 5237 5356
f 5237 5353 5356
f 5353 5332 5356
f 5332 5337 5356
f 5228 5346 5357
f 5228 5258 5357
f 5351 5234 5358
f 5234 5266 5358
f 5266 5258 5358
f 5258 5357 5358
f 5357 5346 5358
f 5346 5351 5358
f 5292 5288 5359
f 5292 5291 5359
f 5360 5361 5362
f 5294 5296 5360
f 5294 5360 5362
f 5296 5288 5360
f 5363 5359 5288
f 5363 5288 5360
f 5360 5363 5364
f 5360 5364 5361
f 5365 5366 5367
f 5367 5297 5299
f 5367 5299 5365
f 5299 5294 5365
f 5294 5362 5365
f 5368 5361 5362
f 5368 5362 5365
f 5365 5368 5366
f 5369 5370 5371
f 5300 5302 5369
f 5300 5369 5371
f 5302 5297 5369
f 5297 5367 5369
f 5366 5367 5369
f 5366 5369 5372
f 5369 5372 5370
f 5306 5304 5373
f 5374 5373 5306
f 5374 5306 5300
f 5374 5300 5371
f 5374 5371 5375
f 5371 5370 5375
f 5304 5308 5376
f 5304 5373 5376
f 5377 5359 5291
f 5377 5291 5378
f 5291 5312 5378
f 5311 5312 5378
f 5311 5378 5379
f 5378 5379 5380
f 5378 5380 5381
f 5378 5381 5377
f 5359 5377 5382
f 5359 5363 5382
f 5374 5373 5383
f 5374 5375 5383
f 5376 5308 5384
f 5308 5316 5384
f 5315 5316 5384
f 5315 5384 5385
f 5384 5385 5386
f 5383 5373 5384
f 5383 5384 5386
f 5373 5376 5384
f 5387 5388 5379
f 5387 5379 5311
f 5389 5387 5311
f 5389 5311 5320
f 5320 5319 5389
f 5379 5380 5388
f 5387 5389 5390
f 5387 5388 5390
f 5391 5392 5393
f 5391 5393 5394
f 5391 5394 5395
f 5391 5395 5396
f 5391 5396 5397
f 5391 5397 5392
f 5385 5315 5398
f 5315 5324 5398
f 5399 5323 5324
f 5399 5324 5398
f 5399 5394 5393
f 5399 5393 5398
f 5400 5392 5393
f 5400 5393 5398
f 5400 5386 5385
f 5400 5385 5398
f 5319 5389 5401
f 5319 5325 5401
f 5402 5403 5404
f 5402 5404 5405
f 5328 5325 5402
f 5328 5402 5405
f 5325 5401 5402
f 5401 5389 5402
f 5403 5390 5389
f 5403 5389 5402
f 5404 5405 5406
f 5404 5403 5406
f 5407 5408 5409
f 5407 5409 5410
f 5407 5410 5411
f 5407 5411 5412
f 5407 5412 5413
f 5407 5413 5408
f 5414 5394 5395
f 5414 5395 5415
f 5414 5330 5335
f 5414 5335 5415
f 5416 5334 5335
f 5416 5335 5415
f 5416 5410 5409
f 5416 5409 5415
f 5417 5408 5409
f 5417 5409 5415
f 5417 5396 5395
f 5417 5395 5415
f 5399 5323 5418
f 5323 5338 5418
f 5338 5330 5418
f 5330 5414 5418
f 5414 5394 5418
f 5394 5399 5418
f 5328 5405 5419
f 5328 5341 5419
f 5420 5421 5422
f 5344 5347 5420
f 5344 5420 5422
f 5347 5341 5420
f 5341 5419 5420
f 5419 5405 5420
f 5421 5406 5405
f 5421 5405 5420
f 5423 5410 5411
f 5423 5411 5424
f 5423 5349 5352
f 5423 5352 5424
f 5352 5344 5424
f 5344 5422 5424
f 5425 5421 5422
f 5425 5422 5424
f 5425 5412 5411
f 5425 5411 5424
f 5416 5334 5426
f 5334 5355 5426
f 5355 5349 5426
f 5349 5423 5426
f 5423 5410 5426
f 5410 5416 5426
f 5364 5361 5427
f 5364 5363 5427
f 5368 5366 5428
f 5428 5368 5361
f 5428 5361 5429
f 5361 5427 5429
f 5372 5370 5430
f 5431 5430 5372
f 5431 5372 5366
f 5366 5428 5431
f 5370 5375 5432
f 5370 5430 5432
f 5381 5377 5433
f 5381 5380 5433
f 5363 5427 5434
f 5435 5434 5363
f 5435 5363 5382
f 5435 5382 5377
f 5435 5377 5436
f 5377 5433 5436
f 5428 5429 5437
f 5428 5437 5438
f 5437 5438 5439
f 5437 5439 5440
f 5435 5434 5437
f 5435 5437 5440
f 5434 5427 5437
f 5427 5429 5437
f 5441 5430 5431
f 5441 5431 5442
f 5442 5441 5443
f 5442 5443 5444
f 5444 5439 5438
f 5444 5438 5442
f 5438 5428 5442
f 5428 5431 5442
f 5432 5375 5445
f 5446 5383 5375
f 5446 5375 5445
f 5445 5446 5447
f 5443 5441 5445
f 5443 5445 5447
f 5441 5430 5445
f 5430 5432 5445
f 5383 5386 5448
f 5383 5446 5448
f 5380 5433 5449
f 5380 5388 5449
f 5435 5436 5450
f 5435 5450 5451
f 5450 5451 5452
f 5390 5388 5450
f 5390 5450 5452
f 5388 5449 5450
f 5449 5433 5450
f 5433 5436 5450
f 5453 5439 5440
f 5453 5440 5454
f 5454 5453 5455
f 5454 5455 5456
f 5452 5451 5454
f 5452 5454 5456
f 5451 5435 5454
f 5435 5440 5454
f 5457 5443 5444
f 5457 5444 5458
f 5458 5457 5459
f 5458 5459 5460
f 5460 5455 5453
f 5460 5453 5458
f 5453 5439 5458
f 5439 5444 5458
f 5461 5446 5447
f 5461 5447 5462
f 5461 5392 5397
f 5461 5397 5462
f 5463 5396 5397
f 5463 5397 5462
f 5463 5459 5457
f 5463 5457 5462
f 5457 5443 5462
f 5443 5447 5462
f 5448 5386 5464
f 5386 5400 5464
f 5400 5392 5464
f 5392 5461 5464
f 5461 5446 5464
f 5446 5448 5464
f 5390 5452 5465
f 5390 5403 5465
f 5466 5455 5456
f 5466 5456 5467
f 5467 5466 5468
f 5468 5406 5403
f 5468 5403 5467
f 5403 5465 5467
f 5465 5452 5467
f 5452 5456 5467
f 5469 5459 5460
f 5469 5460 5470
f 5469 5408 5413
f 5469 5413 5470
f 5471 5412 5413
f 5471 5413 5470
f 5471 5468 5466
f 5471 5466 5470
f 5466 5455 5470
f 5455 5460 5470
f 5463 5396 5472
f 5396 5417 5472
f 5417 5408 5472
f 5408 5469 5472
f 5469 5459 5472
f 5459 5463 5472
f 5406 5468 5473
f 5406 5421 5473
f 5471 5412 5474
f 5412 5425 5474
f 5425 5421 5474
f 5421 5473 5474
f 5473 5468 5474
f 5468 5471 5474
