o normalized-product-additive-24-amplitude-0p1
v -0.036665418839381986 -0.0432212856932573 -0.7787362036133647
v 0 -0.04772002262040606 -0.7535714285714286
v 0 -0.0432212856932573 -0.7787362036133647
v 0 -0.007352941176470562 -0.7787362036133647
v -0.036665418839381986 -0.007352941176470562 -0.7787362036133647
v -0.06052985843183739 -0.007352941176470562 -0.7535714285714286
v -0.03850038548942092 -0.04501636176394755 -0.7535714285714286
v 0.06052985843183739 -0.007352941176470562 -0.7535714285714286
v -0.017210924699855704 0.041986755248862404 -0.765383895523814
v 0 0.041986755248862404 -0.765383895523814
v 0 0.05882352941176472 -0.765383895523814
v -0.017210924699855704 0.05882352941176472 -0.765383895523814
v -0.02640083929297049 0.05882352941176472 -0.7535714285714286
v -0.048052183755691716 0.011815958346414124 -0.7535714285714286
v 0.026400839292970494 0.05882352941176472 -0.7535714285714286
v 0.04663766973272397 0.038270866170759414 -0.7535714285714286
v 0 0.07647747755667278 -0.7535714285714286
v 0.017663425230459263 0.076102967137214 -0.7535714285714286
v -0.01548795065502246 -0.1548571384285066 -0.7177727860085713
v 0 -0.15495413486528561 -0.7071428571428572
v 0 -0.1548571384285066 -0.7177727860085713
v 0 -0.13970588235294112 -0.7178407538167342
v -0.015496642864260293 -0.13970588235294112 -0.7177787517795079
v -0.02397100403224798 -0.13970588235294112 -0.7071428571428572
v -0.015487954941982199 -0.15485714262227157 -0.7071428571428572
v 0.023971004032247972 -0.13970588235294112 -0.7071428571428572
v -0.17844235933285219 -0.1157396481964602 -0.7367570230203737
v -0.1352941176470588 -0.11819174648951603 -0.7071428571428572
v -0.1352941176470588 -0.1157396481964602 -0.7367570230203737
v -0.1352941176470588 -0.07352941176470584 -0.7369427505478545
v -0.17844235933285219 -0.07352941176470584 -0.7367570230203737
v -0.18052145330575164 -0.07352941176470584 -0.7071428571428572
v -0.17844235933285219 -0.1157396481964602 -0.7071428571428572
v -0.13251367974042902 -0.13698588874862938 -0.7516631155982447
v -0.0676470588235294 -0.13820599051825788 -0.7071428571428572
v -0.0676470588235294 -0.13698778617326074 -0.7516644468072718
v -0.0676470588235294 -0.07352941176470584 -0.751854361075559
v -0.13255959512537754 -0.07352941176470584 -0.7516946289525107
v -0.13292040431165492 -0.13738377148135036 -0.7071428571428572
v 0 -0.13808083668524193 -0.7524313171664714
v -0.06597362922671106 -0.13806883166040143 -0.752422894593488
v 0 -0.07352941176470584 -0.752696487636494
v -0.06614283627052575 -0.07352941176470584 -0.752539027378218
v -0.06673062879257258 -0.13880937471396163 -0.7071428571428572
v 0.002758461519554718 -0.13700738738815935 -0.7516781987707404
v 0.0676470588235294 -0.13820599051825788 -0.7071428571428572
v 0.0676470588235294 -0.13698778617326074 -0.7516644468072718
v 0.0676470588235294 -0.07352941176470584 -0.751854361075559
v 0.0021251097130368275 -0.07352941176470584 -0.7521128905385679
v 0.09213450531781064 -0.1157507716520138 -0.7367648270955399
v 0.1352941176470588 -0.11819174648951603 -0.7071428571428572
v 0.1352941176470588 -0.1157396481964602 -0.7367570230203737
v 0.1352941176470588 -0.07352941176470584 -0.7369427505478545
v 0.09045601473973942 -0.07352941176470584 -0.7379168346040919
v 0.08354402139384648 -0.12415450592545701 -0.7071428571428572
v 0.1805214533057517 -0.07352941176470584 -0.7071428571428572
v -0.1352941176470588 -0.0689212793865468 -0.7503384214108789
v -0.19815399343200235 -0.06884629792261092 -0.750285815367927
v -0.1352941176470588 -0.007352941176470562 -0.7504870305563383
v -0.19815399343200235 -0.007352941176470562 -0.750285815367927
v -0.19944350667418648 -0.007352941176470562 -0.7071428571428572
v -0.19872376441125494 -0.06940368257622757 -0.7071428571428572
v -0.0676470588235294 -0.0726123572105528 -0.7529280347413719
v -0.13426718426374276 -0.07252480302015755 -0.7528666078331899
v -0.0676470588235294 -0.007352941176470562 -0.7534703157833192
v -0.13431701726036865 -0.007352941176470562 -0.7529008099830481
v 0 -0.0730064080573898 -0.7532044958116926
v -0.06701494929482799 -0.07291104374749795 -0.7531375894228478
v -0.06754810116537095 -0.007352941176470562 -0.7535035104271646
v 0.0007934206411045773 -0.07275323939840789 -0.753026875895391
v 0.0676470588235294 -0.0726123572105528 -0.7529280347413719
v 0.0676470588235294 -0.007352941176470562 -0.7534703157833192
v 0.1352941176470588 -0.0689212793865468 -0.7503384214108789
v 0.07196788066387724 -0.06930252083393078 -0.7506058955692022
v 0.1352941176470588 -0.007352941176470562 -0.7504870305563383
v 0.06835642267105109 -0.007352941176470562 -0.7530845670487506
v 0.1994435066741866 -0.007352941176470562 -0.7071428571428572
v 0.18339010299915076 -0.026478991311572532 -0.7071428571428572
v -0.1352941176470588 -0.0009952763935032914 -0.74911097169195
v -0.19603257031146237 -0.0005945221077604283 -0.7488298075740161
v -0.1352941176470588 0.05882352941176472 -0.7490190948953899
v -0.19603257031146237 0.05882352941176472 -0.7488298075740161
v -0.19742396172196075 0.05882352941176472 -0.7071428571428572
v -0.19784721887838994 -0.0023697217927982576 -0.7071428571428572
v -0.0676470588235294 -0.007168466327644188 -0.7534420033600298
v -0.13404771133525328 -0.006133630654052133 -0.7527159757922081
v -0.0676470588235294 0.05882352941176472 -0.7530794549994402
v -0.13401978303357145 0.05882352941176472 -0.7526968076099978
v -0.06752356345989544 -0.007232130494654732 -0.7534866693311705
v -0.06717635386482179 0.05882352941176472 -0.7532483670935578
v 0.0676470588235294 -0.007168466327644188 -0.7534420033600298
v 0.0676470588235294 0.05882352941176472 -0.7530794549994402
v 0.06870107518361038 -0.006321838215521775 -0.7528480198273978
v 0.1352941176470588 -0.0009952763935032914 -0.74911097169195
v 0.1352941176470588 0.05882352941176472 -0.7490190948953899
v 0.07151461532136248 0.05882352941176472 -0.7509169876210524
v 0.19742396172196086 0.05882352941176472 -0.7071428571428572
v 0.19914483549807993 0.055109717590832524 -0.7071428571428572
v -0.1352941176470588 0.12115669446508731 -0.7071428571428572
v -0.0676470588235294 0.0631530226536028 -0.7505339110906469
v -0.12775128477053305 0.0662023876605399 -0.7483945153238751
v -0.0676470588235294 0.125 -0.7483469235617333
v -0.12744252093575625 0.125 -0.7481825997726774
v -0.1307990539150266 0.125 -0.7071428571428572
v -0.0654023773846565 0.06101941342805343 -0.7520308242298419
v 0 0.125 -0.7509276815235083
v -0.06368788567004595 0.125 -0.7508541078667086
v 0.0676470588235294 0.0631530226536028 -0.7505339110906469
v 0.0676470588235294 0.125 -0.7483469235617333
v 0.007417588525043648 0.125 -0.7484804749564141
v 0.1352941176470588 0.12115669446508731 -0.7071428571428572
v 0.1307990539150266 0.125 -0.7071428571428572
v 0.13456540163029487 0.12428712563577443 -0.7071428571428572
v 0.1961962207532083 0.1184016737547369 -0.7071428571428572
v -0.0676470588235294 0.18427505090088833 -0.7071428571428572
v 0 0.18786662490239692 -0.7071428571428572
v -0.006559868836886598 0.18475920759562883 -0.7071428571428572
v 0.0676470588235294 0.18427505090088833 -0.7071428571428572
v 0.06399406614375222 0.1876028907928011 -0.7071428571428572
v 0.12747268499442596 0.1835250690802249 -0.7071428571428572
v -0.12150677813059331 -0.19239473819680808 -0.6976801179095067
v -0.0676470588235294 -0.19314919988532725 -0.6607142857142858
v -0.0676470588235294 -0.19239474205180862 -0.6976801206141261
v -0.0676470588235294 -0.13970588235294112 -0.7014949030645213
v -0.12322400015095356 -0.13970588235294112 -0.698858708178139
v -0.12661493973966872 -0.13970588235294112 -0.6607142857142858
v -0.12150677813059331 -0.19239473819680808 -0.6607142857142858
v -0.061331288641765895 -0.19970388211119047 -0.7028081204653114
v 0 -0.20041178011981806 -0.6607142857142858
v 0 -0.19975012921349558 -0.7028405668450239
v -0.06407706105029895 -0.13970588235294112 -0.7046926412798636
v -0.06173048560458052 -0.2000944008791613 -0.6607142857142858
v 0.013696624127574433 -0.1924834815120276 -0.6977423790925654
v 0.0676470588235294 -0.19314919988532725 -0.6607142857142858
v 0.0676470588235294 -0.19239474205180862 -0.6976801206141261
v 0.0676470588235294 -0.13970588235294112 -0.7014949030645213
v 0.012380457073483382 -0.1937710362388558 -0.6607142857142858
v 0.1266149397396687 -0.13970588235294112 -0.6607142857142858
v -0.19895909702224948 -0.13581036984913142 -0.7044098150370097
v -0.1352941176470588 -0.13740859481766993 -0.6607142857142858
v -0.1352941176470588 -0.13637117190644327 -0.7048032666391237
v -0.19943838414749648 -0.07352941176470584 -0.7047387667596171
v -0.20042751627764865 -0.07352941176470584 -0.6607142857142858
v -0.19911054944248197 -0.13595852982544582 -0.6607142857142858
v -0.0676470588235294 -0.13922372938320515 -0.7068045847418678
v -0.1345244278761092 -0.13895292496831652 -0.7066145918031682
v -0.13477056856138778 -0.1391937147691325 -0.6607142857142858
v -0.0673120522405886 -0.1393781585218034 -0.7069129302645034
v 0.0676470588235294 -0.13922372938320515 -0.7068045847418678
v 0.06986130490035582 -0.13753977206039353 -0.7056231416677683
v 0.1352941176470588 -0.13740859481766993 -0.6607142857142858
v 0.1352941176470588 -0.13637117190644327 -0.7048032666391237
v 0.18539085830088523 -0.07352941176470584 -0.6727596904208212
v 0.20042751627764874 -0.07352941176470584 -0.6607142857142858
v -0.2246351191028132 -0.028575276360168884 -0.6756036065891979
v -0.2029411764705883 -0.03603822676348778 -0.6607142857142858
v -0.2029411764705883 -0.030577892837426672 -0.6770086168795915
v -0.2029411764705883 -0.007352941176470562 -0.6791635923934394
v -0.2246351191028132 -0.007352941176470562 -0.6756036065891979
v -0.225038546261066 -0.007352941176470562 -0.6607142857142858
v -0.2246351191028132 -0.028575276360168884 -0.6607142857142858
v -0.20176122604343966 -0.07237511243379958 -0.7063330153900627
v -0.2019705285460495 -0.007352941176470562 -0.7064766671076923
v -0.20210299618920324 -0.07270945279378568 -0.6607142857142858
v 0.2029411764705884 -0.03057789283742622 -0.6770086168795912
v 0.2029411764705884 -0.03603822676348727 -0.6607142857142858
v 0.2029411764705884 -0.007352941176470562 -0.679163592393439
v 0.22503854626106565 -0.007352941176470562 -0.6607142857142858
v -0.2029411764705883 0.039240266681280146 -0.6607142857142858
v -0.2016776671124844 -0.006116899413108062 -0.7062756659374505
v -0.20156568351472426 0.05882352941176472 -0.706198807629671
v -0.20258620928150825 0.05882352941176472 -0.6607142857142858
v 0.20193418018346457 0.05783842434827402 -0.6614054229175602
v 0.2029411764705884 0.039240266681279216 -0.6607142857142858
v 0.2014481450110199 0.05882352941176472 -0.6617390060638655
v 0.20258620928150833 0.05882352941176472 -0.6607142857142858
v 0.20266934735892794 0.058557609628618626 -0.6607142857142858
v 0.22478125712425515 0.01401235511516001 -0.6607142857142858
v -0.19242956604140662 0.06910662657074676 -0.6999283667551269
v -0.1352941176470588 0.125 -0.7018838260087588
v -0.19031626502269763 0.125 -0.6984779334472552
v -0.19199130039905765 0.125 -0.6607142857142858
v -0.19991942139755542 0.06177959415712297 -0.6607142857142858
v -0.13423744156544623 0.125 -0.7064176229377753
v 0.1352941176470588 0.125 -0.7018838260087588
v 0.19717290700493562 0.11935712769664404 -0.664673253266799
v 0.19199130039905773 0.125 -0.6607142857142858
v 0.20149871768938482 0.12358889901838782 -0.6607142857142858
v -0.1352941176470588 0.17968120785655528 -0.6607142857142858
v -0.0676470588235294 0.1899576337960892 -0.6607142857142858
v -0.0676470588235294 0.1860390891133075 -0.664318607320505
v -0.07652414091430391 0.1824923685429124 -0.6607142857142858
v -0.0013724764013363505 0.18983383063040626 -0.6616562648593024
v 0 0.19098668317366096 -0.6607142857142858
v 0 0.19051132477629942 -0.661180943569644
v -0.00031087654967688894 0.19087235222442095 -0.6607142857142858
v 0.06496625996312361 0.18855394996392527 -0.6625542128824525
v 0.0676470588235294 0.1899576337960892 -0.6607142857142858
v 0.0676470588235294 0.1860390891133075 -0.664318607320505
v 0.0668654512198035 0.1904118544541556 -0.6607142857142858
v 0.1352941176470588 0.17968120785655528 -0.6607142857142858
v 0.12820092531824262 0.18423747809265423 -0.665582594734995
v 0.13357250856300648 0.18949228778861887 -0.6607142857142858
v 0.19004017194389433 0.1785559226816868 -0.6607142857142858
v -0.16624300991402058 -0.1699819726140994 -0.6355270347546539
v -0.1352941176470588 -0.17389815970603023 -0.6142857142857143
v -0.1352941176470588 -0.1699819726140994 -0.6355270347546539
v -0.1352941176470588 -0.13970588235294112 -0.6418924751911903
v -0.166935043757042 -0.13970588235294112 -0.6360020020816965
v -0.17185110544027532 -0.13970588235294112 -0.6142857142857143
v -0.168169674018844 -0.17186675271664403 -0.6142857142857143
v -0.1274406188421453 -0.19819958237115246 -0.6553241514413483
v -0.0676470588235294 -0.20045045551661692 -0.6142857142857143
v -0.0676470588235294 -0.19867376102354836 -0.6556568291625531
v -0.13054419713524518 -0.13970588235294112 -0.6574542471021404
v -0.1289430205975358 -0.19966932321881706 -0.6142857142857143
v -0.06376654934252657 -0.2020862023619346 -0.6580509546729764
v 0 -0.2035073278836751 -0.6142857142857143
v 0 -0.202300839804289 -0.6582015415769774
v -0.0647640944883046 -0.203062061743674 -0.6142857142857143
v 0.0069737155602920455 -0.19906023989306473 -0.6559279778297376
v 0.0676470588235294 -0.20045045551661692 -0.6142857142857143
v 0.0676470588235294 -0.19867376102354836 -0.6556568291625531
v 0.00470659389802076 -0.20127807630180838 -0.6142857142857143
v 0.10313689350622604 -0.17116403640375583 -0.6363563556991431
v 0.1352941176470588 -0.17389815970603023 -0.6142857142857143
v 0.1352941176470588 -0.1699819726140994 -0.6355270347546539
v 0.1352941176470588 -0.13970588235294112 -0.6418924751911903
v 0.09786420234904442 -0.17632210384012914 -0.6142857142857143
v 0.17185110544027538 -0.13970588235294112 -0.6142857142857143
v -0.23328941761979022 -0.10321790854109908 -0.6351147866272474
v -0.2029411764705883 -0.1087019302229001 -0.6142857142857143
v -0.2029411764705883 -0.10389287175500135 -0.6355883322471598
v -0.2029411764705883 -0.07352941176470584 -0.6406907226966214
v -0.23328941761979022 -0.07352941176470584 -0.6351147866272474
v -0.23746551172465608 -0.07352941176470584 -0.6142857142857143
v -0.23533427795939635 -0.1052183153950616 -0.6142857142857143
v -0.1352941176470588 -0.13819005209417226 -0.6596507984533718
v -0.20039392612320234 -0.13721400701310704 -0.6589660176187196
v -0.2012811463473704 -0.07352941176470584 -0.6595749482694686
v -0.20101920425342526 -0.13782569214049903 -0.6142857142857143
v -0.13490372573582163 -0.13932397722238304 -0.6604463459242752
v 0.1352941176470588 -0.13819005209417226 -0.6596507984533718
v 0.16330398675749888 -0.11230492344055416 -0.6414901208900397
v 0.2029411764705884 -0.10870193022289991 -0.6142857142857143
v 0.2029411764705884 -0.10389287175500116 -0.6355883322471596
v 0.2029411764705884 -0.07352941176470584 -0.6406907226966212
v 0.23746551172465594 -0.07352941176470584 -0.6142857142857143
v -0.2029411764705883 -0.06504950829949323 -0.6547648931244064
v -0.25757442553659443 -0.0607985109149549 -0.6517824473403335
v -0.25785836274735047 -0.007352941176470562 -0.6519773235005109
v -0.2609398943484251 -0.007352941176470562 -0.6142857142857143
v -0.25998177079972856 -0.06315352258541221 -0.6142857142857143
v -0.2023601707892568 -0.07296103664166417 -0.6603155209454217
v 0.2029411764705884 -0.06504950829949316 -0.6547648931244064
v 0.2302256535112507 -0.007352941176470562 -0.6419879831491107
v 0.26093989434842507 -0.007352941176470562 -0.6142857142857143
v 0.23934347605173067 -0.03791846652228395 -0.6142857142857143
v -0.2579405444122086 0.005019799903657824 -0.6520337276866401
v -0.2029411764705883 0.05882352941176472 -0.6586348005509076
v -0.25776122288159165 0.05882352941176472 -0.6519106529715273
v -0.26130970180054885 0.05882352941176472 -0.6142857142857143
v -0.26100565352128324 0.002021323601302187 -0.6142857142857143
v -0.202720600104181 0.05882352941176472 -0.660562896344795
v 0.2029411764705884 0.05882352941176472 -0.6586348005509076
v 0.2308377373303841 0.019937172708112273 -0.6415678883539911
v 0.2613097018005488 0.05882352941176472 -0.6142857142857143
v 0.2612456934028186 0.04968408625723312 -0.6142857142857143
v -0.2029411764705883 0.06803058165359449 -0.6542547347763671
v -0.24038805982521116 0.08836717932699929 -0.6399868360912164
v -0.2029411764705883 0.125 -0.642128457829406
v -0.2402224852273033 0.125 -0.6398731963827144
v -0.24455609343199552 0.125 -0.6142857142857143
v -0.24664340103364749 0.08224782379700724 -0.6142857142857143
v -0.2020547913238249 0.05969064531620716 -0.6601059282067246
v -0.19942431395642976 0.125 -0.6583005384607795
v 0.2029411764705884 0.06803058165359485 -0.6542547347763669
v 0.2029411764705884 0.125 -0.6421284578294059
v 0.24455609343199547 0.125 -0.6142857142857143
v 0.2601968848831546 0.11483454851101446 -0.6142857142857143
v -0.2029411764705883 0.17075450764306258 -0.6142857142857143
v -0.18014000583099699 0.14730549301699145 -0.6450650350579203
v -0.1352941176470588 0.19117647058823528 -0.6441733725385793
v -0.17704177952482858 0.19117647058823528 -0.6429386126552395
v -0.18577849232634275 0.19117647058823528 -0.6142857142857143
v -0.0676470588235294 0.19117647058823528 -0.6563558304276726
v -0.12676945851174226 0.19117647058823528 -0.6548635103450158
v 0 0.19117647058823528 -0.6598989376431444
v -0.06306543364964913 0.19117647058823528 -0.6575697541508463
v 0.0676470588235294 0.19117647058823528 -0.6563558304276726
v 0.0016815127336749927 0.19117647058823528 -0.6595602039933474
v 0.1352941176470588 0.19117647058823528 -0.6441733725385793
v 0.08689356262427794 0.19117647058823528 -0.6475047287578715
v 0.19520467207402178 0.1836081510698549 -0.6195955511541653
v 0.2029411764705884 0.17075450764306244 -0.6142857142857143
v 0.1857784923263428 0.19117647058823528 -0.6142857142857143
v 0.2005484349526517 0.18883574519025373 -0.6142857142857143
v 0.2425318331055608 0.16372999018638618 -0.6142857142857143
v -0.1352941176470588 0.2369207863976922 -0.6142857142857143
v -0.0676470588235294 0.2552522106004988 -0.6142857142857143
v -0.0752082727014477 0.24995610151328962 -0.6142857142857143
v -0.01084411994364131 0.2467445629707345 -0.6217284177252942
v 0 0.22844033340644773 -0.6345704327529367
v 0 0.25735294117647056 -0.6193476613871645
v -0.007375325641026838 0.25735294117647056 -0.6193476613871645
v -0.02545365768174973 0.25735294117647056 -0.6142857142857143
v 0.0676470588235294 0.2552522106004988 -0.6142857142857143
v 0.02545365768174973 0.25735294117647056 -0.6142857142857143
v 0.0661267795157899 0.2558657114188993 -0.6142857142857143
v 0.1352941176470588 0.2369207863976922 -0.6142857142857143
v 0.12824270935839205 0.25045482437234007 -0.6142857142857143
v 0.17921681561048286 0.23414432729158477 -0.6142857142857143
v 0 0.26544243042588495 -0.6142857142857143
v 0.00812685034994122 0.26530312086663044 -0.6142857142857143
v -0.09701548871836255 -0.3007888092960964 -0.5880137360458327
v -0.0676470588235294 -0.30491962960082514 -0.5678571428571428
v -0.0676470588235294 -0.3007888092960964 -0.5880137360458327
v -0.0676470588235294 -0.2720588235294118 -0.588966008223267
v -0.09772283365096784 -0.2720588235294118 -0.5884992119157264
v -0.11492713451174658 -0.2720588235294118 -0.5678571428571428
v -0.09982556504018178 -0.30353779700222394 -0.5678571428571428
v -0.03945950539464721 -0.3106605135893928 -0.5949395984230342
v 0 -0.3150992189603692 -0.5678571428571428
v 0 -0.3106605135893928 -0.5949395984230342
v 0 -0.2720588235294118 -0.596058073716317
v -0.040815384947060676 -0.2720588235294118 -0.5958701865630448
v -0.043484788816407556 -0.3145982908498105 -0.5678571428571428
v 0.03827862892869625 -0.3007888092960964 -0.5880137360458327
v 0.0676470588235294 -0.30491962960082514 -0.5678571428571428
v 0.0676470588235294 -0.3007888092960964 -0.5880137360458327
v 0.0676470588235294 -0.2720588235294118 -0.588966008223267
v 0.03660681855009165 -0.2720588235294118 -0.5891611586969868
v 0.033495788135823525 -0.30546767528912405 -0.5678571428571428
v 0.11492713451174658 -0.2720588235294118 -0.5678571428571428
v -0.24749164195240558 -0.24946433004295437 -0.5984337045698188
v -0.2029411764705883 -0.25512945353542044 -0.5678571428571428
v -0.2029411764705883 -0.24954390822521721 -0.5984895356119778
v -0.2029411764705883 -0.20588235294117652 -0.5996046763959659
v -0.24781621226322184 -0.20588235294117652 -0.5986564686651306
v -0.2550810352712157 -0.20588235294117652 -0.5678571428571428
v -0.25002966236671326 -0.25194717610042927 -0.5678571428571428
v -0.1960549299948873 -0.2653222780640521 -0.6095594395306525
v -0.1352941176470588 -0.2696571949417094 -0.5678571428571428
v -0.1352941176470588 -0.2655434629695456 -0.6097146200516494
v -0.1352941176470588 -0.20588235294117652 -0.6104566209652866
v -0.19670028491852368 -0.20588235294117652 -0.6100023694627135
v -0.19818929751615455 -0.2674102462913788 -0.5678571428571428
v -0.0676470588235294 -0.2685109965136143 -0.6117966039032025
v -0.13152544177431336 -0.2683720753930304 -0.6116991386090784
v -0.0676470588235294 -0.20588235294117652 -0.6124182075795903
v -0.13216130070371265 -0.20588235294117652 -0.612135551104101
v -0.13394532139954868 -0.2707393489394562 -0.5678571428571428
v 0 -0.26911774309412384 -0.6122222895993694
v -0.06459157874259232 -0.2690697669284951 -0.6121886301307855
v 0 -0.20588235294117652 -0.6129656003397372
v -0.06535971786799226 -0.20588235294117652 -0.6127158312075351
v 0.0676470588235294 -0.2685109965136143 -0.6117966039032025
v 0.0035689639746280333 -0.2685674457281452 -0.6118362079553019
v 0.0676470588235294 -0.20588235294117652 -0.6124182075795903
v 0.0022904908161329824 -0.20588235294117652 -0.6127136693466914
v 0.07406719331452409 -0.2657782571795257 -0.6098793486878578
v 0.1352941176470588 -0.2696571949417094 -0.5678571428571428
v 0.1352941176470588 -0.2655434629695456 -0.6097146200516494
v 0.1352941176470588 -0.20588235294117652 -0.6104566209652866
v 0.07251696377164253 -0.20588235294117652 -0.6109433261070404
v 0.15774940493100753 -0.2500916946646794 -0.5988738556218862
v 0.2029411764705884 -0.2551294535354204 -0.5678571428571428
v 0.2029411764705884 -0.24954390822521716 -0.5984895356119777
v 0.2029411764705884 -0.20588235294117652 -0.5996046763959658
v 0.154929862762751 -0.20588235294117652 -0.600809007234261
v 0.14518951154473284 -0.26237854689038287 -0.5678571428571428
v 0.2550810352712157 -0.20588235294117652 -0.5678571428571428
v -0.3175352696706245 -0.18563232902561097 -0.6000785546497144
v -0.2705882352941176 -0.19252251327209086 -0.5678571428571428
v -0.2705882352941176 -0.18593197892497992 -0.6002887852140335
v -0.2705882352941176 -0.13970588235294112 -0.6012483755187463
v -0.31768790522794543 -0.13970588235294112 -0.6001833138365713
v -0.3235742837896773 -0.13970588235294112 -0.5678571428571428
v -0.32018015288094825 -0.18821971477484073 -0.5678571428571428
v -0.2029411764705883 -0.20204134788992922 -0.6115909139164265
v -0.26630380673409093 -0.20169106413245477 -0.6113451592802301
v -0.2029411764705883 -0.13970588235294112 -0.6120939472881611
v -0.2666886758827189 -0.13970588235294112 -0.6116093086027358
v -0.26800956114964664 -0.203359736930281 -0.5678571428571428
v -0.1352941176470588 -0.20437290091416824 -0.6132267019112101
v -0.2012017145508436 -0.20418070541099148 -0.6130918599867591
v -0.20153542258250118 -0.13970588235294112 -0.6133208956233936
v -0.0676470588235294 -0.20507986606966327 -0.6137226996869701
v -0.13434543478534774 -0.20495429361993744 -0.6136345996508132
v 0 -0.20531257701780095 -0.6138859667331238
v -0.06695173823827588 -0.20520214802081982 -0.6138084911511149
v 0.0006873520529865964 -0.2052099433241244 -0.6138139602369254
v 0.0676470588235294 -0.20507986606966327 -0.6137226996869701
v 0.06898288746650581 -0.20457556405130828 -0.6133688877947274
v 0.1352941176470588 -0.20437290091416824 -0.6132267019112101
v 0.2029411764705884 -0.20204134788992922 -0.6115909139164265
v 0.13879011080452566 -0.20246235963495893 -0.6118862904105585
v 0.2029411764705884 -0.13970588235294112 -0.6120939472881611
v 0.22203623233006078 -0.18720240699169255 -0.6011801014132192
v 0.2705882352941176 -0.19252251327209086 -0.5678571428571428
v 0.2705882352941176 -0.18593197892497992 -0.6002887852140335
v 0.2705882352941176 -0.13970588235294112 -0.6012483755187463
v 0.21919400955424223 -0.13970588235294112 -0.603130819529542
v 0.32357428378967723 -0.13970588235294112 -0.5678571428571428
v -0.2705882352941176 -0.13420751671586206 -0.6104281307752557
v -0.3320159024377986 -0.13362169484004588 -0.610017125586191
v -0.2705882352941176 -0.07352941176470584 -0.6108512726305243
v -0.3322661605986087 -0.07352941176470584 -0.6101888866220265
v -0.3380597093322236 -0.07352941176470584 -0.5678571428571428
v -0.3341533565688489 -0.13571268257694294 -0.5678571428571428
v -0.2029411764705883 -0.13834138853424127 -0.6133284027494201
v -0.2688744258337498 -0.13802932961997266 -0.6131094661778221
v -0.2690728845437503 -0.07352941176470584 -0.6132456754166734
v -0.20231508314217175 -0.13909339974905538 -0.6138560042683849
v 0.2029411764705884 -0.13834138853424124 -0.6133284027494201
v 0.2705882352941176 -0.13420751671586206 -0.6104281307752557
v 0.20756658034688863 -0.13518103073482132 -0.6111111358488747
v 0.2705882352941176 -0.07352941176470584 -0.6108512726305243
v 0.33805970933222357 -0.07352941176470584 -0.5678571428571428
v 0.33748517911526726 -0.07426321991920773 -0.5678571428571428
v -0.3775042358564257 -0.045768210268753995 -0.5948088078393481
v -0.3382352941176471 -0.07233518186614181 -0.5678571428571428
v -0.3382352941176471 -0.04666292142279444 -0.5954365258236114
v -0.3382352941176471 -0.007352941176470562 -0.5958673953671889
v -0.3775067583726796 -0.007352941176470562 -0.5948105391315596
v -0.38252337083004667 -0.007352941176470562 -0.5678571428571428
v -0.38119494226478295 -0.049378683929103495 -0.5678571428571428
v -0.2705882352941176 -0.0706289200324381 -0.6122507661179963
v -0.33467616643459375 -0.07004765642258844 -0.611842958950451
v -0.2705882352941176 -0.007352941176470562 -0.6124567248535432
v -0.3348041808768607 -0.007352941176470562 -0.6119308197943671
v -0.3381344261372434 -0.07343073656648487 -0.5678571428571428
v -0.269585481062399 -0.07254845653802462 -0.6135974885552491
v -0.26968972932759405 -0.007352941176470562 -0.6136690378304296
v 0.2705882352941176 -0.0706289200324381 -0.6122507661179963
v 0.2705882352941176 -0.007352941176470562 -0.6124567248535432
v 0.29498609120831487 -0.0496619440225563 -0.5975406019967776
v 0.33823529411764697 -0.0723351818661421 -0.5678571428571428
v 0.33823529411764697 -0.046662921422794615 -0.5954365258236115
v 0.33823529411764697 -0.007352941176470562 -0.595867395367189
v 0.2932777005101109 -0.007352941176470562 -0.5987131310163525
v 0.3825233708300469 -0.007352941176470562 -0.5678571428571428
v -0.3382352941176471 0.015190295526015363 -0.5984696656785734
v -0.38138527125915556 0.016611595251593406 -0.5974724998393584
v -0.3382352941176471 0.05882352941176472 -0.5985003530664429
v -0.381387287983002 0.05882352941176472 -0.5974738839883337
v -0.38615108062933096 0.05882352941176472 -0.5678571428571428
v -0.38606225543420997 0.012036284645561886 -0.5678571428571428
v -0.2705882352941176 -0.004951013881484337 -0.612600552596216
v -0.3350710620342469 -0.004257496747057341 -0.6121139897812689
v -0.2705882352941176 0.05882352941176472 -0.6126603518260995
v -0.3350799302488466 0.05882352941176472 -0.6121200763509165
v -0.26972617982902974 -0.006509626047580316 -0.6136940551000485
v -0.26975749097920726 0.05882352941176472 -0.6137155450509467
v 0.2705882352941176 -0.004951013881484337 -0.612600552596216
v 0.2705882352941176 0.05882352941176472 -0.6126603518260995
v 0.2897962560748345 0.01143751393510032 -0.6011025695883899
v 0.33823529411764697 0.01519029552601523 -0.5984696656785735
v 0.33823529411764697 0.05882352941176472 -0.598500353066443
v 0.2892851418608925 0.05882352941176472 -0.6014533653687663
v 0.3861510806293311 0.05882352941176472 -0.5678571428571428
v 0.3826203419403935 0.03606721430230309 -0.5678571428571428
v -0.3637983690754104 0.0999926440630576 -0.5854019862287755
v -0.3382352941176471 0.09846557178177574 -0.5864733607499287
v -0.3382352941176471 0.125 -0.5860863769592934
v -0.36379388149123565 0.125 -0.5853989062408791
v -0.3677827790583658 0.125 -0.5678571428571428
v -0.36906425380597396 0.0948412350875063 -0.5678571428571428
v -0.2705882352941176 0.06203539954539891 -0.6120323069856091
v -0.3338809776346471 0.06308318684078648 -0.6112971927244006
v -0.2705882352941176 0.125 -0.6117305686924233
v -0.3337369295859758 0.125 -0.6111983274487598
v -0.2695062486500629 0.0598819946070356 -0.6135431085455402
v -0.2693557229352621 0.125 -0.6134397974183011
v 0.2705882352941176 0.06203539954539891 -0.6120323069856091
v 0.2705882352941176 0.125 -0.6117305686924233
v 0.30614085179830003 0.09360326294846497 -0.5898846948837754
v 0.33823529411764697 0.09846557178177542 -0.586473360749929
v 0.33823529411764697 0.125 -0.5860863769592937
v 0.3083653476470243 0.125 -0.5883579446273528
v 0.3677827790583661 0.125 -0.5678571428571428
v 0.3850626937398387 0.10463294208564777 -0.5678571428571428
v -0.3382352941176471 0.15943678541928905 -0.5678571428571428
v -0.2705882352941176 0.13365059630588122 -0.6082165657663501
v -0.32772582249873344 0.1352810048445894 -0.6070726918391929
v -0.2705882352941176 0.19117647058823528 -0.6075275615122109
v -0.3273039026274169 0.19117647058823528 -0.6067831132939725
v -0.3315540838869694 0.19117647058823528 -0.5678571428571428
v -0.2683146707691646 0.12722413920919312 -0.612725286459582
v -0.2029411764705883 0.19117647058823528 -0.6131615020581478
v -0.26802404259686996 0.19117647058823528 -0.6125258180556158
v -0.2021508512052274 0.19117647058823528 -0.6137432860756374
v 0.2029411764705884 0.19117647058823528 -0.6131615020581478
v 0.2705882352941176 0.13365059630588122 -0.6082165657663501
v 0.2705882352941176 0.19117647058823528 -0.6075275615122109
v 0.20949614389868879 0.19117647058823528 -0.6097868080695336
v 0.33823529411764697 0.15943678541928943 -0.5678571428571428
v 0.3315540838869693 0.19117647058823528 -0.5678571428571428
v 0.3354810866105977 0.1884821371574262 -0.5678571428571428
v 0.36583336833211716 0.15199811607937294 -0.5678571428571428
v -0.2705882352941176 0.2572449461273572 -0.5678571428571428
v -0.2029411764705883 0.19674724175089844 -0.6103773319779411
v -0.26197305914666724 0.19960436029769757 -0.6083728138863773
v -0.2029411764705883 0.25735294117647056 -0.6083692295523753
v -0.2611316024610323 0.25735294117647056 -0.6077952923723234
v -0.2704936405381064 0.25735294117647056 -0.5678571428571428
v -0.20085162792523617 0.1932205941652102 -0.6128515831412336
v -0.1352941176470588 0.25735294117647056 -0.6124195599521104
v -0.19968054564906637 0.25735294117647056 -0.6120478279144214
v -0.0676470588235294 0.25735294117647056 -0.6139544294206043
v -0.1336114683969688 0.25735294117647056 -0.6131308525333233
v -0.06723121504618083 0.25735294117647056 -0.6140003059789005
v 0.0676470588235294 0.25735294117647056 -0.6139544294206043
v 0.1352941176470588 0.25735294117647056 -0.6124195599521104
v 0.06843587550949204 0.25735294117647056 -0.6137443214670878
v 0.2029411764705884 0.19674724175089847 -0.6103773319779411
v 0.2029411764705884 0.25735294117647056 -0.6083692295523753
v 0.14258338675042007 0.25735294117647056 -0.6092828308327862
v 0.2705882352941176 0.2572449461273572 -0.5678571428571428
v 0.2704936405381064 0.25735294117647056 -0.5678571428571428
v 0.2705626719833867 0.257327933589886 -0.5678571428571428
v 0.3290849543727055 0.24840152186076697 -0.5678571428571428
v -0.2029411764705883 0.31896894615999133 -0.5678571428571428
v -0.1807249545540142 0.27908620174703214 -0.5990379346473202
v -0.1352941176470588 0.2764079683992755 -0.600916949154794
v -0.1352941176470588 0.32352941176470584 -0.5982362497440838
v -0.1788109975617977 0.32352941176470584 -0.5977243182023518
v -0.18950582415399103 0.32352941176470584 -0.5678571428571428
v -0.0676470588235294 0.25997386471845546 -0.6124469076102265
v -0.12665674114727865 0.26580254862190766 -0.6083575769985982
v -0.0676470588235294 0.32352941176470584 -0.6071301638668201
v -0.12443469109354191 0.32352941176470584 -0.6068325053778658
v -0.06556412853307732 0.2593905903736519 -0.6128561254838824
v 0 0.32352941176470584 -0.6086692746779162
v -0.059320575039843594 0.32352941176470584 -0.6085709536764145
v 0.0676470588235294 0.25997386471845546 -0.6124469076102265
v 0.0676470588235294 0.32352941176470584 -0.6071301638668201
v 0.010252604245743632 0.32352941176470584 -0.6072489890114617
v 0.07456576383158113 0.2641212395539125 -0.6095371620907472
v 0.1352941176470588 0.2764079683992755 -0.600916949154794
v 0.1352941176470588 0.32352941176470584 -0.5982362497440838
v 0.09029695725479513 0.32352941176470584 -0.5987402871015226
v 0.2029411764705884 0.3189689461599913 -0.5678571428571428
v 0.1895058241539911 0.32352941176470584 -0.5678571428571428
v 0.2012484486572742 0.3218734823821159 -0.5678571428571428
v 0.2625061101718288 0.3156229850146407 -0.5678571428571428
v -0.1352941176470588 0.3690999646535401 -0.5678571428571428
v -0.0676470588235294 0.381157811642187 -0.5678571428571428
v -0.08731041727610603 0.3704699882145509 -0.5678571428571428
v 0 0.3832624999078807 -0.5678571428571428
v -0.008308596654906866 0.3815779073644453 -0.5678571428571428
v 0.0676470588235294 0.381157811642187 -0.5678571428571428
v 0.06070965662645698 0.38291929324710944 -0.5678571428571428
v 0.1352941176470588 0.3690999646535401 -0.5678571428571428
v 0.12577945352021758 0.38039805875059646 -0.5678571428571428
v 0.18016959503159213 0.36742933529305355 -0.5678571428571428
v -0.18044693356333458 -0.31623005649098584 -0.5524185475698663
v -0.1352941176470588 -0.3201245771884856 -0.5214285714285715
v -0.1352941176470588 -0.31762366988343943 -0.5533962890293337
v -0.1352941176470588 -0.2720588235294118 -0.5608822060344842
v -0.18522969502669645 -0.2720588235294118 -0.5557011260897513
v -0.19137798109785253 -0.2720588235294118 -0.5214285714285715
v -0.18215013526095009 -0.31789623206474016 -0.5214285714285715
v -0.12593861644980853 -0.32908317338120663 -0.5614361311658624
v -0.0676470588235294 -0.33133983159328184 -0.5214285714285715
v -0.0676470588235294 -0.329722768535306 -0.5618848630041353
v -0.13130147110584692 -0.2720588235294118 -0.5651168481813421
v -0.12731718484682933 -0.3304317729000313 -0.5214285714285715
v -0.06077411726869004 -0.33151176433573903 -0.5631399997403121
v 0 -0.3330917027375642 -0.5214285714285715
v 0 -0.3317092418091036 -0.5632785474279742
v -0.06211233926564091 -0.33282089455014746 -0.5214285714285715
v 0.008453585834715987 -0.3299654818880336 -0.5620551476103347
v 0.0676470588235294 -0.33133983159328184 -0.5214285714285715
v 0.0676470588235294 -0.329722768535306 -0.5618848630041353
v 0.006704318921288554 -0.3316767212598648 -0.5214285714285715
v 0.08752341002034804 -0.3187910375120636 -0.5542152993338605
v 0.1352941176470588 -0.3201245771884856 -0.5214285714285715
v 0.1352941176470588 -0.31762366988343943 -0.5533962890293337
v 0.1352941176470588 -0.2720588235294118 -0.5608822060344842
v 0.08434912598568133 -0.32189631537206365 -0.5214285714285715
v 0.1913779810978526 -0.2720588235294118 -0.5214285714285715
v -0.29047839165441536 -0.22534011459798953 -0.5350798899243038
v -0.2705882352941176 -0.23016953738865836 -0.5214285714285715
v -0.2705882352941176 -0.22739335530644156 -0.5365204175324558
v -0.2705882352941176 -0.20588235294117652 -0.540657800190934
v -0.2928706250895035 -0.20588235294117652 -0.5367217644247835
v -0.29593134522424286 -0.20588235294117652 -0.5214285714285715
v -0.2915671743903837 -0.22640522814404554 -0.5214285714285715
v -0.264256047053619 -0.26586429155501096 -0.5635111378846267
v -0.2029411764705883 -0.2690719909002411 -0.5214285714285715
v -0.2029411764705883 -0.2670823542891418 -0.5643657152314296
v -0.2661419656053703 -0.20588235294117652 -0.5648055105552386
v -0.26524372000710994 -0.2668304933573391 -0.5214285714285715
v -0.1352941176470588 -0.2710918616515455 -0.5671787346825128
v -0.20098680547684658 -0.270146938861621 -0.5665157888521214
v -0.20179120327828487 -0.2709338497543324 -0.5214285714285715
v -0.13467922249661124 -0.27145729566484356 -0.5674351185458109
v 0.1352941176470588 -0.2710918616515455 -0.5671787346825128
v 0.13792906889953094 -0.2694811538259064 -0.5660486825254771
v 0.2029411764705884 -0.26907199090024103 -0.5214285714285715
v 0.2029411764705884 -0.2670823542891418 -0.5643657152314295
v 0.2449148240534323 -0.2309976465461948 -0.539049142497489
v 0.2705882352941176 -0.23016953738865836 -0.5214285714285715
v 0.2705882352941176 -0.22739335530644156 -0.5365204175324558
v 0.2705882352941176 -0.20588235294117652 -0.540657800190934
v 0.23590384357236086 -0.23981273614724297 -0.5214285714285715
v 0.2959313452242428 -0.20588235294117652 -0.5214285714285715
v -0.2705882352941176 -0.20189342467922342 -0.5650585614416138
v -0.3325177449175064 -0.20028909828886501 -0.563932986418537
v -0.3337999986803929 -0.13970588235294112 -0.5648130425725677
v -0.3370154648592713 -0.13970588235294112 -0.5214285714285715
v -0.33347497190704234 -0.2012255159960197 -0.5214285714285715
v -0.2694281487181038 -0.20474748563855433 -0.5670609343686365
v 0.2705882352941176 -0.20189342467922342 -0.5650585614416138
v 0.33366739479862817 -0.13970588235294112 -0.5245636824518731
v 0.33701546485927125 -0.13970588235294112 -0.5214285714285715
v 0.31873747458901197 -0.1587798362396493 -0.5214285714285715
v -0.39021110946843623 -0.12437531808613003 -0.5571014136413801
v -0.3382352941176471 -0.13624000812992137 -0.5214285714285715
v -0.3382352941176471 -0.12816762770891113 -0.5597620499164107
v -0.3382352941176471 -0.07352941176470584 -0.567463187202285
v -0.39160158911081205 -0.07352941176470584 -0.558055749048104
v -0.39395781071443087 -0.07352941176470584 -0.5214285714285715
v -0.39187618760744797 -0.12600419887429368 -0.5214285714285715
v -0.33652567488585183 -0.1380334287566197 -0.5666837706514697
v -0.33816429068263343 -0.07352941176470584 -0.5678084106859068
v -0.337779354376832 -0.139259854345622 -0.5214285714285715
v 0.33823529411764697 -0.1281676277089112 -0.5597620499164108
v 0.33823529411764697 -0.13624000812992149 -0.5214285714285715
v 0.33823529411764697 -0.07352941176470584 -0.5674631872022851
v 0.393957810714431 -0.07352941176470584 -0.5214285714285715
v -0.3382352941176471 -0.07328395359082433 -0.5676849325192768
v -0.39882840030918765 -0.06662880592906462 -0.5630157654295977
v -0.39935220547933786 -0.007352941176470562 -0.5633752714625269
v -0.4008390053754492 -0.007352941176470562 -0.5214285714285715
v -0.4001209781579736 -0.06789328425939868 -0.5214285714285715
v -0.3381894374084055 -0.07348455194044777 -0.567825669774092
v 0.33823529411764697 -0.0732839535908244 -0.5676849325192768
v 0.3866351257300234 -0.007352941176470562 -0.534638624887158
v 0.4008390053754493 -0.007352941176470562 -0.5214285714285715
v 0.3953127537951122 -0.01769276642805525 -0.5214285714285715
v -0.4000418581851974 -0.001639413697795365 -0.5638486045308342
v -0.40007563924770767 0.05882352941176472 -0.5638717896700105
v -0.40143170308464154 0.05882352941176472 -0.5214285714285715
v -0.40138319552467766 -0.0029515915298956247 -0.5214285714285715
v 0.3867945763718823 0.040150704507020386 -0.5345291882665032
v 0.38991960324682573 0.05882352941176472 -0.5323843716846322
v 0.40143170308464166 0.05882352941176472 -0.5214285714285715
v 0.40089291653214054 0.05394255901162076 -0.5214285714285715
v -0.39700530362655356 0.06750759939346103 -0.5617645096318893
v -0.3963971198471419 0.125 -0.5613470915721067
v -0.398148966196875 0.125 -0.5214285714285715
v -0.3989985785049977 0.06555765657759176 -0.5214285714285715
v 0.3882741582388781 0.10777459213905592 -0.5335136988484719
v 0.3717148554229525 0.125 -0.5448789346320729
v 0.3981489661968752 0.125 -0.5214285714285715
v 0.4008575596146158 0.12008444131097314 -0.5214285714285715
v -0.37441867694234165 0.15577968304233838 -0.5462625080877562
v -0.3382352941176471 0.19117647058823528 -0.5500606712686072
v -0.372424329746861 0.19117647058823528 -0.5448937170001747
v -0.37504232187277103 0.19117647058823528 -0.5214285714285715
v -0.37830508703996846 0.15197776012074699 -0.5214285714285715
v -0.3357953594468041 0.19117647058823528 -0.566182529309763
v 0.33823529411764697 0.19117647058823528 -0.5500606712686074
v 0.3684017082895291 0.15451062255944983 -0.5471528648074971
v 0.37504232187277126 0.19117647058823528 -0.5214285714285715
v 0.3966957318477887 0.1821895586490515 -0.5214285714285715
v -0.3382352941176471 0.22983818007273507 -0.5214285714285715
v -0.32759675983926045 0.20158373238230912 -0.5605555401381259
v -0.2705882352941176 0.25735294117647056 -0.5677282700743409
v -0.324006477404529 0.25735294117647056 -0.5580914021937916
v -0.32632578511007926 0.25735294117647056 -0.5214285714285715
v -0.2705543460203012 0.25735294117647056 -0.5678338834487161
v 0.2705882352941176 0.25735294117647056 -0.5677282700743409
v 0.33823529411764697 0.22983818007273527 -0.5214285714285715
v 0.3306933404039241 0.24997494297826345 -0.5266048812755676
v 0.32632578511007915 0.25735294117647056 -0.5214285714285715
v 0.3354561131362349 0.25463417717291525 -0.5214285714285715
v 0.37201229015564585 0.22421918410366887 -0.5214285714285715
v -0.2705882352941176 0.3116783315139272 -0.5214285714285715
v -0.2702180143426329 0.2577151138464012 -0.5676030471109376
v -0.2029411764705883 0.32352941176470584 -0.5573957114925651
v -0.24706215416993815 0.32352941176470584 -0.5517103604706719
v -0.2502042392958175 0.32352941176470584 -0.5214285714285715
v -0.19924369546741474 0.32352941176470584 -0.5653194307400579
v 0.2029411764705884 0.32352941176470584 -0.557395711492565
v 0.2705882352941176 0.3116783315139272 -0.5214285714285715
v 0.2638982936780483 0.3169849036620293 -0.5260201152085445
v 0.2502042392958175 0.32352941176470584 -0.5214285714285715
v 0.2680313092518429 0.32102807107117626 -0.5214285714285715
v 0.32294733570829126 0.30857380027729264 -0.5214285714285715
v -0.2029411764705883 0.3671021864892751 -0.5214285714285715
v -0.1352941176470588 0.38473869980631176 -0.5214285714285715
v -0.1352941176470588 0.3726275480276304 -0.533410513923472
v -0.1549043915511879 0.3705219187510757 -0.5214285714285715
v -0.06833324013057807 0.3890346180308283 -0.5218995219529744
v -0.0676470588235294 0.3896226056452701 -0.5214285714285715
v -0.0676470588235294 0.38946132484002416 -0.5216001498741418
v -0.06780839877186147 0.3895480497947902 -0.5214285714285715
v 0 0.3897058823529411 -0.5376539463159251
v -0.022761758498270432 0.3897058823529411 -0.5370507721370117
v -0.06446801573657743 0.3897058823529411 -0.5214285714285715
v 0.06745430519735073 0.3895173190229837 -0.5215608650664146
v 0.0676470588235294 0.3896226056452701 -0.5214285714285715
v 0.0676470588235294 0.38946132484002416 -0.5216001498741418
v 0.06446801573657743 0.3897058823529411 -0.5214285714285715
v 0.06757644948301268 0.3896368079980878 -0.5214285714285715
v 0.12772936574899876 0.3823055815830998 -0.5266205284766189
v 0.1352941176470588 0.38473869980631176 -0.5214285714285715
v 0.1352941176470588 0.3726275480276304 -0.533410513923472
v 0.1325195817146489 0.3869916624190619 -0.5214285714285715
v 0.2029411764705884 0.36710218648927506 -0.5214285714285715
v 0.1822056642947772 0.36942114218095196 -0.5356600875492369
v 0.19661745033917813 0.38351962852873545 -0.5214285714285715
v 0.2450081402502843 0.3646818763317998 -0.5214285714285715
v 0 0.40906751562837035 -0.5214285714285715
v 0.019540014116166057 0.40882111355353834 -0.5214285714285715
v -0.2152466935137607 -0.28409682933251523 -0.48344571200789166
v -0.2029411764705883 -0.28702129399390464 -0.47500000000000003
v -0.2029411764705883 -0.28545885675548577 -0.4844012931522615
v -0.2029411764705883 -0.2720588235294118 -0.49140555808907777
v -0.2185957095573895 -0.2720588235294118 -0.48574426028628287
v -0.22120919769441674 -0.2720588235294118 -0.47500000000000003
v -0.21638740609305085 -0.28521274381225564 -0.47500000000000003
v -0.18467555165213423 -0.3203667480995942 -0.5088922264444772
v -0.1352941176470588 -0.3247011199302608 -0.47500000000000003
v -0.1352941176470588 -0.3224178257817104 -0.5103312365008191
v -0.1930198573781983 -0.2720588235294118 -0.5146192188837945
v -0.18648540969025199 -0.3221372613977529 -0.47500000000000003
v -0.12749194139951742 -0.33060273039722615 -0.5160736616437682
v -0.0676470588235294 -0.33342796458254204 -0.47500000000000003
v -0.0676470588235294 -0.33149319328786103 -0.5166983991003723
v -0.12877124491031483 -0.3318542229621367 -0.47500000000000003
v -0.0622441127046483 -0.33294980334917645 -0.5177203382227555
v 0 -0.33534970314277057 -0.47500000000000003
v 0 -0.3332146967384429 -0.5179061840609394
v -0.06382149379792906 -0.33449289354912504 -0.47500000000000003
v 0.006554380010936265 -0.3318234006286877 -0.5169300683775873
v 0.0676470588235294 -0.33342796458254204 -0.47500000000000003
v 0.0676470588235294 -0.33149319328786103 -0.5166983991003723
v 0.0038039342246898858 -0.33451405411523305 -0.47500000000000003
v 0.08216647744146804 -0.32403151503488103 -0.5114633803895514
v 0.1352941176470588 -0.3247011199302608 -0.47500000000000003
v 0.1352941176470588 -0.3224178257817104 -0.5103312365008191
v 0.07838678477625265 -0.3277290404682439 -0.47500000000000003
v 0.1873702209636014 -0.2872912800036381 -0.48568689803429854
v 0.2029411764705884 -0.2870212939939046 -0.47500000000000003
v 0.2029411764705884 -0.28545885675548577 -0.48440129315226144
v 0.2029411764705884 -0.2720588235294118 -0.49140555808907765
v 0.1848418172097146 -0.2897647184585274 -0.47500000000000003
v 0.22120919769441677 -0.2720588235294118 -0.47500000000000003
v -0.3081333195731778 -0.24261123973590926 -0.500768520576622
v -0.2705882352941176 -0.24982658802782548 -0.47500000000000003
v -0.2705882352941176 -0.2466910037261535 -0.5036308311856506
v -0.3128247416075082 -0.20588235294117652 -0.5039884096126066
v -0.3163094226715924 -0.20588235294117652 -0.47500000000000003
v -0.31011704138296126 -0.24455183715852352 -0.47500000000000003
v -0.2029411764705883 -0.2692004787021818 -0.5194231929942291
v -0.26546581417336734 -0.26704775938954745 -0.5179128724606031
v -0.26635969470835513 -0.267922207738992 -0.47500000000000003
v -0.2019054464252746 -0.27104560935464844 -0.5207177132297692
v 0.2029411764705884 -0.2692004787021817 -0.5194231929942291
v 0.22020033573499911 -0.2551748633794447 -0.5095829993868486
v 0.2705882352941176 -0.24982658802782548 -0.47500000000000003
v 0.2705882352941176 -0.2466910037261535 -0.5036308311856506
v 0.29961433990572883 -0.20588235294117652 -0.5015069282013476
v 0.31630942267159234 -0.20588235294117652 -0.47500000000000003
v -0.3653108771233561 -0.16619286572809128 -0.49358293119335933
v -0.3382352941176471 -0.1749490441362643 -0.47500000000000003
v -0.3382352941176471 -0.1712015520312251 -0.4970969619012722
v -0.3382352941176471 -0.13970588235294112 -0.5116408886698572
v -0.36814092863755565 -0.13970588235294112 -0.4955252957419249
v -0.3710984253901901 -0.13970588235294112 -0.47500000000000003
v -0.367250744675225 -0.16809056224622393 -0.47500000000000003
v -0.33380844677660565 -0.20155174141189686 -0.5183902693715213
v -0.3371053739120295 -0.13970588235294112 -0.5206530671880699
v -0.3346591675059651 -0.20238396821235716 -0.47500000000000003
v 0.33823529411764697 -0.17494904413626447 -0.47500000000000003
v 0.33823529411764697 -0.17120155203122525 -0.49709696190127234
v 0.33823529411764697 -0.13970588235294112 -0.5116408886698575
v 0.3710984253901902 -0.13970588235294112 -0.47500000000000003
v -0.3382352941176471 -0.13688173813107168 -0.5194471877046567
v -0.3941138581550851 -0.12819322441002562 -0.5133514368083038
v -0.3959246508977699 -0.07352941176470584 -0.5145942479764197
v -0.39870053758827795 -0.07352941176470584 -0.47500000000000003
v -0.3957271934111597 -0.12977148716053338 -0.47500000000000003
v -0.3378448769876189 -0.1393239525518266 -0.5211606143300117
v 0.33823529411764697 -0.13688173813107177 -0.5194471877046568
v 0.3971994651341132 -0.07352941176470584 -0.4809593733085746
v 0.398700537588278 -0.07352941176470584 -0.47500000000000003
v 0.3777548920788318 -0.10104540608656479 -0.47500000000000003
v -0.40612710670617136 -0.007592374207443825 -0.47516798317411146
v -0.40588235294117647 -0.007860101740514477 -0.47500000000000003
v -0.40588235294117647 -0.00770276529801725 -0.47524543216146614
v -0.40588235294117647 -0.007352941176470562 -0.47528339452097895
v -0.40613803273096655 -0.007352941176470562 -0.47517548209175037
v -0.4061780165802192 -0.007352941176470562 -0.47500000000000003
v -0.4061599236654998 -0.007624477754612918 -0.47500000000000003
v -0.4010357496644617 -0.0687881694287892 -0.5181021760119442
v -0.40164757228149106 -0.007352941176470562 -0.5185220915348122
v -0.4024710781449041 -0.07019229511617855 -0.47500000000000003
v 0.4058823529411766 -0.007702765298016653 -0.4752454321614657
v 0.4058823529411766 -0.007860101740513603 -0.47500000000000003
v 0.4058823529411766 -0.007352941176470562 -0.47528339452097845
v 0.4061780165802188 -0.007352941176470562 -0.47500000000000003
v -0.40588235294117647 0.03880282902852619 -0.4890462691577642
v -0.4201785785507032 0.044838091315488555 -0.48481200577548267
v -0.40588235294117647 0.05882352941176472 -0.4891602489997068
v -0.4202159334444758 0.05882352941176472 -0.4848376437615812
v -0.4220759825448262 0.05882352941176472 -0.47500000000000003
v -0.4218926235483357 0.04316130816563067 -0.47500000000000003
v -0.40234505023560296 -0.003892536355800804 -0.5190007953480381
v -0.40238376212382104 0.05882352941176472 -0.5190273646874672
v 0.4058823529411766 0.03880282902852661 -0.48904626915776395
v 0.4058823529411766 0.05882352941176472 -0.48916024899970645
v 0.4220759825448259 0.05882352941176472 -0.47500000000000003
v 0.40618244863542385 -0.007059369301663474 -0.47500000000000003
v -0.40588235294117647 0.11885967086223671 -0.47500000000000003
v -0.4011553677998259 0.0634477540065642 -0.5181842741731725
v -0.40054858515302066 0.125 -0.517767817760303
v -0.40565502364785383 0.125 -0.47500000000000003
v 0.4056692042100563 0.12479148493694757 -0.4751462915204273
v 0.4058823529411766 0.11885967086223523 -0.47500000000000003
v 0.40554013319696885 0.125 -0.4752348775263041
v 0.4056550236478539 0.125 -0.47500000000000003
v 0.4057171691666843 0.12483840717712713 -0.47500000000000003
v 0.42158235959764523 0.0741822315757015 -0.47500000000000003
v -0.39501384345167556 0.135632237544077 -0.5139691285801873
v -0.3930971854508324 0.19117647058823528 -0.5126536583373725
v -0.39683867963044317 0.19117647058823528 -0.47500000000000003
v -0.40537607724481267 0.1254952697029646 -0.47500000000000003
v 0.39950652139454684 0.18493924407522794 -0.4793759589186496
v 0.38174260207419686 0.19117647058823528 -0.49156796565715066
v 0.3968386796304433 0.19117647058823528 -0.47500000000000003
v 0.40151560162750205 0.18690464865094497 -0.47500000000000003
v -0.36540792893155866 0.23077101581503534 -0.49364954128532446
v -0.3382352941176471 0.25735294117647056 -0.49549670935963547
v -0.36254581872414327 0.25735294117647056 -0.49168517372060766
v -0.3656663673045289 0.25735294117647056 -0.47500000000000003
v -0.3722910845402015 0.22403749402397166 -0.47500000000000003
v -0.3323021043576271 0.25735294117647056 -0.517356413239241
v 0.33823529411764697 0.25735294117647056 -0.4954967093596356
v 0.375308460559923 0.22744369862959218 -0.49598394477098456
v 0.36566636730452906 0.25735294117647056 -0.47500000000000003
v 0.3932609444321429 0.24500591111328546 -0.47500000000000003
v -0.3382352941176471 0.28574098363599865 -0.47500000000000003
v -0.3106863959790722 0.2843029502250764 -0.5025207873024068
v -0.2705882352941176 0.32352941176470584 -0.5022878526509621
v -0.3054787339097194 0.32352941176470584 -0.49894658445356527
v -0.30985265460260947 0.32352941176470584 -0.47500000000000003
v -0.2633673767031392 0.32352941176470584 -0.5164726405322788
v 0.2705882352941176 0.32352941176470584 -0.5022878526509621
v 0.33823529411764697 0.28574098363599887 -0.47500000000000003
v 0.32581879296778204 0.31138283455288146 -0.4835218843295657
v 0.3098526546026094 0.32352941176470584 -0.47500000000000003
v 0.3320211618940434 0.3174503693720502 -0.47500000000000003
v 0.363368172577555 0.28193945271333704 -0.47500000000000003
v -0.2705882352941176 0.3608052398983016 -0.47500000000000003
v -0.20995447465228823 0.3828450471751912 -0.47981347483899284
v -0.2029411764705883 0.3897058823529411 -0.47907306125167565
v -0.20807003525786844 0.3897058823529411 -0.47852011736642525
v -0.20934947685728122 0.3897058823529411 -0.47500000000000003
v -0.1352941176470588 0.3897058823529411 -0.509647289981005
v -0.18253059838376187 0.3897058823529411 -0.507420069077054
v -0.0676470588235294 0.3897058823529411 -0.5211995242689206
v -0.12554984117045948 0.3897058823529411 -0.51474072949898
v -0.06737259100459783 0.3897058823529411 -0.5212401944472551
v 0.0676470588235294 0.3897058823529411 -0.5211995242689206
v 0.1352941176470588 0.3897058823529411 -0.509647289981005
v 0.06831799392166052 0.3897058823529411 -0.5209680849171212
v 0.2029411764705884 0.3897058823529411 -0.4790730612516755
v 0.1955749544025619 0.3897058823529411 -0.48005569899699957
v 0.2705882352941176 0.3608052398983016 -0.47500000000000003
v 0.24875032771291689 0.36834271189307083 -0.48998812911628997
v 0.2093494768572811 0.3897058823529411 -0.47500000000000003
v 0.2626955535156609 0.38198478061314645 -0.47500000000000003
v 0.30590952840163854 0.3580828506742372 -0.47500000000000003
v -0.2029411764705883 0.3952990073731174 -0.47500000000000003
v -0.1352941176470588 0.436915241762113 -0.47500000000000003
v -0.1966006877740981 0.39590853433863804 -0.47500000000000003
v -0.0676470588235294 0.44742249552001073 -0.47500000000000003
v -0.08310400060842453 0.4407614316298659 -0.47500000000000003
v 0 0.45004299703599737 -0.47500000000000003
v 0 0.4201815658284046 -0.5000472188949923
v -0.007127766648378747 0.44890953774167547 -0.47500000000000003
v 0.0676470588235294 0.44742249552001073 -0.47500000000000003
v 0.02752233013394014 0.4166299009622304 -0.5025390218645939
v 0.060375257937486666 0.44876863468309114 -0.47500000000000003
v 0.1352941176470588 0.436915241762113 -0.47500000000000003
v 0.12407423522261998 0.4449063810042254 -0.47500000000000003
v 0.2029411764705884 0.39529900737311724 -0.47500000000000003
v 0.18194476098312312 0.4353423812686561 -0.47500000000000003
v 0.20822387660029207 0.39487374117547736 -0.47500000000000003
v -0.09468706386088688 -0.43086394354677554 -0.4471299413455156
v -0.0676470588235294 -0.43658355377939595 -0.4285714285714286
v -0.0676470588235294 -0.4310500168949507 -0.44726048804375906
v -0.0676470588235294 -0.40441176470588236 -0.44889942426748375
v -0.09663541857176619 -0.40441176470588236 -0.4484671661626098
v -0.13315154655174213 -0.40441176470588236 -0.4285714285714286
v -0.09948047593306251 -0.4355531510086865 -0.4285714285714286
v -0.0335831871734979 -0.4372648825929999 -0.4516207588985809
v 0 -0.4432024211643752 -0.4285714285714286
v 0 -0.4373433237449276 -0.4516757922146953
v 0 -0.40441176470588236 -0.45349126804776063
v -0.036031587838713255 -0.40441176470588236 -0.4533011829576262
v -0.03927691279307052 -0.44283483156866876 -0.4285714285714286
v 0.04033966983209529 -0.4311255148061983 -0.4473134564195868
v 0.0676470588235294 -0.43658355377939595 -0.4285714285714286
v 0.0676470588235294 -0.4310500168949507 -0.44726048804375906
v 0.0676470588235294 -0.40441176470588236 -0.44889942426748375
v 0.03775462325155031 -0.40441176470588236 -0.44908766540809747
v 0.03437401768440506 -0.4369614788637214 -0.4285714285714286
v 0.1331515465517421 -0.40441176470588236 -0.4285714285714286
v -0.2908891880947813 -0.3580949218574268 -0.442504691207909
v -0.2705882352941176 -0.3641283546947806 -0.4285714285714286
v -0.2705882352941176 -0.3585285544063906 -0.4428089222978169
v -0.2705882352941176 -0.3382352941176471 -0.4441170612639693
v -0.29186301563723527 -0.3382352941176471 -0.4431730635274193
v -0.29961988522342264 -0.3382352941176471 -0.4285714285714286
v -0.29423879897179883 -0.36137171510668303 -0.4285714285714286
v -0.255237907055292 -0.3893951392548573 -0.46446452627086815
v -0.2029411764705883 -0.3952355623591846 -0.4285714285714286
v -0.2029411764705883 -0.38994976597331654 -0.4648536453336602
v -0.2029411764705883 -0.3382352941176471 -0.46665905483088704
v -0.25671894718994814 -0.3382352941176471 -0.4654810165496229
v -0.25922139471603556 -0.3932920293577586 -0.4285714285714286
v -0.19517692035149398 -0.3968162967632901 -0.46967111614186385
v -0.1352941176470588 -0.4042120737486601 -0.4285714285714286
v -0.1352941176470588 -0.3971424310009699 -0.46989992778163286
v -0.1352941176470588 -0.3382352941176471 -0.47151289783649725
v -0.1967057845735186 -0.3382352941176471 -0.47072042978493045
v -0.19824273534593687 -0.3998154636056799 -0.4285714285714286
v -0.0676470588235294 -0.39940416639193843 -0.471486732611487
v -0.12999291203283395 -0.3992258026919668 -0.47136159490452273
v -0.0676470588235294 -0.3382352941176471 -0.4731682747328139
v -0.13170958752637688 -0.3382352941176471 -0.47253981007245127
v -0.13515333412794764 -0.40427404169805625 -0.4285714285714286
v 0 -0.3999757921856314 -0.47188777800960174
v -0.06304239320576842 -0.39990720051459444 -0.47183965496420754
v 0 -0.3382352941176471 -0.47374097788520486
v -0.06525571970138468 -0.3382352941176471 -0.47335873929815536
v 0.0676470588235294 -0.39940416639193843 -0.471486732611487
v 0.005041558524982508 -0.399479805279269 -0.47153979989434436
v 0.0676470588235294 -0.3382352941176471 -0.4731682747328139
v 0.0020493213554321757 -0.3382352941176471 -0.47359347820015374
v 0.07483079884679986 -0.39738419294398736 -0.470069544890861
v 0.1352941176470588 -0.4042120737486601 -0.4285714285714286
v 0.1352941176470588 -0.3971424310009699 -0.46989992778163286
v 0.1352941176470588 -0.3382352941176471 -0.47151289783649725
v 0.07145262134333882 -0.3382352941176471 -0.4723881077115594
v 0.14951429485158466 -0.39050072178841144 -0.4652401889372665
v 0.2029411764705884 -0.3952355623591846 -0.4285714285714286
v 0.2029411764705884 -0.3899497659733165 -0.4648536453336602
v 0.2029411764705884 -0.3382352941176471 -0.466659054830887
v 0.14537648354974778 -0.3382352941176471 -0.46808011532765764
v 0.13573285923004033 -0.4039825609834004 -0.4285714285714286
v 0.24914120466702255 -0.359216084948501 -0.443291284995615
v 0.2705882352941176 -0.3641283546947806 -0.4285714285714286
v 0.2705882352941176 -0.3585285544063906 -0.4428089222978169
v 0.2705882352941176 -0.3382352941176471 -0.4441170612639693
v 0.2454116472948441 -0.3382352941176471 -0.445851012260371
v 0.24038955006760807 -0.36777748618705863 -0.4285714285714286
v 0.2996198852234226 -0.3382352941176471 -0.4285714285714286
v -0.3773615229845052 -0.3103344822035121 -0.45542514465706724
v -0.3382352941176471 -0.3186880618346095 -0.4285714285714286
v -0.3382352941176471 -0.3112870652818684 -0.45609346484854896
v -0.3382352941176471 -0.2720588235294118 -0.45776591563419317
v -0.37850487740801725 -0.2720588235294118 -0.45620986927693113
v -0.38649600576634496 -0.2720588235294118 -0.4285714285714286
v -0.3818487250525719 -0.3147241364005339 -0.4285714285714286
v -0.2705882352941176 -0.3311656651865747 -0.4700400381150254
v -0.3303876558855319 -0.33055825671666483 -0.4696138880456601
v -0.2705882352941176 -0.2720588235294118 -0.4715526650885025
v -0.3313797639774294 -0.2720588235294118 -0.47029480695345316
v -0.33321961711918313 -0.3333286535756715 -0.4285714285714286
v -0.2029411764705883 -0.33536270962460324 -0.4729846311969439
v -0.2671565948917566 -0.3348782545935983 -0.4726447436990007
v -0.26824796255537203 -0.2720588235294118 -0.4733937879650225
v -0.1352941176470588 -0.33677340575037784 -0.4739743576851857
v -0.20108298873343153 -0.3364175017660807 -0.47372465996921853
v -0.0676470588235294 -0.3374043862788729 -0.47441704561152676
v -0.1341422594377663 -0.33710847630420876 -0.47420943893088935
v 0 -0.3376530621552647 -0.4745915134486143
v -0.06686673396480763 -0.3374719328428106 -0.4744644354230512
v 0.0006479932996504157 -0.3376013876288586 -0.47455525925707226
v 0.0676470588235294 -0.3374043862788729 -0.47441704561152676
v 0.06875049328251832 -0.33715584736428833 -0.4742426738651039
v 0.1352941176470588 -0.33677340575037784 -0.4739743576851857
v 0.13766322036641046 -0.3359176936313248 -0.4733740009286438
v 0.2029411764705884 -0.33536270962460324 -0.4729846311969439
v 0.2705882352941176 -0.3311656651865747 -0.4700400381150254
v 0.2091782106243275 -0.33213384766290227 -0.47071930264603623
v 0.2705882352941176 -0.2720588235294118 -0.4715526650885025
v 0.2966346630862887 -0.3127550930166101 -0.45712341446562166
v 0.33823529411764697 -0.31868806183460957 -0.4285714285714286
v 0.33823529411764697 -0.31128706528186845 -0.456093464848549
v 0.33823529411764697 -0.2720588235294118 -0.4577659156341932
v 0.29059148100762805 -0.2720588235294118 -0.4612710642773733
v 0.386496005766345 -0.2720588235294118 -0.4285714285714286
v -0.43889900221206146 -0.23818124896704235 -0.4512319238784646
v -0.40588235294117647 -0.24785163463731158 -0.4285714285714286
v -0.40588235294117647 -0.23936953662567606 -0.452065611410395
v -0.40588235294117647 -0.20588235294117652 -0.4534419493092348
v -0.4397163204613746 -0.20588235294117652 -0.45179287832908016
v -0.44724303616361216 -0.20588235294117652 -0.4285714285714286
v -0.4434218198585246 -0.24260574449075623 -0.4285714285714286
v -0.3382352941176471 -0.2659814224346977 -0.4707361725652958
v -0.3988259306184405 -0.26515580169195274 -0.47015692753625893
v -0.3382352941176471 -0.20588235294117652 -0.4720368171689745
v -0.3995423785840699 -0.20588235294117652 -0.47064865113999826
v -0.4015271079248091 -0.2677982577525307 -0.4285714285714286
v -0.2705882352941176 -0.2703052187902776 -0.47376969318302015
v -0.33574171753760135 -0.2696194551358888 -0.4732885701112109
v -0.33653378110318566 -0.20588235294117652 -0.4738321913782734
v -0.26961333866678766 -0.27110512030702383 -0.47433089392968975
v 0.2705882352941176 -0.2703052187902776 -0.47376969318302015
v 0.33823529411764697 -0.2659814224346977 -0.4707361725652958
v 0.27512705377593355 -0.2676186750145918 -0.4718848481848406
v 0.33823529411764697 -0.20588235294117652 -0.4720368171689745
v 0.3692691464314529 -0.24169962017894955 -0.45370036844300904
v 0.4058823529411766 -0.24785163463731144 -0.4285714285714286
v 0.4058823529411766 -0.23936953662567592 -0.45206561141039486
v 0.4058823529411766 -0.20588235294117652 -0.4534419493092347
v 0.36283424992619456 -0.20588235294117652 -0.4581168657338851
v 0.44724303616361205 -0.20588235294117652 -0.4285714285714286
v -0.40588235294117647 -0.19653577053607088 -0.46844255647133864
v -0.4627467952242346 -0.1953341411081069 -0.4675995085234655
v -0.40588235294117647 -0.13970588235294112 -0.46963151107080175
v -0.46335424579772455 -0.13970588235294112 -0.46801642335806576
v -0.4705775450108856 -0.13970588235294112 -0.4285714285714286
v -0.4662499641730591 -0.19876115421021778 -0.4285714285714286
v -0.3382352941176471 -0.20400044319191327 -0.4736796760171836
v -0.403006488445252 -0.20306900723864169 -0.4730261923801264
v -0.40357599602833794 -0.13970588235294112 -0.4734170655970891
v -0.3373583375039556 -0.20502446060169574 -0.4743981136284913
v 0.33823529411764697 -0.20400044319191327 -0.4736796760171836
v 0.4058823529411766 -0.19653577053607085 -0.4684425564713386
v 0.3448522492445562 -0.1994092446648523 -0.4704585494315313
v 0.4058823529411766 -0.13970588235294112 -0.4696315110708017
v 0.47057754501088556 -0.13970588235294112 -0.4285714285714286
v 0.4604154605793654 -0.15253474764294805 -0.4285714285714286
v -0.5077709000563533 -0.10702651987610015 -0.45207257426227987
v -0.47352941176470575 -0.12752311630429464 -0.4285714285714286
v -0.47352941176470575 -0.10881382107653749 -0.45332652208861846
v -0.47352941176470575 -0.07352941176470584 -0.45415260647577965
v -0.5082236498338906 -0.07352941176470584 -0.45238331246363306
v -0.51503460575684 -0.07352941176470584 -0.4285714285714286
v -0.5129778140450907 -0.11212024008247365 -0.4285714285714286
v -0.40588235294117647 -0.13578326198921914 -0.47224793936386494
v -0.46821134345272125 -0.13450342422165193 -0.47135002143804794
v -0.40588235294117647 -0.07352941176470584 -0.47311278309920285
v -0.46855216257823384 -0.07352941176470584 -0.47158393767015444
v -0.47207393485024524 -0.13828204624096888 -0.4285714285714286
v -0.4044649891926467 -0.13831933085981415 -0.47402721307942525
v -0.4049226857853528 -0.07352941176470584 -0.4743413464551645
v 0.4058823529411766 -0.1357832619892191 -0.4722479393638649
v 0.4058823529411766 -0.07352941176470584 -0.47311278309920285
v 0.4324455943860651 -0.11372010267859356 -0.45676870695863236
v 0.47352941176470575 -0.12752311630429464 -0.4285714285714286
v 0.47352941176470575 -0.10881382107653749 -0.45332652208861846
v 0.47352941176470575 -0.07352941176470584 -0.45415260647577965
v 0.42638101594079014 -0.07352941176470584 -0.46093104185430245
v 0.51503460575684 -0.07352941176470584 -0.4285714285714286
v -0.47352941176470575 -0.0566504712926235 -0.4631579497005391
v -0.5218816540094323 -0.0546540477202247 -0.4617572842735545
v -0.47352941176470575 -0.007352941176470562 -0.4637086370832759
v -0.5221716829417427 -0.007352941176470562 -0.4619563413979042
v -0.5279942831236106 -0.007352941176470562 -0.4285714285714286
v -0.5270214100038321 -0.05968206988865927 -0.4285714285714286
v -0.40588235294117647 -0.07163837575651368 -0.47367327314980806
v -0.4699943336068839 -0.07007118313205403 -0.4725737507053459
v -0.4702008632373515 -0.007352941176470562 -0.4727154993026544
v -0.40515241387952816 -0.07281534094352812 -0.47449901697942776
v 0.4058823529411766 -0.07163837575651366 -0.47367327314980806
v 0.41633041656583863 -0.06330847995797116 -0.46782912403400523
v 0.47352941176470575 -0.0566504712926235 -0.4631579497005391
v 0.47352941176470575 -0.007352941176470562 -0.4637086370832759
v 0.5279942831236105 -0.007352941176470562 -0.4285714285714286
v 0.5164505150463858 -0.031541375945670976 -0.4285714285714286
v -0.47352941176470575 0.006039063641626883 -0.4656043394768269
v -0.5252288650971824 0.008247977238689853 -0.464054593746824
v -0.47352941176470575 0.05882352941176472 -0.4657158416200855
v -0.5253029048817334 0.05882352941176472 -0.4641054098722457
v -0.5305503446211742 0.05882352941176472 -0.4285714285714286
v -0.530323796599447 0.003263805116909317 -0.4285714285714286
v -0.4705539594314628 -0.004442172589602425 -0.4729578417215941
v -0.4705961824130506 0.05882352941176472 -0.4729868208487088
v 0.47352941176470575 0.006039063641626883 -0.4656043394768269
v 0.47352941176470575 0.05882352941176472 -0.4657158416200855
v 0.5305503446211741 0.05882352941176472 -0.4285714285714286
v 0.5282583987469853 0.046186285219237684 -0.4285714285714286
v -0.47352941176470575 0.07415013188172258 -0.46424705033060104
v -0.5229168868751861 0.07668616565279097 -0.46246780124042286
v -0.47352941176470575 0.125 -0.4639087472259199
v -0.5227633229503783 0.125 -0.462362404882092
v -0.5282751237875016 0.125 -0.4285714285714286
v -0.5287639871183267 0.07096617628450136 -0.4285714285714286
v -0.47030102348870534 0.06198173533393906 -0.4727842428292047
v -0.40588235294117647 0.125 -0.47492522299786355
v -0.47017419325333193 0.125 -0.47269719474840494
v -0.40584110382199917 0.125 -0.4749716892691361
v 0.4058823529411766 0.125 -0.47492522299786355
v 0.47352941176470575 0.07415013188172258 -0.46424705033060104
v 0.47352941176470575 0.125 -0.4639087472259199
v 0.4065323636123566 0.125 -0.474553874663569
v 0.5282751237875015 0.125 -0.4285714285714286
v 0.5301177505375552 0.1141816869069435 -0.4285714285714286
v -0.5111619491742301 0.15436203181804853 -0.45439997132765486
v -0.47352941176470575 0.1515343375056562 -0.45638384574999996
v -0.47352941176470575 0.19117647058823528 -0.4556878126168533
v -0.5107568545480827 0.19117647058823528 -0.45412194054387056
v -0.5169512740953507 0.19117647058823528 -0.4285714285714286
v -0.5185505716138324 0.147134031605394 -0.4285714285714286
v -0.40588235294117647 0.12514964280982135 -0.47489501250485555
v -0.4689083939585997 0.12952056089727768 -0.47182843187841794
v -0.40588235294117647 0.19117647058823528 -0.47294197030977964
v -0.46863397936780044 0.19117647058823528 -0.4716400914294532
v -0.40582865758089137 0.1250525280698441 -0.4749631469732205
v -0.40480017336246366 0.19117647058823528 -0.4742572618419394
v 0.4058823529411766 0.12514964280982138 -0.4748950125048555
v 0.4058823529411766 0.19117647058823528 -0.47294197030977964
v 0.4072536259482965 0.12634146272435642 -0.47405884678703886
v 0.47352941176470575 0.1515343375056562 -0.45638384574999996
v 0.47352941176470575 0.19117647058823528 -0.4556878126168533
v 0.42600572148206683 0.19117647058823528 -0.46118861972814673
v 0.5169512740953507 0.19117647058823528 -0.4285714285714286
v 0.5271490320867819 0.17745397640203098 -0.4285714285714286
v -0.47352941176470575 0.25097749433956856 -0.4285714285714286
v -0.40588235294117647 0.1967174521039793 -0.47111251773022406
v -0.464517318862321 0.1999926484275247 -0.4688146815794192
v -0.40588235294117647 0.25735294117647056 -0.4694479403408263
v -0.46395492037831887 0.25735294117647056 -0.4684286875888463
v -0.4720080189478834 0.25735294117647056 -0.4285714285714286
v -0.4041720260081869 0.19284961650094248 -0.47382614207394197
v -0.4033710914868377 0.25735294117647056 -0.4732764323558731
v 0.4058823529411766 0.19671745210397937 -0.471112517730224
v 0.4058823529411766 0.25735294117647056 -0.4694479403408263
v 0.47352941176470575 0.25097749433956856 -0.4285714285714286
v 0.4720080189478834 0.25735294117647056 -0.4285714285714286
v 0.47274854847822134 0.2565890531788228 -0.4285714285714286
v 0.5148653579352139 0.23161380923329766 -0.4285714285714286
v -0.44565570197697546 0.28462070075142415 -0.455869286139477
v -0.40588235294117647 0.2815751698971276 -0.4580059919134438
v -0.40588235294117647 0.32352941176470584 -0.4564371623046334
v -0.44459230120827875 0.32352941176470584 -0.45513943654357025
v -0.45081408411032214 0.32352941176470584 -0.4285714285714286
v -0.46750304195085257 0.2632483029508922 -0.4285714285714286
v -0.4005600510736632 0.26255954082947264 -0.4713471157990049
v -0.3382352941176471 0.32352941176470584 -0.47165912912809976
v -0.3998148356584147 0.32352941176470584 -0.47083564807611694
v -0.3362256919259946 0.32352941176470584 -0.4736207388684621
v 0.33823529411764697 0.32352941176470584 -0.47165912912809976
v 0.4058823529411766 0.2815751698971277 -0.45800599191344377
v 0.4058823529411766 0.32352941176470584 -0.4564371623046333
v 0.3615006481680455 0.32352941176470584 -0.459032163834975
v 0.4508140841103221 0.32352941176470584 -0.4285714285714286
v 0.4663390262912033 0.31649533901888816 -0.4285714285714286
v -0.40588235294117647 0.36969606905065194 -0.4285714285714286
v -0.3843701035832967 0.34457400352784906 -0.46023538165189004
v -0.3382352941176471 0.341293572603064 -0.46253689033245354
v -0.3382352941176471 0.3897058823529411 -0.4602726753561767
v -0.38286267474078506 0.3897058823529411 -0.45920077986867547
v -0.3901362476681751 0.3897058823529411 -0.4285714285714286
v -0.3329859570902041 0.32866463276981306 -0.4713971941519724
v -0.2705882352941176 0.3897058823529411 -0.47115736999125096
v -0.3317236967053205 0.3897058823529411 -0.47053086016110507
v -0.2678489119831863 0.3897058823529411 -0.47311990542945404
v 0.2705882352941176 0.3897058823529411 -0.47115736999125096
v 0.33823529411764697 0.3412935726030639 -0.4625368903324536
v 0.33823529411764697 0.3897058823529411 -0.4602726753561767
v 0.28969281348772524 0.3897058823529411 -0.4618878516124619
v 0.4058823529411766 0.3696960690506518 -0.4285714285714286
v 0.3901362476681752 0.3897058823529411 -0.4285714285714286
v 0.4018068771419792 0.3857190038537263 -0.4285714285714286
v 0.44748584913277073 0.3642284841260481 -0.4285714285714286
v -0.3382352941176471 0.4393839256972932 -0.4285714285714286
v -0.3040538073951608 0.4231442932771124 -0.45154003551034333
v -0.2705882352941176 0.4204044687068757 -0.4534622616373983
v -0.2705882352941176 0.4558823529411764 -0.4510120661568165
v -0.30207459259514036 0.4558823529411764 -0.45018163032150943
v -0.3096867676621887 0.4558823529411764 -0.4285714285714286
v -0.260415641420918 0.39965733288107114 -0.4680181886770898
v -0.2029411764705883 0.4558823529411764 -0.4672419584451988
v -0.2584509121597591 0.4558823529411764 -0.4666697254264186
v -0.1352941176470588 0.4558823529411764 -0.4711849686956082
v -0.19677514101675794 0.4558823529411764 -0.4707680315674022
v -0.0676470588235294 0.4558823529411764 -0.4729272782070964
v -0.1312615300095771 0.4558823529411764 -0.4722322923357657
v 0 0.4558823529411764 -0.4734842339818035
v -0.06492030996768884 0.4558823529411764 -0.4731285357231654
v 0.0676470588235294 0.4558823529411764 -0.4729272782070964
v 0.002448094815774533 0.4558823529411764 -0.47331978585625417
v 0.1352941176470588 0.4558823529411764 -0.4711849686956082
v 0.07183505577393329 0.4558823529411764 -0.47212562942223835
v 0.2029411764705884 0.4558823529411764 -0.4672419584451988
v 0.1455686389854713 0.4558823529411764 -0.46794823224910204
v 0.2705882352941176 0.4204044687068757 -0.4534622616373983
v 0.2705882352941176 0.4558823529411764 -0.4510120661568165
v 0.2364366741549111 0.4558823529411764 -0.4520108540738033
v 0.33823529411764697 0.43938392569729323 -0.4285714285714286
v 0.30968676766218867 0.4558823529411764 -0.4285714285714286
v 0.33344894703753664 0.45120005688454673 -0.4285714285714286
v 0.38527181468529925 0.43571986986477473 -0.4285714285714286
v -0.2705882352941176 0.4909228291488871 -0.4285714285714286
v -0.2029411764705883 0.5152523560608527 -0.4285714285714286
v -0.22723801995406676 0.49829017229557404 -0.4285714285714286
v -0.1544570934523746 0.5033124341546462 -0.4417236573073752
v -0.1352941176470588 0.501750003248603 -0.4428198389906627
v -0.1352941176470588 0.5220588235294117 -0.44064943988035105
v -0.1524193730334036 0.5220588235294117 -0.4403250976409385
v -0.16295217233745665 0.5220588235294117 -0.4285714285714286
v -0.10942282202148937 0.48119122909662476 -0.45724361387189183
v -0.0676470588235294 0.4766240527745112 -0.4604478867835969
v -0.0676470588235294 0.5220588235294117 -0.4549751987785614
v -0.10565425399053173 0.5220588235294117 -0.45465711221089294
v -0.050155522350395776 0.4729936386214158 -0.4629949392529114
v 0 0.4703675357927275 -0.4648373796501816
v 0 0.5220588235294117 -0.45807983987105844
v -0.04283169203229252 0.5220588235294117 -0.45796833521471014
v 0.018154776711392633 0.47364246059362575 -0.4625397339962181
v 0.0676470588235294 0.4766240527745112 -0.4604478867835969
v 0.0676470588235294 0.5220588235294117 -0.4549751987785614
v 0.029004726452379052 0.5220588235294117 -0.4550930293603237
v 0.1099095022431532 0.4972260475908084 -0.44599378883311536
v 0.1352941176470588 0.501750003248603 -0.4428198389906627
v 0.1352941176470588 0.5220588235294117 -0.44064943988035105
v 0.11733087712448638 0.5220588235294117 -0.4409002365077283
v 0.2029411764705884 0.5152523560608527 -0.4285714285714286
v 0.16295217233745668 0.5220588235294117 -0.4285714285714286
v 0.19927432518387764 0.5184716864011076 -0.4285714285714286
v 0.2705882352941176 0.4909228291488871 -0.4285714285714286
v 0.26018400553159415 0.5118807726747692 -0.4285714285714286
v 0.30403288321931055 0.48859994330277823 -0.4285714285714286
v -0.1352941176470588 0.540865534027035 -0.4285714285714286
v -0.0676470588235294 0.5619569878798006 -0.4285714285714286
v -0.11540960324516189 0.5415110658790935 -0.4285714285714286
v 0 0.5663391647165297 -0.4285714285714286
v -0.026581553750216168 0.5622316002315659 -0.4285714285714286
v 0.0676470588235294 0.5619569878798006 -0.4285714285714286
v 0.045003525702017204 0.5660840117161676 -0.4285714285714286
v 0.1352941176470588 0.540865534027035 -0.4285714285714286
v 0.1076594275861752 0.5612013581885217 -0.4285714285714286
v 0.15363094100345645 0.539997020291105 -0.4285714285714286
v -0.16076078907540117 -0.4293248128423042 -0.39962153535920397
v -0.1352941176470588 -0.43164498790190264 -0.3821428571428572
v -0.1352941176470588 -0.43067994582901775 -0.40057227945464424
v -0.1352941176470588 -0.40441176470588236 -0.4266074082111259
v -0.16767256355125507 -0.40441176470588236 -0.40436533088455706
v -0.17368701619811588 -0.40441176470588236 -0.3821428571428572
v -0.16152608452918427 -0.43007347143839636 -0.3821428571428572
v -0.11266023023601404 -0.4484463889137478 -0.4130369903172644
v -0.0676470588235294 -0.45035095672532566 -0.3821428571428572
v -0.0676470588235294 -0.4493561298171566 -0.41367525298283053
v -0.13431943234428617 -0.40441176470588236 -0.42790246754064365
v -0.11356296693887433 -0.4493295009056763 -0.3821428571428572
v -0.049510236523751534 -0.4528456917399871 -0.416123485315991
v 0 -0.45406704977893525 -0.3821428571428572
v 0 -0.4531408972013973 -0.4163305977190756
v -0.05042269485523372 -0.4537383140207849 -0.3821428571428572
v 0.02136842938251002 -0.44968433698514043 -0.41390551896417793
v 0.0676470588235294 -0.45035095672532566 -0.3821428571428572
v 0.0676470588235294 -0.4493561298171566 -0.41367525298283053
v 0.02031061169151213 -0.4507191586393775 -0.3821428571428572
v 0.10742546425369898 -0.43167457780808216 -0.40127010062090845
v 0.1352941176470588 -0.43164498790190264 -0.3821428571428572
v 0.1352941176470588 -0.43067994582901775 -0.40057227945464424
v 0.1352941176470588 -0.40441176470588236 -0.4266074082111259
v 0.10627366348303349 -0.4328013394315593 -0.3821428571428572
v 0.17368701619811594 -0.40441176470588236 -0.3821428571428572
v -0.3105413000989076 -0.3773198140353764 -0.40956406000577206
v -0.2705882352941176 -0.3812918191605127 -0.3821428571428572
v -0.2705882352941176 -0.38012714532877123 -0.41153364799256653
v -0.31581838075852997 -0.3382352941176471 -0.41318590729079235
v -0.31782591167859253 -0.3382352941176471 -0.3821428571428572
v -0.31135357875412994 -0.3781144344589635 -0.3821428571428572
v -0.2627277269478866 -0.3967221369758738 -0.423176483402121
v -0.2029411764705883 -0.3998918247878481 -0.3821428571428572
v -0.2029411764705883 -0.3981345020307745 -0.42416738078984495
v -0.26324423691824733 -0.397227418468618 -0.3821428571428572
v -0.1352941176470588 -0.40427088227491176 -0.4284725872468429
v -0.19956006117217823 -0.4011041519139595 -0.4262508494380478
v -0.2005399334603929 -0.4020627226306912 -0.3821428571428572
v -0.13519227880997914 -0.4043121397565653 -0.4285015329720665
v 0.1352941176470588 -0.40427088227491176 -0.4284725872468429
v 0.13558037467941936 -0.40413173065248614 -0.4283749602355538
v 0.2029411764705884 -0.3998918247878481 -0.3821428571428572
v 0.2029411764705884 -0.39813450203077444 -0.42416738078984495
v 0.224320099926134 -0.38349760045589204 -0.41389831651032427
v 0.2705882352941176 -0.3812918191605127 -0.3821428571428572
v 0.2705882352941176 -0.38012714532877123 -0.41153364799256653
v 0.21946545925561345 -0.38824670545966217 -0.3821428571428572
v 0.3019131171689372 -0.3382352941176471 -0.40707205312318284
v 0.3178259116785925 -0.3382352941176471 -0.3821428571428572
v -0.39008156077809886 -0.32277799743637553 -0.4177267855029809
v -0.3382352941176471 -0.3271091932639987 -0.3821428571428572
v -0.3382352941176471 -0.32578044766521813 -0.4198332664571848
v -0.39358573591793816 -0.2720588235294118 -0.4201318249623116
v -0.39567935461839954 -0.2720588235294118 -0.3821428571428572
v -0.3907843222611328 -0.32346548149586524 -0.3821428571428572
v -0.33462710536886536 -0.33470554425470844 -0.42609500088981134
v -0.33506817972172853 -0.33513703003468326 -0.3821428571428572
v 0.33823529411764697 -0.32710919326399873 -0.3821428571428572
v 0.33823529411764697 -0.3257804476652182 -0.41983326645718483
v 0.38943809984528993 -0.2720588235294118 -0.39342913023040665
v 0.39567935461839965 -0.2720588235294118 -0.3821428571428572
v -0.45413454380127766 -0.253085583130406 -0.415260044037523
v -0.40588235294117647 -0.2596359897356412 -0.3821428571428572
v -0.40588235294117647 -0.2572191734319428 -0.4181601185030456
v -0.45718798653948095 -0.20588235294117652 -0.4173557298920041
v -0.45831438193177393 -0.20588235294117652 -0.3821428571428572
v -0.45491305487224243 -0.25384717004765417 -0.3821428571428572
v -0.4027381100643748 -0.2689829337586276 -0.42641342336716415
v -0.4033448853243743 -0.2695765182521053 -0.3821428571428572
v 0.4058823529411766 -0.2572191734319427 -0.4181601185030455
v 0.4058823529411766 -0.25963598973564117 -0.3821428571428572
v 0.4487234938786841 -0.20588235294117652 -0.3991680368099715
v 0.4583143819317739 -0.20588235294117652 -0.3821428571428572
v -0.4849223011613519 -0.15085110024096454 -0.38996220048651803
v -0.47352941176470575 -0.15514885020032848 -0.3821428571428572
v -0.47352941176470575 -0.15407366583108473 -0.39222311158307854
v -0.47352941176470575 -0.13970588235294112 -0.4017793333380803
v -0.4862389485603135 -0.13970588235294112 -0.39086586221065006
v -0.48691877147052226 -0.13970588235294112 -0.3821428571428572
v -0.4853552803792592 -0.15127466686717816 -0.3821428571428572
v -0.4684022029124665 -0.2008666051509424 -0.42505244361383576
v -0.47149344511900143 -0.13970588235294112 -0.427174072581675
v -0.4688264710638015 -0.2012816500815962 -0.3821428571428572
v 0.47352941176470575 -0.15407366583108473 -0.39222311158307854
v 0.47352941176470575 -0.15514885020032848 -0.3821428571428572
v 0.47352941176470575 -0.13970588235294112 -0.4017793333380803
v 0.48691877147052226 -0.13970588235294112 -0.3821428571428572
v -0.47352941176470575 -0.13287728102156757 -0.4237805685897348
v -0.5231050845068961 -0.12202735249076152 -0.41616839650939147
v -0.5247311406545402 -0.07352941176470584 -0.41728441641196706
v -0.525755453947092 -0.07352941176470584 -0.3821428571428572
v -0.5239471418629168 -0.12285110425208617 -0.3821428571428572
v -0.4724754381296356 -0.1386748211881986 -0.42784804915108543
v 0.47352941176470575 -0.13287728102156757 -0.4237805685897348
v 0.5163702716827332 -0.07352941176470584 -0.3991682296835899
v 0.5257554539470919 -0.07352941176470584 -0.3821428571428572
v 0.48855739838883644 -0.12500459109020456 -0.3821428571428572
v -0.5316670185417024 -0.0642266869365759 -0.42204475496185173
v -0.5323731470002537 -0.007352941176470562 -0.4225293959225344
v -0.5331664839663878 -0.007352941176470562 -0.3821428571428572
v -0.5323339317278261 -0.06487910200995775 -0.3821428571428572
v 0.5181164435419525 -0.029911663286964478 -0.3979697701156164
v 0.5291012560639752 -0.007352941176470562 -0.3904305043784518
v 0.5331664839663877 -0.007352941176470562 -0.3821428571428572
v 0.5270586884902143 -0.0211638149680127 -0.3821428571428572
v -0.5337914326823417 -0.00012844757287911335 -0.42350281559875014
v -0.5339547985662643 0.05882352941176472 -0.4236149393886473
v -0.5350661471837436 0.05882352941176472 -0.3821428571428572
v -0.5344715203767393 -0.0007937507521810338 -0.3821428571428572
v 0.5300854675828847 0.04797363516740016 -0.3897550051682685
v 0.5321069708014767 0.05882352941176472 -0.38836757594060134
v 0.5350661471837435 0.05882352941176472 -0.3821428571428572
v 0.5338629583051775 0.051669006526164865 -0.3821428571428572
v -0.5328512083477784 0.06696780769047242 -0.422857506350494
v -0.5324980271916445 0.125 -0.42261510561911014
v -0.5333679077938558 0.125 -0.3821428571428572
v -0.5341125353220287 0.06573390086783627 -0.3821428571428572
v 0.5311857951728365 0.11522651318058826 -0.3889998113875873
v 0.5294843587061324 0.125 -0.39016756747187803
v 0.5333679077938557 0.125 -0.3821428571428572
v 0.5344108164014373 0.11838142525204554 -0.3821428571428572
v -0.5268329437355563 0.13903171105153372 -0.41872695827813033
v -0.5256167491049993 0.19117647058823528 -0.4178922408453568
v -0.5265329685716562 0.19117647058823528 -0.3821428571428572
v -0.5281451772256102 0.13774800437648102 -0.3821428571428572
v 0.5279978528632873 0.17828434455296016 -0.39118780905966927
v 0.5181522013667302 0.19117647058823528 -0.3979452282545112
v 0.5265329685716561 0.19117647058823528 -0.3821428571428572
v 0.5322967926607857 0.18248982913746942 -0.3821428571428572
v -0.49639907217572893 0.23498044729612183 -0.39783911475414946
v -0.47352941176470575 0.25735294117647056 -0.4159300507979457
v -0.4944479196609328 0.25735294117647056 -0.3964999697051745
v -0.4952982691898551 0.25735294117647056 -0.3821428571428572
v -0.4975962845633776 0.23380926126472637 -0.3821428571428572
v -0.4724728425678117 0.25735294117647056 -0.42784626772511314
v 0.47352941176470575 0.25735294117647056 -0.4159300507979457
v 0.5157949778768016 0.23252322004572032 -0.3995630741901454
v 0.4952982691898551 0.25735294117647056 -0.3821428571428572
v 0.5247172846443355 0.24125156362265576 -0.3821428571428572
v -0.47352941176470575 0.2813447185414396 -0.3821428571428572
v -0.4700709684390654 0.2607362009515536 -0.42619777647525925
v -0.45879271856077586 0.32352941176470584 -0.41845711429171273
v -0.45986158312881975 0.32352941176470584 -0.3821428571428572
v 0.47352941176470575 0.2813447185414396 -0.3821428571428572
v 0.4669288316899172 0.31707232256110834 -0.38667306893331765
v 0.452228672903268 0.32352941176470584 -0.3967623083489993
v 0.45986158312881975 0.32352941176470584 -0.3821428571428572
v 0.46883531447770044 0.3189373600708963 -0.3821428571428572
v 0.4931682571776782 0.27656485516742185 -0.3821428571428572
v -0.40588235294117647 0.3754496952803069 -0.3921448169620704
v -0.40588235294117647 0.38101056862050636 -0.3821428571428572
v -0.395490955173752 0.3897058823529411 -0.42143944438943853
v -0.39890660702846475 0.3897058823529411 -0.3821428571428572
v 0.4032422150348469 0.387123138748923 -0.38395487725869215
v 0.4058823529411766 0.38101056862050625 -0.3821428571428572
v 0.4058823529411766 0.3754496952803067 -0.39214481696207054
v 0.3949767430253742 0.3897058823529411 -0.38962776332730537
v 0.39890660702846475 0.3897058823529411 -0.3821428571428572
v 0.4039703722521802 0.3878354664615316 -0.3821428571428572
v 0.4482508501397886 0.3649768546763916 -0.3994924289413252
v 0.4567944794103681 0.37333475287587164 -0.3821428571428572
v -0.3382352941176471 0.4431839611189839 -0.3910518875958875
v -0.3382352941176471 0.4476513937340098 -0.3821428571428572
v -0.3203496216669141 0.4558823529411764 -0.41629585834903116
v -0.3244051562003766 0.4558823529411764 -0.3821428571428572
v 0.3347427112521119 0.45246569579010953 -0.38453994041392314
v 0.33823529411764697 0.44765139373400986 -0.3821428571428572
v 0.33823529411764697 0.44318396111898395 -0.39105188759588744
v 0.3150327266352407 0.4558823529411764 -0.3980676006633907
v 0.3244051562003766 0.4558823529411764 -0.3821428571428572
v 0.33570370733768473 0.4534058006564307 -0.3821428571428572
v 0.3859536703197922 0.43638690255069174 -0.39582061757554643
v 0.3923601510007564 0.4426541119125045 -0.3821428571428572
v -0.2705882352941176 0.5027499309716279 -0.3821428571428572
v -0.2705882352941176 0.4919077012159857 -0.4032965016865624
v -0.21498874823412586 0.5102731554998641 -0.39041153217311125
v -0.2029411764705883 0.520133335961201 -0.3821428571428572
v -0.2029411764705883 0.5192501983667894 -0.38411335289187154
v -0.20946123346795875 0.5156805069015493 -0.3821428571428572
v -0.1810687936138201 0.5220588235294117 -0.4135596378529635
v -0.19239318079078585 0.5220588235294117 -0.3821428571428572
v 0.2014747882737412 0.5206243133368438 -0.3831492912779604
v 0.2029411764705884 0.5201333359612009 -0.3821428571428572
v 0.2029411764705884 0.5192501983667894 -0.38411335289187154
v 0.17868624541541303 0.5220588235294117 -0.3987898750409744
v 0.19239318079078588 0.5220588235294117 -0.3821428571428572
v 0.2018831208174039 0.5210237690860791 -0.3821428571428572
v 0.26070017602008755 0.5123857220656867 -0.3889293822967722
v 0.2705882352941176 0.5027499309716279 -0.3821428571428572
v 0.2705882352941176 0.4919077012159857 -0.4032965016865624
v 0.2635703082529663 0.5151934601195898 -0.3821428571428572
v 0.3046954039797488 0.4892480614379896 -0.4051624711816009
v 0.3161704470620084 0.5004736470619392 -0.3821428571428572
v -0.1352941176470588 0.5589271901052227 -0.3821428571428572
v -0.1352941176470588 0.5414917963322109 -0.41493750162089327
v -0.11465734708629752 0.5422469686431999 -0.41440768231699304
v -0.0676470588235294 0.5713743248061288 -0.3821428571428572
v -0.0676470588235294 0.5627920682115812 -0.39999350134997
v -0.09670129967565172 0.5598126671970926 -0.3821428571428572
v -0.025686408749780065 0.5631072855580795 -0.39977234886242674
v 0 0.5740513224586976 -0.3821428571428572
v 0 0.5671491305148266 -0.3969366417657883
v -0.016977806960927197 0.5716265699167399 -0.3821428571428572
v 0.04579492953362726 0.5668582111166558 -0.3971407471213304
v 0.0676470588235294 0.5713743248061288 -0.3821428571428572
v 0.0676470588235294 0.5627920682115812 -0.39999350134997
v 0.05291673776706332 0.5738251974319737 -0.3821428571428572
v 0.10840911673710718 0.5619347497492161 -0.40059498509658176
v 0.1352941176470588 0.5589271901052227 -0.3821428571428572
v 0.1352941176470588 0.5414917963322109 -0.41493750162089327
v 0.11735030804537525 0.5706815673333914 -0.3821428571428572
v 0.15411935015650294 0.5404748118538678 -0.4156510050168101
v 0.17172052832220533 0.5576933557116202 -0.3821428571428572
v -0.16050494100928353 -0.42907452669066737 -0.35301736634488096
v -0.1352941176470588 -0.4314596433022856 -0.33571428571428574
v -0.1352941176470588 -0.43062444777766107 -0.3541047712979781
v -0.17261912103721277 -0.40441176470588236 -0.3613317569851678
v -0.17778085750380174 -0.40441176470588236 -0.33571428571428574
v -0.1610711056373711 -0.4296283833920574 -0.33571428571428574
v -0.11071429642514141 -0.44654275801180715 -0.3652728556209822
v -0.0676470588235294 -0.44865785484429144 -0.33571428571428574
v -0.0676470588235294 -0.4476296740184742 -0.36603542208915174
v -0.111529588777741 -0.4473403266176111 -0.33571428571428574
v -0.04762845311728443 -0.4510048166684432 -0.36840337931341577
v 0 -0.45239151913994313 -0.33571428571428574
v 0 -0.4513660998916891 -0.3686568510351216
v -0.048591616100018116 -0.4519470413254653 -0.33571428571428574
v 0.023066615816550055 -0.44802306764749256 -0.3663114220637964
v 0.0676470588235294 -0.44865785484429144 -0.33571428571428574
v 0.0676470588235294 -0.4476296740184742 -0.36603542208915174
v 0.02191936147595274 -0.4491453816763378 -0.33571428571428574
v 0.10733006208384957 -0.4317679060177175 -0.35490700707909706
v 0.1352941176470588 -0.4314596433022856 -0.33571428571428574
v 0.1352941176470588 -0.43062444777766107 -0.3541047712979781
v 0.10618634633648497 -0.4328867583792698 -0.33571428571428574
v 0.17878461688073605 -0.40441176470588236 -0.3522937877930353
v 0.1777808575038018 -0.40441176470588236 -0.33571428571428574
v -0.3088288696654242 -0.37564461035044705 -0.3619601869442819
v -0.2705882352941176 -0.3802384170307976 -0.33571428571428574
v -0.2705882352941176 -0.3789297292407761 -0.36426498464194135
v -0.3155711198997642 -0.3382352941176471 -0.3665876319808941
v -0.3187104429797497 -0.3382352941176471 -0.33571428571428574
v -0.30946652230554766 -0.3762684009766547 -0.33571428571428574
v -0.26132755584746725 -0.39535240437763747 -0.37578692497605676
v -0.2029411764705883 -0.4001057182319665 -0.33571428571428574
v -0.2029411764705883 -0.39864419805295664 -0.37809640561810615
v -0.2619815395211523 -0.39599217101493805 -0.33571428571428574
v -0.2000051907886683 -0.4015396047996563 -0.3801277862245208
v -0.20077548288491842 -0.40229315141555316 -0.33571428571428574
v 0.2029411764705884 -0.4001057182319665 -0.33571428571428574
v 0.2029411764705884 -0.39864419805295664 -0.3780964056181061
v 0.22145929462350278 -0.3862962143389008 -0.36943321704411775
v 0.2705882352941176 -0.3802384170307976 -0.33571428571428574
v 0.2705882352941176 -0.3789297292407761 -0.36426498464194135
v 0.2175219902256336 -0.3901479251629033 -0.33571428571428574
v 0.32077414777096047 -0.3382352941176471 -0.34769848864166997
v 0.31871044297974965 -0.3382352941176471 -0.33571428571428574
v -0.38824662513901903 -0.3209829517024931 -0.3700388327817491
v -0.3382352941176471 -0.3272170583603004 -0.33571428571428574
v -0.3382352941176471 -0.3250824047368272 -0.3729149569740915
v -0.3937748531453082 -0.2720588235294118 -0.37383305138233885
v -0.3964226387958186 -0.2720588235294118 -0.33571428571428574
v -0.38891857137776414 -0.32164029041430897 -0.33571428571428574
v -0.33438891476952354 -0.3344725317118741 -0.37950295082007673
v -0.3351031858270272 -0.33517127513769285 -0.33571428571428574
v 0.33823529411764697 -0.32508240473682726 -0.3729149569740915
v 0.33823529411764697 -0.3272170583603004 -0.33571428571428574
v 0.3979699807987423 -0.2720588235294118 -0.3411448268430993
v 0.3964226387958186 -0.2720588235294118 -0.33571428571428574
v -0.45269271875952133 -0.25167510211129657 -0.3678418970368144
v -0.40588235294117647 -0.26093511632326655 -0.33571428571428574
v -0.40588235294117647 -0.2579512742619865 -0.37224517972031435
v -0.45635763980364696 -0.20588235294117652 -0.3703572621012609
v -0.4580495410707206 -0.20588235294117652 -0.33571428571428574
v -0.4534210580699624 -0.25238760795846715 -0.33571428571428574
v -0.4028638390000355 -0.2691059294565565 -0.3800711441584095
v -0.40360544371034657 -0.2698314123253391 -0.33571428571428574
v 0.4058823529411766 -0.25795127426198644 -0.3722451797203143
v 0.4058823529411766 -0.26093511632326644 -0.33571428571428574
v 0.45986567881767926 -0.20588235294117652 -0.34509218938289715
v 0.45804954107072055 -0.20588235294117652 -0.33571428571428574
v -0.4906439233213041 -0.15644833931048296 -0.3474605809130691
v -0.47352941176470575 -0.16340454340901317 -0.33571428571428574
v -0.47352941176470575 -0.16136781327504607 -0.3509120213770959
v -0.4926669091734907 -0.13970588235294112 -0.348849027724663
v -0.49364419119502095 -0.13970588235294112 -0.33571428571428574
v -0.49113800177073363 -0.15693167692405538 -0.33571428571428574
v -0.4677987386310962 -0.2002762596582976 -0.37820969328407544
v -0.46847622400478445 -0.20093901708907957 -0.33571428571428574
v 0.47352941176470575 -0.16136781327504607 -0.3509120213770959
v 0.47352941176470575 -0.16340454340901317 -0.33571428571428574
v 0.48768819336874697 -0.13970588235294112 -0.37242518405436925
v 0.4936441911950209 -0.13970588235294112 -0.33571428571428574
v -0.5226770687762978 -0.12160864144995892 -0.36944606273155856
v -0.5245747882262668 -0.07352941176470584 -0.370748534776413
v -0.5260374924341944 -0.07352941176470584 -0.33571428571428574
v -0.5236048808035492 -0.12251628365053088 -0.33571428571428574
v 0.49001274519309024 -0.1235808822599563 -0.37082976183952493
v 0.5271427335098684 -0.07352941176470584 -0.345346136317761
v 0.5260374924341944 -0.07352941176470584 -0.33571428571428574
v 0.496526170434629 -0.11720905321932057 -0.33571428571428574
v -0.5312181270462972 -0.06378755395194036 -0.37530809340755183
v -0.5321395910098478 -0.007352941176470562 -0.375940526748995
v -0.5340807751354134 -0.007352941176470562 -0.33571428571428574
v -0.5321984618650263 -0.06474657714417534 -0.33571428571428574
v 0.5298809452593053 -0.01840291160694544 -0.3434668046512221
v 0.5349106662081737 -0.007352941176470562 -0.3400147290931478
v 0.5340807751354133 -0.007352941176470562 -0.33571428571428574
v 0.5289421442720535 -0.019321303877083043 -0.33571428571428574
v -0.5336917393395836 -0.00003092147670261721 -0.3770058210995279
v -0.5343477718939325 0.05882352941176472 -0.3774560794675748
v -0.5367175707416251 0.05882352941176472 -0.33571428571428574
v -0.5353327540838412 -0.0016362619873894185 -0.33571428571428574
v 0.5363877570803463 0.05413891837143865 -0.3390009493330542
v 0.5372029325095228 0.05882352941176472 -0.33844146557576227
v 0.5367175707416251 0.05882352941176472 -0.33571428571428574
v 0.53573616362232 0.05350148998858684 -0.33571428571428574
v -0.5337058984997256 0.06613169775921982 -0.3770155390324204
v -0.5329242450730375 0.125 -0.3764790626122401
v -0.5353596385374443 0.125 -0.33571428571428574
v -0.5362805181498522 0.06361304810148723 -0.33571428571428574
v 0.5364424610095856 0.12036890367306016 -0.33896340408969433
v 0.5356844745832926 0.125 -0.33948363700960343
v 0.5353596385374443 0.125 -0.33571428571428574
v 0.5358719473114539 0.11981079244662701 -0.33571428571428574
v -0.529031024921252 0.13688141423944009 -0.3738070077875675
v -0.5275009696414964 0.19117647058823528 -0.37275687667941215
v -0.5291052009365178 0.19117647058823528 -0.33571428571428574
v -0.5324465068377829 0.13354018192979034 -0.33571428571428574
v 0.5334192990233693 0.18358793318782296 -0.3410383071920353
v 0.5282235007678066 0.19117647058823528 -0.3446043674854494
v 0.5291052009365177 0.19117647058823528 -0.33571428571428574
v 0.532978156171359 0.183156380397813 -0.33571428571428574
v -0.5111678337938398 0.22053274571318732 -0.36154686729328767
v -0.5086172965454054 0.25735294117647056 -0.35979634328116344
v -0.5101343050594411 0.25735294117647056 -0.33571428571428574
v -0.513713105965461 0.21804280554529698 -0.33571428571428574
v 0.5258126173424115 0.2423230847403387 -0.34625904213455605
v 0.4966483169782853 0.25735294117647056 -0.3662755339993755
v 0.510134305059441 0.25735294117647056 -0.33571428571428574
v 0.5268153347976947 0.24330400399007235 -0.33571428571428574
v -0.47352941176470575 0.30231962429749526 -0.33571428571428574
v -0.47352941176470575 0.28930260765214 -0.359727376853578
v -0.4618820537559841 0.32352941176470584 -0.3741488629815917
v -0.4659212152751706 0.32352941176470584 -0.33571428571428574
v 0.4705897497741333 0.32065365546958063 -0.33773187981340536
v 0.47352941176470575 0.30231962429749526 -0.33571428571428574
v 0.47352941176470575 0.28930260765214 -0.359727376853578
v 0.4644882957292081 0.32352941176470584 -0.3419195237386491
v 0.4659212152751706 0.32352941176470584 -0.33571428571428574
v 0.47056156451406705 0.3206260829325593 -0.33571428571428574
v 0.4940675981605555 0.277444645259367 -0.36804677269104724
v 0.507186039994702 0.29027790357537997 -0.33571428571428574
v -0.4161094905291936 0.37970107384292434 -0.3427335323197261
v -0.40588235294117647 0.3897058823529411 -0.34637710315051523
v -0.4140439055093407 0.3897058823529411 -0.34131584819119354
v -0.4146625655929473 0.3897058823529411 -0.33571428571428574
v -0.42118466519527836 0.3747362290608849 -0.33571428571428574
v -0.40004319086820184 0.3897058823529411 -0.37813523348407646
v 0.4058823529411766 0.3897058823529411 -0.3463771031505146
v 0.4578240980529698 0.37434198850450373 -0.3464933985412847
v 0.4146625655929469 0.3897058823529411 -0.33571428571428574
v 0.46007066598963187 0.3765397180077601 -0.33571428571428574
v -0.40588235294117647 0.3983520806475685 -0.33571428571428574
v -0.3472743263614938 0.4470398213982829 -0.341918093558665
v -0.3382352941176471 0.4558823529411764 -0.3408670156852628
v -0.3427185132193358 0.4558823529411764 -0.3387912777064386
v -0.34311530420520975 0.4558823529411764 -0.33571428571428574
v -0.3284747537271513 0.4558823529411764 -0.3754438527133554
v 0.33823529411764697 0.4558823529411764 -0.3408670156852629
v 0.4058823529411766 0.398352080647568 -0.33571428571428574
v 0.39331898405515153 0.443592100770065 -0.3443369705708433
v 0.3431153042052097 0.4558823529411764 -0.33571428571428574
v 0.39520577083001734 0.44543787044112937 -0.33571428571428574
v 0.41332666971614845 0.3969883661545441 -0.33571428571428574
v -0.3382352941176471 0.46032696769698794 -0.33571428571428574
v -0.2705882352941176 0.512103689596687 -0.33571428571428574
v -0.2705882352941176 0.5079950791167072 -0.3455812302070086
v -0.33104810389038175 0.46291329990263164 -0.33571428571428574
v -0.2029411764705883 0.5220588235294117 -0.3703179860515362
v -0.23210067123051684 0.5220588235294117 -0.3557274793228082
v -0.2392209352530063 0.5220588235294117 -0.33571428571428574
v -0.19728820703526803 0.5220588235294117 -0.37826302408321194
v 0.2029411764705884 0.5220588235294117 -0.37031798605153615
v 0.26582054548420614 0.5173947791501505 -0.33898652002481505
v 0.2705882352941176 0.512103689596687 -0.33571428571428574
v 0.2705882352941176 0.5079950791167072 -0.3455812302070086
v 0.23922093525300628 0.5220588235294117 -0.33571428571428574
v 0.2664468354688088 0.5180074541350879 -0.33571428571428574
v 0.33823529411764697 0.46032696769698805 -0.33571428571428574
v 0.3173840711824837 0.5016608880493606 -0.35002521822568666
v 0.32293218756650494 0.5070883932076423 -0.33571428571428574
v 0.3422413038344993 0.45980127549027106 -0.33571428571428574
v -0.2029411764705883 0.5490148882944919 -0.33571428571428574
v -0.1352941176470588 0.5715312809973219 -0.33571428571428574
v -0.1352941176470588 0.561355432723162 -0.35457285513708314
v -0.17307931655875847 0.551271512573593 -0.33571428571428574
v -0.09072989178854478 0.5656542618692624 -0.3515568511964857
v -0.0676470588235294 0.5793699950943917 -0.33571428571428574
v -0.0676470588235294 0.5756328900662029 -0.3445559723662513
v -0.08142105098991126 0.5747607365635777 -0.33571428571428574
v -0.011206464070742071 0.5772724488310514 -0.34340567875662736
v 0 0.5815269053157476 -0.33571428571428574
v 0 0.5790260832993448 -0.34217535108204694
v -0.007812410892864885 0.5805927182441922 -0.33571428571428574
v 0.05677365105628493 0.5775982647801252 -0.3431770904241026
v 0.0676470588235294 0.5793699950943917 -0.33571428571428574
v 0.0676470588235294 0.5756328900662029 -0.3445559723662513
v 0.05967211727972178 0.5804337208682699 -0.33571428571428574
v 0.11926052015811006 0.5725502530958493 -0.3467187113200549
v 0.1352941176470588 0.5715312809973219 -0.33571428571428574
v 0.1352941176470588 0.561355432723162 -0.35457285513708314
v 0.1238193160951903 0.5770099447734278 -0.33571428571428574
v 0.2029411764705884 0.5490148882944917 -0.33571428571428574
v 0.1731588902494051 0.5591004489012721 -0.3561549231518059
v 0.18402252148096368 0.5697279142364924 -0.33571428571428574
v 0.2290774282945204 0.547626895965867 -0.33571428571428574
v -0.20883045788137747 -0.47634948884815054 -0.2933277366204485
v -0.2029411764705883 -0.4784199302011156 -0.28928571428571426
v -0.2029411764705883 -0.4765518625830616 -0.29346971946303685
v -0.2029411764705883 -0.47058823529411764 -0.2943741600534977
v -0.20964678777647391 -0.47058823529411764 -0.2938880127285737
v -0.21331963243271823 -0.47058823529411764 -0.28928571428571426
v -0.21021930554203938 -0.47770814416836327 -0.28928571428571426
v -0.17178818854320901 -0.5062889568229602 -0.3143328871678546
v -0.1352941176470588 -0.5126627838499017 -0.28928571428571426
v -0.1352941176470588 -0.5068672630754409 -0.31473861949102366
v -0.1352941176470588 -0.47058823529411764 -0.318092002346879
v -0.17539582723119154 -0.47058823529411764 -0.3168089373232712
v -0.1767989109087414 -0.5111907504414158 -0.28928571428571426
v -0.11423161286354988 -0.516160081637616 -0.3212583429902004
v -0.0676470588235294 -0.5217215804377812 -0.28928571428571426
v -0.0676470588235294 -0.5165115681853183 -0.32150494148874714
v -0.0676470588235294 -0.47058823529411764 -0.32480372824966164
v -0.1182950009182408 -0.47058823529411764 -0.32404719007121496
v -0.1191177252077695 -0.5209399741482655 -0.28928571428571426
v -0.0492351944178603 -0.5187530993985462 -0.3230775713240594
v 0 -0.5238021570378426 -0.28928571428571426
v 0 -0.5188772934525634 -0.32316470429529054
v 0 -0.47058823529411764 -0.32637201792686077
v -0.05366802704601889 -0.47058823529411764 -0.3261199812955596
v -0.0541411318445096 -0.5235523860115727 -0.28928571428571426
v 0.02056705404191385 -0.5166447617109154 -0.32159838837495974
v 0.0676470588235294 -0.5217215804377812 -0.28928571428571426
v 0.0676470588235294 -0.5165115681853183 -0.32150494148874714
v 0.0676470588235294 -0.47058823529411764 -0.32480372824966164
v 0.015493774485247913 -0.47058823529411764 -0.32508035974770255
v 0.015096581329835592 -0.5219963111031659 -0.28928571428571426
v 0.09779240774020012 -0.5072746906377837 -0.31502446549508
v 0.1352941176470588 -0.5126627838499017 -0.28928571428571426
v 0.1352941176470588 -0.5068672630754409 -0.31473861949102366
v 0.1352941176470588 -0.47058823529411764 -0.318092002346879
v 0.0919277714501573 -0.47058823529411764 -0.31904957301091685
v 0.09125941299447365 -0.5136656637586031 -0.28928571428571426
v 0.19664678435943303 -0.4767457927941609 -0.2936057784365383
v 0.2029411764705884 -0.4784199302011154 -0.28928571428571426
v 0.2029411764705884 -0.4765518625830614 -0.29346971946303674
v 0.2029411764705884 -0.47058823529411764 -0.2943741600534976
v 0.1947272220640554 -0.47058823529411764 -0.2949232419995148
v 0.19424101187366744 -0.479099265878062 -0.28928571428571426
v 0.21331963243271806 -0.47058823529411764 -0.28928571428571426
v -0.34632076289196473 -0.41232146241988876 -0.29483505776125524
v -0.3382352941176471 -0.41559212142434937 -0.28928571428571426
v -0.3382352941176471 -0.41277133028865287 -0.2951506793453723
v -0.3382352941176471 -0.40441176470588236 -0.2963382616340821
v -0.347152738708621 -0.40441176470588236 -0.2954060722192709
v -0.350939636363719 -0.40441176470588236 -0.28928571428571426
v -0.34808255296547713 -0.4140449527091944 -0.28928571428571426
v -0.31988664899966845 -0.4526384737656603 -0.3231209609593998
v -0.2705882352941176 -0.45920061106726545 -0.28928571428571426
v -0.2705882352941176 -0.4537118569735484 -0.3238740329877911
v -0.2705882352941176 -0.40441176470588236 -0.326919837489372
v -0.32260605261114417 -0.40441176470588236 -0.32498738393497784
v -0.32407628063986993 -0.4567370264571618 -0.28928571428571426
v -0.2029411764705883 -0.4632132214482044 -0.3305400696509625
v -0.26226500899951327 -0.46244594870156996 -0.3300017608350697
v -0.2029411764705883 -0.40441176470588236 -0.33368411173200674
v -0.2646755492875934 -0.40441176470588236 -0.3316561999768887
v -0.26527796780788765 -0.46539340840541443 -0.28928571428571426
v -0.1352941176470588 -0.4663382224648628 -0.3327325306816974
v -0.19810130465538486 -0.46585357808359257 -0.3323925103380126
v -0.20109262409141493 -0.40441176470588236 -0.33444555877081583
v -0.0676470588235294 -0.46752027402775276 -0.33356184304804243
v -0.13188218226057014 -0.4672504724160309 -0.3333725536633106
v 0 -0.4678373659052579 -0.3337843106827365
v -0.06474354080582359 -0.4677478372333185 -0.33372149850337585
v 0.0676470588235294 -0.46752027402775276 -0.33356184304804243
v 0.0030376318614183852 -0.46761663890794747 -0.33362945142430606
v 0.1352941176470588 -0.4663382224648628 -0.3327325306816974
v 0.0716450320929737 -0.46667717448705254 -0.3329703351163131
v 0.2029411764705884 -0.4632132214482044 -0.3305400696509625
v 0.14209122988882875 -0.4639388863619514 -0.3310491869396548
v 0.2029411764705884 -0.40441176470588236 -0.33368411173200674
v 0.21879172436778974 -0.4550822645251163 -0.3248354935239705
v 0.2705882352941176 -0.45920061106726545 -0.28928571428571426
v 0.2705882352941176 -0.4537118569735484 -0.3238740329877911
v 0.2705882352941176 -0.40441176470588236 -0.326919837489372
v 0.20973084125177652 -0.40441176470588236 -0.33105429839552
v 0.3290454796376895 -0.4134018006101886 -0.29559300931698945
v 0.33823529411764697 -0.4155921214243496 -0.28928571428571426
v 0.33823529411764697 -0.4127713302886531 -0.2951506793453725
v 0.33823529411764697 -0.40441176470588236 -0.2963382616340823
v 0.32557292640843755 -0.40441176470588236 -0.29797634553955055
v 0.3243226041848884 -0.41802200485749397 -0.28928571428571426
v 0.3509396363637192 -0.40441176470588236 -0.28928571428571426
v -0.43485718386088845 -0.36658023740866974 -0.30917216656290797
v -0.40588235294117647 -0.37503174041638626 -0.28928571428571426
v -0.40588235294117647 -0.3680993983937288 -0.31023799061909224
v -0.40588235294117647 -0.3382352941176471 -0.31313169835224075
v -0.43670207362850133 -0.3382352941176471 -0.31043837972639376
v -0.44419034710796673 -0.3382352941176471 -0.28928571428571426
v -0.4392811537694101 -0.3709080340583105 -0.28928571428571426
v -0.3382352941176471 -0.3957408795431646 -0.32963090279060125
v -0.3956673470137874 -0.3944188241247409 -0.32870336549704043
v -0.3382352941176471 -0.3382352941176471 -0.332168862720342
v -0.39765153748407467 -0.3382352941176471 -0.33006518566453574
v -0.3988077702758332 -0.39749097731587263 -0.28928571428571426
v -0.2705882352941176 -0.4013400817990443 -0.3335592319923454
v -0.3342509381930152 -0.40051402521439466 -0.33297968118216265
v -0.335990913172453 -0.3382352941176471 -0.33417388761214945
v -0.2029411764705883 -0.4035238731427507 -0.33509135226840603
v -0.26871468425076744 -0.40257894303303987 -0.3344284013025455
v -0.20228828340813562 -0.40377306497087434 -0.33526618209067693
v 0.2029411764705884 -0.4035238731427507 -0.33509135226840603
v 0.20447753997830106 -0.4029088004048591 -0.33465982504594877
v 0.2705882352941176 -0.4013400817990443 -0.3335592319923454
v 0.33823529411764697 -0.3957408795431646 -0.32963090279060125
v 0.27768866148046917 -0.3974656956105384 -0.3308410118410444
v 0.33823529411764697 -0.3382352941176471 -0.332168862720342
v 0.372571797012612 -0.3708217075260254 -0.3121479281373067
v 0.4058823529411766 -0.3750317404163861 -0.28928571428571426
v 0.4058823529411766 -0.3680993983937286 -0.31023799061909213
v 0.4058823529411766 -0.3382352941176471 -0.3131316983522407
v 0.3626629190294768 -0.3382352941176471 -0.31894874190834044
v 0.4441903471079666 -0.3382352941176471 -0.28928571428571426
v -0.49725829370550734 -0.2952718602106307 -0.3055716860525377
v -0.47352941176470575 -0.3041814788301513 -0.28928571428571426
v -0.47352941176470575 -0.2969933101606023 -0.3067794334777559
v -0.47352941176470575 -0.2720588235294118 -0.3091871442688418
v -0.49859636636017673 -0.2720588235294118 -0.3064900526881959
v -0.5052771196512504 -0.2720588235294118 -0.28928571428571426
v -0.5014044007508812 -0.2993278344941486 -0.28928571428571426
v -0.40588235294117647 -0.3309983403072231 -0.3306369308187184
v -0.46445484114470154 -0.3293579967719908 -0.3294860866241586
v -0.40588235294117647 -0.2720588235294118 -0.33310111655002306
v -0.46602092260652206 -0.2720588235294118 -0.3305609437765261
v -0.4674188594175705 -0.33225757986501475 -0.28928571428571426
v -0.3382352941176471 -0.3365086796670271 -0.3345029149409936
v -0.4029762640028274 -0.33539238102578384 -0.3337197339895182
v -0.4044388993278582 -0.2720588235294118 -0.33472359239582816
v -0.3372811517535191 -0.3373018939788262 -0.3350594240295892
v 0.33823529411764697 -0.3365086796670271 -0.3345029149409936
v 0.4058823529411766 -0.3309983403072231 -0.3306369308187184
v 0.34285408521394 -0.3337169115234474 -0.33254424586248216
v 0.4058823529411766 -0.2720588235294118 -0.333101116550023
v 0.44425585475583895 -0.30069599886417286 -0.30937719285391174
v 0.47352941176470575 -0.3041814788301513 -0.28928571428571426
v 0.47352941176470575 -0.2969933101606023 -0.3067794334777559
v 0.47352941176470575 -0.2720588235294118 -0.3091871442688418
v 0.4321985040578449 -0.2720588235294118 -0.31765257951309406
v 0.5052771196512503 -0.2720588235294118 -0.28928571428571426
v -0.47352941176470575 -0.2619942711796782 -0.328653123589552
v -0.5285905848892826 -0.259746544041306 -0.3270761467718369
v -0.47352941176470575 -0.20588235294117652 -0.3305251737187647
v -0.5299259276538628 -0.20588235294117652 -0.3279926397872786
v -0.5375638542727784 -0.20588235294117652 -0.28928571428571426
v -0.5322425392049964 -0.2633191080458086 -0.28928571428571426
v -0.40588235294117647 -0.2705299431335557 -0.33464164264290736
v -0.47033829375592845 -0.26893707765126007 -0.333524108447392
v -0.4712588046647585 -0.20588235294117652 -0.33415588767363874
v -0.4051494199950851 -0.2713418239082354 -0.3352112478848255
v 0.4058823529411766 -0.27052994313355566 -0.3346416426429073
v 0.47352941176470575 -0.2619942711796782 -0.328653123589552
v 0.41122095557662086 -0.2668362774729989 -0.3320502137191516
v 0.47352941176470575 -0.20588235294117652 -0.3305251737187647
v 0.5375638542727784 -0.20588235294117652 -0.28928571428571426
v 0.5211932967414458 -0.22543110996520963 -0.28928571428571426
v -0.5788506041676683 -0.1765610130284735 -0.3151428059660084
v -0.5411764705882353 -0.19549369900634794 -0.28928571428571426
v -0.5411764705882353 -0.17960811562414625 -0.3172806144537661
v -0.5411764705882353 -0.13970588235294112 -0.31928697781552445
v -0.5798847448570322 -0.13970588235294112 -0.3158525733335532
v -0.5865623304154584 -0.13970588235294112 -0.28928571428571426
v -0.5840248025105896 -0.1816227287987226 -0.28928571428571426
v -0.47352941176470575 -0.20249300589387675 -0.33333636286522783
v -0.5358434588731859 -0.20066527626341077 -0.332054050965758
v -0.5366820663983881 -0.13970588235294112 -0.33262961700013605
v -0.5395778833164796 -0.20431851756663297 -0.28928571428571426
v -0.47222231500494544 -0.20460367132836751 -0.3348171789319658
v 0.47352941176470575 -0.20249300589387675 -0.33333636286522783
v 0.49338045975809713 -0.18646284946938055 -0.3220898086753432
v 0.5411764705882351 -0.1954936990063481 -0.28928571428571426
v 0.5411764705882351 -0.17960811562414633 -0.31728061445376615
v 0.5411764705882351 -0.13970588235294112 -0.31928697781552456
v 0.5865623304154585 -0.13970588235294112 -0.28928571428571426
v -0.5411764705882353 -0.12864592274512043 -0.32795475849737027
v -0.5942753984793558 -0.12547401513645423 -0.3257293883973219
v -0.5411764705882353 -0.07352941176470584 -0.32914282358938896
v -0.5950260757259664 -0.07352941176470584 -0.32624460476844286
v -0.6003343484892277 -0.07352941176470584 -0.28928571428571426
v -0.5985165532674084 -0.12962297090737515 -0.28928571428571426
v -0.5383387189453893 -0.1369298209632005 -0.3337666362948169
v -0.538827268803619 -0.07352941176470584 -0.33410194535900567
v 0.5411764705882351 -0.1286459227451205 -0.32795475849737027
v 0.5411764705882351 -0.07352941176470584 -0.329142823589389
v 0.6003343484892278 -0.07352941176470584 -0.28928571428571426
v 0.589788549421723 -0.09215058784192062 -0.28928571428571426
v -0.5411764705882353 -0.06726958032783968 -0.33132246746810345
v -0.5993745658297536 -0.06428586043447757 -0.3292291274794272
v -0.5411764705882353 -0.007352941176470562 -0.33227494689584747
v -0.5997958498890298 -0.007352941176470562 -0.3295182696443341
v -0.606258316299139 -0.007352941176470562 -0.28928571428571426
v -0.6031850265776029 -0.06801348507911277 -0.28928571428571426
v -0.5393670541579018 -0.0717593304741622 -0.3344724191580631
v -0.5397821326238501 -0.007352941176470562 -0.33475730220456795
v 0.5411764705882351 -0.06726958032783971 -0.33132246746810345
v 0.5411764705882351 -0.007352941176470562 -0.3322749468958475
v 0.6062583162991391 -0.007352941176470562 -0.28928571428571426
v 0.6048621503944117 -0.011228203258663735 -0.28928571428571426
v -0.5411764705882353 -0.0031571616381808566 -0.33277058006996185
v -0.6010247352466098 0.000276313985093906 -0.33036169717236274
v -0.5411764705882353 0.05882352941176472 -0.333481476020073
v -0.6011493788936103 0.05882352941176472 -0.33044724452014873
v -0.6085581316749784 0.05882352941176472 -0.28928571428571426
v -0.6066402678857991 -0.005217141857591183 -0.28928571428571426
v -0.5399172489698792 -0.0061210939411223105 -0.33485003733647
v -0.5402322514201454 0.05882352941176472 -0.33506623467034835
v 0.5411764705882351 -0.003157161638180879 -0.33277058006996185
v 0.5411764705882351 0.05882352941176472 -0.333481476020073
v 0.6085581316749785 0.05882352941176472 -0.28928571428571426
v 0.6085100951144521 0.058516908903524054 -0.28928571428571426
v -0.5411764705882353 0.06221250425267663 -0.33333662400050307
v -0.600687759511348 0.06678243474912889 -0.3301304187950556
v -0.5411764705882353 0.125 -0.33287723508506556
v -0.600520275804829 0.125 -0.33001546879772437
v -0.6076672620886077 0.125 -0.28928571428571426
v -0.6085400608987983 0.05910083556575356 -0.28928571428571426
v -0.5401896178473353 0.059788928832210285 -0.3350369737399414
v -0.5399900998790216 0.125 -0.33490003749460806
v 0.5411764705882351 0.06221250425267659 -0.3333366240005031
v 0.5411764705882351 0.125 -0.33287723508506556
v 0.6076672620886077 0.125 -0.28928571428571426
v 0.6077400778458534 0.12394010172899972 -0.28928571428571426
v -0.5411764705882353 0.13043001215550248 -0.3319046581385205
v -0.5979192222228713 0.135667257032613 -0.3282302736374366
v -0.5411764705882353 0.19117647058823528 -0.3303354705601888
v -0.5974101514984362 0.19117647058823528 -0.327880880376256
v -0.6033131075833471 0.19117647058823528 -0.28928571428571426
v -0.607245520029027 0.12654370483093902 -0.28928571428571426
v -0.5397340736603539 0.1264110404729275 -0.33472431763645405
v -0.5390828971364208 0.19117647058823528 -0.33427739213400315
v 0.5411764705882351 0.13043001215550246 -0.33190465813852055
v 0.5411764705882351 0.19117647058823528 -0.3303354705601888
v 0.6033131075833472 0.19117647058823528 -0.28928571428571426
v 0.6047205670128069 0.18716270302403729 -0.28928571428571426
v -0.5411764705882353 0.20493133150902976 -0.3260640499571569
v -0.5892748333876384 0.2103001949596631 -0.32229732353623636
v -0.5411764705882353 0.25735294117647056 -0.32431087096274763
v -0.588377533423603 0.25735294117647056 -0.3216814748031561
v -0.5938016409624451 0.25735294117647056 -0.28928571428571426
v -0.59862204256908 0.2011561859778181 -0.28928571428571426
v -0.5381425103769492 0.19414447514275424 -0.33363197140778195
v -0.5374520964583294 0.25735294117647056 -0.3331581158922075
v 0.5411764705882351 0.20493133150902967 -0.32606404995715693
v 0.5411764705882351 0.25735294117647056 -0.32431087096274774
v 0.5938016409624453 0.25735294117647056 -0.28928571428571426
v 0.6003836613268551 0.24909654848471108 -0.28928571428571426
v -0.5575500860425109 0.30751174447247964 -0.30052350625899044
v -0.5411764705882353 0.30379688013665584 -0.30312980790412397
v -0.5411764705882353 0.32352941176470584 -0.301494197101965
v -0.5567964856022306 0.32352941176470584 -0.300006283596562
v -0.5608662945843281 0.32352941176470584 -0.28928571428571426
v -0.5632574810856185 0.3019284232346571 -0.28928571428571426
v -0.5343397813837775 0.2640410067025705 -0.3310220238689902
v -0.47352941176470575 0.32352941176470584 -0.3329818862960553
v -0.5331887993654431 0.32352941176470584 -0.3302320641607544
v -0.47218123168714177 0.32352941176470584 -0.3347889819964545
v 0.47352941176470575 0.32352941176470584 -0.3329818862960553
v 0.5411764705882351 0.3037968801366555 -0.3031298079041242
v 0.5411764705882351 0.32352941176470584 -0.3014941971019652
v 0.511880845515925 0.32352941176470584 -0.3093923389471445
v 0.5608662945843285 0.32352941176470584 -0.28928571428571426
v 0.5917758260340155 0.306852310634299 -0.28928571428571426
v -0.5411764705882353 0.3451297551083963 -0.28928571428571426
v -0.47352941176470575 0.33521009014169884 -0.3275192700910621
v -0.5198970207668445 0.34434626485084896 -0.32110944593003926
v -0.47352941176470575 0.3897058823529411 -0.3219795420439853
v -0.5180858883715695 0.3897058823529411 -0.31986640164632574
v -0.5240921261004514 0.3897058823529411 -0.28928571428571426
v -0.4707701382623201 0.3262287010605179 -0.33382049862103347
v -0.4683250979281363 0.3897058823529411 -0.33214238087614334
v 0.47352941176470575 0.33521009014169884 -0.3275192700910621
v 0.47352941176470575 0.3897058823529411 -0.3219795420439853
v 0.5411764705882351 0.3451297551083966 -0.28928571428571426
v 0.5240921261004514 0.3897058823529411 -0.28928571428571426
v 0.5351065483677743 0.3837679149633598 -0.28928571428571426
v 0.5587977437536874 0.34076761377438736 -0.28928571428571426
v -0.47352941176470575 0.44423831071965986 -0.28928571428571426
v -0.4576144108531319 0.4052749049838286 -0.32479125713832974
v -0.40588235294117647 0.4558823529411764 -0.3248544961776533
v -0.4552207180308875 0.4558823529411764 -0.3231483810087769
v -0.4643820714870472 0.4558823529411764 -0.28928571428571426
v -0.4006145246740681 0.4558823529411764 -0.332098788673817
v 0.4058823529411766 0.4558823529411764 -0.3248544961776532
v 0.42122986669086476 0.40471975449937525 -0.32518074366869226
v 0.47352941176470575 0.44423831071965986 -0.28928571428571426
v 0.4643820714870472 0.4558823529411764 -0.28928571428571426
v 0.47078021376688506 0.45319292011722134 -0.28928571428571426
v 0.5205884428642299 0.4357418910372582 -0.28928571428571426
v -0.40588235294117647 0.5125950560932812 -0.28928571428571426
v -0.3848717902190521 0.4764361642997763 -0.32129399266587116
v -0.3382352941176471 0.5220588235294117 -0.320519357891855
v -0.3816976993856922 0.5220588235294117 -0.31911550175229186
v -0.3925166018820462 0.5220588235294117 -0.28928571428571426
v -0.2705882352941176 0.5220588235294117 -0.3320812822975031
v -0.3299192642275299 0.5220588235294117 -0.3300066999822488
v -0.26775010608033895 0.5220588235294117 -0.3337663771545184
v 0.2705882352941176 0.5220588235294117 -0.3320812822975031
v 0.33823529411764697 0.5220588235294117 -0.320519357891855
v 0.28598412669105305 0.5220588235294117 -0.32514754037663746
v 0.346659806840156 0.4641237240827613 -0.32993224437368174
v 0.4058823529411766 0.512595056093281 -0.28928571428571426
v 0.3925166018820462 0.5220588235294117 -0.28928571428571426
v 0.40289782539627017 0.5191391770180902 -0.28928571428571426
v 0.45715758610892676 0.5060429071270192 -0.28928571428571426
v -0.3382352941176471 0.5691544693616939 -0.28928571428571426
v -0.28200637285035546 0.5770653769430665 -0.29712238633518184
v -0.2705882352941176 0.5716189615333209 -0.3009435222258287
v -0.2705882352941176 0.588235294117647 -0.2964517070529654
v -0.2803827904730372 0.588235294117647 -0.2960080642687616
v -0.2838493933146665 0.588235294117647 -0.28928571428571426
v -0.25647526571753604 0.5358649894195459 -0.32602805504215987
v -0.2029411764705883 0.588235294117647 -0.3214464794358318
v -0.24851696596121226 0.588235294117647 -0.3205659921659252
v -0.1352941176470588 0.588235294117647 -0.32846953271704027
v -0.191080808540381 0.588235294117647 -0.3275740953025596
v -0.0676470588235294 0.588235294117647 -0.33153984140416287
v -0.12748701310184565 0.588235294117647 -0.33035599346431027
v 0 0.588235294117647 -0.33247563910534683
v -0.06212770553377771 0.588235294117647 -0.3319261581458537
v 0.0676470588235294 0.588235294117647 -0.33153984140416287
v 0.005206817375990895 0.588235294117647 -0.3321406626084038
v 0.1352941176470588 0.588235294117647 -0.32846953271704027
v 0.07595492103639898 0.588235294117647 -0.33001230574831003
v 0.2029411764705884 0.588235294117647 -0.3214464794358318
v 0.1541272901349273 0.588235294117647 -0.3227884126713698
v 0.2705882352941176 0.5716189615333209 -0.3009435222258287
v 0.2705882352941176 0.588235294117647 -0.2964517070529654
v 0.2593498112769994 0.588235294117647 -0.29699904257075505
v 0.33823529411764697 0.5691544693616939 -0.28928571428571426
v 0.2838493933146665 0.588235294117647 -0.28928571428571426
v 0.33116437090350437 0.581318086625551 -0.28928571428571426
v 0.38339737425816134 0.5662391193190451 -0.28928571428571426
v -0.2705882352941176 0.5992757880097457 -0.28928571428571426
v -0.2029411764705883 0.6357076060526161 -0.28928571428571426
v -0.25819335661871046 0.6003607189088062 -0.28928571428571426
v -0.1352941176470588 0.6470146710279284 -0.28928571428571426
v -0.14936371179441696 0.640648031300858 -0.28928571428571426
v -0.0676470588235294 0.652194099705598 -0.28928571428571426
v -0.07081538702062459 0.651312313208724 -0.28928571428571426
v 0 0.6537631997099195 -0.28928571428571426
v -0.0007364593783227291 0.6536913153140448 -0.28928571428571426
v 0.0676470588235294 0.652194099705598 -0.28928571428571426
v 0.0656016336617269 0.6524108053084667 -0.28928571428571426
v 0.1352941176470588 0.6470146710279284 -0.28928571428571426
v 0.12977692121621368 0.6490145073278816 -0.28928571428571426
v 0.2029411764705884 0.6357076060526161 -0.28928571428571426
v 0.1921970903759848 0.6439012457002918 -0.28928571428571426
v 0.2705882352941176 0.5992757880097457 -0.28928571428571426
v 0.24987251074000538 0.6341463819899028 -0.28928571428571426
v 0.2809561451123742 0.5983778145920284 -0.28928571428571426
v -0.2029411764705883 -0.47058823529411764 -0.28078188214880073
v -0.1460204528615595 -0.48108138930830313 -0.2502190064670952
v -0.1352941176470588 -0.4808554219435644 -0.24285714285714288
v -0.1352941176470588 -0.4819466416730602 -0.2508260565388772
v -0.1514902818720082 -0.47058823529411764 -0.24285714285714288
v -0.1451397805650562 -0.4802198620617238 -0.24285714285714288
v -0.10343512876682517 -0.505598303716907 -0.2674197622902744
v -0.0676470588235294 -0.5044841171771727 -0.24285714285714288
v -0.0676470588235294 -0.5066849851687752 -0.2681821641977757
v -0.10139582630134975 -0.5036033339137245 -0.24285714285714288
v -0.04174920612824484 -0.5114298499847919 -0.27151110110044135
v 0 -0.5096271208865545 -0.24285714285714288
v 0 -0.511800774488117 -0.27177133702182177
v -0.03958441534423051 -0.5093121198699954 -0.24285714285714288
v 0.030349601681668385 -0.5070748781502861 -0.26845570816258163
v 0.0676470588235294 -0.5044841171771727 -0.24285714285714288
v 0.0676470588235294 -0.5066849851687752 -0.2681821641977757
v 0.03266603667058412 -0.504808800443738 -0.24285714285714288
v 0.12303412799055738 -0.48258170343634726 -0.25127160780772306
v 0.1352941176470588 -0.4808554219435644 -0.24285714285714288
v 0.1352941176470588 -0.4819466416730602 -0.2508260565388772
v 0.12431790299513576 -0.4813258365840424 -0.24285714285714288
v 0.2029411764705884 -0.47058823529411764 -0.28078188214880095
v 0.18441849874882013 -0.47058823529411764 -0.25556991234941234
v 0.1514902818720082 -0.47058823529411764 -0.24285714285714288
v 0.21180595929123835 -0.47058823529411764 -0.28320149998955385
v -0.3382352941176471 -0.40441176470588236 -0.2775133694251158
v -0.31190279985528857 -0.44482818655920175 -0.2712127912050272
v -0.2705882352941176 -0.44573645212469326 -0.24285714285714288
v -0.2705882352941176 -0.448516423340092 -0.2738004112957471
v -0.31955660419147036 -0.40441176470588236 -0.24285714285714288
v -0.31006363237318657 -0.4430290009788846 -0.24285714285714288
v -0.2029411764705883 -0.4638979537627173 -0.24285714285714288
v -0.26232462919268673 -0.46250427280358747 -0.28361410885585026
v -0.2608966833617068 -0.461107369273281 -0.24285714285714288
v -0.19905707818530713 -0.4667885739280817 -0.24285714285714288
v 0.2029411764705884 -0.46389795376271725 -0.24285714285714288
v 0.2705882352941176 -0.44573645212469326 -0.24285714285714288
v 0.2705882352941176 -0.448516423340092 -0.2738004112957471
v 0.2224224151104321 -0.4515305018420966 -0.24285714285714288
v 0.33823529411764697 -0.40441176470588236 -0.2775133694251155
v 0.3289840535933143 -0.40441176470588236 -0.24920659675738363
v 0.31955660419147036 -0.40441176470588236 -0.24285714285714288
v 0.34957403281397903 -0.40441176470588236 -0.2815035364848156
v -0.40588235294117647 -0.3382352941176471 -0.24777815439500506
v -0.3382352941176471 -0.39636782402197235 -0.24285714285714288
v -0.39445429563630013 -0.3932321434293729 -0.28144223396156
v -0.4039003490595912 -0.3382352941176471 -0.24285714285714288
v -0.39308038053899874 -0.3918880960515781 -0.24285714285714288
v -0.3352879058333055 -0.401528450079896 -0.24285714285714288
v 0.33823529411764697 -0.3963678240219724 -0.24285714285714288
v 0.37942940842546385 -0.3641131746221486 -0.26101273521109475
v 0.4058823529411766 -0.3382352941176471 -0.24777815439500528
v 0.4047291965063893 -0.3382352941176471 -0.24364859494437266
v 0.40390034905959127 -0.3382352941176471 -0.24285714285714288
v 0.44175870850118026 -0.3382352941176471 -0.26466250130819613
v -0.47352941176470575 -0.2720588235294118 -0.2554012204012173
v -0.40588235294117647 -0.3365766051971716 -0.24285714285714288
v -0.4638947590057029 -0.32881009033166597 -0.28267311099459735
v -0.4698212092776527 -0.2720588235294118 -0.24285714285714288
v -0.46263164952202473 -0.32757443974980693 -0.24285714285714288
v -0.405386836852495 -0.33775055011785 -0.24285714285714288
v 0.4058823529411766 -0.33657660519717153 -0.24285714285714288
v 0.45925498024035455 -0.2860229413249728 -0.25265419058037775
v 0.47352941176470575 -0.2720588235294118 -0.2554012204012173
v 0.47126228660935254 -0.2720588235294118 -0.2444131511159412
v 0.46982120927765264 -0.2720588235294118 -0.24285714285714288
v 0.5030259645713993 -0.2720588235294118 -0.2690411858065861
v -0.47352941176470575 -0.2663267242719878 -0.24285714285714288
v -0.5259826597079683 -0.25719531288567243 -0.27885766396105904
v -0.5346159179329956 -0.20588235294117652 -0.28478297473041
v -0.5274670449517037 -0.20588235294117652 -0.24285714285714288
v -0.5243413884648046 -0.25558972145214276 -0.24285714285714288
v -0.4723110371198492 -0.2708669352898782 -0.24285714285714288
v 0.47352941176470575 -0.2663267242719878 -0.24285714285714288
v 0.5074850562641748 -0.23884134521471378 -0.2659807533093706
v 0.5332082588446154 -0.20588235294117652 -0.24832600868118
v 0.5274670449517036 -0.20588235294117652 -0.24285714285714288
v -0.5554520570360335 -0.15367112996491766 -0.252654983245228
v -0.5411764705882353 -0.15690843629285342 -0.24285714285714288
v -0.5411764705882353 -0.16974611392947933 -0.2639329878679839
v -0.5574047938174622 -0.13970588235294112 -0.2539952156324819
v -0.5557565327748387 -0.13970588235294112 -0.24285714285714288
v -0.5542986882121511 -0.1525428343763371 -0.24285714285714288
v -0.5388566937505563 -0.20361300603475144 -0.28769356931327
v -0.5359321692856517 -0.20075205818864914 -0.24285714285714288
v 0.5411764705882351 -0.16974611392947994 -0.26393298786798436
v 0.5411764705882351 -0.15690843629285373 -0.24285714285714288
v 0.5844446408040704 -0.13970588235294112 -0.2595892372121132
v 0.5557565327748389 -0.13970588235294112 -0.24285714285714288
v -0.5904395510313555 -0.12172155567645392 -0.2766681390618931
v -0.5932961017137001 -0.07352941176470584 -0.27862869092772585
v -0.5903344262606247 -0.07352941176470584 -0.24285714285714288
v -0.5885257444300012 -0.1198493535664334 -0.24285714285714288
v 0.5864451061004967 -0.09542134761268539 -0.25821624705524915
v 0.5984478873945099 -0.07352941176470584 -0.24997831330997922
v 0.5903344262606248 -0.07352941176470584 -0.24285714285714288
v 0.5573083050194372 -0.12392473997459137 -0.24285714285714288
v -0.599635255160363 -0.06454088260572596 -0.2829794763678268
v -0.6045087305191509 -0.007352941176470562 -0.2863243150457526
v -0.5986575672732612 -0.007352941176470562 -0.24285714285714288
v -0.5976228555731966 -0.06257223083567193 -0.24285714285714288
v 0.599419081364334 -0.016552944701131125 -0.24931174850460314
v 0.6025444853075338 -0.007352941176470562 -0.247166673127438
v 0.5986575672732614 -0.007352941176470562 -0.24285714285714288
v 0.5918398550159547 -0.023967405259328223 -0.24285714285714288
v -0.6053117506986556 -0.0039175054788638634 -0.28687545622485366
v -0.6083888885039177 0.05882352941176472 -0.288987404842751
v -0.6012436049254312 0.05882352941176472 -0.24285714285714288
v -0.6004047839154365 0.0008827881134157011 -0.24285714285714288
v 0.6031903889181505 0.05331284849409854 -0.24672336661207694
v 0.6039952552983808 0.05882352941176472 -0.24617095832005542
v 0.6012436049254313 0.05882352941176472 -0.24285714285714288
v 0.5996434936262226 0.0498430596215605 -0.24285714285714288
v -0.6083491353561096 0.05928761055316645 -0.28896012085000067
v -0.6069052177556042 0.125 -0.2879691090807098
v -0.6000828619918296 0.125 -0.24285714285714288
v -0.6006299971606996 0.0668389413965022 -0.24285714285714288
v 0.6036532979578807 0.11994216488206992 -0.24640565574940493
v 0.6033284952568276 0.125 -0.2466285793423637
v 0.6000828619918297 0.125 -0.24285714285714288
v 0.6007318676545536 0.11708424393316298 -0.24285714285714288
v -0.6059143263541588 0.12784595951287533 -0.28728902523064936
v -0.5991502655637693 0.19117647058823528 -0.28264661083724535
v -0.5944492375989657 0.19117647058823528 -0.24285714285714288
v -0.5962424604973711 0.13730756741625463 -0.24285714285714288
v 0.6024279644771551 0.18491993967394316 -0.24724664549859862
v 0.6003390687828652 0.19117647058823528 -0.24868032856828198
v 0.5944492375989658 0.19117647058823528 -0.24285714285714288
v 0.5987367567362438 0.1813089755795735 -0.24285714285714288
v -0.5861033632502755 0.2134027200940399 -0.2736920598705307
v -0.5784910552909857 0.25735294117647056 -0.2684674634139995
v -0.5761764633604239 0.25735294117647056 -0.24285714285714288
v -0.578390248231532 0.2209481586993325 -0.24285714285714288
v 0.599313892176441 0.24805003518539306 -0.24938394356834329
v 0.5921327763272266 0.25735294117647056 -0.2543125976139221
v 0.5761764633604242 0.25735294117647056 -0.24285714285714288
v 0.5929038907938542 0.24177938165894935 -0.24285714285714288
v -0.5411764705882353 0.3139052885860811 -0.24960930546817803
v -0.5411764705882353 0.3019273791382114 -0.24285714285714288
v -0.5411764705882353 0.32352941176470584 -0.26846828744102774
v -0.5351498386372259 0.32352941176470584 -0.24285714285714288
v 0.5391771887463819 0.32157359257158846 -0.24422932076723475
v 0.5411764705882351 0.30192737913821166 -0.24285714285714288
v 0.5411764705882351 0.3139052885860812 -0.24960930546817794
v 0.5411764705882351 0.32352941176470584 -0.2684682874410274
v 0.5374217903796925 0.32352941176470584 -0.2454341128139377
v 0.5351498386372259 0.32352941176470584 -0.24285714285714288
v 0.5384006885908016 0.32081397285417307 -0.24285714285714288
v 0.5904167033146288 0.3055227340609859 -0.255490399277848
v 0.5594475899601726 0.32352941176470584 -0.27674559819503675
v 0.5739428290687641 0.2894069875161184 -0.24285714285714288
v -0.5411764705882353 0.3428571060121146 -0.27572564943277034
v -0.5047141208781586 0.3897058823529411 -0.26426031277662443
v -0.5020322523639571 0.3897058823529411 -0.24285714285714288
v -0.5133909978346728 0.3507108525018865 -0.24285714285714288
v 0.5411764705882351 0.34285710601211494 -0.2757256494327701
v 0.5341569117086955 0.38283892257947844 -0.24767491463471514
v 0.521957130347526 0.3897058823529411 -0.25604805650061097
v 0.5020322523639571 0.3897058823529411 -0.24285714285714288
v 0.5302473194243451 0.37901432143174435 -0.24285714285714288
v 0.5578664396834692 0.339856555444826 -0.27783079760855056
v -0.47352941176470575 0.43788061756580343 -0.2554869318030395
v -0.47352941176470575 0.41856491492722137 -0.24285714285714288
v -0.45406060374694013 0.4558823529411764 -0.2759235820747633
v -0.4455072141466422 0.4558823529411764 -0.24285714285714288
v 0.46886054051026893 0.451314978887923 -0.24606155449450479
v 0.47352941176470575 0.41856491492722137 -0.24285714285714288
v 0.47352941176470575 0.43788061756580343 -0.2554869318030395
v 0.45899532455401076 0.4558823529411764 -0.2528324014706944
v 0.4455072141466421 0.4558823529411764 -0.24285714285714288
v 0.4667450875442568 0.4492455140298676 -0.24285714285714288
v 0.5193500804549944 0.43453044954996267 -0.25783736714113725
v 0.49907228564813644 0.41469347636934073 -0.24285714285714288
v -0.40588235294117647 0.4940970002659234 -0.24285714285714288
v -0.40588235294117647 0.5074565408197018 -0.25310191898046314
v -0.3725469624254769 0.5220588235294117 -0.2664064555777341
v -0.3637776976156594 0.5220588235294117 -0.24285714285714288
v 0.40096951916144474 0.5172527904840218 -0.24622899461279732
v 0.4058823529411766 0.49409700026592324 -0.24285714285714288
v 0.4058823529411766 0.5074565408197018 -0.2531019189804632
v 0.3859486600298888 0.5220588235294117 -0.25653834202917575
v 0.3637776976156594 0.5220588235294117 -0.24285714285714288
v 0.398700831645716 0.5150334222621133 -0.24285714285714288
v 0.4560698702996644 0.5049788373136103 -0.25484024429743524
v 0.4415038574551639 0.49072947692225105 -0.24285714285714288
v -0.3382352941176471 0.5671348743289957 -0.2576609294390221
v -0.3382352941176471 0.5453031406098804 -0.24285714285714288
v -0.28524079273866787 0.5739012705305869 -0.25291371178647704
v -0.2705882352941176 0.5802707482508345 -0.24285714285714288
v -0.2705882352941176 0.5833526244196497 -0.24628276191510284
v -0.2705882352941176 0.588235294117647 -0.2770637940160296
v -0.30588292460066335 0.5537078806655913 -0.24285714285714288
v -0.23953811376362102 0.588235294117647 -0.24285714285714288
v 0.2679181178666151 0.5856232227211772 -0.2446897389797455
v 0.2705882352941176 0.5802707482508345 -0.24285714285714288
v 0.2705882352941176 0.5833526244196497 -0.24628276191510284
v 0.2705882352941176 0.588235294117647 -0.2770637940160296
v 0.2571725621243741 0.588235294117647 -0.25206479431836437
v 0.23953811376362105 0.588235294117647 -0.24285714285714288
v 0.2668028729087969 0.5845322222189636 -0.24285714285714288
v 0.33019619043305926 0.5803709535566373 -0.24837466433010524
v 0.33823529411764697 0.5453031406098805 -0.24285714285714288
v 0.33823529411764697 0.5671348743289957 -0.2576609294390221
v 0.28237667819990014 0.588235294117647 -0.28119488856466474
v 0.3255126564071201 0.5757892354877838 -0.24285714285714288
v 0.38226475225072765 0.5651311195291644 -0.2590667383620783
v 0.3599415697420936 0.5432932235968051 -0.24285714285714288
v -0.2705882352941176 0.5985907354263407 -0.28202046816120213
v -0.25924433862200674 0.5993325843403641 -0.28149999638342704
v -0.2029411764705883 0.6146573785912207 -0.24285714285714288
v -0.2029411764705883 0.6342329103349774 -0.2570143708443491
v -0.15473668267296686 0.6353918641370592 -0.2562012635736822
v -0.1352941176470588 0.6359269725128337 -0.24285714285714288
v -0.1352941176470588 0.6436925878697279 -0.25037758120885745
v -0.1745576428655276 0.6160017943834671 -0.24285714285714288
v -0.07718279365169173 0.6450833284609409 -0.2494018552702605
v -0.0676470588235294 0.6432443857361596 -0.24285714285714288
v -0.0676470588235294 0.6475443068330684 -0.24767526409489476
v -0.0843953315140074 0.6380275848999799 -0.24285714285714288
v -0.006430615376712787 0.6481209453156197 -0.24727070185793024
v 0 0.6452803687950622 -0.24285714285714288
v 0 0.6487001271547653 -0.24686435523427566
v -0.010521064525027254 0.6441194189748773 -0.24285714285714288
v 0.06126765745999019 0.6481710459806809 -0.24723555186752227
v 0.0676470588235294 0.6432443857361596 -0.24285714285714288
v 0.0676470588235294 0.6475443068330684 -0.24767526409489476
v 0.057501240069462375 0.6444865072290775 -0.24285714285714288
v 0.12717505420617176 0.6464692026441449 -0.24842954354172686
v 0.1352941176470588 0.6359269725128337 -0.24285714285714288
v 0.1352941176470588 0.6436925878697279 -0.25037758120885745
v 0.12223963324920101 0.6416410734471083 -0.24285714285714288
v 0.1911900809787817 0.6429161278117236 -0.2509223357257431
v 0.2029411764705884 0.6146573785912207 -0.24285714285714288
v 0.2029411764705884 0.6342329103349774 -0.2570143708443491
v 0.18288036258366275 0.6347870554686724 -0.24285714285714288
v 0.2705882352941176 0.5985907354263407 -0.28202046816120213
v 0.24875846150321915 0.6330565512147859 -0.2578396894651819
v 0.2286225277434578 0.6133583551454541 -0.24285714285714288
v 0.28048036574678864 0.5979123782561295 -0.282496394937763
v -0.1352941176470588 -0.47058823529411764 -0.21354910419742493
v -0.09097099224068794 -0.4934051266804684 -0.21243661268693179
v -0.0676470588235294 -0.49420784647408394 -0.1964285714285714
v -0.0676470588235294 -0.4942076235173499 -0.21299963427725185
v -0.12383897564061645 -0.47058823529411764 -0.1964285714285714
v -0.09087303965893079 -0.4933093035026625 -0.1964285714285714
v -0.030951269430445086 -0.5008666510412922 -0.2176715234289701
v 0 -0.5012278725747473 -0.1964285714285714
v 0 -0.5011895316957056 -0.2178980523960347
v -0.03095151588045761 -0.5008668921336957 -0.1964285714285714
v 0.04319696276176538 -0.494506807528452 -0.21320953798027903
v 0.0676470588235294 -0.49420784647408394 -0.1964285714285714
v 0.0676470588235294 -0.4942076235173499 -0.21299963427725185
v 0.043160565736038686 -0.494542413314489 -0.1964285714285714
v 0.1352941176470588 -0.47058823529411764 -0.21354910419742493
v 0.1287141306703268 -0.47058823529411764 -0.20094464944676324
v 0.12383897564061647 -0.47058823529411764 -0.1964285714285714
v 0.15008903258495854 -0.47058823529411764 -0.23270286894013717
v -0.3016714693428266 -0.4348192762752716 -0.2177620954185239
v -0.2705882352941176 -0.43779199539155084 -0.1964285714285714
v -0.2705882352941176 -0.43764523560027213 -0.21974475259574647
v -0.3121216354444225 -0.40441176470588236 -0.22493441438887385
v -0.30992691523135313 -0.40441176470588236 -0.1964285714285714
v -0.3014890676450082 -0.43464083983175356 -0.1964285714285714
v -0.25846086380274214 -0.45872450231342426 -0.23453369844846592
v -0.2029411764705883 -0.46120569201911205 -0.1964285714285714
v -0.2029411764705883 -0.46211159365521354 -0.23691003872318156
v -0.25854891011449743 -0.458810634574924 -0.1964285714285714
v -0.1352941176470588 -0.4696800438168113 -0.1964285714285714
v -0.19818240074636834 -0.4659329112160764 -0.23959102659921552
v -0.19763628196230912 -0.46539866457949675 -0.1964285714285714
v -0.13462440308304482 -0.46993307974236487 -0.1964285714285714
v 0.1352941176470588 -0.4696800438168113 -0.1964285714285714
v 0.2029411764705884 -0.46120569201911205 -0.1964285714285714
v 0.2029411764705884 -0.4621115936552135 -0.23691003872318153
v 0.13707350846889527 -0.46884752688145154 -0.1964285714285714
v 0.2300003113234957 -0.44411734250323 -0.22428550061337724
v 0.2705882352941176 -0.43779199539155084 -0.1964285714285714
v 0.2705882352941176 -0.43764523560027213 -0.21974475259574647
v 0.23192610471459646 -0.44223341418584877 -0.1964285714285714
v 0.31767746206101555 -0.40441176470588236 -0.2105381393929054
v 0.3099269152313531 -0.40441176470588236 -0.1964285714285714
v -0.38963789896352413 -0.388520451032092 -0.2317079989780709
v -0.3382352941176471 -0.3927277559522139 -0.1964285714285714
v -0.3382352941176471 -0.3939703588994149 -0.23553158513260536
v -0.4032264906637023 -0.3382352941176471 -0.2410343305486901
v -0.39895642395886116 -0.3382352941176471 -0.1964285714285714
v -0.38963588708118263 -0.3885184828863232 -0.1964285714285714
v -0.3346475207339722 -0.40090198639576563 -0.24039472696337844
v -0.3341602362947698 -0.40042529509654595 -0.1964285714285714
v 0.33823529411764697 -0.39272775595221393 -0.1964285714285714
v 0.33823529411764697 -0.39397035889941495 -0.23553158513260541
v 0.40062608102032077 -0.3382352941176471 -0.2000361369394693
v 0.3989564239588612 -0.3382352941176471 -0.1964285714285714
v -0.4597164094282257 -0.3247225744406557 -0.23337679032185685
v -0.40588235294117647 -0.3324454412392555 -0.1964285714285714
v -0.40588235294117647 -0.3360375592204472 -0.24131523996101217
v -0.4686643554220622 -0.2720588235294118 -0.23951808244806141
v -0.4659331814176687 -0.2720588235294118 -0.1964285714285714
v -0.4597456083319145 -0.3247511385855687 -0.1964285714285714
v -0.4052818324627268 -0.3376478284322072 -0.24244498439211998
v -0.4042324297704446 -0.3366212388419311 -0.1964285714285714
v 0.4058823529411766 -0.33244544123925546 -0.1964285714285714
v 0.4058823529411766 -0.3360375592204471 -0.2413152399610121
v 0.46767895733463694 -0.2720588235294118 -0.2004439454318174
v 0.4659331814176687 -0.2720588235294118 -0.1964285714285714
v -0.519319034953499 -0.2506765495389089 -0.22785561094634557
v -0.47352941176470575 -0.25999088724895225 -0.1964285714285714
v -0.47352941176470575 -0.2641040843736849 -0.23727619887804555
v -0.5230444108996267 -0.20588235294117652 -0.23041246835036497
v -0.5232289164846404 -0.20588235294117652 -0.1964285714285714
v -0.5192550313045042 -0.250613937273588 -0.1964285714285714
v -0.47204385892863576 -0.2706055653202129 -0.24183755535164142
v -0.4711376128938744 -0.2697190202862072 -0.1964285714285714
v 0.47352941176470575 -0.25999088724895225 -0.1964285714285714
v 0.47352941176470575 -0.2641040843736849 -0.23727619887804555
v 0.5276188695722271 -0.20588235294117652 -0.20573363299545888
v 0.5232289164846403 -0.20588235294117652 -0.1964285714285714
v -0.5411764705882353 -0.13970588235294112 -0.20678613005644333
v -0.5346389708337693 -0.19948697274659025 -0.23837022532379823
v -0.5404543369362547 -0.13970588235294112 -0.1964285714285714
v -0.534720876292893 -0.19956709765225475 -0.1964285714285714
v 0.5394856011091292 -0.14135999379989259 -0.19758907501516274
v 0.5411764705882351 -0.13970588235294112 -0.20678613005644264
v 0.540607887168047 -0.13970588235294112 -0.19681881035981852
v 0.5404543369362546 -0.13970588235294112 -0.1964285714285714
v 0.5387669262364864 -0.14206304530573882 -0.1964285714285714
v 0.5557168906417904 -0.13970588235294112 -0.23287753778933012
v -0.5411764705882353 -0.1364139847449936 -0.1964285714285714
v -0.5818409490950827 -0.11330987986923051 -0.2243380427019046
v -0.5839321563127249 -0.07352941176470584 -0.22577331225190125
v -0.5840956677783038 -0.07352941176470584 -0.1964285714285714
v -0.5817846563252739 -0.1132548108552871 -0.1964285714285714
v -0.5407879470612981 -0.139325804989633 -0.1964285714285714
v 0.5411764705882351 -0.13641398474499383 -0.1964285714285714
v 0.5574365100176961 -0.12379932204151202 -0.23169730213071166
v 0.590473930741347 -0.07352941176470584 -0.20902255064025563
v 0.5840956677783039 -0.07352941176470584 -0.1964285714285714
v -0.5942143358612598 -0.05923780937834248 -0.23283033610353554
v -0.595489543126617 -0.007352941176470562 -0.23370555599683962
v -0.5955376999775269 -0.007352941176470562 -0.1964285714285714
v -0.5943331949018027 -0.059354084526699546 -0.1964285714285714
v 0.5918970851770191 -0.02391141923219997 -0.20804578936608314
v 0.5986964159077498 -0.007352941176470562 -0.20337916796393568
v 0.595537699977527 -0.007352941176470562 -0.1964285714285714
v 0.5857822949204546 -0.02989327926579565 -0.1964285714285714
v -0.5978905250371357 0.003342389190014318 -0.235353434885736
v -0.5989380480504122 0.05882352941176472 -0.23607238701596617
v -0.598332068945507 0.05882352941176472 -0.1964285714285714
v -0.5979317494604998 0.0033020609497668336 -0.1964285714285714
v 0.5990734587884374 0.049285416845466265 -0.20312039008619667
v 0.6007592245894464 0.05882352941176472 -0.2019633893345725
v 0.5983320689455071 0.05882352941176472 -0.1964285714285714
v 0.5960061393492224 0.04628477826362556 -0.1964285714285714
v -0.5980315686743117 0.06938088230709906 -0.23545023812740037
v -0.5973444211603441 0.125 -0.23497862446098156
v -0.596914977036338 0.125 -0.1964285714285714
v -0.5973810302428239 0.07001727859877208 -0.1964285714285714
v 0.6004101686230595 0.11676953835887534 -0.20220295880218586
v 0.5997392962871049 0.125 -0.20266340223773233
v 0.5969149770363381 0.125 -0.1964285714285714
v 0.59789722122132 0.11431122024847805 -0.1964285714285714
v -0.5917030791061346 0.14174826660333376 -0.23110677168464522
v -0.5894900073572349 0.19117647058823528 -0.22958786219238797
v -0.5896244433446508 0.19117647058823528 -0.1964285714285714
v -0.5911290730314498 0.14230979428509064 -0.1964285714285714
v 0.5988202080770696 0.1813906127608161 -0.2032942050154274
v 0.5945593706255733 0.19117647058823528 -0.20621856860791393
v 0.5896244433446509 0.19117647058823528 -0.1964285714285714
v 0.5957738150832358 0.1784104457016309 -0.1964285714285714
v -0.5645957472231659 0.23444277925099502 -0.21250205011279394
v -0.5626242499639159 0.25735294117647056 -0.21114894174542054
v -0.5625626691048727 0.25735294117647056 -0.1964285714285714
v -0.5647453581109041 0.2342964207738598 -0.1964285714285714
v 0.5928526164316253 0.24172922195676905 -0.20738997443667945
v 0.576105390097132 0.25735294117647056 -0.21888418878426652
v 0.5625626691048728 0.25735294117647056 -0.1964285714285714
v 0.5875623830571646 0.23655399365566604 -0.1964285714285714
v -0.5411764705882353 0.2975607366305999 -0.21464786414170609
v -0.5411764705882353 0.28391409496858044 -0.1964285714285714
v -0.5331206104192008 0.32352941176470584 -0.23732812081566265
v -0.5308496108589359 0.32352941176470584 -0.1964285714285714
v 0.5375270203646385 0.3199592974155352 -0.19893331832116412
v 0.5411764705882351 0.2839140949685808 -0.1964285714285714
v 0.5411764705882351 0.2975607366306001 -0.21464786414170592
v 0.5333760103255673 0.32352941176470584 -0.20178230347220372
v 0.5308496108589358 0.32352941176470584 -0.1964285714285714
v 0.5366120582631075 0.31906422579447224 -0.1964285714285714
v 0.5736620444262335 0.2891323068875558 -0.22056114342174654
v 0.5605069571413177 0.27626319976100777 -0.1964285714285714
v -0.4918943932203167 0.3717401396246261 -0.20903310839034162
v -0.4842891290922017 0.3897058823529411 -0.20381334636452356
v -0.48423932040451945 0.3897058823529411 -0.1964285714285714
v -0.4883115772147349 0.37524506832573873 -0.1964285714285714
v 0.530196687729637 0.37896479042605163 -0.20396438512965895
v 0.5019413297587116 0.3897058823529411 -0.22335703765007672
v 0.4842393204045194 0.3897058823529411 -0.1964285714285714
v 0.5268864472473128 0.3757265116933432 -0.1964285714285714
v -0.47352941176470575 0.41841090019604704 -0.22271806684658285
v -0.47352941176470575 0.40068864430316153 -0.1964285714285714
v -0.4332229783019806 0.4558823529411764 -0.21519341057371963
v -0.43306885263497297 0.4558823529411764 -0.1964285714285714
v 0.46668706575209085 0.4491887535810096 -0.2011247157415773
v 0.47352941176470575 0.40068864430316153 -0.1964285714285714
v 0.47352941176470575 0.41841090019604704 -0.22271806684658285
v 0.4453516502229125 0.4558823529411764 -0.21576796677247306
v 0.43306885263497286 0.4558823529411764 -0.1964285714285714
v 0.4648342334904306 0.4473762002815594 -0.1964285714285714
v 0.4988305286897188 0.4144569749969756 -0.2254920905576774
v 0.48261774452393874 0.39859664266088646 -0.1964285714285714
v -0.40588235294117647 0.49386878058285205 -0.21620634759107835
v -0.40588235294117647 0.4818641698143998 -0.1964285714285714
v -0.3423676917293844 0.5220588235294117 -0.19926478221178243
v -0.34231325019335 0.5220588235294117 -0.1964285714285714
v 0.39860969707709154 0.5149442688797633 -0.20142005262721363
v 0.4058823529411766 0.48186416981439956 -0.1964285714285714
v 0.4058823529411766 0.49386878058285194 -0.21620634759107843
v 0.36355362998908214 0.5220588235294117 -0.22548027258513306
v 0.3423132501933501 0.5220588235294117 -0.1964285714285714
v 0.3966223989940236 0.513000172928936 -0.1964285714285714
v 0.44125664653106283 0.4904876401486739 -0.2185785127845811
v 0.42919392593499506 0.4786871526090424 -0.1964285714285714
v -0.3382352941176471 0.5451226986846575 -0.2266758209228276
v -0.3382352941176471 0.5256496882323375 -0.1964285714285714
v -0.31003312564704 0.5496479013810925 -0.22350099617390012
v -0.2705882352941176 0.5750869271539262 -0.1964285714285714
v -0.2705882352941176 0.5783595846248695 -0.2033572438028693
v -0.3334174797970108 0.5267719027561211 -0.1964285714285714
v -0.2176918253992275 0.588235294117647 -0.20655246401623995
v -0.21502644212373476 0.588235294117647 -0.1964285714285714
v 0.2658106155742887 0.5835615356960753 -0.19970762098783285
v 0.2705882352941176 0.5750869271539262 -0.1964285714285714
v 0.2705882352941176 0.5783595846248695 -0.2033572438028693
v 0.2353432883424411 0.588235294117647 -0.2206184263239768
v 0.21502644212373467 0.588235294117647 -0.1964285714285714
v 0.26457297338442554 0.5823507987712091 -0.1964285714285714
v 0.32538836647790914 0.5756676475135556 -0.2052458726968387
v 0.33823529411764697 0.5256496882323377 -0.1964285714285714
v 0.33823529411764697 0.5451226986846575 -0.22667582092282756
v 0.3213978763795621 0.5717639071999552 -0.1964285714285714
v 0.3597927004702865 0.5431475906135155 -0.22806153166480336
v 0.34146662523876475 0.5252199083218095 -0.1964285714285714
v -0.2029411764705883 0.614447284501214 -0.22446714325470374
v -0.2029411764705883 0.5971249331384533 -0.1964285714285714
v -0.17488275484543872 0.6156837500552933 -0.22359965472311166
v -0.1352941176470588 0.6288814701052271 -0.1964285714285714
v -0.1352941176470588 0.6356625076698507 -0.20958281207924753
v -0.19322670643597278 0.5977385800210752 -0.1964285714285714
v -0.08578925389093439 0.6366639651834208 -0.2088802022046475
v -0.0676470588235294 0.6382196870807351 -0.1964285714285714
v -0.0676470588235294 0.6422085383072172 -0.2049902001082697
v -0.09254084688257716 0.6300591459524659 -0.1964285714285714
v -0.011982184553165263 0.6426900624256119 -0.20465236890139601
v 0 0.6406676496871707 -0.1964285714285714
v 0 0.6439821501344631 -0.2037458565723289
v -0.0159452832876507 0.6388131180114414 -0.1964285714285714
v 0.05653687909306609 0.6435431106217333 -0.20405388111935524
v 0.0676470588235294 0.6382196870807351 -0.1964285714285714
v 0.0676470588235294 0.6422085383072172 -0.2049902001082697
v 0.05304264956185815 0.6401248426020734 -0.1964285714285714
v 0.12203012368694768 0.6414361184405561 -0.20553212007821287
v 0.1352941176470588 0.6288814701052271 -0.1964285714285714
v 0.1352941176470588 0.6356625076698507 -0.20958281207924753
v 0.1177764860697132 0.6372749512063051 -0.1964285714285714
v 0.18269282061399708 0.6346035904983474 -0.21032573492020704
v 0.2029411764705884 0.597124933138453 -0.1964285714285714
v 0.2029411764705884 0.614447284501214 -0.22446714325470377
v 0.175590463486628 0.6276556324389646 -0.1964285714285714
v 0.22846329087995434 0.6132025799528964 -0.2253404121600314
v 0.21142228544254532 0.596532031155431 -0.1964285714285714
v -0.2722732979212879 -0.4722366661250451 -0.15115651813852377
v -0.2705882352941176 -0.4728290113698292 -0.15000000000000002
v -0.2705882352941176 -0.4723618047184721 -0.1512443137866106
v -0.2705882352941176 -0.47058823529411764 -0.15170144120489007
v -0.2726495647822403 -0.47058823529411764 -0.15141476340644447
v -0.27340026626863545 -0.47058823529411764 -0.15000000000000002
v -0.27259479027613953 -0.47255116951566084 -0.15000000000000002
v -0.2452086162518427 -0.5119368176888232 -0.17900964034676162
v -0.2029411764705883 -0.5175071831105913 -0.15000000000000002
v -0.2029411764705883 -0.5132238395962445 -0.1799125985738731
v -0.2029411764705883 -0.47058823529411764 -0.18486449186781054
v -0.25009228980336895 -0.47058823529411764 -0.18236147840541783
v -0.24890300141805635 -0.5155508901340321 -0.15000000000000002
v -0.18944252546579488 -0.5235595038124463 -0.1871639693414306
v -0.1352941176470588 -0.5278545414426723 -0.15000000000000002
v -0.1352941176470588 -0.5244012820863397 -0.1877545502891463
v -0.1352941176470588 -0.47058823529411764 -0.19531878095138955
v -0.1941301629948624 -0.47058823529411764 -0.19038126093746763
v -0.19236514967791593 -0.5264185927156082 -0.15000000000000002
v -0.12600608708403643 -0.5276785890272223 -0.19005386722227344
v -0.0676470588235294 -0.5324248667436181 -0.15000000000000002
v -0.0676470588235294 -0.5281363425485889 -0.19037502128012104
v -0.13416569825292193 -0.47058823529411764 -0.19565409724812344
v -0.12871231109912668 -0.5303259820854628 -0.15000000000000002
v -0.05964320154351807 -0.5289348454997331 -0.1909352408109239
v 0 -0.5338461526661447 -0.15000000000000002
v 0 -0.529085166325065 -0.1910407039931408
v -0.06364890279578163 -0.532853466289991 -0.15000000000000002
v 0.008653046304802257 -0.528299769279829 -0.19048967939949904
v 0.0676470588235294 -0.5324248667436181 -0.15000000000000002
v 0.0676470588235294 -0.5281363425485889 -0.19037502128012104
v 0.0033161299501886185 -0.5335206657136902 -0.15000000000000002
v 0.07968333121717291 -0.5249900915842234 -0.18816765155591544
v 0.1352941176470588 -0.5278545414426723 -0.15000000000000002
v 0.1352941176470588 -0.5244012820863397 -0.1877545502891463
v 0.1352941176470588 -0.47058823529411764 -0.19531878095138955
v 0.07387008626575703 -0.5306769616453911 -0.15000000000000002
v 0.1581078895214052 -0.5144468855704923 -0.1807706720986629
v 0.2029411764705884 -0.5175071831105912 -0.15000000000000002
v 0.2029411764705884 -0.5132238395962444 -0.17991259857387307
v 0.2029411764705884 -0.47058823529411764 -0.1848644918678105
v 0.13877442932089798 -0.47058823529411764 -0.1940399103108122
v 0.15263149659775388 -0.5198042264740643 -0.15000000000000002
v 0.2686212305737135 -0.472512479042339 -0.1513500249789109
v 0.2705882352941176 -0.4728290113698292 -0.15000000000000002
v 0.2705882352941176 -0.4723618047184721 -0.1512443137866106
v 0.2705882352941176 -0.47058823529411764 -0.15170144120489007
v 0.2673759472957954 -0.47058823529411764 -0.15220470698021493
v 0.2679684522767567 -0.47315106650675326 -0.15000000000000002
v 0.27340026626863545 -0.47058823529411764 -0.15000000000000002
v -0.38103075725982394 -0.44627689169279455 -0.17937204147335742
v -0.3382352941176471 -0.4528744657275393 -0.15000000000000002
v -0.3382352941176471 -0.44840035702953335 -0.1808618377889742
v -0.3382352941176471 -0.40441176470588236 -0.18557115826486661
v -0.38489006592760905 -0.40441176470588236 -0.18202082164596767
v -0.3930825297679815 -0.40441176470588236 -0.15000000000000002
v -0.384583946581666 -0.4497528377685096 -0.15000000000000002
v -0.2705882352941176 -0.4635724735378891 -0.19150640206943964
v -0.3297444701540089 -0.46228199446012375 -0.19060101833551538
v -0.33282926100822036 -0.40441176470588236 -0.19271821951185306
v -0.3318621650735206 -0.46435365253355915 -0.15000000000000002
v -0.2029411764705883 -0.46763821917074044 -0.19435887757693215
v -0.2666901864205323 -0.4667749266134364 -0.1937532024811728
v -0.1352941176470588 -0.4702489268064754 -0.19619051690232084
v -0.20087429383463257 -0.46856628488937835 -0.195009996700167
v -0.13501346554770077 -0.4703136843273544 -0.19623594995665175
v 0.1352941176470588 -0.4702489268064754 -0.19619051690232084
v 0.13580633456066718 -0.4700871535308051 -0.19607701882637435
v 0.2029411764705884 -0.46763821917074044 -0.19435887757693215
v 0.2705882352941176 -0.4635724735378891 -0.19150640206943964
v 0.20855451241907585 -0.4650969283879886 -0.19257594023411262
v 0.2904869872281365 -0.45112206492388174 -0.18277135348627893
v 0.33823529411764697 -0.45287446572753937 -0.15000000000000002
v 0.33823529411764697 -0.4484003570295334 -0.18086183778897422
v 0.33823529411764697 -0.40441176470588236 -0.18557115826486667
v 0.3930825297679816 -0.40441176470588236 -0.15000000000000002
v -0.4567006035790388 -0.3879488001764255 -0.18487836456822232
v -0.40588235294117647 -0.39636005377014516 -0.15000000000000002
v -0.40588235294117647 -0.3904628310359697 -0.18664217669507713
v -0.40588235294117647 -0.3382352941176471 -0.19234713604291834
v -0.45968835485604015 -0.3382352941176471 -0.18692896404715803
v -0.4671784431051445 -0.3382352941176471 -0.15000000000000002
v -0.459811628355832 -0.3909921939798102 -0.15000000000000002
v -0.3382352941176471 -0.401104562908398 -0.19410828064366967
v -0.40101412569428413 -0.39964936848609633 -0.19308733471564218
v -0.40404086989583127 -0.3382352941176471 -0.1951646964191885
v -0.40326678002288036 -0.40185305206841876 -0.15000000000000002
v -0.3365257298399655 -0.4027393648690199 -0.19525523693985203
v 0.33823529411764697 -0.401104562908398 -0.1941082806436697
v 0.34861152441461135 -0.39426110463276504 -0.18930699721854308
v 0.4058823529411766 -0.3963600537701451 -0.15000000000000002
v 0.4058823529411766 -0.3904628310359697 -0.1866421766950771
v 0.4058823529411766 -0.3382352941176471 -0.19234713604291828
v 0.46717844310514445 -0.3382352941176471 -0.15000000000000002
v -0.5222956226865783 -0.3197648994312435 -0.1834699770612851
v -0.47352941176470575 -0.33111512002522686 -0.15000000000000002
v -0.47352941176470575 -0.3229899016465007 -0.18573259766310046
v -0.47352941176470575 -0.2720588235294118 -0.1904442468468653
v -0.5248528537774652 -0.2720588235294118 -0.18522509529447143
v -0.5295911848878989 -0.2720588235294118 -0.15000000000000002
v -0.525630631316137 -0.32302740787320305 -0.15000000000000002
v -0.40588235294117647 -0.3365853155745421 -0.19527096743483743
v -0.46920759127439876 -0.33400742624669455 -0.19346235301752218
v -0.4713217534745906 -0.2720588235294118 -0.1949133773847346
v -0.4717196129311458 -0.33646483873699057 -0.15000000000000002
v -0.40513119710324647 -0.3375004677544547 -0.19591302658328405
v 0.4058823529411766 -0.3365853155745421 -0.1952709674348374
v 0.4127040268505664 -0.331561917467157 -0.19174661511187838
v 0.47352941176470575 -0.33111512002522686 -0.15000000000000002
v 0.47352941176470575 -0.3229899016465007 -0.18573259766310046
v 0.47352941176470575 -0.2720588235294118 -0.1904442468468653
v 0.5295911848878989 -0.2720588235294118 -0.15000000000000002
v -0.5723421678348475 -0.2363705350302537 -0.17139012140217796
v -0.5411764705882353 -0.24734115053214023 -0.15000000000000002
v -0.5411764705882353 -0.2403924717299517 -0.17421186111847403
v -0.5411764705882353 -0.20588235294117652 -0.17745325140388518
v -0.5743396905952561 -0.20588235294117652 -0.17276109199239628
v -0.5794423840621048 -0.20588235294117652 -0.15000000000000002
v -0.5761362704040874 -0.24008215710885797 -0.15000000000000002
v -0.47352941176470575 -0.26922957454526325 -0.194443606268264
v -0.5352509991137907 -0.2662621666522378 -0.19236171057188742
v -0.5366144627476103 -0.20588235294117652 -0.19329750393547163
v -0.5372045976346854 -0.26817329564006964 -0.15000000000000002
v -0.4724699088237557 -0.27102235326109114 -0.19570139704984482
v 0.47352941176470575 -0.26922957454526325 -0.194443606268264
v 0.4937675127504566 -0.2522606812607425 -0.18253844621785423
v 0.5411764705882351 -0.2473411505321404 -0.15000000000000002
v 0.5411764705882351 -0.24039247172995182 -0.17421186111847412
v 0.5411764705882351 -0.20588235294117652 -0.17745325140388526
v 0.5794423840621049 -0.20588235294117652 -0.15000000000000002
v -0.5411764705882353 -0.19666998985431727 -0.1899652944692194
v -0.5955859663351948 -0.1929325629749669 -0.1873431632300561
v -0.5411764705882353 -0.13970588235294112 -0.19567310598475812
v -0.5970650776667554 -0.13970588235294112 -0.18835832970295946
v -0.60111128675813 -0.13970588235294112 -0.15000000000000002
v -0.5985214183979771 -0.19580420086247124 -0.15000000000000002
v -0.5387441789785222 -0.20350293723602242 -0.19475920358463789
v -0.5409194017745886 -0.13970588235294112 -0.1962521360005717
v 0.5411764705882351 -0.19666998985431733 -0.18996529446921942
v 0.5411764705882351 -0.13970588235294112 -0.19567310598475818
v 0.6011112867581301 -0.13970588235294112 -0.15000000000000002
v 0.5848210040866529 -0.16318661364924614 -0.15000000000000002
v -0.6172678137474328 -0.08179012470177247 -0.1557956112987039
v -0.6088235294117647 -0.08905588761919614 -0.15000000000000002
v -0.6088235294117647 -0.08397765691672732 -0.15733035612252938
v -0.6088235294117647 -0.07352941176470584 -0.15826835316930926
v -0.6176790037374403 -0.07352941176470584 -0.15607782554650412
v -0.6198684935161256 -0.07352941176470584 -0.15000000000000002
v -0.6190045659338318 -0.08348912140585849 -0.15000000000000002
v -0.5411764705882353 -0.1391431352275093 -0.19603375519136368
v -0.6021696811319955 -0.13319668294881915 -0.1918617997831398
v -0.6029887292712186 -0.07352941176470584 -0.1924239415184451
v -0.604592325973485 -0.13556666159810235 -0.15000000000000002
v -0.5410044136619651 -0.13953756579463336 -0.19631048266861578
v 0.5411764705882351 -0.13914313522750932 -0.19603375519136368
v 0.5611623689327017 -0.12015446005944133 -0.18271154181948107
v 0.6088235294117648 -0.08905588761919586 -0.15000000000000002
v 0.6088235294117648 -0.08397765691672712 -0.1573303561225292
v 0.6088235294117648 -0.07352941176470584 -0.1582683531693091
v 0.6198684935161254 -0.07352941176470584 -0.15000000000000002
v -0.6088235294117647 -0.04503005950477899 -0.17643378777954338
v -0.6412199943287912 -0.03904513511703992 -0.1722348408281455
v -0.6088235294117647 -0.007352941176470562 -0.17766624388804564
v -0.6419152666915968 -0.007352941176470562 -0.17271203086597173
v -0.6467120106512981 -0.007352941176470562 -0.15000000000000002
v -0.6455899980326053 -0.0433201387403364 -0.15000000000000002
v -0.6045650370109663 -0.06936349528566402 -0.19350581732740238
v -0.6049805121281805 -0.007352941176470562 -0.19379097260971392
v 0.6088235294117648 -0.045030059504778855 -0.17643378777954327
v 0.6088235294117648 -0.007352941176470562 -0.17766624388804556
v 0.646712010651298 -0.007352941176470562 -0.15000000000000002
v 0.620502420231309 -0.06210440987602126 -0.15000000000000002
v -0.6088235294117647 0.013689771113932506 -0.18166527169466956
v -0.6482014770436649 0.020301624119688447 -0.17702647958586937
v -0.6088235294117647 0.05882352941176472 -0.1821094206032045
v -0.6484457349567312 0.05882352941176472 -0.17719412243924715
v -0.653109550178475 0.05882352941176472 -0.15000000000000002
v -0.6527510805385519 0.015850925048603304 -0.15000000000000002
v -0.6054182404795396 -0.004021680264511244 -0.1940914010744666
v -0.6055592253848938 0.05882352941176472 -0.19418816400640226
v 0.6088235294117648 0.013689771113932603 -0.1816652716946695
v 0.6088235294117648 0.05882352941176472 -0.18210942060320442
v 0.6531095501784749 0.05882352941176472 -0.15000000000000002
v 0.647100726588952 0.030092143018604092 -0.15000000000000002
v -0.6088235294117647 0.08130350484991637 -0.18065690612116977
v -0.6460749227495478 0.08855841956086433 -0.17556695008586978
v -0.6088235294117647 0.125 -0.18015061924485168
v -0.645800252638342 0.125 -0.17537843426420366
v -0.6504668543951359 0.125 -0.15000000000000002
v -0.6508784442980833 0.0838593223938188 -0.15000000000000002
v -0.6053825952087496 0.06218966069732289 -0.19406693646314804
v -0.6052215597605728 0.125 -0.19395641213380926
v 0.6088235294117648 0.08130350484991648 -0.1806569061211697
v 0.6088235294117648 0.125 -0.1801506192448516
v 0.6504668543951357 0.125 -0.15000000000000002
v 0.6527135724247215 0.10175944105487475 -0.15000000000000002
v -0.6316205433667426 0.16887504389314828 -0.1656463977765531
v -0.6088235294117647 0.1621587703279434 -0.1703584500238873
v -0.6088235294117647 0.19117647058823528 -0.16908600651141426
v -0.6309874771439332 0.19117647058823528 -0.16521190201493557
v -0.634974038374952 0.19117647058823528 -0.15000000000000002
v -0.6360884480792557 0.16450426754395064 -0.15000000000000002
v -0.6042714928331968 0.12945307926164248 -0.19330434756564127
v -0.6037713873662117 0.19117647058823528 -0.19296110747805217
v 0.6088235294117648 0.16215877032794357 -0.1703584500238872
v 0.6088235294117648 0.19117647058823528 -0.16908600651141414
v 0.6349740383749519 0.19117647058823528 -0.15000000000000002
v 0.6493546123022089 0.16464997239282597 -0.15000000000000002
v -0.6088235294117647 0.2330951452483193 -0.15000000000000002
v -0.6008508121432341 0.1989758679161456 -0.1909566133032756
v -0.5997691676310003 0.25735294117647056 -0.19021424238028284
v -0.6053596742114049 0.25735294117647056 -0.15000000000000002
v 0.5994891110037416 0.24822144490775228 -0.15640654182662458
v 0.6088235294117648 0.233095145248319 -0.15000000000000002
v 0.5797119846154476 0.25735294117647056 -0.1699802838508884
v 0.605359674211405 0.25735294117647056 -0.15000000000000002
v 0.6066876748339495 0.25526351821991217 -0.15000000000000002
v 0.6334262516176135 0.21524435100700037 -0.15000000000000002
v -0.5890800813826723 0.27666718381362604 -0.1828779440545671
v -0.5411764705882353 0.32352941176470584 -0.1861543044423639
v -0.5870002886987008 0.32352941176470584 -0.18145050870314558
v -0.5911756037823626 0.32352941176470584 -0.15000000000000002
v -0.6003116638551849 0.2656797661774726 -0.15000000000000002
v -0.5380407797209591 0.32352941176470584 -0.19427643577121725
v 0.5411764705882351 0.32352941176470584 -0.18615430444236397
v 0.5648915371643568 0.2805524628270243 -0.18015208163564325
v 0.5911756037823627 0.32352941176470584 -0.15000000000000002
v 0.6009174185033925 0.31579517283260256 -0.15000000000000002
v -0.5411764705882353 0.38471273122064475 -0.15000000000000002
v -0.5339172950235401 0.3306307791649511 -0.1914463422366533
v -0.5309207836014564 0.3897058823529411 -0.18938973036000584
v -0.5389191264417637 0.3897058823529411 -0.15000000000000002
v 0.5378487052593749 0.3864504597486213 -0.15228396316049106
v 0.5411764705882351 0.38471273122064487 -0.15000000000000002
v 0.5069020281903519 0.3897058823529411 -0.17352376326065896
v 0.5389191264417637 0.3897058823529411 -0.15000000000000002
v 0.5402451988075696 0.3887948556109857 -0.15000000000000002
v 0.5885067460944803 0.3698307682382063 -0.15000000000000002
v -0.4992030404787358 0.43076684659049486 -0.1676207203285734
v -0.47352941176470575 0.4558823529411764 -0.16823982102380233
v -0.4962186739206521 0.4558823529411764 -0.16557244390206255
v -0.5002129412724974 0.4558823529411764 -0.15000000000000002
v -0.5249394792029755 0.4055898956646083 -0.15000000000000002
v -0.46535839923589795 0.4558823529411764 -0.1908205162457561
v 0.47352941176470575 0.4558823529411764 -0.16823982102380233
v 0.48481892514127334 0.40074997152567027 -0.18868017870738682
v 0.5002129412724973 0.4558823529411764 -0.15000000000000002
v 0.531456465753634 0.44637365255950145 -0.15000000000000002
v -0.47352941176470575 0.4820757844089588 -0.15000000000000002
v -0.43070404567140036 0.4977767328150622 -0.16703600650117856
v -0.40588235294117647 0.5220588235294117 -0.1666204979219214
v -0.42699033669321806 0.5220588235294117 -0.16448715655031432
v -0.43089873077990665 0.5220588235294117 -0.15000000000000002
v -0.3952667323407796 0.5220588235294117 -0.18914269517798846
v 0.4058823529411766 0.5220588235294117 -0.16662049792192132
v 0.47352941176470575 0.4820757844089588 -0.15000000000000002
v 0.4332702238422059 0.48267483534435734 -0.17763130599649843
v 0.4308987307799066 0.5220588235294117 -0.15000000000000002
v 0.46544684367478273 0.5141519634414434 -0.15000000000000002
v 0.49679237177840796 0.4786395964328416 -0.15000000000000002
v -0.40588235294117647 0.5454643777841255 -0.15000000000000002
v -0.3382352941176471 0.5844744899848532 -0.15000000000000002
v -0.3382352941176471 0.5330040604640951 -0.1887495321823332
v -0.36308288496665114 0.5639278682870995 -0.15000000000000002
v -0.2705882352941176 0.588235294117647 -0.18301848256993897
v -0.3144352339213673 0.588235294117647 -0.18009374750503782
v -0.3290481501739053 0.588235294117647 -0.15000000000000002
v -0.2620029042550995 0.588235294117647 -0.19053615478377947
v 0.2705882352941176 0.588235294117647 -0.18301848256993897
v 0.33231321166497124 0.5824419525878555 -0.15406453485106006
v 0.33823529411764697 0.5844744899848532 -0.15000000000000002
v 0.33823529411764697 0.5330040604640958 -0.18874953218233273
v 0.3290481501739053 0.588235294117647 -0.15000000000000002
v 0.33662509858810014 0.5866601028387425 -0.15000000000000002
v 0.3422420158935195 0.5259784426579827 -0.19367861642090733
v 0.4058823529411766 0.5454643777841254 -0.15000000000000002
v 0.3950979114736245 0.5776852970298243 -0.15000000000000002
v 0.42717563282900084 0.5428892060283703 -0.15000000000000002
v -0.2705882352941176 0.6327110077233971 -0.15000000000000002
v -0.2029411764705883 0.6488201318078429 -0.15000000000000002
v -0.2029411764705883 0.6051210717852475 -0.1845817242395564
v -0.21680911844249623 0.6408452997333636 -0.15000000000000002
v -0.1352941176470588 0.6544117647058822 -0.1613744650654801
v -0.1509161501159668 0.6544117647058822 -0.1607219539615797
v -0.16226115440431085 0.6544117647058822 -0.15000000000000002
v -0.0676470588235294 0.6544117647058822 -0.17500863633186498
v -0.10280779359382167 0.6544117647058822 -0.17413205709389626
v 0 0.6544117647058822 -0.1783773339223926
v -0.04055203952490686 0.6544117647058822 -0.17783230041926837
v 0.0676470588235294 0.6544117647058822 -0.17500863633186498
v 0.030384783119890693 0.6544117647058822 -0.17557441903883278
v 0.1352941176470588 0.6544117647058822 -0.1613744650654801
v 0.11775483877821898 0.6544117647058822 -0.16203782804352052
v 0.18703376174281838 0.6388501633417595 -0.1609178219094322
v 0.2029411764705884 0.6488201318078428 -0.15000000000000002
v 0.2029411764705884 0.6051210717852473 -0.18458172423955654
v 0.16226115440431085 0.6544117647058822 -0.15000000000000002
v 0.19943724065413626 0.650984001407179 -0.15000000000000002
v 0.2133112671845259 0.5983799480769336 -0.1893112110317385
v 0.2705882352941176 0.6327110077233971 -0.15000000000000002
v 0.2605310897332709 0.6445732527441843 -0.15000000000000002
v 0.3140332411019325 0.6307358432774659 -0.15000000000000002
v -0.1352941176470588 0.6698826589449565 -0.15000000000000002
v -0.0676470588235294 0.6884395228374108 -0.15000000000000002
v -0.11899889094406345 0.6703527473501169 -0.15000000000000002
v 0 0.6927347698181872 -0.15000000000000002
v -0.032627419425611114 0.6886701075951502 -0.15000000000000002
v 0.0676470588235294 0.6884395228374108 -0.15000000000000002
v 0.03894433305821502 0.6925094818280493 -0.15000000000000002
v 0.1352941176470588 0.6698826589449565 -0.15000000000000002
v 0.10176750335991853 0.6877904604480022 -0.15000000000000002
v 0.15042238956713785 0.6692111611494378 -0.15000000000000002
v -0.2705882352941176 -0.47058823529411764 -0.14835585098089654
v -0.2029411764705883 -0.47058823529411764 -0.11569395898141334
v -0.2675642022870259 -0.47058823529411764 -0.14792449908519487
v -0.1352941176470588 -0.47058823529411764 -0.10536981860177323
v -0.14083683268349984 -0.47058823529411764 -0.10737559013370651
v -0.09374631891590061 -0.4961201201670895 -0.12148427478389459
v -0.0676470588235294 -0.4908224621352941 -0.10357142857142865
v -0.0676470588235294 -0.5030823909849903 -0.12636891557994567
v -0.11554636327727823 -0.47058823529411764 -0.10357142857142865
v -0.08757952142554708 -0.49008738349174363 -0.10357142857142865
v -0.04115870136835681 -0.5108521822849015 -0.1318201024919468
v 0 -0.4983658038804083 -0.10357142857142865
v 0 -0.5155239845093094 -0.1350977796081187
v -0.02807298078759332 -0.49805093389067634 -0.10357142857142865
v 0.029240545370154244 -0.5081598245419846 -0.1299311784881861
v 0.0676470588235294 -0.4908224621352941 -0.10357142857142865
v 0.0676470588235294 -0.5030823909849903 -0.12636891557994567
v 0.04668115112203236 -0.4910983623934082 -0.10357142857142865
v 0.1352941176470588 -0.47058823529411764 -0.10536981860177323
v 0.13345710626372367 -0.47058823529411764 -0.10483223452086052
v 0.11554636327727823 -0.47058823529411764 -0.10357142857142865
v 0.2029411764705884 -0.47058823529411764 -0.11569395898141335
v 0.19363353903654645 -0.47058823529411764 -0.10995958966746361
v 0.2705882352941176 -0.47058823529411764 -0.14835585098089654
v 0.24958114285996133 -0.47058823529411764 -0.11798933983834958
v 0.27262121574319875 -0.47058823529411764 -0.1486046935427114
v -0.3382352941176471 -0.40441176470588236 -0.11500368319047667
v -0.2705882352941176 -0.43492856058087725 -0.10357142857142865
v -0.304597033477321 -0.43768124118945084 -0.12691287080275762
v -0.3064944666258227 -0.40441176470588236 -0.10357142857142865
v -0.2989568375505805 -0.4321636582176395 -0.10357142857142865
v -0.2029411764705883 -0.4601603627695168 -0.10357142857142865
v -0.2575647576099591 -0.45784787669004956 -0.10357142857142865
v -0.1352941176470588 -0.46903584684828686 -0.10357142857142865
v -0.19706602421899205 -0.46484080374364306 -0.10357142857142865
v -0.13415176655880304 -0.4694707179251718 -0.10357142857142865
v 0.1352941176470588 -0.46903584684828686 -0.10357142857142865
v 0.2029411764705884 -0.4601603627695168 -0.10357142857142865
v 0.1383458118402494 -0.46760288227903984 -0.10357142857142865
v 0.2705882352941176 -0.43492856058087725 -0.10357142857142865
v 0.23529574880681578 -0.438937023226069 -0.10357142857142865
v 0.2737191595673197 -0.46752537459207205 -0.14785113582491408
v 0.33823529411764697 -0.40441176470588236 -0.11500368319047663
v 0.3324818366747503 -0.40441176470588236 -0.10752023010832357
v 0.30649446662582264 -0.40441176470588236 -0.10357142857142865
v 0.38448868635591277 -0.40441176470588236 -0.1182546593644202
v -0.40588235294117647 -0.3382352941176471 -0.10829016570085394
v -0.3957795739313303 -0.39452861132668504 -0.14306610508951556
v -0.3382352941176471 -0.39135695219458355 -0.10357142857142865
v -0.39739922477352907 -0.3382352941176471 -0.10357142857142865
v -0.3884200082658463 -0.3873290362191463 -0.10357142857142865
v -0.33371070105818135 -0.3999855323651007 -0.10357142857142865
v 0.33823529411764697 -0.3913569521945836 -0.10357142857142865
v 0.3950531941956402 -0.3488290363687152 -0.11100386361106693
v 0.4058823529411766 -0.3382352941176471 -0.10829016570085398
v 0.40373097778283307 -0.3382352941176471 -0.10504799350929796
v 0.3973992247735291 -0.3382352941176471 -0.10357142857142865
v 0.45933663327390817 -0.3382352941176471 -0.11331243492691397
v -0.47352941176470575 -0.2720588235294118 -0.11017205923212174
v -0.46683708337878915 -0.33168845113142426 -0.14540681809538022
v -0.40588235294117647 -0.33115124245185695 -0.10357142857142865
v -0.46465892845543344 -0.2720588235294118 -0.10357142857142865
v -0.4586759195546286 -0.3237047039121368 -0.10357142857142865
v -0.403878945768263 -0.33627543927457954 -0.10357142857142865
v 0.4058823529411766 -0.33115124245185684 -0.10357142857142865
v 0.46509601908776504 -0.28030888158294076 -0.10935956453914263
v 0.47352941176470575 -0.2720588235294118 -0.11017205923212174
v 0.47106636411793684 -0.2720588235294118 -0.1052619053724719
v 0.4646589284554334 -0.2720588235294118 -0.10357142857142865
v 0.524538782468896 -0.2720588235294118 -0.11499046296389437
v -0.5411764705882353 -0.20588235294117652 -0.12315863689997765
v -0.47352941176470575 -0.2579446746509224 -0.10357142857142865
v -0.5240860812139374 -0.25533996435890305 -0.13827026070894471
v -0.5213783842801443 -0.20588235294117652 -0.10357142857142865
v -0.5176407736771033 -0.24903477220330447 -0.10357142857142865
v -0.4707565343743494 -0.26934622608232406 -0.10357142857142865
v 0.47352941176470575 -0.2579446746509224 -0.10357142857142865
v 0.5275200853430564 -0.21924186024624268 -0.11294428925212585
v 0.5411764705882351 -0.20588235294117652 -0.12315863689997757
v 0.536378052230764 -0.20588235294117652 -0.10686475297205328
v 0.5213783842801442 -0.20588235294117652 -0.10357142857142865
v 0.5741665390739921 -0.20588235294117652 -0.12735774802685643
v -0.5411764705882353 -0.14772226204883038 -0.10919561877076682
v -0.5411764705882353 -0.13970588235294112 -0.10502196327835611
v -0.539714708691255 -0.13970588235294112 -0.10357142857142865
v -0.5340945273937413 -0.19895436503351938 -0.10357142857142865
v 0.5402148178992985 -0.1406466295486401 -0.1042314448579349
v 0.5411764705882351 -0.14772226204883013 -0.10919561877076663
v 0.5411764705882351 -0.13970588235294112 -0.10502196327835606
v 0.5406770592752214 -0.13970588235294112 -0.10391419223657161
v 0.539714708691255 -0.13970588235294112 -0.10357142857142865
v 0.5362729832296722 -0.14450277216023094 -0.10357142857142865
v 0.5763331006335582 -0.1714899974620561 -0.12587076012417275
v 0.5967966030965746 -0.13970588235294112 -0.11182593389955607
v -0.6088235294117647 -0.07352941176470584 -0.1420140971795535
v -0.5411764705882353 -0.1330059543390699 -0.10357142857142865
v -0.5878467536802829 -0.11918512348518726 -0.1356028961594489
v -0.581847931974555 -0.07352941176470584 -0.10357142857142865
v -0.5797152177887823 -0.11123036011306713 -0.10357142857142865
v -0.5403932808891774 -0.13893971851690623 -0.10357142857142865
v 0.5411764705882351 -0.13300595433907014 -0.10357142857142865
v 0.5980283611952024 -0.0840899024113429 -0.11098053470764066
v 0.6088235294117648 -0.07352941176470584 -0.14201409717955363
v 0.6027601508282957 -0.07352941176470584 -0.1077329399594617
v 0.5818479319745551 -0.07352941176470584 -0.10357142857142865
v 0.6176688687794908 -0.07352941176470584 -0.14392913043395206
v -0.6088235294117647 -0.0611877788345203 -0.14134126705533018
v -0.6088235294117647 -0.007352941176470562 -0.12292665298634917
v -0.5942161844587783 -0.007352941176470562 -0.10357142857142865
v -0.5930559661595333 -0.05810462162665337 -0.10357142857142865
v 0.6088235294117648 -0.061187778834520534 -0.14134126705533034
v 0.6032825745975926 -0.012773440451204196 -0.10737438203084494
v 0.6088235294117648 -0.007352941176470562 -0.12292665298634925
v 0.6047846851857965 -0.007352941176470562 -0.10634343035384786
v 0.5942161844587784 -0.007352941176470562 -0.10357142857142865
v 0.5834291784687035 -0.032195241012073925 -0.10357142857142865
v 0.6179544440951447 -0.0645969952266168 -0.14373312998438836
v 0.6418167398095823 -0.007352941176470562 -0.1273555916213736
v -0.6088235294117647 0.03188275401841353 -0.12247273448231946
v -0.6088235294117647 0.05882352941176472 -0.1184600257463288
v -0.597253344957313 0.05882352941176472 -0.10357142857142865
v -0.596861101098184 0.004349434347684367 -0.10357142857142865
v 0.6088235294117648 0.031882754018413395 -0.12247273448231956
v 0.604935259247892 0.05501978686015016 -0.1062400860441487
v 0.6088235294117648 0.05882352941176472 -0.11846002574632886
v 0.605377863646676 0.05882352941176472 -0.10593631097541815
v 0.5972533449573131 0.05882352941176472 -0.10357142857142865
v 0.5946731156852818 0.044980733374988015 -0.10357142857142865
v 0.6420324476595384 0.02513404406591673 -0.12720754368708706
v 0.6483154779041586 0.05882352941176472 -0.12289527758751853
v -0.6088235294117647 0.10315297916554284 -0.11889902096639698
v -0.6088235294117647 0.125 -0.12040021681993462
v -0.5957511921400513 0.125 -0.10357142857142865
v -0.5961994815845194 0.07117314141667856 -0.10357142857142865
v 0.6088235294117648 0.10315297916554275 -0.11889902096639705
v 0.605234244169574 0.12148874269785694 -0.1060348821072179
v 0.6088235294117648 0.125 -0.1204002168199347
v 0.6050410624807283 0.125 -0.1061674695396245
v 0.5957511921400515 0.125 -0.10357142857142865
v 0.5968343246284509 0.11327143010327992 -0.10357142857142865
v 0.6480837209908821 0.09723023856524912 -0.12305434056215861
v 0.6457060624122403 0.125 -0.12468621182265494
v -0.6088235294117647 0.16562591492540873 -0.12149737397296725
v -0.6088235294117647 0.19117647058823528 -0.1313669790179265
v -0.5879369032717905 0.19117647058823528 -0.10357142857142865
v -0.5893653015753988 0.14403522288340134 -0.10357142857142865
v 0.6088235294117648 0.16562591492540865 -0.12149737397296732
v 0.6046640709682465 0.18710743515435874 -0.10642621216154521
v 0.6088235294117648 0.19117647058823528 -0.1313669790179266
v 0.6035790002637161 0.19117647058823528 -0.10717093460161108
v 0.5879369032717906 0.19117647058823528 -0.10357142857142865
v 0.5946537291079621 0.17731470942147187 -0.10357142857142865
v 0.6450728365116288 0.16046127868464974 -0.12512081717680135
v 0.6309706460233612 0.19117647058823528 -0.1347996497789975
v -0.6088235294117647 0.21568436355976858 -0.1328055735025116
v -0.575792882213173 0.25735294117647056 -0.12732989741960019
v -0.5589621465784284 0.25735294117647056 -0.10357142857142865
v -0.5607293035717259 0.23822516977957758 -0.10357142857142865
v 0.6088235294117648 0.21568436355976844 -0.1328055735025117
v 0.6029101323535123 0.25156809622818016 -0.10763000232880066
v 0.5995653170292236 0.25735294117647056 -0.10992566750478763
v 0.5589621465784286 0.25735294117647056 -0.10357142857142865
v 0.5860026564170027 0.23502817411637722 -0.10357142857142865
v 0.6301771272929072 0.21206585981978773 -0.13534426977722833
v -0.5411764705882353 0.3167931474650553 -0.10829750606419933
v -0.5411764705882353 0.27938449721460534 -0.10357142857142865
v -0.5411764705882353 0.32352941176470584 -0.1143476664204332
v -0.5297263565897952 0.32352941176470584 -0.10357142857142865
v 0.5391999092212616 0.32159581912310126 -0.10492801261522108
v 0.5411764705882351 0.2793844972146056 -0.10357142857142865
v 0.5411764705882351 0.3167931474650554 -0.1082975060641993
v 0.5411764705882351 0.32352941176470584 -0.11434766642043313
v 0.5378510800212086 0.32352941176470584 -0.10585376184879774
v 0.5297263565897952 0.32352941176470584 -0.10357142857142865
v 0.5361413283816066 0.3186037291712649 -0.10357142857142865
v 0.5984945685864579 0.31342499356603615 -0.11066056006954295
v 0.5868646863698725 0.32352941176470584 -0.11864255997595707
v 0.5573363337726084 0.2731615029872704 -0.10357142857142865
v -0.5411764705882353 0.3697374992384728 -0.11758099259776988
v -0.4975279913730697 0.3897058823529411 -0.12004250339580264
v -0.47989266114500095 0.3897058823529411 -0.10357142857142865
v -0.4822735272852983 0.3811518563001875 -0.10357142857142865
v 0.5411764705882351 0.3697374992384729 -0.11758099259776983
v 0.5365205005641132 0.38515112906847393 -0.10676698563767387
v 0.5307218113469662 0.3897058823529411 -0.11074683134261018
v 0.47989266114500095 0.3897058823529411 -0.10357142857142865
v 0.5259161362284499 0.37477729439228163 -0.10357142857142865
v 0.5852409021179512 0.36663592086986274 -0.11975702059606459
v -0.47352941176470575 0.4460879410305583 -0.11044306359443372
v -0.47352941176470575 0.3962242216677723 -0.10357142857142865
v -0.47352941176470575 0.4558823529411764 -0.13206907980333857
v -0.4298730021761049 0.4558823529411764 -0.10357142857142865
v 0.470216741759647 0.45264169750144506 -0.10584503127676398
v 0.47352941176470575 0.3962242216677723 -0.10357142857142865
v 0.47352941176470575 0.4460879410305583 -0.11044306359443372
v 0.47352941176470575 0.4558823529411764 -0.13206907980333857
v 0.46515525283935194 0.4558823529411764 -0.10931891031833299
v 0.42987300217610475 0.4558823529411764 -0.10357142857142865
v 0.46422413406219076 0.44677936388436823 -0.10357142857142865
v 0.5291257164424459 0.4440935717116 -0.1118422877832902
v 0.4962064291771445 0.4558823529411764 -0.13443596009891626
v 0.4789760643559709 0.3950341294530918 -0.10357142857142865
v -0.47352941176470575 0.4781125059600776 -0.13440360692959633
v -0.44795606370297425 0.4808997586537399 -0.13244810583340788
v -0.40588235294117647 0.47883043153142146 -0.10357142857142865
v -0.40588235294117647 0.5136152699670282 -0.10949531853106911
v -0.40588235294117647 0.5220588235294117 -0.13363287966037798
v -0.3383533457570083 0.5219433382300366 -0.10365245159099025
v -0.3382352941176471 0.5219238962772772 -0.10357142857142865
v -0.3382352941176471 0.5220158776160868 -0.10360155887887243
v -0.3382352941176471 0.5220588235294117 -0.10367697793823677
v -0.3396885264391335 0.5220588235294117 -0.10456883336350471
v -0.3397249337011114 0.5206015674151531 -0.10357142857142865
v -0.3379744333055221 0.5220588235294117 -0.10357142857142865
v 0.3382115954602457 0.5220356400602149 -0.10358769379902391
v 0.33823529411764697 0.5219238962772772 -0.10357142857142865
v 0.33823529411764697 0.5220158776160868 -0.10360155887887242
v 0.33823529411764697 0.5220588235294117 -0.10367697793823674
v 0.3381729762652406 0.5220588235294117 -0.10361419951981932
v 0.33797443330552207 0.5220588235294117 -0.10357142857142865
v 0.33818260135133466 0.5220072762580192 -0.10357142857142865
v 0.4023966238315893 0.518648871139598 -0.10596380786713916
v 0.4058823529411766 0.47883043153142124 -0.10357142857142865
v 0.4058823529411766 0.5136152699670282 -0.10949531853106913
v 0.4058823529411766 0.5220588235294117 -0.13363287966037807
v 0.3950517425303129 0.5220588235294117 -0.11100485994037543
v 0.396007677109971 0.5123988145641019 -0.10357142857142865
v 0.47352941176470575 0.4781125059600776 -0.13440360692959633
v 0.46341832125373017 0.512167539333892 -0.11051102795939637
v 0.42697617931068055 0.5220588235294117 -0.1355225601625454
v 0.42661076108186735 0.47616014351359137 -0.10357142857142865
v 0.49445094989873484 0.4763490750288136 -0.13564080767819744
v -0.40588235294117647 0.5421519395252601 -0.13590292496799214
v -0.3382352941176471 0.5767245258301941 -0.11164723743341938
v -0.3835480541085505 0.5439075941265458 -0.13467117999375675
v -0.2800090767523461 0.5790192535606843 -0.11003728559710724
v -0.2705882352941176 0.5739666397869041 -0.10357142857142865
v -0.2705882352941176 0.584168646987745 -0.10642453655780432
v -0.2705882352941176 0.588235294117647 -0.11734967315783199
v -0.21000025708159603 0.588235294117647 -0.10357142857142865
v 0.2681081379169288 0.5858091119008318 -0.10527360720608307
v 0.2705882352941176 0.5739666397869041 -0.10357142857142865
v 0.2705882352941176 0.584168646987745 -0.10642453655780432
v 0.2705882352941176 0.588235294117647 -0.11734967315783199
v 0.26171172157474065 0.588235294117647 -0.10966369419870287
v 0.21000025708159595 0.588235294117647 -0.10357142857142865
v 0.26409346809542705 0.5818817175102323 -0.10357142857142865
v 0.33823529411764697 0.5767245258301942 -0.11164723743341937
v 0.33292364616542863 0.5830391167730856 -0.10721700061316855
v 0.3142542468881123 0.588235294117647 -0.12003047030350056
v 0.32041148353432763 0.5707989576774433 -0.10357142857142865
v 0.4058823529411766 0.54215193952526 -0.13590292496799222
v 0.39287603030684665 0.5755117176275416 -0.11249812826766127
v 0.4250888185913782 0.5408477573176524 -0.1368179226438057
v -0.2705882352941176 0.6291791437345883 -0.1212743150306539
v -0.22756985465795898 0.6303184925660631 -0.1204749623584129
v -0.2029411764705883 0.5934689315359948 -0.10357142857142865
v -0.2029411764705883 0.6431576237704926 -0.11146719094197186
v -0.14616006718270871 0.6437820314644856 -0.11102911443285296
v -0.1352941176470588 0.6272362462456266 -0.10357142857142865
v -0.1352941176470588 0.6476788943165442 -0.10829512493982138
v -0.1352941176470588 0.6544117647058822 -0.13875218603232428
v -0.19724446377868693 0.5938081652292896 -0.10357142857142865
v -0.07411540579283116 0.6480840339750435 -0.1080108841000488
v -0.0676470588235294 0.6371080990031633 -0.10357142857142865
v -0.0676470588235294 0.6494723712565424 -0.10703684429302891
v -0.0676470588235294 0.6544117647058822 -0.12524239372809842
v -0.11803579526788326 0.6544117647058822 -0.13815500234224293
v -0.09430657785390972 0.628331800437032 -0.10357142857142865
v -0.0048417207046090455 0.6496752987991995 -0.10689447290595845
v 0 0.6396798439096656 -0.10357142857142865
v 0 0.6500343034949057 -0.10664259977024082
v 0 0.6544117647058822 -0.1219061289700003
v -0.030814128177129432 0.6544117647058822 -0.12472025567436529
v -0.017103373030210547 0.6376802041328502 -0.10357142857142865
v 0.0629794380242988 0.6498456139240263 -0.10677498197711176
v 0.0676470588235294 0.6371080990031633 -0.10357142857142865
v 0.0676470588235294 0.6494723712565424 -0.10703684429302891
v 0.0676470588235294 0.6544117647058822 -0.12524239372809842
v 0.040198179762174525 0.6544117647058822 -0.1224105660638492
v 0.05205127051995845 0.6391550152784758 -0.10357142857142865
v 0.1299136910022152 0.6491483038576658 -0.1072642058649393
v 0.1352941176470588 0.6272362462456266 -0.10357142857142865
v 0.1352941176470588 0.6476788943165442 -0.10829512493982138
v 0.1352941176470588 0.6544117647058822 -0.13875218603232428
v 0.10255776050515647 0.6544117647058822 -0.12603954946695786
v 0.1166918492895086 0.6362138934865397 -0.10357142857142865
v 0.19562424511713344 0.6472538970775025 -0.10859329760594275
v 0.2029411764705884 0.5934689315359947 -0.10357142857142865
v 0.2029411764705884 0.6431576237704926 -0.11146719094197186
v 0.15084814841458025 0.6544117647058822 -0.13932471801359558
v 0.174035721374282 0.6261346890681913 -0.10357142857142865
v 0.2705882352941176 0.6291791437345883 -0.1212743150306539
v 0.258363608186695 0.6424528903616645 -0.11196162295260997
v 0.2079393112557179 0.593124773798752 -0.10357142857142865
v 0.31127596292194787 0.628038505927481 -0.12207457203183081
v -0.1352941176470588 0.6679501690536321 -0.14050162742586442
v -0.12121888661915958 0.6681810124505663 -0.14033967062992014
v -0.0676470588235294 0.6853197677471514 -0.128315337548824
v 0 0.68954873299161 -0.12534834923445778
v -0.03592369771846058 0.6854454875260584 -0.1282271341483845
v 0.0676470588235294 0.6853197677471514 -0.128315337548824
v 0.035789212639919785 0.6894229509840648 -0.1254365962937197
v 0.1352941176470588 0.6679501690536321 -0.14050162742586442
v 0.09888347451137158 0.6849691278787715 -0.1285613420279096
v 0.14880060266405185 0.6676246304833755 -0.1407300211529334
v -0.0676470588235294 -0.47058823529411764 -0.08102617837344286
v 0 -0.47058823529411764 -0.07190401191947993
v -0.02900875388112411 -0.47058823529411764 -0.07705259194946722
v 0.0676470588235294 -0.47058823529411764 -0.08102617837344286
v 0.04080746393795081 -0.47058823529411764 -0.07556382133451206
v 0.09365423910901859 -0.47058823529411764 -0.08572177999039411
v -0.2705882352941176 -0.40441176470588236 -0.06867105194526729
v -0.2483972021214859 -0.44887961588610836 -0.08834093685977766
v -0.2029411764705883 -0.45009865292201023 -0.05714285714285716
v -0.2029411764705883 -0.45226163865527863 -0.09071372108830665
v -0.2623849937401363 -0.40441176470588236 -0.05714285714285716
v -0.24707451608403488 -0.4475856838929497 -0.05714285714285716
v -0.19441101149906134 -0.46224350869153696 -0.09771687435184027
v -0.1352941176470588 -0.46238344836476925 -0.05714285714285716
v -0.1352941176470588 -0.4682613147261881 -0.10193889064916695
v -0.19316350940022214 -0.4610231262035421 -0.05714285714285716
v -0.13373284192710438 -0.469060900350684 -0.10249986976984503
v -0.0676470588235294 -0.466800917038427 -0.05714285714285716
v -0.12960918224904602 -0.46502688544823556 -0.05714285714285716
v 0 -0.46817854768765815 -0.05714285714285716
v -0.06422266868573581 -0.46723828842018916 -0.05714285714285716
v 0.0676470588235294 -0.466800917038427 -0.05714285714285716
v 0.002790290177729607 -0.4678586035985126 -0.05714285714285716
v 0.1352941176470588 -0.46238344836476925 -0.05714285714285716
v 0.1352941176470588 -0.4682613147261881 -0.10193889064916695
v 0.07343932149747245 -0.46492189137395595 -0.05714285714285716
v 0.14126071250197325 -0.4647513490230057 -0.09947634328280724
v 0.2029411764705884 -0.45009865292201023 -0.05714285714285716
v 0.2029411764705884 -0.4522616386552786 -0.09071372108830662
v 0.1537672790419624 -0.4525166643643207 -0.05714285714285716
v 0.2705882352941176 -0.40441176470588236 -0.06867105194526729
v 0.2663169109136194 -0.40441176470588236 -0.06007441828599412
v 0.2623849937401363 -0.40441176470588236 -0.05714285714285716
v 0.30367429776048527 -0.40441176470588236 -0.08086329253084706
v -0.37470224791965584 -0.37390948805439483 -0.08217141860324212
v -0.3382352941176471 -0.37685427847642283 -0.05714285714285716
v -0.3382352941176471 -0.37949569828011587 -0.08609063276160515
v -0.3882580001900388 -0.3382352941176471 -0.09147521131055464
v -0.379755443618262 -0.3382352941176471 -0.05714285714285716
v -0.3734065478045215 -0.3726419553330677 -0.05714285714285716
v -0.2705882352941176 -0.40204653408092406 -0.05714285714285716
v -0.3321305512947185 -0.39843973368345226 -0.09938152744140627
v -0.3311379130750115 -0.397468674555478 -0.05714285714285716
v -0.26950969524148194 -0.4033566711761301 -0.05714285714285716
v 0.2705882352941176 -0.40204653408092406 -0.05714285714285716
v 0.33823529411764697 -0.3768542784764229 -0.05714285714285716
v 0.33823529411764697 -0.3794956982801159 -0.0860906327616052
v 0.28304233770599946 -0.39222840365078054 -0.05714285714285716
v 0.39209082318730787 -0.3382352941176471 -0.06660847228448755
v 0.3797554436182621 -0.3382352941176471 -0.05714285714285716
v -0.4485036588229908 -0.3137535792833607 -0.0863953683226118
v -0.40588235294117647 -0.317797646654583 -0.05714285714285716
v -0.40588235294117647 -0.32499212890845036 -0.09428019202783348
v -0.45732653578349886 -0.2720588235294118 -0.0924508211433332
v -0.45230285311510526 -0.2720588235294118 -0.05714285714285716
v -0.44722234517169773 -0.3125001202766609 -0.05714285714285716
v -0.40336393519196445 -0.3357716245803744 -0.10184294930877069
v -0.40151231776507285 -0.3339602597062414 -0.05714285714285716
v 0.4058823529411766 -0.31779764665458293 -0.05714285714285716
v 0.4058823529411766 -0.32499212890845025 -0.09428019202783341
v 0.4613713620953001 -0.2720588235294118 -0.0654873570712381
v 0.45230285311510526 -0.2720588235294118 -0.05714285714285716
v -0.49665154472154954 -0.2285018308337411 -0.07301239560081518
v -0.47352941176470575 -0.23322225790191883 -0.05714285714285716
v -0.47352941176470575 -0.2393313310487769 -0.08061023543422129
v -0.5006608637535072 -0.20588235294117652 -0.07576413319728295
v -0.4989466699193751 -0.20588235294117652 -0.05714285714285716
v -0.495565198004708 -0.2274391003498743 -0.05714285714285716
v -0.4700058016003315 -0.2686118135860022 -0.10115305016668731
v -0.46853137742879447 -0.26716944211384636 -0.05714285714285716
v 0.47352941176470575 -0.2393313310487769 -0.08061023543422129
v 0.47352941176470575 -0.23322225790191883 -0.05714285714285716
v 0.5198517923433561 -0.20588235294117652 -0.07177873879539837
v 0.49894666991937503 -0.20588235294117652 -0.05714285714285716
v -0.5311098172591697 -0.19603453990187325 -0.09666232799464763
v -0.5390140746477949 -0.13970588235294112 -0.10208729968062952
v -0.5326366505453951 -0.13970588235294112 -0.05714285714285716
v -0.5301608492351704 -0.19510620161752606 -0.05714285714285716
v 0.5239393589972866 -0.15656827412669513 -0.06897329708571315
v 0.535215527616814 -0.13970588235294112 -0.06123406334373937
v 0.532636650545395 -0.13970588235294112 -0.05714285714285716
v 0.503808875646637 -0.17626113827406975 -0.05714285714285716
v -0.5496615944059743 -0.08183007636901572 -0.06296649802397616
v -0.5411764705882353 -0.08545332041966647 -0.05714285714285716
v -0.5411764705882353 -0.10597053951670515 -0.07990314042283131
v -0.5506738026164321 -0.07352941176470584 -0.0636612123547562
v -0.5499638418077903 -0.07352941176470584 -0.05714285714285716
v -0.549134151864101 -0.08131409996935712 -0.05714285714285716
v -0.5401910677588392 -0.13874190132418407 -0.10289511172268163
v -0.5370670445949498 -0.13568579170733586 -0.05714285714285716
v 0.5411764705882351 -0.10597053951670657 -0.07990314042283231
v 0.5411764705882351 -0.08545332041966701 -0.05714285714285716
v 0.5803786374239104 -0.07352941176470584 -0.07666559356930377
v 0.5499638418077907 -0.07352941176470584 -0.05714285714285716
v -0.5812464018973563 -0.04655178702234992 -0.0846442696252043
v -0.582840382485033 -0.007352941176470562 -0.08573827493537992
v -0.5811735887983716 -0.007352941176470562 -0.05714285714285716
v -0.5797677500568907 -0.04510527978711175 -0.05714285714285716
v 0.5817756350282187 -0.033812837856026366 -0.07570678465454556
v 0.593002022512587 -0.007352941176470562 -0.06800171746806916
v 0.5811735887983717 -0.007352941176470562 -0.05714285714285716
v 0.5506374850140223 -0.06427407156556621 -0.05714285714285716
v -0.5888684140588057 0.01216836732098929 -0.08987552641924251
v -0.5894314674000384 0.05882352941176472 -0.09026196986151712
v -0.5878491522418898 0.05882352941176472 -0.05714285714285716
v -0.5873893774427682 0.01361525096711291 -0.05714285714285716
v 0.5933816322931088 0.04371732570873173 -0.0677411778360962
v 0.5961415282068656 0.05882352941176472 -0.06584696355988419
v 0.5878491522418899 0.05882352941176472 -0.05714285714285716
v 0.5816884062977127 0.03227830027845297 -0.05714285714285716
v -0.5867049121975346 0.08046130712133756 -0.08839063849582356
v -0.5860589557727277 0.125 -0.0879472957322138
v -0.584500222851167 0.125 -0.05714285714285716
v -0.5850099118830826 0.08211945960286672 -0.05714285714285716
v 0.5957992999757717 0.11225890598652863 -0.06608184691103869
v 0.5946464787493718 0.125 -0.0668730689328846
v 0.5845002228511671 0.125 -0.05714285714285716
v 0.5873704905394316 0.104013331537935 -0.05714285714285716
v -0.5679600334924862 0.16497515905146803 -0.07552536460198596
v -0.5663454215750223 0.19117647058823528 -0.07441719927975145
v -0.5649897434975624 0.19117647058823528 -0.05714285714285716
v -0.5663351947863026 0.1665646751770825 -0.05714285714285716
v 0.5936570965804355 0.17633974281845669 -0.06755211694324154
v 0.5866636077307381 0.19117647058823528 -0.07235199593635681
v 0.5649897434975626 0.19117647058823528 -0.05714285714285716
v 0.5831428374700656 0.1660540545583122 -0.05714285714285716
v -0.5411764705882353 0.243853022169791 -0.06661422889040063
v -0.5411764705882353 0.22479706111928022 -0.05714285714285716
v -0.5411764705882353 0.25735294117647056 -0.0843165350525656
v -0.5360760880543173 0.25735294117647056 -0.05714285714285716
v 0.5389368835195714 0.2551620407832125 -0.05867996503780965
v 0.5411764705882351 0.22479706111928066 -0.05714285714285716
v 0.5411764705882351 0.24385302216979113 -0.06661422889040053
v 0.5411764705882351 0.25735294117647056 -0.0843165350525653
v 0.5375503000007105 0.25735294117647056 -0.05963162639702783
v 0.5360760880543172 0.25735294117647056 -0.05714285714285716
v 0.5383925204946324 0.2546295117370765 -0.05714285714285716
v 0.5849456380986277 0.2339941344570974 -0.07353109931740152
v 0.5580707207506597 0.25735294117647056 -0.09197630656554107
v 0.5632740758249143 0.2127936931023779 -0.05714285714285716
v -0.5411764705882353 0.27647325817071533 -0.0901568569659426
v -0.5198599595263018 0.32352941176470584 -0.08894115234569169
v -0.5167512767509885 0.32352941176470584 -0.05714285714285716
v -0.5246201836039434 0.2735493088784952 -0.05714285714285716
v 0.5411764705882351 0.2764732581707156 -0.09015685696594242
v 0.5350953824084314 0.3175805211540282 -0.06131652325384055
v 0.5276360168542138 0.32352941176470584 -0.06643614992303952
v 0.5167512767509884 0.32352941176470584 -0.05714285714285716
v 0.5327544228523259 0.31529045202305545 -0.05714285714285716
v 0.5566774917983652 0.2725169836646413 -0.09293252892099775
v -0.47352941176470575 0.37904053540646404 -0.06462552912752839
v -0.47352941176470575 0.36968218233040206 -0.05714285714285716
v -0.47352941176470575 0.3897058823529411 -0.09725644112213014
v -0.46265469248010427 0.3897058823529411 -0.05714285714285716
v 0.4708191461751482 0.3870545355805478 -0.059003008370472766
v 0.47352941176470575 0.36968218233040206 -0.05714285714285716
v 0.47352941176470575 0.37904053540646404 -0.06462552912752839
v 0.47352941176470575 0.3897058823529411 -0.09725644112213014
v 0.46678740384337924 0.3897058823529411 -0.06177013587146948
v 0.46265469248010427 0.3897058823529411 -0.05714285714285716
v 0.47013470849010897 0.38638497697561813 -0.05714285714285716
v 0.5251238102289267 0.374002192871009 -0.06816036627145085
v 0.4795230271321006 0.3897058823529411 -0.09945779814846512
v 0.5132614900220823 0.36239774919040035 -0.05714285714285716
v -0.47352941176470575 0.3958114334838452 -0.09928785142879437
v -0.4619724653415849 0.40101159081034193 -0.09563948708226806
v -0.40588235294117647 0.4474336462214365 -0.05714285714285716
v -0.40588235294117647 0.4507217222838555 -0.06076349008021564
v -0.40588235294117647 0.4558823529411764 -0.07994336910162884
v -0.3965790415523666 0.4558823529411764 -0.05714285714285716
v 0.4040919285979372 0.4541308508662683 -0.05837168875731649
v 0.4058823529411766 0.4474336462214365 -0.05714285714285716
v 0.4058823529411766 0.4507217222838555 -0.060763490080215664
v 0.4058823529411766 0.4558823529411764 -0.07994336910162902
v 0.40043616271961124 0.4558823529411764 -0.06088077030734765
v 0.3965790415523667 0.4558823529411764 -0.05714285714285716
v 0.40366337133933133 0.45371161006980604 -0.05714285714285716
v 0.47352941176470575 0.3958114334838452 -0.09928785142879437
v 0.4636284182097993 0.4461965983765939 -0.06393825955165947
v 0.42876548394624414 0.4558823529411764 -0.08786592561453438
v 0.45805141573737074 0.4407408350883486 -0.05714285714285716
v 0.47872309202691327 0.39478665652249195 -0.10000682193183902
v -0.40588235294117647 0.47782533825504975 -0.08817650871629842
v -0.37851483823327736 0.4826549216771646 -0.08478813431538608
v -0.3382352941176471 0.5091128095566178 -0.05714285714285716
v -0.3382352941176471 0.51426243140691 -0.06261270685419967
v -0.33744723901977064 0.5220588235294117 -0.10303055845766873
v -0.30879724592302527 0.5220588235294117 -0.05714285714285716
v 0.3349554604130135 0.5188502905574877 -0.05939392313268326
v 0.33823529411764697 0.5091128095566179 -0.05714285714285716
v 0.33823529411764697 0.51426243140691 -0.06261270685419965
v 0.3245747068591483 0.5220588235294117 -0.06651860181406277
v 0.30879724592302527 0.5220588235294117 -0.05714285714285716
v 0.3339402931706478 0.5178571921682168 -0.05714285714285716
v 0.4058823529411766 0.4778253382550495 -0.08817650871629859
v 0.39542232571454783 0.511826188199014 -0.06432194415243775
v 0.3889792492597311 0.5055231786236498 -0.05714285714285716
v 0.42587486720325035 0.4754402473279878 -0.08984985822385622
v -0.2705882352941176 0.555185642464774 -0.05714285714285716
v -0.2705882352941176 0.5719031248761658 -0.06860129969005506
v -0.21655649177392813 0.5749159639295971 -0.06648753006844137
v -0.2029411764705883 0.5790410632283189 -0.05714285714285716
v -0.2029411764705883 0.5823639991201814 -0.06126208315695206
v -0.2029411764705883 0.588235294117647 -0.09833593682138195
v -0.23231010994224938 0.5595048157214567 -0.05714285714285716
v -0.13579016074901576 0.5877500345613847 -0.05748330908550465
v -0.1352941176470588 0.5878267763849768 -0.05714285714285716
v -0.1352941176470588 0.5879449260931364 -0.05734657566164078
v -0.1352941176470588 0.588235294117647 -0.05885334762405436
v -0.16058161137652913 0.588235294117647 -0.0744985593609098
v -0.13611225804209626 0.5874349393833712 -0.05714285714285716
v -0.13039617616193305 0.588235294117647 -0.05714285714285716
v 0.1350677827707244 0.5880138795647112 -0.05729819878158356
v 0.1352941176470588 0.5878267763849768 -0.05714285714285716
v 0.1352941176470588 0.5879449260931364 -0.05734657566164078
v 0.1352941176470588 0.588235294117647 -0.05885334762405436
v 0.13391434639678523 0.588235294117647 -0.058089843000964154
v 0.13039617616193305 0.588235294117647 -0.05714285714285716
v 0.1349957355792038 0.5879433986164845 -0.05714285714285716
v 0.19922757213754907 0.5846024203135868 -0.059691635272054955
v 0.2029411764705884 0.5790410632283189 -0.05714285714285716
v 0.2029411764705884 0.5823639991201813 -0.06126208315695207
v 0.2029411764705884 0.588235294117647 -0.09833593682138207
v 0.1802680693490736 0.588235294117647 -0.07270421327284089
v 0.1978221885369708 0.5832275885304123 -0.05714285714285716
v 0.2629865714828732 0.5807988838675165 -0.062360148143742314
v 0.2705882352941176 0.555185642464774 -0.05714285714285716
v 0.2705882352941176 0.5719031248761658 -0.06860129969005506
v 0.20896444199389322 0.588235294117647 -0.09943744819673805
v 0.25885663141494203 0.57675872510541 -0.05714285714285716
v 0.31967081905056977 0.5700743945955062 -0.06988431363299402
v 0.3020281058502279 0.55281521863865 -0.05714285714285716
v -0.2029411764705883 0.5932180998624094 -0.10007555533462707
v -0.1352941176470588 0.6262944304147278 -0.07686962183601638
v -0.19754239979187002 0.5935167060859583 -0.09986605700001021
v -0.09565808095391012 0.6270096778392055 -0.0763678133255098
v -0.0676470588235294 0.615333040541107 -0.05714285714285716
v -0.0676470588235294 0.6360268904184706 -0.07004145148418404
v -0.018571653276512216 0.6362438430223377 -0.06988924029226463
v 0 0.6218486290455115 -0.05714285714285716
v 0 0.6383594158043775 -0.06840498129280176
v -0.03967848438965384 0.6155958560638296 -0.05714285714285716
v 0.05103329931734603 0.638159173884616 -0.06854546848095197
v 0.0676470588235294 0.615333040541107 -0.05714285714285716
v 0.0676470588235294 0.6360268904184706 -0.07004145148418404
v 0.034082983853970045 0.6215773435400089 -0.05714285714285716
v 0.1352941176470588 0.6262944304147278 -0.07686962183601638
v 0.11589237416339598 0.6354317982544729 -0.07045896058971893
v 0.09462396416654727 0.6146257449966862 -0.05714285714285716
v 0.2029411764705884 0.5932180998624093 -0.10007555533462716
v 0.17315148041267436 0.6252696707361838 -0.0775885802136615
v 0.20771249634503794 0.5929028896469998 -0.10029670281908905
v -0.08168104285613934 -0.484317132717323 -0.020346305811201212
v -0.0676470588235294 -0.48604997514252063 -0.010714285714285676
v -0.0676470588235294 -0.48481964511541875 -0.02069886212859537
v -0.0676470588235294 -0.47058823529411764 -0.02872661788571505
v -0.08763515422819487 -0.47058823529411764 -0.024432823243574743
v -0.10065227547844696 -0.47058823529411764 -0.010714285714285676
v -0.08278617599903584 -0.4853982412266783 -0.010714285714285676
v -0.02334968368065799 -0.4934303171556309 -0.026740000290141033
v 0 -0.4953649991419777 -0.010714285714285676
v 0 -0.49368326472912744 -0.02691746509567354
v 0 -0.47058823529411764 -0.040078571797120946
v -0.03716935146674231 -0.47058823529411764 -0.03622492755947221
v -0.025009895719183134 -0.49505443762810114 -0.010714285714285676
v 0.052905861870740846 -0.4850089714435847 -0.020831691076292735
v 0.0676470588235294 -0.48604997514252063 -0.010714285714285676
v 0.0676470588235294 -0.48481964511541875 -0.02069886212859537
v 0.0676470588235294 -0.47058823529411764 -0.02872661788571505
v 0.035708954524652566 -0.47058823529411764 -0.03263453742252105
v 0.051597118468063106 -0.486289263902726 -0.010714285714285676
v 0.10065227547844696 -0.47058823529411764 -0.010714285714285676
v -0.2959364018203821 -0.4292088841337498 -0.028111629820821275
v -0.2705882352941176 -0.4334577279808243 -0.010714285714285676
v -0.2705882352941176 -0.4315215464825805 -0.029734164357619945
v -0.2705882352941176 -0.40441176470588236 -0.04452344282954483
v -0.30161385927455536 -0.40441176470588236 -0.03200826987477248
v -0.3039972493015267 -0.40441176470588236 -0.010714285714285676
v -0.29738309937853236 -0.43062413174498376 -0.010714285714285676
v -0.2570242355833378 -0.45731910514226787 -0.04783340392521016
v -0.2029411764705883 -0.4603016517206216 -0.010714285714285676
v -0.2029411764705883 -0.4590528340540518 -0.04904976611411253
v -0.2664618846656204 -0.40441176470588236 -0.05431079661832959
v -0.2582770976989148 -0.4585447311248976 -0.010714285714285676
v -0.19652592892761753 -0.46431244965425494 -0.05273984563044554
v -0.1352941176470588 -0.46812679948075386 -0.010714285714285676
v -0.1352941176470588 -0.46524909281291865 -0.05339698257668263
v -0.1972794407441691 -0.4650495807791423 -0.010714285714285676
v -0.0676470588235294 -0.46796620358467744 -0.05530327299115468
v -0.13132359216518502 -0.466704025583589 -0.05441774493324815
v -0.13348693197931555 -0.46882033627132536 -0.010714285714285676
v 0 -0.4688906169012749 -0.05595182963549765
v -0.06522402744078333 -0.46821787850664864 -0.05547984492053765
v 0.0676470588235294 -0.46796620358467744 -0.05530327299115468
v 0.0019217463175903518 -0.46870826607038796 -0.05582389460811347
v 0.07135951086371217 -0.4669564887330693 -0.054594869873042275
v 0.1352941176470588 -0.46812679948075386 -0.010714285714285676
v 0.1352941176470588 -0.46524909281291865 -0.05339698257668263
v 0.14545918751464304 -0.4606441452062635 -0.05016620981137854
v 0.2029411764705884 -0.4603016517206216 -0.010714285714285676
v 0.2029411764705884 -0.45905283405405173 -0.04904976611411251
v 0.1401797063344143 -0.4658088550564873 -0.010714285714285676
v 0.2400204627752269 -0.4343150204308842 -0.03169403020706478
v 0.2705882352941176 -0.4334577279808243 -0.010714285714285676
v 0.2705882352941176 -0.4315215464825805 -0.029734164357619945
v 0.2705882352941176 -0.40441176470588236 -0.04452344282954483
v 0.23771040813004074 -0.4365748564968272 -0.010714285714285676
v 0.30399724930152666 -0.40441176470588236 -0.010714285714285676
v -0.38799473606131324 -0.3869130090625379 -0.04486595238990755
v -0.3382352941176471 -0.39155189480526115 -0.010714285714285676
v -0.3382352941176471 -0.39002437881430674 -0.04704884989829139
v -0.39257107016693327 -0.3382352941176471 -0.048006852505876565
v -0.39647169652161135 -0.3382352941176471 -0.010714285714285676
v -0.3894110820940195 -0.3882985649640983 -0.010714285714285676
v -0.2705882352941176 -0.40281509638391283 -0.056022654923316616
v -0.33332979413269886 -0.39961290602495475 -0.05377603883020635
v -0.3339351416872192 -0.400205093850029 -0.010714285714285676
v -0.26975184460610674 -0.40359355642413264 -0.056568812602327996
v 0.2705882352941176 -0.40281509638391283 -0.056022654923316616
v 0.276051021907599 -0.3990677343231288 -0.05339355328702053
v 0.33823529411764697 -0.39155189480526115 -0.010714285714285676
v 0.33823529411764697 -0.39002437881430674 -0.04704884989829141
v 0.3860400660586127 -0.3382352941176471 -0.02433274969269132
v 0.3964716965216114 -0.3382352941176471 -0.010714285714285676
v -0.4585584415343845 -0.323589779761898 -0.046867750245649084
v -0.40588235294117647 -0.3305374545881152 -0.010714285714285676
v -0.40588235294117647 -0.3272259663127849 -0.049418852555953824
v -0.4620572238677054 -0.2720588235294118 -0.049269088430940765
v -0.4644741993394674 -0.2720588235294118 -0.010714285714285676
v -0.4598652804689664 -0.32486820915442377 -0.010714285714285676
v -0.40267837176473886 -0.3351009647059146 -0.05494385142859407
v -0.4037343251190688 -0.33613396255254174 -0.010714285714285676
v 0.4058823529411766 -0.32722596631278483 -0.04941885255595381
v 0.4058823529411766 -0.3305374545881151 -0.010714285714285676
v 0.4561386813781004 -0.2720588235294118 -0.022650159675278884
v 0.4644741993394674 -0.2720588235294118 -0.010714285714285676
v -0.5174926894420286 -0.2488899071907315 -0.040887839648100485
v -0.47352941176470575 -0.2575915618203317 -0.010714285714285676
v -0.47352941176470575 -0.2541965744803469 -0.04461093003224335
v -0.5207550646265429 -0.20588235294117652 -0.04312692323747203
v -0.5226463923895682 -0.20588235294117652 -0.010714285714285676
v -0.5191209866043031 -0.2504828065886086 -0.010714285714285676
v -0.46993112726774366 -0.26853876260847065 -0.05467322709991114
v -0.4707706856859739 -0.2693600697567393 -0.010714285714285676
v 0.47352941176470575 -0.2541965744803469 -0.04461093003224335
v 0.47352941176470575 -0.2575915618203317 -0.010714285714285676
v 0.5011457146645154 -0.20588235294117652 -0.03818881074267725
v 0.5226463923895682 -0.20588235294117652 -0.010714285714285676
v -0.5340687962601589 -0.1989291932724062 -0.05226460861333895
v -0.5357504273718185 -0.13970588235294112 -0.0534187715812792
v -0.5394519172717789 -0.13970588235294112 -0.010714285714285676
v -0.5348911807077635 -0.19973369979723682 -0.010714285714285676
v 0.5228993948576717 -0.15758563035023151 -0.023258489864765593
v 0.5383663353858421 -0.13970588235294112 -0.012642980992946702
v 0.5394519172717788 -0.13970588235294112 -0.010714285714285676
v 0.5352313598855863 -0.14552175151857583 -0.010714285714285676
v -0.5795747987264926 -0.11109299363908806 -0.037068417759487216
v -0.5411764705882353 -0.1316500087451414 -0.010714285714285676
v -0.5411764705882353 -0.11879231179980335 -0.04247016161192555
v -0.5814375381801681 -0.07352941176470584 -0.038346881794463245
v -0.5834972242915216 -0.07352941176470584 -0.010714285714285676
v -0.5814035997181113 -0.11288203808741068 -0.010714285714285676
v -0.5381963719125837 -0.1367905684311081 -0.05509750991515844
v -0.5402540453784824 -0.13880350986513945 -0.010714285714285676
v 0.5411764705882351 -0.11879231179980351 -0.042470161611925676
v 0.5411764705882351 -0.13165000874514168 -0.010714285714285676
v 0.5509903907386484 -0.07352941176470584 -0.05040721629428161
v 0.5834972242915218 -0.07352941176470584 -0.010714285714285676
v -0.5930601235441355 -0.05810868863332953 -0.04632387361258996
v -0.5940687174759628 -0.007352941176470562 -0.047016107335986934
v -0.5955862902999499 -0.007352941176470562 -0.010714285714285676
v -0.5945554623583749 -0.059571520082041925 -0.010714285714285676
v 0.5518067171623731 -0.06313025750739704 -0.049846942568681774
v 0.5833794377185831 -0.007352941176470562 -0.02817746665898483
v 0.59558629029995 -0.007352941176470562 -0.010714285714285676
v 0.5849699611294518 -0.030687953626559315 -0.010714285714285676
v -0.5967388214430857 0.00446905574941104 -0.0488486942202545
v -0.5970491428289185 0.05882352941176472 -0.04906167877388515
v -0.5983453378458107 0.05882352941176472 -0.010714285714285676
v -0.5980377686650883 0.003198346510495406 -0.010714285714285676
v 0.5839219500205681 0.03446328870298553 -0.027805121259175225
v 0.5898135481215347 0.05882352941176472 -0.02376150889795281
v 0.5983453378458108 0.05882352941176472 -0.010714285714285676
v 0.5959479367669809 0.046227840954911 -0.010714285714285676
v -0.5958467764032461 0.07151817909401113 -0.048236452127693785
v -0.5954985224503757 0.125 -0.04799743311035105
v -0.5969044768889279 0.125 -0.010714285714285676
v -0.5972479122052056 0.07014750276600736 -0.010714285714285676
v 0.5893262405094427 0.10592656520425028 -0.02409596536463709
v 0.5865917065540514 0.125 -0.02597277283091501
v 0.596904476888928 0.125 -0.010714285714285676
v 0.5980281932955515 0.11443934510370439 -0.010714285714285676
v -0.5884755784062778 0.14490560424449797 -0.04317733797449508
v -0.5872294645261689 0.19117647058823528 -0.042322085901501036
v -0.5890705654630715 0.19117647058823528 -0.010714285714285676
v -0.5903708273621067 0.14305155635292627 -0.010714285714285676
v 0.5851532800120023 0.16802079182759816 -0.0269600158923835
v 0.5670051991035288 0.19117647058823528 -0.03941568632956559
v 0.5890705654630716 0.19117647058823528 -0.010714285714285676
v 0.5959440720222847 0.17857700140287439 -0.010714285714285676
v -0.556114990471104 0.24273917172583803 -0.020967120789173906
v -0.5411764705882353 0.25735294117647056 -0.026970067168295843
v -0.5548394201170505 0.25735294117647056 -0.020091651695242733
v -0.5560894323989253 0.25735294117647056 -0.010714285714285676
v -0.5576618117741979 0.24122597697281137 -0.010714285714285676
v -0.537798838040844 0.25735294117647056 -0.05482466834480294
v 0.5411764705882351 0.25735294117647056 -0.026970067168296245
v 0.5649558518453697 0.21443890877456243 -0.040822225907370474
v 0.5560894323989255 0.25735294117647056 -0.010714285714285676
v 0.587197152019083 0.2361967024227602 -0.010714285714285676
v -0.5411764705882353 0.274938140306747 -0.010714285714285676
v -0.5328615898923822 0.26548706359632684 -0.0514360601435294
v -0.5278911239183537 0.32352941176470584 -0.048024653372534684
v -0.529499613669613 0.32352941176470584 -0.010714285714285676
v 0.5411764705882351 0.27493814030674746 -0.010714285714285676
v 0.5338534196314842 0.31636555756788437 -0.015740354849198536
v 0.5191623182354909 0.32352941176470584 -0.025823377857007702
v 0.529499613669613 0.32352941176470584 -0.010714285714285676
v 0.5362680012428822 0.3187276482746867 -0.010714285714285676
v 0.5545220768200592 0.27040842553368966 -0.010714285714285676
v -0.47352941176470575 0.3876143410363716 -0.012181684542736021
v -0.47352941176470575 0.38878485499434123 -0.010714285714285676
v -0.4669607812074704 0.3897058823529411 -0.05263457343742543
v -0.4729865358657918 0.3897058823529411 -0.010714285714285676
v 0.473261616427947 0.38944390865393796 -0.010898083134856129
v 0.47352941176470575 0.38878485499434123 -0.010714285714285676
v 0.47352941176470575 0.3876143410363716 -0.012181684542736021
v 0.4725685057492486 0.3897058823529411 -0.011373789532347876
v 0.47298653586579187 0.3897058823529411 -0.010714285714285676
v 0.4733316335927309 0.38951240370644397 -0.010714285714285676
v 0.5150022251246311 0.36410064222550237 -0.028678597041790346
v 0.5266720854667097 0.37551680995144887 -0.010714285714285676
v -0.42778764200733 0.4344532658112436 -0.02574866112925444
v -0.40588235294117647 0.4558823529411764 -0.028602606436232147
v -0.42185820968889515 0.4558823529411764 -0.021679081805111258
v -0.4233147833678024 0.4558823529411764 -0.010714285714285676
v -0.4643458207841338 0.3986898300513268 -0.010714285714285676
v -0.4004544833160868 0.4558823529411764 -0.05341751805234531
v 0.4058823529411766 0.4558823529411764 -0.028602606436232112
v 0.45939066663904204 0.4420509718399836 -0.02041820705829714
v 0.4233147833678025 0.4558823529411764 -0.010714285714285676
v 0.4647902664373366 0.44733318903396746 -0.010714285714285676
v -0.40588235294117647 0.4724888796241448 -0.010714285714285676
v -0.3382352941176471 0.5174493101167407 -0.013948261791112013
v -0.3382352941176471 0.5194548389312243 -0.010714285714285676
v -0.36720747999412484 0.4937164677806834 -0.010714285714285676
v -0.32364697297544087 0.5220588235294117 -0.047130375862026175
v -0.33295640080586547 0.5220588235294117 -0.010714285714285676
v 0.3368523256098488 0.5207059195543917 -0.011663465963426649
v 0.33823529411764697 0.5194548389312243 -0.010714285714285676
v 0.33823529411764697 0.5174493101167407 -0.013948261791111985
v 0.32526674474174727 0.5220588235294117 -0.01961506028594355
v 0.3329564008058654 0.5220588235294117 -0.010714285714285676
v 0.337229934704937 0.5210753197561084 -0.010714285714285676
v 0.4058823529411766 0.47248887962414476 -0.010714285714285676
v 0.39033848861783604 0.5068528693000569 -0.021382590110118754
v 0.39639061150165705 0.5127734242950991 -0.010714285714285676
v 0.42033947762406115 0.47002519230486783 -0.010714285714285676
v -0.2705882352941176 0.5723704183808602 -0.010714285714285676
v -0.2705882352941176 0.5571915056872258 -0.03249421347023202
v -0.21348424117376716 0.5779214264732329 -0.017950364283858766
v -0.2029411764705883 0.5867154905120378 -0.010714285714285676
v -0.2029411764705883 0.585761867959683 -0.012449610098127083
v -0.207122781032543 0.5841445940026913 -0.010714285714285676
v -0.1352941176470588 0.588235294117647 -0.05493268448977511
v -0.1760755060346234 0.588235294117647 -0.03870399637780051
v -0.19368477999651695 0.588235294117647 -0.010714285714285676
v -0.13371579647386728 0.588235294117647 -0.05605959944324435
v 0.1352941176470588 0.588235294117647 -0.05493268448977511
v 0.2016342584820316 0.5869567873897109 -0.011611269799599519
v 0.2029411764705884 0.5867154905120378 -0.010714285714285676
v 0.2029411764705884 0.585761867959683 -0.012449610098127104
v 0.19368477999651695 0.588235294117647 -0.010714285714285676
v 0.20202519673032995 0.5873392269804376 -0.010714285714285676
v 0.2599876347397049 0.5778651414013736 -0.017989853175544128
v 0.2705882352941176 0.5723704183808602 -0.010714285714285676
v 0.2705882352941176 0.5571915056872258 -0.03249421347023202
v 0.26374773870805535 0.5815435039791078 -0.010714285714285676
v 0.30353577257883524 0.554290110003592 -0.034529795838749676
v 0.31975597534455485 0.5701576996657091 -0.010714285714285676
v -0.1352941176470588 0.6234832721933595 -0.010714285714285676
v -0.0676470588235294 0.6356103165339592 -0.010714285714285676
v -0.0676470588235294 0.6170486784267409 -0.036927752595841974
v -0.09833575398640756 0.6243902150900231 -0.010714285714285676
v -0.03786299284366393 0.617371880402298 -0.036700998193943256
v 0 0.6383228364338461 -0.010714285714285676
v 0 0.6236601123585133 -0.03228925450402714
v -0.018947420464111048 0.6358762446866432 -0.010714285714285676
v 0.03587791390036623 0.6233332533680053 -0.0325185746211772
v 0.0676470588235294 0.6356103165339592 -0.010714285714285676
v 0.0676470588235294 0.6170486784267409 -0.036927752595841974
v 0.05095234188305183 0.6380799763945455 -0.010714285714285676
v 0.1352941176470588 0.6234832721933595 -0.010714285714285676
v 0.09618682559186352 0.616154631173626 -0.03755500479564644
v 0.11530686833521675 0.6348590208138629 -0.010714285714285676
v 0.16998860541050617 0.6221755538862367 -0.010714285714285676
v -0.0676470588235294 -0.47058823529411764 -0.0006122979706442606
v 0 -0.47058823529411764 0.0057050049169214585
v -0.05266902681161423 -0.47058823529411764 -0.00043433206635632923
v 0.0676470588235294 -0.47058823529411764 -0.0006122979706442606
v 0.023578298322800766 -0.47058823529411764 0.005468335184282535
v 0.0817051184555992 -0.47058823529411764 -0.0010657416810949134
v -0.2705882352941176 -0.40441176470588236 0.008092491081376
v -0.2029411764705883 -0.40441176470588236 0.027816622414123075
v -0.23952503948787568 -0.40441176470588236 0.010605485320433147
v -0.1352941176470588 -0.40441176470588236 0.03275387447467217
v -0.1434572628636882 -0.40441176470588236 0.030111630146350613
v -0.0676470588235294 -0.4179060878577695 0.026246839947406155
v -0.0676470588235294 -0.40441176470588236 0.03540534944541219
v -0.06827887311207356 -0.40441176470588236 0.03528064919947744
v 0 -0.41309139158216074 0.0357142857142857
v -0.045629274618911406 -0.40441176470588236 0.0357142857142857
v -0.008701444756943157 -0.4129240476202833 0.0357142857142857
v 0.059699092411559386 -0.4121869492393313 0.03025931497811995
v 0.0676470588235294 -0.4179060878577695 0.026246839947406155
v 0.0676470588235294 -0.40441176470588236 0.03540534944541219
v 0.06724147591276312 -0.40441176470588236 0.03543591980348028
v 0.045629274618911406 -0.40441176470588236 0.0357142857142857
v 0.09138000044836456 -0.4473712271828658 0.00557447235741795
v 0.1352941176470588 -0.40441176470588236 0.03275387447467217
v 0.13217181940354353 -0.40441176470588236 0.03357134188876746
v 0.2029411764705884 -0.40441176470588236 0.02781662241412306
v 0.1966953586049449 -0.40441176470588236 0.03142755978786578
v 0.2705882352941176 -0.40441176470588236 0.008092491081376
v 0.2568168866984206 -0.40441176470588236 0.02626252161599678
v 0.29539691997131273 -0.40441176470588236 0.006312792899565656
v -0.3382352941176471 -0.3382352941176471 0.025203207810636695
v -0.2705882352941176 -0.35387054015277614 0.024744795638845962
v -0.2705882352941176 -0.3382352941176471 0.0347820020715098
v -0.27517930737137836 -0.3382352941176471 0.0325632704066005
v -0.2029411764705883 -0.38656661058614933 0.0357142857142857
v -0.26460749138989315 -0.3382352941176471 0.0357142857142857
v -0.24926039111129936 -0.3835475693096471 0.0357142857142857
v -0.1352941176470588 -0.39877930585051613 0.0357142857142857
v -0.19468835375359878 -0.3963383511783926 0.0357142857142857
v -0.0676470588235294 -0.4038690176759338 0.0357142857142857
v -0.1314809435354524 -0.40068148568365874 0.0357142857142857
v -0.06716191421896084 -0.4039371667231523 0.0357142857142857
v 0.0676470588235294 -0.4038690176759338 0.0357142857142857
v 0.1352941176470588 -0.39877930585051613 0.0357142857142857
v 0.06850716782744526 -0.40357035372379074 0.0357142857142857
v 0.2029411764705884 -0.38656661058614933 0.0357142857142857
v 0.14870232658139304 -0.39129503857446846 0.0357142857142857
v 0.2671321922011287 -0.3416162058390492 0.033342280982762276
v 0.2705882352941176 -0.35387054015277614 0.024744795638845962
v 0.2705882352941176 -0.3382352941176471 0.0347820020715098
v 0.26989355736068865 -0.3382352941176471 0.0352375036543857
v 0.26460749138989315 -0.3382352941176471 0.0357142857142857
v 0.3007419865136836 -0.37491352981717646 0.009981301302869876
v 0.33823529411764697 -0.3382352941176471 0.025203207810636716
v 0.3330877268089186 -0.3382352941176471 0.03218132802723925
v 0.3870536384092139 -0.3382352941176471 0.022791472324336225
v -0.40588235294117647 -0.2720588235294118 0.027131929148472282
v -0.37490757902351696 -0.3079338848503715 0.010544798247834646
v -0.3382352941176471 -0.2982193703846604 0.0357142857142857
v -0.36578936611002916 -0.2720588235294118 0.0357142857142857
v -0.3606649701461919 -0.29400089790516215 0.0357142857142857
v -0.2705882352941176 -0.33595381450955075 0.0357142857142857
v -0.3297452580538086 -0.3299298240551964 0.0357142857142857
v -0.26969819490305513 -0.3373646024307381 0.0357142857142857
v 0.2705882352941176 -0.33595381450955075 0.0357142857142857
v 0.33823529411764697 -0.2982193703846605 0.0357142857142857
v 0.2892358638820759 -0.3199930487598618 0.0357142857142857
v 0.391151536339641 -0.28646940498743567 0.02560400475484674
v 0.4058823529411766 -0.2720588235294118 0.02713192914847227
v 0.4022649361638748 -0.2720588235294118 0.03323152450998855
v 0.3657893661100292 -0.2720588235294118 0.0357142857142857
v 0.4572312372550439 -0.2720588235294118 0.024528271532188534
v -0.47352941176470575 -0.20588235294117652 0.02118100254604533
v -0.4276789310660053 -0.22720509241111778 0.020754522467120583
v -0.40588235294117647 -0.22207594077097909 0.0357142857142857
v -0.42116672465184013 -0.20588235294117652 0.0357142857142857
v -0.41859752992315635 -0.21832111303224383 0.0357142857142857
v -0.3987871873809023 -0.26511790069870883 0.0357142857142857
v 0.4058823529411766 -0.22207594077097892 0.0357142857142857
v 0.4599265749627117 -0.219189475899649 0.026378177225960565
v 0.47352941176470575 -0.20588235294117652 0.02118100254604533
v 0.46914880561185707 -0.20588235294117652 0.03270772062180259
v 0.4211667246518401 -0.20588235294117652 0.0357142857142857
v 0.5154956867378357 -0.20588235294117652 0.018088654562303554
v -0.47352941176470575 -0.15512106758612612 0.024899187503067043
v -0.47352941176470575 -0.13970588235294112 0.0321777755884226
v -0.4648829831411751 -0.13970588235294112 0.0357142857142857
v -0.4613358607293796 -0.19395387910227047 0.0357142857142857
v 0.47054543092010315 -0.142624994048748 0.033666274016592626
v 0.47352941176470575 -0.15512106758612612 0.024899187503067043
v 0.47352941176470575 -0.13970588235294112 0.0321777755884226
v 0.4720202120812056 -0.13970588235294112 0.03467846854020641
v 0.4648829831411751 -0.13970588235294112 0.0357142857142857
v 0.4264860475636281 -0.18572656472356078 0.0357142857142857
v 0.5172940689152895 -0.16306910138082276 0.019322947920121167
v 0.5324471160084969 -0.13970588235294112 0.02972302061452748
v -0.5411764705882353 -0.07352941176470584 0.016793220166205925
v -0.5197868895886475 -0.11878129224464873 0.003966140996611517
v -0.47352941176470575 -0.10045900202801297 0.0357142857142857
v -0.49406129176577956 -0.07352941176470584 0.0357142857142857
v -0.4922222863401321 -0.09181591950153593 0.0357142857142857
v -0.46965567196875385 -0.1359163542916838 0.0357142857142857
v 0.47352941176470575 -0.10045900202801297 0.0357142857142857
v 0.5334033953272199 -0.08113350712874245 0.03037934896681875
v 0.5411764705882351 -0.07352941176470584 0.016793220166206047
v 0.5368334847068519 -0.07352941176470584 0.03273354074600716
v 0.4940612917657795 -0.07352941176470584 0.0357142857142857
v 0.5765464111174434 -0.07352941176470584 0.013561356698618021
v -0.5411764705882353 -0.03263484366645641 0.017976823967343267
v -0.5411764705882353 -0.007352941176470562 0.025667910906161787
v -0.5193015530027743 -0.007352941176470562 0.0357142857142857
v -0.517693087664574 -0.05055653716547208 0.0357142857142857
v 0.5411764705882351 -0.032634843666456234 0.017976823967343385
v 0.5372475811736944 -0.011196419951564784 0.03301774981175928
v 0.5411764705882351 -0.007352941176470562 0.025667910906161842
v 0.5383155535878524 -0.007352941176470562 0.03375073708979943
v 0.5193015530027741 -0.007352941176470562 0.0357142857142857
v 0.4956186610983777 -0.051920363503504985 0.0357142857142857
v 0.5771309854066604 -0.03835651683363777 0.013962570729416028
v 0.589713757601152 -0.007352941176470562 0.022598572763523526
v -0.5411764705882353 0.04494878820974685 0.025979943474139837
v -0.5411764705882353 0.05882352941176472 0.02775708386517499
v -0.5246248730519136 0.05882352941176472 0.0357142857142857
v -0.5241185381126504 0.009334166680079827 0.0357142857142857
v 0.5411764705882351 0.044948788209746925 0.025979943474139892
v 0.538423408259454 0.05613031626404401 0.03382476156937688
v 0.5411764705882351 0.05882352941176472 0.027757083865175024
v 0.5387287667504596 0.05882352941176472 0.034034339912582576
v 0.5246248730519135 0.05882352941176472 0.0357142857142857
v 0.5198907102138858 0.03800050295859686 0.0357142857142857
v 0.5898839842537661 0.040295713496331334 0.02271540534187054
v 0.59308605543295 0.05882352941176472 0.024913100157397366
v -0.5411764705882353 0.11323950386352893 0.027463270964571088
v -0.5411764705882353 0.125 0.02662481197174027
v -0.5216678700778813 0.125 0.0357142857142857
v -0.5222719529675262 0.0773170792581105 0.0357142857142857
v 0.5411764705882351 0.11323950386352899 0.02746327096457113
v 0.5386230032393544 0.1225020428108775 0.033961750670488636
v 0.5411764705882351 0.125 0.02662481197174031
v 0.5384632170704 0.125 0.03385208376570937
v 0.5216678700778812 0.125 0.0357142857142857
v 0.5240695887028778 0.10826500685128085 0.0357142857142857
v 0.5929305421829649 0.10945251249356541 0.024806365908183983
v 0.5914384616314914 0.125 0.02378229820049567
v -0.5411764705882353 0.17705347237227514 0.02580576950562795
v -0.5411764705882353 0.19117647058823528 0.020744966504508848
v -0.5050832312626033 0.19117647058823528 0.0357142857142857
v -0.5069140391439099 0.1585175959781444 0.0357142857142857
v 0.5411764705882351 0.1770534723722752 0.025805769505627997
v 0.5381662262837248 0.18823166637730127 0.03364824847423359
v 0.5411764705882351 0.19117647058823528 0.020744966504508924
v 0.537322904066313 0.19117647058823528 0.033069446579674575
v 0.5050832312626033 0.19117647058823528 0.0357142857142857
v 0.5201283862481478 0.17058595329901946 0.0357142857142857
v 0.5909830530688852 0.17372383068759234 0.023469735180818754
v 0.5827236794245612 0.19117647058823528 0.017801034636111903
v -0.5411764705882353 0.23408061830647603 0.019386719510257812
v -0.5411764705882353 0.25735294117647056 -0.0015777972237308972
v -0.4851575293934375 0.24597760871358088 0.0277334969069885
v -0.47352941176470575 0.23532374377780718 0.0357142857142857
v -0.47352941176470575 0.2556538574631817 0.034522230156708425
v -0.47352941176470575 0.25735294117647056 0.03374792664894123
v -0.5147721092783188 0.25735294117647056 0.007407962265501614
v -0.4689134325037564 0.25735294117647056 0.0357142857142857
v 0.4728974452422053 0.25673471305663315 0.03528054471592358
v 0.47352941176470575 0.23532374377780718 0.0357142857142857
v 0.47352941176470575 0.2556538574631817 0.034522230156708425
v 0.47352941176470575 0.25735294117647056 0.03374792664894123
v 0.4726272655649304 0.25735294117647056 0.035095110838042363
v 0.4689134325037564 0.25735294117647056 0.0357142857142857
v 0.4711851663990407 0.2550596576665808 0.0357142857142857
v 0.5411764705882351 0.23408061830647614 0.019386719510257885
v 0.5368183326352735 0.25308954535292105 0.03272314134284305
v 0.5411764705882351 0.25735294117647056 -0.0015777972237306735
v 0.534168527741141 0.25735294117647056 0.030904486431031615
v 0.5028907597579463 0.21989952840770968 0.0357142857142857
v 0.5819400035055171 0.23105383974644572 0.017263170107823845
v 0.5525216551546475 0.25735294117647056 -0.0029276838845430954
v -0.5411764705882353 0.26924678086153486 -0.0023697188241294537
v -0.5259311222798944 0.27226686886941276 -0.00025086342812622765
v -0.47352941176470575 0.31766022116027187 0.03159653611561933
v -0.47352941176470575 0.32352941176470584 0.026147910138857804
v -0.4430839099328332 0.32352941176470584 0.0357142857142857
v -0.4551914102746426 0.2752922904602281 0.0357142857142857
v 0.47352941176470575 0.31766022116027187 0.03159653611561933
v 0.4715754537252905 0.3216179310739735 0.0343732151344386
v 0.47352941176470575 0.32352941176470584 0.026147910138857804
v 0.47006878540050634 0.32352941176470584 0.033339135321465596
v 0.4430839099328332 0.32352941176470584 0.0357142857142857
v 0.4641407377588905 0.3143448393677126 0.0357142857142857
v 0.5411764705882351 0.2692467808615352 -0.002369718824129244
v 0.5334352677677785 0.3159564959620852 0.03040122415117725
v 0.523840129785106 0.32352941176470584 0.023815741250026265
v 0.5520528252610849 0.26799285335643225 -0.0032494584388204966
v -0.47352941176470575 0.37349068204155045 0.02433790708311956
v -0.4184765707764759 0.3773854518618873 0.027070428131673353
v -0.40588235294117647 0.3619724002236765 0.0357142857142857
v -0.40588235294117647 0.38670343599447576 0.03360780747548936
v -0.40588235294117647 0.3897058823529411 0.030332068338639946
v -0.38534127825000997 0.3897058823529411 0.0357142857142857
v 0.40455832009174314 0.3884106328263215 0.034805555094022375
v 0.4058823529411766 0.36197240022367644 0.0357142857142857
v 0.4058823529411766 0.38670343599447576 0.03360780747548935
v 0.4058823529411766 0.3897058823529411 0.030332068338639932
v 0.40321754198327614 0.3897058823529411 0.033885331609639746
v 0.38534127825001 0.3897058823529411 0.0357142857142857
v 0.40072825963999625 0.3846638345583082 0.0357142857142857
v 0.47352941176470575 0.37349068204155045 0.02433790708311956
v 0.4692562944698616 0.3855256589123327 0.03278149403055726
v 0.46291888099594447 0.3897058823529411 0.028431902795353264
v 0.439313196226076 0.35623349758689016 0.0357142857142857
v 0.5226289137024882 0.37156153322558005 0.022984440770962532
v -0.40588235294117647 0.445576993638502 0.0284841764892348
v -0.40588235294117647 0.4558823529411764 -0.0005801406510697014
v -0.3465003480569608 0.44779697408749997 0.030041686582023816
v -0.3382352941176471 0.43494356235985865 0.0357142857142857
v -0.3382352941176471 0.45312193360967423 0.03377761056424767
v -0.3382352941176471 0.4558823529411764 0.02973684422158815
v -0.3876117743416897 0.4558823529411764 0.0018254592251136393
v -0.3031757404996598 0.4558823529411764 0.0357142857142857
v 0.3367956002003772 0.4544739567177603 0.03472617280833346
v 0.33823529411764697 0.4349435623598587 0.0357142857142857
v 0.33823529411764697 0.45312193360967423 0.03377761056424767
v 0.33823529411764697 0.4558823529411764 0.029736844221588163
v 0.33474369506633517 0.4558823529411764 0.033317877669751826
v 0.3031757404996598 0.4558823529411764 0.0357142857142857
v 0.3325238718935942 0.45029509206982044 0.0357142857142857
v 0.4058823529411766 0.445576993638502 0.028484176489234785
v 0.40219297164454204 0.45227317558577307 0.03318213271255828
v 0.4058823529411766 0.4558823529411764 -0.0005801406510697223
v 0.3948046246564415 0.4558823529411764 0.028111248599607327
v 0.380163832325393 0.43072293059964906 0.0357142857142857
v 0.4616829404428351 0.44429341360456376 0.02758363303685272
v 0.4190890392121534 0.4558823529411764 -0.0016500693606027947
v -0.40588235294117647 0.46866485858078283 -0.0017462420750697354
v -0.39167708536555523 0.4697788103521102 -0.0009647076577257632
v -0.3382352941176471 0.510768396617467 0.027793065563365804
v -0.2807643853467483 0.512103894130099 0.02873003365952985
v -0.2705882352941176 0.4847910087528235 0.0357142857142857
v -0.2705882352941176 0.5180073948243136 0.03287185478150257
v -0.2705882352941176 0.5220588235294117 0.02327724914323124
v -0.20573333890738277 0.5193273602760258 0.033797925780957805
v -0.2029411764705883 0.5137444423504665 0.0357142857142857
v -0.2029411764705883 0.5205139749952279 0.0346304395998266
v -0.2029411764705883 0.5220588235294117 0.03203081302493519
v -0.2161021531857387 0.5220588235294117 0.02668144144705513
v -0.2340432841118314 0.4916328486629782 0.0357142857142857
v -0.15464095528888092 0.5220588235294117 0.0357142857142857
v 0.2018327916558566 0.5209745340367393 0.0349535619749822
v 0.2029411764705884 0.5137444423504665 0.0357142857142857
v 0.2029411764705884 0.5205139749952279 0.0346304395998266
v 0.2029411764705884 0.5220588235294117 0.03203081302493519
v 0.19970015951875253 0.5220588235294117 0.03348986103616231
v 0.15464095528888092 0.5220588235294117 0.0357142857142857
v 0.19858542653687988 0.5177977638116533 0.0357142857142857
v 0.26822456375650766 0.5197465361556628 0.03409201425524286
v 0.2705882352941176 0.4847910087528235 0.0357142857142857
v 0.2705882352941176 0.5180073948243136 0.03287185478150257
v 0.2705882352941176 0.5220588235294117 0.02327724914323124
v 0.26277769555239283 0.5220588235294117 0.030353635767325533
v 0.25849612351730866 0.5102295837477507 0.0357142857142857
v 0.33823529411764697 0.510768396617467 0.027793065563365804
v 0.33347112676608137 0.5173982250333149 0.03244446899162733
v 0.3180575667221428 0.5220588235294117 0.0218655970360049
v 0.2976721927799376 0.4823775287425221 0.0357142857142857
v 0.4058823529411766 0.46866485858078283 -0.0017462420750697528
v 0.39330461011635126 0.5097545098964305 0.027081735514638557
v 0.41820203344532325 0.4679342143039286 -0.0022588528216880826
v -0.2705882352941176 0.5673694218744648 0.021075054711926187
v -0.2029411764705883 0.5794385630952295 0.029542610933478528
v -0.2232736163710176 0.5683448637802704 0.0217594123664755
v -0.14378498876368367 0.5799290071557314 0.029886700258465536
v -0.1352941176470588 0.5348878462521625 0.0357142857142857
v -0.1352941176470588 0.5831174977301422 0.032123704756702974
v -0.1352941176470588 0.588235294117647 0.012877438605129788
v -0.07262575354706735 0.583364831888099 0.032297231261174245
v -0.0676470588235294 0.5585599243193601 0.0357142857142857
v -0.0676470588235294 0.5844833676817449 0.03308198177036711
v -0.0676470588235294 0.588235294117647 0.02156106859481026
v -0.10001541217904877 0.588235294117647 0.013498738846056579
v -0.12160428759483424 0.5354510485805009 0.0357142857142857
v -0.0037613348781095624 0.5845557273890616 0.03313274842216703
v 0 0.5635849263135199 0.0357142857142857
v 0 0.5848478668702908 0.03333770977248979
v 0 0.588235294117647 0.0235592685344201
v -0.020326848899586067 0.588235294117647 0.021763249668296514
v -0.02998997517876601 0.558897274921028 0.0357142857142857
v 0.06411593578839657 0.5847809346267562 0.03329075096035913
v 0.0676470588235294 0.5585599243193601 0.0357142857142857
v 0.0676470588235294 0.5844833676817449 0.03308198177036711
v 0.0676470588235294 0.588235294117647 0.02156106859481026
v 0.0496659662706028 0.588235294117647 0.023373225297525536
v 0.04212180912475508 0.5632649411514546 0.0357142857142857
v 0.1312603114324838 0.5842891793425192 0.03294574169745006
v 0.1352941176470588 0.5348878462521625 0.0357142857142857
v 0.1352941176470588 0.5831174977301422 0.032123704756702974
v 0.1352941176470588 0.588235294117647 0.012877438605129788
v 0.11389671184372133 0.588235294117647 0.021028488563547894
v 0.10406057336587124 0.5576807399295287 0.0357142857142857
v 0.2029411764705884 0.5794385630952295 0.029542610933478528
v 0.19738267327218642 0.5827976279452972 0.031899288177494295
v 0.16855355928999452 0.588235294117647 0.01211284659344342
v 0.14772578574716333 0.534220237975166 0.0357142857142857
v 0.2705882352941176 0.5673694218744648 0.021075054711926187
v 0.26104284028427616 0.578897407694976 0.029162943176475255
v 0.31596240282876015 0.566446596117649 0.020427611879366498
v -0.1352941176470588 0.6187529068957925 0.010696483885619616
v -0.10376042481718117 0.6190834718860055 0.010928404085102362
v -0.0676470588235294 0.631002763841347 0.019290827964881657
v 0 0.6339183227593432 0.021336347078777428
v -0.023816004299221885 0.6311134996305565 0.01936851878842225
v 0.0676470588235294 0.631002763841347 0.019290827964881657
v 0.04659209176213282 0.6338145143197335 0.021263516395749547
v 0.1352941176470588 0.6187529068957925 0.010696483885619616
v 0.1110533727350903 0.6306979925093913 0.019077004268493684
v 0.16602822594471642 0.618301269626225 0.010379620912367448
v 0 -0.40441176470588236 0.04446169496402457
v 0.012176586448000144 -0.40441176470588236 0.04407150809008703
v -0.2234447520339187 -0.35829313977742683 0.06807052733075762
v -0.2029411764705883 -0.35904601612084097 0.08214285714285707
v -0.2029411764705883 -0.3615062820475185 0.06581622751586791
v -0.24851626772308832 -0.3382352941176471 0.05086305848819088
v -0.22839732588023587 -0.3382352941176471 0.08214285714285707
v -0.221856676475619 -0.3567395876008293 0.08214285714285707
v -0.190863418740857 -0.3925965669267974 0.04400367844183418
v -0.1352941176470588 -0.3925976484701315 0.08214285714285707
v -0.1352941176470588 -0.3960051476577761 0.04161226148454437
v -0.18911137607409706 -0.3908826121440975 0.08214285714285707
v -0.130564342244338 -0.39978481050756853 0.03896049802484872
v -0.0676470588235294 -0.39849184101711077 0.08214285714285707
v -0.0676470588235294 -0.40373019062451837 0.03619246943486172
v -0.1284661215635251 -0.3977322033198168 0.08214285714285707
v -0.06706764347525955 -0.40384494534344445 0.03611195898126593
v 0 -0.39967338907334715 0.08214285714285707
v -0.06254575652977444 -0.3994213602880786 0.08214285714285707
v 0.0676470588235294 -0.39849184101711077 0.08214285714285707
v 0.0676470588235294 -0.40373019062451837 0.03619246943486172
v 0.005750273457458436 -0.3987864971931513 0.08214285714285707
v 0.06898286148308423 -0.4031050012345787 0.036631094371930475
v 0.1352941176470588 -0.3925976484701315 0.08214285714285707
v 0.1352941176470588 -0.3960051476577761 0.04161226148454437
v 0.07845637314789285 -0.3938374354755268 0.08214285714285707
v 0.17266631964122967 -0.36785200188549794 0.06136415105811095
v 0.2029411764705884 -0.35904601612084086 0.08214285714285707
v 0.2029411764705884 -0.36150628204751833 0.06581622751586803
v 0.1791513367403747 -0.36150796341894303 0.08214285714285707
v 0.2537307016434195 -0.3382352941176471 0.07057293497886863
v 0.22839732588023576 -0.3382352941176471 0.08214285714285707
v -0.3382352941176471 -0.2720588235294118 0.05908366166553429
v -0.3257633069418381 -0.326034437097834 0.044274252067868856
v -0.2705882352941176 -0.32755434365738023 0.08214285714285707
v -0.2705882352941176 -0.3347117427057596 0.038186364641355976
v -0.3296265861657299 -0.2720588235294118 0.08214285714285707
v -0.32409517351577954 -0.32440256744190715 0.08214285714285707
v -0.26960077894673984 -0.3372693042126036 0.03639201196512571
v -0.2673243117221072 -0.3350423254058978 0.08214285714285707
v 0.2705882352941176 -0.32755434365738023 0.08214285714285707
v 0.2705882352941176 -0.3347117427057596 0.038186364641355976
v 0.33823529411764697 -0.2720588235294118 0.0590836616655344
v 0.33250324167155343 -0.2720588235294118 0.0782087466130848
v 0.3296265861657298 -0.2720588235294118 0.08214285714285707
v 0.3630061064419238 -0.2720588235294118 0.05271537119150671
v -0.40588235294117647 -0.20588235294117652 0.04916934573392792
v -0.3382352941176471 -0.2650856671975833 0.08214285714285707
v -0.3958716321448707 -0.2622657270982431 0.042584997813613565
v -0.3976842305421817 -0.20588235294117652 0.08214285714285707
v -0.3942987707927999 -0.2607270583842608 0.08214285714285707
v -0.3365463188157803 -0.27040656508193345 0.08214285714285707
v 0.33823529411764697 -0.26508566719758336 0.08214285714285707
v 0.3696220901428684 -0.24135434915691265 0.05725615503594382
v 0.4058823529411766 -0.20588235294117652 0.0491693457339278
v 0.4001246153683084 -0.20588235294117652 0.07819111800123016
v 0.3976842305421818 -0.20588235294117652 0.08214285714285707
v 0.41948588913619067 -0.20588235294117652 0.04505087422080159
v -0.40588235294117647 -0.1886788950775167 0.08214285714285707
v -0.4512501294632558 -0.18408740286367106 0.051005345927392656
v -0.4568486547435362 -0.13970588235294112 0.04716287981887722
v -0.45246983069696295 -0.13970588235294112 0.08214285714285707
v -0.44898418926419087 -0.181870722234151 0.08214285714285707
v -0.40355193332839623 -0.20360259462432628 0.08214285714285707
v 0.4058823529411766 -0.1886788950775166 0.08214285714285707
v 0.4221688761400258 -0.18994988459447612 0.0468923031892723
v 0.46214200036492253 -0.13970588235294112 0.07432727354238472
v 0.4524698306969629 -0.13970588235294112 0.08214285714285707
v -0.47352941176470575 -0.07352941176470584 0.054069278671241755
v -0.4684949053842367 -0.13478082176335185 0.03916964568348961
v -0.4682652504780374 -0.07352941176470584 0.08214285714285707
v -0.46676770681397317 -0.13309117098809403 0.08214285714285707
v 0.4645122943023312 -0.08235050493442012 0.07595409018886706
v 0.47352941176470575 -0.07352941176470584 0.054069278671241755
v 0.46947553854008683 -0.07352941176470584 0.07936054042658136
v 0.4682652504780374 -0.07352941176470584 0.08214285714285707
v 0.4562344871058224 -0.09044835980057007 0.08214285714285707
v 0.4921059608760175 -0.07352941176470584 0.04846402904844686
v -0.47352941176470575 -0.0161171341242934 0.07599401066200359
v -0.47352941176470575 -0.007352941176470562 0.08055665326546502
v -0.47320984636577984 -0.007352941176470562 0.08214285714285707
v -0.4704584426694895 -0.07052520286721169 0.08214285714285707
v 0.473101733000626 -0.007771322576113793 0.08184932606564706
v 0.47352941176470575 -0.0161171341242934 0.07599401066200359
v 0.47352941176470575 -0.007352941176470562 0.08055665326546502
v 0.4732609733111725 -0.007352941176470562 0.08195861832847556
v 0.47320984636577984 -0.007352941176470562 0.08214285714285707
v 0.47296443088252754 -0.00790563986555795 0.08214285714285707
v 0.493156056136615 -0.05432943357479463 0.04918474660308053
v 0.5167006351026462 -0.007352941176470562 0.0653442247133069
v -0.47352941176470575 0.0033073538340664572 0.08214285714285707
v -0.49234992910803477 0.040412153749812475 0.06922566977367789
v -0.492899360690639 0.05882352941176472 0.068848575426611
v -0.49045408058561735 0.05882352941176472 0.08214285714285707
v -0.49011903775177795 0.04259454746788975 0.08214285714285707
v -0.4732611115256421 -0.007090473551299568 0.08214285714285707
v 0.47352941176470575 0.0033073538340664572 0.08214285714285707
v 0.51711424804881 0.035284398666674904 0.06562810192169884
v 0.5222133427273972 0.05882352941176472 0.06912779112656764
v 0.4904540805856173 0.05882352941176472 0.08214285714285707
v -0.47352941176470575 0.12476109619152163 0.0819752452645278
v -0.47352941176470575 0.12320523404853027 0.08214285714285707
v -0.47352941176470575 0.125 0.08194231972449043
v -0.47348401484320907 0.125 0.08214285714285707
v 0.4734966536599027 0.12496795402791001 0.08212037409577172
v 0.47352941176470575 0.12320523404853027 0.08214285714285707
v 0.47352941176470575 0.12476109619152163 0.0819752452645278
v 0.47352941176470575 0.125 0.08194231972449043
v 0.4734929786491963 0.125 0.08211785180581488
v 0.47348401484320907 0.125 0.08214285714285707
v 0.47349032842625227 0.12496176629933897 0.08214285714285707
v 0.521766451724451 0.10601193806803721 0.06882107400963876
v 0.5191821012096234 0.125 0.06704734275567321
v 0.4900448199180161 0.07497990695304656 0.08214285714285707
v -0.47352941176470575 0.17609355820849032 0.0715608773462741
v -0.47352941176470575 0.19117647058823528 0.062281660526613644
v -0.46864277364593876 0.19117647058823528 0.08214285714285707
v -0.4734520996488409 0.1250756314176939 0.08214285714285707
v 0.47352941176470575 0.17609355820849032 0.0715608773462741
v 0.4711365433057271 0.18883562100879958 0.08050054680299903
v 0.47352941176470575 0.19117647058823528 0.062281660526613644
v 0.470076929249599 0.19117647058823528 0.07977329616199184
v 0.46864277364593876 0.19117647058823528 0.08214285714285707
v 0.47057316490565826 0.18828448996525401 0.08214285714285707
v 0.5179694119313417 0.1684739132064917 0.06621503117026872
v 0.5026566954999481 0.19117647058823528 0.055705371756175556
v -0.47352941176470575 0.22388260603040502 0.058660495024506355
v -0.4629247709240615 0.25735294117647056 0.04299262616702603
v -0.45485684510061253 0.25735294117647056 0.08214285714285707
v -0.4587926990421079 0.2055928199907767 0.08214285714285707
v 0.47352941176470575 0.22388260603040502 0.058660495024506355
v 0.46889062128377684 0.2528149939668662 0.07895909100532511
v 0.4646960923318012 0.25735294117647056 0.07608023728362756
v 0.4548568451006125 0.25735294117647056 0.08214285714285707
v 0.467013693273636 0.2509788687395545 0.08214285714285707
v 0.5009479128267006 0.2179989172793172 0.054532573710251095
v -0.40588235294117647 0.309044524346501 0.08214285714285707
v -0.40588235294117647 0.31695076240511494 0.07752736029057265
v -0.40588235294117647 0.32352941176470584 0.06546549942834547
v -0.39896719549659676 0.32352941176470584 0.08214285714285707
v 0.404194910105856 0.32187865246928354 0.08098470538321159
v 0.4058823529411766 0.30904452434650087 0.08214285714285707
v 0.4058823529411766 0.3169507624051149 0.07752736029057261
v 0.4058823529411766 0.32352941176470584 0.0654654994283454
v 0.4018082778177271 0.32352941176470584 0.07934667514819146
v 0.39896719549659687 0.32352941176470584 0.08214285714285707
v 0.4037600752041559 0.3214532705002291 0.08214285714285707
v 0.46280030914896725 0.313033550510179 0.0747790941674589
v 0.4404444597089851 0.32352941176470584 0.059435483216415216
v 0.4516354780282221 0.30211143310945004 0.08214285714285707
v -0.40588235294117647 0.3584758031666354 0.06023223015817911
v -0.3573055324453625 0.37105021442365427 0.06905427742103995
v -0.3382352941176471 0.38481853629665475 0.08214285714285707
v -0.3382352941176471 0.3868634001462051 0.08014860772162326
v -0.3382352941176471 0.3897058823529411 0.0732385680773452
v -0.33247110956829695 0.3897058823529411 0.08214285714285707
v 0.3372602126513735 0.3887519983098475 0.08147362421103586
v 0.33823529411764697 0.3848185362966548 0.08214285714285707
v 0.33823529411764697 0.3868634001462052 0.08014860772162327
v 0.33823529411764697 0.3897058823529411 0.07323856807734527
v 0.33518158910632473 0.3897058823529411 0.08004699128104895
v 0.3324711095682969 0.3897058823529411 0.08214285714285707
v 0.3369883028642243 0.38848599960502767 0.08214285714285707
v 0.4058823529411766 0.35847580316663535 0.06023223015817908
v 0.39961178752673465 0.3835716335779436 0.07783914609754136
v 0.3821571033507238 0.3897058823529411 0.06585937838667681
v 0.3954893784750812 0.3795388421143696 0.08214285714285707
v 0.4374414985591438 0.3544024889996739 0.05737444466326327
v -0.3382352941176471 0.43212306725050376 0.0654736440074963
v -0.29052409187089945 0.4363798845508463 0.06846017297059376
v -0.2705882352941176 0.4465575752545101 0.08214285714285707
v -0.2705882352941176 0.45079674160882593 0.07857485681127152
v -0.2705882352941176 0.4558823529411764 0.05926747755345858
v -0.24043461471983876 0.4558823529411764 0.08214285714285707
v 0.2683186972234355 0.4536621526546396 0.08058519281484236
v 0.2705882352941176 0.4465575752545101 0.08214285714285707
v 0.2705882352941176 0.45079674160882593 0.07857485681127152
v 0.2705882352941176 0.4558823529411764 0.05926747755345858
v 0.2610581852980764 0.4558823529411764 0.0756020464312884
v 0.2404346147198387 0.4558823529411764 0.08214285714285707
v 0.2675064757255964 0.4528675881458839 0.08214285714285707
v 0.33823529411764697 0.4321230672505038 0.06547364400749632
v 0.33144409686405163 0.4492387904104853 0.07748181803402301
v 0.29997503794680147 0.4558823529411764 0.0558834887771526
v 0.32604241271080814 0.4439545341736167 0.08214285714285707
v 0.37835809891660027 0.42895645226496054 0.0632519871446231
v -0.2705882352941176 0.4827073739059513 0.05453437978798488
v -0.24063987815926186 0.4851796588339701 0.05626890349938855
v -0.2029411764705883 0.4882842647805196 0.08214285714285707
v -0.2029411764705883 0.510459391114986 0.07400484265527585
v -0.14573426459649733 0.5118456362962653 0.07497741467134802
v -0.1352941176470588 0.5120663718590798 0.08214285714285707
v -0.1352941176470588 0.5167395413034735 0.07841091627957986
v -0.1352941176470588 0.5220588235294117 0.04684624486380239
v -0.16724458163779993 0.4908029348428171 0.08214285714285707
v -0.07228398684761918 0.5175226982884543 0.07896036927539174
v -0.0676470588235294 0.5169971419009655 0.08214285714285707
v -0.0676470588235294 0.5188602686429815 0.07989879165110764
v -0.0676470588235294 0.5220588235294117 0.06565556839325017
v -0.116859483636269 0.5220588235294117 0.048366627690635204
v -0.07645729040613193 0.513440118720344 0.08214285714285707
v -0.0027578980887491417 0.5193608797469397 0.08025001404467832
v 0 0.5184055501282234 0.08214285714285707
v 0 0.5196625919250858 0.08046169147759988
v 0 0.5220588235294117 0.07027291322434119
v -0.02133906350017003 0.5220588235294117 0.06749710238031803
v -0.004384648430555929 0.5177694935429983 0.08214285714285707
v 0.06474050608727691 0.5192154567222081 0.08014798709716825
v 0.0676470588235294 0.5169971419009655 0.08214285714285707
v 0.0676470588235294 0.5188602686429815 0.07989879165110764
v 0.0676470588235294 0.5220588235294117 0.06565556839325017
v 0.04796160741056514 0.5220588235294117 0.06863203489979777
v 0.06323199155514424 0.5177397359842523 0.08214285714285707
v 0.13144556685333658 0.5182939368833791 0.079501460480085
v 0.1352941176470588 0.5120663718590798 0.08214285714285707
v 0.1352941176470588 0.5167395413034735 0.07841091627957986
v 0.1352941176470588 0.5220588235294117 0.04684624486380239
v 0.10854529776358146 0.5220588235294117 0.06378419504891768
v 0.12923555904123238 0.5161319727193641 0.08214285714285707
v 0.19669147207874532 0.5159449822765217 0.07785346375590887
v 0.2029411764705884 0.4882842647805195 0.08214285714285707
v 0.2029411764705884 0.510459391114986 0.07400484265527583
v 0.14970986278096657 0.5220588235294117 0.045608321970787576
v 0.19133403209054045 0.510704008375017 0.08214285714285707
v 0.2705882352941176 0.4827073739059513 0.05453437978798488
v 0.25715937553725454 0.5089218955063934 0.07292615526004112
v 0.23348507929609452 0.4857622578791716 0.08214285714285707
v 0.2959556107721468 0.48069826373490065 0.05312481360448587
v -0.1352941176470588 0.5337704336037896 0.043931002623611146
v -0.12287299880841761 0.5342099180454737 0.0442393393271419
v -0.0676470588235294 0.5565777097792649 0.05993229797211918
v 0 0.5616318476392747 0.06347821691517365
v -0.03207920194334696 0.5568534661295902 0.06012576512583946
v 0.0676470588235294 0.5565777097792649 0.05993229797211918
v 0.04018031636064405 0.5613656547517809 0.06329145936553517
v 0.1352941176470588 0.5337704336037896 0.043931002623611146
v 0.10217382004322506 0.5558350029834618 0.05941122431538115
v 0.14669063809857988 0.5332075935363345 0.04353612117946008
v -0.2029411764705883 -0.3382352941176471 0.11305466901147296
v -0.18099898636619152 -0.3829465787341899 0.09720255904680641
v -0.1352941176470588 -0.3840183784195053 0.12857142857142856
v -0.1352941176470588 -0.3853024815695477 0.09554968753374582
v -0.19620730995575342 -0.3382352941176471 0.12857142857142856
v -0.17996801092207237 -0.3819380157997255 0.12857142857142856
v -0.12500550657814968 -0.39434681909499303 0.0892042951746239
v -0.0676470588235294 -0.3944809047916074 0.12857142857142856
v -0.0676470588235294 -0.3954333625969014 0.08844199005106276
v -0.12417049886527666 -0.3935299637237042 0.12857142857142856
v -0.060048734359377055 -0.39697862120834204 0.08735785623160759
v 0 -0.3964572296319622 0.12857142857142856
v 0 -0.39733975609859556 0.08710448857844559
v -0.0592185239921504 -0.39616645889257684 0.12857142857142856
v 0.008743192247935686 -0.3958586418546409 0.08814361952420424
v 0.0676470588235294 -0.3944809047916074 0.12857142857142856
v 0.0676470588235294 -0.3954333625969014 0.08844199005106276
v 0.009803610524535818 -0.3948212761492712 0.12857142857142856
v 0.08538081650995413 -0.3870635234909016 0.09431416288416103
v 0.1352941176470588 -0.3840183784195053 0.12857142857142856
v 0.1352941176470588 -0.3853024815695477 0.09554968753374582
v 0.08696223644191373 -0.3855164822531151 0.12857142857142856
v 0.2029411764705884 -0.3382352941176471 0.11305466901147271
v 0.19916187411816988 -0.3382352941176471 0.1259775595655761
v 0.19620730995575345 -0.3382352941176471 0.12857142857142856
v 0.22663652693824754 -0.3382352941176471 0.09840581507252383
v -0.31590302221772665 -0.3163885063894641 0.09747028599342356
v -0.2705882352941176 -0.319270821985611 0.12857142857142856
v -0.2705882352941176 -0.3207565385223995 0.09440573011603079
v -0.32377290152667015 -0.2720588235294118 0.09206890920063937
v -0.32067171627114927 -0.2720588235294118 0.12857142857142856
v -0.31494906122175764 -0.31545528367601616 0.12857142857142856
v -0.2029411764705883 -0.3367802380910524 0.12857142857142856
v -0.2659137603604971 -0.3336624382043227 0.08535111478363387
v -0.26539953775303327 -0.33315939434919506 0.12857142857142856
v -0.2022092671676046 -0.3375192958864674 0.12857142857142856
v 0.2029411764705884 -0.3367802380910524 0.12857142857142856
v 0.2705882352941176 -0.319270821985611 0.12857142857142856
v 0.2705882352941176 -0.3207565385223995 0.09440573011603079
v 0.2095737940579227 -0.33174686386916785 0.12857142857142856
v 0.32752790727925457 -0.2720588235294118 0.12122256990284247
v 0.3206717162711492 -0.2720588235294118 0.12857142857142856
v -0.38785826595252726 -0.2544265645187767 0.09451342616301696
v -0.3382352941176471 -0.2581120610580195 0.12857142857142856
v -0.3382352941176471 -0.26070697306701834 0.09010717127679028
v -0.3926828801080925 -0.20588235294117652 0.09120212265873148
v -0.3910850337461128 -0.20588235294117652 0.12857142857142856
v -0.38695372577621323 -0.2535416882593391 0.12857142857142856
v -0.3358649532372263 -0.2697400117985654 0.08376970600799058
v -0.3352091449034022 -0.26909846016765054 0.12857142857142856
v 0.33823529411764697 -0.25811206105801954 0.12857142857142856
v 0.33823529411764697 -0.2607069730670184 0.09010717127679023
v 0.39658847292805166 -0.20588235294117652 0.12219270968043291
v 0.3910850337461129 -0.20588235294117652 0.12857142857142856
v -0.4324390611000105 -0.16568527076919187 0.11034461955558279
v -0.40588235294117647 -0.17118341246024388 0.12857142857142856
v -0.40588235294117647 -0.173565259354461 0.1048161196275051
v -0.4362416371944467 -0.13970588235294112 0.10773477695660638
v -0.43475914826596174 -0.13970588235294112 0.12857142857142856
v -0.43152315732351915 -0.16478927794436338 0.12857142857142856
v -0.40258017800132334 -0.20265196441305933 0.08440925671337739
v -0.40209714460808904 -0.20217943174576486 0.12857142857142856
v 0.4058823529411766 -0.1735652593544607 0.1048161196275053
v 0.4058823529411766 -0.1711834124602436 0.12857142857142856
v 0.45115708202511806 -0.13970588235294112 0.11321650660730151
v 0.43475914826596157 -0.13970588235294112 0.12857142857142856
v -0.4633343579181069 -0.1297324601117031 0.08914008354067804
v -0.4654919196156044 -0.07352941176470584 0.08765927256196084
v -0.46430677005518856 -0.07352941176470584 0.12857142857142856
v -0.4625390834630313 -0.12895447423173786 0.12857142857142856
v 0.45412857521128186 -0.09250849100175101 0.11525594758289844
v 0.46744731134435635 -0.07352941176470584 0.12439706772392166
v 0.46430677005518856 -0.07352941176470584 0.12857142857142856
v 0.4382095264628985 -0.10808147347299563 0.12857142857142856
v -0.4690780383884878 -0.06917480737492739 0.08519799228616197
v -0.47305715672298315 -0.007352941176470562 0.08246698249757972
v -0.46989347254253727 -0.007352941176470562 0.12857142857142856
v -0.46837595644875213 -0.06848798808605554 0.12857142857142856
v 0.46921942233286484 -0.01156923518588019 0.12561333023466814
v 0.47103100175313456 -0.007352941176470562 0.12685668132746197
v 0.4698934725425372 -0.007352941176470562 0.12857142857142856
v 0.46689532187263627 -0.013842811723060316 0.12857142857142856
v -0.47352941176470575 0.05882352941176472 0.10673177965852812
v -0.47313950247881303 -0.006971508179401594 0.08241046569000705
v -0.4717628118387824 0.05882352941176472 0.12857142857142856
v -0.4705026045484965 -0.004391934117135448 0.12857142857142856
v 0.47207615909743467 0.057401869193782123 0.12757400981532013
v 0.47352941176470575 0.05882352941176472 0.10673177965852812
v 0.47230598730189344 0.05882352941176472 0.12773174904881515
v 0.4717628118387824 0.05882352941176472 0.12857142857142856
v 0.4713989297816197 0.05673936225439792 0.12857142857142856
v 0.4896400994362383 0.05882352941176472 0.09320019247021329
v -0.47352941176470575 0.08552229868119454 0.10087437463029834
v -0.4734624414246527 0.125 0.08218882125823508
v -0.4701512543084524 0.125 0.12857142857142856
v -0.47145892128625116 0.060849009227644205 0.12857142857142856
v 0.47352941176470575 0.08552229868119454 0.10087437463029834
v 0.47151688628150823 0.123031225070785 0.12719016108140788
v 0.47120275073673246 0.125 0.12697455873545932
v 0.4701512543084524 0.125 0.12857142857142856
v 0.47063861331267465 0.12217204499257824 0.12857142857142856
v 0.48929542852704894 0.07424680667927436 0.09296363262260195
v -0.4734076363130906 0.12511912815918877 0.08222643594660539
v -0.4661350773733503 0.19117647058823528 0.08721785062263832
v -0.46477226652934517 0.19117647058823528 0.12857142857142856
v -0.46762354546205354 0.13077747790476849 0.12857142857142856
v 0.46998013137271577 0.18770434846563633 0.12613543178065278
v 0.4676974075721734 0.19117647058823528 0.12456871761941096
v 0.46477226652934517 0.19117647058823528 0.12857142857142856
v 0.468419318196874 0.18617746601100857 0.12857142857142856
v -0.44676633356368284 0.21735774274140993 0.10051130522492566
v -0.4415592813273485 0.25735294117647056 0.10408508952377626
v -0.4401170646334533 0.25735294117647056 0.12857142857142856
v -0.44360658820452376 0.22044879798406555 0.12857142857142856
v 0.4664932986415948 0.25046978703429673 0.12374229503041137
v 0.4536807649443477 0.25735294117647056 0.11494859954254921
v 0.4401170646334531 0.25735294117647056 0.12857142857142856
v 0.46306644087810694 0.24711742617871083 0.12857142857142856
v -0.40588235294117647 0.3064779785348733 0.11660835954351427
v -0.40588235294117647 0.2937978494494106 0.12857142857142856
v -0.3950195226978961 0.32352941176470584 0.08959840212349361
v -0.3929233774142783 0.32352941176470584 0.12857142857142856
v 0.4032730477584803 0.3209768306077203 0.12678057004541649
v 0.4058823529411766 0.2937978494494104 0.12857142857142856
v 0.4058823529411766 0.3064779785348732 0.1166083595435142
v 0.39752063994895426 0.32352941176470584 0.12283248890906479
v 0.3929233774142784 0.32352941176470584 0.12857142857142856
v 0.4022184090971194 0.31994511887378035 0.12857142857142856
v 0.4508226751082026 0.30131629981812663 0.11298699130097137
v 0.4368064212721276 0.28760474715240103 0.12857142857142856
v -0.3382352941176471 0.37776405027635 0.12857142857142856
v -0.3382352941176471 0.38203787011949214 0.12319164856002465
v -0.3288216053618994 0.3897058823529411 0.0886038050155907
v -0.324035349748476 0.3897058823529411 0.12857142857142856
v 0.33620986808734743 0.3877244873233002 0.12718130697920432
v 0.33823529411764697 0.37776405027635007 0.12857142857142856
v 0.33823529411764697 0.3820378701194922 0.12319164856002468
v 0.3292542208448329 0.3897058823529411 0.12240740002083256
v 0.32403534974847586 0.3897058823529411 0.12857142857142856
v 0.3354213243402253 0.3869530858315504 0.12857142857142856
v 0.39492086443938323 0.3789826870794477 0.12104817093510459
v 0.389294184040296 0.37347832581947105 0.12857142857142856
v -0.2705882352941176 0.43999422478529954 0.12857142857142856
v -0.2705882352941176 0.44569049066738103 0.12142094742060705
v -0.21088016793732836 0.4558823529411764 0.1231226176579206
v -0.21017807513109504 0.4558823529411764 0.12857142857142856
v 0.26718478562072523 0.45255289130416215 0.1262355205657773
v 0.2705882352941176 0.43999422478529954 0.12857142857142856
v 0.2705882352941176 0.44569049066738103 0.12142094742060705
v 0.23868343593620028 0.4558823529411764 0.10667403522329268
v 0.21017807513109488 0.4558823529411764 0.12857142857142856
v 0.26578931878586287 0.4511877607048403 0.12857142857142856
v 0.3254462471852639 0.44337132876819296 0.11979385288181159
v 0.3187495510693782 0.4368202130026526 0.12857142857142856
v -0.2029411764705883 0.48724506178950927 0.10414653541422714
v -0.2029411764705883 0.4616972213490647 0.12857142857142856
v -0.1686634001746004 0.48941496018725145 0.1056689085758177
v -0.1352941176470588 0.5055644651570469 0.12857142857142856
v -0.1352941176470588 0.5113326052492932 0.12104605003204383
v -0.19624589743925752 0.4624320824283478 0.12857142857142856
v -0.07773669679512799 0.5121885255137174 0.12164655282073511
v -0.0676470588235294 0.5134745801763246 0.12857142857142856
v -0.0676470588235294 0.5162096002741057 0.12446768781135673
v -0.08329237729029591 0.5067536206814879 0.12857142857142856
v -0.005743435245541363 0.5164402455718169 0.12462950562340172
v 0 0.5150958601165776 0.12857142857142856
v 0 0.5172581234946527 0.125203318388312
v -0.008444085706663156 0.5137983049033281 0.12857142857142856
v 0.06253539219895822 0.5170582800923312 0.12506311079493715
v 0.0676470588235294 0.5134745801763246 0.12857142857142856
v 0.0676470588235294 0.5162096002741057 0.12446768781135673
v 0.06024392471624504 0.5148166271201118 0.12857142857142856
v 0.12875592435948302 0.5156627648785224 0.124084035041757
v 0.1352941176470588 0.5055644651570469 0.12857142857142856
v 0.1352941176470588 0.5113326052492932 0.12104605003204383
v 0.12573924859113841 0.5127116690181852 0.12857142857142856
v 0.19071663658023502 0.51010003450624 0.12018129405040964
v 0.2029411764705884 0.4616972213490645 0.12857142857142856
v 0.2029411764705884 0.48724506178950916 0.10414653541422705
v 0.18436481161885485 0.5038862926961941 0.12857142857142856
v 0.2327629131025596 0.48505579095071355 0.10261057079399268
v 0.20820090371688896 0.4610277382908183 0.12857142857142856
v -0.1352941176470588 -0.3382352941176471 0.15800985637323733
v -0.0676470588235294 -0.3382352941176471 0.16618801647210224
v -0.09108688525371411 -0.3382352941176471 0.15891241726375516
v 0 -0.3382352941176471 0.16786093155786916
v -0.012443342098691405 -0.3382352941176471 0.16645969377698502
v 0.0676470588235294 -0.3382352941176471 0.16618801647210224
v 0.05690180646537505 -0.3382352941176471 0.1676251528846207
v 0.1352941176470588 -0.3382352941176471 0.15800985637323733
v 0.12154971632143527 -0.3382352941176471 0.16556673076719622
v 0.17686998258830075 -0.3382352941176471 0.15710641662116281
v -0.2705882352941176 -0.2720588235294118 0.1582181569939312
v -0.2029411764705883 -0.2720588235294118 0.17114543505197882
v -0.22353842888175118 -0.2720588235294118 0.16086337645072352
v -0.1352941176470588 -0.2806974607935727 0.16893924179244577
v -0.1352941176470588 -0.2720588235294118 0.17432040097062737
v -0.1372983925949555 -0.2720588235294118 0.17362439514445593
v -0.0676470588235294 -0.30333990078567785 0.17499999999999993
v -0.1190554304965249 -0.2720588235294118 0.17499999999999993
v -0.09819784939658682 -0.3019454664813158 0.17499999999999993
v 0 -0.31261901928702235 0.17499999999999993
v -0.040840817866869786 -0.3120117975296105 0.17499999999999993
v 0.0676470588235294 -0.30333990078567785 0.17499999999999993
v 0.03502087998720036 -0.30397573760842933 0.17499999999999993
v 0.1310860636078037 -0.27617539813303094 0.17211186353206398
v 0.1352941176470588 -0.2806974607935727 0.16893924179244577
v 0.1352941176470588 -0.2720588235294118 0.17432040097062737
v 0.13459993385323638 -0.2720588235294118 0.1745235570856063
v 0.1190554304965249 -0.2720588235294118 0.17499999999999993
v 0.1821023082998079 -0.29244467282691444 0.1606975470007997
v 0.2029411764705884 -0.2720588235294118 0.17114543505197882
v 0.20008713581259036 -0.2720588235294118 0.17304117085274043
v 0.2705882352941176 -0.2720588235294118 0.1582181569939312
v 0.26349880796143876 -0.2720588235294118 0.17013427502943465
v 0.3116541902880224 -0.2720588235294118 0.156756447371593
v -0.3382352941176471 -0.20588235294117652 0.16119677811315525
v -0.2705882352941176 -0.2232190572731561 0.16283678838930948
v -0.2705882352941176 -0.20588235294117652 0.1728988169044447
v -0.28498206173199436 -0.20588235294117652 0.16512100732058763
v -0.2029411764705883 -0.2529057174457341 0.17499999999999993
v -0.2537933642906992 -0.20588235294117652 0.17499999999999993
v -0.24725143790634038 -0.24922934782397754 0.17499999999999993
v -0.1352941176470588 -0.2701808401735063 0.17499999999999993
v -0.19754944741177846 -0.26678430597188046 0.17499999999999993
v -0.13447319490353926 -0.27125574693249055 0.17499999999999993
v 0.1352941176470588 -0.2701808401735063 0.17499999999999993
v 0.2029411764705884 -0.25290571744573404 0.17499999999999993
v 0.14346399200296794 -0.26406655513776156 0.17499999999999993
v 0.2659617150011776 -0.21040829670600913 0.17182465532689514
v 0.2705882352941176 -0.2232190572731561 0.16283678838930948
v 0.2705882352941176 -0.20588235294117652 0.1728988169044447
v 0.2692433098290865 -0.20588235294117652 0.17407693003797553
v 0.2537933642906992 -0.20588235294117652 0.17499999999999993
v 0.3140734673556816 -0.22951892259962092 0.15841688287455166
v 0.33823529411764697 -0.20588235294117652 0.1611967781131553
v 0.3335627682207044 -0.20588235294117652 0.1717930800520984
v 0.38337705541505 -0.20588235294117652 0.15955381753641623
v -0.40588235294117647 -0.13970588235294112 0.14534250097126886
v -0.3382352941176471 -0.15559394898937054 0.1638531342011082
v -0.3382352941176471 -0.13970588235294112 0.1720894162269631
v -0.3757349961573384 -0.13970588235294112 0.14926262686095715
v -0.2705882352941176 -0.19185975534124416 0.17499999999999993
v -0.32205910188101855 -0.13970588235294112 0.17499999999999993
v -0.3181981988276391 -0.1862808466792122 0.17499999999999993
v -0.26822278554424417 -0.20356832601195252 0.17499999999999993
v 0.2705882352941176 -0.19185975534124416 0.17499999999999993
v 0.33823529411764697 -0.15559394898937046 0.16385313420110828
v 0.3346839429928107 -0.1431800301924549 0.17256258199196012
v 0.33823529411764697 -0.13970588235294112 0.1720894162269631
v 0.33677753746135825 -0.13970588235294112 0.17399948999677073
v 0.32205910188101844 -0.13970588235294112 0.17499999999999993
v 0.3849155723288242 -0.1602168633867641 0.1606097561635718
v 0.4058823529411766 -0.13970588235294112 0.1453425009712687
v 0.4000087039625294 -0.13970588235294112 0.1709687067568912
v 0.4280054587845027 -0.13970588235294112 0.14375529935209652
v -0.40588235294117647 -0.114137520982117 0.14650986623159404
v -0.40588235294117647 -0.07352941176470584 0.16633461433645344
v -0.3382352941176471 -0.08998094758392021 0.17499999999999993
v -0.3521566881756959 -0.07352941176470584 0.17499999999999993
v -0.3510061776726513 -0.08602266741634043 0.17499999999999993
v -0.3337796477335873 -0.13534709784679572 0.17499999999999993
v 0.33823529411764697 -0.08998094758392045 0.17499999999999993
v 0.4058823529411766 -0.11413752098211723 0.14650986623159387
v 0.4005600094542495 -0.07873605213235188 0.17134708723412762
v 0.4058823529411766 -0.07352941176470584 0.1663346143364534
v 0.40320600286141417 -0.07352941176470584 0.1731631261874922
v 0.352156688175696 -0.07352941176470584 0.17499999999999993
v 0.42874692218386556 -0.117338368963354 0.1442641919336468
v 0.458608894105361 -0.07352941176470584 0.16475952048846204
v -0.40588235294117647 -0.018720324588978036 0.16702478814551058
v -0.40588235294117647 -0.007352941176470562 0.17046141797979247
v -0.3860367077255595 -0.007352941176470562 0.17499999999999993
v -0.3845897988153382 -0.05269973925029886 0.17499999999999993
v 0.4058823529411766 -0.018720324588978085 0.16702478814551053
v 0.40345413825144716 -0.009728368590336309 0.17333343029058937
v 0.4058823529411766 -0.007352941176470562 0.17046141797979247
v 0.4041832050111762 -0.007352941176470562 0.17383381461947173
v 0.3860367077255596 -0.007352941176470562 0.17499999999999993
v 0.3533078643865966 -0.058784506066820355 0.17499999999999993
v 0.4590540349670668 -0.021513635869813044 0.16506503642149617
v 0.4651067030705226 -0.007352941176470562 0.16921919682790526
v -0.40588235294117647 0.05256345123030556 0.17060800864094447
v -0.40588235294117647 0.05882352941176472 0.1713171683819427
v -0.3911698005169492 0.05882352941176472 0.17499999999999993
v -0.3907473092986826 0.007453079778142963 0.17499999999999993
v 0.4058823529411766 0.05256345123030554 0.17060800864094444
v 0.40424234982824603 0.057219178540419635 0.1738744078013737
v 0.4058823529411766 0.05882352941176472 0.17131716838194266
v 0.40442159803153854 0.05882352941176472 0.17399743218934774
v 0.39116980051694933 0.05882352941176472 0.17499999999999993
v 0.3865422647716761 0.03990387794160125 0.17499999999999993
v 0.4652061579817304 0.05068121592841923 0.16928745625454167
v 0.46651450293976604 0.05882352941176472 0.17018541971952886
v -0.40588235294117647 0.1194837495027423 0.1711298686987493
v -0.40588235294117647 0.125 0.17050953071319047
v -0.3856848612328003 0.125 0.17499999999999993
v -0.3864414410753506 0.0778418127587683 0.17499999999999993
v 0.4058823529411766 0.11948374950274229 0.1711298686987493
v 0.40434239690499224 0.12349352126895011 0.17394307365218398
v 0.4058823529411766 0.125 0.17050953071319047
v 0.4041789344754174 0.125 0.1738308835995876
v 0.38568486123280044 0.125 0.17499999999999993
v 0.3905386636181896 0.1099898691405563 0.17499999999999993
v 0.46640957969995545 0.118034946893179 0.17011340718537316
v 0.4652998570262355 0.125 0.1693517652260809
v -0.40588235294117647 0.18420588804662305 0.17010952780413865
v -0.40588235294117647 0.19117647058823528 0.16680764643178053
v -0.351836188160516 0.19117647058823528 0.17499999999999993
v -0.35289687101331746 0.17683362362507948 0.17499999999999993
v 0.4058823529411766 0.18420588804662302 0.17010952780413863
v 0.4040140165029844 0.18934875015956906 0.17371769455639602
v 0.4058823529411766 0.19117647058823528 0.1668076464317805
v 0.4032671254918618 0.19117647058823528 0.1732050768127373
v 0.3518361881605161 0.19117647058823528 0.17499999999999993
v 0.3843150252292069 0.1700779978265259 0.17499999999999993
v 0.46500182598829204 0.1828342671113088 0.16914721597333088
v 0.4594642889446745 0.19117647058823528 0.16534660825084802
v -0.40588235294117647 0.24460770225485345 0.16605810221689715
v -0.40588235294117647 0.25735294117647056 0.14900321538634065
v -0.34857753360901306 0.24723553297839512 0.16790175488325496
v -0.3382352941176471 0.2063991039894656 0.17499999999999993
v -0.3382352941176471 0.25518469328569937 0.17347878481314144
v -0.3382352941176471 0.25735294117647056 0.17206117725587444
v -0.3714157526010869 0.25735294117647056 0.15222707663093102
v -0.3206670387936276 0.25735294117647056 0.17499999999999993
v 0.33731835794176923 0.25645593839572056 0.17437067423953725
v 0.33823529411764697 0.20639910398946584 0.17499999999999993
v 0.33823529411764697 0.2551846932856994 0.17347878481314144
v 0.33823529411764697 0.25735294117647056 0.17206117725587447
v 0.3367196276287646 0.25735294117647056 0.1739597444284378
v 0.32066703879362757 0.25735294117647056 0.17499999999999993
v 0.3328808947128884 0.25211494175877197 0.17499999999999993
v 0.4058823529411766 0.2446077022548534 0.16605810221689712
v 0.4029834739842429 0.25451708132729634 0.173010396740738
v 0.4058823529411766 0.25735294117647056 0.14900321538634048
v 0.40033594276793105 0.25735294117647056 0.17119330233451158
v 0.35070706558422887 0.20337711658815233 0.17499999999999993
v 0.4589059646903844 0.24304739512550397 0.1649634105483694
v 0.4332576817412996 0.25735294117647056 0.14736008591561242
v -0.40588235294117647 0.28481476819309803 0.14783829768468149
v -0.375223946419437 0.2873448605999113 0.14961337838914412
v -0.3382352941176471 0.3183626280156124 0.17137505013158832
v -0.3382352941176471 0.32352941176470584 0.1629517091327608
v -0.2743033710702588 0.31989503980978506 0.1724501707871825
v -0.2705882352941176 0.3081922565657902 0.17499999999999993
v -0.2705882352941176 0.32225034350004955 0.17410262194765375
v -0.2705882352941176 0.32352941176470584 0.17289887136065024
v -0.28370165448557694 0.32352941176470584 0.16599979614499216
v -0.2521860576042804 0.32352941176470584 0.17499999999999993
v 0.26990252054526775 0.3228586038582223 0.17452936969100674
v 0.2705882352941176 0.3081922565657902 0.17499999999999993
v 0.2705882352941176 0.32225034350004955 0.17410262194765375
v 0.2705882352941176 0.32352941176470584 0.17289887136065024
v 0.2692049825259143 0.32352941176470584 0.17405062465287907
v 0.2521860576042804 0.32352941176470584 0.17499999999999993
v 0.267208093317031 0.32022275113494725 0.17499999999999993
v 0.33823529411764697 0.3183626280156124 0.17137505013158835
v 0.33634651395329473 0.3216816920387091 0.17370366330334827
v 0.33823529411764697 0.32352941176470584 0.16295170913276083
v 0.33386426450157025 0.32352941176470584 0.17200000762374856
v 0.31757669413499146 0.3033199117816733 0.17499999999999993
v 0.4058823529411766 0.28481476819309787 0.14783829768468135
v 0.399790962349985 0.3175704427081054 0.17081926297933742
v 0.38622930281641993 0.32352941176470584 0.16151141590816392
v 0.4326528146150056 0.28354143629217293 0.14694494419228638
v -0.3382352941176471 0.370593579233092 0.1615910508270264
v -0.2705882352941176 0.38534177640153705 0.17193819868171328
v -0.2884278563470787 0.3722540791489575 0.16275603648228443
v -0.2705882352941176 0.3897058823529411 0.16098965465938575
v -0.2067887930409875 0.38594190962102887 0.17235924452776943
v -0.2029411764705883 0.36838119139571945 0.17499999999999993
v -0.2029411764705883 0.3879937411460578 0.17379878347072622
v -0.2029411764705883 0.3897058823529411 0.17119696949540936
v -0.2211805242527331 0.3897058823529411 0.16248168987622974
v -0.13589303121357255 0.38911998864656894 0.1745889444155293
v -0.1352941176470588 0.3871940518146907 0.17499999999999993
v -0.1352941176470588 0.38934170743255764 0.1747444995003023
v -0.1352941176470588 0.3897058823529411 0.17430638186716602
v -0.1372648428803192 0.3897058823529411 0.17364742150139573
v -0.14461993856394334 0.3805827966733802 0.17499999999999993
v -0.11696131156865236 0.3897058823529411 0.17499999999999993
v 0.13500919227078706 0.38942715100658837 0.1748044456268445
v 0.1352941176470588 0.3871940518146907 0.17499999999999993
v 0.1352941176470588 0.38934170743255764 0.1747444995003023
v 0.1352941176470588 0.3897058823529411 0.17430638186716602
v 0.1345752275267589 0.3897058823529411 0.17450660025904877
v 0.11696131156865236 0.3897058823529411 0.17499999999999993
v 0.13391433684826354 0.38835609678890226 0.17499999999999993
v 0.20184619359048456 0.3886347034484917 0.17424847448291003
v 0.2029411764705884 0.3683811913957194 0.17499999999999993
v 0.2029411764705884 0.3879937411460578 0.1737987834707262
v 0.2029411764705884 0.3897058823529411 0.17119696949540936
v 0.20002234744324263 0.3897058823529411 0.17299670430110733
v 0.19583869618443922 0.382757803812143 0.17499999999999993
v 0.2705882352941176 0.38534177640153705 0.17193819868171328
v 0.2685483011878692 0.3877102946403069 0.1735999210016121
v 0.2705882352941176 0.3897058823529411 0.16098965465938575
v 0.2641907673109302 0.3897058823529411 0.17060919122893034
v 0.24639921744747906 0.36604271272035993 0.17499999999999993
v 0.33823529411764697 0.37059357923309205 0.16159105082702646
v 0.3332216100847676 0.3848011914512113 0.1715589311451355
v 0.3159891269644398 0.3897058823529411 0.1597316678855317
v 0.3852304115167263 0.3695028961768485 0.16082584144470957
v -0.2705882352941176 0.43364388601525267 0.15939777399800265
v -0.22456157412110483 0.4347319639352363 0.16016115564980068
v -0.2029411764705883 0.4491354827941821 0.17026648157941027
v -0.2029411764705883 0.4558823529411764 0.1320334090085521
v -0.1352941176470588 0.4525401811636769 0.1726551747211828
v -0.14173536039473636 0.4495811372097527 0.17057914705827093
v -0.1352941176470588 0.4558823529411764 0.1612775773101448
v -0.19753154234416878 0.4558823529411764 0.13228425199359845
v -0.07088500401296689 0.45271479786455276 0.1727776835811624
v -0.0676470588235294 0.4193512305552049 0.17499999999999993
v -0.0676470588235294 0.45360718602590855 0.17340377178325644
v -0.0676470588235294 0.4558823529411764 0.16737654018519213
v -0.08685522065879164 0.4558823529411764 0.16181675849194727
v -0.0022792130058618965 0.4536526880441376 0.17343569542144255
v 0 0.4284146752038813 0.17499999999999993
v 0 0.45387208900042875 0.17358962434633254
v 0 0.4558823529411764 0.16864390007734967
v -0.01091468761331979 0.4558823529411764 0.1675088634703612
v -0.03699269468245512 0.41969384727355724 0.17499999999999993
v 0.06555003928372628 0.4538309207826734 0.17356074124752638
v 0.0676470588235294 0.4193512305552049 0.17499999999999993
v 0.0676470588235294 0.45360718602590855 0.17340377178325644
v 0.0676470588235294 0.4558823529411764 0.16737654018519213
v 0.05821769490998474 0.4558823529411764 0.1685282937115112
v 0.039224903696009485 0.4280780707512113 0.17499999999999993
v 0.1352941176470588 0.4525401811636769 0.1726551747211828
v 0.1328382645597821 0.4534798879644927 0.1733144610798504
v 0.1352941176470588 0.4558823529411764 0.1612775773101448
v 0.12365272427719542 0.4558823529411764 0.16701009958155336
v 0.09701010724585918 0.41843060363565504 0.17499999999999993
v 0.2029411764705884 0.4491354827941821 0.17026648157941027
v 0.19927027511638268 0.452291253790323 0.17248053043702022
v 0.2029411764705884 0.4558823529411764 0.13203340900855196
v 0.18186344331021956 0.4558823529411764 0.16053360550173443
v 0.2705882352941176 0.43364388601525267 0.15939777399800265
v 0.2632152948442529 0.4486696938054392 0.16993968993968905
v 0.20764783704635675 0.4558823529411764 0.1318017763579031
v 0.314714932119029 0.4328733031599197 0.15885714285188018
v -0.2029411764705883 0.46028965721815496 0.1316635372863881
v -0.19832203794196077 0.46040107541483377 0.13174170687834372
v -0.1352941176470588 0.5000703875238671 0.15957319251674487
v -0.08978076475477742 0.5004062851184081 0.1598088540037086
v -0.0676470588235294 0.509210572649093 0.16598583033476044
v 0 0.5111733075462259 0.16736286021497124
v -0.013040046372628109 0.5093022564257538 0.16605015450822724
v 0.0676470588235294 0.509210572649093 0.16598583033476044
v 0.05643684572488674 0.5110923107155221 0.1673060338670806
v 0.1352941176470588 0.5000703875238671 0.15957319251674487
v 0.12191556481940202 0.5089711088067039 0.16581782554375105
v 0.2029411764705884 0.4602896572181548 0.13166353728638797
v 0.18006051712287943 0.49967556981969646 0.15929619342905688
v 0.2073838512630141 0.4602284478468103 0.13162059356871453
v -0.0676470588235294 -0.2720588235294118 0.20262562438693346
v 0 -0.2720588235294118 0.2133597133398403
v -0.017815140172214423 -0.2720588235294118 0.2092014100060268
v 0.0676470588235294 -0.2720588235294118 0.20262562438693346
v 0.04830314597510555 -0.2720588235294118 0.20815215919409424
v 0.10276625711318974 -0.2720588235294118 0.19910354913669237
v -0.2029411764705883 -0.20588235294117652 0.2155209464501736
v -0.19570287243142903 -0.26497787392588645 0.17996790432501297
v -0.1352941176470588 -0.26504842112087773 0.22142857142857153
v -0.1352941176470588 -0.2694885699899338 0.1768032572451575
v -0.20015918598403537 -0.20588235294117652 0.22142857142857153
v -0.1937984419392385 -0.26311484409656966 0.22142857142857153
v -0.1343003186989318 -0.2710866289062441 0.17568207940228583
v -0.0676470588235294 -0.26999893254122614 0.22142857142857153
v -0.13246053245038092 -0.26928683801092257 0.22142857142857153
v 0 -0.2712159525107144 0.22142857142857153
v -0.06602536985326375 -0.2704723886671954 0.22142857142857153
v 0.0676470588235294 -0.26999893254122614 0.22142857142857153
v 0.0011225949629411925 -0.27096063280479543 0.22142857142857153
v 0.1352941176470588 -0.26504842112087773 0.22142857142857153
v 0.1352941176470588 -0.2694885699899338 0.1768032572451575
v 0.07306537310061549 -0.26675829869313195 0.22142857142857153
v 0.2029411764705884 -0.20588235294117652 0.2155209464501735
v 0.2009071824612248 -0.20588235294117652 0.22003256932897725
v 0.20015918598403543 -0.20588235294117652 0.22142857142857153
v 0.24854974330829624 -0.20588235294117652 0.20630277413395492
v -0.2705882352941176 -0.13970588235294112 0.21609889921468894
v -0.2029411764705883 -0.20448108599643008 0.22142857142857153
v -0.2674280183888478 -0.20279083640341258 0.17716896874554225
v -0.269026247810324 -0.13970588235294112 0.22142857142857153
v -0.26606248882769323 -0.20145499226750052 0.22142857142857153
v -0.20252949613964846 -0.20547962218264842 0.22142857142857153
v 0.2029411764705884 -0.20448108599643006 0.22142857142857153
v 0.26129319424994807 -0.14879885728745484 0.21504905568086508
v 0.2705882352941176 -0.13970588235294112 0.21609889921468894
v 0.26942631626113744 -0.13970588235294112 0.22063110525997337
v 0.269026247810324 -0.13970588235294112 0.22142857142857153
v 0.31781430990381165 -0.13970588235294112 0.2074129269836721
v -0.3382352941176471 -0.07352941176470584 0.18606277192575468
v -0.2705882352941176 -0.13646327121748408 0.22142857142857153
v -0.3307259511199946 -0.1323597859421941 0.1801539279580161
v -0.33034338462332846 -0.07352941176470584 0.22142857142857153
v -0.3283171891138865 -0.13000338832752317 0.22142857142857153
v -0.270122979083096 -0.13925074040737656 0.22142857142857153
v 0.2705882352941176 -0.13646327121748408 0.22142857142857153
v 0.3213589071058171 -0.09003892079801766 0.20984570953535908
v 0.33823529411764697 -0.07352941176470584 0.18606277192575485
v 0.33354050797522594 -0.07352941176470584 0.21820637348610245
v 0.3303433846233284 -0.07352941176470584 0.22142857142857153
v 0.34960018837321205 -0.07352941176470584 0.18280012928720452
v -0.3382352941176471 -0.05477931976447548 0.18815482645095524
v -0.3382352941176471 -0.007352941176470562 0.2106851838579815
v -0.33559775913848316 -0.007352941176470562 0.22142857142857153
v -0.3349357352436987 -0.07030158243149548 0.22142857142857153
v 0.33823529411764697 -0.05477931976447521 0.18815482645095544
v 0.3344660727480179 -0.011040222951107695 0.2188416213581118
v 0.33823529411764697 -0.007352941176470562 0.21068518385798155
v 0.3364752426477296 -0.007352941176470562 0.220220585792386
v 0.33559775913848305 -0.007352941176470562 0.22142857142857153
v 0.33183517319096933 -0.01361392903952479 0.22142857142857153
v 0.35016673994916314 -0.06185734519039661 0.18318897369181691
v 0.38171578343269685 -0.007352941176470562 0.20484219918827953
v -0.3382352941176471 0.044853470644574824 0.21162735559508272
v -0.3382352941176471 0.05882352941176472 0.21415479635596293
v -0.3362451489096097 0.05882352941176472 0.22142857142857153
v -0.3360044529624221 -0.005170596568098281 0.22142857142857153
v 0.33823529411764697 0.04485347064457493 0.21162735559508278
v 0.33666636115789383 0.057288703690267104 0.22035175719221922
v 0.33823529411764697 0.05882352941176472 0.214154796355963
v 0.33694564408976624 0.05882352941176472 0.22054343895601983
v 0.3362451489096096 0.05882352941176472 0.22142857142857153
v 0.3358807558105142 0.05652017672000438 0.22142857142857153
v 0.3819505502253539 0.035411983276720876 0.20500332794969944
v 0.3872530588255449 0.05882352941176472 0.20864262733057587
v -0.3382352941176471 0.1125891085689002 0.21272124759913322
v -0.3382352941176471 0.125 0.20977958580670442
v -0.33444881432813023 0.125 0.22142857142857153
v -0.3351543508613054 0.06183749564079462 0.22142857142857153
v 0.33823529411764697 0.11258910856890025 0.21272124759913325
v 0.33664017980857164 0.12343956208894806 0.22033378800526207
v 0.33823529411764697 0.125 0.20977958580670447
v 0.3360852438646931 0.125 0.2199529158201777
v 0.3344488143281301 0.125 0.22142857142857153
v 0.3357799059274566 0.12259798981394421 0.22142857142857153
v 0.38670617100245946 0.10624069158168983 0.2082672788557253
v 0.38121185268735364 0.125 0.2044963336767241
v -0.3382352941176471 0.1710684472957522 0.20732103762654366
v -0.3382352941176471 0.19117647058823528 0.18486633621838186
v -0.3198155691021518 0.19117647058823528 0.22142857142857153
v -0.3231448476050429 0.13976239332754753 0.22142857142857153
v 0.33823529411764697 0.1710684472957523 0.20732103762654375
v 0.33546014741627556 0.18846165316298064 0.21952388999688494
v 0.33823529411764697 0.19117647058823528 0.18486633621838203
v 0.3323572321453827 0.19117647058823528 0.21739424939170693
v 0.31981556910215175 0.19117647058823528 0.22142857142857153
v 0.3333831948512946 0.18642985174071666 0.22142857142857153
v 0.3802011142379466 0.1660535196829017 0.2038026280949882
v 0.34915395217325007 0.19117647058823528 0.18249386158474618
v -0.3382352941176471 0.20279640010799724 0.1831523949964044
v -0.32122884271144586 0.2078132165290843 0.18667212969183372
v -0.2705882352941176 0.24205535835420688 0.22142857142857153
v -0.2705882352941176 0.2526521060894724 0.21813052522467757
v -0.2705882352941176 0.25735294117647056 0.2103853402487643
v -0.26161360361443675 0.25735294117647056 0.22142857142857153
v 0.26955525618187753 0.25634241813188796 0.22071960129253101
v 0.2705882352941176 0.24205535835420688 0.22142857142857153
v 0.2705882352941176 0.2526521060894724 0.21813052522467757
v 0.2705882352941176 0.25735294117647056 0.2103853402487643
v 0.2670975175486096 0.25735294117647056 0.21903276825541235
v 0.26161360361443675 0.25735294117647056 0.22142857142857153
v 0.2689787551315212 0.2557784497130611 0.22142857142857153
v 0.33823529411764697 0.20279640010799743 0.1831523949964045
v 0.3309568084646197 0.25023268347242217 0.21643308903938202
v 0.3159258212064543 0.25735294117647056 0.206116790331138
v 0.3164795536703645 0.23607015160847683 0.22142857142857153
v 0.3489012005091244 0.20161050944946313 0.18232038916930585
v -0.2705882352941176 0.3021587353439055 0.2064351762254068
v -0.21997447341727178 0.30686640388208064 0.20973801669187253
v -0.2029411764705883 0.31415944679908026 0.22142857142857153
v -0.2029411764705883 0.31986187441059466 0.21885547379283002
v -0.2029411764705883 0.32352941176470584 0.2077685732722768
v -0.16400567428800766 0.32352941176470584 0.22142857142857153
v 0.20168456928614448 0.32230012212774983 0.22056611742931034
v 0.2029411764705884 0.31415944679908026 0.22142857142857153
v 0.2029411764705884 0.31986187441059466 0.21885547379283
v 0.2029411764705884 0.32352941176470584 0.20776857327227677
v 0.1966322513080103 0.32352941176470584 0.21709853273003188
v 0.16400567428800772 0.32352941176470584 0.22142857142857153
v 0.2008748252415941 0.3215079812146027 0.22142857142857153
v 0.2705882352941176 0.3021587353439055 0.2064351762254068
v 0.2653949174292533 0.3184489921142951 0.21786421351510876
v 0.2454648604230673 0.32352941176470584 0.2041855097934717
v 0.25777060835960575 0.3109904288939877 0.22142857142857153
v 0.31402556649763486 0.29984598257121575 0.20481257824837684
v -0.2029411764705883 0.3638653206060981 0.20329916144110383
v -0.15934193896700988 0.36618083975733684 0.20492370027419513
v -0.1352941176470588 0.34721215656788934 0.22142857142857153
v -0.1352941176470588 0.38177869474658865 0.2158669572666544
v -0.07477622911586 0.3827316940234873 0.21653556945774832
v -0.0676470588235294 0.3797982868923323 0.22142857142857153
v -0.0676470588235294 0.3858325558964417 0.21871109477178938
v -0.0676470588235294 0.3897058823529411 0.1970041507120839
v -0.1087988133589108 0.3494487311770245 0.22142857142857153
v -0.003738833649987325 0.3860483276953448 0.21886247752594046
v 0 0.3831485912697099 0.22142857142857153
v 0 0.38676345323339245 0.2193642005224755
v 0 0.3897058823529411 0.20376249450399597
v -0.03456036348391031 0.3897058823529411 0.19770857040390008
v -0.009615455257174138 0.3802994587317925 0.22142857142857153
v 0.06445965003464992 0.38658776505947207 0.21924093993061386
v 0.0676470588235294 0.3797982868923323 0.22142857142857153
v 0.0676470588235294 0.3858325558964417 0.21871109477178938
v 0.0676470588235294 0.3897058823529411 0.1970041507120839
v 0.040931436046904336 0.3897058823529411 0.20309269368436605
v 0.060567986393727305 0.3827807028020478 0.22142857142857153
v 0.13076123586173743 0.3852715414759963 0.21831749417839755
v 0.1352941176470588 0.34721215656788934 0.22142857142857153
v 0.1352941176470588 0.38177869474658865 0.2158669572666544
v 0.0972867931467861 0.3897058823529411 0.19534279902310478
v 0.12385984650590422 0.3785201823235508 0.22142857142857153
v 0.2029411764705884 0.3638653206060981 0.2032991614411038
v 0.19370787608942353 0.38067330589310594 0.21509143048373477
v 0.1572286775756454 0.3449871334339753 0.22142857142857153
v 0.2428991392205454 0.3626187231505335 0.20242456449608864
v -0.0676470588235294 0.41529542088594884 0.19295329528823718
v -0.04132054583512692 0.4154600798415957 0.19306881792061165
v 0 0.4241205575053317 0.19914489907516925
v 0.0676470588235294 0.41529542088594884 0.19295329528823718
v 0.03500247314616433 0.423947432169841 0.19902343653820598
v 0.09354919796095296 0.41504493150911637 0.19277755512226896
v -0.1658401160015867 -0.23576430785321467 0.24689234274425262
v -0.1352941176470588 -0.2362400449052295 0.2678571428571428
v -0.1352941176470588 -0.24033305420504378 0.243686968319636
v -0.18602912342910502 -0.20588235294117652 0.2330359121806454
v -0.17020519962665703 -0.20588235294117652 0.2678571428571428
v -0.16358103299315552 -0.23355433534496675 0.2678571428571428
v -0.127119220957595 -0.26406164198537113 0.22703929244835877
v -0.0676470588235294 -0.26340978339902943 0.2678571428571428
v -0.0676470588235294 -0.265987503209134 0.22568813266914736
v -0.12516444096373877 -0.26214935720877264 0.2678571428571428
v -0.06330148489326184 -0.2678077185976283 0.22441109266642595
v 0 -0.2662861972519883 0.2678571428571428
v 0 -0.26975568207400036 0.2230444262274475
v -0.061375837170710726 -0.2659239327820892 0.2678571428571428
v 0.0034082895718262327 -0.268724627209147 0.2237678012278684
v 0.0676470588235294 -0.26340978339902943 0.2678571428571428
v 0.0676470588235294 -0.265987503209134 0.22568813266914736
v 0.008339788084594988 -0.26390033518578626 0.2678571428571428
v 0.09494954250161487 -0.24534987210519774 0.24016723258651212
v 0.1352941176470588 -0.2362400449052295 0.2678571428571428
v 0.1352941176470588 -0.24033305420504378 0.243686968319636
v 0.10159280280346995 -0.2388510305055569 0.2678571428571428
v 0.19565838204168465 -0.20588235294117652 0.2628587032025225
v 0.1702051996266571 -0.20588235294117652 0.2678571428571428
v -0.25620515268562827 -0.19181194604156734 0.23130019023750362
v -0.2029411764705883 -0.19354348373503735 0.2678571428571428
v -0.2029411764705883 -0.20089690706289115 0.2249262969495273
v -0.2650586546980136 -0.13970588235294112 0.22522371835943794
v -0.25792948322225356 -0.13970588235294112 0.2678571428571428
v -0.25412869621561524 -0.18978062992959807 0.2678571428571428
v -0.202016965075778 -0.2049782330984273 0.22206289042935748
v -0.20040418914614305 -0.2034005175150888 0.2678571428571428
v 0.2029411764705884 -0.19354348373503727 0.2678571428571428
v 0.2029411764705884 -0.20089690706289107 0.22492629694952734
v 0.26669151821573867 -0.13970588235294112 0.26518268796794486
v 0.25792948322225356 -0.13970588235294112 0.2678571428571428
v -0.2961879888389583 -0.09857264892813694 0.2502871256726404
v -0.2705882352941176 -0.10263261600494511 0.2678571428571428
v -0.2705882352941176 -0.11786634201133823 0.23675091560474365
v -0.300485845810891 -0.07352941176470584 0.24733735427264936
v -0.2965190328048215 -0.07352941176470584 0.2678571428571428
v -0.29406241718767717 -0.09649328535623151 0.2678571428571428
v -0.2695321378945061 -0.1386727435924516 0.22215340846370862
v -0.2679230754680072 -0.13709866078392008 0.2678571428571428
v 0.2705882352941176 -0.10263261600494511 0.2678571428571428
v 0.2705882352941176 -0.11786634201133823 0.23675091560474365
v 0.3284915559174968 -0.07352941176470584 0.2611696703657354
v 0.29651903280482145 -0.07352941176470584 0.2678571428571428
v -0.3281241637959384 -0.0636380886239039 0.22836819814005477
v -0.32997747464878824 -0.007352941176470562 0.227096205287633
v -0.3271722561252723 -0.007352941176470562 0.2678571428571428
v -0.3258594468076808 -0.06142260461365191 0.2678571428571428
v 0.3295689347235183 -0.01583090145333558 0.26190911358353275
v 0.3345844085079682 -0.007352941176470562 0.2653514108082639
v 0.32717225612527223 -0.007352941176470562 0.2678571428571428
v 0.29871901986860344 -0.04601016598531751 0.2678571428571428
v -0.3316926606375603 -0.0009525388589943827 0.22591901241956275
v -0.3323567699289062 0.05882352941176472 0.2254632107009682
v -0.32964092563279335 0.05882352941176472 0.2678571428571428
v -0.32938325285525116 0.0013066644063080106 0.2678571428571428
v 0.33469978568967784 0.055364879862664515 0.2654305982528534
v 0.3352385595335091 0.05882352941176472 0.26580037781647675
v 0.3296409256327933 0.05882352941176472 0.2678571428571428
v 0.3274825180280502 0.04830450932411571 0.2678571428571428
v -0.3271346269623645 0.06968287771584548 0.22904735230222817
v -0.32496989325398806 0.125 0.23053308568592754
v -0.3215030527084049 0.125 0.2678571428571428
v -0.32261624287504964 0.07410303606213173 0.2678571428571428
v 0.3349684925407558 0.12180421584869339 0.26561502127797215
v 0.33323128939319835 0.125 0.264422717254338
v 0.3215030527084048 0.125 0.2678571428571428
v 0.32893893621020676 0.11590573682967804 0.2678571428571428
v -0.2705882352941176 0.18873889332457605 0.26614696960232154
v -0.2705882352941176 0.18218016106268126 0.2678571428571428
v -0.2705882352941176 0.19117647058823528 0.2606024027889858
v -0.2680507337823924 0.19117647058823528 0.2678571428571428
v 0.2701210396705677 0.19071943139128433 0.2675364899602344
v 0.2705882352941176 0.18218016106268126 0.2678571428571428
v 0.2705882352941176 0.18873889332457605 0.26614696960232154
v 0.2705882352941176 0.19117647058823528 0.2606024027889858
v 0.26958774499128035 0.19117647058823528 0.2671704709412204
v 0.2680507337823924 0.19117647058823528 0.2678571428571428
v 0.2696072938289902 0.1902168539375672 0.2678571428571428
v 0.3324544932861522 0.18552133934003384 0.2638895745845951
v 0.31716149855176656 0.19117647058823528 0.2533934508693802
v 0.3194515480379063 0.17280106681457597 0.2678571428571428
v -0.2705882352941176 0.238536206123196 0.2546555604864328
v -0.21771336403198632 0.25735294117647056 0.25771846754326405
v -0.21474709924994634 0.25735294117647056 0.2678571428571428
v -0.22405002571958282 0.23670297995462805 0.2678571428571428
v 0.2705882352941176 0.238536206123196 0.2546555604864328
v 0.26847753490506543 0.2552881255784848 0.2664084944534766
v 0.2592138066328042 0.25735294117647056 0.2600504697697196
v 0.21474709924994612 0.25735294117647056 0.2678571428571428
v 0.26536853330163 0.25224671096642837 0.2678571428571428
v 0.3151311832724629 0.23475109361052968 0.25199997361246684
v -0.2029411764705883 0.311985317676567 0.25975795303657556
v -0.2029411764705883 0.26848512893386167 0.2678571428571428
v -0.1444427750341583 0.3145796382338476 0.26157809539581056
v -0.1352941176470588 0.31847831280801825 0.2678571428571428
v -0.1352941176470588 0.3216097673542433 0.26651034471519924
v -0.1352941176470588 0.32352941176470584 0.2417405966781544
v -0.18842343809410633 0.2715550765447681 0.2678571428571428
v -0.08789522372428804 0.32352941176470584 0.2678571428571428
v 0.13428662473456954 0.3225438208720533 0.2671656648022977
v 0.1352941176470588 0.31847831280801825 0.2678571428571428
v 0.1352941176470588 0.3216097673542433 0.26651034471519924
v 0.1352941176470588 0.32352941176470584 0.2417405966781544
v 0.12668818859443995 0.32352941176470584 0.26195058906637025
v 0.08789522372428804 0.32352941176470584 0.2678571428571428
v 0.1330678567027933 0.32135154779748965 0.2678571428571428
v 0.20031658703413888 0.3209618786203531 0.26605579420666037
v 0.2029411764705884 0.2684851289338614 0.2678571428571428
v 0.2029411764705884 0.31198531767656695 0.25975795303657556
v 0.1600077519589611 0.32352941176470584 0.2383904136115851
v 0.19614692829902414 0.31688286464034954 0.2678571428571428
v 0.2566486609979661 0.3098928716923837 0.2582899195048153
v 0.21250467130685338 0.26670853395107763 0.2678571428571428
v -0.1352941176470588 0.3452085642458505 0.2366383895185174
v -0.1118377748731659 0.3464758340435141 0.2375274899162433
v -0.0676470588235294 0.3384677563874209 0.2678571428571428
v -0.0676470588235294 0.37805957771263776 0.2596862434110887
v -0.011551896996850455 0.3784051135516744 0.2599286669680001
v 0 0.35930495938499213 0.2678571428571428
v 0 0.3817475930184903 0.2622737081177345
v -0.05194167340985731 0.3388933757563416 0.2678571428571428
v 0.05924753271875936 0.38148895464175303 0.26209225071691244
v 0.0676470588235294 0.3384677563874209 0.2678571428571428
v 0.0676470588235294 0.37805957771263776 0.2596862434110887
v 0.035957608645337515 0.3587053332655795 0.2678571428571428
v 0.1352941176470588 0.3452085642458505 0.2366383895185174
v 0.12252478424787198 0.37721414315808444 0.259093097263291
v 0.08192792785922051 0.33749982712570803 0.2678571428571428
v 0.15629341235106095 0.3440722000620992 0.2358411308372189
v -0.1352941176470588 -0.20588235294117652 0.28715737791370255
v -0.0676470588235294 -0.20588235294117652 0.3067643201517206
v -0.10581997560442793 -0.20588235294117652 0.2880862900354702
v 0 -0.20588235294117652 0.3090584051065967
v -0.01064191790635436 -0.20588235294117652 0.30698178926303005
v 0.0676470588235294 -0.20588235294117652 0.3067643201517206
v 0.05979161554666899 -0.20588235294117652 0.30889424545283806
v 0.1352941176470588 -0.20588235294117652 0.28715737791370255
v 0.1235627485382704 -0.20588235294117652 0.30623406033216694
v 0.16220716657069995 -0.20588235294117652 0.28632852115566665
v -0.2029411764705883 -0.13970588235294112 0.30284300164915473
v -0.1352941176470588 -0.1731501702982287 0.29082162655267124
v -0.1352941176470588 -0.13970588235294112 0.31239475555146207
v -0.14881193543046098 -0.13970588235294112 0.3050079573598389
v -0.0676470588235294 -0.1674929355700863 0.3142857142857143
v -0.10001503092391317 -0.13970588235294112 0.3142857142857143
v -0.09471245610260967 -0.16618290143030232 0.3142857142857143
v 0 -0.18718063100600157 0.3142857142857143
v -0.04804730243923576 -0.18670867821741097 0.3142857142857143
v 0.0676470588235294 -0.1674929355700863 0.3142857142857143
v 0.03866566768772125 -0.16805724324666654 0.3142857142857143
v 0.1352941176470588 -0.1731501702982287 0.29082162655267124
v 0.12634242336042872 -0.14846297458986185 0.30814184957346197
v 0.1352941176470588 -0.13970588235294112 0.31239475555146207
v 0.1339124618152041 -0.13970588235294112 0.31333743497254696
v 0.10001503092391317 -0.13970588235294112 0.3142857142857143
v 0.1642258384307193 -0.17757958260933476 0.2877140071217048
v 0.2029411764705884 -0.13970588235294112 0.3028430016491547
v 0.19937777924094885 -0.13970588235294112 0.311840028609471
v 0.25231449614370316 -0.13970588235294112 0.30174380014831803
v -0.2705882352941176 -0.07352941176470584 0.283803969501978
v -0.2029411764705883 -0.08697893794956932 0.30484969750204816
v -0.2029411764705883 -0.07352941176470584 0.3122674925210608
v -0.24253611110794665 -0.07352941176470584 0.28711030883585026
v -0.1352941176470588 -0.13291556371658964 0.3142857142857143
v -0.19586689717228717 -0.07352941176470584 0.3142857142857143
v -0.19413043861761778 -0.13108668227938303 0.3142857142857143
v -0.13458532116917793 -0.13901249449414463 0.3142857142857143
v 0.1352941176470588 -0.13291556371658964 0.3142857142857143
v 0.20012949021140886 -0.07627997440955538 0.3123559544618675
v 0.2029411764705884 -0.0869789379495694 0.3048496975020481
v 0.2029411764705884 -0.07352941176470584 0.31226749252106073
v 0.20201154086670758 -0.07352941176470584 0.313647672458206
v 0.19586689717228725 -0.07352941176470584 0.3142857142857143
v 0.25322013477987787 -0.09051994487646212 0.30236537200730745
v 0.2705882352941176 -0.07352941176470584 0.283803969501978
v 0.2666664137679436 -0.07352941176470584 0.3115940293252035
v 0.29260243641811134 -0.07352941176470584 0.28296626847330003
v -0.2705882352941176 -0.04975519944806126 0.28453682832374105
v -0.2705882352941176 -0.007352941176470562 0.30505241277241696
v -0.2029411764705883 -0.01560147439735314 0.3142857142857143
v -0.2097921927658219 -0.007352941176470562 0.3142857142857143
v -0.20937732193304587 -0.013649170433222564 0.3142857142857143
v -0.20177003037307778 -0.07238372536496732 0.3142857142857143
v 0.2029411764705884 -0.0156014743973526 0.3142857142857143
v 0.2705882352941176 -0.04975519944806126 0.28453682832374105
v 0.2669146222463684 -0.010946693071007776 0.31176438359145164
v 0.2705882352941176 -0.007352941176470562 0.30505241277241696
v 0.2686155815887553 -0.007352941176470562 0.31293181220843147
v 0.20979219276582156 -0.007352941176470562 0.3142857142857143
v 0.2926497658861045 -0.051947479663849064 0.2829987523628233
v 0.3231258589365019 -0.007352941176470562 0.30391557399058056
v -0.2705882352941176 0.04584740333773073 0.30518182900837615
v -0.2705882352941176 0.05882352941176472 0.30694419653350447
v -0.2202228182674922 0.05882352941176472 0.3142857142857143
v -0.21999748354637344 0.042138011620235755 0.3142857142857143
v 0.2705882352941176 0.04584740333773073 0.30518182900837615
v 0.2686489887708635 0.056926440421624855 0.3129547407402511
v 0.2705882352941176 0.05882352941176472 0.30694419653350447
v 0.26887360374476843 0.05882352941176472 0.31310890194904917
v 0.22022281826749193 0.05882352941176472 0.3142857142857143
v 0.20990125169461804 -0.0005441719355719745 0.3142857142857143
v 0.32315635835564377 0.044072396601109405 0.3039365068217307
v 0.32599635119977977 0.05882352941176472 0.30588569445699176
v -0.2705882352941176 0.11411687337706614 0.3066502508454972
v -0.2705882352941176 0.125 0.3008789310668614
v -0.210060293320898 0.1180356465594796 0.30939961234807933
v -0.2029411764705883 0.08224876385232627 0.3142857142857143
v -0.2029411764705883 0.12393958196163372 0.3135417384556224
v -0.2029411764705883 0.125 0.3132556278646526
v -0.21614885670183714 0.125 0.3052208157419068
v -0.19667870648740962 0.125 0.3142857142857143
v 0.20255393949745132 0.1246211812219311 0.3140199398414183
v 0.2029411764705884 0.08224876385232578 0.3142857142857143
v 0.2029411764705884 0.12393958196163372 0.3135417384556224
v 0.2029411764705884 0.125 0.31325562786465255
v 0.20237797226485693 0.125 0.313899167299793
v 0.1966787064874097 0.125 0.3142857142857143
v 0.20175261484943535 0.12383727667495896 0.3142857142857143
v 0.2705882352941176 0.11411687337706614 0.3066502508454972
v 0.26879361925710654 0.12324439735509789 0.31305400576341785
v 0.2705882352941176 0.125 0.3008789310668614
v 0.26811362424578533 0.125 0.3125873011127906
v 0.219627490798625 0.07514709777614842 0.3142857142857143
v 0.32594248043775104 0.1129744214001018 0.3058487210457857
v 0.3169827752015969 0.125 0.29969935813525755
v -0.2705882352941176 0.17100138882943047 0.3001311331152512
v -0.2029411764705883 0.18899902474942643 0.31275804593531187
v -0.22098611268910767 0.1735238155918576 0.30190083570095405
v -0.2029411764705883 0.19117647058823528 0.3104476645213644
v -0.1355463329449385 0.1909297382316138 0.31411260999741797
v -0.1352941176470588 0.19008136644448645 0.3142857142857143
v -0.1352941176470588 0.19108496176369955 0.31422151285643685
v -0.1352941176470588 0.19117647058823528 0.31415748562957047
v -0.1359580650995194 0.19117647058823528 0.3138300236428764
v -0.13299136250580826 0.19117647058823528 0.3142857142857143
v 0.13524148000722755 0.1911249772449221 0.31424958720992946
v 0.1352941176470588 0.19008136644448645 0.3142857142857143
v 0.1352941176470588 0.19108496176369955 0.31422151285643685
v 0.1352941176470588 0.19117647058823528 0.31415748562957047
v 0.13518903285153716 0.19117647058823528 0.3142135908701544
v 0.13299136250580823 0.19117647058823528 0.3142857142857143
v 0.13510308920548444 0.19098959493886908 0.3142857142857143
v 0.2029411764705884 0.18899902474942643 0.31275804593531187
v 0.20210015841867157 0.19035373553744708 0.3137084938215105
v 0.2029411764705884 0.19117647058823528 0.3104476645213644
v 0.20127975600096684 0.19117647058823528 0.31314542259693673
v 0.19396573051240806 0.18239614302045018 0.3142857142857143
v 0.2705882352941176 0.17100138882943047 0.3001311331152512
v 0.26792288437165485 0.18856906207713045 0.31245638958427246
v 0.2639592727421109 0.19117647058823528 0.3097360225962935
v 0.31697662857267356 0.17037994994641348 0.2996951394862139
v -0.2029411764705883 0.2509834684414999 0.3098169730970523
v -0.2029411764705883 0.25735294117647056 0.2744664796430374
v -0.1352941176470588 0.25567646982257364 0.3131095232723453
v -0.14105146452636508 0.25172075401193184 0.3103342432909109
v -0.1352941176470588 0.25735294117647056 0.3093546713765951
v -0.19213915417675217 0.25735294117647056 0.2752709531892477
v -0.06914623121546398 0.25588635948870847 0.3132567791968399
v -0.0676470588235294 0.24254030959062423 0.3142857142857143
v -0.0676470588235294 0.25652096695831805 0.31370201173901047
v -0.0676470588235294 0.25735294117647056 0.312385727906334
v -0.07399814050927851 0.25735294117647056 0.30992674207282433
v -0.0007156253898252668 0.25665287286033717 0.3137945552448715
v 0 0.24932049963076333 0.3142857142857143
v 0 0.2567628074372366 0.3138716839480295
v 0 0.25735294117647056 0.3130196895293264
v -0.002340055250713305 0.25735294117647056 0.31267965152047317
v -0.013188506039176692 0.24445114179031946 0.3142857142857143
v 0.06692992101305532 0.2566513933183981 0.31379351721703486
v 0.0676470588235294 0.24254030959062423 0.3142857142857143
v 0.0676470588235294 0.25652096695831805 0.31370201173901047
v 0.0676470588235294 0.25735294117647056 0.312385727906334
v 0.06546182885509756 0.25735294117647056 0.31278591359309493
v 0.05809066501607577 0.24800429506048333 0.3142857142857143
v 0.1352941176470588 0.25567646982257364 0.3131095232723453
v 0.13432057487817545 0.2564005623808238 0.31361753741638754
v 0.1352941176470588 0.25735294117647056 0.3093546713765951
v 0.1321382913325821 0.25735294117647056 0.31211975895807653
v 0.11848154984931522 0.24090586398302577 0.3142857142857143
v 0.2029411764705884 0.2509834684414999 0.3098169730970523
v 0.2009863946639358 0.25544065462648435 0.31294407832524773
v 0.2029411764705884 0.25735294117647056 0.27446647964303716
v 0.19484052973092075 0.25735294117647056 0.30872595363519706
v 0.2636918901521545 0.2506065165810719 0.3095525084584663
v 0.21205592182534422 0.25735294117647056 0.27411291529006526
v -0.2029411764705883 0.2662695111701015 0.27411289513838866
v -0.19365877811617496 0.26643354826230964 0.2742279814792712
v -0.1352941176470588 0.31530196709463 0.3085134435806769
v -0.0676470588235294 0.3200215242277611 0.31182462493439744
v -0.07574172813726229 0.3156107135230106 0.3087300561542392
v -0.0676470588235294 0.32352941176470584 0.27742904049156925
v 0 0.3208066299062182 0.31237544510880705
v -0.0035173671662422495 0.32008850910207753 0.31187162067161633
v 0 0.32352941176470584 0.291431832281838
v -0.053474045884632754 0.32352941176470584 0.2775845834145843
v 0.0676470588235294 0.3200215242277611 0.31182462493439744
v 0.06480895533106594 0.32075300617425245 0.3123378233793962
v 0.0676470588235294 0.32352941176470584 0.27742904049156925
v 0.03400455426886668 0.32352941176470584 0.2911956723398122
v 0.1352941176470588 0.31530196709463 0.3085134435806769
v 0.13155743617569518 0.31987396249924144 0.3117210974994678
v 0.08111732770424505 0.32352941176470584 0.2771022652876961
v 0.2029411764705884 0.2662695111701012 0.27411289513838843
v 0.1943742800484284 0.31514875222128846 0.3084059499711262
v 0.21205589246407752 0.2662695111701012 0.27411289513838843
v -0.0676470588235294 0.3364855979763392 0.27694703858022524
v -0.054402957362748625 0.3364855979763392 0.27694703858022524
v 0 0.3557251955751404 0.2904452959431937
v 0.0676470588235294 0.3364855979763392 0.27694703858022524
v 0.03291124567288861 0.3557251955751404 0.2904452959431937
v 0.08089116028431016 0.3364855979763392 0.27694703858022524
v -0.0676470588235294 -0.13970588235294112 0.3387550460518838
v -0.02444722859664719 -0.1636216494583569 0.3439352872054068
v 0 -0.16111422752455049 0.36071428571428577
v 0 -0.1641574131805325 0.34355940218127723
v -0.03149549819473537 -0.13970588235294112 0.36071428571428577
v -0.02188408617542286 -0.16111422752455049 0.36071428571428577
v 0.0676470588235294 -0.13970588235294112 0.3387550460518838
v 0.053476917269773216 -0.13970588235294112 0.3509888158901239
v 0.03149549819473537 -0.13970588235294112 0.36071428571428577
v 0.09506824104404897 -0.13970588235294112 0.33310584245569824
v -0.1894189057984823 -0.1264775740867505 0.32356652738675595
v -0.1352941176470588 -0.12618627454584438 0.36071428571428577
v -0.1352941176470588 -0.12910430984781524 0.3217236429321677
v -0.19190983436950904 -0.07352941176470584 0.32185691492030594
v -0.1889933229174871 -0.07352941176470584 0.36071428571428577
v -0.18789071404140326 -0.12498260388960795 0.36071428571428577
v -0.0676470588235294 -0.138968096198888 0.36071428571428577
v -0.1343803305696976 -0.1388119602120443 0.3149128787083752
v -0.13406995838236418 -0.13850833524617467 0.36071428571428577
v -0.06720963000459979 -0.13927796285616217 0.36071428571428577
v 0.0676470588235294 -0.138968096198888 0.36071428571428577
v 0.1352941176470588 -0.12618627454584438 0.36071428571428577
v 0.1352941176470588 -0.12910430984781524 0.3217236429321677
v 0.07682986397888526 -0.13072270339661474 0.36071428571428577
v 0.19382817382308692 -0.07352941176470584 0.35445970936305027
v 0.1889933229174872 -0.07352941176470584 0.36071428571428577
v -0.2029411764705883 -0.007352941176470562 0.3199493636778838
v -0.20128882978662568 -0.07191298566082938 0.31541977831414825
v -0.20124872550359033 -0.007352941176470562 0.36071428571428577
v -0.20075628148420654 -0.07139201449541935 0.36071428571428577
v 0.19570961662570463 -0.014427293198639453 0.35575101016857363
v 0.2029411764705884 -0.007352941176470562 0.3199493636778834
v 0.20174139303185734 -0.007352941176470562 0.3598908318634797
v 0.2012487255035904 -0.007352941176470562 0.36071428571428577
v 0.19168093196596575 -0.018368397757079657 0.36071428571428577
v 0.2089204215608953 -0.007352941176470562 0.318389481878751
v -0.2029411764705883 -0.0000053707496019909234 0.3194406763947237
v -0.2029411764705883 0.05882352941176472 0.3269153375642495
v -0.19989838386215794 0.05882352941176472 0.36071428571428577
v -0.20019332149812022 -0.004664822181664844 0.36071428571428577
v 0.2029411764705884 -0.000005370749602483585 0.31944067639472334
v 0.20160920552805342 0.05752051435928485 0.3598001068996888
v 0.2029411764705884 0.05882352941176472 0.32691533756424923
v 0.20121245320574266 0.05882352941176472 0.3595278017343761
v 0.19989838386215802 0.05882352941176472 0.36071428571428577
v 0.2010637914146105 0.05698695707439505 0.36071428571428577
v 0.2089204215608953 -0.0015036796750833685 0.318389481878751
v 0.21815202070130266 0.05882352941176472 0.32472545520182566
v -0.2029411764705883 0.07376661092682037 0.32476959052326126
v -0.1800160880686378 0.08125024632671624 0.3300200140895374
v -0.1352941176470588 0.12280339679654749 0.36071428571428577
v -0.1352941176470588 0.12375864503800839 0.35984336683619006
v -0.1352941176470588 0.125 0.35614902999633485
v -0.13211693005515274 0.125 0.36071428571428577
v 0.13504360866562143 0.12475493686598518 0.3605423525313738
v 0.1352941176470588 0.12280339679654749 0.36071428571428577
v 0.1352941176470588 0.12375864503800839 0.35984336683619006
v 0.1352941176470588 0.125 0.35614902999633485
v 0.13407495822821025 0.125 0.35987753344234313
v 0.13211693005515274 0.125 0.36071428571428577
v 0.1349322024191452 0.12464595249443235 0.36071428571428577
v 0.2029411764705884 0.07376661092682003 0.32476959052326104
v 0.2007422209721595 0.12284884788197172 0.3592050647044945
v 0.1920611345720491 0.125 0.3532469277652883
v 0.19909158432521623 0.12123409464039679 0.36071428571428577
v 0.21815202070130266 0.07370370311572436 0.32472545520182566
v -0.1352941176470588 0.18048422113542617 0.3532127392727911
v -0.0778057065185892 0.18123866306045938 0.35374204614717947
v -0.0676470588235294 0.1862826535956041 0.36071428571428577
v -0.0676470588235294 0.18926525225503965 0.35937339920115485
v -0.0676470588235294 0.19117647058823528 0.34817317741709697
v -0.0017853692089687678 0.18942991375337453 0.35948892361744694
v 0 0.1891115391074325 0.36071428571428577
v 0 0.19018998157182704 0.3600221775472184
v 0 0.19117647058823528 0.3532218396868608
v -0.017063476813904792 0.19117647058823528 0.3490030174662331
v -0.004589923878489263 0.18668632766362622 0.36071428571428577
v 0.06654234844653263 0.1900957756542167 0.3599560838716886
v 0.0676470588235294 0.1862826535956041 0.36071428571428577
v 0.0676470588235294 0.18926525225503965 0.35937339920115485
v 0.0676470588235294 0.19117647058823528 0.34817317741709697
v 0.0558553985199531 0.19117647058823528 0.35262125177922254
v 0.0653383122295501 0.18891791413760337 0.36071428571428577
v 0.1352941176470588 0.18048422113542617 0.3532127392727911
v 0.13316908597859745 0.18909763526039264 0.3592558012461803
v 0.11584278428586572 0.19117647058823528 0.3473641469788085
v 0.12987487361849245 0.18587503621246387 0.36071428571428577
v 0.1920113214743835 0.18048422113542617 0.3532127392727911
v -0.0676470588235294 0.2383244628883469 0.3473641469788085
v 0 0.24496860861365105 0.35202559524957744
v -0.019451333361193056 0.2383244628883469 0.3473641469788085
v 0.0676470588235294 0.2383244628883469 0.3473641469788085
v 0.054987518870425 0.24496860861365105 0.35202559524957744
v 0.11584278428586572 0.2383244628883469 0.3473641469788085
v 0 -0.13970588235294112 0.37916875424173657
v 0.024653267981236265 -0.13970588235294112 0.3776346963473703
v -0.1352941176470588 -0.07352941176470584 0.40040139689062526
v -0.13088217135079827 -0.13538984793268627 0.3637423606567503
v -0.0676470588235294 -0.13567577893910013 0.40714285714285725
v -0.0676470588235294 -0.1369969424504893 0.36261484355060913
v -0.132309298362932 -0.07352941176470584 0.40714285714285725
v -0.13042781490008398 -0.13494536879611796 0.40714285714285725
v 0 -0.13803438779748672 0.40714285714285725
v -0.06634525495578757 -0.13843237856928065 0.3616077597974253
v -0.06568875795921764 -0.1377901532465492 0.40714285714285725
v 0.0676470588235294 -0.13567577893910013 0.40714285714285725
v 0.0676470588235294 -0.1369969424504893 0.36261484355060913
v 0.003609590859875188 -0.13617476085958496 0.40714285714285725
v 0.1352941176470588 -0.07352941176470584 0.40040139689062526
v 0.13447922386800615 -0.07352941176470584 0.4065835666920168
v 0.13230929836293204 -0.07352941176470584 0.40714285714285725
v 0.1879091000721373 -0.07352941176470584 0.3968258109190756
v -0.1352941176470588 -0.06661234697269328 0.40714285714285725
v -0.1926958744464491 -0.06350683369761317 0.3677459992153254
v -0.19477848850126017 -0.007352941176470562 0.3663166274572097
v -0.19259280783124533 -0.007352941176470562 0.40714285714285725
v -0.19183996614944207 -0.062669532102715 0.40714285714285725
v -0.13457931313697374 -0.07283014648310092 0.40714285714285725
v 0.1352941176470588 -0.06661234697269328 0.40714285714285725
v 0.18886214474259996 -0.021125906997328782 0.39747991921774717
v 0.20073117979691868 -0.007352941176470562 0.4056260581835995
v 0.19259280783124538 -0.007352941176470562 0.40714285714285725
v -0.18473774152327113 0.010454766924165759 0.3732079475880655
v -0.18328630165090914 0.05882352941176472 0.37420412215884813
v -0.18025571323577014 0.05882352941176472 0.40714285714285725
v -0.1808614554219373 0.01424678593634017 0.40714285714285725
v 0.2006430581319671 0.05657537016746127 0.4055655771651078
v 0.19923120821714796 0.05882352941176472 0.4045965745838189
v 0.1802557132357702 0.05882352941176472 0.40714285714285725
v 0.19223327755397263 0.048348410906379743 0.40714285714285725
v -0.1352941176470588 0.12177570578137484 0.40488073326248847
v -0.1352941176470588 0.10460894520624613 0.40714285714285725
v -0.1044493248335939 0.125 0.3818841590427819
v -0.09770807535273675 0.125 0.40714285714285725
v 0.13475562316222886 0.1244732119170142 0.4067732693132069
v 0.1352941176470588 0.10460894520624613 0.40714285714285725
v 0.1352941176470588 0.12177570578137484 0.40488073326248847
v 0.13066134771617788 0.125 0.40396322312197314
v 0.09770807535273675 0.125 0.40714285714285725
v 0.13380694095812626 0.12354515323908774 0.40714285714285725
v 0.19907176534124119 0.12121470650389947 0.4044871432932121
v 0.1795787468673841 0.10214544930121325 0.40714285714285725
v -0.0676470588235294 0.1858778419200404 0.4034254065534253
v -0.0676470588235294 0.15168172273725644 0.40714285714285725
v -0.005319948338320432 0.1859721733007479 0.4034915882522709
v 0 0.17971294156471718 0.40714285714285725
v 0 0.18876805309497657 0.40545314201266625
v -0.040054211316148634 0.15199300299635074 0.40714285714285725
v 0.06513841159595468 0.18872235916995567 0.4054210837351119
v 0.0676470588235294 0.15168172273725644 0.40714285714285725
v 0.0676470588235294 0.1858778419200404 0.4034254065534253
v 0.05573854166840394 0.17952683424082994 0.40714285714285725
v 0.12987487361849245 0.18587503621246387 0.4034234381046176
v 0.09491234198021804 0.1516725596098041 0.40714285714285725
v -0.0676470588235294 -0.07352941176470584 0.4504131429473327
v 0 -0.07352941176470584 0.4521465515114032
v -0.004358776636723252 -0.07352941176470584 0.4505798458487085
v 0.0676470588235294 -0.07352941176470584 0.4504131429473327
v 0.06545089295728972 -0.07352941176470584 0.4520641221849721
v 0.1304134193835092 -0.07352941176470584 0.450221632558247
v -0.1352941176470588 -0.007352941176470562 0.4461345984184706
v -0.0676470588235294 -0.00937311837195795 0.4521540979041183
v -0.0676470588235294 -0.007352941176470562 0.4532356386567987
v -0.07263617462585166 -0.007352941176470562 0.45014722176300237
v 0 -0.04394732121314095 0.4535714285714285
v -0.0493921001546357 -0.007352941176470562 0.4535714285714285
v -0.036433793891616655 -0.04299469607044338 0.4535714285714285
v 0.06668179637331902 -0.008297219660372016 0.4529089347779611
v 0.0676470588235294 -0.00937311837195795 0.4521540979041183
v 0.0676470588235294 -0.007352941176470562 0.4532356386567987
v 0.0673569140508506 -0.007352941176470562 0.45337229194173284
v 0.049392100154635694 -0.007352941176470562 0.4535714285714285
v 0.13054965987683897 -0.011994258560381249 0.45031513923224037
v 0.1352941176470588 -0.007352941176470562 0.4461345984184706
v 0.1341339032925595 -0.007352941176470562 0.4527751323840237
v 0.1918253722845552 -0.007352941176470562 0.44594225861766046
v -0.1352941176470588 0.04807841802595577 0.4460327948690038
v -0.1352941176470588 0.05882352941176472 0.43768641121035634
v -0.0676470588235294 0.05789881548609854 0.4529226610235802
v -0.07671973897026485 0.04994808144213221 0.4473445269800356
v -0.0676470588235294 0.05882352941176472 0.4526176088602671
v -0.08750614452045002 0.05882352941176472 0.43994143497198923
v -0.00004824260027908034 0.05877633556366561 0.45353831796688915
v 0 0.05651126360820968 0.4535714285714285
v 0 0.058795616198592915 0.4535518450155207
v 0 0.05882352941176472 0.45354404154545336
v -0.00007137774372395489 0.05882352941176472 0.4535224394988726
v 0.0676470588235294 0.05789881548609854 0.4529226610235802
v 0.06708492724810167 0.05827361808797672 0.4531856177696598
v 0.0676470588235294 0.05882352941176472 0.4526176088602671
v 0.06686339855752381 0.05882352941176472 0.453033574786375
v 0.03935351493077219 0.031145062560154403 0.4535714285714285
v 0.1352941176470588 0.04807841802595577 0.4460327948690038
v 0.1341152727091554 0.05767031153772881 0.4527623455550414
v 0.1352941176470588 0.05882352941176472 0.43768641121035634
v 0.1335638258866317 0.05882352941176472 0.4523838680774708
v 0.1918253722845552 0.047949373142819246 0.44594225861766046
v 0.1795787468673841 0.05882352941176472 0.4375369660176766
v -0.1352941176470588 0.10214544930121325 0.4375369660176766
v -0.09089878137497906 0.10225374967792966 0.43761294818673796
v -0.0676470588235294 0.12329570249451118 0.45237571508345065
v -0.0676470588235294 0.125 0.4259369942326734
v 0 0.12405672338108112 0.45290963767371084
v -0.0017063978652070294 0.12333069774055834 0.45240026730369326
v 0 0.125 0.4455847917782554
v -0.039916057662262264 0.125 0.4261756250206213
v 0.0676470588235294 0.12329570249451118 0.45237571508345065
v 0.06666237387818086 0.12403672124911556 0.4528956044319191
v 0.0676470588235294 0.125 0.4259369942326734
v 0.0558038596539903 0.125 0.4454430216879871
v 0.1352941176470588 0.10214544930121325 0.4375369660176766
v 0.13353960461894265 0.1232836285594516 0.45236724416393265
v 0.09491234198021804 0.125 0.4258559862659261
v 0.1795787468673841 0.10214544930121325 0.4375369660176766
v -0.0676470588235294 0.1516725596098041 0.4258559862659261
v -0.040381775666840744 0.1516725596098041 0.4258559862659261
v 0 0.1795213094182781 0.4453943154966332
v 0.0676470588235294 0.1516725596098041 0.4258559862659261
v 0.05573289407201762 0.1795213094182781 0.4453943154966332
v 0.09491234198021804 0.1516725596098041 0.4258559862659261
v 0 -0.007352941176470562 0.4778452640614097
v 0.0353673078179816 -0.007352941176470562 0.4778452640614097
v 0 0.027245512123728832 0.4778452640614097
v 0.0353673078179816 0.027245512123728832 0.4778452640614097
f 1 2 3
f 1 3 4
f 1 4 5
f 1 5 6
f 1 6 7
f 1 7 2
f 3 4 8
f 3 2 8
f 4 5 9
f 4 9 10
f 9 10 11
f 9 11 12
f 9 12 13
f 9 13 14
f 14 6 5
f 14 5 9
f 10 11 15
f 16 15 10
f 16 10 4
f 4 8 16
f 12 11 17
f 12 13 17
f 11 17 18
f 11 15 18
f 19 20 21
f 19 21 22
f 19 22 23
f 19 23 24
f 19 24 25
f 19 25 20
f 21 22 26
f 21 20 26
f 27 28 29
f 27 29 30
f 27 30 31
f 27 31 32
f 27 32 33
f 27 33 28
f 34 35 36
f 34 36 37
f 34 37 38
f 38 30 29
f 38 29 34
f 39 28 29
f 39 29 34
f 34 39 35
f 40 22 23
f 40 23 41
f 41 40 42
f 41 42 43
f 43 37 36
f 43 36 41
f 44 35 36
f 44 36 41
f 44 24 23
f 44 23 41
f 45 46 47
f 45 47 48
f 45 48 49
f 49 42 40
f 49 40 45
f 40 22 45
f 46 26 22
f 46 22 45
f 50 51 52
f 50 52 53
f 50 53 54
f 48 47 50
f 48 50 54
f 55 46 47
f 55 47 50
f 50 55 51
f 52 53 56
f 52 51 56
f 57 30 31
f 57 31 58
f 58 57 59
f 58 59 60
f 58 60 61
f 58 61 62
f 62 32 31
f 62 31 58
f 63 37 38
f 63 38 64
f 64 63 65
f 64 65 66
f 66 59 57
f 66 57 64
f 57 30 64
f 30 38 64
f 67 42 43
f 67 43 68
f 67 2 7
f 67 7 68
f 69 6 7
f 69 7 68
f 69 65 63
f 69 63 68
f 63 37 68
f 37 43 68
f 48 49 70
f 48 70 71
f 70 71 72
f 72 8 2
f 72 2 70
f 2 67 70
f 67 42 70
f 42 49 70
f 73 53 54
f 73 54 74
f 74 73 75
f 74 75 76
f 76 72 71
f 76 71 74
f 71 48 74
f 48 54 74
f 73 75 77
f 77 73 53
f 77 53 78
f 53 56 78
f 79 59 60
f 79 60 80
f 80 79 81
f 80 81 82
f 80 82 83
f 80 83 84
f 84 61 60
f 84 60 80
f 85 65 66
f 85 66 86
f 86 85 87
f 86 87 88
f 88 81 79
f 88 79 86
f 79 59 86
f 59 66 86
f 69 6 89
f 6 14 89
f 13 14 89
f 13 89 90
f 87 85 89
f 87 89 90
f 85 65 89
f 65 69 89
f 8 72 91
f 92 91 8
f 92 8 16
f 16 15 92
f 75 76 93
f 75 93 94
f 93 94 95
f 93 95 96
f 92 91 93
f 92 93 96
f 91 72 93
f 72 76 93
f 94 95 97
f 98 97 94
f 98 94 75
f 75 77 98
f 82 81 99
f 82 83 99
f 100 87 88
f 100 88 101
f 101 100 102
f 101 102 103
f 101 103 104
f 104 99 81
f 104 81 101
f 81 88 101
f 90 13 105
f 106 17 13
f 106 13 105
f 105 106 107
f 102 100 105
f 102 105 107
f 100 87 105
f 87 90 105
f 15 92 108
f 108 15 18
f 108 18 109
f 109 18 17
f 109 17 110
f 17 106 110
f 96 95 111
f 108 109 112
f 113 112 108
f 113 108 92
f 113 92 96
f 113 96 111
f 95 111 114
f 95 97 114
f 103 102 115
f 103 104 115
f 107 106 116
f 102 115 117
f 116 117 102
f 116 102 107
f 110 109 118
f 106 116 119
f 119 106 110
f 119 110 118
f 109 118 120
f 109 112 120
f 121 122 123
f 121 123 124
f 121 124 125
f 121 125 126
f 121 126 127
f 121 127 122
f 128 129 130
f 130 20 25
f 130 25 128
f 131 24 25
f 131 25 128
f 131 124 123
f 131 123 128
f 132 122 123
f 132 123 128
f 128 132 129
f 133 134 135
f 133 135 136
f 136 26 20
f 136 20 133
f 20 130 133
f 129 130 133
f 129 133 137
f 133 137 134
f 135 136 138
f 135 134 138
f 139 140 141
f 141 28 33
f 141 33 139
f 142 32 33
f 142 33 139
f 139 142 143
f 139 143 144
f 139 144 140
f 145 124 125
f 145 125 146
f 145 35 39
f 145 39 146
f 39 28 146
f 28 141 146
f 147 140 141
f 147 141 146
f 147 126 125
f 147 125 146
f 131 24 148
f 24 44 148
f 44 35 148
f 35 145 148
f 145 124 148
f 124 131 148
f 26 136 149
f 26 46 149
f 150 151 152
f 51 55 150
f 51 150 152
f 55 46 150
f 46 149 150
f 149 136 150
f 151 138 136
f 151 136 150
f 51 56 153
f 154 153 51
f 154 51 152
f 152 151 154
f 155 156 157
f 155 157 158
f 155 158 159
f 155 159 160
f 155 160 161
f 155 161 156
f 142 32 162
f 32 62 162
f 163 61 62
f 163 62 162
f 163 158 157
f 163 157 162
f 164 156 157
f 164 157 162
f 164 143 142
f 164 142 162
f 165 166 153
f 165 153 56
f 167 165 56
f 167 56 78
f 78 77 167
f 153 154 166
f 165 167 168
f 165 166 168
f 159 158 169
f 159 160 169
f 163 61 170
f 61 84 170
f 83 84 170
f 83 170 171
f 170 171 172
f 172 169 158
f 172 158 170
f 158 163 170
f 167 77 173
f 167 173 174
f 77 98 173
f 97 98 173
f 97 173 175
f 173 175 176
f 173 176 177
f 173 177 174
f 167 174 178
f 167 168 178
f 171 83 179
f 180 99 83
f 180 83 179
f 179 180 181
f 179 181 182
f 179 182 183
f 183 172 171
f 183 171 179
f 99 104 184
f 99 180 184
f 113 111 185
f 113 112 185
f 175 97 186
f 97 114 186
f 114 111 186
f 187 185 111
f 187 111 186
f 186 187 188
f 188 176 175
f 188 175 186
f 181 180 189
f 181 182 189
f 190 184 104
f 190 104 191
f 104 115 191
f 180 189 192
f 192 180 184
f 192 184 190
f 193 194 195
f 116 117 193
f 116 193 195
f 117 115 193
f 115 191 193
f 190 191 193
f 190 193 196
f 193 196 194
f 197 198 199
f 118 119 197
f 118 197 199
f 119 116 197
f 116 195 197
f 200 194 195
f 200 195 197
f 197 200 198
f 201 185 112
f 201 112 202
f 112 120 202
f 120 118 202
f 118 199 202
f 203 198 199
f 203 199 202
f 202 203 201
f 185 201 204
f 185 187 204
f 205 206 207
f 205 207 208
f 205 208 209
f 205 209 210
f 205 210 211
f 205 211 206
f 212 213 214
f 214 122 127
f 214 127 212
f 215 126 127
f 215 127 212
f 215 208 207
f 215 207 212
f 216 206 207
f 216 207 212
f 212 216 213
f 217 218 219
f 219 129 132
f 219 132 217
f 132 122 217
f 122 214 217
f 220 213 214
f 220 214 217
f 217 220 218
f 221 222 223
f 223 134 137
f 223 137 221
f 137 129 221
f 129 219 221
f 224 218 219
f 224 219 221
f 221 224 222
f 225 226 227
f 225 227 228
f 138 134 225
f 138 225 228
f 134 223 225
f 222 223 225
f 222 225 229
f 225 229 226
f 227 228 230
f 227 226 230
f 231 232 233
f 231 233 234
f 231 234 235
f 231 235 236
f 231 236 237
f 231 237 232
f 238 208 209
f 238 209 239
f 238 140 144
f 238 144 239
f 240 143 144
f 240 144 239
f 240 234 233
f 240 233 239
f 241 232 233
f 241 233 239
f 241 210 209
f 241 209 239
f 215 126 242
f 126 147 242
f 147 140 242
f 140 238 242
f 238 208 242
f 208 215 242
f 138 228 243
f 138 151 243
f 244 245 246
f 244 246 247
f 154 151 244
f 154 244 247
f 151 243 244
f 243 228 244
f 230 228 244
f 230 244 245
f 246 247 248
f 246 245 248
f 249 234 235
f 249 235 250
f 249 156 161
f 249 161 250
f 251 160 161
f 251 161 250
f 250 251 252
f 250 252 253
f 253 236 235
f 253 235 250
f 240 143 254
f 143 164 254
f 164 156 254
f 156 249 254
f 249 234 254
f 234 240 254
f 154 247 255
f 154 166 255
f 166 168 256
f 257 256 166
f 257 166 255
f 257 255 247
f 257 247 258
f 247 248 258
f 251 160 259
f 260 169 160
f 260 160 259
f 259 260 261
f 259 261 262
f 259 262 263
f 263 252 251
f 263 251 259
f 169 172 264
f 169 260 264
f 177 174 265
f 177 176 265
f 256 168 266
f 168 178 266
f 178 174 266
f 267 265 174
f 267 174 266
f 266 267 268
f 257 256 266
f 257 266 268
f 269 260 261
f 269 261 270
f 270 269 271
f 270 271 272
f 270 272 273
f 270 273 274
f 262 261 270
f 262 270 274
f 264 172 275
f 172 183 275
f 182 183 275
f 182 275 276
f 271 269 275
f 271 275 276
f 269 260 275
f 260 264 275
f 176 265 277
f 278 277 176
f 278 176 188
f 188 187 278
f 277 278 279
f 279 277 265
f 279 265 280
f 265 267 280
f 272 271 281
f 272 273 281
f 276 182 282
f 189 182 282
f 189 282 283
f 282 283 284
f 282 284 285
f 285 281 271
f 285 271 282
f 271 276 282
f 192 190 286
f 287 286 192
f 287 192 189
f 189 283 287
f 196 194 288
f 289 288 196
f 289 196 190
f 190 286 289
f 200 198 290
f 290 200 194
f 290 194 291
f 194 288 291
f 203 201 292
f 293 292 203
f 293 203 198
f 198 290 293
f 278 187 294
f 278 294 295
f 187 204 294
f 204 201 294
f 292 201 294
f 292 294 296
f 294 296 297
f 294 297 295
f 278 295 298
f 278 279 298
f 284 283 299
f 284 285 299
f 287 286 300
f 283 299 301
f 300 301 283
f 300 283 287
f 288 289 302
f 288 302 303
f 302 303 304
f 302 304 305
f 302 305 306
f 300 286 302
f 300 302 306
f 286 289 302
f 291 290 307
f 303 304 308
f 309 308 303
f 309 303 288
f 309 288 291
f 309 291 307
f 293 292 310
f 290 307 311
f 311 290 293
f 311 293 310
f 292 310 312
f 292 296 312
f 305 304 313
f 305 306 313
f 304 313 314
f 304 308 314
f 315 316 317
f 315 317 318
f 315 318 319
f 315 319 320
f 315 320 321
f 315 321 316
f 322 323 324
f 322 324 325
f 322 325 326
f 326 318 317
f 326 317 322
f 327 316 317
f 327 317 322
f 322 327 323
f 328 329 330
f 328 330 331
f 328 331 332
f 325 324 328
f 325 328 332
f 323 324 328
f 323 328 333
f 328 333 329
f 330 331 334
f 330 329 334
f 335 336 337
f 335 337 338
f 335 338 339
f 335 339 340
f 335 340 341
f 335 341 336
f 342 343 344
f 342 344 345
f 342 345 346
f 346 338 337
f 346 337 342
f 347 336 337
f 347 337 342
f 342 347 343
f 348 318 319
f 348 319 349
f 349 348 350
f 349 350 351
f 351 345 344
f 351 344 349
f 352 343 344
f 352 344 349
f 352 320 319
f 352 319 349
f 353 325 326
f 353 326 354
f 354 353 355
f 354 355 356
f 356 350 348
f 356 348 354
f 348 318 354
f 318 326 354
f 357 331 332
f 357 332 358
f 358 357 359
f 358 359 360
f 360 355 353
f 360 353 358
f 353 325 358
f 325 332 358
f 361 362 363
f 361 363 364
f 361 364 365
f 365 359 357
f 365 357 361
f 357 331 361
f 362 334 331
f 362 331 361
f 366 367 368
f 366 368 369
f 366 369 370
f 364 363 366
f 364 366 370
f 371 362 363
f 371 363 366
f 366 371 367
f 368 369 372
f 368 367 372
f 373 374 375
f 373 375 376
f 373 376 377
f 373 377 378
f 373 378 379
f 373 379 374
f 380 338 339
f 380 339 381
f 381 380 382
f 381 382 383
f 383 376 375
f 383 375 381
f 384 374 375
f 384 375 381
f 384 340 339
f 384 339 381
f 385 345 346
f 385 346 386
f 385 206 211
f 385 211 386
f 387 210 211
f 387 211 386
f 387 382 380
f 387 380 386
f 380 338 386
f 338 346 386
f 388 350 351
f 388 351 389
f 388 213 216
f 388 216 389
f 216 206 389
f 206 385 389
f 385 345 389
f 345 351 389
f 390 355 356
f 390 356 391
f 390 218 220
f 390 220 391
f 220 213 391
f 213 388 391
f 388 350 391
f 350 356 391
f 359 360 392
f 359 392 393
f 222 224 392
f 222 392 393
f 224 218 392
f 218 390 392
f 390 355 392
f 355 360 392
f 364 365 394
f 364 394 395
f 395 226 229
f 395 229 394
f 229 222 394
f 222 393 394
f 393 359 394
f 359 365 394
f 396 369 370
f 396 370 397
f 397 396 398
f 398 230 226
f 398 226 397
f 226 395 397
f 395 364 397
f 364 370 397
f 399 400 401
f 399 401 402
f 399 402 403
f 398 396 399
f 398 399 403
f 396 369 399
f 400 372 369
f 400 369 399
f 401 402 404
f 401 400 404
f 405 376 377
f 405 377 406
f 406 405 407
f 406 407 408
f 406 408 409
f 406 409 410
f 410 378 377
f 410 377 406
f 411 382 383
f 411 383 412
f 411 232 237
f 411 237 412
f 413 236 237
f 413 237 412
f 413 407 405
f 413 405 412
f 405 376 412
f 376 383 412
f 387 210 414
f 210 241 414
f 241 232 414
f 232 411 414
f 411 382 414
f 382 387 414
f 230 398 415
f 230 245 415
f 416 402 403
f 416 403 417
f 417 416 418
f 418 248 245
f 418 245 417
f 245 415 417
f 415 398 417
f 398 403 417
f 416 418 419
f 420 419 416
f 420 416 402
f 402 404 420
f 421 422 423
f 421 423 424
f 421 424 425
f 421 425 426
f 421 426 427
f 421 427 422
f 428 407 408
f 428 408 429
f 429 428 430
f 429 430 431
f 431 424 423
f 431 423 429
f 432 422 423
f 432 423 429
f 432 409 408
f 432 408 429
f 413 236 433
f 236 253 433
f 434 252 253
f 434 253 433
f 434 430 428
f 434 428 433
f 428 407 433
f 407 413 433
f 248 418 435
f 435 248 258
f 435 258 436
f 258 257 436
f 437 438 439
f 437 439 440
f 437 440 441
f 436 435 437
f 436 437 441
f 435 418 437
f 438 419 418
f 438 418 437
f 439 440 442
f 439 438 442
f 443 424 425
f 443 425 444
f 444 443 445
f 444 445 446
f 444 446 447
f 444 447 448
f 448 426 425
f 448 425 444
f 449 430 431
f 449 431 450
f 450 449 451
f 450 451 452
f 452 445 443
f 452 443 450
f 443 424 450
f 424 431 450
f 434 252 453
f 252 263 453
f 454 262 263
f 454 263 453
f 454 451 449
f 454 449 453
f 449 430 453
f 430 434 453
f 257 436 455
f 455 257 268
f 455 268 456
f 268 267 456
f 440 441 457
f 440 457 458
f 457 458 459
f 457 459 460
f 456 455 457
f 456 457 460
f 455 436 457
f 436 441 457
f 458 459 461
f 462 461 458
f 462 458 440
f 440 442 462
f 445 446 463
f 445 463 464
f 463 464 465
f 463 465 466
f 463 466 467
f 463 467 468
f 447 446 463
f 447 463 468
f 469 451 452
f 469 452 470
f 470 469 471
f 470 471 472
f 472 465 464
f 472 464 470
f 464 445 470
f 445 452 470
f 454 262 473
f 262 274 473
f 474 273 274
f 474 274 473
f 471 469 473
f 471 473 474
f 469 451 473
f 451 454 473
f 267 456 475
f 476 475 267
f 476 267 280
f 280 279 476
f 459 460 477
f 459 477 478
f 477 478 479
f 477 479 480
f 476 475 477
f 476 477 480
f 475 456 477
f 456 460 477
f 478 479 481
f 482 481 478
f 482 478 459
f 459 461 482
f 466 465 483
f 466 467 483
f 484 471 472
f 484 472 485
f 485 484 486
f 485 486 487
f 485 487 488
f 488 483 465
f 488 465 485
f 465 472 485
f 474 273 489
f 490 281 273
f 490 273 489
f 489 490 491
f 486 484 489
f 486 489 491
f 484 471 489
f 471 474 489
f 281 285 492
f 281 490 492
f 297 295 493
f 297 296 493
f 279 476 494
f 494 279 298
f 494 298 495
f 495 298 295
f 495 295 496
f 295 493 496
f 480 479 497
f 494 495 498
f 499 498 494
f 499 494 476
f 499 476 480
f 499 480 497
f 479 497 500
f 479 481 500
f 487 486 501
f 487 488 501
f 502 490 491
f 502 491 503
f 503 502 504
f 503 504 505
f 503 505 506
f 506 501 486
f 506 486 503
f 486 491 503
f 492 285 507
f 508 299 285
f 508 285 507
f 507 508 509
f 504 502 507
f 504 507 509
f 502 490 507
f 490 492 507
f 301 300 510
f 511 510 301
f 511 301 299
f 299 508 511
f 300 306 512
f 300 510 512
f 309 307 513
f 309 308 513
f 311 310 514
f 514 311 307
f 514 307 515
f 307 513 515
f 296 493 516
f 517 516 296
f 517 296 312
f 517 312 310
f 517 310 518
f 310 514 518
f 496 495 519
f 516 517 520
f 521 520 516
f 521 516 493
f 519 521 493
f 519 493 496
f 495 519 522
f 495 498 522
f 505 504 523
f 505 506 523
f 508 509 524
f 508 524 525
f 524 525 526
f 524 526 527
f 524 527 528
f 528 523 504
f 528 504 524
f 504 509 524
f 529 510 511
f 529 511 530
f 530 529 531
f 530 531 532
f 532 526 525
f 532 525 530
f 525 508 530
f 508 511 530
f 512 306 533
f 534 313 306
f 534 306 533
f 533 534 535
f 531 529 533
f 531 533 535
f 529 510 533
f 510 512 533
f 308 513 536
f 536 308 314
f 536 314 537
f 537 314 313
f 537 313 538
f 313 534 538
f 514 515 539
f 514 539 540
f 539 540 541
f 539 541 542
f 537 536 539
f 537 539 542
f 536 513 539
f 513 515 539
f 518 517 543
f 540 541 544
f 545 544 540
f 545 540 514
f 543 545 514
f 543 514 518
f 517 543 546
f 517 520 546
f 527 526 547
f 527 528 547
f 532 531 548
f 526 547 549
f 548 549 526
f 548 526 532
f 535 534 550
f 531 548 551
f 550 551 531
f 550 531 535
f 538 537 552
f 534 550 553
f 552 553 534
f 552 534 538
f 542 541 554
f 537 552 555
f 555 537 542
f 555 542 554
f 541 554 556
f 541 544 556
f 557 558 559
f 557 559 560
f 557 560 561
f 557 561 562
f 557 562 563
f 557 563 558
f 564 565 566
f 566 316 321
f 566 321 564
f 567 320 321
f 567 321 564
f 567 560 559
f 567 559 564
f 568 558 559
f 568 559 564
f 564 568 565
f 569 570 571
f 571 323 327
f 571 327 569
f 327 316 569
f 316 566 569
f 572 565 566
f 572 566 569
f 569 572 570
f 573 574 575
f 575 329 333
f 575 333 573
f 333 323 573
f 323 571 573
f 576 570 571
f 576 571 573
f 573 576 574
f 577 578 579
f 577 579 580
f 580 334 329
f 580 329 577
f 329 575 577
f 581 574 575
f 581 575 577
f 577 581 578
f 579 580 582
f 579 578 582
f 583 584 585
f 583 585 586
f 583 586 587
f 583 587 588
f 583 588 589
f 583 589 584
f 590 591 592
f 592 336 341
f 592 341 590
f 593 340 341
f 593 341 590
f 593 586 585
f 593 585 590
f 594 584 585
f 594 585 590
f 590 594 591
f 595 560 561
f 595 561 596
f 595 343 347
f 595 347 596
f 347 336 596
f 336 592 596
f 597 591 592
f 597 592 596
f 597 562 561
f 597 561 596
f 567 320 598
f 320 352 598
f 352 343 598
f 343 595 598
f 595 560 598
f 560 567 598
f 334 580 599
f 334 362 599
f 600 601 602
f 367 371 600
f 367 600 602
f 371 362 600
f 362 599 600
f 599 580 600
f 582 580 600
f 582 600 601
f 603 604 605
f 603 605 606
f 372 367 603
f 372 603 606
f 367 602 603
f 601 602 603
f 601 603 607
f 603 607 604
f 605 606 608
f 605 604 608
f 609 586 587
f 609 587 610
f 609 374 379
f 609 379 610
f 611 378 379
f 611 379 610
f 610 611 612
f 610 612 613
f 613 588 587
f 613 587 610
f 593 340 614
f 340 384 614
f 384 374 614
f 374 609 614
f 609 586 614
f 586 593 614
f 372 606 615
f 372 400 615
f 400 404 616
f 617 616 400
f 617 400 615
f 618 617 615
f 618 615 606
f 606 608 618
f 619 620 621
f 619 621 622
f 619 622 623
f 619 623 624
f 619 624 625
f 619 625 620
f 611 378 626
f 378 410 626
f 627 409 410
f 627 410 626
f 627 622 621
f 627 621 626
f 628 620 621
f 628 621 626
f 628 612 611
f 628 611 626
f 629 630 616
f 629 616 404
f 629 404 420
f 629 420 631
f 420 419 631
f 616 617 630
f 629 631 632
f 629 630 632
f 633 622 623
f 633 623 634
f 633 422 427
f 633 427 634
f 635 426 427
f 635 427 634
f 634 635 636
f 634 636 637
f 637 624 623
f 637 623 634
f 627 409 638
f 409 432 638
f 432 422 638
f 422 633 638
f 633 622 638
f 622 627 638
f 419 631 639
f 419 438 639
f 438 442 640
f 640 438 639
f 640 639 641
f 641 639 631
f 641 631 642
f 631 632 642
f 635 426 643
f 426 448 643
f 644 447 448
f 644 448 643
f 643 644 645
f 643 645 646
f 646 636 635
f 646 635 643
f 640 442 647
f 442 462 647
f 461 462 647
f 461 647 648
f 647 648 649
f 647 649 650
f 641 640 647
f 641 647 650
f 644 447 651
f 447 468 651
f 652 467 468
f 652 468 651
f 651 652 653
f 651 653 654
f 654 645 644
f 654 644 651
f 648 461 655
f 461 482 655
f 656 481 482
f 656 482 655
f 655 656 657
f 655 657 658
f 649 648 655
f 649 655 658
f 652 467 659
f 660 483 467
f 660 467 659
f 659 660 661
f 659 661 662
f 659 662 663
f 653 652 659
f 653 659 663
f 483 488 664
f 483 660 664
f 499 497 665
f 499 498 665
f 656 481 666
f 481 500 666
f 500 497 666
f 665 497 666
f 665 666 667
f 666 667 668
f 657 656 666
f 657 666 668
f 661 660 669
f 661 662 669
f 664 488 670
f 671 501 488
f 671 488 670
f 670 671 672
f 670 672 673
f 673 669 660
f 673 660 670
f 660 664 670
f 501 506 674
f 501 671 674
f 521 519 675
f 521 520 675
f 676 665 498
f 676 498 677
f 498 522 677
f 522 519 677
f 678 675 519
f 678 519 677
f 677 678 679
f 677 679 676
f 665 676 680
f 665 667 680
f 672 671 681
f 672 673 681
f 674 506 682
f 523 506 682
f 523 682 683
f 682 683 684
f 682 684 685
f 681 671 682
f 681 682 685
f 671 674 682
f 523 528 686
f 523 683 686
f 545 543 687
f 545 544 687
f 688 675 520
f 688 520 689
f 520 546 689
f 546 543 689
f 690 687 543
f 690 543 689
f 689 690 691
f 689 691 688
f 675 688 692
f 675 678 692
f 684 683 693
f 684 685 693
f 694 686 528
f 694 528 695
f 528 547 695
f 683 693 696
f 696 683 686
f 696 686 694
f 697 698 699
f 548 549 697
f 548 697 699
f 549 547 697
f 547 695 697
f 694 695 697
f 694 697 700
f 697 700 698
f 551 550 701
f 702 701 551
f 702 551 548
f 702 548 699
f 702 699 703
f 699 698 703
f 704 705 706
f 552 553 704
f 552 704 706
f 553 550 704
f 701 550 704
f 701 704 707
f 704 707 708
f 704 708 705
f 709 710 711
f 554 555 709
f 554 709 711
f 555 552 709
f 552 706 709
f 712 705 706
f 712 706 709
f 709 712 710
f 713 687 544
f 713 544 714
f 544 556 714
f 556 554 714
f 554 711 714
f 710 711 714
f 710 714 715
f 714 715 713
f 687 713 716
f 687 690 716
f 702 701 717
f 702 703 717
f 701 717 718
f 701 707 718
f 719 720 721
f 719 721 722
f 719 722 723
f 719 723 724
f 719 724 725
f 719 725 720
f 726 727 728
f 728 558 563
f 728 563 726
f 729 562 563
f 729 563 726
f 729 722 721
f 729 721 726
f 730 720 721
f 730 721 726
f 726 730 727
f 731 732 733
f 733 565 568
f 733 568 731
f 568 558 731
f 558 728 731
f 734 727 728
f 734 728 731
f 731 734 732
f 735 736 737
f 737 570 572
f 737 572 735
f 572 565 735
f 565 733 735
f 738 732 733
f 738 733 735
f 735 738 736
f 739 740 741
f 574 576 739
f 574 739 741
f 576 570 739
f 570 737 739
f 742 736 737
f 742 737 739
f 739 742 740
f 743 744 745
f 578 581 743
f 578 743 745
f 581 574 743
f 574 741 743
f 746 740 741
f 746 741 743
f 743 746 744
f 747 748 749
f 747 749 750
f 582 578 747
f 582 747 750
f 578 745 747
f 744 745 747
f 744 747 751
f 747 751 748
f 749 750 752
f 749 748 752
f 753 754 755
f 755 584 589
f 755 589 753
f 756 588 589
f 756 589 753
f 753 756 757
f 753 757 758
f 753 758 754
f 759 722 723
f 759 723 760
f 759 591 594
f 759 594 760
f 594 584 760
f 584 755 760
f 761 754 755
f 761 755 760
f 761 724 723
f 761 723 760
f 729 562 762
f 562 597 762
f 597 591 762
f 591 759 762
f 759 722 762
f 722 729 762
f 582 750 763
f 582 601 763
f 764 765 766
f 766 604 607
f 766 607 764
f 607 601 764
f 601 763 764
f 763 750 764
f 765 752 750
f 765 750 764
f 604 608 767
f 768 767 604
f 768 604 766
f 766 765 768
f 769 770 771
f 769 771 772
f 769 772 773
f 769 773 774
f 769 774 775
f 769 775 770
f 756 588 776
f 588 613 776
f 777 612 613
f 777 613 776
f 777 772 771
f 777 771 776
f 778 770 771
f 778 771 776
f 778 757 756
f 778 756 776
f 779 767 608
f 779 608 780
f 780 608 618
f 780 618 781
f 618 617 781
f 767 768 779
f 780 781 782
f 780 779 782
f 783 772 773
f 783 773 784
f 783 620 625
f 783 625 784
f 785 624 625
f 785 625 784
f 784 785 786
f 784 786 787
f 787 774 773
f 787 773 784
f 777 612 788
f 612 628 788
f 628 620 788
f 620 783 788
f 783 772 788
f 772 777 788
f 617 781 789
f 617 630 789
f 630 632 790
f 790 630 789
f 790 789 791
f 791 789 781
f 791 781 792
f 781 782 792
f 793 794 795
f 793 795 796
f 793 796 797
f 793 797 798
f 793 798 799
f 793 799 794
f 785 624 800
f 624 637 800
f 801 636 637
f 801 637 800
f 801 796 795
f 801 795 800
f 802 794 795
f 802 795 800
f 802 786 785
f 802 785 800
f 803 804 790
f 803 790 632
f 805 803 632
f 805 632 642
f 642 641 805
f 790 791 804
f 803 805 806
f 803 804 806
f 807 796 797
f 807 797 808
f 808 807 809
f 808 809 810
f 808 810 811
f 808 811 812
f 812 798 797
f 812 797 808
f 801 636 813
f 636 646 813
f 814 645 646
f 814 646 813
f 814 809 807
f 814 807 813
f 807 796 813
f 796 801 813
f 641 805 815
f 816 815 641
f 816 641 650
f 650 649 816
f 815 816 817
f 817 815 805
f 817 805 818
f 805 806 818
f 810 809 819
f 810 811 819
f 814 645 820
f 645 654 820
f 653 654 820
f 653 820 821
f 820 821 822
f 822 819 809
f 822 809 820
f 809 814 820
f 816 649 823
f 816 823 824
f 649 658 823
f 657 658 823
f 657 823 825
f 823 825 826
f 823 826 827
f 823 827 824
f 816 824 828
f 816 817 828
f 821 653 829
f 653 663 829
f 830 662 663
f 830 663 829
f 829 830 831
f 829 831 832
f 832 822 821
f 832 821 829
f 825 657 833
f 657 668 833
f 834 667 668
f 834 668 833
f 833 834 835
f 833 835 836
f 836 826 825
f 836 825 833
f 830 662 837
f 669 662 837
f 669 837 838
f 837 838 839
f 837 839 840
f 837 840 841
f 831 830 837
f 831 837 841
f 669 673 842
f 669 838 842
f 679 676 843
f 679 678 843
f 834 667 844
f 667 680 844
f 680 676 844
f 845 843 676
f 845 676 844
f 844 845 846
f 835 834 844
f 835 844 846
f 839 838 847
f 839 840 847
f 842 673 848
f 681 673 848
f 681 848 849
f 848 849 850
f 848 850 851
f 851 847 838
f 851 838 848
f 838 842 848
f 681 685 852
f 681 849 852
f 691 688 853
f 691 690 853
f 854 843 678
f 854 678 855
f 678 692 855
f 692 688 855
f 856 853 688
f 856 688 855
f 855 856 857
f 855 857 854
f 843 854 858
f 843 845 858
f 850 849 859
f 850 851 859
f 852 685 860
f 693 685 860
f 693 860 861
f 860 861 862
f 860 862 863
f 859 849 860
f 859 860 863
f 849 852 860
f 696 694 864
f 865 864 696
f 865 696 693
f 693 861 865
f 700 698 866
f 867 866 700
f 867 700 694
f 694 864 867
f 698 703 868
f 698 866 868
f 708 705 869
f 708 707 869
f 712 710 870
f 870 712 705
f 870 705 871
f 705 869 871
f 715 713 872
f 873 872 715
f 873 715 710
f 710 870 873
f 874 853 690
f 874 690 875
f 690 716 875
f 716 713 875
f 876 872 713
f 876 713 875
f 875 876 877
f 875 877 874
f 853 874 878
f 853 856 878
f 862 861 879
f 862 863 879
f 865 864 880
f 861 879 881
f 880 881 861
f 880 861 865
f 867 866 882
f 864 880 883
f 882 883 864
f 882 864 867
f 884 868 703
f 884 703 885
f 703 717 885
f 866 882 886
f 886 866 868
f 886 868 884
f 887 869 707
f 887 707 888
f 707 718 888
f 718 717 888
f 717 885 888
f 884 885 888
f 884 888 889
f 888 889 887
f 871 870 890
f 869 887 891
f 891 869 871
f 891 871 890
f 873 872 892
f 870 890 893
f 893 870 873
f 893 873 892
f 872 892 894
f 872 876 894
f 895 896 897
f 895 897 898
f 895 898 899
f 895 899 900
f 895 900 901
f 895 901 896
f 902 903 904
f 902 904 905
f 902 905 906
f 906 898 897
f 906 897 902
f 907 896 897
f 907 897 902
f 902 907 903
f 908 909 910
f 908 910 911
f 908 911 912
f 905 904 908
f 905 908 912
f 903 904 908
f 903 908 913
f 908 913 909
f 910 911 914
f 910 909 914
f 915 916 917
f 915 917 918
f 915 918 919
f 915 919 920
f 915 920 921
f 915 921 916
f 922 923 924
f 922 924 925
f 922 925 926
f 926 918 917
f 926 917 922
f 927 916 917
f 927 917 922
f 922 927 923
f 928 929 930
f 928 930 931
f 928 931 932
f 932 925 924
f 932 924 928
f 933 923 924
f 933 924 928
f 928 933 929
f 934 898 899
f 934 899 935
f 935 934 936
f 935 936 937
f 937 931 930
f 937 930 935
f 938 929 930
f 938 930 935
f 938 900 899
f 938 899 935
f 939 905 906
f 939 906 940
f 940 939 941
f 940 941 942
f 942 936 934
f 942 934 940
f 934 898 940
f 898 906 940
f 943 911 912
f 943 912 944
f 944 943 945
f 944 945 946
f 946 941 939
f 946 939 944
f 939 905 944
f 905 912 944
f 947 948 949
f 947 949 950
f 947 950 951
f 951 945 943
f 951 943 947
f 943 911 947
f 948 914 911
f 948 911 947
f 952 953 954
f 952 954 955
f 952 955 956
f 956 950 949
f 956 949 952
f 957 948 949
f 957 949 952
f 952 957 953
f 958 959 960
f 958 960 961
f 958 961 962
f 955 954 958
f 955 958 962
f 953 954 958
f 953 958 963
f 958 963 959
f 960 961 964
f 960 959 964
f 965 966 967
f 965 967 968
f 965 968 969
f 965 969 970
f 965 970 971
f 965 971 966
f 972 918 919
f 972 919 973
f 973 972 974
f 973 974 975
f 975 968 967
f 975 967 973
f 976 966 967
f 976 967 973
f 976 920 919
f 976 919 973
f 977 925 926
f 977 926 978
f 977 720 725
f 977 725 978
f 979 724 725
f 979 725 978
f 979 974 972
f 979 972 978
f 972 918 978
f 918 926 978
f 980 931 932
f 980 932 981
f 980 727 730
f 980 730 981
f 730 720 981
f 720 977 981
f 977 925 981
f 925 932 981
f 982 936 937
f 982 937 983
f 982 732 734
f 982 734 983
f 734 727 983
f 727 980 983
f 980 931 983
f 931 937 983
f 984 941 942
f 984 942 985
f 984 736 738
f 984 738 985
f 738 732 985
f 732 982 985
f 982 936 985
f 936 942 985
f 945 946 986
f 945 986 987
f 740 742 986
f 740 986 987
f 742 736 986
f 736 984 986
f 984 941 986
f 941 946 986
f 950 951 988
f 950 988 989
f 744 746 988
f 744 988 989
f 746 740 988
f 740 987 988
f 987 945 988
f 945 951 988
f 955 956 990
f 955 990 991
f 991 748 751
f 991 751 990
f 751 744 990
f 744 989 990
f 989 950 990
f 950 956 990
f 992 961 962
f 992 962 993
f 993 992 994
f 994 752 748
f 994 748 993
f 748 991 993
f 991 955 993
f 955 962 993
f 995 996 997
f 995 997 998
f 995 998 999
f 994 992 995
f 994 995 999
f 992 961 995
f 996 964 961
f 996 961 995
f 997 998 1000
f 997 996 1000
f 1001 1002 1003
f 1001 1003 1004
f 1001 1004 1005
f 1001 1005 1006
f 1001 1006 1007
f 1001 1007 1002
f 1008 968 969
f 1008 969 1009
f 1009 1008 1010
f 1009 1010 1011
f 1011 1004 1003
f 1011 1003 1009
f 1012 1002 1003
f 1012 1003 1009
f 1012 970 969
f 1012 969 1009
f 1013 974 975
f 1013 975 1014
f 1013 754 758
f 1013 758 1014
f 1015 757 758
f 1015 758 1014
f 1015 1010 1008
f 1015 1008 1014
f 1008 968 1014
f 968 975 1014
f 979 724 1016
f 724 761 1016
f 761 754 1016
f 754 1013 1016
f 1013 974 1016
f 974 979 1016
f 752 994 1017
f 752 765 1017
f 1018 998 999
f 1018 999 1019
f 1019 1018 1020
f 1020 768 765
f 1020 765 1019
f 765 1017 1019
f 1017 994 1019
f 994 999 1019
f 1021 1022 1023
f 1021 1023 1024
f 1021 1024 1025
f 1020 1018 1021
f 1020 1021 1025
f 1018 998 1021
f 1022 1000 998
f 1022 998 1021
f 1023 1024 1026
f 1023 1022 1026
f 1027 1004 1005
f 1027 1005 1028
f 1028 1027 1029
f 1028 1029 1030
f 1028 1030 1031
f 1028 1031 1032
f 1032 1006 1005
f 1032 1005 1028
f 1033 1010 1011
f 1033 1011 1034
f 1033 770 775
f 1033 775 1034
f 1035 774 775
f 1035 775 1034
f 1035 1029 1027
f 1035 1027 1034
f 1027 1004 1034
f 1004 1011 1034
f 1015 757 1036
f 757 778 1036
f 778 770 1036
f 770 1033 1036
f 1033 1010 1036
f 1010 1015 1036
f 768 1020 1037
f 768 779 1037
f 1038 1024 1025
f 1038 1025 1039
f 1039 1038 1040
f 1040 782 779
f 1040 779 1039
f 779 1037 1039
f 1037 1020 1039
f 1020 1025 1039
f 1038 1040 1041
f 1042 1041 1038
f 1042 1038 1024
f 1024 1026 1042
f 1043 1044 1045
f 1043 1045 1046
f 1043 1046 1047
f 1043 1047 1048
f 1043 1048 1049
f 1043 1049 1044
f 1050 1029 1030
f 1050 1030 1051
f 1051 1050 1052
f 1051 1052 1053
f 1053 1046 1045
f 1053 1045 1051
f 1054 1044 1045
f 1054 1045 1051
f 1054 1031 1030
f 1054 1030 1051
f 1035 774 1055
f 774 787 1055
f 1056 786 787
f 1056 787 1055
f 1056 1052 1050
f 1056 1050 1055
f 1050 1029 1055
f 1029 1035 1055
f 782 1040 1057
f 1057 782 792
f 1057 792 1058
f 792 791 1058
f 1059 1060 1061
f 1059 1061 1062
f 1059 1062 1063
f 1058 1057 1059
f 1058 1059 1063
f 1057 1040 1059
f 1060 1041 1040
f 1060 1040 1059
f 1061 1062 1064
f 1061 1060 1064
f 1065 1046 1047
f 1065 1047 1066
f 1066 1065 1067
f 1066 1067 1068
f 1066 1068 1069
f 1066 1069 1070
f 1070 1048 1047
f 1070 1047 1066
f 1071 1052 1053
f 1071 1053 1072
f 1071 794 799
f 1071 799 1072
f 1073 798 799
f 1073 799 1072
f 1073 1067 1065
f 1073 1065 1072
f 1065 1046 1072
f 1046 1053 1072
f 1056 786 1074
f 786 802 1074
f 802 794 1074
f 794 1071 1074
f 1071 1052 1074
f 1052 1056 1074
f 791 1058 1075
f 791 804 1075
f 1062 1063 1076
f 1062 1076 1077
f 1076 1077 1078
f 1078 806 804
f 1078 804 1076
f 804 1075 1076
f 1075 1058 1076
f 1058 1063 1076
f 1077 1078 1079
f 1079 1077 1062
f 1079 1062 1080
f 1062 1064 1080
f 1081 1067 1068
f 1081 1068 1082
f 1082 1081 1083
f 1082 1083 1084
f 1082 1084 1085
f 1082 1085 1086
f 1086 1069 1068
f 1086 1068 1082
f 1073 798 1087
f 798 812 1087
f 1088 811 812
f 1088 812 1087
f 1088 1083 1081
f 1088 1081 1087
f 1081 1067 1087
f 1067 1073 1087
f 806 1078 1089
f 1089 806 818
f 1089 818 1090
f 818 817 1090
f 1089 1090 1091
f 1092 1091 1089
f 1092 1089 1078
f 1078 1079 1092
f 1093 1083 1084
f 1093 1084 1094
f 1094 1093 1095
f 1094 1095 1096
f 1094 1096 1097
f 1094 1097 1098
f 1098 1085 1084
f 1098 1084 1094
f 1088 811 1099
f 1100 819 811
f 1100 811 1099
f 1099 1100 1101
f 1101 1095 1093
f 1101 1093 1099
f 1093 1083 1099
f 1083 1088 1099
f 819 822 1102
f 819 1100 1102
f 827 824 1103
f 827 826 1103
f 817 1090 1104
f 1104 817 828
f 1104 828 1105
f 1105 828 824
f 1105 824 1106
f 824 1103 1106
f 1104 1105 1107
f 1108 1107 1104
f 1108 1104 1090
f 1090 1091 1108
f 1095 1096 1109
f 1095 1109 1110
f 1109 1110 1111
f 1109 1111 1112
f 1109 1112 1113
f 1109 1113 1114
f 1114 1097 1096
f 1114 1096 1109
f 1115 1100 1101
f 1115 1101 1116
f 1116 1115 1117
f 1116 1117 1118
f 1118 1111 1110
f 1118 1110 1116
f 1110 1095 1116
f 1095 1101 1116
f 1102 822 1119
f 822 832 1119
f 831 832 1119
f 831 1119 1120
f 1117 1115 1119
f 1117 1119 1120
f 1115 1100 1119
f 1100 1102 1119
f 826 1103 1121
f 1122 1121 826
f 1122 826 836
f 836 835 1122
f 1105 1106 1123
f 1105 1123 1124
f 1123 1124 1125
f 1123 1125 1126
f 1122 1121 1123
f 1122 1123 1126
f 1121 1103 1123
f 1103 1106 1123
f 1124 1125 1127
f 1128 1127 1124
f 1128 1124 1105
f 1105 1107 1128
f 1112 1111 1129
f 1112 1113 1129
f 1130 1117 1118
f 1130 1118 1131
f 1131 1130 1132
f 1131 1132 1133
f 1131 1133 1134
f 1134 1129 1111
f 1134 1111 1131
f 1111 1118 1131
f 1120 831 1135
f 831 841 1135
f 1136 840 841
f 1136 841 1135
f 1132 1130 1135
f 1132 1135 1136
f 1130 1117 1135
f 1117 1120 1135
f 835 1122 1137
f 1138 1137 835
f 1138 835 846
f 846 845 1138
f 1126 1125 1139
f 1137 1138 1140
f 1141 1140 1137
f 1141 1137 1122
f 1139 1141 1122
f 1139 1122 1126
f 1125 1139 1142
f 1125 1127 1142
f 1132 1133 1143
f 1132 1143 1144
f 1143 1144 1145
f 1143 1145 1146
f 1143 1146 1147
f 1143 1147 1148
f 1148 1134 1133
f 1148 1133 1143
f 1136 840 1149
f 1150 847 840
f 1150 840 1149
f 1149 1150 1151
f 1151 1145 1144
f 1151 1144 1149
f 1144 1132 1149
f 1132 1136 1149
f 847 851 1152
f 847 1150 1152
f 857 854 1153
f 857 856 1153
f 845 1138 1154
f 1154 845 858
f 1154 858 1155
f 1155 858 854
f 1155 854 1156
f 854 1153 1156
f 1154 1155 1157
f 1158 1157 1154
f 1158 1154 1138
f 1138 1140 1158
f 1146 1145 1159
f 1146 1147 1159
f 1150 1151 1160
f 1150 1160 1161
f 1160 1161 1162
f 1160 1162 1163
f 1160 1163 1164
f 1164 1159 1145
f 1164 1145 1160
f 1145 1151 1160
f 1152 851 1165
f 1166 859 851
f 1166 851 1165
f 1165 1166 1167
f 1167 1162 1161
f 1167 1161 1165
f 1161 1150 1165
f 1150 1152 1165
f 859 863 1168
f 859 1166 1168
f 877 874 1169
f 877 876 1169
f 856 1153 1170
f 1170 856 878
f 1170 878 1171
f 1171 878 874
f 1171 874 1172
f 874 1169 1172
f 1156 1155 1173
f 1170 1171 1174
f 1175 1174 1170
f 1175 1170 1153
f 1175 1153 1156
f 1175 1156 1173
f 1155 1173 1176
f 1155 1157 1176
f 1163 1162 1177
f 1163 1164 1177
f 1166 1167 1178
f 1166 1178 1179
f 1178 1179 1180
f 1178 1180 1181
f 1178 1181 1182
f 1177 1162 1178
f 1177 1178 1182
f 1162 1167 1178
f 1168 863 1183
f 1184 879 863
f 1184 863 1183
f 1183 1184 1185
f 1185 1180 1179
f 1185 1179 1183
f 1179 1166 1183
f 1166 1168 1183
f 881 880 1186
f 1186 881 879
f 1186 879 1187
f 879 1184 1187
f 883 882 1188
f 1189 1188 883
f 1189 883 880
f 880 1186 1189
f 886 884 1190
f 1191 1190 886
f 1191 886 882
f 882 1188 1191
f 889 887 1192
f 1192 889 884
f 1192 884 1193
f 884 1190 1193
f 891 890 1194
f 1194 891 887
f 1194 887 1195
f 887 1192 1195
f 893 892 1196
f 1196 893 890
f 1196 890 1197
f 890 1194 1197
f 876 1169 1198
f 1198 876 894
f 1198 894 1199
f 1199 894 892
f 1199 892 1200
f 892 1196 1200
f 1172 1171 1201
f 1198 1199 1202
f 1203 1202 1198
f 1203 1198 1169
f 1203 1169 1172
f 1203 1172 1201
f 1171 1201 1204
f 1171 1174 1204
f 1181 1180 1205
f 1181 1182 1205
f 1185 1184 1206
f 1180 1205 1207
f 1206 1207 1180
f 1206 1180 1185
f 1186 1187 1208
f 1186 1208 1209
f 1208 1209 1210
f 1208 1210 1211
f 1208 1211 1212
f 1206 1184 1208
f 1206 1208 1212
f 1184 1187 1208
f 1188 1189 1213
f 1188 1213 1214
f 1213 1214 1215
f 1213 1215 1216
f 1216 1210 1209
f 1216 1209 1213
f 1209 1186 1213
f 1186 1189 1213
f 1190 1191 1217
f 1190 1217 1218
f 1217 1218 1219
f 1217 1219 1220
f 1215 1214 1217
f 1215 1217 1220
f 1214 1188 1217
f 1188 1191 1217
f 1192 1193 1221
f 1192 1221 1222
f 1221 1222 1223
f 1221 1223 1224
f 1219 1218 1221
f 1219 1221 1224
f 1218 1190 1221
f 1190 1193 1221
f 1194 1195 1225
f 1194 1225 1226
f 1225 1226 1227
f 1225 1227 1228
f 1223 1222 1225
f 1223 1225 1228
f 1222 1192 1225
f 1192 1195 1225
f 1197 1196 1229
f 1226 1227 1230
f 1231 1230 1226
f 1231 1226 1194
f 1229 1231 1194
f 1229 1194 1197
f 1200 1199 1232
f 1196 1229 1233
f 1233 1196 1200
f 1233 1200 1232
f 1199 1232 1234
f 1199 1202 1234
f 1211 1210 1235
f 1211 1212 1235
f 1216 1215 1236
f 1210 1235 1237
f 1236 1237 1210
f 1236 1210 1216
f 1220 1219 1238
f 1215 1236 1239
f 1238 1239 1215
f 1238 1215 1220
f 1224 1223 1240
f 1219 1238 1241
f 1241 1219 1224
f 1241 1224 1240
f 1228 1227 1242
f 1223 1240 1243
f 1243 1223 1228
f 1243 1228 1242
f 1227 1242 1244
f 1227 1230 1244
f 1245 1246 1247
f 1245 1247 1248
f 1245 1248 1249
f 1245 1249 1250
f 1245 1250 1251
f 1245 1251 1246
f 1252 1253 1254
f 1254 896 901
f 1254 901 1252
f 1255 900 901
f 1255 901 1252
f 1255 1248 1247
f 1255 1247 1252
f 1256 1246 1247
f 1256 1247 1252
f 1252 1256 1253
f 1257 1258 1259
f 1259 903 907
f 1259 907 1257
f 907 896 1257
f 896 1254 1257
f 1260 1253 1254
f 1260 1254 1257
f 1257 1260 1258
f 1261 1262 1263
f 1263 909 913
f 1263 913 1261
f 913 903 1261
f 903 1259 1261
f 1258 1259 1261
f 1258 1261 1264
f 1261 1264 1262
f 1265 1266 1267
f 1265 1267 1268
f 1268 914 909
f 1268 909 1265
f 909 1263 1265
f 1262 1263 1265
f 1262 1265 1269
f 1265 1269 1266
f 1267 1268 1270
f 1267 1266 1270
f 1271 1272 1273
f 1273 916 921
f 1273 921 1271
f 1274 920 921
f 1274 921 1271
f 1271 1274 1275
f 1271 1275 1276
f 1271 1276 1272
f 1277 1278 1279
f 1279 923 927
f 1279 927 1277
f 927 916 1277
f 916 1273 1277
f 1280 1272 1273
f 1280 1273 1277
f 1277 1280 1278
f 1281 1248 1249
f 1281 1249 1282
f 1281 929 933
f 1281 933 1282
f 933 923 1282
f 923 1279 1282
f 1283 1278 1279
f 1283 1279 1282
f 1283 1250 1249
f 1283 1249 1282
f 1255 900 1284
f 900 938 1284
f 938 929 1284
f 929 1281 1284
f 1281 1248 1284
f 1248 1255 1284
f 914 1268 1285
f 914 948 1285
f 1286 1287 1288
f 953 957 1286
f 953 1286 1288
f 957 948 1286
f 948 1285 1286
f 1285 1268 1286
f 1270 1268 1286
f 1270 1286 1287
f 1289 1290 1291
f 1291 959 963
f 1291 963 1289
f 963 953 1289
f 953 1288 1289
f 1292 1287 1288
f 1292 1288 1289
f 1289 1292 1290
f 959 964 1293
f 1294 1293 959
f 1294 959 1291
f 1291 1290 1294
f 1295 1296 1297
f 1297 966 971
f 1297 971 1295
f 1298 970 971
f 1298 971 1295
f 1295 1298 1299
f 1295 1299 1300
f 1295 1300 1296
f 1274 920 1301
f 920 976 1301
f 976 966 1301
f 966 1297 1301
f 1302 1296 1297
f 1302 1297 1301
f 1302 1275 1274
f 1302 1274 1301
f 1303 1293 964
f 1303 964 1304
f 964 996 1304
f 1293 1294 1303
f 996 1000 1305
f 1306 1305 996
f 1306 996 1304
f 1304 1303 1306
f 1307 1308 1309
f 1309 1002 1007
f 1309 1007 1307
f 1310 1006 1007
f 1310 1007 1307
f 1307 1310 1311
f 1307 1311 1312
f 1307 1312 1308
f 1298 970 1313
f 970 1012 1313
f 1012 1002 1313
f 1002 1309 1313
f 1314 1308 1309
f 1314 1309 1313
f 1314 1299 1298
f 1314 1298 1313
f 1315 1316 1305
f 1315 1305 1000
f 1000 1022 1315
f 1305 1306 1316
f 1022 1026 1317
f 1318 1317 1022
f 1318 1022 1315
f 1315 1316 1318
f 1319 1320 1321
f 1319 1321 1322
f 1319 1322 1323
f 1319 1323 1324
f 1319 1324 1325
f 1319 1325 1320
f 1310 1006 1326
f 1006 1032 1326
f 1327 1031 1032
f 1327 1032 1326
f 1327 1322 1321
f 1327 1321 1326
f 1328 1320 1321
f 1328 1321 1326
f 1328 1311 1310
f 1328 1310 1326
f 1329 1330 1317
f 1329 1317 1026
f 1331 1329 1026
f 1331 1026 1042
f 1042 1041 1331
f 1317 1318 1330
f 1329 1331 1332
f 1329 1330 1332
f 1333 1322 1323
f 1333 1323 1334
f 1333 1044 1049
f 1333 1049 1334
f 1335 1048 1049
f 1335 1049 1334
f 1334 1335 1336
f 1334 1336 1337
f 1337 1324 1323
f 1337 1323 1334
f 1327 1031 1338
f 1031 1054 1338
f 1054 1044 1338
f 1044 1333 1338
f 1333 1322 1338
f 1322 1327 1338
f 1041 1331 1339
f 1041 1060 1339
f 1060 1064 1340
f 1340 1060 1339
f 1340 1339 1341
f 1341 1339 1331
f 1341 1331 1342
f 1331 1332 1342
f 1335 1048 1343
f 1048 1070 1343
f 1344 1069 1070
f 1344 1070 1343
f 1343 1344 1345
f 1343 1345 1346
f 1346 1336 1335
f 1346 1335 1343
f 1340 1064 1347
f 1064 1080 1347
f 1079 1080 1347
f 1079 1347 1348
f 1347 1348 1349
f 1347 1349 1350
f 1341 1340 1347
f 1341 1347 1350
f 1344 1069 1351
f 1069 1086 1351
f 1352 1085 1086
f 1352 1086 1351
f 1351 1352 1353
f 1351 1353 1354
f 1354 1345 1344
f 1354 1344 1351
f 1348 1079 1355
f 1079 1092 1355
f 1091 1092 1355
f 1091 1355 1356
f 1355 1356 1357
f 1355 1357 1358
f 1349 1348 1355
f 1349 1355 1358
f 1352 1085 1359
f 1085 1098 1359
f 1360 1097 1098
f 1360 1098 1359
f 1359 1360 1361
f 1359 1361 1362
f 1362 1353 1352
f 1362 1352 1359
f 1356 1091 1363
f 1091 1108 1363
f 1107 1108 1363
f 1107 1363 1364
f 1363 1364 1365
f 1363 1365 1366
f 1366 1357 1356
f 1366 1356 1363
f 1360 1097 1367
f 1097 1114 1367
f 1368 1113 1114
f 1368 1114 1367
f 1367 1368 1369
f 1367 1369 1370
f 1370 1361 1360
f 1370 1360 1367
f 1364 1107 1371
f 1107 1128 1371
f 1372 1127 1128
f 1372 1128 1371
f 1371 1372 1373
f 1371 1373 1374
f 1374 1365 1364
f 1374 1364 1371
f 1368 1113 1375
f 1376 1129 1113
f 1376 1113 1375
f 1375 1376 1377
f 1375 1377 1378
f 1375 1378 1379
f 1369 1368 1375
f 1369 1375 1379
f 1129 1134 1380
f 1129 1376 1380
f 1141 1139 1381
f 1141 1140 1381
f 1372 1127 1382
f 1127 1142 1382
f 1142 1139 1382
f 1383 1381 1139
f 1383 1139 1382
f 1382 1383 1384
f 1373 1372 1382
f 1373 1382 1384
f 1377 1376 1385
f 1377 1378 1385
f 1380 1134 1386
f 1134 1148 1386
f 1147 1148 1386
f 1147 1386 1387
f 1386 1387 1388
f 1385 1376 1386
f 1385 1386 1388
f 1376 1380 1386
f 1389 1381 1140
f 1389 1140 1390
f 1140 1158 1390
f 1391 1157 1158
f 1391 1158 1390
f 1390 1391 1392
f 1390 1392 1393
f 1390 1393 1389
f 1381 1389 1394
f 1381 1383 1394
f 1395 1396 1387
f 1395 1387 1147
f 1147 1159 1395
f 1387 1388 1396
f 1159 1164 1397
f 1397 1159 1395
f 1397 1395 1398
f 1395 1396 1398
f 1399 1400 1401
f 1173 1175 1399
f 1173 1399 1401
f 1174 1175 1399
f 1174 1399 1402
f 1399 1402 1403
f 1399 1403 1404
f 1399 1404 1400
f 1391 1157 1405
f 1157 1176 1405
f 1176 1173 1405
f 1173 1401 1405
f 1406 1400 1401
f 1406 1401 1405
f 1406 1392 1391
f 1406 1391 1405
f 1407 1408 1397
f 1407 1397 1164
f 1164 1177 1407
f 1397 1398 1408
f 1177 1182 1409
f 1409 1177 1407
f 1409 1407 1410
f 1407 1408 1410
f 1411 1412 1413
f 1201 1203 1411
f 1201 1411 1413
f 1414 1202 1203
f 1414 1203 1411
f 1411 1414 1415
f 1411 1415 1416
f 1411 1416 1412
f 1402 1174 1417
f 1174 1204 1417
f 1204 1201 1417
f 1201 1413 1417
f 1418 1412 1413
f 1418 1413 1417
f 1418 1403 1402
f 1418 1402 1417
f 1419 1409 1182
f 1419 1182 1420
f 1182 1205 1420
f 1409 1410 1419
f 1421 1422 1423
f 1206 1207 1421
f 1206 1421 1423
f 1207 1205 1421
f 1205 1420 1421
f 1419 1420 1421
f 1419 1421 1424
f 1421 1424 1422
f 1206 1212 1425
f 1425 1206 1423
f 1425 1423 1426
f 1423 1422 1426
f 1427 1428 1429
f 1229 1231 1427
f 1229 1427 1429
f 1230 1231 1427
f 1230 1427 1430
f 1427 1430 1431
f 1427 1431 1432
f 1427 1432 1428
f 1433 1434 1435
f 1435 1232 1233
f 1435 1233 1433
f 1233 1229 1433
f 1229 1429 1433
f 1436 1428 1429
f 1436 1429 1433
f 1433 1436 1434
f 1414 1202 1437
f 1202 1234 1437
f 1234 1232 1437
f 1232 1435 1437
f 1434 1435 1437
f 1434 1437 1438
f 1438 1415 1414
f 1438 1414 1437
f 1439 1425 1212
f 1439 1212 1440
f 1212 1235 1440
f 1425 1426 1439
f 1441 1442 1443
f 1236 1237 1441
f 1236 1441 1443
f 1237 1235 1441
f 1235 1440 1441
f 1439 1440 1441
f 1439 1441 1444
f 1441 1444 1442
f 1445 1446 1447
f 1238 1239 1445
f 1238 1445 1447
f 1239 1236 1445
f 1236 1443 1445
f 1442 1443 1445
f 1442 1445 1448
f 1445 1448 1446
f 1449 1450 1451
f 1451 1240 1241
f 1451 1241 1449
f 1241 1238 1449
f 1238 1447 1449
f 1446 1447 1449
f 1446 1449 1452
f 1449 1452 1450
f 1453 1454 1455
f 1455 1242 1243
f 1455 1243 1453
f 1243 1240 1453
f 1240 1451 1453
f 1450 1451 1453
f 1450 1453 1456
f 1453 1456 1454
f 1430 1230 1457
f 1230 1244 1457
f 1244 1242 1457
f 1242 1455 1457
f 1454 1455 1457
f 1454 1457 1458
f 1458 1431 1430
f 1458 1430 1457
f 1459 1460 1461
f 1246 1251 1459
f 1246 1459 1461
f 1462 1250 1251
f 1462 1251 1459
f 1459 1462 1463
f 1459 1463 1464
f 1459 1464 1460
f 1465 1466 1467
f 1253 1256 1465
f 1253 1465 1467
f 1256 1246 1465
f 1246 1461 1465
f 1468 1460 1461
f 1468 1461 1465
f 1465 1468 1466
f 1469 1470 1471
f 1258 1260 1469
f 1258 1469 1471
f 1260 1253 1469
f 1253 1467 1469
f 1472 1466 1467
f 1472 1467 1469
f 1469 1472 1470
f 1473 1474 1475
f 1262 1264 1473
f 1262 1473 1475
f 1264 1258 1473
f 1258 1471 1473
f 1470 1471 1473
f 1470 1473 1476
f 1473 1476 1474
f 1477 1478 1479
f 1266 1269 1477
f 1266 1477 1479
f 1269 1262 1477
f 1262 1475 1477
f 1474 1475 1477
f 1474 1477 1480
f 1477 1480 1478
f 1266 1270 1481
f 1482 1481 1266
f 1482 1266 1479
f 1479 1478 1482
f 1483 1484 1485
f 1485 1272 1276
f 1485 1276 1483
f 1486 1275 1276
f 1486 1276 1483
f 1483 1486 1487
f 1483 1487 1488
f 1483 1488 1484
f 1489 1490 1491
f 1491 1278 1280
f 1491 1280 1489
f 1280 1272 1489
f 1272 1485 1489
f 1492 1484 1485
f 1492 1485 1489
f 1489 1492 1490
f 1462 1250 1493
f 1250 1283 1493
f 1283 1278 1493
f 1278 1491 1493
f 1494 1490 1491
f 1494 1491 1493
f 1494 1463 1462
f 1494 1462 1493
f 1495 1481 1270
f 1495 1270 1496
f 1270 1287 1496
f 1481 1482 1495
f 1497 1498 1499
f 1290 1292 1497
f 1290 1497 1499
f 1292 1287 1497
f 1287 1496 1497
f 1500 1495 1496
f 1500 1496 1497
f 1497 1500 1498
f 1290 1294 1501
f 1502 1501 1290
f 1502 1290 1499
f 1499 1498 1502
f 1503 1504 1505
f 1505 1296 1300
f 1505 1300 1503
f 1506 1299 1300
f 1506 1300 1503
f 1503 1506 1507
f 1503 1507 1508
f 1503 1508 1504
f 1486 1275 1509
f 1275 1302 1509
f 1302 1296 1509
f 1296 1505 1509
f 1510 1504 1505
f 1510 1505 1509
f 1510 1487 1486
f 1510 1486 1509
f 1511 1512 1501
f 1511 1501 1294
f 1294 1303 1511
f 1501 1502 1512
f 1303 1306 1513
f 1514 1513 1303
f 1514 1303 1511
f 1511 1512 1514
f 1515 1516 1517
f 1517 1308 1312
f 1517 1312 1515
f 1518 1311 1312
f 1518 1312 1515
f 1515 1518 1519
f 1515 1519 1520
f 1515 1520 1516
f 1506 1299 1521
f 1299 1314 1521
f 1314 1308 1521
f 1308 1517 1521
f 1522 1516 1517
f 1522 1517 1521
f 1522 1507 1506
f 1522 1506 1521
f 1523 1524 1513
f 1523 1513 1306
f 1306 1316 1523
f 1513 1514 1524
f 1316 1318 1525
f 1525 1316 1523
f 1525 1523 1526
f 1523 1524 1526
f 1527 1528 1529
f 1529 1320 1325
f 1529 1325 1527
f 1530 1324 1325
f 1530 1325 1527
f 1527 1530 1531
f 1527 1531 1532
f 1527 1532 1528
f 1518 1311 1533
f 1311 1328 1533
f 1328 1320 1533
f 1320 1529 1533
f 1534 1528 1529
f 1534 1529 1533
f 1534 1519 1518
f 1534 1518 1533
f 1535 1536 1525
f 1535 1525 1318
f 1318 1330 1535
f 1525 1526 1536
f 1330 1332 1537
f 1538 1537 1330
f 1538 1330 1535
f 1535 1536 1538
f 1530 1324 1539
f 1324 1337 1539
f 1540 1336 1337
f 1540 1337 1539
f 1539 1540 1541
f 1539 1541 1542
f 1542 1531 1530
f 1542 1530 1539
f 1537 1332 1543
f 1332 1342 1543
f 1341 1342 1543
f 1341 1543 1544
f 1543 1544 1545
f 1543 1545 1546
f 1538 1537 1543
f 1538 1543 1546
f 1540 1336 1547
f 1336 1346 1547
f 1548 1345 1346
f 1548 1346 1547
f 1547 1548 1549
f 1547 1549 1550
f 1550 1541 1540
f 1550 1540 1547
f 1544 1341 1551
f 1341 1350 1551
f 1349 1350 1551
f 1349 1551 1552
f 1551 1552 1553
f 1551 1553 1554
f 1545 1544 1551
f 1545 1551 1554
f 1548 1345 1555
f 1345 1354 1555
f 1556 1353 1354
f 1556 1354 1555
f 1555 1556 1557
f 1555 1557 1558
f 1558 1549 1548
f 1558 1548 1555
f 1552 1349 1559
f 1349 1358 1559
f 1357 1358 1559
f 1357 1559 1560
f 1559 1560 1561
f 1559 1561 1562
f 1553 1552 1559
f 1553 1559 1562
f 1556 1353 1563
f 1353 1362 1563
f 1361 1362 1563
f 1361 1563 1564
f 1563 1564 1565
f 1563 1565 1566
f 1566 1557 1556
f 1566 1556 1563
f 1560 1357 1567
f 1357 1366 1567
f 1365 1366 1567
f 1365 1567 1568
f 1567 1568 1569
f 1567 1569 1570
f 1570 1561 1560
f 1570 1560 1567
f 1564 1361 1571
f 1361 1370 1571
f 1369 1370 1571
f 1369 1571 1572
f 1571 1572 1573
f 1571 1573 1574
f 1574 1565 1564
f 1574 1564 1571
f 1568 1365 1575
f 1365 1374 1575
f 1373 1374 1575
f 1373 1575 1576
f 1575 1576 1577
f 1575 1577 1578
f 1578 1569 1568
f 1578 1568 1575
f 1572 1369 1579
f 1369 1379 1579
f 1580 1378 1379
f 1580 1379 1579
f 1579 1580 1581
f 1579 1581 1582
f 1573 1572 1579
f 1573 1579 1582
f 1576 1373 1583
f 1373 1384 1583
f 1584 1383 1384
f 1584 1384 1583
f 1583 1584 1585
f 1583 1585 1586
f 1586 1577 1576
f 1586 1576 1583
f 1587 1580 1378
f 1587 1378 1588
f 1378 1385 1588
f 1580 1581 1587
f 1385 1388 1589
f 1589 1385 1588
f 1589 1588 1590
f 1588 1587 1590
f 1591 1592 1593
f 1593 1389 1393
f 1593 1393 1591
f 1392 1393 1591
f 1392 1591 1594
f 1591 1594 1595
f 1591 1595 1596
f 1591 1596 1592
f 1584 1383 1597
f 1383 1394 1597
f 1394 1389 1597
f 1389 1593 1597
f 1592 1593 1597
f 1592 1597 1598
f 1585 1584 1597
f 1585 1597 1598
f 1589 1388 1599
f 1396 1388 1599
f 1396 1599 1600
f 1599 1600 1601
f 1599 1601 1602
f 1599 1602 1603
f 1590 1589 1599
f 1590 1599 1603
f 1396 1398 1604
f 1396 1600 1604
f 1404 1400 1605
f 1404 1403 1605
f 1594 1392 1606
f 1392 1406 1606
f 1406 1400 1606
f 1607 1605 1400
f 1607 1400 1606
f 1606 1607 1608
f 1608 1595 1594
f 1608 1594 1606
f 1601 1600 1609
f 1601 1602 1609
f 1604 1398 1610
f 1408 1398 1610
f 1408 1610 1611
f 1610 1611 1612
f 1610 1612 1613
f 1609 1600 1610
f 1609 1610 1613
f 1600 1604 1610
f 1408 1410 1614
f 1408 1611 1614
f 1416 1412 1615
f 1416 1415 1615
f 1616 1605 1403
f 1616 1403 1617
f 1403 1418 1617
f 1418 1412 1617
f 1618 1615 1412
f 1618 1412 1617
f 1617 1618 1619
f 1617 1619 1616
f 1605 1616 1620
f 1605 1607 1620
f 1612 1611 1621
f 1612 1613 1621
f 1622 1614 1410
f 1622 1410 1623
f 1410 1419 1623
f 1611 1621 1624
f 1622 1624 1611
f 1622 1611 1614
f 1424 1422 1625
f 1626 1625 1424
f 1626 1424 1419
f 1627 1626 1419
f 1627 1419 1623
f 1623 1622 1627
f 1422 1426 1628
f 1422 1625 1628
f 1432 1428 1629
f 1432 1431 1629
f 1630 1631 1632
f 1434 1436 1630
f 1434 1630 1632
f 1436 1428 1630
f 1633 1629 1428
f 1633 1428 1630
f 1630 1633 1634
f 1630 1634 1631
f 1635 1615 1415
f 1635 1415 1636
f 1415 1438 1636
f 1438 1434 1636
f 1434 1632 1636
f 1637 1631 1632
f 1637 1632 1636
f 1636 1637 1635
f 1615 1635 1638
f 1615 1618 1638
f 1626 1625 1639
f 1626 1627 1639
f 1640 1628 1426
f 1640 1426 1641
f 1426 1439 1641
f 1625 1639 1642
f 1642 1625 1628
f 1642 1628 1640
f 1643 1644 1645
f 1442 1444 1643
f 1442 1643 1645
f 1444 1439 1643
f 1439 1641 1643
f 1640 1641 1643
f 1640 1643 1646
f 1643 1646 1644
f 1647 1648 1649
f 1446 1448 1647
f 1446 1647 1649
f 1448 1442 1647
f 1442 1645 1647
f 1644 1645 1647
f 1644 1647 1650
f 1647 1650 1648
f 1651 1652 1653
f 1450 1452 1651
f 1450 1651 1653
f 1452 1446 1651
f 1446 1649 1651
f 1654 1648 1649
f 1654 1649 1651
f 1651 1654 1652
f 1655 1656 1657
f 1657 1454 1456
f 1657 1456 1655
f 1456 1450 1655
f 1450 1653 1655
f 1658 1652 1653
f 1658 1653 1655
f 1655 1658 1656
f 1659 1629 1431
f 1659 1431 1660
f 1431 1458 1660
f 1458 1454 1660
f 1454 1657 1660
f 1656 1657 1660
f 1656 1660 1661
f 1660 1661 1659
f 1629 1659 1662
f 1629 1633 1662
f 1663 1664 1665
f 1663 1665 1666
f 1663 1666 1667
f 1663 1667 1668
f 1663 1668 1669
f 1663 1669 1664
f 1670 1671 1672
f 1670 1672 1673
f 1670 1673 1674
f 1674 1666 1665
f 1674 1665 1670
f 1675 1664 1665
f 1675 1665 1670
f 1670 1675 1671
f 1676 1677 1678
f 1676 1678 1679
f 1676 1679 1680
f 1680 1673 1672
f 1680 1672 1676
f 1681 1671 1672
f 1681 1672 1676
f 1676 1681 1677
f 1682 1683 1684
f 1682 1684 1685
f 1682 1685 1686
f 1686 1679 1678
f 1686 1678 1682
f 1687 1677 1678
f 1687 1678 1682
f 1682 1687 1683
f 1688 1689 1690
f 1688 1690 1691
f 1688 1691 1692
f 1692 1685 1684
f 1692 1684 1688
f 1693 1683 1684
f 1693 1684 1688
f 1688 1693 1689
f 1694 1695 1696
f 1694 1696 1697
f 1694 1697 1698
f 1698 1691 1690
f 1698 1690 1694
f 1699 1689 1690
f 1699 1690 1694
f 1694 1699 1695
f 1700 1701 1702
f 1700 1702 1703
f 1700 1703 1704
f 1697 1696 1700
f 1697 1700 1704
f 1695 1696 1700
f 1695 1700 1705
f 1700 1705 1701
f 1702 1703 1706
f 1702 1701 1706
f 1707 1708 1709
f 1707 1709 1710
f 1707 1710 1711
f 1707 1711 1712
f 1707 1712 1713
f 1707 1713 1708
f 1714 1715 1716
f 1714 1716 1717
f 1714 1717 1718
f 1718 1710 1709
f 1718 1709 1714
f 1719 1708 1709
f 1719 1709 1714
f 1714 1719 1715
f 1720 1666 1667
f 1720 1667 1721
f 1721 1720 1722
f 1721 1722 1723
f 1723 1717 1716
f 1723 1716 1721
f 1724 1715 1716
f 1724 1716 1721
f 1724 1668 1667
f 1724 1667 1721
f 1725 1673 1674
f 1725 1674 1726
f 1725 1460 1464
f 1725 1464 1726
f 1727 1463 1464
f 1727 1464 1726
f 1727 1722 1720
f 1727 1720 1726
f 1720 1666 1726
f 1666 1674 1726
f 1728 1679 1680
f 1728 1680 1729
f 1728 1466 1468
f 1728 1468 1729
f 1468 1460 1729
f 1460 1725 1729
f 1725 1673 1729
f 1673 1680 1729
f 1730 1685 1686
f 1730 1686 1731
f 1730 1470 1472
f 1730 1472 1731
f 1472 1466 1731
f 1466 1728 1731
f 1728 1679 1731
f 1679 1686 1731
f 1732 1691 1692
f 1732 1692 1733
f 1732 1474 1476
f 1732 1476 1733
f 1476 1470 1733
f 1470 1730 1733
f 1730 1685 1733
f 1685 1692 1733
f 1734 1697 1698
f 1734 1698 1735
f 1734 1478 1480
f 1734 1480 1735
f 1480 1474 1735
f 1474 1732 1735
f 1732 1691 1735
f 1691 1698 1735
f 1736 1703 1704
f 1736 1704 1737
f 1737 1736 1738
f 1738 1482 1478
f 1738 1478 1737
f 1478 1734 1737
f 1734 1697 1737
f 1697 1704 1737
f 1739 1740 1741
f 1739 1741 1742
f 1739 1742 1743
f 1743 1738 1736
f 1743 1736 1739
f 1736 1703 1739
f 1740 1706 1703
f 1740 1703 1739
f 1744 1745 1746
f 1744 1746 1747
f 1744 1747 1748
f 1742 1741 1744
f 1742 1744 1748
f 1740 1741 1744
f 1740 1744 1749
f 1744 1749 1745
f 1746 1747 1750
f 1746 1745 1750
f 1751 1752 1753
f 1751 1753 1754
f 1751 1754 1755
f 1751 1755 1756
f 1751 1756 1757
f 1751 1757 1752
f 1758 1710 1711
f 1758 1711 1759
f 1759 1758 1760
f 1759 1760 1761
f 1761 1754 1753
f 1761 1753 1759
f 1762 1752 1753
f 1762 1753 1759
f 1762 1712 1711
f 1762 1711 1759
f 1763 1717 1718
f 1763 1718 1764
f 1763 1484 1488
f 1763 1488 1764
f 1765 1487 1488
f 1765 1488 1764
f 1765 1760 1758
f 1765 1758 1764
f 1758 1710 1764
f 1710 1718 1764
f 1766 1722 1723
f 1766 1723 1767
f 1766 1490 1492
f 1766 1492 1767
f 1492 1484 1767
f 1484 1763 1767
f 1763 1717 1767
f 1717 1723 1767
f 1727 1463 1768
f 1463 1494 1768
f 1494 1490 1768
f 1490 1766 1768
f 1766 1722 1768
f 1722 1727 1768
f 1482 1738 1769
f 1482 1495 1769
f 1742 1743 1770
f 1742 1770 1771
f 1498 1500 1770
f 1498 1770 1771
f 1500 1495 1770
f 1495 1769 1770
f 1769 1738 1770
f 1738 1743 1770
f 1772 1747 1748
f 1772 1748 1773
f 1773 1772 1774
f 1774 1502 1498
f 1774 1498 1773
f 1498 1771 1773
f 1771 1742 1773
f 1742 1748 1773
f 1775 1776 1777
f 1775 1777 1778
f 1775 1778 1779
f 1774 1772 1775
f 1774 1775 1779
f 1772 1747 1775
f 1776 1750 1747
f 1776 1747 1775
f 1777 1778 1780
f 1777 1776 1780
f 1781 1782 1783
f 1781 1783 1784
f 1781 1784 1785
f 1781 1785 1786
f 1781 1786 1787
f 1781 1787 1782
f 1788 1754 1755
f 1788 1755 1789
f 1789 1788 1790
f 1789 1790 1791
f 1791 1784 1783
f 1791 1783 1789
f 1792 1782 1783
f 1792 1783 1789
f 1792 1756 1755
f 1792 1755 1789
f 1793 1760 1761
f 1793 1761 1794
f 1793 1504 1508
f 1793 1508 1794
f 1795 1507 1508
f 1795 1508 1794
f 1795 1790 1788
f 1795 1788 1794
f 1788 1754 1794
f 1754 1761 1794
f 1765 1487 1796
f 1487 1510 1796
f 1510 1504 1796
f 1504 1793 1796
f 1793 1760 1796
f 1760 1765 1796
f 1502 1774 1797
f 1502 1512 1797
f 1798 1778 1779
f 1798 1779 1799
f 1799 1798 1800
f 1800 1514 1512
f 1800 1512 1799
f 1512 1797 1799
f 1797 1774 1799
f 1774 1779 1799
f 1801 1802 1803
f 1801 1803 1804
f 1801 1804 1805
f 1800 1798 1801
f 1800 1801 1805
f 1798 1778 1801
f 1780 1778 1801
f 1780 1801 1802
f 1803 1804 1806
f 1803 1802 1806
f 1807 1784 1785
f 1807 1785 1808
f 1808 1807 1809
f 1808 1809 1810
f 1808 1810 1811
f 1808 1811 1812
f 1812 1786 1785
f 1812 1785 1808
f 1813 1790 1791
f 1813 1791 1814
f 1813 1516 1520
f 1813 1520 1814
f 1815 1519 1520
f 1815 1520 1814
f 1815 1809 1807
f 1815 1807 1814
f 1807 1784 1814
f 1784 1791 1814
f 1795 1507 1816
f 1507 1522 1816
f 1522 1516 1816
f 1516 1813 1816
f 1813 1790 1816
f 1790 1795 1816
f 1514 1800 1817
f 1514 1524 1817
f 1818 1804 1805
f 1818 1805 1819
f 1819 1818 1820
f 1526 1524 1819
f 1526 1819 1820
f 1524 1817 1819
f 1817 1800 1819
f 1800 1805 1819
f 1818 1820 1821
f 1822 1821 1818
f 1822 1818 1804
f 1804 1806 1822
f 1823 1824 1825
f 1823 1825 1826
f 1823 1826 1827
f 1823 1827 1828
f 1823 1828 1829
f 1823 1829 1824
f 1830 1809 1810
f 1830 1810 1831
f 1830 1528 1532
f 1830 1532 1831
f 1832 1531 1532
f 1832 1532 1831
f 1832 1826 1825
f 1832 1825 1831
f 1833 1824 1825
f 1833 1825 1831
f 1833 1811 1810
f 1833 1810 1831
f 1815 1519 1834
f 1519 1534 1834
f 1534 1528 1834
f 1528 1830 1834
f 1830 1809 1834
f 1809 1815 1834
f 1526 1820 1835
f 1526 1536 1835
f 1836 1837 1838
f 1836 1838 1839
f 1839 1538 1536
f 1839 1536 1836
f 1536 1835 1836
f 1835 1820 1836
f 1837 1821 1820
f 1837 1820 1836
f 1838 1839 1840
f 1838 1837 1840
f 1841 1826 1827
f 1841 1827 1842
f 1842 1841 1843
f 1842 1843 1844
f 1842 1844 1845
f 1842 1845 1846
f 1846 1828 1827
f 1846 1827 1842
f 1832 1531 1847
f 1531 1542 1847
f 1848 1541 1542
f 1848 1542 1847
f 1848 1843 1841
f 1848 1841 1847
f 1841 1826 1847
f 1826 1832 1847
f 1538 1839 1849
f 1849 1538 1546
f 1849 1546 1850
f 1546 1545 1850
f 1849 1850 1851
f 1852 1851 1849
f 1852 1849 1839
f 1839 1840 1852
f 1853 1843 1844
f 1853 1844 1854
f 1854 1853 1855
f 1854 1855 1856
f 1854 1856 1857
f 1854 1857 1858
f 1858 1845 1844
f 1858 1844 1854
f 1848 1541 1859
f 1541 1550 1859
f 1860 1549 1550
f 1860 1550 1859
f 1860 1855 1853
f 1860 1853 1859
f 1853 1843 1859
f 1843 1848 1859
f 1545 1850 1861
f 1861 1545 1554
f 1861 1554 1862
f 1554 1553 1862
f 1861 1862 1863
f 1864 1863 1861
f 1864 1861 1850
f 1850 1851 1864
f 1865 1855 1856
f 1865 1856 1866
f 1866 1865 1867
f 1866 1867 1868
f 1866 1868 1869
f 1866 1869 1870
f 1870 1857 1856
f 1870 1856 1866
f 1860 1549 1871
f 1549 1558 1871
f 1872 1557 1558
f 1872 1558 1871
f 1872 1867 1865
f 1872 1865 1871
f 1865 1855 1871
f 1855 1860 1871
f 1553 1862 1873
f 1873 1553 1562
f 1873 1562 1874
f 1562 1561 1874
f 1873 1874 1875
f 1876 1875 1873
f 1876 1873 1862
f 1862 1863 1876
f 1877 1867 1868
f 1877 1868 1878
f 1878 1877 1879
f 1878 1879 1880
f 1878 1880 1881
f 1878 1881 1882
f 1882 1869 1868
f 1882 1868 1878
f 1872 1557 1883
f 1557 1566 1883
f 1565 1566 1883
f 1565 1883 1884
f 1879 1877 1883
f 1879 1883 1884
f 1877 1867 1883
f 1867 1872 1883
f 1561 1874 1885
f 1886 1885 1561
f 1886 1561 1570
f 1570 1569 1886
f 1885 1886 1887
f 1888 1887 1885
f 1888 1885 1874
f 1874 1875 1888
f 1889 1879 1880
f 1889 1880 1890
f 1890 1889 1891
f 1890 1891 1892
f 1890 1892 1893
f 1890 1893 1894
f 1894 1881 1880
f 1894 1880 1890
f 1884 1565 1895
f 1565 1574 1895
f 1573 1574 1895
f 1573 1895 1896
f 1891 1889 1895
f 1891 1895 1896
f 1889 1879 1895
f 1879 1884 1895
f 1569 1886 1897
f 1898 1897 1569
f 1898 1569 1578
f 1578 1577 1898
f 1897 1898 1899
f 1900 1899 1897
f 1900 1897 1886
f 1886 1887 1900
f 1901 1891 1892
f 1901 1892 1902
f 1902 1901 1903
f 1902 1903 1904
f 1902 1904 1905
f 1902 1905 1906
f 1906 1893 1892
f 1906 1892 1902
f 1896 1573 1907
f 1573 1582 1907
f 1908 1581 1582
f 1908 1582 1907
f 1908 1903 1901
f 1908 1901 1907
f 1901 1891 1907
f 1891 1896 1907
f 1577 1898 1909
f 1910 1909 1577
f 1910 1577 1586
f 1586 1585 1910
f 1909 1910 1911
f 1912 1911 1909
f 1912 1909 1898
f 1898 1899 1912
f 1903 1904 1913
f 1903 1913 1914
f 1913 1914 1915
f 1913 1915 1916
f 1913 1916 1917
f 1913 1917 1918
f 1905 1904 1913
f 1905 1913 1918
f 1908 1581 1919
f 1920 1587 1581
f 1920 1581 1919
f 1919 1920 1921
f 1921 1915 1914
f 1921 1914 1919
f 1914 1903 1919
f 1903 1908 1919
f 1587 1590 1922
f 1587 1920 1922
f 1596 1592 1923
f 1596 1595 1923
f 1585 1910 1924
f 1925 1924 1585
f 1925 1585 1598
f 1926 1925 1598
f 1926 1598 1592
f 1592 1923 1926
f 1924 1925 1927
f 1928 1927 1924
f 1928 1924 1910
f 1910 1911 1928
f 1916 1915 1929
f 1916 1917 1929
f 1930 1920 1921
f 1930 1921 1931
f 1931 1930 1932
f 1931 1932 1933
f 1931 1933 1934
f 1934 1929 1915
f 1934 1915 1931
f 1915 1921 1931
f 1922 1590 1935
f 1590 1603 1935
f 1936 1602 1603
f 1936 1603 1935
f 1932 1930 1935
f 1932 1935 1936
f 1930 1920 1935
f 1920 1922 1935
f 1595 1923 1937
f 1938 1937 1595
f 1938 1595 1608
f 1608 1607 1938
f 1926 1925 1939
f 1937 1938 1940
f 1940 1937 1923
f 1940 1923 1941
f 1941 1923 1926
f 1941 1926 1939
f 1925 1939 1942
f 1925 1927 1942
f 1933 1932 1943
f 1933 1934 1943
f 1936 1602 1944
f 1945 1609 1602
f 1945 1602 1944
f 1944 1945 1946
f 1944 1946 1947
f 1947 1943 1932
f 1947 1932 1944
f 1932 1936 1944
f 1609 1613 1948
f 1609 1945 1948
f 1619 1616 1949
f 1619 1618 1949
f 1938 1607 1950
f 1938 1950 1951
f 1607 1620 1950
f 1620 1616 1950
f 1949 1616 1950
f 1949 1950 1952
f 1950 1952 1953
f 1950 1953 1951
f 1938 1951 1954
f 1938 1940 1954
f 1946 1945 1955
f 1946 1947 1955
f 1948 1613 1956
f 1957 1621 1613
f 1957 1613 1956
f 1956 1957 1958
f 1956 1958 1959
f 1959 1955 1945
f 1959 1945 1956
f 1945 1948 1956
f 1624 1622 1960
f 1960 1624 1621
f 1960 1621 1961
f 1621 1957 1961
f 1622 1627 1962
f 1622 1960 1962
f 1634 1631 1963
f 1634 1633 1963
f 1637 1635 1964
f 1964 1637 1631
f 1964 1631 1965
f 1631 1963 1965
f 1949 1618 1966
f 1949 1966 1967
f 1618 1638 1966
f 1638 1635 1966
f 1964 1635 1966
f 1964 1966 1968
f 1966 1968 1969
f 1966 1969 1967
f 1949 1967 1970
f 1949 1952 1970
f 1958 1957 1971
f 1958 1959 1971
f 1960 1961 1972
f 1960 1972 1973
f 1972 1973 1974
f 1972 1974 1975
f 1972 1975 1976
f 1971 1957 1972
f 1971 1972 1976
f 1957 1961 1972
f 1962 1627 1977
f 1978 1639 1627
f 1978 1627 1977
f 1977 1978 1979
f 1979 1974 1973
f 1979 1973 1977
f 1973 1960 1977
f 1960 1962 1977
f 1642 1640 1980
f 1980 1642 1639
f 1980 1639 1981
f 1639 1978 1981
f 1646 1644 1982
f 1983 1982 1646
f 1983 1646 1640
f 1640 1980 1983
f 1650 1648 1984
f 1985 1984 1650
f 1985 1650 1644
f 1644 1982 1985
f 1654 1652 1986
f 1986 1654 1648
f 1986 1648 1987
f 1648 1984 1987
f 1658 1656 1988
f 1988 1658 1652
f 1988 1652 1989
f 1652 1986 1989
f 1661 1659 1990
f 1990 1661 1656
f 1990 1656 1991
f 1656 1988 1991
f 1633 1963 1992
f 1993 1992 1633
f 1993 1633 1662
f 1994 1993 1662
f 1994 1662 1659
f 1659 1990 1994
f 1965 1964 1995
f 1992 1993 1996
f 1997 1996 1992
f 1997 1992 1963
f 1997 1963 1965
f 1997 1965 1995
f 1964 1995 1998
f 1964 1968 1998
f 1975 1974 1999
f 1975 1976 1999
f 1979 1978 2000
f 1974 1999 2001
f 2000 2001 1974
f 2000 1974 1979
f 1981 1980 2002
f 1978 2000 2003
f 2002 2003 1978
f 2002 1978 1981
f 1983 1982 2004
f 1980 2002 2005
f 2004 2005 1980
f 2004 1980 1983
f 1985 1984 2006
f 1982 2004 2007
f 2006 2007 1982
f 2006 1982 1985
f 1987 1986 2008
f 1984 2006 2009
f 2008 2009 1984
f 2008 1984 1987
f 1989 1988 2010
f 1986 2008 2011
f 2010 2011 1986
f 2010 1986 1989
f 1991 1990 2012
f 1988 2010 2013
f 2013 1988 1991
f 2013 1991 2012
f 1994 1993 2014
f 1990 2012 2015
f 2015 1990 1994
f 2015 1994 2014
f 1993 2014 2016
f 1993 1996 2016
f 1669 1664 2017
f 1669 1668 2017
f 2018 2019 2020
f 1671 1675 2018
f 1671 2018 2020
f 1675 1664 2018
f 2021 2017 1664
f 2021 1664 2018
f 2018 2021 2022
f 2018 2022 2019
f 2023 2024 2025
f 1677 1681 2023
f 1677 2023 2025
f 1681 1671 2023
f 1671 2020 2023
f 2026 2019 2020
f 2026 2020 2023
f 2023 2026 2024
f 2027 2028 2029
f 1683 1687 2027
f 1683 2027 2029
f 1687 1677 2027
f 1677 2025 2027
f 2030 2024 2025
f 2030 2025 2027
f 2027 2030 2028
f 2031 2032 2033
f 1689 1693 2031
f 1689 2031 2033
f 1693 1683 2031
f 1683 2029 2031
f 2028 2029 2031
f 2028 2031 2034
f 2031 2034 2032
f 2035 2036 2037
f 1695 1699 2035
f 1695 2035 2037
f 1699 1689 2035
f 1689 2033 2035
f 2032 2033 2035
f 2032 2035 2038
f 2035 2038 2036
f 1705 1701 2039
f 2040 2039 1705
f 2040 1705 1695
f 2040 1695 2037
f 2040 2037 2041
f 2037 2036 2041
f 1701 1706 2042
f 1701 2039 2042
f 1713 1708 2043
f 1713 1712 2043
f 2044 2045 2046
f 1715 1719 2044
f 1715 2044 2046
f 1719 1708 2044
f 2047 2043 1708
f 2047 1708 2044
f 2044 2047 2048
f 2044 2048 2045
f 2049 2017 1668
f 2049 1668 2050
f 1668 1724 2050
f 1724 1715 2050
f 1715 2046 2050
f 2051 2045 2046
f 2051 2046 2050
f 2050 2051 2049
f 2017 2049 2052
f 2017 2021 2052
f 2040 2039 2053
f 2040 2041 2053
f 2054 2042 1706
f 2054 1706 2055
f 1706 1740 2055
f 2039 2053 2056
f 2056 2039 2042
f 2056 2042 2054
f 1749 1745 2057
f 2058 2057 1749
f 2058 1749 1740
f 2059 2058 1740
f 2059 1740 2055
f 2055 2054 2059
f 1745 1750 2060
f 1745 2057 2060
f 1757 1752 2061
f 1757 1756 2061
f 2062 2043 1712
f 2062 1712 2063
f 1712 1762 2063
f 1762 1752 2063
f 2064 2061 1752
f 2064 1752 2063
f 2063 2064 2065
f 2063 2065 2062
f 2043 2062 2066
f 2043 2047 2066
f 2058 2057 2067
f 2058 2059 2067
f 2060 1750 2068
f 1776 1750 2068
f 1776 2068 2069
f 2068 2069 2070
f 2068 2070 2071
f 2067 2057 2068
f 2067 2068 2071
f 2057 2060 2068
f 1776 1780 2072
f 1776 2069 2072
f 1787 1782 2073
f 1787 1786 2073
f 2074 2061 1756
f 2074 1756 2075
f 1756 1792 2075
f 1792 1782 2075
f 2076 2073 1782
f 2076 1782 2075
f 2075 2076 2077
f 2075 2077 2074
f 2061 2074 2078
f 2061 2064 2078
f 2070 2069 2079
f 2070 2071 2079
f 2072 1780 2080
f 1802 1780 2080
f 1802 2080 2081
f 2080 2081 2082
f 2080 2082 2083
f 2083 2079 2069
f 2083 2069 2080
f 2069 2072 2080
f 1802 1806 2084
f 1802 2081 2084
f 2085 2073 1786
f 2085 1786 2086
f 1786 1812 2086
f 2087 1811 1812
f 2087 1812 2086
f 2086 2087 2088
f 2086 2088 2089
f 2086 2089 2085
f 2073 2085 2090
f 2073 2076 2090
f 2082 2081 2091
f 2082 2083 2091
f 2084 1806 2092
f 1806 1822 2092
f 2093 1821 1822
f 2093 1822 2092
f 2092 2093 2094
f 2094 2091 2081
f 2094 2081 2092
f 2081 2084 2092
f 2095 2096 2097
f 1824 1829 2095
f 1824 2095 2097
f 1828 1829 2095
f 1828 2095 2098
f 2095 2098 2099
f 2095 2099 2100
f 2095 2100 2096
f 2087 1811 2101
f 1811 1833 2101
f 1833 1824 2101
f 1824 2097 2101
f 2102 2096 2097
f 2102 2097 2101
f 2088 2087 2101
f 2088 2101 2102
f 2103 2104 2093
f 2103 2093 1821
f 1821 1837 2103
f 2093 2094 2104
f 1837 1840 2105
f 2105 1837 2103
f 2105 2103 2106
f 2103 2104 2106
f 2098 1828 2107
f 1828 1846 2107
f 2108 1845 1846
f 2108 1846 2107
f 2107 2108 2109
f 2107 2109 2110
f 2110 2099 2098
f 2110 2098 2107
f 2105 1840 2111
f 1840 1852 2111
f 1851 1852 2111
f 1851 2111 2112
f 2111 2112 2113
f 2111 2113 2114
f 2114 2106 2105
f 2114 2105 2111
f 2108 1845 2115
f 1845 1858 2115
f 2116 1857 1858
f 2116 1858 2115
f 2115 2116 2117
f 2115 2117 2118
f 2109 2108 2115
f 2109 2115 2118
f 2112 1851 2119
f 1851 1864 2119
f 2120 1863 1864
f 2120 1864 2119
f 2119 2120 2121
f 2119 2121 2122
f 2122 2113 2112
f 2122 2112 2119
f 2116 1857 2123
f 1857 1870 2123
f 2124 1869 1870
f 2124 1870 2123
f 2123 2124 2125
f 2123 2125 2126
f 2117 2116 2123
f 2117 2123 2126
f 2120 1863 2127
f 1863 1876 2127
f 2128 1875 1876
f 2128 1876 2127
f 2127 2128 2129
f 2127 2129 2130
f 2121 2120 2127
f 2121 2127 2130
f 2124 1869 2131
f 1869 1882 2131
f 1881 1882 2131
f 1881 2131 2132
f 2131 2132 2133
f 2131 2133 2134
f 2125 2124 2131
f 2125 2131 2134
f 2128 1875 2135
f 1875 1888 2135
f 2136 1887 1888
f 2136 1888 2135
f 2135 2136 2137
f 2135 2137 2138
f 2138 2129 2128
f 2138 2128 2135
f 2132 1881 2139
f 1881 1894 2139
f 1893 1894 2139
f 1893 2139 2140
f 2139 2140 2141
f 2139 2141 2142
f 2133 2132 2139
f 2133 2139 2142
f 2136 1887 2143
f 1887 1900 2143
f 2144 1899 1900
f 2144 1900 2143
f 2143 2144 2145
f 2143 2145 2146
f 2146 2137 2136
f 2146 2136 2143
f 2140 1893 2147
f 1893 1906 2147
f 1905 1906 2147
f 1905 2147 2148
f 2147 2148 2149
f 2147 2149 2150
f 2141 2140 2147
f 2141 2147 2150
f 2144 1899 2151
f 1899 1912 2151
f 2152 1911 1912
f 2152 1912 2151
f 2151 2152 2153
f 2151 2153 2154
f 2154 2145 2144
f 2154 2144 2151
f 2155 2156 2148
f 2155 2148 1905
f 2155 1905 1918
f 2155 1918 2157
f 1918 1917 2157
f 2148 2149 2156
f 2155 2157 2158
f 2155 2156 2158
f 2159 2160 2161
f 2159 2161 2162
f 2159 2162 2163
f 2159 2163 2164
f 2159 2164 2165
f 2159 2165 2160
f 2152 1911 2166
f 1911 1928 2166
f 2167 1927 1928
f 2167 1928 2166
f 2167 2162 2161
f 2167 2161 2166
f 2168 2160 2161
f 2168 2161 2166
f 2168 2153 2152
f 2168 2152 2166
f 1917 2157 2169
f 1917 1929 2169
f 1929 1934 2170
f 2170 1929 2169
f 2170 2169 2171
f 2171 2169 2157
f 2171 2157 2172
f 2157 2158 2172
f 2173 2162 2163
f 2173 2163 2174
f 2173 1939 1941
f 2173 1941 2174
f 2175 1940 1941
f 2175 1941 2174
f 2174 2175 2176
f 2174 2176 2177
f 2177 2164 2163
f 2177 2163 2174
f 2167 1927 2178
f 1927 1942 2178
f 1942 1939 2178
f 1939 2173 2178
f 2173 2162 2178
f 2162 2167 2178
f 2179 2180 2170
f 2179 2170 1934
f 1934 1943 2179
f 2170 2171 2180
f 1943 1947 2181
f 2182 2181 1943
f 2182 1943 2179
f 2179 2180 2182
f 2183 2184 2185
f 2185 1951 1953
f 2185 1953 2183
f 2186 1952 1953
f 2186 1953 2183
f 2183 2186 2187
f 2183 2187 2188
f 2183 2188 2184
f 2175 1940 2189
f 1940 1954 2189
f 1954 1951 2189
f 1951 2185 2189
f 2190 2184 2185
f 2190 2185 2189
f 2190 2176 2175
f 2190 2175 2189
f 2191 2181 1947
f 2191 1947 2192
f 1947 1955 2192
f 2181 2182 2191
f 1955 1959 2193
f 2194 2193 1955
f 2194 1955 2192
f 2192 2191 2194
f 2195 2196 2197
f 2197 1967 1969
f 2197 1969 2195
f 2198 1968 1969
f 2198 1969 2195
f 2195 2198 2199
f 2195 2199 2200
f 2195 2200 2196
f 2186 1952 2201
f 1952 1970 2201
f 1970 1967 2201
f 1967 2197 2201
f 2202 2196 2197
f 2202 2197 2201
f 2202 2187 2186
f 2202 2186 2201
f 2203 2204 2193
f 2203 2193 1959
f 1959 1971 2203
f 2193 2194 2204
f 2205 2206 2207
f 2205 2207 2208
f 2208 1976 1971
f 2208 1971 2205
f 1971 2203 2205
f 2209 2204 2203
f 2209 2203 2205
f 2205 2209 2206
f 2207 2208 2210
f 2207 2206 2210
f 2211 2212 2213
f 2211 2213 2214
f 2211 2214 2215
f 2211 2215 2216
f 2211 2216 2217
f 2211 2217 2212
f 2218 2219 2220
f 2220 1995 1997
f 2220 1997 2218
f 2221 1996 1997
f 2221 1997 2218
f 2221 2214 2213
f 2221 2213 2218
f 2222 2212 2213
f 2222 2213 2218
f 2218 2222 2219
f 2198 1968 2223
f 1968 1998 2223
f 1998 1995 2223
f 1995 2220 2223
f 2224 2219 2220
f 2224 2220 2223
f 2224 2199 2198
f 2224 2198 2223
f 1976 2208 2225
f 1976 1999 2225
f 2226 2227 2228
f 2000 2001 2226
f 2000 2226 2228
f 2001 1999 2226
f 1999 2225 2226
f 2225 2208 2226
f 2210 2208 2226
f 2210 2226 2227
f 2229 2230 2231
f 2231 2002 2003
f 2231 2003 2229
f 2003 2000 2229
f 2000 2228 2229
f 2232 2227 2228
f 2232 2228 2229
f 2229 2232 2230
f 2233 2234 2235
f 2235 2004 2005
f 2235 2005 2233
f 2005 2002 2233
f 2002 2231 2233
f 2236 2230 2231
f 2236 2231 2233
f 2233 2236 2234
f 2237 2238 2239
f 2239 2006 2007
f 2239 2007 2237
f 2007 2004 2237
f 2004 2235 2237
f 2234 2235 2237
f 2234 2237 2240
f 2237 2240 2238
f 2241 2242 2243
f 2243 2008 2009
f 2243 2009 2241
f 2009 2006 2241
f 2006 2239 2241
f 2244 2238 2239
f 2244 2239 2241
f 2241 2244 2242
f 2245 2246 2247
f 2247 2010 2011
f 2247 2011 2245
f 2011 2008 2245
f 2008 2243 2245
f 2248 2242 2243
f 2248 2243 2245
f 2245 2248 2246
f 2249 2250 2251
f 2251 2012 2013
f 2251 2013 2249
f 2013 2010 2249
f 2010 2247 2249
f 2252 2246 2247
f 2252 2247 2249
f 2249 2252 2250
f 2253 2214 2215
f 2253 2215 2254
f 2253 2014 2015
f 2253 2015 2254
f 2015 2012 2254
f 2012 2251 2254
f 2255 2250 2251
f 2255 2251 2254
f 2255 2216 2215
f 2255 2215 2254
f 2221 1996 2256
f 1996 2016 2256
f 2016 2014 2256
f 2014 2253 2256
f 2253 2214 2256
f 2214 2221 2256
f 2022 2019 2257
f 2022 2021 2257
f 2258 2259 2260
f 2024 2026 2258
f 2024 2258 2260
f 2026 2019 2258
f 2261 2257 2019
f 2261 2019 2258
f 2258 2261 2262
f 2258 2262 2259
f 2263 2264 2265
f 2028 2030 2263
f 2028 2263 2265
f 2030 2024 2263
f 2024 2260 2263
f 2266 2259 2260
f 2266 2260 2263
f 2263 2266 2264
f 2267 2268 2269
f 2032 2034 2267
f 2032 2267 2269
f 2034 2028 2267
f 2028 2265 2267
f 2264 2265 2267
f 2264 2267 2270
f 2267 2270 2268
f 2038 2036 2271
f 2272 2271 2038
f 2272 2038 2032
f 2273 2272 2032
f 2273 2032 2269
f 2269 2268 2273
f 2036 2041 2274
f 2036 2271 2274
f 2275 2276 2277
f 2045 2048 2275
f 2045 2275 2277
f 2278 2047 2048
f 2278 2048 2275
f 2275 2278 2279
f 2275 2279 2280
f 2275 2280 2276
f 2281 2282 2283
f 2283 2049 2051
f 2283 2051 2281
f 2051 2045 2281
f 2045 2277 2281
f 2284 2276 2277
f 2284 2277 2281
f 2281 2284 2282
f 2285 2257 2021
f 2285 2021 2286
f 2021 2052 2286
f 2052 2049 2286
f 2049 2283 2286
f 2282 2283 2286
f 2282 2286 2287
f 2286 2287 2285
f 2257 2285 2288
f 2257 2261 2288
f 2272 2271 2289
f 2272 2273 2289
f 2290 2274 2041
f 2290 2041 2291
f 2041 2053 2291
f 2271 2289 2292
f 2290 2292 2271
f 2290 2271 2274
f 2293 2294 2295
f 2054 2056 2293
f 2054 2293 2295
f 2056 2053 2293
f 2053 2291 2293
f 2290 2291 2293
f 2290 2293 2296
f 2293 2296 2294
f 2054 2059 2297
f 2297 2054 2295
f 2297 2295 2298
f 2295 2294 2298
f 2299 2300 2301
f 2301 2062 2065
f 2301 2065 2299
f 2302 2064 2065
f 2302 2065 2299
f 2299 2302 2303
f 2299 2303 2304
f 2299 2304 2300
f 2278 2047 2305
f 2047 2066 2305
f 2066 2062 2305
f 2062 2301 2305
f 2306 2300 2301
f 2306 2301 2305
f 2306 2279 2278
f 2306 2278 2305
f 2307 2297 2059
f 2307 2059 2308
f 2059 2067 2308
f 2297 2298 2307
f 2067 2071 2309
f 2310 2309 2067
f 2310 2067 2308
f 2308 2307 2310
f 2311 2312 2313
f 2313 2074 2077
f 2313 2077 2311
f 2314 2076 2077
f 2314 2077 2311
f 2311 2314 2315
f 2311 2315 2316
f 2311 2316 2312
f 2302 2064 2317
f 2064 2078 2317
f 2078 2074 2317
f 2074 2313 2317
f 2312 2313 2317
f 2312 2317 2318
f 2303 2302 2317
f 2303 2317 2318
f 2319 2309 2071
f 2319 2071 2320
f 2071 2079 2320
f 2309 2310 2319
f 2079 2083 2321
f 2321 2079 2320
f 2321 2320 2322
f 2320 2319 2322
f 2323 2324 2325
f 2325 2085 2089
f 2325 2089 2323
f 2326 2088 2089
f 2326 2089 2323
f 2323 2326 2327
f 2323 2327 2328
f 2323 2328 2324
f 2314 2076 2329
f 2076 2090 2329
f 2090 2085 2329
f 2085 2325 2329
f 2324 2325 2329
f 2324 2329 2330
f 2315 2314 2329
f 2315 2329 2330
f 2331 2321 2083
f 2331 2083 2332
f 2083 2091 2332
f 2321 2322 2331
f 2091 2094 2333
f 2333 2091 2332
f 2333 2332 2334
f 2332 2331 2334
f 2100 2096 2335
f 2100 2099 2335
f 2326 2088 2336
f 2088 2102 2336
f 2102 2096 2336
f 2337 2335 2096
f 2337 2096 2336
f 2336 2337 2338
f 2338 2327 2326
f 2338 2326 2336
f 2333 2094 2339
f 2104 2094 2339
f 2104 2339 2340
f 2339 2340 2341
f 2339 2341 2342
f 2339 2342 2343
f 2334 2333 2339
f 2334 2339 2343
f 2104 2106 2344
f 2104 2340 2344
f 2345 2335 2099
f 2345 2099 2346
f 2099 2110 2346
f 2109 2110 2346
f 2109 2346 2347
f 2346 2347 2348
f 2346 2348 2349
f 2346 2349 2345
f 2335 2345 2350
f 2335 2337 2350
f 2341 2340 2351
f 2341 2342 2351
f 2344 2106 2352
f 2106 2114 2352
f 2113 2114 2352
f 2113 2352 2353
f 2352 2353 2354
f 2354 2351 2340
f 2354 2340 2352
f 2340 2344 2352
f 2347 2109 2355
f 2109 2118 2355
f 2356 2117 2118
f 2356 2118 2355
f 2355 2356 2357
f 2355 2357 2358
f 2358 2348 2347
f 2358 2347 2355
f 2353 2113 2359
f 2113 2122 2359
f 2121 2122 2359
f 2121 2359 2360
f 2359 2360 2361
f 2359 2361 2362
f 2362 2354 2353
f 2362 2353 2359
f 2356 2117 2363
f 2117 2126 2363
f 2364 2125 2126
f 2364 2126 2363
f 2363 2364 2365
f 2363 2365 2366
f 2366 2357 2356
f 2366 2356 2363
f 2360 2121 2367
f 2121 2130 2367
f 2368 2129 2130
f 2368 2130 2367
f 2367 2368 2369
f 2367 2369 2370
f 2370 2361 2360
f 2370 2360 2367
f 2364 2125 2371
f 2125 2134 2371
f 2133 2134 2371
f 2133 2371 2372
f 2371 2372 2373
f 2371 2373 2374
f 2365 2364 2371
f 2365 2371 2374
f 2368 2129 2375
f 2129 2138 2375
f 2376 2137 2138
f 2376 2138 2375
f 2375 2376 2377
f 2375 2377 2378
f 2378 2369 2368
f 2378 2368 2375
f 2372 2133 2379
f 2133 2142 2379
f 2141 2142 2379
f 2141 2379 2380
f 2379 2380 2381
f 2379 2381 2382
f 2373 2372 2379
f 2373 2379 2382
f 2376 2137 2383
f 2137 2146 2383
f 2384 2145 2146
f 2384 2146 2383
f 2383 2384 2385
f 2383 2385 2386
f 2386 2377 2376
f 2386 2376 2383
f 2380 2141 2387
f 2141 2150 2387
f 2149 2150 2387
f 2149 2387 2388
f 2387 2388 2389
f 2387 2389 2390
f 2381 2380 2387
f 2381 2387 2390
f 2384 2145 2391
f 2145 2154 2391
f 2392 2153 2154
f 2392 2154 2391
f 2391 2392 2393
f 2391 2393 2394
f 2394 2385 2384
f 2394 2384 2391
f 2395 2396 2388
f 2395 2388 2149
f 2149 2156 2395
f 2388 2389 2396
f 2156 2158 2397
f 2397 2156 2395
f 2397 2395 2398
f 2395 2396 2398
f 2399 2400 2401
f 2401 2160 2165
f 2401 2165 2399
f 2402 2164 2165
f 2402 2165 2399
f 2399 2402 2403
f 2399 2403 2404
f 2399 2404 2400
f 2392 2153 2405
f 2153 2168 2405
f 2168 2160 2405
f 2160 2401 2405
f 2406 2400 2401
f 2406 2401 2405
f 2406 2393 2392
f 2406 2392 2405
f 2397 2158 2407
f 2158 2172 2407
f 2171 2172 2407
f 2171 2407 2408
f 2407 2408 2409
f 2407 2409 2410
f 2398 2397 2407
f 2398 2407 2410
f 2402 2164 2411
f 2164 2177 2411
f 2412 2176 2177
f 2412 2177 2411
f 2411 2412 2413
f 2411 2413 2414
f 2414 2403 2402
f 2414 2402 2411
f 2415 2416 2408
f 2415 2408 2171
f 2171 2180 2415
f 2408 2409 2416
f 2180 2182 2417
f 2418 2417 2180
f 2418 2180 2415
f 2415 2416 2418
f 2419 2420 2421
f 2421 2184 2188
f 2421 2188 2419
f 2422 2187 2188
f 2422 2188 2419
f 2419 2422 2423
f 2419 2423 2424
f 2419 2424 2420
f 2412 2176 2425
f 2176 2190 2425
f 2190 2184 2425
f 2184 2421 2425
f 2426 2420 2421
f 2426 2421 2425
f 2426 2413 2412
f 2426 2412 2425
f 2427 2428 2417
f 2427 2417 2182
f 2182 2191 2427
f 2417 2418 2428
f 2191 2194 2429
f 2430 2429 2191
f 2430 2191 2427
f 2427 2428 2430
f 2431 2432 2433
f 2433 2196 2200
f 2433 2200 2431
f 2434 2199 2200
f 2434 2200 2431
f 2431 2434 2435
f 2431 2435 2436
f 2431 2436 2432
f 2422 2187 2437
f 2187 2202 2437
f 2202 2196 2437
f 2196 2433 2437
f 2438 2432 2433
f 2438 2433 2437
f 2438 2423 2422
f 2438 2422 2437
f 2439 2440 2429
f 2439 2429 2194
f 2194 2204 2439
f 2429 2430 2440
f 2441 2442 2443
f 2206 2209 2441
f 2206 2441 2443
f 2209 2204 2441
f 2204 2439 2441
f 2444 2440 2439
f 2444 2439 2441
f 2441 2444 2442
f 2206 2210 2445
f 2446 2445 2206
f 2446 2206 2443
f 2443 2442 2446
f 2447 2448 2449
f 2449 2212 2217
f 2449 2217 2447
f 2450 2216 2217
f 2450 2217 2447
f 2447 2450 2451
f 2447 2451 2452
f 2447 2452 2448
f 2453 2454 2455
f 2455 2219 2222
f 2455 2222 2453
f 2222 2212 2453
f 2212 2449 2453
f 2456 2448 2449
f 2456 2449 2453
f 2453 2456 2454
f 2434 2199 2457
f 2199 2224 2457
f 2224 2219 2457
f 2219 2455 2457
f 2458 2454 2455
f 2458 2455 2457
f 2458 2435 2434
f 2458 2434 2457
f 2459 2460 2445
f 2459 2445 2210
f 2210 2227 2459
f 2445 2446 2460
f 2461 2462 2463
f 2230 2232 2461
f 2230 2461 2463
f 2232 2227 2461
f 2227 2459 2461
f 2464 2460 2459
f 2464 2459 2461
f 2461 2464 2462
f 2465 2466 2467
f 2234 2236 2465
f 2234 2465 2467
f 2236 2230 2465
f 2230 2463 2465
f 2468 2462 2463
f 2468 2463 2465
f 2465 2468 2466
f 2469 2470 2471
f 2471 2238 2240
f 2471 2240 2469
f 2240 2234 2469
f 2234 2467 2469
f 2472 2466 2467
f 2472 2467 2469
f 2469 2472 2470
f 2473 2474 2475
f 2475 2242 2244
f 2475 2244 2473
f 2244 2238 2473
f 2238 2471 2473
f 2476 2470 2471
f 2476 2471 2473
f 2473 2476 2474
f 2477 2478 2479
f 2479 2246 2248
f 2479 2248 2477
f 2248 2242 2477
f 2242 2475 2477
f 2480 2474 2475
f 2480 2475 2477
f 2477 2480 2478
f 2481 2482 2483
f 2483 2250 2252
f 2483 2252 2481
f 2252 2246 2481
f 2246 2479 2481
f 2484 2478 2479
f 2484 2479 2481
f 2481 2484 2482
f 2450 2216 2485
f 2216 2255 2485
f 2255 2250 2485
f 2250 2483 2485
f 2486 2482 2483
f 2486 2483 2485
f 2486 2451 2450
f 2486 2450 2485
f 2487 2488 2489
f 2487 2489 2490
f 2487 2490 2491
f 2487 2491 2492
f 2487 2492 2493
f 2487 2493 2488
f 2494 2495 2496
f 2494 2496 2497
f 2494 2497 2498
f 2498 2490 2489
f 2498 2489 2494
f 2499 2488 2489
f 2499 2489 2494
f 2494 2499 2495
f 2500 2501 2502
f 2500 2502 2503
f 2500 2503 2504
f 2504 2497 2496
f 2504 2496 2500
f 2505 2495 2496
f 2505 2496 2500
f 2500 2505 2501
f 2506 2507 2508
f 2508 2259 2262
f 2508 2262 2506
f 2509 2261 2262
f 2509 2262 2506
f 2509 2503 2502
f 2509 2502 2506
f 2510 2501 2502
f 2510 2502 2506
f 2506 2510 2507
f 2511 2512 2513
f 2513 2264 2266
f 2513 2266 2511
f 2266 2259 2511
f 2259 2508 2511
f 2514 2507 2508
f 2514 2508 2511
f 2511 2514 2512
f 2515 2516 2517
f 2517 2268 2270
f 2517 2270 2515
f 2270 2264 2515
f 2264 2513 2515
f 2518 2512 2513
f 2518 2513 2515
f 2515 2518 2516
f 2519 2520 2521
f 2519 2521 2522
f 2522 2273 2268
f 2522 2268 2519
f 2268 2517 2519
f 2523 2516 2517
f 2523 2517 2519
f 2519 2523 2520
f 2524 2525 2526
f 2524 2526 2527
f 2524 2527 2528
f 2528 2522 2521
f 2528 2521 2524
f 2529 2520 2521
f 2529 2521 2524
f 2524 2529 2525
f 2530 2531 2532
f 2530 2532 2533
f 2530 2533 2534
f 2527 2526 2530
f 2527 2530 2534
f 2525 2526 2530
f 2525 2530 2535
f 2530 2535 2531
f 2532 2533 2536
f 2532 2531 2536
f 2537 2538 2539
f 2537 2539 2540
f 2537 2540 2541
f 2537 2541 2542
f 2537 2542 2543
f 2537 2543 2538
f 2544 2490 2491
f 2544 2491 2545
f 2544 2276 2280
f 2544 2280 2545
f 2546 2279 2280
f 2546 2280 2545
f 2546 2540 2539
f 2546 2539 2545
f 2547 2538 2539
f 2547 2539 2545
f 2547 2492 2491
f 2547 2491 2545
f 2548 2497 2498
f 2548 2498 2549
f 2548 2282 2284
f 2548 2284 2549
f 2284 2276 2549
f 2276 2544 2549
f 2544 2490 2549
f 2490 2498 2549
f 2550 2503 2504
f 2550 2504 2551
f 2550 2285 2287
f 2550 2287 2551
f 2287 2282 2551
f 2282 2548 2551
f 2548 2497 2551
f 2497 2504 2551
f 2509 2261 2552
f 2261 2288 2552
f 2288 2285 2552
f 2285 2550 2552
f 2550 2503 2552
f 2503 2509 2552
f 2273 2522 2553
f 2273 2289 2553
f 2527 2528 2554
f 2527 2554 2555
f 2290 2292 2554
f 2290 2554 2555
f 2292 2289 2554
f 2289 2553 2554
f 2553 2522 2554
f 2522 2528 2554
f 2556 2533 2534
f 2556 2534 2557
f 2556 2294 2296
f 2556 2296 2557
f 2296 2290 2557
f 2290 2555 2557
f 2555 2527 2557
f 2527 2534 2557
f 2558 2559 2560
f 2558 2560 2561
f 2561 2298 2294
f 2561 2294 2558
f 2294 2556 2558
f 2556 2533 2558
f 2559 2536 2533
f 2559 2533 2558
f 2560 2561 2562
f 2560 2559 2562
f 2563 2564 2565
f 2563 2565 2566
f 2563 2566 2567
f 2563 2567 2568
f 2563 2568 2569
f 2563 2569 2564
f 2570 2540 2541
f 2570 2541 2571
f 2570 2300 2304
f 2570 2304 2571
f 2572 2303 2304
f 2572 2304 2571
f 2572 2566 2565
f 2572 2565 2571
f 2573 2564 2565
f 2573 2565 2571
f 2573 2542 2541
f 2573 2541 2571
f 2546 2279 2574
f 2279 2306 2574
f 2306 2300 2574
f 2300 2570 2574
f 2570 2540 2574
f 2540 2546 2574
f 2298 2561 2575
f 2298 2307 2575
f 2576 2577 2578
f 2576 2578 2579
f 2579 2310 2307
f 2579 2307 2576
f 2307 2575 2576
f 2575 2561 2576
f 2577 2562 2561
f 2577 2561 2576
f 2578 2579 2580
f 2578 2577 2580
f 2581 2582 2583
f 2581 2583 2584
f 2581 2584 2585
f 2581 2585 2586
f 2581 2586 2587
f 2581 2587 2582
f 2588 2566 2567
f 2588 2567 2589
f 2588 2312 2316
f 2588 2316 2589
f 2590 2315 2316
f 2590 2316 2589
f 2590 2584 2583
f 2590 2583 2589
f 2591 2582 2583
f 2591 2583 2589
f 2591 2568 2567
f 2591 2567 2589
f 2572 2303 2592
f 2303 2318 2592
f 2318 2312 2592
f 2312 2588 2592
f 2588 2566 2592
f 2566 2572 2592
f 2310 2579 2593
f 2310 2319 2593
f 2594 2595 2596
f 2594 2596 2597
f 2322 2319 2594
f 2322 2594 2597
f 2319 2593 2594
f 2593 2579 2594
f 2580 2579 2594
f 2580 2594 2595
f 2596 2597 2598
f 2596 2595 2598
f 2599 2600 2601
f 2599 2601 2602
f 2599 2602 2603
f 2599 2603 2604
f 2599 2604 2605
f 2599 2605 2600
f 2606 2584 2585
f 2606 2585 2607
f 2606 2324 2328
f 2606 2328 2607
f 2608 2327 2328
f 2608 2328 2607
f 2608 2602 2601
f 2608 2601 2607
f 2609 2600 2601
f 2609 2601 2607
f 2609 2586 2585
f 2609 2585 2607
f 2590 2315 2610
f 2315 2330 2610
f 2330 2324 2610
f 2324 2606 2610
f 2606 2584 2610
f 2584 2590 2610
f 2322 2597 2611
f 2322 2331 2611
f 2612 2613 2614
f 2612 2614 2615
f 2334 2331 2612
f 2334 2612 2615
f 2331 2611 2612
f 2611 2597 2612
f 2598 2597 2612
f 2598 2612 2613
f 2614 2615 2616
f 2614 2613 2616
f 2617 2602 2603
f 2617 2603 2618
f 2618 2617 2619
f 2618 2619 2620
f 2618 2620 2621
f 2618 2621 2622
f 2622 2604 2603
f 2622 2603 2618
f 2608 2327 2623
f 2327 2338 2623
f 2624 2337 2338
f 2624 2338 2623
f 2624 2619 2617
f 2624 2617 2623
f 2617 2602 2623
f 2602 2608 2623
f 2334 2615 2625
f 2625 2334 2343
f 2625 2343 2626
f 2343 2342 2626
f 2625 2626 2627
f 2627 2625 2615
f 2627 2615 2628
f 2615 2616 2628
f 2629 2630 2631
f 2629 2631 2632
f 2629 2632 2633
f 2629 2633 2634
f 2629 2634 2635
f 2629 2635 2630
f 2636 2619 2620
f 2636 2620 2637
f 2636 2345 2349
f 2636 2349 2637
f 2638 2348 2349
f 2638 2349 2637
f 2638 2632 2631
f 2638 2631 2637
f 2639 2630 2631
f 2639 2631 2637
f 2639 2621 2620
f 2639 2620 2637
f 2624 2337 2640
f 2337 2350 2640
f 2350 2345 2640
f 2345 2636 2640
f 2636 2619 2640
f 2619 2624 2640
f 2342 2626 2641
f 2342 2351 2641
f 2642 2643 2644
f 2642 2644 2645
f 2354 2351 2642
f 2354 2642 2645
f 2351 2641 2642
f 2641 2626 2642
f 2627 2626 2642
f 2627 2642 2643
f 2644 2645 2646
f 2644 2643 2646
f 2647 2632 2633
f 2647 2633 2648
f 2648 2647 2649
f 2648 2649 2650
f 2648 2650 2651
f 2648 2651 2652
f 2652 2634 2633
f 2652 2633 2648
f 2638 2348 2653
f 2348 2358 2653
f 2654 2357 2358
f 2654 2358 2653
f 2654 2649 2647
f 2654 2647 2653
f 2647 2632 2653
f 2632 2638 2653
f 2354 2645 2655
f 2656 2655 2354
f 2656 2354 2362
f 2362 2361 2656
f 2655 2656 2657
f 2657 2655 2645
f 2657 2645 2658
f 2645 2646 2658
f 2659 2649 2650
f 2659 2650 2660
f 2660 2659 2661
f 2660 2661 2662
f 2660 2662 2663
f 2660 2663 2664
f 2664 2651 2650
f 2664 2650 2660
f 2654 2357 2665
f 2357 2366 2665
f 2666 2365 2366
f 2666 2366 2665
f 2666 2661 2659
f 2666 2659 2665
f 2659 2649 2665
f 2649 2654 2665
f 2361 2656 2667
f 2668 2667 2361
f 2668 2361 2370
f 2370 2369 2668
f 2667 2668 2669
f 2669 2667 2656
f 2669 2656 2670
f 2656 2657 2670
f 2671 2661 2662
f 2671 2662 2672
f 2672 2671 2673
f 2672 2673 2674
f 2672 2674 2675
f 2672 2675 2676
f 2676 2663 2662
f 2676 2662 2672
f 2666 2365 2677
f 2365 2374 2677
f 2678 2373 2374
f 2678 2374 2677
f 2678 2673 2671
f 2678 2671 2677
f 2671 2661 2677
f 2661 2666 2677
f 2369 2668 2679
f 2680 2679 2369
f 2680 2369 2378
f 2378 2377 2680
f 2679 2680 2681
f 2681 2679 2668
f 2681 2668 2682
f 2668 2669 2682
f 2673 2674 2683
f 2673 2683 2684
f 2683 2684 2685
f 2683 2685 2686
f 2683 2686 2687
f 2683 2687 2688
f 2675 2674 2683
f 2675 2683 2688
f 2678 2373 2689
f 2373 2382 2689
f 2690 2381 2382
f 2690 2382 2689
f 2690 2685 2684
f 2690 2684 2689
f 2684 2673 2689
f 2673 2678 2689
f 2377 2680 2691
f 2692 2691 2377
f 2692 2377 2386
f 2386 2385 2692
f 2691 2692 2693
f 2694 2693 2691
f 2694 2691 2680
f 2680 2681 2694
f 2686 2685 2695
f 2686 2687 2695
f 2690 2381 2696
f 2381 2390 2696
f 2697 2389 2390
f 2697 2390 2696
f 2696 2697 2698
f 2698 2695 2685
f 2698 2685 2696
f 2685 2690 2696
f 2692 2385 2699
f 2692 2699 2700
f 2385 2394 2699
f 2393 2394 2699
f 2393 2699 2701
f 2699 2701 2702
f 2699 2702 2703
f 2699 2703 2700
f 2692 2700 2704
f 2692 2693 2704
f 2697 2389 2705
f 2706 2396 2389
f 2706 2389 2705
f 2705 2706 2707
f 2705 2707 2708
f 2705 2708 2709
f 2709 2698 2697
f 2709 2697 2705
f 2396 2398 2710
f 2396 2706 2710
f 2404 2400 2711
f 2404 2403 2711
f 2701 2393 2712
f 2393 2406 2712
f 2406 2400 2712
f 2711 2400 2712
f 2711 2712 2713
f 2712 2713 2714
f 2702 2701 2712
f 2702 2712 2714
f 2707 2706 2715
f 2707 2708 2715
f 2710 2398 2716
f 2398 2410 2716
f 2717 2409 2410
f 2717 2410 2716
f 2716 2717 2718
f 2718 2715 2706
f 2718 2706 2716
f 2706 2710 2716
f 2711 2403 2719
f 2711 2719 2720
f 2403 2414 2719
f 2721 2413 2414
f 2721 2414 2719
f 2719 2721 2722
f 2719 2722 2723
f 2719 2723 2720
f 2711 2720 2724
f 2711 2713 2724
f 2717 2409 2725
f 2726 2416 2409
f 2726 2409 2725
f 2725 2726 2727
f 2725 2727 2728
f 2725 2728 2729
f 2729 2718 2717
f 2729 2717 2725
f 2416 2418 2730
f 2416 2726 2730
f 2424 2420 2731
f 2424 2423 2731
f 2721 2413 2732
f 2413 2426 2732
f 2426 2420 2732
f 2731 2420 2732
f 2731 2732 2733
f 2732 2733 2734
f 2722 2721 2732
f 2722 2732 2734
f 2727 2726 2735
f 2727 2728 2735
f 2730 2418 2736
f 2428 2418 2736
f 2428 2736 2737
f 2736 2737 2738
f 2736 2738 2739
f 2735 2726 2736
f 2735 2736 2739
f 2726 2730 2736
f 2428 2430 2740
f 2428 2737 2740
f 2436 2432 2741
f 2436 2435 2741
f 2742 2731 2423
f 2742 2423 2743
f 2423 2438 2743
f 2438 2432 2743
f 2744 2741 2432
f 2744 2432 2743
f 2743 2744 2745
f 2743 2745 2742
f 2731 2742 2746
f 2731 2733 2746
f 2738 2737 2747
f 2738 2739 2747
f 2748 2740 2430
f 2748 2430 2749
f 2430 2440 2749
f 2737 2747 2750
f 2748 2750 2737
f 2748 2737 2740
f 2444 2442 2751
f 2751 2444 2440
f 2751 2440 2752
f 2752 2440 2749
f 2752 2749 2753
f 2749 2748 2753
f 2442 2446 2754
f 2442 2751 2754
f 2452 2448 2755
f 2452 2451 2755
f 2756 2757 2758
f 2758 2454 2456
f 2758 2456 2756
f 2456 2448 2756
f 2755 2448 2756
f 2755 2756 2759
f 2756 2759 2760
f 2756 2760 2757
f 2741 2435 2761
f 2741 2761 2762
f 2435 2458 2761
f 2458 2454 2761
f 2454 2758 2761
f 2757 2758 2761
f 2757 2761 2763
f 2761 2763 2762
f 2741 2762 2764
f 2741 2744 2764
f 2752 2751 2765
f 2752 2753 2765
f 2766 2754 2446
f 2766 2446 2767
f 2446 2460 2767
f 2751 2765 2768
f 2766 2768 2751
f 2766 2751 2754
f 2464 2462 2769
f 2769 2464 2460
f 2769 2460 2770
f 2770 2460 2767
f 2770 2767 2771
f 2767 2766 2771
f 2468 2466 2772
f 2773 2772 2468
f 2773 2468 2462
f 2462 2769 2773
f 2472 2470 2774
f 2775 2774 2472
f 2775 2472 2466
f 2466 2772 2775
f 2476 2474 2776
f 2777 2776 2476
f 2777 2476 2470
f 2470 2774 2777
f 2480 2478 2778
f 2779 2778 2480
f 2779 2480 2474
f 2474 2776 2779
f 2780 2781 2782
f 2782 2482 2484
f 2782 2484 2780
f 2484 2478 2780
f 2783 2778 2478
f 2783 2478 2780
f 2780 2783 2784
f 2780 2784 2781
f 2755 2451 2785
f 2755 2785 2786
f 2451 2486 2785
f 2486 2482 2785
f 2482 2782 2785
f 2781 2782 2785
f 2781 2785 2787
f 2785 2787 2786
f 2755 2786 2788
f 2755 2759 2788
f 2770 2769 2789
f 2770 2771 2789
f 2773 2772 2790
f 2769 2789 2791
f 2790 2791 2769
f 2790 2769 2773
f 2775 2774 2792
f 2772 2790 2793
f 2792 2793 2772
f 2792 2772 2775
f 2777 2776 2794
f 2774 2792 2795
f 2795 2774 2777
f 2795 2777 2794
f 2779 2778 2796
f 2776 2794 2797
f 2797 2776 2779
f 2797 2779 2796
f 2778 2796 2798
f 2778 2783 2798
f 2493 2488 2799
f 2493 2492 2799
f 2499 2495 2800
f 2800 2499 2488
f 2800 2488 2801
f 2488 2799 2801
f 2505 2501 2802
f 2803 2802 2505
f 2803 2505 2495
f 2495 2800 2803
f 2804 2805 2806
f 2507 2510 2804
f 2507 2804 2806
f 2510 2501 2804
f 2807 2802 2501
f 2807 2501 2804
f 2804 2807 2808
f 2804 2808 2805
f 2809 2810 2811
f 2512 2514 2809
f 2512 2809 2811
f 2514 2507 2809
f 2507 2806 2809
f 2805 2806 2809
f 2805 2809 2812
f 2809 2812 2810
f 2813 2814 2815
f 2516 2518 2813
f 2516 2813 2815
f 2518 2512 2813
f 2512 2811 2813
f 2810 2811 2813
f 2810 2813 2816
f 2813 2816 2814
f 2523 2520 2817
f 2818 2817 2523
f 2818 2523 2516
f 2819 2818 2516
f 2819 2516 2815
f 2815 2814 2819
f 2529 2525 2820
f 2821 2820 2529
f 2821 2529 2520
f 2520 2817 2821
f 2535 2531 2822
f 2823 2822 2535
f 2823 2535 2525
f 2525 2820 2823
f 2531 2536 2824
f 2531 2822 2824
f 2543 2538 2825
f 2543 2542 2825
f 2826 2799 2492
f 2826 2492 2827
f 2492 2547 2827
f 2547 2538 2827
f 2825 2538 2827
f 2825 2827 2828
f 2827 2828 2829
f 2827 2829 2826
f 2801 2800 2830
f 2799 2826 2831
f 2831 2799 2801
f 2831 2801 2830
f 2803 2802 2832
f 2800 2830 2833
f 2833 2800 2803
f 2833 2803 2832
f 2802 2832 2834
f 2802 2807 2834
f 2818 2817 2835
f 2818 2819 2835
f 2821 2820 2836
f 2817 2835 2837
f 2836 2837 2817
f 2836 2817 2821
f 2823 2822 2838
f 2820 2836 2839
f 2838 2839 2820
f 2838 2820 2823
f 2824 2536 2840
f 2559 2536 2840
f 2559 2840 2841
f 2840 2841 2842
f 2840 2842 2843
f 2838 2822 2840
f 2838 2840 2843
f 2822 2824 2840
f 2559 2562 2844
f 2559 2841 2844
f 2569 2564 2845
f 2569 2568 2845
f 2825 2542 2846
f 2825 2846 2847
f 2542 2573 2846
f 2573 2564 2846
f 2848 2845 2564
f 2848 2564 2846
f 2846 2848 2849
f 2846 2849 2847
f 2825 2847 2850
f 2825 2828 2850
f 2842 2841 2851
f 2842 2843 2851
f 2844 2562 2852
f 2577 2562 2852
f 2577 2852 2853
f 2852 2853 2854
f 2852 2854 2855
f 2851 2841 2852
f 2851 2852 2855
f 2841 2844 2852
f 2577 2580 2856
f 2577 2853 2856
f 2587 2582 2857
f 2587 2586 2857
f 2845 2568 2858
f 2845 2858 2859
f 2568 2591 2858
f 2591 2582 2858
f 2857 2582 2858
f 2857 2858 2860
f 2858 2860 2861
f 2858 2861 2859
f 2845 2859 2862
f 2845 2848 2862
f 2854 2853 2863
f 2854 2855 2863
f 2856 2580 2864
f 2865 2595 2580
f 2865 2580 2864
f 2864 2865 2866
f 2864 2866 2867
f 2867 2863 2853
f 2867 2853 2864
f 2853 2856 2864
f 2595 2598 2868
f 2595 2865 2868
f 2605 2600 2869
f 2605 2604 2869
f 2870 2857 2586
f 2870 2586 2871
f 2586 2609 2871
f 2609 2600 2871
f 2872 2869 2600
f 2872 2600 2871
f 2871 2872 2873
f 2871 2873 2870
f 2857 2870 2874
f 2857 2860 2874
f 2866 2865 2875
f 2866 2867 2875
f 2868 2598 2876
f 2877 2613 2598
f 2877 2598 2876
f 2876 2877 2878
f 2876 2878 2879
f 2879 2875 2865
f 2879 2865 2876
f 2865 2868 2876
f 2613 2616 2880
f 2613 2877 2880
f 2604 2869 2881
f 2882 2881 2604
f 2882 2604 2622
f 2622 2621 2882
f 2881 2882 2883
f 2884 2883 2881
f 2884 2881 2869
f 2869 2872 2884
f 2877 2878 2885
f 2877 2885 2886
f 2885 2886 2887
f 2885 2887 2888
f 2885 2888 2889
f 2885 2889 2890
f 2879 2878 2885
f 2879 2885 2890
f 2880 2616 2891
f 2616 2628 2891
f 2627 2628 2891
f 2627 2891 2892
f 2892 2887 2886
f 2892 2886 2891
f 2886 2877 2891
f 2877 2880 2891
f 2635 2630 2893
f 2635 2634 2893
f 2894 2882 2621
f 2894 2621 2895
f 2621 2639 2895
f 2639 2630 2895
f 2896 2893 2630
f 2896 2630 2895
f 2895 2896 2897
f 2895 2897 2894
f 2882 2894 2898
f 2882 2883 2898
f 2888 2887 2899
f 2888 2889 2899
f 2892 2627 2900
f 2901 2643 2627
f 2901 2627 2900
f 2900 2901 2902
f 2900 2902 2903
f 2903 2899 2887
f 2903 2887 2900
f 2887 2892 2900
f 2643 2646 2904
f 2643 2901 2904
f 2634 2893 2905
f 2906 2905 2634
f 2906 2634 2652
f 2652 2651 2906
f 2905 2906 2907
f 2907 2905 2893
f 2907 2893 2908
f 2893 2896 2908
f 2909 2901 2902
f 2909 2902 2910
f 2910 2909 2911
f 2910 2911 2912
f 2910 2912 2913
f 2910 2913 2914
f 2914 2903 2902
f 2914 2902 2910
f 2904 2646 2915
f 2646 2658 2915
f 2657 2658 2915
f 2657 2915 2916
f 2911 2909 2915
f 2911 2915 2916
f 2909 2901 2915
f 2901 2904 2915
f 2651 2906 2917
f 2918 2917 2651
f 2918 2651 2664
f 2664 2663 2918
f 2917 2918 2919
f 2919 2917 2906
f 2919 2906 2920
f 2906 2907 2920
f 2921 2911 2912
f 2921 2912 2922
f 2922 2921 2923
f 2922 2923 2924
f 2922 2924 2925
f 2922 2925 2926
f 2926 2913 2912
f 2926 2912 2922
f 2916 2657 2927
f 2657 2670 2927
f 2928 2669 2670
f 2928 2670 2927
f 2928 2923 2921
f 2928 2921 2927
f 2921 2911 2927
f 2911 2916 2927
f 2663 2918 2929
f 2929 2663 2676
f 2929 2676 2930
f 2676 2675 2930
f 2929 2930 2931
f 2931 2929 2918
f 2931 2918 2932
f 2918 2919 2932
f 2933 2923 2924
f 2933 2924 2934
f 2934 2933 2935
f 2934 2935 2936
f 2934 2936 2937
f 2934 2937 2938
f 2938 2925 2924
f 2938 2924 2934
f 2928 2669 2939
f 2669 2682 2939
f 2940 2681 2682
f 2940 2682 2939
f 2940 2935 2933
f 2940 2933 2939
f 2933 2923 2939
f 2923 2928 2939
f 2675 2930 2941
f 2941 2675 2688
f 2941 2688 2942
f 2688 2687 2942
f 2941 2942 2943
f 2943 2941 2930
f 2943 2930 2944
f 2930 2931 2944
f 2945 2935 2936
f 2945 2936 2946
f 2946 2945 2947
f 2946 2947 2948
f 2946 2948 2949
f 2946 2949 2950
f 2950 2937 2936
f 2950 2936 2946
f 2940 2681 2951
f 2681 2694 2951
f 2952 2693 2694
f 2952 2694 2951
f 2952 2947 2945
f 2952 2945 2951
f 2945 2935 2951
f 2935 2940 2951
f 2687 2942 2953
f 2687 2695 2953
f 2695 2698 2954
f 2955 2954 2695
f 2955 2695 2953
f 2956 2955 2953
f 2956 2953 2942
f 2942 2943 2956
f 2957 2947 2948
f 2957 2948 2958
f 2957 2700 2703
f 2957 2703 2958
f 2959 2702 2703
f 2959 2703 2958
f 2958 2959 2960
f 2958 2960 2961
f 2961 2949 2948
f 2961 2948 2958
f 2952 2693 2962
f 2693 2704 2962
f 2704 2700 2962
f 2700 2957 2962
f 2957 2947 2962
f 2947 2952 2962
f 2963 2964 2954
f 2963 2954 2698
f 2963 2698 2709
f 2963 2709 2965
f 2709 2708 2965
f 2954 2955 2964
f 2963 2965 2966
f 2963 2964 2966
f 2967 2968 2969
f 2967 2969 2970
f 2967 2970 2971
f 2967 2971 2972
f 2967 2972 2973
f 2967 2973 2968
f 2959 2702 2974
f 2702 2714 2974
f 2975 2713 2714
f 2975 2714 2974
f 2975 2970 2969
f 2975 2969 2974
f 2976 2968 2969
f 2976 2969 2974
f 2976 2960 2959
f 2976 2959 2974
f 2708 2965 2977
f 2708 2715 2977
f 2715 2718 2978
f 2979 2978 2715
f 2979 2715 2977
f 2980 2979 2977
f 2980 2977 2965
f 2965 2966 2980
f 2981 2970 2971
f 2981 2971 2982
f 2981 2720 2723
f 2981 2723 2982
f 2983 2722 2723
f 2983 2723 2982
f 2982 2983 2984
f 2982 2984 2985
f 2985 2972 2971
f 2985 2971 2982
f 2975 2713 2986
f 2713 2724 2986
f 2724 2720 2986
f 2720 2981 2986
f 2981 2970 2986
f 2970 2975 2986
f 2987 2988 2978
f 2987 2978 2718
f 2987 2718 2729
f 2987 2729 2989
f 2729 2728 2989
f 2978 2979 2988
f 2987 2989 2990
f 2987 2988 2990
f 2991 2992 2993
f 2991 2993 2994
f 2991 2994 2995
f 2991 2995 2996
f 2991 2996 2997
f 2991 2997 2992
f 2983 2722 2998
f 2722 2734 2998
f 2999 2733 2734
f 2999 2734 2998
f 2999 2994 2993
f 2999 2993 2998
f 3000 2992 2993
f 3000 2993 2998
f 3000 2984 2983
f 3000 2983 2998
f 2728 2989 3001
f 2728 2735 3001
f 3002 3003 3004
f 3002 3004 3005
f 3005 2739 2735
f 3005 2735 3002
f 2735 3001 3002
f 3001 2989 3002
f 3003 2990 2989
f 3003 2989 3002
f 3006 3007 3008
f 3006 3008 3009
f 3006 3009 3010
f 3005 3004 3006
f 3005 3006 3010
f 3003 3004 3006
f 3003 3006 3011
f 3006 3011 3007
f 3008 3009 3012
f 3008 3007 3012
f 3013 3014 3015
f 3013 3015 3016
f 3013 3016 3017
f 3013 3017 3018
f 3013 3018 3019
f 3013 3019 3014
f 3020 3021 3022
f 3020 3022 3023
f 3020 3023 3024
f 3024 3016 3015
f 3024 3015 3020
f 3025 3014 3015
f 3025 3015 3020
f 3020 3025 3021
f 3026 2994 2995
f 3026 2995 3027
f 3026 2742 2745
f 3026 2745 3027
f 3028 2744 2745
f 3028 2745 3027
f 3028 3023 3022
f 3028 3022 3027
f 3029 3021 3022
f 3029 3022 3027
f 3029 2996 2995
f 3029 2995 3027
f 2999 2733 3030
f 2733 2746 3030
f 2746 2742 3030
f 2742 3026 3030
f 3026 2994 3030
f 2994 2999 3030
f 2739 3005 3031
f 2739 2747 3031
f 3032 3009 3010
f 3032 3010 3033
f 3032 2748 2750
f 3032 2750 3033
f 2750 2747 3033
f 2747 3031 3033
f 3031 3005 3033
f 3005 3010 3033
f 3034 3035 3036
f 3034 3036 3037
f 3037 2753 2748
f 3037 2748 3034
f 2748 3032 3034
f 3032 3009 3034
f 3035 3012 3009
f 3035 3009 3034
f 3036 3037 3038
f 3036 3035 3038
f 3039 3040 3041
f 3039 3041 3042
f 3039 3042 3043
f 3039 3043 3044
f 3039 3044 3045
f 3039 3045 3040
f 3046 3016 3017
f 3046 3017 3047
f 3046 2757 2760
f 3046 2760 3047
f 3048 2759 2760
f 3048 2760 3047
f 3048 3042 3041
f 3048 3041 3047
f 3049 3040 3041
f 3049 3041 3047
f 3049 3018 3017
f 3049 3017 3047
f 3050 3023 3024
f 3050 3024 3051
f 3050 2762 2763
f 3050 2763 3051
f 2763 2757 3051
f 2757 3046 3051
f 3046 3016 3051
f 3016 3024 3051
f 3028 2744 3052
f 2744 2764 3052
f 2764 2762 3052
f 2762 3050 3052
f 3050 3023 3052
f 3023 3028 3052
f 2753 3037 3053
f 2753 2765 3053
f 3054 3055 3056
f 3056 2766 2768
f 3056 2768 3054
f 2768 2765 3054
f 2765 3053 3054
f 3053 3037 3054
f 3055 3038 3037
f 3055 3037 3054
f 3057 3058 3059
f 3057 3059 3060
f 3060 2771 2766
f 3060 2766 3057
f 2766 3056 3057
f 3061 3055 3056
f 3061 3056 3057
f 3057 3061 3058
f 3062 3063 3064
f 3062 3064 3065
f 3062 3065 3066
f 3066 3060 3059
f 3066 3059 3062
f 3067 3058 3059
f 3067 3059 3062
f 3062 3067 3063
f 3068 3069 3070
f 3068 3070 3071
f 3068 3071 3072
f 3072 3065 3064
f 3072 3064 3068
f 3073 3063 3064
f 3073 3064 3068
f 3068 3073 3069
f 3074 3075 3076
f 3074 3076 3077
f 3074 3077 3078
f 3078 3071 3070
f 3078 3070 3074
f 3079 3069 3070
f 3079 3070 3074
f 3074 3079 3075
f 3080 3081 3082
f 3080 3082 3083
f 3080 3083 3084
f 3084 3077 3076
f 3084 3076 3080
f 3085 3075 3076
f 3085 3076 3080
f 3080 3085 3081
f 3086 3087 3088
f 3088 2781 2784
f 3088 2784 3086
f 3089 2783 2784
f 3089 2784 3086
f 3089 3083 3082
f 3089 3082 3086
f 3090 3081 3082
f 3090 3082 3086
f 3086 3090 3087
f 3091 3042 3043
f 3091 3043 3092
f 3091 2786 2787
f 3091 2787 3092
f 2787 2781 3092
f 2781 3088 3092
f 3093 3087 3088
f 3093 3088 3092
f 3093 3044 3043
f 3093 3043 3092
f 3048 2759 3094
f 2759 2788 3094
f 2788 2786 3094
f 2786 3091 3094
f 3091 3042 3094
f 3042 3048 3094
f 2771 3060 3095
f 2771 2789 3095
f 3065 3066 3096
f 3065 3096 3097
f 2790 2791 3096
f 2790 3096 3097
f 2791 2789 3096
f 2789 3095 3096
f 3095 3060 3096
f 3060 3066 3096
f 3098 3071 3072
f 3098 3072 3099
f 2792 2793 3099
f 2792 3099 3098
f 2793 2790 3099
f 2790 3097 3099
f 3097 3065 3099
f 3065 3072 3099
f 3100 3077 3078
f 3100 3078 3101
f 3100 2794 2795
f 3100 2795 3101
f 2795 2792 3101
f 2792 3098 3101
f 3098 3071 3101
f 3071 3078 3101
f 3102 3083 3084
f 3102 3084 3103
f 3102 2796 2797
f 3102 2797 3103
f 2797 2794 3103
f 2794 3100 3103
f 3100 3077 3103
f 3077 3084 3103
f 3089 2783 3104
f 2783 2798 3104
f 2798 2796 3104
f 2796 3102 3104
f 3102 3083 3104
f 3083 3089 3104
f 2808 2805 3105
f 2808 2807 3105
f 2812 2810 3106
f 3107 3106 2812
f 3107 2812 2805
f 2805 3105 3107
f 2816 2814 3108
f 3109 3108 2816
f 3109 2816 2810
f 2810 3106 3109
f 2814 2819 3110
f 2814 3108 3110
f 2829 2826 3111
f 2829 2828 3111
f 3112 3113 3114
f 3114 2830 2831
f 3114 2831 3112
f 2831 2826 3112
f 3115 3111 2826
f 3115 2826 3112
f 3112 3115 3116
f 3112 3116 3113
f 3117 3118 3119
f 3119 2832 2833
f 3119 2833 3117
f 2833 2830 3117
f 2830 3114 3117
f 3120 3113 3114
f 3120 3114 3117
f 3117 3120 3118
f 3105 2807 3121
f 3105 3121 3122
f 2807 2834 3121
f 2834 2832 3121
f 2832 3119 3121
f 3118 3119 3121
f 3118 3121 3123
f 3121 3123 3122
f 3107 3106 3124
f 3105 3122 3125
f 3125 3105 3107
f 3125 3107 3124
f 3109 3108 3126
f 3106 3124 3127
f 3127 3106 3109
f 3127 3109 3126
f 3128 3110 2819
f 3128 2819 3129
f 2819 2835 3129
f 3108 3126 3130
f 3130 3108 3110
f 3130 3110 3128
f 3131 3132 3133
f 2836 2837 3131
f 2836 3131 3133
f 2837 2835 3131
f 2835 3129 3131
f 3128 3129 3131
f 3128 3131 3134
f 3131 3134 3132
f 2839 2838 3135
f 3136 3135 2839
f 3136 2839 2836
f 3137 3136 2836
f 3137 2836 3133
f 3133 3132 3137
f 2838 2843 3138
f 2838 3135 3138
f 3139 3140 3141
f 2847 2849 3139
f 2847 3139 3141
f 3142 2848 2849
f 3142 2849 3139
f 3139 3142 3143
f 3139 3143 3144
f 3139 3144 3140
f 3145 3111 2828
f 3145 2828 3146
f 2828 2850 3146
f 2850 2847 3146
f 2847 3141 3146
f 3147 3140 3141
f 3147 3141 3146
f 3146 3147 3145
f 3111 3145 3148
f 3111 3115 3148
f 3136 3135 3149
f 3136 3137 3149
f 3150 3138 2843
f 3150 2843 3151
f 2843 2851 3151
f 3135 3149 3152
f 3150 3152 3135
f 3150 3135 3138
f 2851 2855 3153
f 3153 2851 3151
f 3153 3151 3154
f 3151 3150 3154
f 3155 3156 3157
f 3157 2859 2861
f 3157 2861 3155
f 3158 2860 2861
f 3158 2861 3155
f 3155 3158 3159
f 3155 3159 3160
f 3155 3160 3156
f 3142 2848 3161
f 2848 2862 3161
f 2862 2859 3161
f 2859 3157 3161
f 3156 3157 3161
f 3156 3161 3162
f 3143 3142 3161
f 3143 3161 3162
f 3163 3153 2855
f 3163 2855 3164
f 2855 2863 3164
f 3153 3154 3163
f 2863 2867 3165
f 3165 2863 3164
f 3165 3164 3166
f 3164 3163 3166
f 3167 3168 3169
f 2870 2873 3167
f 2870 3167 3169
f 2872 2873 3167
f 2872 3167 3170
f 3167 3170 3171
f 3167 3171 3172
f 3167 3172 3168
f 3158 2860 3173
f 2860 2874 3173
f 2874 2870 3173
f 2870 3169 3173
f 3174 3168 3169
f 3174 3169 3173
f 3159 3158 3173
f 3159 3173 3174
f 3175 3176 3165
f 3175 3165 2867
f 2867 2875 3175
f 3165 3166 3176
f 2875 2879 3177
f 3177 2875 3175
f 3177 3175 3178
f 3175 3176 3178
f 3170 2872 3179
f 2872 2884 3179
f 3180 2883 2884
f 3180 2884 3179
f 3179 3180 3181
f 3179 3181 3182
f 3182 3171 3170
f 3182 3170 3179
f 3177 2879 3183
f 2879 2890 3183
f 3184 2889 2890
f 3184 2890 3183
f 3183 3184 3185
f 3183 3185 3186
f 3186 3178 3177
f 3186 3177 3183
f 3187 3188 3189
f 2894 2897 3187
f 2894 3187 3189
f 2896 2897 3187
f 2896 3187 3190
f 3187 3190 3191
f 3187 3191 3192
f 3187 3192 3188
f 3180 2883 3193
f 2883 2898 3193
f 2898 2894 3193
f 2894 3189 3193
f 3194 3188 3189
f 3194 3189 3193
f 3181 3180 3193
f 3181 3193 3194
f 3195 3196 3184
f 3195 3184 2889
f 2889 2899 3195
f 3184 3185 3196
f 2899 2903 3197
f 3197 2899 3195
f 3197 3195 3198
f 3195 3196 3198
f 3190 2896 3199
f 2896 2908 3199
f 2907 2908 3199
f 2907 3199 3200
f 3199 3200 3201
f 3199 3201 3202
f 3202 3191 3190
f 3202 3190 3199
f 3197 2903 3203
f 2903 2914 3203
f 2913 2914 3203
f 2913 3203 3204
f 3203 3204 3205
f 3203 3205 3206
f 3206 3198 3197
f 3206 3197 3203
f 3200 2907 3207
f 2907 2920 3207
f 2919 2920 3207
f 2919 3207 3208
f 3207 3208 3209
f 3207 3209 3210
f 3210 3201 3200
f 3210 3200 3207
f 3204 2913 3211
f 2913 2926 3211
f 3212 2925 2926
f 3212 2926 3211
f 3211 3212 3213
f 3211 3213 3214
f 3214 3205 3204
f 3214 3204 3211
f 3208 2919 3215
f 2919 2932 3215
f 2931 2932 3215
f 2931 3215 3216
f 3215 3216 3217
f 3215 3217 3218
f 3209 3208 3215
f 3209 3215 3218
f 3212 2925 3219
f 2925 2938 3219
f 3220 2937 2938
f 3220 2938 3219
f 3219 3220 3221
f 3219 3221 3222
f 3222 3213 3212
f 3222 3212 3219
f 3216 2931 3223
f 2931 2944 3223
f 2943 2944 3223
f 2943 3223 3224
f 3223 3224 3225
f 3223 3225 3226
f 3217 3216 3223
f 3217 3223 3226
f 3220 2937 3227
f 2937 2950 3227
f 3228 2949 2950
f 3228 2950 3227
f 3227 3228 3229
f 3227 3229 3230
f 3230 3221 3220
f 3230 3220 3227
f 3231 3232 3224
f 3231 3224 2943
f 3231 2943 2956
f 3231 2956 3233
f 2956 2955 3233
f 3224 3225 3232
f 3231 3233 3234
f 3231 3232 3234
f 3235 3236 3237
f 3235 3237 3238
f 3235 3238 3239
f 3235 3239 3240
f 3235 3240 3241
f 3235 3241 3236
f 3228 2949 3242
f 2949 2961 3242
f 3243 2960 2961
f 3243 2961 3242
f 3243 3238 3237
f 3243 3237 3242
f 3244 3236 3237
f 3244 3237 3242
f 3244 3229 3228
f 3244 3228 3242
f 2955 3233 3245
f 2955 2964 3245
f 2964 2966 3246
f 3246 2964 3245
f 3246 3245 3247
f 3247 3245 3233
f 3247 3233 3248
f 3233 3234 3248
f 3249 3238 3239
f 3249 3239 3250
f 3249 2968 2973
f 3249 2973 3250
f 3251 2972 2973
f 3251 2973 3250
f 3250 3251 3252
f 3250 3252 3253
f 3253 3240 3239
f 3253 3239 3250
f 3243 2960 3254
f 2960 2976 3254
f 2976 2968 3254
f 2968 3249 3254
f 3249 3238 3254
f 3238 3243 3254
f 3255 3256 3246
f 3255 3246 2966
f 3255 2966 2980
f 3255 2980 3257
f 2980 2979 3257
f 3246 3247 3256
f 3255 3257 3258
f 3255 3256 3258
f 3259 3260 3261
f 3259 3261 3262
f 3259 3262 3263
f 3259 3263 3264
f 3259 3264 3265
f 3259 3265 3260
f 3251 2972 3266
f 2972 2985 3266
f 3267 2984 2985
f 3267 2985 3266
f 3267 3262 3261
f 3267 3261 3266
f 3268 3260 3261
f 3268 3261 3266
f 3268 3252 3251
f 3268 3251 3266
f 2979 3257 3269
f 2979 2988 3269
f 3270 3271 3272
f 3270 3272 3273
f 2990 2988 3270
f 2990 3270 3273
f 2988 3269 3270
f 3269 3257 3270
f 3258 3257 3270
f 3258 3270 3271
f 3272 3273 3274
f 3272 3271 3274
f 3275 3276 3277
f 3275 3277 3278
f 3275 3278 3279
f 3275 3279 3280
f 3275 3280 3281
f 3275 3281 3276
f 3282 3262 3263
f 3282 3263 3283
f 3282 2992 2997
f 3282 2997 3283
f 3284 2996 2997
f 3284 2997 3283
f 3284 3278 3277
f 3284 3277 3283
f 3285 3276 3277
f 3285 3277 3283
f 3285 3264 3263
f 3285 3263 3283
f 3267 2984 3286
f 2984 3000 3286
f 3000 2992 3286
f 2992 3282 3286
f 3282 3262 3286
f 3262 3267 3286
f 2990 3273 3287
f 2990 3003 3287
f 3288 3289 3290
f 3290 3007 3011
f 3290 3011 3288
f 3011 3003 3288
f 3003 3287 3288
f 3287 3273 3288
f 3274 3273 3288
f 3274 3288 3289
f 3007 3012 3291
f 3292 3291 3007
f 3292 3007 3290
f 3290 3289 3292
f 3293 3294 3295
f 3295 3014 3019
f 3295 3019 3293
f 3296 3018 3019
f 3296 3019 3293
f 3293 3296 3297
f 3293 3297 3298
f 3293 3298 3294
f 3299 3278 3279
f 3299 3279 3300
f 3299 3021 3025
f 3299 3025 3300
f 3025 3014 3300
f 3014 3295 3300
f 3301 3294 3295
f 3301 3295 3300
f 3301 3280 3279
f 3301 3279 3300
f 3284 2996 3302
f 2996 3029 3302
f 3029 3021 3302
f 3021 3299 3302
f 3299 3278 3302
f 3278 3284 3302
f 3303 3291 3012
f 3303 3012 3304
f 3012 3035 3304
f 3291 3292 3303
f 3305 3306 3307
f 3305 3307 3308
f 3308 3038 3035
f 3308 3035 3305
f 3035 3304 3305
f 3309 3303 3304
f 3309 3304 3305
f 3305 3309 3306
f 3310 3311 3312
f 3310 3312 3313
f 3310 3313 3314
f 3308 3307 3310
f 3308 3310 3314
f 3306 3307 3310
f 3306 3310 3315
f 3310 3315 3311
f 3312 3313 3316
f 3312 3311 3316
f 3317 3318 3319
f 3317 3319 3320
f 3317 3320 3321
f 3317 3321 3322
f 3317 3322 3323
f 3317 3323 3318
f 3324 3325 3326
f 3324 3326 3327
f 3324 3327 3328
f 3328 3320 3319
f 3328 3319 3324
f 3329 3318 3319
f 3329 3319 3324
f 3324 3329 3325
f 3330 3331 3332
f 3332 3040 3045
f 3332 3045 3330
f 3333 3044 3045
f 3333 3045 3330
f 3333 3327 3326
f 3333 3326 3330
f 3334 3325 3326
f 3334 3326 3330
f 3330 3334 3331
f 3296 3018 3335
f 3018 3049 3335
f 3049 3040 3335
f 3040 3332 3335
f 3336 3331 3332
f 3336 3332 3335
f 3336 3297 3296
f 3336 3296 3335
f 3038 3308 3337
f 3038 3055 3337
f 3338 3313 3314
f 3338 3314 3339
f 3058 3061 3339
f 3058 3339 3338
f 3061 3055 3339
f 3055 3337 3339
f 3337 3308 3339
f 3308 3314 3339
f 3340 3341 3342
f 3063 3067 3340
f 3063 3340 3342
f 3067 3058 3340
f 3058 3338 3340
f 3338 3313 3340
f 3341 3316 3313
f 3341 3313 3340
f 3343 3344 3345
f 3345 3069 3073
f 3345 3073 3343
f 3073 3063 3343
f 3063 3342 3343
f 3346 3341 3342
f 3346 3342 3343
f 3343 3346 3344
f 3347 3348 3349
f 3349 3075 3079
f 3349 3079 3347
f 3079 3069 3347
f 3069 3345 3347
f 3350 3344 3345
f 3350 3345 3347
f 3347 3350 3348
f 3351 3320 3321
f 3351 3321 3352
f 3351 3081 3085
f 3351 3085 3352
f 3085 3075 3352
f 3075 3349 3352
f 3353 3348 3349
f 3353 3349 3352
f 3353 3322 3321
f 3353 3321 3352
f 3354 3327 3328
f 3354 3328 3355
f 3354 3087 3090
f 3354 3090 3355
f 3090 3081 3355
f 3081 3351 3355
f 3351 3320 3355
f 3320 3328 3355
f 3333 3044 3356
f 3044 3093 3356
f 3093 3087 3356
f 3087 3354 3356
f 3354 3327 3356
f 3327 3333 3356
f 3357 3358 3359
f 3357 3359 3360
f 3357 3360 3361
f 3357 3361 3362
f 3357 3362 3363
f 3357 3363 3358
f 3364 3365 3366
f 3364 3366 3367
f 3364 3367 3368
f 3368 3360 3359
f 3368 3359 3364
f 3369 3358 3359
f 3369 3359 3364
f 3364 3369 3365
f 3370 3371 3372
f 3370 3372 3373
f 3370 3373 3374
f 3374 3367 3366
f 3374 3366 3370
f 3365 3366 3370
f 3365 3370 3375
f 3370 3375 3371
f 3372 3373 3376
f 3372 3371 3376
f 3377 3378 3379
f 3377 3379 3380
f 3377 3380 3381
f 3377 3381 3382
f 3377 3382 3383
f 3377 3383 3378
f 3384 3385 3386
f 3386 3113 3116
f 3386 3116 3384
f 3387 3115 3116
f 3387 3116 3384
f 3387 3380 3379
f 3387 3379 3384
f 3388 3378 3379
f 3388 3379 3384
f 3384 3388 3385
f 3389 3390 3391
f 3391 3118 3120
f 3391 3120 3389
f 3120 3113 3389
f 3113 3386 3389
f 3392 3385 3386
f 3392 3386 3389
f 3389 3392 3390
f 3393 3360 3361
f 3393 3361 3394
f 3393 3122 3123
f 3393 3123 3394
f 3123 3118 3394
f 3118 3391 3394
f 3395 3390 3391
f 3395 3391 3394
f 3395 3362 3361
f 3395 3361 3394
f 3396 3367 3368
f 3396 3368 3397
f 3396 3124 3125
f 3396 3125 3397
f 3125 3122 3397
f 3122 3393 3397
f 3393 3360 3397
f 3360 3368 3397
f 3398 3373 3374
f 3398 3374 3399
f 3126 3127 3399
f 3126 3399 3398
f 3127 3124 3399
f 3124 3396 3399
f 3396 3367 3399
f 3367 3374 3399
f 3400 3401 3402
f 3128 3130 3400
f 3128 3400 3402
f 3130 3126 3400
f 3126 3398 3400
f 3398 3373 3400
f 3401 3376 3373
f 3401 3373 3400
f 3403 3404 3405
f 3405 3132 3134
f 3405 3134 3403
f 3134 3128 3403
f 3128 3402 3403
f 3406 3401 3402
f 3406 3402 3403
f 3403 3406 3404
f 3407 3408 3409
f 3407 3409 3410
f 3410 3137 3132
f 3410 3132 3407
f 3132 3405 3407
f 3404 3405 3407
f 3404 3407 3411
f 3407 3411 3408
f 3409 3410 3412
f 3409 3408 3412
f 3413 3414 3415
f 3415 3140 3144
f 3415 3144 3413
f 3416 3143 3144
f 3416 3144 3413
f 3413 3416 3417
f 3413 3417 3418
f 3413 3418 3414
f 3419 3380 3381
f 3419 3381 3420
f 3419 3145 3147
f 3419 3147 3420
f 3147 3140 3420
f 3140 3415 3420
f 3421 3414 3415
f 3421 3415 3420
f 3421 3382 3381
f 3421 3381 3420
f 3387 3115 3422
f 3115 3148 3422
f 3148 3145 3422
f 3145 3419 3422
f 3419 3380 3422
f 3380 3387 3422
f 3137 3410 3423
f 3137 3149 3423
f 3424 3425 3426
f 3150 3152 3424
f 3150 3424 3426
f 3152 3149 3424
f 3149 3423 3424
f 3423 3410 3424
f 3412 3410 3424
f 3412 3424 3425
f 3150 3154 3427
f 3428 3427 3150
f 3428 3150 3426
f 3426 3425 3428
f 3429 3430 3431
f 3431 3156 3160
f 3431 3160 3429
f 3432 3159 3160
f 3432 3160 3429
f 3429 3432 3433
f 3429 3433 3434
f 3429 3434 3430
f 3416 3143 3435
f 3143 3162 3435
f 3162 3156 3435
f 3156 3431 3435
f 3436 3430 3431
f 3436 3431 3435
f 3436 3417 3416
f 3436 3416 3435
f 3437 3438 3427
f 3437 3427 3154
f 3154 3163 3437
f 3427 3428 3438
f 3163 3166 3439
f 3440 3439 3163
f 3440 3163 3437
f 3437 3438 3440
f 3441 3442 3443
f 3443 3168 3172
f 3443 3172 3441
f 3444 3171 3172
f 3444 3172 3441
f 3441 3444 3445
f 3441 3445 3446
f 3441 3446 3442
f 3432 3159 3447
f 3159 3174 3447
f 3174 3168 3447
f 3168 3443 3447
f 3448 3442 3443
f 3448 3443 3447
f 3448 3433 3432
f 3448 3432 3447
f 3449 3450 3439
f 3449 3439 3166
f 3166 3176 3449
f 3439 3440 3450
f 3176 3178 3451
f 3452 3451 3176
f 3452 3176 3449
f 3449 3450 3452
f 3444 3171 3453
f 3171 3182 3453
f 3454 3181 3182
f 3454 3182 3453
f 3453 3454 3455
f 3453 3455 3456
f 3456 3445 3444
f 3456 3444 3453
f 3451 3178 3457
f 3178 3186 3457
f 3185 3186 3457
f 3185 3457 3458
f 3457 3458 3459
f 3457 3459 3460
f 3452 3451 3457
f 3452 3457 3460
f 3461 3462 3463
f 3463 3188 3192
f 3463 3192 3461
f 3464 3191 3192
f 3464 3192 3461
f 3461 3464 3465
f 3461 3465 3466
f 3461 3466 3462
f 3454 3181 3467
f 3181 3194 3467
f 3194 3188 3467
f 3188 3463 3467
f 3468 3462 3463
f 3468 3463 3467
f 3468 3455 3454
f 3468 3454 3467
f 3469 3470 3458
f 3469 3458 3185
f 3185 3196 3469
f 3458 3459 3470
f 3196 3198 3471
f 3472 3471 3196
f 3472 3196 3469
f 3469 3470 3472
f 3464 3191 3473
f 3191 3202 3473
f 3474 3201 3202
f 3474 3202 3473
f 3473 3474 3475
f 3473 3475 3476
f 3476 3465 3464
f 3476 3464 3473
f 3471 3198 3477
f 3198 3206 3477
f 3205 3206 3477
f 3205 3477 3478
f 3477 3478 3479
f 3477 3479 3480
f 3472 3471 3477
f 3472 3477 3480
f 3474 3201 3481
f 3201 3210 3481
f 3482 3209 3210
f 3482 3210 3481
f 3481 3482 3483
f 3481 3483 3484
f 3484 3475 3474
f 3484 3474 3481
f 3478 3205 3485
f 3205 3214 3485
f 3213 3214 3485
f 3213 3485 3486
f 3485 3486 3487
f 3485 3487 3488
f 3479 3478 3485
f 3479 3485 3488
f 3482 3209 3489
f 3209 3218 3489
f 3490 3217 3218
f 3490 3218 3489
f 3489 3490 3491
f 3489 3491 3492
f 3492 3483 3482
f 3492 3482 3489
f 3486 3213 3493
f 3213 3222 3493
f 3221 3222 3493
f 3221 3493 3494
f 3493 3494 3495
f 3493 3495 3496
f 3487 3486 3493
f 3487 3493 3496
f 3490 3217 3497
f 3217 3226 3497
f 3498 3225 3226
f 3498 3226 3497
f 3497 3498 3499
f 3497 3499 3500
f 3491 3490 3497
f 3491 3497 3500
f 3494 3221 3501
f 3221 3230 3501
f 3502 3229 3230
f 3502 3230 3501
f 3501 3502 3503
f 3501 3503 3504
f 3495 3494 3501
f 3495 3501 3504
f 3498 3225 3505
f 3232 3225 3505
f 3232 3505 3506
f 3505 3506 3507
f 3505 3507 3508
f 3505 3508 3509
f 3499 3498 3505
f 3499 3505 3509
f 3232 3234 3510
f 3232 3506 3510
f 3241 3236 3511
f 3241 3240 3511
f 3502 3229 3512
f 3229 3244 3512
f 3244 3236 3512
f 3513 3511 3236
f 3513 3236 3512
f 3512 3513 3514
f 3503 3502 3512
f 3503 3512 3514
f 3507 3506 3515
f 3507 3508 3515
f 3510 3234 3516
f 3234 3248 3516
f 3247 3248 3516
f 3247 3516 3517
f 3516 3517 3518
f 3518 3515 3506
f 3518 3506 3516
f 3506 3510 3516
f 3519 3511 3240
f 3519 3240 3520
f 3240 3253 3520
f 3521 3252 3253
f 3521 3253 3520
f 3520 3521 3522
f 3520 3522 3523
f 3520 3523 3519
f 3511 3519 3524
f 3511 3513 3524
f 3525 3526 3517
f 3525 3517 3247
f 3247 3256 3525
f 3517 3518 3526
f 3256 3258 3527
f 3527 3256 3525
f 3527 3525 3528
f 3525 3526 3528
f 3529 3530 3531
f 3260 3265 3529
f 3260 3529 3531
f 3264 3265 3529
f 3264 3529 3532
f 3529 3532 3533
f 3529 3533 3534
f 3529 3534 3530
f 3521 3252 3535
f 3252 3268 3535
f 3268 3260 3535
f 3260 3531 3535
f 3536 3530 3531
f 3536 3531 3535
f 3522 3521 3535
f 3522 3535 3536
f 3527 3258 3537
f 3271 3258 3537
f 3271 3537 3538
f 3537 3538 3539
f 3537 3539 3540
f 3537 3540 3541
f 3541 3528 3527
f 3541 3527 3537
f 3271 3274 3542
f 3271 3538 3542
f 3281 3276 3543
f 3281 3280 3543
f 3532 3264 3544
f 3264 3285 3544
f 3285 3276 3544
f 3545 3543 3276
f 3545 3276 3544
f 3544 3545 3546
f 3546 3533 3532
f 3546 3532 3544
f 3539 3538 3547
f 3539 3540 3547
f 3548 3549 3542
f 3548 3542 3274
f 3274 3289 3548
f 3538 3547 3550
f 3549 3550 3538
f 3549 3538 3542
f 3289 3292 3551
f 3551 3289 3548
f 3551 3548 3552
f 3548 3549 3552
f 3553 3554 3555
f 3294 3298 3553
f 3294 3553 3555
f 3297 3298 3553
f 3297 3553 3556
f 3553 3556 3557
f 3553 3557 3558
f 3553 3558 3554
f 3559 3543 3280
f 3559 3280 3560
f 3280 3301 3560
f 3301 3294 3560
f 3294 3555 3560
f 3561 3554 3555
f 3561 3555 3560
f 3560 3561 3559
f 3543 3559 3562
f 3543 3545 3562
f 3563 3551 3292
f 3563 3292 3564
f 3292 3303 3564
f 3551 3552 3563
f 3565 3566 3567
f 3306 3309 3565
f 3306 3565 3567
f 3309 3303 3565
f 3303 3564 3565
f 3563 3564 3565
f 3563 3565 3568
f 3565 3568 3566
f 3315 3311 3569
f 3570 3569 3315
f 3570 3315 3306
f 3570 3306 3567
f 3570 3567 3571
f 3567 3566 3571
f 3311 3316 3572
f 3311 3569 3572
f 3323 3318 3573
f 3323 3322 3573
f 3574 3575 3576
f 3325 3329 3574
f 3325 3574 3576
f 3329 3318 3574
f 3577 3573 3318
f 3577 3318 3574
f 3574 3577 3578
f 3574 3578 3575
f 3579 3580 3581
f 3581 3331 3334
f 3581 3334 3579
f 3334 3325 3579
f 3325 3576 3579
f 3582 3575 3576
f 3582 3576 3579
f 3579 3582 3580
f 3556 3297 3583
f 3297 3336 3583
f 3336 3331 3583
f 3331 3581 3583
f 3580 3581 3583
f 3580 3583 3584
f 3584 3557 3556
f 3584 3556 3583
f 3570 3569 3585
f 3570 3571 3585
f 3586 3572 3316
f 3586 3316 3587
f 3316 3341 3587
f 3569 3585 3588
f 3588 3569 3572
f 3588 3572 3586
f 3589 3590 3591
f 3344 3346 3589
f 3344 3589 3591
f 3346 3341 3589
f 3341 3587 3589
f 3586 3587 3589
f 3586 3589 3592
f 3589 3592 3590
f 3593 3594 3595
f 3595 3348 3350
f 3595 3350 3593
f 3350 3344 3593
f 3344 3591 3593
f 3590 3591 3593
f 3590 3593 3596
f 3593 3596 3594
f 3597 3573 3322
f 3597 3322 3598
f 3322 3353 3598
f 3353 3348 3598
f 3348 3595 3598
f 3594 3595 3598
f 3594 3598 3599
f 3598 3599 3597
f 3573 3597 3600
f 3573 3577 3600
f 3363 3358 3601
f 3363 3362 3601
f 3369 3365 3602
f 3602 3369 3358
f 3602 3358 3603
f 3358 3601 3603
f 3375 3371 3604
f 3605 3604 3375
f 3605 3375 3365
f 3365 3602 3605
f 3371 3376 3606
f 3371 3604 3606
f 3383 3378 3607
f 3383 3382 3607
f 3388 3385 3608
f 3608 3388 3378
f 3608 3378 3609
f 3378 3607 3609
f 3392 3390 3610
f 3611 3610 3392
f 3611 3392 3385
f 3385 3608 3611
f 3362 3601 3612
f 3613 3612 3362
f 3613 3362 3395
f 3614 3613 3395
f 3614 3395 3390
f 3390 3610 3614
f 3603 3602 3615
f 3612 3613 3616
f 3617 3616 3612
f 3617 3612 3601
f 3615 3617 3601
f 3615 3601 3603
f 3604 3605 3618
f 3604 3618 3619
f 3618 3619 3620
f 3618 3620 3621
f 3618 3621 3622
f 3615 3602 3618
f 3615 3618 3622
f 3602 3605 3618
f 3606 3376 3623
f 3401 3376 3623
f 3401 3623 3624
f 3623 3624 3625
f 3625 3620 3619
f 3625 3619 3623
f 3619 3604 3623
f 3604 3606 3623
f 3406 3404 3626
f 3626 3406 3401
f 3626 3401 3627
f 3401 3624 3627
f 3411 3408 3628
f 3629 3628 3411
f 3629 3411 3404
f 3404 3626 3629
f 3408 3412 3630
f 3408 3628 3630
f 3418 3414 3631
f 3418 3417 3631
f 3382 3607 3632
f 3633 3632 3382
f 3633 3382 3421
f 3634 3633 3421
f 3634 3421 3414
f 3414 3631 3634
f 3609 3608 3635
f 3632 3633 3636
f 3637 3636 3632
f 3637 3632 3607
f 3637 3607 3609
f 3637 3609 3635
f 3611 3610 3638
f 3608 3635 3639
f 3639 3608 3611
f 3639 3611 3638
f 3614 3613 3640
f 3610 3638 3641
f 3641 3610 3614
f 3641 3614 3640
f 3613 3640 3642
f 3613 3616 3642
f 3621 3620 3643
f 3621 3622 3643
f 3625 3624 3644
f 3620 3643 3645
f 3644 3645 3620
f 3644 3620 3625
f 3627 3626 3646
f 3624 3644 3647
f 3646 3647 3624
f 3646 3624 3627
f 3628 3629 3648
f 3628 3648 3649
f 3648 3649 3650
f 3648 3650 3651
f 3648 3651 3652
f 3646 3626 3648
f 3646 3648 3652
f 3626 3629 3648
f 3630 3412 3653
f 3425 3412 3653
f 3425 3653 3654
f 3653 3654 3655
f 3655 3650 3649
f 3655 3649 3653
f 3649 3628 3653
f 3628 3630 3653
f 3425 3428 3656
f 3425 3654 3656
f 3434 3430 3657
f 3434 3433 3657
f 3631 3417 3658
f 3631 3658 3659
f 3417 3436 3658
f 3436 3430 3658
f 3657 3430 3658
f 3657 3658 3660
f 3658 3660 3661
f 3658 3661 3659
f 3634 3633 3662
f 3631 3659 3663
f 3663 3631 3634
f 3663 3634 3662
f 3633 3662 3664
f 3633 3636 3664
f 3651 3650 3665
f 3651 3652 3665
f 3655 3654 3666
f 3650 3665 3667
f 3666 3667 3650
f 3666 3650 3655
f 3656 3428 3668
f 3669 3438 3428
f 3669 3428 3668
f 3668 3669 3670
f 3668 3670 3671
f 3671 3666 3654
f 3671 3654 3668
f 3654 3656 3668
f 3438 3440 3672
f 3438 3669 3672
f 3446 3442 3673
f 3446 3445 3673
f 3657 3433 3674
f 3657 3674 3675
f 3433 3448 3674
f 3448 3442 3674
f 3673 3442 3674
f 3673 3674 3676
f 3674 3676 3677
f 3674 3677 3675
f 3657 3675 3678
f 3657 3660 3678
f 3670 3669 3679
f 3670 3671 3679
f 3672 3440 3680
f 3681 3450 3440
f 3681 3440 3680
f 3680 3681 3682
f 3680 3682 3683
f 3683 3679 3669
f 3683 3669 3680
f 3669 3672 3680
f 3450 3452 3684
f 3450 3681 3684
f 3445 3673 3685
f 3686 3685 3445
f 3686 3445 3456
f 3456 3455 3686
f 3685 3686 3687
f 3688 3687 3685
f 3688 3685 3673
f 3673 3676 3688
f 3681 3682 3689
f 3681 3689 3690
f 3689 3690 3691
f 3689 3691 3692
f 3689 3692 3693
f 3689 3693 3694
f 3694 3683 3682
f 3694 3682 3689
f 3684 3452 3695
f 3452 3460 3695
f 3696 3459 3460
f 3696 3460 3695
f 3696 3691 3690
f 3696 3690 3695
f 3690 3681 3695
f 3681 3684 3695
f 3466 3462 3697
f 3466 3465 3697
f 3686 3455 3698
f 3686 3698 3699
f 3455 3468 3698
f 3468 3462 3698
f 3697 3462 3698
f 3697 3698 3700
f 3698 3700 3701
f 3698 3701 3699
f 3686 3699 3702
f 3686 3687 3702
f 3692 3691 3703
f 3692 3693 3703
f 3696 3459 3704
f 3705 3470 3459
f 3705 3459 3704
f 3704 3705 3706
f 3704 3706 3707
f 3707 3703 3691
f 3707 3691 3704
f 3691 3696 3704
f 3470 3472 3708
f 3470 3705 3708
f 3465 3697 3709
f 3710 3709 3465
f 3710 3465 3476
f 3476 3475 3710
f 3709 3710 3711
f 3711 3709 3697
f 3711 3697 3712
f 3697 3700 3712
f 3713 3705 3706
f 3713 3706 3714
f 3714 3713 3715
f 3714 3715 3716
f 3714 3716 3717
f 3714 3717 3718
f 3718 3707 3706
f 3718 3706 3714
f 3708 3472 3719
f 3472 3480 3719
f 3720 3479 3480
f 3720 3480 3719
f 3715 3713 3719
f 3715 3719 3720
f 3713 3705 3719
f 3705 3708 3719
f 3475 3710 3721
f 3721 3475 3484
f 3721 3484 3722
f 3484 3483 3722
f 3721 3722 3723
f 3724 3723 3721
f 3724 3721 3710
f 3710 3711 3724
f 3725 3715 3716
f 3725 3716 3726
f 3726 3725 3727
f 3726 3727 3728
f 3726 3728 3729
f 3726 3729 3730
f 3730 3717 3716
f 3730 3716 3726
f 3720 3479 3731
f 3479 3488 3731
f 3732 3487 3488
f 3732 3488 3731
f 3732 3727 3725
f 3732 3725 3731
f 3725 3715 3731
f 3715 3720 3731
f 3483 3722 3733
f 3733 3483 3492
f 3733 3492 3734
f 3492 3491 3734
f 3733 3734 3735
f 3736 3735 3733
f 3736 3733 3722
f 3722 3723 3736
f 3737 3727 3728
f 3737 3728 3738
f 3738 3737 3739
f 3738 3739 3740
f 3738 3740 3741
f 3738 3741 3742
f 3742 3729 3728
f 3742 3728 3738
f 3732 3487 3743
f 3487 3496 3743
f 3744 3495 3496
f 3744 3496 3743
f 3744 3739 3737
f 3744 3737 3743
f 3737 3727 3743
f 3727 3732 3743
f 3491 3734 3745
f 3745 3491 3500
f 3745 3500 3746
f 3500 3499 3746
f 3745 3746 3747
f 3748 3747 3745
f 3748 3745 3734
f 3734 3735 3748
f 3749 3739 3740
f 3749 3740 3750
f 3750 3749 3751
f 3750 3751 3752
f 3750 3752 3753
f 3750 3753 3754
f 3754 3741 3740
f 3754 3740 3750
f 3744 3495 3755
f 3495 3504 3755
f 3756 3503 3504
f 3756 3504 3755
f 3756 3751 3749
f 3756 3749 3755
f 3749 3739 3755
f 3739 3744 3755
f 3499 3746 3757
f 3757 3499 3509
f 3757 3509 3758
f 3509 3508 3758
f 3759 3760 3761
f 3759 3761 3762
f 3759 3762 3763
f 3763 3758 3757
f 3763 3757 3759
f 3757 3746 3759
f 3747 3746 3759
f 3747 3759 3760
f 3761 3762 3764
f 3761 3760 3764
f 3765 3766 3767
f 3765 3767 3768
f 3765 3768 3769
f 3765 3769 3770
f 3765 3770 3771
f 3765 3771 3766
f 3772 3751 3752
f 3772 3752 3773
f 3773 3772 3774
f 3773 3774 3775
f 3775 3768 3767
f 3775 3767 3773
f 3776 3766 3767
f 3776 3767 3773
f 3776 3753 3752
f 3776 3752 3773
f 3756 3503 3777
f 3503 3514 3777
f 3778 3513 3514
f 3778 3514 3777
f 3778 3774 3772
f 3778 3772 3777
f 3772 3751 3777
f 3751 3756 3777
f 3508 3758 3779
f 3508 3515 3779
f 3762 3763 3780
f 3762 3780 3781
f 3780 3781 3782
f 3518 3515 3780
f 3518 3780 3782
f 3515 3779 3780
f 3779 3758 3780
f 3758 3763 3780
f 3781 3782 3783
f 3783 3781 3762
f 3783 3762 3784
f 3762 3764 3784
f 3785 3768 3769
f 3785 3769 3786
f 3786 3785 3787
f 3786 3787 3788
f 3786 3788 3789
f 3786 3789 3790
f 3790 3770 3769
f 3790 3769 3786
f 3791 3774 3775
f 3791 3775 3792
f 3791 3519 3523
f 3791 3523 3792
f 3793 3522 3523
f 3793 3523 3792
f 3793 3787 3785
f 3793 3785 3792
f 3785 3768 3792
f 3768 3775 3792
f 3778 3513 3794
f 3513 3524 3794
f 3524 3519 3794
f 3519 3791 3794
f 3791 3774 3794
f 3774 3778 3794
f 3518 3782 3795
f 3518 3526 3795
f 3796 3797 3798
f 3796 3798 3799
f 3799 3528 3526
f 3799 3526 3796
f 3526 3795 3796
f 3795 3782 3796
f 3797 3783 3782
f 3797 3782 3796
f 3798 3799 3800
f 3798 3797 3800
f 3801 3802 3803
f 3801 3803 3804
f 3801 3804 3805
f 3801 3805 3806
f 3801 3806 3807
f 3801 3807 3802
f 3808 3787 3788
f 3808 3788 3809
f 3808 3530 3534
f 3808 3534 3809
f 3810 3533 3534
f 3810 3534 3809
f 3810 3804 3803
f 3810 3803 3809
f 3811 3802 3803
f 3811 3803 3809
f 3811 3789 3788
f 3811 3788 3809
f 3793 3522 3812
f 3522 3536 3812
f 3536 3530 3812
f 3530 3808 3812
f 3808 3787 3812
f 3787 3793 3812
f 3528 3799 3813
f 3813 3528 3541
f 3813 3541 3814
f 3541 3540 3814
f 3815 3816 3817
f 3815 3817 3818
f 3815 3818 3819
f 3819 3814 3813
f 3819 3813 3815
f 3813 3799 3815
f 3816 3800 3799
f 3816 3799 3815
f 3817 3818 3820
f 3817 3816 3820
f 3821 3822 3823
f 3821 3823 3824
f 3821 3824 3825
f 3821 3825 3826
f 3821 3826 3827
f 3821 3827 3822
f 3828 3804 3805
f 3828 3805 3829
f 3829 3828 3830
f 3829 3830 3831
f 3831 3824 3823
f 3831 3823 3829
f 3832 3822 3823
f 3832 3823 3829
f 3832 3806 3805
f 3832 3805 3829
f 3810 3533 3833
f 3533 3546 3833
f 3834 3545 3546
f 3834 3546 3833
f 3834 3830 3828
f 3834 3828 3833
f 3828 3804 3833
f 3804 3810 3833
f 3540 3814 3835
f 3540 3547 3835
f 3818 3819 3836
f 3818 3836 3837
f 3837 3549 3550
f 3837 3550 3836
f 3550 3547 3836
f 3547 3835 3836
f 3835 3814 3836
f 3814 3819 3836
f 3838 3839 3840
f 3838 3840 3841
f 3841 3552 3549
f 3841 3549 3838
f 3549 3837 3838
f 3837 3818 3838
f 3839 3820 3818
f 3839 3818 3838
f 3842 3843 3844
f 3842 3844 3845
f 3842 3845 3846
f 3841 3840 3842
f 3841 3842 3846
f 3847 3839 3840
f 3847 3840 3842
f 3842 3847 3843
f 3844 3845 3848
f 3844 3843 3848
f 3849 3850 3851
f 3849 3851 3852
f 3849 3852 3853
f 3849 3853 3854
f 3849 3854 3855
f 3849 3855 3850
f 3856 3857 3858
f 3856 3858 3859
f 3856 3859 3860
f 3860 3852 3851
f 3860 3851 3856
f 3861 3850 3851
f 3861 3851 3856
f 3856 3861 3857
f 3862 3824 3825
f 3862 3825 3863
f 3862 3554 3558
f 3862 3558 3863
f 3864 3557 3558
f 3864 3558 3863
f 3864 3859 3858
f 3864 3858 3863
f 3865 3857 3858
f 3865 3858 3863
f 3865 3826 3825
f 3865 3825 3863
f 3866 3830 3831
f 3866 3831 3867
f 3866 3559 3561
f 3866 3561 3867
f 3561 3554 3867
f 3554 3862 3867
f 3862 3824 3867
f 3824 3831 3867
f 3834 3545 3868
f 3545 3562 3868
f 3562 3559 3868
f 3559 3866 3868
f 3866 3830 3868
f 3830 3834 3868
f 3552 3841 3869
f 3552 3563 3869
f 3870 3845 3846
f 3870 3846 3871
f 3870 3566 3568
f 3870 3568 3871
f 3568 3563 3871
f 3563 3869 3871
f 3869 3841 3871
f 3841 3846 3871
f 3872 3873 3874
f 3872 3874 3875
f 3875 3571 3566
f 3875 3566 3872
f 3566 3870 3872
f 3870 3845 3872
f 3873 3848 3845
f 3873 3845 3872
f 3876 3877 3878
f 3876 3878 3879
f 3876 3879 3880
f 3880 3875 3874
f 3880 3874 3876
f 3881 3873 3874
f 3881 3874 3876
f 3876 3881 3877
f 3882 3883 3884
f 3882 3884 3885
f 3882 3885 3886
f 3886 3879 3878
f 3886 3878 3882
f 3887 3877 3878
f 3887 3878 3882
f 3882 3887 3883
f 3888 3889 3890
f 3888 3890 3891
f 3888 3891 3892
f 3892 3885 3884
f 3892 3884 3888
f 3893 3883 3884
f 3893 3884 3888
f 3888 3893 3889
f 3894 3895 3896
f 3894 3896 3897
f 3894 3897 3898
f 3898 3891 3890
f 3898 3890 3894
f 3899 3889 3890
f 3899 3890 3894
f 3894 3899 3895
f 3900 3852 3853
f 3900 3853 3901
f 3900 3575 3578
f 3900 3578 3901
f 3902 3577 3578
f 3902 3578 3901
f 3902 3897 3896
f 3902 3896 3901
f 3903 3895 3896
f 3903 3896 3901
f 3903 3854 3853
f 3903 3853 3901
f 3904 3859 3860
f 3904 3860 3905
f 3904 3580 3582
f 3904 3582 3905
f 3582 3575 3905
f 3575 3900 3905
f 3900 3852 3905
f 3852 3860 3905
f 3864 3557 3906
f 3557 3584 3906
f 3584 3580 3906
f 3580 3904 3906
f 3904 3859 3906
f 3859 3864 3906
f 3571 3875 3907
f 3571 3585 3907
f 3879 3880 3908
f 3879 3908 3909
f 3586 3588 3908
f 3586 3908 3909
f 3588 3585 3908
f 3585 3907 3908
f 3907 3875 3908
f 3875 3880 3908
f 3910 3885 3886
f 3910 3886 3911
f 3910 3590 3592
f 3910 3592 3911
f 3592 3586 3911
f 3586 3909 3911
f 3909 3879 3911
f 3879 3886 3911
f 3912 3891 3892
f 3912 3892 3913
f 3912 3594 3596
f 3912 3596 3913
f 3596 3590 3913
f 3590 3910 3913
f 3910 3885 3913
f 3885 3892 3913
f 3914 3897 3898
f 3914 3898 3915
f 3914 3597 3599
f 3914 3599 3915
f 3599 3594 3915
f 3594 3912 3915
f 3912 3891 3915
f 3891 3898 3915
f 3902 3577 3916
f 3577 3600 3916
f 3600 3597 3916
f 3597 3914 3916
f 3914 3897 3916
f 3897 3902 3916
f 3617 3615 3917
f 3617 3616 3917
f 3615 3622 3918
f 3615 3917 3918
f 3919 3920 3921
f 3635 3637 3919
f 3635 3919 3921
f 3922 3636 3637
f 3922 3637 3919
f 3919 3922 3923
f 3919 3923 3924
f 3919 3924 3920
f 3925 3926 3927
f 3927 3638 3639
f 3927 3639 3925
f 3639 3635 3925
f 3635 3921 3925
f 3928 3920 3921
f 3928 3921 3925
f 3925 3928 3926
f 3929 3930 3931
f 3931 3640 3641
f 3931 3641 3929
f 3641 3638 3929
f 3638 3927 3929
f 3926 3927 3929
f 3926 3929 3932
f 3929 3932 3930
f 3917 3616 3933
f 3917 3933 3934
f 3616 3642 3933
f 3642 3640 3933
f 3640 3931 3933
f 3930 3931 3933
f 3930 3933 3935
f 3933 3935 3934
f 3936 3918 3622
f 3936 3622 3937
f 3622 3643 3937
f 3917 3934 3938
f 3938 3917 3918
f 3938 3918 3936
f 3939 3940 3941
f 3644 3645 3939
f 3644 3939 3941
f 3645 3643 3939
f 3643 3937 3939
f 3936 3937 3939
f 3936 3939 3942
f 3939 3942 3940
f 3943 3944 3945
f 3646 3647 3943
f 3646 3943 3945
f 3647 3644 3943
f 3644 3941 3943
f 3940 3941 3943
f 3940 3943 3946
f 3943 3946 3944
f 3646 3652 3947
f 3947 3646 3945
f 3947 3945 3948
f 3945 3944 3948
f 3661 3659 3949
f 3661 3660 3949
f 3950 3951 3952
f 3952 3662 3663
f 3952 3663 3950
f 3663 3659 3950
f 3953 3949 3659
f 3953 3659 3950
f 3950 3953 3954
f 3950 3954 3951
f 3922 3636 3955
f 3636 3664 3955
f 3664 3662 3955
f 3662 3952 3955
f 3951 3952 3955
f 3951 3955 3956
f 3923 3922 3955
f 3923 3955 3956
f 3957 3947 3652
f 3957 3652 3958
f 3652 3665 3958
f 3947 3948 3957
f 3667 3666 3959
f 3959 3667 3665
f 3959 3665 3960
f 3960 3665 3958
f 3960 3958 3961
f 3958 3957 3961
f 3666 3671 3962
f 3666 3959 3962
f 3677 3675 3963
f 3677 3676 3963
f 3964 3949 3660
f 3964 3660 3965
f 3660 3678 3965
f 3678 3675 3965
f 3966 3963 3675
f 3966 3675 3965
f 3965 3966 3967
f 3965 3967 3964
f 3949 3964 3968
f 3949 3953 3968
f 3960 3959 3969
f 3960 3961 3969
f 3962 3671 3970
f 3971 3679 3671
f 3971 3671 3970
f 3970 3971 3972
f 3970 3972 3973
f 3969 3959 3970
f 3969 3970 3973
f 3959 3962 3970
f 3679 3683 3974
f 3679 3971 3974
f 3975 3963 3676
f 3975 3676 3976
f 3676 3688 3976
f 3977 3687 3688
f 3977 3688 3976
f 3976 3977 3978
f 3976 3978 3979
f 3976 3979 3975
f 3963 3975 3980
f 3963 3966 3980
f 3972 3971 3981
f 3972 3973 3981
f 3974 3683 3982
f 3683 3694 3982
f 3693 3694 3982
f 3693 3982 3983
f 3982 3983 3984
f 3981 3971 3982
f 3981 3982 3984
f 3971 3974 3982
f 3701 3699 3985
f 3701 3700 3985
f 3977 3687 3986
f 3687 3702 3986
f 3702 3699 3986
f 3987 3985 3699
f 3987 3699 3986
f 3986 3987 3988
f 3978 3977 3986
f 3978 3986 3988
f 3983 3693 3989
f 3990 3703 3693
f 3990 3693 3989
f 3989 3990 3991
f 3989 3991 3992
f 3989 3992 3993
f 3984 3983 3989
f 3984 3989 3993
f 3703 3707 3994
f 3703 3990 3994
f 3700 3985 3995
f 3996 3995 3700
f 3996 3700 3712
f 3712 3711 3996
f 3995 3996 3997
f 3998 3997 3995
f 3998 3995 3985
f 3985 3987 3998
f 3990 3991 3999
f 3990 3999 4000
f 3999 4000 4001
f 3999 4001 4002
f 3999 4002 4003
f 3999 4003 4004
f 3992 3991 3999
f 3992 3999 4004
f 3994 3707 4005
f 3707 3718 4005
f 3717 3718 4005
f 3717 4005 4006
f 4006 4001 4000
f 4006 4000 4005
f 4000 3990 4005
f 3990 3994 4005
f 4007 3996 3711
f 4007 3711 4008
f 3711 3724 4008
f 3723 3724 4008
f 3723 4008 4009
f 4008 4009 4010
f 4008 4010 4011
f 4008 4011 4007
f 3996 4007 4012
f 3996 3997 4012
f 4002 4001 4013
f 4002 4003 4013
f 4006 3717 4014
f 3717 3730 4014
f 4015 3729 3730
f 4015 3730 4014
f 4014 4015 4016
f 4016 4013 4001
f 4016 4001 4014
f 4001 4006 4014
f 4017 4018 4009
f 4017 4009 3723
f 4019 4017 3723
f 4019 3723 3736
f 3736 3735 4019
f 4009 4010 4018
f 4017 4019 4020
f 4017 4018 4020
f 4021 4022 4023
f 4021 4023 4024
f 4021 4024 4025
f 4021 4025 4026
f 4021 4026 4027
f 4021 4027 4022
f 4015 3729 4028
f 3729 3742 4028
f 4029 3741 3742
f 4029 3742 4028
f 4029 4024 4023
f 4029 4023 4028
f 4030 4022 4023
f 4030 4023 4028
f 4030 4016 4015
f 4030 4015 4028
f 3735 4019 4031
f 4031 3735 3748
f 4031 3748 4032
f 3748 3747 4032
f 4031 4032 4033
f 4033 4031 4019
f 4033 4019 4034
f 4019 4020 4034
f 4035 4024 4025
f 4035 4025 4036
f 4036 4035 4037
f 4036 4037 4038
f 4036 4038 4039
f 4036 4039 4040
f 4040 4026 4025
f 4040 4025 4036
f 4029 3741 4041
f 3741 3754 4041
f 4042 3753 3754
f 4042 3754 4041
f 4042 4037 4035
f 4042 4035 4041
f 4035 4024 4041
f 4024 4029 4041
f 3747 4032 4043
f 3747 3760 4043
f 3760 3764 4044
f 4045 4044 3760
f 4045 3760 4043
f 4045 4043 4032
f 4045 4032 4046
f 4032 4033 4046
f 4047 4037 4038
f 4047 4038 4048
f 4047 3766 3771
f 4047 3771 4048
f 4049 3770 3771
f 4049 3771 4048
f 4048 4049 4050
f 4048 4050 4051
f 4051 4039 4038
f 4051 4038 4048
f 4042 3753 4052
f 3753 3776 4052
f 3776 3766 4052
f 3766 4047 4052
f 4047 4037 4052
f 4037 4042 4052
f 4053 4044 3764
f 4053 3764 4054
f 4054 3764 3784
f 4054 3784 4055
f 3784 3783 4055
f 4044 4045 4053
f 4054 4055 4056
f 4054 4053 4056
f 4057 4058 4059
f 4057 4059 4060
f 4057 4060 4061
f 4057 4061 4062
f 4057 4062 4063
f 4057 4063 4058
f 4049 3770 4064
f 3770 3790 4064
f 4065 3789 3790
f 4065 3790 4064
f 4065 4060 4059
f 4065 4059 4064
f 4066 4058 4059
f 4066 4059 4064
f 4066 4050 4049
f 4066 4049 4064
f 3783 4055 4067
f 3783 3797 4067
f 4068 4069 4070
f 4068 4070 4071
f 3800 3797 4068
f 3800 4068 4071
f 3797 4067 4068
f 4067 4055 4068
f 4056 4055 4068
f 4056 4068 4069
f 4070 4071 4072
f 4070 4069 4072
f 4073 4074 4075
f 4073 4075 4076
f 4073 4076 4077
f 4073 4077 4078
f 4073 4078 4079
f 4073 4079 4074
f 4080 4060 4061
f 4080 4061 4081
f 4080 3802 3807
f 4080 3807 4081
f 4082 3806 3807
f 4082 3807 4081
f 4082 4076 4075
f 4082 4075 4081
f 4083 4074 4075
f 4083 4075 4081
f 4083 4062 4061
f 4083 4061 4081
f 4065 3789 4084
f 3789 3811 4084
f 3811 3802 4084
f 3802 4080 4084
f 4080 4060 4084
f 4060 4065 4084
f 3800 4071 4085
f 3800 3816 4085
f 4086 4087 4088
f 4086 4088 4089
f 4089 3820 3816
f 4089 3816 4086
f 3816 4085 4086
f 4085 4071 4086
f 4087 4072 4071
f 4087 4071 4086
f 4088 4089 4090
f 4088 4087 4090
f 4091 4092 4093
f 4091 4093 4094
f 4091 4094 4095
f 4091 4095 4096
f 4091 4096 4097
f 4091 4097 4092
f 4098 4076 4077
f 4098 4077 4099
f 4098 3822 3827
f 4098 3827 4099
f 4100 3826 3827
f 4100 3827 4099
f 4100 4094 4093
f 4100 4093 4099
f 4101 4092 4093
f 4101 4093 4099
f 4101 4078 4077
f 4101 4077 4099
f 4082 3806 4102
f 3806 3832 4102
f 3832 3822 4102
f 3822 4098 4102
f 4098 4076 4102
f 4076 4082 4102
f 3820 4089 4103
f 3820 3839 4103
f 4104 4105 4106
f 3843 3847 4104
f 3843 4104 4106
f 3847 3839 4104
f 3839 4103 4104
f 4103 4089 4104
f 4105 4090 4089
f 4105 4089 4104
f 4107 4108 4109
f 4107 4109 4110
f 4110 3848 3843
f 4110 3843 4107
f 3843 4106 4107
f 4111 4105 4106
f 4111 4106 4107
f 4107 4111 4108
f 4112 4113 4114
f 4112 4114 4115
f 4112 4115 4116
f 4116 4110 4109
f 4116 4109 4112
f 4108 4109 4112
f 4108 4112 4117
f 4112 4117 4113
f 4118 4119 4120
f 4118 4120 4121
f 4118 4121 4122
f 4122 4115 4114
f 4122 4114 4118
f 4113 4114 4118
f 4113 4118 4123
f 4118 4123 4119
f 4124 4125 4126
f 4124 4126 4127
f 4124 4127 4128
f 4128 4121 4120
f 4128 4120 4124
f 4129 4119 4120
f 4129 4120 4124
f 4124 4129 4125
f 4130 4131 4132
f 4130 4132 4133
f 4130 4133 4134
f 4134 4127 4126
f 4134 4126 4130
f 4135 4125 4126
f 4135 4126 4130
f 4130 4135 4131
f 4136 4137 4138
f 4138 3850 3855
f 4138 3855 4136
f 4139 3854 3855
f 4139 3855 4136
f 4139 4133 4132
f 4139 4132 4136
f 4140 4131 4132
f 4140 4132 4136
f 4136 4140 4137
f 4141 4094 4095
f 4141 4095 4142
f 4141 3857 3861
f 4141 3861 4142
f 3861 3850 4142
f 3850 4138 4142
f 4143 4137 4138
f 4143 4138 4142
f 4143 4096 4095
f 4143 4095 4142
f 4100 3826 4144
f 3826 3865 4144
f 3865 3857 4144
f 3857 4141 4144
f 4141 4094 4144
f 4094 4100 4144
f 3848 4110 4145
f 3848 3873 4145
f 4115 4116 4146
f 4115 4146 4147
f 3877 3881 4146
f 3877 4146 4147
f 3881 3873 4146
f 3873 4145 4146
f 4145 4110 4146
f 4110 4116 4146
f 4148 4121 4122
f 4148 4122 4149
f 3883 3887 4149
f 3883 4149 4148
f 3887 3877 4149
f 3877 4147 4149
f 4147 4115 4149
f 4115 4122 4149
f 4150 4127 4128
f 4150 4128 4151
f 4150 3889 3893
f 4150 3893 4151
f 3893 3883 4151
f 3883 4148 4151
f 4148 4121 4151
f 4121 4128 4151
f 4152 4133 4134
f 4152 4134 4153
f 4152 3895 3899
f 4152 3899 4153
f 3899 3889 4153
f 3889 4150 4153
f 4150 4127 4153
f 4127 4134 4153
f 4139 3854 4154
f 3854 3903 4154
f 3903 3895 4154
f 3895 4152 4154
f 4152 4133 4154
f 4133 4139 4154
f 3924 3920 4155
f 3924 3923 4155
f 4156 4157 4158
f 3926 3928 4156
f 3926 4156 4158
f 3928 3920 4156
f 4159 4155 3920
f 4159 3920 4156
f 4156 4159 4160
f 4156 4160 4157
f 4161 4162 4163
f 4163 3930 3932
f 4163 3932 4161
f 3932 3926 4161
f 3926 4158 4161
f 4164 4157 4158
f 4164 4158 4161
f 4161 4164 4162
f 4165 4166 4167
f 4167 3934 3935
f 4167 3935 4165
f 3935 3930 4165
f 3930 4163 4165
f 4162 4163 4165
f 4162 4165 4168
f 4165 4168 4166
f 4169 4170 4171
f 3936 3938 4169
f 3936 4169 4171
f 3938 3934 4169
f 3934 4167 4169
f 4166 4167 4169
f 4166 4169 4172
f 4169 4172 4170
f 4173 4174 4175
f 3940 3942 4173
f 3940 4173 4175
f 3942 3936 4173
f 3936 4171 4173
f 4170 4171 4173
f 4170 4173 4176
f 4173 4176 4174
f 3946 3944 4177
f 4178 4177 3946
f 4178 3946 3940
f 4179 4178 3940
f 4179 3940 4175
f 4175 4174 4179
f 3944 3948 4180
f 3944 4177 4180
f 4181 4182 4183
f 4183 3951 3954
f 4183 3954 4181
f 4184 3953 3954
f 4184 3954 4181
f 4181 4184 4185
f 4181 4185 4186
f 4181 4186 4182
f 4187 4155 3923
f 4187 3923 4188
f 3923 3956 4188
f 3956 3951 4188
f 3951 4183 4188
f 4189 4182 4183
f 4189 4183 4188
f 4188 4189 4187
f 4155 4187 4190
f 4155 4159 4190
f 4178 4177 4191
f 4178 4179 4191
f 4192 4180 3948
f 4192 3948 4193
f 3948 3957 4193
f 4177 4191 4194
f 4192 4194 4177
f 4192 4177 4180
f 3957 3961 4195
f 4195 3957 4193
f 4195 4193 4196
f 4193 4192 4196
f 4197 4198 4199
f 4199 3964 3967
f 4199 3967 4197
f 4200 3966 3967
f 4200 3967 4197
f 4197 4200 4201
f 4197 4201 4202
f 4197 4202 4198
f 4184 3953 4203
f 3953 3968 4203
f 3968 3964 4203
f 3964 4199 4203
f 4198 4199 4203
f 4198 4203 4204
f 4204 4185 4184
f 4204 4184 4203
f 4205 4195 3961
f 4205 3961 4206
f 3961 3969 4206
f 4195 4196 4205
f 3969 3973 4207
f 4207 3969 4206
f 4207 4206 4208
f 4206 4205 4208
f 4209 4210 4211
f 3975 3979 4209
f 3975 4209 4211
f 3978 3979 4209
f 3978 4209 4212
f 4209 4212 4213
f 4209 4213 4214
f 4209 4214 4210
f 4200 3966 4215
f 3966 3980 4215
f 3980 3975 4215
f 3975 4211 4215
f 4216 4210 4211
f 4216 4211 4215
f 4216 4201 4200
f 4216 4200 4215
f 4217 4218 4207
f 4217 4207 3973
f 3973 3981 4217
f 4207 4208 4218
f 3981 3984 4219
f 4219 3981 4217
f 4219 4217 4220
f 4217 4218 4220
f 4212 3978 4221
f 3978 3988 4221
f 4222 3987 3988
f 4222 3988 4221
f 4221 4222 4223
f 4221 4223 4224
f 4224 4213 4212
f 4224 4212 4221
f 4219 3984 4225
f 3984 3993 4225
f 3992 3993 4225
f 3992 4225 4226
f 4225 4226 4227
f 4225 4227 4228
f 4228 4220 4219
f 4228 4219 4225
f 4222 3987 4229
f 3987 3998 4229
f 4230 3997 3998
f 4230 3998 4229
f 4229 4230 4231
f 4229 4231 4232
f 4223 4222 4229
f 4223 4229 4232
f 4226 3992 4233
f 3992 4004 4233
f 4234 4003 4004
f 4234 4004 4233
f 4233 4234 4235
f 4233 4235 4236
f 4227 4226 4233
f 4227 4233 4236
f 4011 4007 4237
f 4011 4010 4237
f 4230 3997 4238
f 3997 4012 4238
f 4012 4007 4238
f 4237 4007 4238
f 4237 4238 4239
f 4238 4239 4240
f 4231 4230 4238
f 4231 4238 4240
f 4234 4003 4241
f 4242 4013 4003
f 4242 4003 4241
f 4241 4242 4243
f 4241 4243 4244
f 4241 4244 4245
f 4235 4234 4241
f 4235 4241 4245
f 4013 4016 4246
f 4013 4242 4246
f 4010 4237 4247
f 4010 4018 4247
f 4018 4020 4248
f 4249 4248 4018
f 4249 4018 4247
f 4249 4247 4237
f 4249 4237 4250
f 4237 4239 4250
f 4251 4242 4243
f 4251 4243 4252
f 4251 4022 4027
f 4251 4027 4252
f 4253 4026 4027
f 4253 4027 4252
f 4252 4253 4254
f 4252 4254 4255
f 4255 4244 4243
f 4255 4243 4252
f 4246 4016 4256
f 4016 4030 4256
f 4030 4022 4256
f 4022 4251 4256
f 4251 4242 4256
f 4242 4246 4256
f 4248 4020 4257
f 4020 4034 4257
f 4033 4034 4257
f 4033 4257 4258
f 4257 4258 4259
f 4257 4259 4260
f 4249 4248 4257
f 4249 4257 4260
f 4253 4026 4261
f 4026 4040 4261
f 4262 4039 4040
f 4262 4040 4261
f 4261 4262 4263
f 4261 4263 4264
f 4264 4254 4253
f 4264 4253 4261
f 4258 4033 4265
f 4033 4046 4265
f 4045 4046 4265
f 4045 4265 4266
f 4265 4266 4267
f 4265 4267 4268
f 4259 4258 4265
f 4259 4265 4268
f 4262 4039 4269
f 4039 4051 4269
f 4270 4050 4051
f 4270 4051 4269
f 4269 4270 4271
f 4269 4271 4272
f 4272 4263 4262
f 4272 4262 4269
f 4273 4274 4266
f 4273 4266 4045
f 4045 4053 4273
f 4266 4267 4274
f 4053 4056 4275
f 4276 4275 4053
f 4276 4053 4273
f 4273 4274 4276
f 4277 4278 4279
f 4279 4058 4063
f 4279 4063 4277
f 4280 4062 4063
f 4280 4063 4277
f 4277 4280 4281
f 4277 4281 4282
f 4277 4282 4278
f 4270 4050 4283
f 4050 4066 4283
f 4066 4058 4283
f 4058 4279 4283
f 4284 4278 4279
f 4284 4279 4283
f 4284 4271 4270
f 4284 4270 4283
f 4285 4275 4056
f 4285 4056 4286
f 4056 4069 4286
f 4275 4276 4285
f 4069 4072 4287
f 4288 4287 4069
f 4288 4069 4286
f 4286 4285 4288
f 4289 4290 4291
f 4291 4074 4079
f 4291 4079 4289
f 4292 4078 4079
f 4292 4079 4289
f 4289 4292 4293
f 4289 4293 4294
f 4289 4294 4290
f 4280 4062 4295
f 4062 4083 4295
f 4083 4074 4295
f 4074 4291 4295
f 4296 4290 4291
f 4296 4291 4295
f 4296 4281 4280
f 4296 4280 4295
f 4297 4287 4072
f 4297 4072 4298
f 4072 4087 4298
f 4287 4288 4297
f 4087 4090 4299
f 4300 4299 4087
f 4300 4087 4298
f 4298 4297 4300
f 4301 4302 4303
f 4303 4092 4097
f 4303 4097 4301
f 4304 4096 4097
f 4304 4097 4301
f 4301 4304 4305
f 4301 4305 4306
f 4301 4306 4302
f 4292 4078 4307
f 4078 4101 4307
f 4101 4092 4307
f 4092 4303 4307
f 4308 4302 4303
f 4308 4303 4307
f 4308 4293 4292
f 4308 4292 4307
f 4309 4310 4299
f 4309 4299 4090
f 4090 4105 4309
f 4299 4300 4310
f 4311 4312 4313
f 4108 4111 4311
f 4108 4311 4313
f 4111 4105 4311
f 4105 4309 4311
f 4314 4310 4309
f 4314 4309 4311
f 4311 4314 4312
f 4315 4316 4317
f 4317 4113 4117
f 4317 4117 4315
f 4117 4108 4315
f 4108 4313 4315
f 4318 4312 4313
f 4318 4313 4315
f 4315 4318 4316
f 4319 4320 4321
f 4321 4119 4123
f 4321 4123 4319
f 4123 4113 4319
f 4113 4317 4319
f 4322 4316 4317
f 4322 4317 4319
f 4319 4322 4320
f 4323 4324 4325
f 4325 4125 4129
f 4325 4129 4323
f 4129 4119 4323
f 4119 4321 4323
f 4326 4320 4321
f 4326 4321 4323
f 4323 4326 4324
f 4327 4328 4329
f 4329 4131 4135
f 4329 4135 4327
f 4135 4125 4327
f 4125 4325 4327
f 4330 4324 4325
f 4330 4325 4327
f 4327 4330 4328
f 4331 4332 4333
f 4333 4137 4140
f 4333 4140 4331
f 4140 4131 4331
f 4131 4329 4331
f 4334 4328 4329
f 4334 4329 4331
f 4331 4334 4332
f 4304 4096 4335
f 4096 4143 4335
f 4143 4137 4335
f 4137 4333 4335
f 4336 4332 4333
f 4336 4333 4335
f 4336 4305 4304
f 4336 4304 4335
f 4160 4157 4337
f 4160 4159 4337
f 4164 4162 4338
f 4338 4164 4157
f 4338 4157 4339
f 4157 4337 4339
f 4168 4166 4340
f 4340 4168 4162
f 4340 4162 4341
f 4162 4338 4341
f 4172 4170 4342
f 4342 4172 4166
f 4342 4166 4343
f 4166 4340 4343
f 4176 4174 4344
f 4344 4176 4170
f 4344 4170 4345
f 4170 4342 4345
f 4174 4179 4346
f 4174 4344 4346
f 4186 4182 4347
f 4186 4185 4347
f 4189 4187 4348
f 4348 4189 4182
f 4348 4182 4349
f 4182 4347 4349
f 4159 4337 4350
f 4350 4159 4190
f 4350 4190 4351
f 4351 4190 4187
f 4351 4187 4352
f 4187 4348 4352
f 4339 4338 4353
f 4350 4351 4354
f 4355 4354 4350
f 4355 4350 4337
f 4353 4355 4337
f 4353 4337 4339
f 4341 4340 4356
f 4338 4353 4357
f 4356 4357 4338
f 4356 4338 4341
f 4343 4342 4358
f 4340 4356 4359
f 4358 4359 4340
f 4358 4340 4343
f 4344 4345 4360
f 4344 4360 4361
f 4360 4361 4362
f 4360 4362 4363
f 4360 4363 4364
f 4358 4342 4360
f 4358 4360 4364
f 4342 4345 4360
f 4346 4179 4365
f 4366 4191 4179
f 4366 4179 4365
f 4365 4366 4367
f 4367 4362 4361
f 4367 4361 4365
f 4361 4344 4365
f 4344 4346 4365
f 4194 4192 4368
f 4368 4194 4191
f 4368 4191 4369
f 4191 4366 4369
f 4192 4196 4370
f 4192 4368 4370
f 4202 4198 4371
f 4202 4201 4371
f 4185 4347 4372
f 4373 4372 4185
f 4373 4185 4204
f 4373 4204 4198
f 4373 4198 4374
f 4198 4371 4374
f 4349 4348 4375
f 4372 4373 4376
f 4377 4376 4372
f 4377 4372 4347
f 4377 4347 4349
f 4377 4349 4375
f 4352 4351 4378
f 4348 4375 4379
f 4379 4348 4352
f 4379 4352 4378
f 4351 4378 4380
f 4351 4354 4380
f 4363 4362 4381
f 4363 4364 4381
f 4367 4366 4382
f 4362 4381 4383
f 4382 4383 4362
f 4382 4362 4367
f 4368 4369 4384
f 4368 4384 4385
f 4384 4385 4386
f 4384 4386 4387
f 4384 4387 4388
f 4388 4382 4366
f 4388 4366 4384
f 4366 4369 4384
f 4370 4196 4389
f 4390 4205 4196
f 4390 4196 4389
f 4389 4390 4391
f 4391 4386 4385
f 4391 4385 4389
f 4385 4368 4389
f 4368 4370 4389
f 4205 4208 4392
f 4205 4390 4392
f 4214 4210 4393
f 4214 4213 4393
f 4201 4371 4394
f 4395 4394 4201
f 4395 4201 4216
f 4395 4216 4210
f 4395 4210 4396
f 4210 4393 4396
f 4374 4373 4397
f 4394 4395 4398
f 4399 4398 4394
f 4399 4394 4371
f 4399 4371 4374
f 4399 4374 4397
f 4373 4397 4400
f 4373 4376 4400
f 4387 4386 4401
f 4387 4388 4401
f 4402 4390 4391
f 4402 4391 4403
f 4403 4402 4404
f 4403 4404 4405
f 4403 4405 4406
f 4406 4401 4386
f 4406 4386 4403
f 4386 4391 4403
f 4392 4208 4407
f 4408 4218 4208
f 4408 4208 4407
f 4407 4408 4409
f 4409 4404 4402
f 4409 4402 4407
f 4402 4390 4407
f 4390 4392 4407
f 4218 4220 4410
f 4218 4408 4410
f 4213 4393 4411
f 4412 4411 4213
f 4412 4213 4224
f 4224 4223 4412
f 4396 4395 4413
f 4411 4412 4414
f 4415 4414 4411
f 4415 4411 4393
f 4413 4415 4393
f 4413 4393 4396
f 4395 4413 4416
f 4395 4398 4416
f 4405 4404 4417
f 4405 4406 4417
f 4418 4408 4409
f 4418 4409 4419
f 4419 4418 4420
f 4419 4420 4421
f 4419 4421 4422
f 4422 4417 4404
f 4422 4404 4419
f 4404 4409 4419
f 4410 4220 4423
f 4220 4228 4423
f 4227 4228 4423
f 4227 4423 4424
f 4420 4418 4423
f 4420 4423 4424
f 4418 4408 4423
f 4408 4410 4423
f 4223 4412 4425
f 4425 4223 4232
f 4425 4232 4426
f 4232 4231 4426
f 4425 4426 4427
f 4428 4427 4425
f 4428 4425 4412
f 4412 4414 4428
f 4429 4420 4421
f 4429 4421 4430
f 4430 4429 4431
f 4430 4431 4432
f 4430 4432 4433
f 4430 4433 4434
f 4434 4422 4421
f 4434 4421 4430
f 4424 4227 4435
f 4227 4236 4435
f 4436 4235 4236
f 4436 4236 4435
f 4436 4431 4429
f 4436 4429 4435
f 4429 4420 4435
f 4420 4424 4435
f 4231 4426 4437
f 4437 4231 4240
f 4437 4240 4438
f 4240 4239 4438
f 4437 4438 4439
f 4440 4439 4437
f 4440 4437 4426
f 4426 4427 4440
f 4441 4431 4432
f 4441 4432 4442
f 4442 4441 4443
f 4442 4443 4444
f 4442 4444 4445
f 4442 4445 4446
f 4446 4433 4432
f 4446 4432 4442
f 4436 4235 4447
f 4235 4245 4447
f 4448 4244 4245
f 4448 4245 4447
f 4448 4443 4441
f 4448 4441 4447
f 4441 4431 4447
f 4431 4436 4447
f 4239 4438 4449
f 4449 4239 4250
f 4449 4250 4450
f 4250 4249 4450
f 4449 4450 4451
f 4452 4451 4449
f 4452 4449 4438
f 4438 4439 4452
f 4453 4443 4444
f 4453 4444 4454
f 4454 4453 4455
f 4454 4455 4456
f 4454 4456 4457
f 4454 4457 4458
f 4458 4445 4444
f 4458 4444 4454
f 4448 4244 4459
f 4244 4255 4459
f 4460 4254 4255
f 4460 4255 4459
f 4460 4455 4453
f 4460 4453 4459
f 4453 4443 4459
f 4443 4448 4459
f 4249 4450 4461
f 4461 4249 4260
f 4461 4260 4462
f 4260 4259 4462
f 4461 4462 4463
f 4464 4463 4461
f 4464 4461 4450
f 4450 4451 4464
f 4465 4455 4456
f 4465 4456 4466
f 4466 4465 4467
f 4466 4467 4468
f 4466 4468 4469
f 4466 4469 4470
f 4470 4457 4456
f 4470 4456 4466
f 4460 4254 4471
f 4254 4264 4471
f 4472 4263 4264
f 4472 4264 4471
f 4472 4467 4465
f 4472 4465 4471
f 4465 4455 4471
f 4455 4460 4471
f 4259 4462 4473
f 4473 4259 4268
f 4473 4268 4474
f 4268 4267 4474
f 4475 4476 4477
f 4475 4477 4478
f 4475 4478 4479
f 4479 4474 4473
f 4479 4473 4475
f 4473 4462 4475
f 4476 4463 4462
f 4476 4462 4475
f 4477 4478 4480
f 4477 4476 4480
f 4481 4482 4483
f 4481 4483 4484
f 4481 4484 4485
f 4481 4485 4486
f 4481 4486 4487
f 4481 4487 4482
f 4488 4467 4468
f 4488 4468 4489
f 4489 4488 4490
f 4489 4490 4491
f 4491 4484 4483
f 4491 4483 4489
f 4492 4482 4483
f 4492 4483 4489
f 4492 4469 4468
f 4492 4468 4489
f 4472 4263 4493
f 4263 4272 4493
f 4494 4271 4272
f 4494 4272 4493
f 4494 4490 4488
f 4494 4488 4493
f 4488 4467 4493
f 4467 4472 4493
f 4267 4474 4495
f 4267 4274 4495
f 4478 4479 4496
f 4478 4496 4497
f 4496 4497 4498
f 4276 4274 4496
f 4276 4496 4498
f 4274 4495 4496
f 4495 4474 4496
f 4474 4479 4496
f 4499 4500 4501
f 4499 4501 4502
f 4499 4502 4503
f 4498 4497 4499
f 4498 4499 4503
f 4497 4478 4499
f 4500 4480 4478
f 4500 4478 4499
f 4501 4502 4504
f 4501 4500 4504
f 4505 4506 4507
f 4505 4507 4508
f 4505 4508 4509
f 4505 4509 4510
f 4505 4510 4511
f 4505 4511 4506
f 4512 4484 4485
f 4512 4485 4513
f 4513 4512 4514
f 4513 4514 4515
f 4515 4508 4507
f 4515 4507 4513
f 4516 4506 4507
f 4516 4507 4513
f 4516 4486 4485
f 4516 4485 4513
f 4517 4490 4491
f 4517 4491 4518
f 4517 4278 4282
f 4517 4282 4518
f 4519 4281 4282
f 4519 4282 4518
f 4519 4514 4512
f 4519 4512 4518
f 4512 4484 4518
f 4484 4491 4518
f 4494 4271 4520
f 4271 4284 4520
f 4284 4278 4520
f 4278 4517 4520
f 4517 4490 4520
f 4490 4494 4520
f 4276 4498 4521
f 4276 4285 4521
f 4522 4502 4503
f 4522 4503 4523
f 4523 4522 4524
f 4524 4288 4285
f 4524 4285 4523
f 4285 4521 4523
f 4521 4498 4523
f 4498 4503 4523
f 4525 4526 4527
f 4525 4527 4528
f 4525 4528 4529
f 4529 4524 4522
f 4529 4522 4525
f 4522 4502 4525
f 4526 4504 4502
f 4526 4502 4525
f 4530 4531 4532
f 4530 4532 4533
f 4530 4533 4534
f 4528 4527 4530
f 4528 4530 4534
f 4526 4527 4530
f 4526 4530 4535
f 4530 4535 4531
f 4532 4533 4536
f 4532 4531 4536
f 4537 4538 4539
f 4537 4539 4540
f 4537 4540 4541
f 4537 4541 4542
f 4537 4542 4543
f 4537 4543 4538
f 4544 4545 4546
f 4544 4546 4547
f 4544 4547 4548
f 4548 4540 4539
f 4548 4539 4544
f 4549 4538 4539
f 4549 4539 4544
f 4544 4549 4545
f 4550 4508 4509
f 4550 4509 4551
f 4551 4550 4552
f 4551 4552 4553
f 4553 4547 4546
f 4553 4546 4551
f 4554 4545 4546
f 4554 4546 4551
f 4554 4510 4509
f 4554 4509 4551
f 4555 4514 4515
f 4555 4515 4556
f 4555 4290 4294
f 4555 4294 4556
f 4557 4293 4294
f 4557 4294 4556
f 4557 4552 4550
f 4557 4550 4556
f 4550 4508 4556
f 4508 4515 4556
f 4519 4281 4558
f 4281 4296 4558
f 4296 4290 4558
f 4290 4555 4558
f 4555 4514 4558
f 4514 4519 4558
f 4288 4524 4559
f 4288 4297 4559
f 4528 4529 4560
f 4528 4560 4561
f 4560 4561 4562
f 4562 4300 4297
f 4562 4297 4560
f 4297 4559 4560
f 4559 4524 4560
f 4524 4529 4560
f 4563 4533 4534
f 4563 4534 4564
f 4564 4563 4565
f 4564 4565 4566
f 4566 4562 4561
f 4566 4561 4564
f 4561 4528 4564
f 4528 4534 4564
f 4567 4568 4569
f 4567 4569 4570
f 4567 4570 4571
f 4571 4565 4563
f 4571 4563 4567
f 4563 4533 4567
f 4568 4536 4533
f 4568 4533 4567
f 4572 4573 4574
f 4572 4574 4575
f 4572 4575 4576
f 4576 4570 4569
f 4576 4569 4572
f 4577 4568 4569
f 4577 4569 4572
f 4572 4577 4573
f 4578 4579 4580
f 4578 4580 4581
f 4578 4581 4582
f 4582 4575 4574
f 4582 4574 4578
f 4583 4573 4574
f 4583 4574 4578
f 4578 4583 4579
f 4584 4540 4541
f 4584 4541 4585
f 4585 4584 4586
f 4585 4586 4587
f 4587 4581 4580
f 4587 4580 4585
f 4588 4579 4580
f 4588 4580 4585
f 4588 4542 4541
f 4588 4541 4585
f 4589 4547 4548
f 4589 4548 4590
f 4590 4589 4591
f 4590 4591 4592
f 4592 4586 4584
f 4592 4584 4590
f 4584 4540 4590
f 4540 4548 4590
f 4593 4552 4553
f 4593 4553 4594
f 4593 4302 4306
f 4593 4306 4594
f 4595 4305 4306
f 4595 4306 4594
f 4595 4591 4589
f 4595 4589 4594
f 4589 4547 4594
f 4547 4553 4594
f 4557 4293 4596
f 4293 4308 4596
f 4308 4302 4596
f 4302 4593 4596
f 4593 4552 4596
f 4552 4557 4596
f 4300 4562 4597
f 4300 4310 4597
f 4565 4566 4598
f 4565 4598 4599
f 4312 4314 4598
f 4312 4598 4599
f 4314 4310 4598
f 4310 4597 4598
f 4597 4562 4598
f 4562 4566 4598
f 4570 4571 4600
f 4570 4600 4601
f 4601 4316 4318
f 4601 4318 4600
f 4318 4312 4600
f 4312 4599 4600
f 4599 4565 4600
f 4565 4571 4600
f 4602 4575 4576
f 4602 4576 4603
f 4602 4320 4322
f 4602 4322 4603
f 4322 4316 4603
f 4316 4601 4603
f 4601 4570 4603
f 4570 4576 4603
f 4604 4581 4582
f 4604 4582 4605
f 4604 4324 4326
f 4604 4326 4605
f 4326 4320 4605
f 4320 4602 4605
f 4602 4575 4605
f 4575 4582 4605
f 4606 4586 4587
f 4606 4587 4607
f 4606 4328 4330
f 4606 4330 4607
f 4330 4324 4607
f 4324 4604 4607
f 4604 4581 4607
f 4581 4587 4607
f 4608 4591 4592
f 4608 4592 4609
f 4608 4332 4334
f 4608 4334 4609
f 4334 4328 4609
f 4328 4606 4609
f 4606 4586 4609
f 4586 4592 4609
f 4595 4305 4610
f 4305 4336 4610
f 4336 4332 4610
f 4332 4608 4610
f 4608 4591 4610
f 4591 4595 4610
f 4355 4353 4611
f 4355 4354 4611
f 4357 4356 4612
f 4613 4612 4357
f 4613 4357 4353
f 4353 4611 4613
f 4359 4358 4614
f 4615 4614 4359
f 4615 4359 4356
f 4356 4612 4615
f 4358 4364 4616
f 4358 4614 4616
f 4377 4375 4617
f 4377 4376 4617
f 4618 4619 4620
f 4620 4378 4379
f 4620 4379 4618
f 4379 4375 4618
f 4621 4617 4375
f 4621 4375 4618
f 4618 4621 4622
f 4618 4622 4619
f 4611 4354 4623
f 4611 4623 4624
f 4354 4380 4623
f 4380 4378 4623
f 4378 4620 4623
f 4619 4620 4623
f 4619 4623 4625
f 4623 4625 4624
f 4613 4612 4626
f 4611 4624 4627
f 4627 4611 4613
f 4627 4613 4626
f 4615 4614 4628
f 4612 4626 4629
f 4628 4629 4612
f 4628 4612 4615
f 4630 4616 4364
f 4630 4364 4631
f 4364 4381 4631
f 4614 4628 4632
f 4632 4614 4616
f 4632 4616 4630
f 4383 4382 4633
f 4634 4633 4383
f 4634 4383 4381
f 4634 4381 4631
f 4634 4631 4635
f 4631 4630 4635
f 4382 4388 4636
f 4382 4633 4636
f 4399 4397 4637
f 4399 4398 4637
f 4638 4617 4376
f 4638 4376 4639
f 4376 4400 4639
f 4400 4397 4639
f 4640 4637 4397
f 4640 4397 4639
f 4639 4640 4641
f 4639 4641 4638
f 4617 4638 4642
f 4617 4621 4642
f 4634 4633 4643
f 4634 4635 4643
f 4636 4388 4644
f 4401 4388 4644
f 4401 4644 4645
f 4644 4645 4646
f 4644 4646 4647
f 4643 4633 4644
f 4643 4644 4647
f 4633 4636 4644
f 4401 4406 4648
f 4401 4645 4648
f 4415 4413 4649
f 4415 4414 4649
f 4650 4637 4398
f 4650 4398 4651
f 4398 4416 4651
f 4416 4413 4651
f 4652 4649 4413
f 4652 4413 4651
f 4651 4652 4653
f 4651 4653 4650
f 4637 4650 4654
f 4637 4640 4654
f 4646 4645 4655
f 4646 4647 4655
f 4648 4406 4656
f 4657 4417 4406
f 4657 4406 4656
f 4656 4657 4658
f 4656 4658 4659
f 4659 4655 4645
f 4659 4645 4656
f 4645 4648 4656
f 4417 4422 4660
f 4417 4657 4660
f 4414 4649 4661
f 4662 4661 4414
f 4662 4414 4428
f 4428 4427 4662
f 4661 4662 4663
f 4663 4661 4649
f 4663 4649 4664
f 4649 4652 4664
f 4665 4657 4658
f 4665 4658 4666
f 4666 4665 4667
f 4666 4667 4668
f 4666 4668 4669
f 4666 4669 4670
f 4659 4658 4666
f 4659 4666 4670
f 4660 4422 4671
f 4422 4434 4671
f 4433 4434 4671
f 4433 4671 4672
f 4667 4665 4671
f 4667 4671 4672
f 4665 4657 4671
f 4657 4660 4671
f 4427 4662 4673
f 4674 4673 4427
f 4674 4427 4440
f 4440 4439 4674
f 4673 4674 4675
f 4675 4673 4662
f 4675 4662 4676
f 4662 4663 4676
f 4677 4667 4668
f 4677 4668 4678
f 4678 4677 4679
f 4678 4679 4680
f 4678 4680 4681
f 4678 4681 4682
f 4669 4668 4678
f 4669 4678 4682
f 4672 4433 4683
f 4433 4446 4683
f 4684 4445 4446
f 4684 4446 4683
f 4684 4679 4677
f 4684 4677 4683
f 4677 4667 4683
f 4667 4672 4683
f 4439 4674 4685
f 4686 4685 4439
f 4686 4439 4452
f 4452 4451 4686
f 4685 4686 4687
f 4687 4685 4674
f 4687 4674 4688
f 4674 4675 4688
f 4689 4679 4680
f 4689 4680 4690
f 4690 4689 4691
f 4690 4691 4692
f 4690 4692 4693
f 4690 4693 4694
f 4694 4681 4680
f 4694 4680 4690
f 4684 4445 4695
f 4445 4458 4695
f 4696 4457 4458
f 4696 4458 4695
f 4696 4691 4689
f 4696 4689 4695
f 4689 4679 4695
f 4679 4684 4695
f 4451 4686 4697
f 4697 4451 4464
f 4697 4464 4698
f 4464 4463 4698
f 4697 4698 4699
f 4699 4697 4686
f 4699 4686 4700
f 4686 4687 4700
f 4701 4691 4692
f 4701 4692 4702
f 4702 4701 4703
f 4702 4703 4704
f 4702 4704 4705
f 4702 4705 4706
f 4706 4693 4692
f 4706 4692 4702
f 4696 4457 4707
f 4457 4470 4707
f 4708 4469 4470
f 4708 4470 4707
f 4708 4703 4701
f 4708 4701 4707
f 4701 4691 4707
f 4691 4696 4707
f 4463 4698 4709
f 4463 4476 4709
f 4710 4711 4712
f 4710 4712 4713
f 4480 4476 4710
f 4480 4710 4713
f 4476 4709 4710
f 4709 4698 4710
f 4699 4698 4710
f 4699 4710 4711
f 4712 4713 4714
f 4712 4711 4714
f 4715 4716 4717
f 4715 4717 4718
f 4715 4718 4719
f 4715 4719 4720
f 4715 4720 4721
f 4715 4721 4716
f 4722 4703 4704
f 4722 4704 4723
f 4722 4482 4487
f 4722 4487 4723
f 4724 4486 4487
f 4724 4487 4723
f 4724 4718 4717
f 4724 4717 4723
f 4725 4716 4717
f 4725 4717 4723
f 4725 4705 4704
f 4725 4704 4723
f 4708 4469 4726
f 4469 4492 4726
f 4492 4482 4726
f 4482 4722 4726
f 4722 4703 4726
f 4703 4708 4726
f 4480 4713 4727
f 4480 4500 4727
f 4728 4729 4730
f 4728 4730 4731
f 4731 4504 4500
f 4731 4500 4728
f 4500 4727 4728
f 4727 4713 4728
f 4714 4713 4728
f 4714 4728 4729
f 4730 4731 4732
f 4730 4729 4732
f 4733 4734 4735
f 4733 4735 4736
f 4733 4736 4737
f 4733 4737 4738
f 4733 4738 4739
f 4733 4739 4734
f 4740 4718 4719
f 4740 4719 4741
f 4740 4506 4511
f 4740 4511 4741
f 4742 4510 4511
f 4742 4511 4741
f 4742 4736 4735
f 4742 4735 4741
f 4743 4734 4735
f 4743 4735 4741
f 4743 4720 4719
f 4743 4719 4741
f 4724 4486 4744
f 4486 4516 4744
f 4516 4506 4744
f 4506 4740 4744
f 4740 4718 4744
f 4718 4724 4744
f 4504 4731 4745
f 4504 4526 4745
f 4746 4747 4748
f 4748 4531 4535
f 4748 4535 4746
f 4535 4526 4746
f 4526 4745 4746
f 4745 4731 4746
f 4747 4732 4731
f 4747 4731 4746
f 4749 4750 4751
f 4749 4751 4752
f 4752 4536 4531
f 4752 4531 4749
f 4531 4748 4749
f 4753 4747 4748
f 4753 4748 4749
f 4749 4753 4750
f 4754 4755 4756
f 4754 4756 4757
f 4754 4757 4758
f 4758 4752 4751
f 4758 4751 4754
f 4759 4750 4751
f 4759 4751 4754
f 4754 4759 4755
f 4760 4761 4762
f 4760 4762 4763
f 4760 4763 4764
f 4764 4757 4756
f 4764 4756 4760
f 4765 4755 4756
f 4765 4756 4760
f 4760 4765 4761
f 4766 4767 4768
f 4768 4538 4543
f 4768 4543 4766
f 4769 4542 4543
f 4769 4543 4766
f 4769 4763 4762
f 4769 4762 4766
f 4770 4761 4762
f 4770 4762 4766
f 4766 4770 4767
f 4771 4736 4737
f 4771 4737 4772
f 4771 4545 4549
f 4771 4549 4772
f 4549 4538 4772
f 4538 4768 4772
f 4773 4767 4768
f 4773 4768 4772
f 4773 4738 4737
f 4773 4737 4772
f 4742 4510 4774
f 4510 4554 4774
f 4554 4545 4774
f 4545 4771 4774
f 4771 4736 4774
f 4736 4742 4774
f 4536 4752 4775
f 4536 4568 4775
f 4757 4758 4776
f 4757 4776 4777
f 4573 4577 4776
f 4573 4776 4777
f 4577 4568 4776
f 4568 4775 4776
f 4775 4752 4776
f 4752 4758 4776
f 4778 4763 4764
f 4778 4764 4779
f 4778 4579 4583
f 4778 4583 4779
f 4583 4573 4779
f 4573 4777 4779
f 4777 4757 4779
f 4757 4764 4779
f 4769 4542 4780
f 4542 4588 4780
f 4588 4579 4780
f 4579 4778 4780
f 4778 4763 4780
f 4763 4769 4780
f 4781 4782 4783
f 4619 4622 4781
f 4619 4781 4783
f 4784 4621 4622
f 4784 4622 4781
f 4781 4784 4785
f 4781 4785 4786
f 4781 4786 4782
f 4787 4788 4789
f 4789 4624 4625
f 4789 4625 4787
f 4625 4619 4787
f 4619 4783 4787
f 4790 4782 4783
f 4790 4783 4787
f 4787 4790 4788
f 4791 4792 4793
f 4793 4626 4627
f 4793 4627 4791
f 4627 4624 4791
f 4624 4789 4791
f 4788 4789 4791
f 4788 4791 4794
f 4791 4794 4792
f 4795 4796 4797
f 4628 4629 4795
f 4628 4795 4797
f 4629 4626 4795
f 4626 4793 4795
f 4792 4793 4795
f 4792 4795 4798
f 4795 4798 4796
f 4799 4800 4801
f 4630 4632 4799
f 4630 4799 4801
f 4632 4628 4799
f 4628 4797 4799
f 4796 4797 4799
f 4796 4799 4802
f 4799 4802 4800
f 4630 4635 4803
f 4803 4630 4801
f 4803 4801 4804
f 4801 4800 4804
f 4805 4806 4807
f 4807 4638 4641
f 4807 4641 4805
f 4808 4640 4641
f 4808 4641 4805
f 4805 4808 4809
f 4805 4809 4810
f 4805 4810 4806
f 4784 4621 4811
f 4621 4642 4811
f 4642 4638 4811
f 4638 4807 4811
f 4806 4807 4811
f 4806 4811 4812
f 4785 4784 4811
f 4785 4811 4812
f 4813 4803 4635
f 4813 4635 4814
f 4635 4643 4814
f 4803 4804 4813
f 4643 4647 4815
f 4815 4643 4814
f 4815 4814 4816
f 4814 4813 4816
f 4817 4818 4819
f 4819 4650 4653
f 4819 4653 4817
f 4652 4653 4817
f 4652 4817 4820
f 4817 4820 4821
f 4817 4821 4822
f 4817 4822 4818
f 4808 4640 4823
f 4640 4654 4823
f 4654 4650 4823
f 4650 4819 4823
f 4818 4819 4823
f 4818 4823 4824
f 4809 4808 4823
f 4809 4823 4824
f 4825 4815 4647
f 4825 4647 4826
f 4647 4655 4826
f 4815 4816 4825
f 4655 4659 4827
f 4827 4655 4826
f 4827 4826 4828
f 4826 4825 4828
f 4820 4652 4829
f 4652 4664 4829
f 4830 4663 4664
f 4830 4664 4829
f 4829 4830 4831
f 4829 4831 4832
f 4832 4821 4820
f 4832 4820 4829
f 4827 4659 4833
f 4659 4670 4833
f 4834 4669 4670
f 4834 4670 4833
f 4833 4834 4835
f 4833 4835 4836
f 4836 4828 4827
f 4836 4827 4833
f 4830 4663 4837
f 4663 4676 4837
f 4838 4675 4676
f 4838 4676 4837
f 4837 4838 4839
f 4837 4839 4840
f 4831 4830 4837
f 4831 4837 4840
f 4834 4669 4841
f 4669 4682 4841
f 4842 4681 4682
f 4842 4682 4841
f 4841 4842 4843
f 4841 4843 4844
f 4844 4835 4834
f 4844 4834 4841
f 4838 4675 4845
f 4675 4688 4845
f 4687 4688 4845
f 4687 4845 4846
f 4845 4846 4847
f 4845 4847 4848
f 4839 4838 4845
f 4839 4845 4848
f 4842 4681 4849
f 4681 4694 4849
f 4850 4693 4694
f 4850 4694 4849
f 4849 4850 4851
f 4849 4851 4852
f 4852 4843 4842
f 4852 4842 4849
f 4853 4854 4846
f 4853 4846 4687
f 4855 4853 4687
f 4855 4687 4700
f 4700 4699 4855
f 4846 4847 4854
f 4853 4855 4856
f 4853 4854 4856
f 4857 4858 4859
f 4857 4859 4860
f 4857 4860 4861
f 4857 4861 4862
f 4857 4862 4863
f 4857 4863 4858
f 4850 4693 4864
f 4693 4706 4864
f 4865 4705 4706
f 4865 4706 4864
f 4865 4860 4859
f 4865 4859 4864
f 4866 4858 4859
f 4866 4859 4864
f 4866 4851 4850
f 4866 4850 4864
f 4699 4855 4867
f 4699 4711 4867
f 4711 4714 4868
f 4869 4868 4711
f 4869 4711 4867
f 4870 4869 4867
f 4870 4867 4855
f 4855 4856 4870
f 4871 4860 4861
f 4871 4861 4872
f 4871 4716 4721
f 4871 4721 4872
f 4873 4720 4721
f 4873 4721 4872
f 4872 4873 4874
f 4872 4874 4875
f 4875 4862 4861
f 4875 4861 4872
f 4865 4705 4876
f 4705 4725 4876
f 4725 4716 4876
f 4716 4871 4876
f 4871 4860 4876
f 4860 4865 4876
f 4877 4878 4868
f 4877 4868 4714
f 4714 4729 4877
f 4868 4869 4878
f 4879 4880 4881
f 4879 4881 4882
f 4882 4732 4729
f 4882 4729 4879
f 4729 4877 4879
f 4883 4878 4877
f 4883 4877 4879
f 4879 4883 4880
f 4881 4882 4884
f 4881 4880 4884
f 4885 4886 4887
f 4885 4887 4888
f 4885 4888 4889
f 4885 4889 4890
f 4885 4890 4891
f 4885 4891 4886
f 4892 4893 4894
f 4894 4734 4739
f 4894 4739 4892
f 4895 4738 4739
f 4895 4739 4892
f 4895 4888 4887
f 4895 4887 4892
f 4896 4886 4887
f 4896 4887 4892
f 4892 4896 4893
f 4873 4720 4897
f 4720 4743 4897
f 4743 4734 4897
f 4734 4894 4897
f 4898 4893 4894
f 4898 4894 4897
f 4898 4874 4873
f 4898 4873 4897
f 4732 4882 4899
f 4732 4747 4899
f 4900 4901 4902
f 4750 4753 4900
f 4750 4900 4902
f 4753 4747 4900
f 4747 4899 4900
f 4899 4882 4900
f 4901 4884 4882
f 4901 4882 4900
f 4903 4904 4905
f 4905 4755 4759
f 4905 4759 4903
f 4759 4750 4903
f 4750 4902 4903
f 4906 4901 4902
f 4906 4902 4903
f 4903 4906 4904
f 4907 4908 4909
f 4909 4761 4765
f 4909 4765 4907
f 4765 4755 4907
f 4755 4905 4907
f 4910 4904 4905
f 4910 4905 4907
f 4907 4910 4908
f 4911 4888 4889
f 4911 4889 4912
f 4911 4767 4770
f 4911 4770 4912
f 4770 4761 4912
f 4761 4909 4912
f 4913 4908 4909
f 4913 4909 4912
f 4913 4890 4889
f 4913 4889 4912
f 4895 4738 4914
f 4738 4773 4914
f 4773 4767 4914
f 4767 4911 4914
f 4911 4888 4914
f 4888 4895 4914
f 4786 4782 4915
f 4786 4785 4915
f 4790 4788 4916
f 4916 4790 4782
f 4916 4782 4917
f 4782 4915 4917
f 4794 4792 4918
f 4918 4794 4788
f 4918 4788 4919
f 4788 4916 4919
f 4798 4796 4920
f 4920 4798 4792
f 4920 4792 4921
f 4792 4918 4921
f 4802 4800 4922
f 4923 4922 4802
f 4923 4802 4796
f 4796 4920 4923
f 4800 4804 4924
f 4800 4922 4924
f 4810 4806 4925
f 4810 4809 4925
f 4785 4915 4926
f 4927 4926 4785
f 4927 4785 4812
f 4927 4812 4806
f 4927 4806 4928
f 4806 4925 4928
f 4917 4916 4929
f 4926 4927 4930
f 4931 4930 4926
f 4931 4926 4915
f 4929 4931 4915
f 4929 4915 4917
f 4919 4918 4932
f 4916 4929 4933
f 4932 4933 4916
f 4932 4916 4919
f 4921 4920 4934
f 4918 4932 4935
f 4934 4935 4918
f 4934 4918 4921
f 4936 4922 4923
f 4936 4923 4937
f 4937 4936 4938
f 4937 4938 4939
f 4937 4939 4940
f 4940 4934 4920
f 4940 4920 4937
f 4920 4923 4937
f 4924 4804 4941
f 4813 4804 4941
f 4813 4941 4942
f 4941 4942 4943
f 4938 4936 4941
f 4938 4941 4943
f 4936 4922 4941
f 4922 4924 4941
f 4813 4816 4944
f 4813 4942 4944
f 4822 4818 4945
f 4822 4821 4945
f 4809 4925 4946
f 4947 4946 4809
f 4947 4809 4824
f 4947 4824 4818
f 4947 4818 4948
f 4818 4945 4948
f 4928 4927 4949
f 4946 4947 4950
f 4951 4950 4946
f 4951 4946 4925
f 4951 4925 4928
f 4951 4928 4949
f 4927 4949 4952
f 4927 4930 4952
f 4939 4938 4953
f 4939 4940 4953
f 4942 4943 4954
f 4942 4954 4955
f 4954 4955 4956
f 4954 4956 4957
f 4954 4957 4958
f 4958 4953 4938
f 4958 4938 4954
f 4938 4943 4954
f 4944 4816 4959
f 4960 4825 4816
f 4960 4816 4959
f 4959 4960 4961
f 4961 4956 4955
f 4961 4955 4959
f 4955 4942 4959
f 4942 4944 4959
f 4825 4828 4962
f 4825 4960 4962
f 4821 4945 4963
f 4964 4963 4821
f 4964 4821 4832
f 4832 4831 4964
f 4948 4947 4965
f 4963 4964 4966
f 4967 4966 4963
f 4967 4963 4945
f 4965 4967 4945
f 4965 4945 4948
f 4947 4965 4968
f 4947 4950 4968
f 4957 4956 4969
f 4957 4958 4969
f 4970 4960 4961
f 4970 4961 4971
f 4971 4970 4972
f 4971 4972 4973
f 4971 4973 4974
f 4974 4969 4956
f 4974 4956 4971
f 4956 4961 4971
f 4962 4828 4975
f 4828 4836 4975
f 4835 4836 4975
f 4835 4975 4976
f 4972 4970 4975
f 4972 4975 4976
f 4970 4960 4975
f 4960 4962 4975
f 4831 4964 4977
f 4977 4831 4840
f 4977 4840 4978
f 4840 4839 4978
f 4977 4978 4979
f 4980 4979 4977
f 4980 4977 4964
f 4964 4966 4980
f 4981 4972 4973
f 4981 4973 4982
f 4982 4981 4983
f 4982 4983 4984
f 4982 4984 4985
f 4982 4985 4986
f 4986 4974 4973
f 4986 4973 4982
f 4976 4835 4987
f 4835 4844 4987
f 4988 4843 4844
f 4988 4844 4987
f 4988 4983 4981
f 4988 4981 4987
f 4981 4972 4987
f 4972 4976 4987
f 4839 4978 4989
f 4989 4839 4848
f 4989 4848 4990
f 4848 4847 4990
f 4991 4992 4993
f 4991 4993 4994
f 4991 4994 4995
f 4990 4989 4991
f 4990 4991 4995
f 4989 4978 4991
f 4992 4979 4978
f 4992 4978 4991
f 4993 4994 4996
f 4993 4992 4996
f 4997 4998 4999
f 4997 4999 5000
f 4997 5000 5001
f 4997 5001 5002
f 4997 5002 5003
f 4997 5003 4998
f 5004 4983 4984
f 5004 4984 5005
f 5005 5004 5006
f 5005 5006 5007
f 5007 5000 4999
f 5007 4999 5005
f 5008 4998 4999
f 5008 4999 5005
f 5008 4985 4984
f 5008 4984 5005
f 4988 4843 5009
f 4843 4852 5009
f 5010 4851 4852
f 5010 4852 5009
f 5010 5006 5004
f 5010 5004 5009
f 5004 4983 5009
f 4983 4988 5009
f 4847 4990 5011
f 4847 4854 5011
f 5012 4994 4995
f 5012 4995 5013
f 5013 5012 5014
f 5014 4856 4854
f 5014 4854 5013
f 4854 5011 5013
f 5011 4990 5013
f 4990 4995 5013
f 5015 5016 5017
f 5015 5017 5018
f 5015 5018 5019
f 5014 5012 5015
f 5014 5015 5019
f 5012 4994 5015
f 4996 4994 5015
f 4996 5015 5016
f 5017 5018 5020
f 5017 5016 5020
f 5021 5022 5023
f 5021 5023 5024
f 5021 5024 5025
f 5021 5025 5026
f 5021 5026 5027
f 5021 5027 5022
f 5028 5000 5001
f 5028 5001 5029
f 5029 5028 5030
f 5029 5030 5031
f 5031 5024 5023
f 5031 5023 5029
f 5032 5022 5023
f 5032 5023 5029
f 5032 5002 5001
f 5032 5001 5029
f 5033 5006 5007
f 5033 5007 5034
f 5033 4858 4863
f 5033 4863 5034
f 5035 4862 4863
f 5035 4863 5034
f 5035 5030 5028
f 5035 5028 5034
f 5028 5000 5034
f 5000 5007 5034
f 5010 4851 5036
f 4851 4866 5036
f 4866 4858 5036
f 4858 5033 5036
f 5033 5006 5036
f 5006 5010 5036
f 4856 5014 5037
f 5037 4856 4870
f 5037 4870 5038
f 4870 4869 5038
f 5039 5018 5019
f 5039 5019 5040
f 5040 5039 5041
f 5040 5041 5042
f 5042 5038 5037
f 5042 5037 5040
f 5037 5014 5040
f 5014 5019 5040
f 5043 5044 5045
f 5043 5045 5046
f 5043 5046 5047
f 5041 5039 5043
f 5041 5043 5047
f 5039 5018 5043
f 5044 5020 5018
f 5044 5018 5043
f 5048 5049 5050
f 5048 5050 5051
f 5048 5051 5052
f 5046 5045 5048
f 5046 5048 5052
f 5053 5044 5045
f 5053 5045 5048
f 5048 5053 5049
f 5054 5055 5056
f 5054 5056 5057
f 5054 5057 5058
f 5058 5051 5050
f 5058 5050 5054
f 5059 5049 5050
f 5059 5050 5054
f 5054 5059 5055
f 5060 5024 5025
f 5060 5025 5061
f 5061 5060 5062
f 5061 5062 5063
f 5063 5057 5056
f 5063 5056 5061
f 5064 5055 5056
f 5064 5056 5061
f 5064 5026 5025
f 5064 5025 5061
f 5065 5030 5031
f 5065 5031 5066
f 5066 5065 5067
f 5066 5067 5068
f 5068 5062 5060
f 5068 5060 5066
f 5060 5024 5066
f 5024 5031 5066
f 5035 4862 5069
f 4862 4875 5069
f 5070 4874 4875
f 5070 4875 5069
f 5070 5067 5065
f 5070 5065 5069
f 5065 5030 5069
f 5030 5035 5069
f 4869 5038 5071
f 4869 4878 5071
f 5041 5042 5072
f 5041 5072 5073
f 4880 4883 5072
f 4880 5072 5073
f 4883 4878 5072
f 4878 5071 5072
f 5071 5038 5072
f 5038 5042 5072
f 5074 5046 5047
f 5074 5047 5075
f 5075 5074 5076
f 5076 4884 4880
f 5076 4880 5075
f 4880 5073 5075
f 5073 5041 5075
f 5041 5047 5075
f 5077 5051 5052
f 5077 5052 5078
f 5078 5077 5079
f 5078 5079 5080
f 5080 5076 5074
f 5080 5074 5078
f 5074 5046 5078
f 5046 5052 5078
f 5081 5057 5058
f 5081 5058 5082
f 5082 5081 5083
f 5082 5083 5084
f 5084 5079 5077
f 5084 5077 5082
f 5077 5051 5082
f 5051 5058 5082
f 5085 5062 5063
f 5085 5063 5086
f 5085 4886 4891
f 5085 4891 5086
f 5087 4890 4891
f 5087 4891 5086
f 5087 5083 5081
f 5087 5081 5086
f 5081 5057 5086
f 5057 5063 5086
f 5088 5067 5068
f 5088 5068 5089
f 5088 4893 4896
f 5088 4896 5089
f 4896 4886 5089
f 4886 5085 5089
f 5085 5062 5089
f 5062 5068 5089
f 5070 4874 5090
f 4874 4898 5090
f 4898 4893 5090
f 4893 5088 5090
f 5088 5067 5090
f 5067 5070 5090
f 4884 5076 5091
f 4884 4901 5091
f 5079 5080 5092
f 5079 5092 5093
f 4904 4906 5092
f 4904 5092 5093
f 4906 4901 5092
f 4901 5091 5092
f 5091 5076 5092
f 5076 5080 5092
f 5094 5083 5084
f 5094 5084 5095
f 5094 4908 4910
f 5094 4910 5095
f 4910 4904 5095
f 4904 5093 5095
f 5093 5079 5095
f 5079 5084 5095
f 5087 4890 5096
f 4890 4913 5096
f 4913 4908 5096
f 4908 5094 5096
f 5094 5083 5096
f 5083 5087 5096
f 4931 4929 5097
f 4931 4930 5097
f 5098 5099 5100
f 4932 4933 5098
f 4932 5098 5100
f 4933 4929 5098
f 5101 5097 4929
f 5101 4929 5098
f 5098 5101 5102
f 5098 5102 5099
f 4935 4934 5103
f 5104 5103 4935
f 5104 4935 4932
f 5104 4932 5100
f 5104 5100 5105
f 5100 5099 5105
f 4934 4940 5106
f 4934 5103 5106
f 5107 5108 5109
f 5109 4949 4951
f 5109 4951 5107
f 5110 4950 4951
f 5110 4951 5107
f 5107 5110 5111
f 5107 5111 5112
f 5107 5112 5108
f 5113 5097 4930
f 5113 4930 5114
f 4930 4952 5114
f 4952 4949 5114
f 4949 5109 5114
f 5108 5109 5114
f 5108 5114 5115
f 5114 5115 5113
f 5097 5113 5116
f 5097 5101 5116
f 5104 5103 5117
f 5104 5105 5117
f 5118 5106 4940
f 5118 4940 5119
f 4940 4953 5119
f 5103 5117 5120
f 5120 5103 5106
f 5120 5106 5118
f 4953 4958 5121
f 5121 4953 5119
f 5121 5119 5122
f 5119 5118 5122
f 4967 4965 5123
f 4967 4966 5123
f 5110 4950 5124
f 4950 4968 5124
f 4968 4965 5124
f 5125 5123 4965
f 5125 4965 5124
f 5124 5125 5126
f 5111 5110 5124
f 5111 5124 5126
f 5121 4958 5127
f 5128 4969 4958
f 5128 4958 5127
f 5127 5128 5129
f 5127 5129 5130
f 5127 5130 5131
f 5122 5121 5127
f 5122 5127 5131
f 4969 4974 5132
f 4969 5128 5132
f 4966 5123 5133
f 5134 5133 4966
f 5134 4966 4980
f 4980 4979 5134
f 5133 5134 5135
f 5135 5133 5123
f 5135 5123 5136
f 5123 5125 5136
f 5137 5128 5129
f 5137 5129 5138
f 5138 5137 5139
f 5138 5139 5140
f 5138 5140 5141
f 5138 5141 5142
f 5142 5130 5129
f 5142 5129 5138
f 5132 4974 5143
f 4974 4986 5143
f 4985 4986 5143
f 4985 5143 5144
f 5139 5137 5143
f 5139 5143 5144
f 5137 5128 5143
f 5128 5132 5143
f 4979 5134 5145
f 4979 4992 5145
f 5146 5147 5148
f 5146 5148 5149
f 4996 4992 5146
f 4996 5146 5149
f 4992 5145 5146
f 5145 5134 5146
f 5135 5134 5146
f 5135 5146 5147
f 5148 5149 5150
f 5148 5147 5150
f 5151 5152 5153
f 5151 5153 5154
f 5151 5154 5155
f 5151 5155 5156
f 5151 5156 5157
f 5151 5157 5152
f 5158 5139 5140
f 5158 5140 5159
f 5158 4998 5003
f 5158 5003 5159
f 5160 5002 5003
f 5160 5003 5159
f 5160 5154 5153
f 5160 5153 5159
f 5161 5152 5153
f 5161 5153 5159
f 5161 5141 5140
f 5161 5140 5159
f 5144 4985 5162
f 4985 5008 5162
f 5008 4998 5162
f 4998 5158 5162
f 5158 5139 5162
f 5139 5144 5162
f 4996 5149 5163
f 4996 5016 5163
f 5164 5165 5166
f 5164 5166 5167
f 5167 5020 5016
f 5167 5016 5164
f 5016 5163 5164
f 5163 5149 5164
f 5165 5150 5149
f 5165 5149 5164
f 5168 5169 5170
f 5168 5170 5171
f 5168 5171 5172
f 5172 5167 5166
f 5172 5166 5168
f 5165 5166 5168
f 5165 5168 5173
f 5168 5173 5169
f 5174 5175 5176
f 5174 5176 5177
f 5174 5177 5178
f 5178 5171 5170
f 5178 5170 5174
f 5179 5169 5170
f 5179 5170 5174
f 5174 5179 5175
f 5180 5154 5155
f 5180 5155 5181
f 5180 5022 5027
f 5180 5027 5181
f 5182 5026 5027
f 5182 5027 5181
f 5182 5177 5176
f 5182 5176 5181
f 5183 5175 5176
f 5183 5176 5181
f 5183 5156 5155
f 5183 5155 5181
f 5160 5002 5184
f 5002 5032 5184
f 5032 5022 5184
f 5022 5180 5184
f 5180 5154 5184
f 5154 5160 5184
f 5020 5167 5185
f 5020 5044 5185
f 5186 5171 5172
f 5186 5172 5187
f 5186 5049 5053
f 5186 5053 5187
f 5053 5044 5187
f 5044 5185 5187
f 5185 5167 5187
f 5167 5172 5187
f 5188 5177 5178
f 5188 5178 5189
f 5188 5055 5059
f 5188 5059 5189
f 5059 5049 5189
f 5049 5186 5189
f 5186 5171 5189
f 5171 5178 5189
f 5182 5026 5190
f 5026 5064 5190
f 5064 5055 5190
f 5055 5188 5190
f 5188 5177 5190
f 5177 5182 5190
f 5102 5099 5191
f 5102 5101 5191
f 5099 5105 5192
f 5099 5191 5192
f 5112 5108 5193
f 5112 5111 5193
f 5194 5195 5196
f 5196 5113 5115
f 5196 5115 5194
f 5115 5108 5194
f 5197 5193 5108
f 5197 5108 5194
f 5194 5197 5198
f 5194 5198 5195
f 5199 5191 5101
f 5199 5101 5200
f 5101 5116 5200
f 5116 5113 5200
f 5113 5196 5200
f 5195 5196 5200
f 5195 5200 5201
f 5200 5201 5199
f 5202 5192 5105
f 5202 5105 5203
f 5105 5117 5203
f 5191 5199 5204
f 5204 5191 5192
f 5204 5192 5202
f 5120 5118 5205
f 5206 5205 5120
f 5206 5120 5117
f 5206 5117 5203
f 5206 5203 5207
f 5203 5202 5207
f 5118 5122 5208
f 5118 5205 5208
f 5209 5193 5111
f 5209 5111 5210
f 5111 5126 5210
f 5211 5125 5126
f 5211 5126 5210
f 5210 5211 5212
f 5210 5212 5213
f 5210 5213 5209
f 5193 5209 5214
f 5193 5197 5214
f 5206 5205 5215
f 5206 5207 5215
f 5208 5122 5216
f 5122 5131 5216
f 5217 5130 5131
f 5217 5131 5216
f 5216 5217 5218
f 5218 5215 5205
f 5218 5205 5216
f 5205 5208 5216
f 5211 5125 5219
f 5125 5136 5219
f 5135 5136 5219
f 5135 5219 5220
f 5219 5220 5221
f 5219 5221 5222
f 5212 5211 5219
f 5212 5219 5222
f 5217 5130 5223
f 5130 5142 5223
f 5224 5141 5142
f 5224 5142 5223
f 5223 5224 5225
f 5223 5225 5226
f 5226 5218 5217
f 5226 5217 5223
f 5227 5228 5220
f 5227 5220 5135
f 5135 5147 5227
f 5220 5221 5228
f 5147 5150 5229
f 5230 5229 5147
f 5230 5147 5227
f 5227 5228 5230
f 5231 5232 5233
f 5233 5152 5157
f 5233 5157 5231
f 5234 5156 5157
f 5234 5157 5231
f 5231 5234 5235
f 5231 5235 5236
f 5231 5236 5232
f 5224 5141 5237
f 5141 5161 5237
f 5161 5152 5237
f 5152 5233 5237
f 5238 5232 5233
f 5238 5233 5237
f 5238 5225 5224
f 5238 5224 5237
f 5239 5240 5229
f 5239 5229 5150
f 5150 5165 5239
f 5229 5230 5240
f 5241 5242 5243
f 5243 5169 5173
f 5243 5173 5241
f 5173 5165 5241
f 5165 5239 5241
f 5244 5240 5239
f 5244 5239 5241
f 5241 5244 5242
f 5245 5246 5247
f 5247 5175 5179
f 5247 5179 5245
f 5179 5169 5245
f 5169 5243 5245
f 5248 5242 5243
f 5248 5243 5245
f 5245 5248 5246
f 5234 5156 5249
f 5156 5183 5249
f 5183 5175 5249
f 5175 5247 5249
f 5250 5246 5247
f 5250 5247 5249
f 5250 5235 5234
f 5250 5234 5249
f 5198 5195 5251
f 5198 5197 5251
f 5201 5199 5252
f 5252 5201 5195
f 5252 5195 5253
f 5195 5251 5253
f 5204 5202 5254
f 5254 5204 5199
f 5254 5199 5255
f 5199 5252 5255
f 5202 5207 5256
f 5202 5254 5256
f 5213 5209 5257
f 5213 5212 5257
f 5197 5251 5258
f 5259 5258 5197
f 5259 5197 5214
f 5260 5259 5214
f 5260 5214 5209
f 5209 5257 5260
f 5253 5252 5261
f 5258 5259 5262
f 5263 5262 5258
f 5263 5258 5251
f 5261 5263 5251
f 5261 5251 5253
f 5254 5255 5264
f 5254 5264 5265
f 5264 5265 5266
f 5264 5266 5267
f 5264 5267 5268
f 5261 5252 5264
f 5261 5264 5268
f 5252 5255 5264
f 5256 5207 5269
f 5270 5215 5207
f 5270 5207 5269
f 5269 5270 5271
f 5271 5266 5265
f 5271 5265 5269
f 5265 5254 5269
f 5254 5256 5269
f 5215 5218 5272
f 5215 5270 5272
f 5212 5257 5273
f 5273 5212 5222
f 5273 5222 5274
f 5222 5221 5274
f 5275 5259 5260
f 5275 5260 5276
f 5276 5275 5277
f 5276 5277 5278
f 5278 5274 5273
f 5278 5273 5276
f 5273 5257 5276
f 5257 5260 5276
f 5279 5280 5281
f 5279 5281 5282
f 5279 5282 5283
f 5277 5275 5279
f 5277 5279 5283
f 5275 5259 5279
f 5262 5259 5279
f 5262 5279 5280
f 5284 5266 5267
f 5284 5267 5285
f 5285 5284 5286
f 5285 5286 5287
f 5287 5282 5281
f 5287 5281 5285
f 5288 5280 5281
f 5288 5281 5285
f 5288 5268 5267
f 5288 5267 5285
f 5289 5270 5271
f 5289 5271 5290
f 5290 5289 5291
f 5290 5291 5292
f 5292 5286 5284
f 5292 5284 5290
f 5284 5266 5290
f 5266 5271 5290
f 5272 5218 5293
f 5218 5226 5293
f 5294 5225 5226
f 5294 5226 5293
f 5294 5291 5289
f 5294 5289 5293
f 5289 5270 5293
f 5270 5272 5293
f 5221 5274 5295
f 5221 5228 5295
f 5277 5278 5296
f 5277 5296 5297
f 5296 5297 5298
f 5298 5230 5228
f 5298 5228 5296
f 5228 5295 5296
f 5295 5274 5296
f 5274 5278 5296
f 5299 5282 5283
f 5299 5283 5300
f 5300 5299 5301
f 5300 5301 5302
f 5302 5298 5297
f 5302 5297 5300
f 5297 5277 5300
f 5277 5283 5300
f 5303 5286 5287
f 5303 5287 5304
f 5304 5303 5305
f 5304 5305 5306
f 5306 5301 5299
f 5306 5299 5304
f 5299 5282 5304
f 5282 5287 5304
f 5307 5291 5292
f 5307 5292 5308
f 5307 5232 5236
f 5307 5236 5308
f 5309 5235 5236
f 5309 5236 5308
f 5309 5305 5303
f 5309 5303 5308
f 5303 5286 5308
f 5286 5292 5308
f 5294 5225 5310
f 5225 5238 5310
f 5238 5232 5310
f 5232 5307 5310
f 5307 5291 5310
f 5291 5294 5310
f 5230 5298 5311
f 5230 5240 5311
f 5301 5302 5312
f 5301 5312 5313
f 5242 5244 5312
f 5242 5312 5313
f 5244 5240 5312
f 5240 5311 5312
f 5311 5298 5312
f 5298 5302 5312
f 5314 5305 5306
f 5314 5306 5315
f 5314 5246 5248
f 5314 5248 5315
f 5248 5242 5315
f 5242 5313 5315
f 5313 5301 5315
f 5301 5306 5315
f 5309 5235 5316
f 5235 5250 5316
f 5250 5246 5316
f 5246 5314 5316
f 5314 5305 5316
f 5305 5309 5316
f 5263 5261 5317
f 5263 5262 5317
f 5261 5268 5318
f 5261 5317 5318
f 5262 5317 5319
f 5262 5280 5319
f 5318 5268 5320
f 5268 5288 5320
f 5288 5280 5320
f 5280 5319 5320
f 5319 5317 5320
f 5317 5318 5320
