o normalized-product-additive-1-amplitude-0p25
v -0.1356243683102501 -0.07385248306565385 -0.7073695198651095
v -0.1352941176470588 -0.07394525886722496 -0.7071428571428572
v -0.1352941176470588 -0.07385248306565385 -0.7073695198651095
v -0.1352941176470588 -0.07352941176470584 -0.707376283808366
v -0.1356243683102501 -0.07352941176470584 -0.7073695198651095
v -0.13570221292338777 -0.07352941176470584 -0.7071428571428572
v -0.13562531605411282 -0.07385341020638914 -0.7071428571428572
v -0.11301336725537503 -0.11790949610020701 -0.7382793607560183
v -0.0676470588235294 -0.12746275816104893 -0.7071428571428572
v -0.0676470588235294 -0.11799658057868001 -0.7383404581202803
v -0.0676470588235294 -0.07352941176470584 -0.7395789508414272
v -0.1134526807778918 -0.07352941176470584 -0.7385808771798574
v -0.11663042965740997 -0.12144792671089337 -0.7071428571428572
v -0.05157439392610312 -0.12398262321415454 -0.7425401896200894
v 0 -0.13513263627745664 -0.7071428571428572
v 0 -0.12413603600412107 -0.742647822085431
v 0 -0.07352941176470584 -0.7440912687883643
v -0.05304120788489125 -0.07352941176470584 -0.7435469159706862
v -0.059085321995123466 -0.13133027023819618 -0.7071428571428572
v 0.022000673296459824 -0.11818348456292607 -0.7384715875822434
v 0.0676470588235294 -0.12746275816104893 -0.7071428571428572
v 0.0676470588235294 -0.11799658057868001 -0.7383404581202803
v 0.0676470588235294 -0.07352941176470584 -0.7395789508414272
v 0.01939495437966025 -0.07352941176470584 -0.7402599847270034
v 0.0070476180780566 -0.13281147336353794 -0.7071428571428572
v 0.1349619012895114 -0.07385440602752394 -0.7073708689907391
v 0.1352941176470588 -0.07394525886722496 -0.7071428571428572
v 0.1352941176470588 -0.07385248306565385 -0.7073695198651095
v 0.1352941176470588 -0.07352941176470584 -0.707376283808366
v 0.13491838368007075 -0.07352941176470584 -0.7074007366667837
v 0.13458364845661153 -0.07422443597275209 -0.7071428571428572
v 0.13570221292338777 -0.07352941176470584 -0.7071428571428572
v -0.1352941176470588 -0.04456818978666519 -0.7332526029931842
v -0.17284351011702223 -0.044086042505782574 -0.7329143345834221
v -0.1352941176470588 -0.007352941176470562 -0.733854369809417
v -0.17284351011702223 -0.007352941176470562 -0.7329143345834221
v -0.17984236930445033 -0.007352941176470562 -0.7071428571428572
v -0.17634452340318235 -0.04751094680746093 -0.7071428571428572
v -0.0676470588235294 -0.06342204284899676 -0.7464802268877089
v -0.12405459226729892 -0.06253422389320164 -0.7458573443822145
v -0.0676470588235294 -0.007352941176470562 -0.7477730690286624
v -0.12454120459370867 -0.007352941176470562 -0.7461913236497193
v 0 -0.06637430060840263 -0.7485514934427205
v -0.05985898435845566 -0.06591064326626414 -0.7482261973391885
v 0 -0.007352941176470562 -0.7502880845663756
v -0.06132999564963041 -0.007352941176470562 -0.7492358044676035
v 0.0676470588235294 -0.06342204284899676 -0.7464802268877089
v 0.00972836207117357 -0.0640125358255143 -0.7468945092617101
v 0.0676470588235294 -0.007352941176470562 -0.7477730690286624
v 0.006452260603164515 -0.007352941176470562 -0.7491430136854057
v 0.1352941176470588 -0.04456818978666519 -0.7332526029931842
v 0.09559615746433547 -0.04618790222478685 -0.7343889726719933
v 0.1352941176470588 -0.007352941176470562 -0.733854369809417
v 0.09185730118527373 -0.007352941176470562 -0.7369550821057593
v 0.17984236930445038 -0.007352941176470562 -0.7071428571428572
v 0.1358032830810306 -0.07303131514451602 -0.7071428571428572
v -0.16702507846523756 0.027782372089633342 -0.7289209389466382
v -0.1352941176470588 0.026421641050881538 -0.7298756105643022
v -0.1352941176470588 0.05882352941176472 -0.7295546520839625
v -0.16702507846523756 0.05882352941176472 -0.7289209389466382
v -0.1724127788709167 0.05882352941176472 -0.7071428571428572
v -0.17434660449516273 0.02062000966905439 -0.7071428571428572
v -0.0676470588235294 0.0022298546695883725 -0.7468482606921301
v -0.12290310859129987 0.00476869811720664 -0.745067040368563
v -0.0676470588235294 0.05882352941176472 -0.7462621491574023
v -0.12262055751669323 0.05882352941176472 -0.7448731155626994
v 0 -0.0019658451587685824 -0.7497919104129773
v -0.06040207290460771 -0.00026545495143847665 -0.7485989382357712
v 0 0.05882352941176472 -0.7491267063309088
v -0.05974007737788192 0.05882352941176472 -0.7481445872686705
v 0.007521813198026354 0.0000053543433378277355 -0.7484089418734042
v 0.0676470588235294 0.0022298546695883725 -0.7468482606921301
v 0.0676470588235294 0.05882352941176472 -0.7462621491574023
v 0.008795472682485858 0.05882352941176472 -0.7475347842769274
v 0.09744064929517794 0.021792962545794325 -0.7331230326266015
v 0.1352941176470588 0.026421641050881538 -0.7298756105643022
v 0.1352941176470588 0.05882352941176472 -0.7295546520839625
v 0.09909043421995262 0.05882352941176472 -0.731990726824194
v 0.17241277887091674 0.05882352941176472 -0.7071428571428572
v 0.1780432567544206 0.0344668688198615 -0.7071428571428572
v -0.1352941176470588 0.10105924901732 -0.7071428571428572
v -0.0989912995570407 0.09433715580417373 -0.7286555192611988
v -0.0676470588235294 0.09086531883165319 -0.7310913159943004
v -0.0676470588235294 0.125 -0.7284825386523532
v -0.0980790032307 0.125 -0.7280293779937413
v -0.1095951901365683 0.125 -0.7071428571428572
v -0.04585848765046947 0.08013843599410594 -0.7386171607787384
v 0 0.07704733901292155 -0.7407858351687122
v 0 0.125 -0.7365579865715874
v -0.0424095935280918 0.125 -0.7362500626388456
v 0.029009796859050734 0.08720267851301 -0.7336609779321422
v 0.0676470588235294 0.09086531883165319 -0.7310913159943004
v 0.0676470588235294 0.125 -0.7284825386523532
v 0.03607615810628741 0.125 -0.7288110840326413
v 0.1352941176470588 0.10105924901732 -0.7071428571428572
v 0.1095951901365683 0.125 -0.7071428571428572
v 0.1279414948799072 0.11780721685822126 -0.7071428571428572
v 0.1678911703901068 0.09071195057344202 -0.7071428571428572
v -0.0676470588235294 0.15716851538012763 -0.7071428571428572
v 0 0.16934336867730032 -0.7071428571428572
v -0.03335621714687281 0.15854538859672926 -0.7071428571428572
v 0.0676470588235294 0.15716851538012763 -0.7071428571428572
v 0.044066780167009406 0.1681088066851179 -0.7071428571428572
v 0.09830224735998257 0.15498877139435635 -0.7071428571428572
v -0.08750906991678267 -0.15913611059634108 -0.6743462871167981
v -0.0676470588235294 -0.16126233964174028 -0.6607142857142858
v -0.0676470588235294 -0.15931433496786326 -0.6744713270726914
v -0.0676470588235294 -0.13970588235294112 -0.6826974433488475
v -0.09124648145380282 -0.13970588235294112 -0.6769114049729518
v -0.09969785505230508 -0.13970588235294112 -0.6607142857142858
v -0.08771925911172267 -0.15934173046095632 -0.6607142857142858
v -0.034558150942721674 -0.17351276914473412 -0.6844327681936072
v 0 -0.17716115472065594 -0.6607142857142858
v 0 -0.17395576202904456 -0.6847435663759329
v 0 -0.13970588235294112 -0.6984707440778763
v -0.04670703661469694 -0.13970588235294112 -0.6927709785461119
v -0.03687440953174008 -0.17577867428616517 -0.6607142857142858
v 0.04722281849297663 -0.1596861174589167 -0.674732164947367
v 0.0676470588235294 -0.16126233964174028 -0.6607142857142858
v 0.0676470588235294 -0.15931433496786326 -0.6744713270726914
v 0.0676470588235294 -0.13970588235294112 -0.6826974433488475
v 0.02455152384769479 -0.13970588235294112 -0.6902922771107437
v 0.04433626670788934 -0.16250991811824123 -0.6607142857142858
v 0.09969785505230508 -0.13970588235294112 -0.6607142857142858
v -0.17720379755729465 -0.11452801167689305 -0.6894783827955346
v -0.1352941176470588 -0.12505614044368066 -0.6607142857142858
v -0.1352941176470588 -0.11830957841624096 -0.692131481999966
v -0.18045752124956188 -0.07352941176470584 -0.6917115285594819
v -0.18670664625789005 -0.07352941176470584 -0.6607142857142858
v -0.17879106566732836 -0.11608077395844774 -0.6607142857142858
v -0.0676470588235294 -0.134699447146086 -0.7036304057755081
v -0.12712360148048052 -0.1317129861030276 -0.7015351426310131
v -0.13018232606741825 -0.1347052166772058 -0.6607142857142858
v 0 -0.13773785613501177 -0.7057621149391671
v -0.06382837532659466 -0.1359702137146354 -0.704521959463284
v 0.0676470588235294 -0.134699447146086 -0.7036304057755081
v 0.0027223185753768937 -0.13704274461615937 -0.7052744335243532
v 0.08263690051453136 -0.12504190678565658 -0.6968547980940639
v 0.1352941176470588 -0.12505614044368066 -0.6607142857142858
v 0.1352941176470588 -0.11830957841624096 -0.692131481999966
v 0.13593527277180364 -0.07352941176470584 -0.7067028096814639
v 0.1867066462578901 -0.07352941176470584 -0.6607142857142858
v -0.1919689640423965 -0.06279572569364866 -0.699612239296179
v -0.1938662295466697 -0.007352941176470562 -0.7009143997820311
v -0.20147749889399502 -0.007352941176470562 -0.6607142857142858
v -0.1955427167000445 -0.06629178807613041 -0.6607142857142858
v 0.1387069461789259 -0.07019077515744454 -0.7048005120945882
v 0.19827950212052525 -0.007352941176470562 -0.6639137578613789
v 0.20147749889399508 -0.007352941176470562 -0.6607142857142858
v 0.19930118159399773 -0.01091380572965707 -0.6607142857142858
v -0.19234470220311828 0.003013174954750097 -0.6998701216984134
v -0.1912641192457652 0.05882352941176472 -0.6991284793581184
v -0.1980998541379969 0.05882352941176472 -0.6607142857142858
v -0.20119402972934988 -0.005643775886128636 -0.6607142857142858
v 0.19096199946121595 0.047104769293900395 -0.6689360190033271
v 0.1871755770893564 0.05882352941176472 -0.6715347747305972
v 0.19809985413799697 0.05882352941176472 -0.6607142857142858
v 0.19885420954123478 0.054825409589570974 -0.6607142857142858
v -0.16426833461027673 0.09665565731859116 -0.6806003166114012
v -0.1352941176470588 0.125 -0.6848970948146533
v -0.15993796295391327 0.125 -0.6776282292323442
v -0.1634019080490512 0.125 -0.6607142857142858
v -0.1805989825901978 0.08068002342519016 -0.6607142857142858
v -0.12653457522310596 0.125 -0.7011308730568523
v 0.1352941176470588 0.125 -0.6848970948146533
v 0.17153101167240217 0.09427266487133965 -0.6822721938521713
v 0.16340190804905125 0.125 -0.6607142857142858
v 0.19074798319130162 0.11307187613982819 -0.6607142857142858
v -0.1352941176470588 0.1506895224955562 -0.6607142857142858
v -0.0676470588235294 0.18213410002651803 -0.6607142857142858
v -0.0676470588235294 0.1650626367054934 -0.6790354199621778
v -0.10110725645587629 0.1584436685565916 -0.6607142857142858
v -0.016145811725853984 0.17538165476946507 -0.6717957279236452
v 0 0.18787540523397736 -0.6607142857142858
v 0 0.18211352782439277 -0.6670727312724102
v -0.00478504708252582 0.18649544626837306 -0.6607142857142858
v 0.05086520250995974 0.17475943723800408 -0.6722322678425432
v 0.0676470588235294 0.18213410002651803 -0.6607142857142858
v 0.0676470588235294 0.1650626367054934 -0.6790354199621778
v 0.060989467438214234 0.18466360945042698 -0.6607142857142858
v 0.1352941176470588 0.1506895224955562 -0.6607142857142858
v 0.10065217999848511 0.15728761854071754 -0.684490273976195
v 0.12155574245030934 0.17773675572184996 -0.6607142857142858
v 0.1591394233251201 0.14832692946766862 -0.6607142857142858
v -0.14260977092952157 -0.14686249969448079 -0.619306706134858
v -0.1352941176470588 -0.1495997330806548 -0.6142857142857143
v -0.1352941176470588 -0.14695838559594895 -0.6193739784657293
v -0.1352941176470588 -0.13970588235294112 -0.6239441735239298
v -0.143314426538639 -0.13970588235294112 -0.6197903362268299
v -0.14717311183967105 -0.13970588235294112 -0.6142857142857143
v -0.1441750608279471 -0.1483937615516362 -0.6142857142857143
v -0.10438583066208662 -0.17564598523848632 -0.639500834087954
v -0.0676470588235294 -0.18571674876077474 -0.6142857142857143
v -0.0676470588235294 -0.1778541628931468 -0.6410500634901126
v -0.11616687067971217 -0.13970588235294112 -0.6475865789447715
v -0.11021770356977133 -0.1813510783003518 -0.6142857142857143
v -0.0465558951219647 -0.18524969279834147 -0.6462386733601063
v 0 -0.1941228994022468 -0.6142857142857143
v 0 -0.18643175159332576 -0.6470679908003969
v -0.05325515480353703 -0.1918033163998796 -0.6142857142857143
v 0.027263231985264643 -0.17921179991211322 -0.6420025643827842
v 0.0676470588235294 -0.18571674876077474 -0.6142857142857143
v 0.0676470588235294 -0.1778541628931468 -0.6410500634901126
v 0.01755543945350997 -0.1887085534757863 -0.6142857142857143
v 0.12693783192828703 -0.1478805096865222 -0.6200209290181633
v 0.1352941176470588 -0.1495997330806548 -0.6142857142857143
v 0.1352941176470588 -0.14695838559594895 -0.6193739784657293
v 0.1352941176470588 -0.13970588235294112 -0.6239441735239298
v 0.12236605258707547 -0.1523529025203161 -0.6142857142857143
v 0.14717311183967108 -0.13970588235294112 -0.6142857142857143
v -0.20818106783366133 -0.07865539244597294 -0.6178820372398731
v -0.2029411764705883 -0.08203541781388632 -0.6142857142857143
v -0.2029411764705883 -0.07916782115352988 -0.618241550714064
v -0.2029411764705883 -0.07352941176470584 -0.620819098326793
v -0.2082404894858495 -0.07352941176470584 -0.6179228204235179
v -0.21032729526888835 -0.07352941176470584 -0.6142857142857143
v -0.20939754796609705 -0.07984542735813834 -0.6142857142857143
v -0.1352941176470588 -0.13000624883405199 -0.6539091460073826
v -0.18595133787344714 -0.12308538807312916 -0.6490535579814654
v -0.19210471117283928 -0.07352941176470584 -0.6532768359291848
v -0.1911182331136304 -0.1281399595037432 -0.6142857142857143
v -0.13138989784808072 -0.1358865368974191 -0.6580346814423164
v 0.1352941176470588 -0.13000624883405199 -0.6539091460073826
v 0.19253081918193257 -0.08371345693839086 -0.6214307110583632
v 0.2029411764705884 -0.08203541781388612 -0.6142857142857143
v 0.2029411764705884 -0.07916782115352974 -0.6182415507140638
v 0.2029411764705884 -0.07352941176470584 -0.6208190983267929
v 0.21032729526888827 -0.07352941176470584 -0.6142857142857143
v -0.2029411764705883 -0.04602173042411822 -0.6414152457896195
v -0.23147695633211046 -0.0352683779975249 -0.6338708302776287
v -0.2029411764705883 -0.007352941176470562 -0.6554416475433463
v -0.23249673865914372 -0.007352941176470562 -0.6345707429927664
v -0.2410698928091497 -0.007352941176470562 -0.6142857142857143
v -0.23762391661094612 -0.04128170870508155 -0.6142857142857143
v -0.1976096898908881 -0.06831382706717304 -0.6570550977201437
v -0.20191466912645314 -0.007352941176470562 -0.6600097573818204
v 0.2029411764705884 -0.046021730424118105 -0.6414152457896195
v 0.2029411764705884 -0.007352941176470562 -0.6554416475433462
v 0.24106989280914964 -0.007352941176470562 -0.6142857142857143
v 0.2117891156623851 -0.06487381907707862 -0.6142857142857143
v -0.2029411764705883 0.000940995626497217 -0.654895364973156
v -0.2306486552478652 0.03171838712964594 -0.6333023379185659
v -0.2029411764705883 0.05882352941176472 -0.6470600538016895
v -0.23007993185350306 0.05882352941176472 -0.6329120029180876
v -0.23918274715506255 0.05882352941176472 -0.6142857142857143
v -0.23919596085520548 0.023356892513769587 -0.6142857142857143
v -0.20181667202031353 -0.00625288247511483 -0.659942498498414
v -0.19977216176105614 0.05882352941176472 -0.6585392787242031
v 0.2029411764705884 0.0009409956264975171 -0.6548953649731558
v 0.2029411764705884 0.05882352941176472 -0.6470600538016893
v 0.2391827471550625 0.05882352941176472 -0.6142857142857143
v 0.24105682538648204 0.029934106676034224 -0.6142857142857143
v -0.2036404381175111 0.12431593969322768 -0.6147656423104657
v -0.2029411764705883 0.12261288981332549 -0.6159604804801748
v -0.2029411764705883 0.125 -0.6148869269211112
v -0.20361403556747426 0.125 -0.6147475213056267
v -0.20395128114114483 0.125 -0.6142857142857143
v -0.20413671595378857 0.12383045050556496 -0.6142857142857143
v -0.19487426617655748 0.0667150720907079 -0.6551776795808051
v -0.18409402908403721 0.125 -0.6477788212036405
v 0.2029411764705884 0.1226128898133259 -0.6159604804801746
v 0.2029411764705884 0.125 -0.6148869269211111
v 0.20395128114114477 0.125 -0.6142857142857143
v 0.23628941420767072 0.09144680545891057 -0.6142857142857143
v -0.2029411764705883 0.12628067651903194 -0.6142857142857143
v -0.13843094596466948 0.18810783419057264 -0.6164386306155031
v -0.1352941176470588 0.19117647058823528 -0.6162169661712409
v -0.1377226638490981 0.19117647058823528 -0.61595251152376
v -0.13990487734567875 0.19117647058823528 -0.6142857142857143
v -0.0676470588235294 0.19117647058823528 -0.641381677887999
v -0.0991271709061271 0.19117647058823528 -0.6358916297212861
v 0 0.19117647058823528 -0.6524165725592831
v -0.046574442101426555 0.19117647058823528 -0.6462514028087432
v 0.0676470588235294 0.19117647058823528 -0.641381677887999
v 0.017282954474739792 0.19117647058823528 -0.6488523821772749
v 0.1352941176470588 0.19117647058823528 -0.6162169661712409
v 0.13087530163988836 0.19117647058823528 -0.6173185041539897
v 0.2029411764705884 0.12628067651903174 -0.6142857142857143
v 0.1702510884349247 0.1591970366403035 -0.6367220790555331
v 0.13990487734567877 0.19117647058823528 -0.6142857142857143
v 0.18912118722090288 0.177656915887456 -0.6142857142857143
v 0.20377589423524223 0.12581657172629176 -0.6142857142857143
v -0.1352941176470588 0.1950587717474509 -0.6142857142857143
v -0.0676470588235294 0.23490490051433 -0.6142857142857143
v -0.12930509721559671 0.19703529492336125 -0.6142857142857143
v 0 0.24409065910242073 -0.6142857142857143
v -0.01916289324660267 0.2386066325656636 -0.6142857142857143
v 0.0676470588235294 0.23490490051433 -0.6142857142857143
v 0.05103372501920732 0.24110076680267722 -0.6142857142857143
v 0.1352941176470588 0.1950587717474509 -0.6142857142857143
v 0.10522687984302502 0.2279393389768723 -0.6142857142857143
v 0.13827130142087468 0.19408893297566385 -0.6142857142857143
v -0.07664716310632738 -0.28086327337127936 -0.5740342330636595
v -0.0676470588235294 -0.2853725351790275 -0.5678571428571428
v -0.0676470588235294 -0.28096341750048204 -0.5741044929130366
v -0.0676470588235294 -0.2720588235294118 -0.5750300242465596
v -0.07759777615416649 -0.2720588235294118 -0.574686672453636
v -0.10159262508652081 -0.2720588235294118 -0.5678571428571428
v -0.07996573245414187 -0.2841096999071849 -0.5678571428571428
v -0.014855615008457584 -0.2865914903855116 -0.5780530773815812
v 0 -0.2934707529897262 -0.5678571428571428
v 0 -0.2866646159891977 -0.5781043813765482
v 0 -0.2720588235294118 -0.5795914634623603
v -0.016811690802942175 -0.2720588235294118 -0.5793956014517088
v -0.021180768422631738 -0.292779140464595 -0.5678571428571428
v 0.05849376377741548 -0.28101313390061017 -0.5741393733080471
v 0.0676470588235294 -0.2853725351790275 -0.5678571428571428
v 0.0676470588235294 -0.28096341750048204 -0.5741044929130366
v 0.0676470588235294 -0.2720588235294118 -0.5750300242465596
v 0.05699604872198751 -0.2720588235294118 -0.5751673081752818
v 0.05350631330069952 -0.2858921615408758 -0.5678571428571428
v 0.10159262508652081 -0.2720588235294118 -0.5678571428571428
v -0.2212850475165719 -0.2238274441818127 -0.5804471909973987
v -0.2029411764705883 -0.2350762567838487 -0.5678571428571428
v -0.2029411764705883 -0.22445380499671128 -0.5808866377913434
v -0.2029411764705883 -0.20588235294117652 -0.5825180421209566
v -0.22239953044242333 -0.20588235294117652 -0.5812121000862595
v -0.23908810594008328 -0.20588235294117652 -0.5678571428571428
v -0.2267980204343619 -0.22922056986225944 -0.5678571428571428
v -0.1735004985818396 -0.24325816037737508 -0.594079534740952
v -0.1352941176470588 -0.2648002134953618 -0.5678571428571428
v -0.1352941176470588 -0.24436810286055158 -0.5948582562926409
v -0.1352941176470588 -0.20588235294117652 -0.5976194697585963
v -0.17625824587498296 -0.20588235294117652 -0.5959722743427678
v -0.1842849214815753 -0.2538081393010295 -0.5678571428571428
v -0.0676470588235294 -0.2520899080377525 -0.6002757767502962
v -0.11404888532317237 -0.2512754440821316 -0.599704359181432
v -0.0676470588235294 -0.20588235294117652 -0.604555804402394
v -0.1175218133181735 -0.20588235294117652 -0.602087952618995
v -0.13037633976511187 -0.26724795386228983 -0.5678571428571428
v 0 -0.25415955732002377 -0.601727816405477
v -0.04904866873983101 -0.2538647462736199 -0.6015209807189523
v 0 -0.20588235294117652 -0.6070036563954314
v -0.0548802748580335 -0.20588235294117652 -0.605523418458464
v 0.0676470588235294 -0.2520899080377525 -0.6002757767502962
v 0.020093952354287927 -0.25240169622630404 -0.6004945233841689
v 0.0676470588235294 -0.20588235294117652 -0.604555804402394
v 0.011833070597621401 -0.20588235294117652 -0.6061642589997692
v 0.09500701586896479 -0.24529364815887716 -0.59550760712099
v 0.1352941176470588 -0.2648002134953618 -0.5678571428571428
v 0.1352941176470588 -0.24436810286055158 -0.5948582562926409
v 0.1352941176470588 -0.20588235294117652 -0.5976194697585963
v 0.08754253245781989 -0.20588235294117652 -0.6006307463565894
v 0.18300673852706065 -0.22538343353810578 -0.5815388533711789
v 0.2029411764705884 -0.2350762567838486 -0.5678571428571428
v 0.2029411764705884 -0.22445380499671122 -0.5808866377913434
v 0.2029411764705884 -0.20588235294117652 -0.5825180421209566
v 0.17931147887023516 -0.20588235294117652 -0.5840750408996213
v 0.15495868077427163 -0.2528217509049645 -0.5678571428571428
v 0.23908810594008328 -0.20588235294117652 -0.5678571428571428
v -0.2909991162334629 -0.15967304848925723 -0.5818658530670662
v -0.2705882352941176 -0.17746776569138778 -0.5678571428571428
v -0.2705882352941176 -0.16079203555255028 -0.582650920181313
v -0.2705882352941176 -0.13970588235294112 -0.5841160621009612
v -0.2918254940167265 -0.13970588235294112 -0.5824330253965733
v -0.3049192800256067 -0.13970588235294112 -0.5678571428571428
v -0.29725335868216923 -0.16579132914560035 -0.5678571428571428
v -0.2029411764705883 -0.1853830416150575 -0.5999036577680245
v -0.2476539166337745 -0.18344660642562344 -0.5985450794287708
v -0.2029411764705883 -0.13970588235294112 -0.6030728883517686
v -0.24975285388937185 -0.13970588235294112 -0.5999856543774882
v -0.26024533239640807 -0.19576429575863455 -0.5678571428571428
v -0.1352941176470588 -0.19460124217124472 -0.6063710302217304
v -0.18989035415944797 -0.19311524415853923 -0.6053284728858322
v -0.1931321348847838 -0.13970588235294112 -0.6075534217687492
v -0.0676470588235294 -0.1996160987635706 -0.6098893899261876
v -0.12695661187186152 -0.19772609729152701 -0.6085633888934205
v 0 -0.2013391010265527 -0.6110982264345021
v -0.061937412326710725 -0.20029682919428868 -0.6103669817521835
v 0.005221168067368519 -0.20077468852744643 -0.610702241792272
v 0.0676470588235294 -0.1996160987635706 -0.6098893899261876
v 0.1352941176470588 -0.19460124217124472 -0.6063710302217304
v 0.07661863090506732 -0.19710581503532418 -0.6081282067390688
v 0.2029411764705884 -0.18538304161505748 -0.5999036577680245
v 0.1541273259154191 -0.18745856224386753 -0.6013598166853801
v 0.2029411764705884 -0.13970588235294112 -0.6030728883517686
v 0.24702596268597293 -0.16275593164351754 -0.5840287647403726
v 0.2705882352941176 -0.17746776569138778 -0.5678571428571428
v 0.2705882352941176 -0.16079203555255028 -0.582650920181313
v 0.2705882352941176 -0.13970588235294112 -0.5841160621009612
v 0.2415230253709212 -0.13970588235294112 -0.5878056254441815
v 0.30491928002560664 -0.13970588235294112 -0.5678571428571428
v -0.2705882352941176 -0.11521075233287631 -0.5971002421129069
v -0.3105663347642859 -0.11263842211595741 -0.5952955278972273
v -0.2705882352941176 -0.07352941176470584 -0.5986883457612692
v -0.3117571195920755 -0.07352941176470584 -0.5961128056827599
v -0.3363367185835371 -0.07352941176470584 -0.5678571428571428
v -0.3223321010856163 -0.12414841090856321 -0.5678571428571428
v -0.2029411764705883 -0.13018276361237544 -0.6076044151058254
v -0.25771720797778414 -0.12711465997826707 -0.605451872556181
v -0.2592069843358945 -0.07352941176470584 -0.6064743588143873
v -0.19732235324532368 -0.13420920745866055 -0.6104293169789333
v 0.2029411764705884 -0.1301827636123754 -0.6076044151058253
v 0.2705882352941176 -0.11521075233287631 -0.5971002421129069
v 0.22296308173233087 -0.12011923590123647 -0.6005439718545184
v 0.2705882352941176 -0.07352941176470584 -0.5986883457612692
v 0.3363367185835371 -0.07352941176470584 -0.5678571428571428
v 0.3325828453738751 -0.0790589811879609 -0.5678571428571428
v -0.3535314246113119 -0.022316547094186137 -0.5783554187549687
v -0.3382352941176471 -0.06562922676263587 -0.5678571428571428
v -0.3382352941176471 -0.02381716300664083 -0.5794082318237067
v -0.3382352941176471 -0.007352941176470562 -0.579834029204892
v -0.3537128330686478 -0.007352941176470562 -0.5784799258017738
v -0.36125559032011 -0.007352941176470562 -0.5678571428571428
v -0.3595407811884031 -0.028195265484818863 -0.5678571428571428
v -0.2705882352941176 -0.05700409448952036 -0.6026917615307429
v -0.3181220796630867 -0.05385344110263596 -0.6004813031228018
v -0.2705882352941176 -0.007352941176470562 -0.6043834356511252
v -0.31880048493073093 -0.007352941176470562 -0.6009469166760607
v -0.3369741130446003 -0.07229564767150787 -0.5678571428571428
v -0.2619698356499287 -0.06509836863452106 -0.6083706014864418
v -0.26339836969410435 -0.007352941176470562 -0.6093510549763884
v 0.2705882352941176 -0.05700409448952036 -0.6026917615307429
v 0.2705882352941176 -0.007352941176470562 -0.6043834356511252
v 0.3181917376131238 -0.026960768191764982 -0.5816137453027939
v 0.33823529411764697 -0.0656292267626363 -0.5678571428571428
v 0.33823529411764697 -0.023817163006640947 -0.5794082318237068
v 0.33823529411764697 -0.007352941176470562 -0.5798340292048921
v 0.3151831216831737 -0.007352941176470562 -0.5836786649317348
v 0.3612555903201101 -0.007352941176470562 -0.5678571428571428
v -0.3382352941176471 0.038540543191478205 -0.5820874284275661
v -0.35676186808882115 0.04069970704865966 -0.5805725864833213
v -0.3382352941176471 0.05882352941176472 -0.5820691001876138
v -0.35675327676557356 0.05882352941176472 -0.5805666899540116
v -0.36507447642069235 0.05882352941176472 -0.5678571428571428
v -0.3650274295235535 0.03261383173207363 -0.5678571428571428
v -0.2705882352941176 0.005896911557938105 -0.6049897858593514
v -0.31988482647838856 0.010598603253238827 -0.6016911386699499
v -0.2705882352941176 0.05882352941176472 -0.6049839455134141
v -0.3198599713781838 0.05882352941176472 -0.6016740797347162
v -0.263632114272155 -0.0005480401767245287 -0.6095114821557338
v -0.2636272114002672 0.05882352941176472 -0.6095081171411773
v 0.2705882352941176 0.005896911557938105 -0.6049897858593514
v 0.2705882352941176 0.05882352941176472 -0.6049839455134141
v 0.33823529411764697 0.03854054319147811 -0.5820874284275661
v 0.3114091991877029 0.03258061045855853 -0.5862688415512971
v 0.33823529411764697 0.05882352941176472 -0.5820691001876139
v 0.31142191164513844 0.05882352941176472 -0.5862601165416906
v 0.3650744764206924 0.05882352941176472 -0.5678571428571428
v 0.36129975305483547 0.015210116479474636 -0.5678571428571428
v -0.3467876308046431 0.11663358367576476 -0.573726914310019
v -0.3382352941176471 0.11541473799112037 -0.57458204096496
v -0.3382352941176471 0.125 -0.574292832592149
v -0.34666969028527145 0.125 -0.5736459675560404
v -0.3505245748444178 0.125 -0.5678571428571428
v -0.35187385138772265 0.11165793310536086 -0.5678571428571428
v -0.2705882352941176 0.07457556119261588 -0.6032342888140695
v -0.3167636455761268 0.07982840298499103 -0.599548961715292
v -0.2705882352941176 0.125 -0.601727602102247
v -0.3160060917436231 0.125 -0.5990290256998159
v -0.262365942335981 0.06686707687081136 -0.6086424635287324
v -0.26104608870473983 0.125 -0.6077366012538743
v 0.2705882352941176 0.07457556119261588 -0.6032342888140695
v 0.2705882352941176 0.125 -0.601727602102247
v 0.3246140828383547 0.11167490200938798 -0.5772058623997627
v 0.33823529411764697 0.11541473799112024 -0.57458204096496
v 0.33823529411764697 0.125 -0.5742928325921491
v 0.326383058439851 0.125 -0.575991751816127
v 0.3505245748444179 0.125 -0.5678571428571428
v 0.3630185186711045 0.08306798821406007 -0.5678571428571428
v -0.3382352941176471 0.14744471718774327 -0.5678571428571428
v -0.30531188901974216 0.15720767890012433 -0.5916892157557858
v -0.2705882352941176 0.15266295311779982 -0.5948777376538611
v -0.2705882352941176 0.19117647058823528 -0.5926657223442037
v -0.30406646527512005 0.19117647058823528 -0.5908344373472098
v -0.32273329655692273 0.19117647058823528 -0.5678571428571428
v -0.2570685444579635 0.13822578451362896 -0.6050066718174223
v -0.2029411764705883 0.19117647058823528 -0.6068119520493536
v -0.2548554697311325 0.19117647058823528 -0.6034877602813052
v -0.19603531188765042 0.19117647058823528 -0.6095459749291017
v 0.2029411764705884 0.19117647058823528 -0.6068119520493536
v 0.2705882352941176 0.15266295311779982 -0.5948777376538611
v 0.2705882352941176 0.19117647058823528 -0.5926657223442037
v 0.22699316839543443 0.19117647058823528 -0.5977779806975435
v 0.33823529411764697 0.14744471718774355 -0.5678571428571428
v 0.3227332965569227 0.19117647058823528 -0.5678571428571428
v 0.3292353637004898 0.18237219083232062 -0.5678571428571428
v 0.3488374204987512 0.13537164537281934 -0.5678571428571428
v -0.2705882352941176 0.25659219564371033 -0.5678571428571428
v -0.2029411764705883 0.21238096566318435 -0.5994089098045595
v -0.24171236762521361 0.21942460200346744 -0.5944671839912181
v -0.2029411764705883 0.25735294117647056 -0.5944007695065711
v -0.2393853629866223 0.25735294117647056 -0.5928700783231166
v -0.2699225278312181 0.25735294117647056 -0.5678571428571428
v -0.19067389787004954 0.2031770692191971 -0.6058662466747855
v -0.1352941176470588 0.25735294117647056 -0.6047058524869849
v -0.18533094918587467 0.25735294117647056 -0.6021991918325413
v -0.0676470588235294 0.25735294117647056 -0.6093870846792471
v -0.12478917125315314 0.25735294117647056 -0.6070757976613257
v 0 0.25735294117647056 -0.6107758630989158
v -0.06115169015337787 0.25735294117647056 -0.6098277128071321
v 0.0676470588235294 0.25735294117647056 -0.6093870846792471
v 0.005631933335448234 0.25735294117647056 -0.6104203190461676
v 0.1352941176470588 0.25735294117647056 -0.6047058524869849
v 0.0773178679061228 0.25735294117647056 -0.6076482956296486
v 0.2029411764705884 0.2123809656631844 -0.5994089098045595
v 0.2029411764705884 0.25735294117647056 -0.5944007695065711
v 0.159392964328344 0.25735294117647056 -0.5977458226193665
v 0.2705882352941176 0.25659219564371033 -0.5678571428571428
v 0.2699225278312181 0.25735294117647056 -0.5678571428571428
v 0.27031576580491823 0.2570863949370364 -0.5678571428571428
v 0.30996992930322204 0.2297020408145331 -0.5678571428571428
v -0.2029411764705883 0.3141702794033362 -0.5678571428571428
v -0.15976367966153432 0.29959179675054504 -0.5846514695813636
v -0.1352941176470588 0.29480007806616126 -0.5880132785631059
v -0.1352941176470588 0.32352941176470584 -0.5835548074222662
v -0.15720999319226578 0.32352941176470584 -0.5828987841474867
v -0.18403150180915614 0.32352941176470584 -0.5678571428571428
v -0.0676470588235294 0.2758684395571306 -0.601295475739283
v -0.10978226851512338 0.2823101848924943 -0.5967760290119325
v -0.0676470588235294 0.32352941176470584 -0.5928982289084477
v -0.10307592012277503 0.32352941176470584 -0.5921732246805381
v 0 0.2704941839375941 -0.6050659852374339
v -0.051176854406462025 0.2734650976714278 -0.602981629887665
v 0 0.32352941176470584 -0.5954326603083708
v -0.039616356184593624 0.32352941176470584 -0.595047250673277
v 0.015574884100438285 0.2725892408399428 -0.6035961199186433
v 0.0676470588235294 0.2758684395571306 -0.601295475739283
v 0.0676470588235294 0.32352941176470584 -0.5928982289084477
v 0.03058601108628475 0.32352941176470584 -0.5932934520184194
v 0.0984555925562678 0.2874917241758886 -0.5931407268480273
v 0.1352941176470588 0.29480007806616126 -0.5880132785631059
v 0.1352941176470588 0.32352941176470584 -0.5835548074222662
v 0.11146353728247489 0.32352941176470584 -0.5842129138527113
v 0.2029411764705884 0.31417027940333614 -0.5678571428571428
v 0.18403150180915612 0.32352941176470584 -0.5678571428571428
v 0.19808221911541574 0.3187760839172543 -0.5678571428571428
v 0.2447324271512842 0.29823568640758613 -0.5678571428571428
v -0.1352941176470588 0.3514101909043238 -0.5678571428571428
v -0.0676470588235294 0.3695340936541498 -0.5678571428571428
v -0.10049495106542575 0.357572074724999 -0.5678571428571428
v 0 0.37465369995000625 -0.5678571428571428
v -0.0177378202886109 0.3723536668532131 -0.5678571428571428
v 0.0676470588235294 0.3695340936541498 -0.5678571428571428
v 0.04962221787930696 0.37207288577707137 -0.5678571428571428
v 0.1352941176470588 0.3514101909043238 -0.5678571428571428
v 0.10894459079456555 0.363929171301589 -0.5678571428571428
v 0.1596163620563553 0.3473229117303219 -0.5678571428571428
v -0.16168777898085507 -0.29787870961682117 -0.5395434756359285
v -0.1352941176470588 -0.30554416000749013 -0.5214285714285715
v -0.1352941176470588 -0.3003078025307633 -0.5412476963787259
v -0.1352941176470588 -0.2720588235294118 -0.557231561621125
v -0.17057558909806908 -0.2720588235294118 -0.5456434943809729
v -0.19337628261875636 -0.2720588235294118 -0.5214285714285715
v -0.16520921482587306 -0.30132359250868657 -0.5214285714285715
v -0.10821435630530687 -0.3117442232398463 -0.5492713439238287
v -0.0676470588235294 -0.3206047243244838 -0.5214285714285715
v -0.0676470588235294 -0.3136762802200149 -0.5506268505670581
v -0.12659597349498325 -0.2720588235294118 -0.561887298578855
v -0.11318860873628403 -0.3166103397484109 -0.5214285714285715
v -0.0453200810746866 -0.3163936854503009 -0.5525333475698936
v 0 -0.32473575531956034 -0.5214285714285715
v 0 -0.31709262169148406 -0.5530237123613269
v -0.051908745413240635 -0.3228391179554081 -0.5214285714285715
v 0.024349169655149962 -0.3144154542376091 -0.5511454456714654
v 0.0676470588235294 -0.3206047243244838 -0.5214285714285715
v 0.0676470588235294 -0.3136762802200149 -0.5506268505670581
v 0.015888328250888345 -0.32269236430699544 -0.5214285714285715
v 0.10436141297858414 -0.30231907809639785 -0.542658781775568
v 0.1352941176470588 -0.30554416000749013 -0.5214285714285715
v 0.1352941176470588 -0.3003078025307633 -0.5412476963787259
v 0.1352941176470588 -0.2720588235294118 -0.557231561621125
v 0.09620216416507572 -0.31030095193569956 -0.5214285714285715
v 0.19337628261875633 -0.2720588235294118 -0.5214285714285715
v -0.2833169092624028 -0.21833431660580335 -0.5301647110155001
v -0.2705882352941176 -0.2251124326109777 -0.5214285714285715
v -0.2705882352941176 -0.22098266949046205 -0.5320227617694988
v -0.2705882352941176 -0.20588235294117652 -0.5392455247875153
v -0.286393726237674 -0.20588235294117652 -0.532276439436416
v -0.29101911384983425 -0.20588235294117652 -0.5214285714285715
v -0.28507548405300004 -0.22005466150964847 -0.5214285714285715
v -0.2483115785386042 -0.25026644192075737 -0.5525678846491663
v -0.2029411764705883 -0.26826413192376086 -0.5214285714285715
v -0.2029411764705883 -0.2553098903725097 -0.5561063040391259
v -0.25780023649864214 -0.20588235294117652 -0.5590802865409935
v -0.25288814414257843 -0.2547435169681235 -0.5214285714285715
v -0.1352941176470588 -0.268586749185668 -0.5654211795874051
v -0.19305500208738288 -0.2623875659806239 -0.5610719113705329
v -0.2009246635724136 -0.27008614786815394 -0.5214285714285715
v -0.1327053344696001 -0.26952631824711526 -0.5660803693098808
v 0.1352941176470588 -0.268586749185668 -0.5654211795874051
v 0.14197735591538374 -0.2655208730495287 -0.5632701998220503
v 0.2029411764705884 -0.2682641319237608 -0.5214285714285715
v 0.2029411764705884 -0.2553098903725097 -0.5561063040391258
v 0.2503005329119557 -0.2257290183150306 -0.5353527398337199
v 0.2705882352941176 -0.2251124326109777 -0.5214285714285715
v 0.2705882352941176 -0.22098266949046205 -0.5320227617694988
v 0.2705882352941176 -0.20588235294117652 -0.5392455247875153
v 0.22291781668318722 -0.25251645810404333 -0.5214285714285715
v 0.2910191138498342 -0.20588235294117652 -0.5214285714285715
v -0.34002497322186853 -0.1414566553896795 -0.5226568915591085
v -0.3382352941176471 -0.14296719359960647 -0.5214285714285715
v -0.3382352941176471 -0.1420377029193692 -0.5230645471275575
v -0.3382352941176471 -0.13970588235294112 -0.5239673067566953
v -0.3403439134466132 -0.13970588235294112 -0.5228757915270233
v -0.3409398027141554 -0.13970588235294112 -0.5214285714285715
v -0.34030132720507206 -0.141727001677596 -0.5214285714285715
v -0.2705882352941176 -0.19404503243133386 -0.5595522291026184
v -0.3174047436344502 -0.1855046405119622 -0.5535603985814084
v -0.32339857597345706 -0.13970588235294112 -0.5576741779196709
v -0.3220896731833311 -0.19008772376630217 -0.5214285714285715
v -0.26501353628666674 -0.2004288430425833 -0.5640310295632092
v 0.2705882352941176 -0.19404503243133386 -0.5595522291026184
v 0.33353922639520894 -0.14429986164663053 -0.5246516489647789
v 0.33823529411764697 -0.1429671935996067 -0.5214285714285715
v 0.33823529411764697 -0.14203770291936937 -0.5230645471275577
v 0.33823529411764697 -0.13970588235294112 -0.5239673067566955
v 0.3409398027141555 -0.13970588235294112 -0.5214285714285715
v -0.3382352941176471 -0.11532677376304253 -0.5507530698464521
v -0.3712560026686854 -0.10583227882550422 -0.5440918527632903
v -0.3382352941176471 -0.07352941176470584 -0.5654450136454636
v -0.37423185542931103 -0.07352941176470584 -0.5461342858691856
v -0.38113727076365855 -0.07352941176470584 -0.5214285714285715
v -0.3756063415546356 -0.11008804512697727 -0.5214285714285715
v -0.3298336788382378 -0.13148691088395376 -0.562090816842393
v -0.33734583653618466 -0.07352941176470584 -0.5672466766288721
v 0.33823529411764697 -0.11532677376304261 -0.5507530698464521
v 0.33823529411764697 -0.07352941176470584 -0.5654450136454637
v 0.3811372707636586 -0.07352941176470584 -0.5214285714285715
v 0.34197357013535534 -0.13604887320518297 -0.5214285714285715
v -0.3382352941176471 -0.07154513826836355 -0.5664650017692329
v -0.3834548998699471 -0.051589512021111866 -0.5524643877989388
v -0.38514606755135794 -0.007352941176470562 -0.5536250960523296
v -0.3947092529770198 -0.007352941176470562 -0.5214285714285715
v -0.3892763558538814 -0.057284414614091075 -0.5214285714285715
v -0.3375815500704239 -0.07288987954459619 -0.567408455172558
v 0.33823529411764697 -0.07154513826836366 -0.5664650017692329
v 0.3744554387860718 -0.007352941176470562 -0.5429979752430998
v 0.3947092529770199 -0.007352941176470562 -0.5214285714285715
v 0.38831658004394837 -0.024536849445498124 -0.5214285714285715
v -0.38656751660537025 0.011542007412905071 -0.554600686862692
v -0.3866076037535639 0.05882352941176472 -0.5546282000917317
v -0.396811358959434 0.05882352941176472 -0.5214285714285715
v -0.3956185854710425 0.0026877009138779016 -0.5214285714285715
v 0.3768639124083242 0.030435924542670058 -0.5413449545272061
v 0.38075641816994255 0.05882352941176472 -0.5386733900137972
v 0.39681135895943404 0.05882352941176472 -0.5214285714285715
v 0.39598948344135787 0.0491457222923769 -0.5214285714285715
v -0.3823149059689759 0.08187864058022182 -0.5516819696246698
v -0.38029961039978866 0.125 -0.550298800926563
v -0.3886722167392356 0.125 -0.5214285714285715
v -0.3942444089835117 0.07020847458774114 -0.5214285714285715
v 0.372567520487204 0.09240940303415736 -0.5442937204109562
v 0.3574135037644646 0.125 -0.5546944585964388
v 0.38867221673923563 0.125 -0.5214285714285715
v 0.3921672510014521 0.1115830524502696 -0.5214285714285715
v -0.3628358156247141 0.16711074302697404 -0.5383127802890119
v -0.3382352941176471 0.19117647058823528 -0.5478553558573049
v -0.36012688028048656 0.19117647058823528 -0.5364535420558619
v -0.36417399946086443 0.19117647058823528 -0.5214285714285715
v -0.3723704823047174 0.1577833517095795 -0.5214285714285715
v -0.33098483666824297 0.19117647058823528 -0.5628808972164028
v 0.33823529411764697 0.19117647058823528 -0.547855355857305
v 0.3513978436152085 0.1378764071171797 -0.5588232191336612
v 0.36417399946086454 0.19117647058823528 -0.5214285714285715
v 0.38163010830467536 0.1674514486612233 -0.5214285714285715
v -0.3382352941176471 0.22572304160701306 -0.5214285714285715
v -0.32124655921539125 0.20779588516652903 -0.5561971726291971
v -0.2705882352941176 0.25735294117647056 -0.5672559442675139
v -0.3079695824283459 0.25735294117647056 -0.5470847134057902
v -0.31871247616978027 0.25735294117647056 -0.5214285714285715
v -0.2703023040247517 0.25735294117647056 -0.5676608981039445
v 0.2705882352941176 0.25735294117647056 -0.5672559442675139
v 0.33823529411764697 0.22572304160701323 -0.5214285714285715
v 0.32034265092029535 0.23984926848340918 -0.5337089259211637
v 0.31871247616978027 0.25735294117647056 -0.5214285714285715
v 0.3296573750703107 0.2489614986301633 -0.5214285714285715
v 0.3597584359366981 0.21223171801991564 -0.5214285714285715
v -0.2705882352941176 0.3055105750589843 -0.5214285714285715
v -0.269307297576294 0.2586060324221675 -0.5669779899514317
v -0.2029411764705883 0.32352941176470584 -0.5566045432058387
v -0.23366884903828247 0.32352941176470584 -0.5425180609859019
v -0.2465706205325863 0.32352941176470584 -0.5214285714285715
v -0.1960624775950555 0.32352941176470584 -0.5631360482872896
v 0.2029411764705884 0.32352941176470584 -0.5566045432058386
v 0.2705882352941176 0.3055105750589843 -0.5214285714285715
v 0.25564779781051566 0.30891376640031265 -0.531682722620733
v 0.24657062053258627 0.32352941176470584 -0.5214285714285715
v 0.2632829228376816 0.31638291044862715 -0.5214285714285715
v 0.30578033764657875 0.29177999782561737 -0.5214285714285715
v -0.2029411764705883 0.3556823378200652 -0.5214285714285715
v -0.1352941176470588 0.38213265791886986 -0.5214285714285715
v -0.1352941176470588 0.3693914216854869 -0.5356809390714521
v -0.1533903461530499 0.3720030501188194 -0.5214285714285715
v -0.0676470588235294 0.3897058823529411 -0.5330081606815253
v -0.08022253099124693 0.3897058823529411 -0.5300595631958559
v -0.09569023773798377 0.3897058823529411 -0.5214285714285715
v 0 0.3897058823529411 -0.54212357797184
v -0.026694566796441187 0.3897058823529411 -0.5397499977081165
v 0.0676470588235294 0.3897058823529411 -0.5330081606815253
v 0.04797849181226763 0.3897058823529411 -0.5349278053089717
v 0.12375042299295677 0.37841313758262396 -0.5293514177594925
v 0.1352941176470588 0.38213265791886986 -0.5214285714285715
v 0.1352941176470588 0.3693914216854869 -0.5356809390714521
v 0.09569023773798377 0.3897058823529411 -0.5214285714285715
v 0.1299879457585279 0.3845150620272044 -0.5214285714285715
v 0.2029411764705884 0.3556823378200651 -0.5214285714285715
v 0.16491923798934532 0.3525105077517252 -0.5475243739265674
v 0.18451205963868367 0.3716773984956431 -0.5214285714285715
v 0.23018172809865517 0.3501777774878147 -0.5214285714285715
v -0.0676470588235294 0.3996005631473264 -0.5214285714285715
v 0 0.4071339571719108 -0.5214285714285715
v -0.05721927638085015 0.39990697387295343 -0.5214285714285715
v 0.0676470588235294 0.3996005631473264 -0.5214285714285715
v 0.017347519453947656 0.4066762818187595 -0.5214285714285715
v 0.07719410648013734 0.39904538549527496 -0.5214285714285715
v -0.004818518658213783 -0.3429490623702475 -0.4783071199486499
v 0 -0.34437901698345336 -0.47500000000000003
v 0 -0.34306315399735715 -0.47838716518544744
v 0 -0.3382352941176471 -0.4825698094433992
v -0.009563748560744122 -0.3382352941176471 -0.4815639392295791
v -0.0597410202245398 -0.3382352941176471 -0.47500000000000003
v -0.006059214702336148 -0.3441627867612368 -0.47500000000000003
v 0.059741020224539795 -0.3382352941176471 -0.47500000000000003
v -0.2215604338867836 -0.2902733144800377 -0.48777905555583595
v -0.2029411764705883 -0.29976819999972404 -0.47500000000000003
v -0.2029411764705883 -0.29337536749980153 -0.48995541656335284
v -0.2029411764705883 -0.2720588235294118 -0.5114213014335633
v -0.2289523520293364 -0.2720588235294118 -0.4928523906785197
v -0.2452813530679827 -0.2720588235294118 -0.47500000000000003
v -0.22506642694180481 -0.29370309029473235 -0.47500000000000003
v -0.17495165149304584 -0.3108542370743991 -0.5022183695029911
v -0.1352941176470588 -0.3267348606987902 -0.47500000000000003
v -0.1352941176470588 -0.3148556553024089 -0.5050257137201027
v -0.19723355127253536 -0.2720588235294118 -0.5175112261839451
v -0.18145143311624679 -0.31721271909709564 -0.47500000000000003
v -0.11823794383678247 -0.3215499066945507 -0.5097223154904625
v -0.0676470588235294 -0.3378735374927209 -0.47500000000000003
v -0.0676470588235294 -0.3249048958619531 -0.5120761332872751
v -0.12752190385194345 -0.33063204149199077 -0.47500000000000003
v 0 -0.32791810978994335 -0.514190165916119
v -0.05551589769545948 -0.3263678538836656 -0.5131025260580638
v -0.06732648061120902 -0.3379216849968989 -0.47500000000000003
v 0.011888402770142928 -0.32660533488598553 -0.5132691397136597
v 0.0676470588235294 -0.3378735374927209 -0.47500000000000003
v 0.0676470588235294 -0.3249048958619531 -0.5120761332872751
v 0.0872745726520861 -0.3190344653723199 -0.5079575138008975
v 0.1352941176470588 -0.3267348606987902 -0.47500000000000003
v 0.1352941176470588 -0.3148556553024089 -0.5050257137201027
v 0.06824424302088009 -0.3376510921854562 -0.47500000000000003
v 0.17720923450695608 -0.2972313754503564 -0.4926607427762818
v 0.2029411764705884 -0.299768199999724 -0.47500000000000003
v 0.2029411764705884 -0.29337536749980153 -0.48995541656335284
v 0.2029411764705884 -0.2720588235294118 -0.5114213014335632
v 0.1613678754817106 -0.3127283571054878 -0.47500000000000003
v 0.2452813530679827 -0.2720588235294118 -0.47500000000000003
v -0.3008909330201526 -0.23552629636881942 -0.49579781427780667
v -0.2705882352941176 -0.2565473361413954 -0.47500000000000003
v -0.2705882352941176 -0.24224480466906198 -0.5005114343868657
v -0.3086744107227106 -0.20588235294117652 -0.5011398905891896
v -0.32578802506298377 -0.20588235294117652 -0.47500000000000003
v -0.3059542413516861 -0.24047953278010217 -0.47500000000000003
v -0.2029411764705883 -0.26924264014227106 -0.5194527729252124
v -0.25667471867696023 -0.25844777466480134 -0.5118792323838764
v -0.2646242617875994 -0.2662245016208614 -0.47500000000000003
v -0.20134023195121917 -0.2704926821517681 -0.5203297865255262
v 0.2029411764705884 -0.269242640142271 -0.5194527729252124
v 0.2112872402600312 -0.2638941959093047 -0.5157003723681154
v 0.2705882352941176 -0.2565473361413954 -0.47500000000000003
v 0.2705882352941176 -0.24224480466906198 -0.5005114343868657
v 0.31106118653742215 -0.20588235294117652 -0.4936505520969866
v 0.32578802506298377 -0.20588235294117652 -0.47500000000000003
v -0.36277940483334115 -0.16371642544438103 -0.49184549213716894
v -0.3382352941176471 -0.190219334681758 -0.47500000000000003
v -0.3382352941176471 -0.17171712480385987 -0.497458681211597
v -0.3672871398278871 -0.13970588235294112 -0.49493931025454363
v -0.3774259439269218 -0.13970588235294112 -0.47500000000000003
v -0.36736654411235053 -0.1682038443042815 -0.47500000000000003
v -0.32565307466265286 -0.19357365999607348 -0.5127929487591499
v -0.3340241082662946 -0.2017627146083317 -0.47500000000000003
v 0.33823529411764697 -0.17171712480385995 -0.49745868121159703
v 0.33823529411764697 -0.19021933468175814 -0.47500000000000003
v 0.3430246757044357 -0.13970588235294112 -0.5181414492836016
v 0.3774259439269218 -0.13970588235294112 -0.47500000000000003
v -0.3838473168024159 -0.11814986873893625 -0.5063051460041427
v -0.38857017552787093 -0.07352941176470584 -0.5095466111542221
v -0.40459157878953167 -0.07352941176470584 -0.47500000000000003
v -0.39175177567330915 -0.12588249154741876 -0.47500000000000003
v 0.3726282888817978 -0.10606056138801108 -0.4978234414817475
v 0.403745349989307 -0.07352941176470584 -0.4764667007837366
v 0.4045915787895317 -0.07352941176470584 -0.47500000000000003
v 0.4024474780890742 -0.07688961542437121 -0.47500000000000003
v -0.419540171140024 -0.020713850284038847 -0.48437384416753204
v -0.40588235294117647 -0.0665583667176626 -0.47500000000000003
v -0.40588235294117647 -0.02882586398469117 -0.49006512997021195
v -0.40588235294117647 -0.007352941176470562 -0.4954892902573804
v -0.4203181926553727 -0.007352941176470562 -0.48490782787837694
v -0.4247162191967129 -0.007352941176470562 -0.47500000000000003
v -0.42291939650583893 -0.024019614228857795 -0.47500000000000003
v -0.3937204929138219 -0.061631939998815485 -0.5130814563166294
v -0.39792606914391077 -0.007352941176470562 -0.5159678921764108
v -0.40505401686192866 -0.07271908299152861 -0.47500000000000003
v 0.4058823529411766 -0.028825863984691065 -0.4900651299702119
v 0.4058823529411766 -0.06655836671766216 -0.47500000000000003
v 0.4058823529411766 -0.007352941176470562 -0.4954892902573803
v 0.4247162191967129 -0.007352941176470562 -0.47500000000000003
v -0.40588235294117647 0.024972041108686137 -0.49874977433327106
v -0.4237770102175894 0.041317886423969455 -0.487281736826358
v -0.40588235294117647 0.05882352941176472 -0.5004159506329974
v -0.42374188921767236 0.05882352941176472 -0.48725763204070066
v -0.42921256629957755 0.05882352941176472 -0.47500000000000003
v -0.4287754395299274 0.036428118618421386 -0.47500000000000003
v -0.39870421056545186 -0.00033084537413124396 -0.5165019581831207
v -0.39957779426473217 0.05882352941176472 -0.5171015296040553
v 0.4058823529411766 0.024972041108686276 -0.49874977433327095
v 0.4058823529411766 0.05882352941176472 -0.5004159506329973
v 0.4292125662995776 0.05882352941176472 -0.47500000000000003
v 0.42510913631589503 0.011455868646623634 -0.47500000000000003
v -0.41675679331804427 0.11436196050089018 -0.4824635134263596
v -0.40588235294117647 0.09903114565116765 -0.493219418447911
v -0.40588235294117647 0.125 -0.4881058837693572
v -0.4160990588436091 0.125 -0.4820120869703032
v -0.41941672386841844 0.125 -0.47500000000000003
v -0.4207257216189537 0.11047931325000047 -0.47500000000000003
v -0.398482985675985 0.06606204086684335 -0.5163501237092941
v -0.39452882491279767 0.125 -0.5136362431854916
v 0.4058823529411766 0.09903114565116795 -0.4932194184479108
v 0.4058823529411766 0.125 -0.4881058837693571
v 0.4194167238684184 0.125 -0.47500000000000003
v 0.4274609887278385 0.07993306442045581 -0.47500000000000003
v -0.40588235294117647 0.1593022149485248 -0.47500000000000003
v -0.38844457288636 0.14205869787971181 -0.5094604056145514
v -0.3813546147220089 0.19117647058823528 -0.5045943163154161
v -0.39826323282896303 0.19117647058823528 -0.47500000000000003
v 0.4058823529411766 0.15930221494852442 -0.47500000000000003
v 0.3983818456688166 0.1838390178217962 -0.4801478636869303
v 0.388020065806587 0.19117647058823528 -0.4872595200520009
v 0.39826323282896303 0.19117647058823528 -0.47500000000000003
v 0.4012384928783569 0.18663356400504214 -0.47500000000000003
v 0.41754831645489043 0.13641235561124188 -0.47500000000000003
v -0.3592099123100759 0.23683429294474675 -0.4893956230451142
v -0.3382352941176471 0.25735294117647056 -0.49547997198411226
v -0.3552937722252779 0.25735294117647056 -0.48670783745896407
v -0.3629749410279458 0.25735294117647056 -0.47500000000000003
v -0.3834383595549176 0.21313255107479287 -0.47500000000000003
v -0.32715168464253364 0.25735294117647056 -0.5138214978447203
v 0.33823529411764697 0.25735294117647056 -0.4954799719841124
v 0.3682569266434184 0.22054545892866376 -0.5008236621484613
v 0.36297494102794586 0.25735294117647056 -0.47500000000000003
v 0.385103011810537 0.23702532485301891 -0.47500000000000003
v -0.3382352941176471 0.28733430279456407 -0.47500000000000003
v -0.3057593233207513 0.2891229126082164 -0.4991391629002673
v -0.2705882352941176 0.32352941176470584 -0.5000742098733088
v -0.292416190149841 0.32352941176470584 -0.4899812982084313
v -0.3065742953452758 0.32352941176470584 -0.47500000000000003
v -0.25897712099012654 0.32352941176470584 -0.5134594526050248
v 0.2705882352941176 0.32352941176470584 -0.5000742098733088
v 0.33823529411764697 0.28733430279456423 -0.47500000000000003
v 0.3193766867617132 0.30508077413390106 -0.4879433298933583
v 0.30657429534527575 0.32352941176470584 -0.47500000000000003
v 0.32759227307733246 0.31311776074700687 -0.47500000000000003
v 0.3563780796854404 0.2751013183623554 -0.47500000000000003
v -0.2705882352941176 0.35561071566504754 -0.47500000000000003
v -0.21535333439589716 0.37756355394774765 -0.48351890342078657
v -0.2029411764705883 0.3897058823529411 -0.47985953598185244
v -0.20814844453148593 0.3897058823529411 -0.4785739324268894
v -0.21326383903860355 0.3897058823529411 -0.47500000000000003
v -0.1352941176470588 0.3897058823529411 -0.5094200058343228
v -0.1689345448745173 0.3897058823529411 -0.4980886162026967
v -0.12434793688365245 0.3897058823529411 -0.5139158200350534
v 0.1352941176470588 0.3897058823529411 -0.5094200058343228
v 0.2029411764705884 0.3897058823529411 -0.4798595359818524
v 0.18582509126249563 0.3897058823529411 -0.4867473752515171
v 0.2705882352941176 0.35561071566504754 -0.47500000000000003
v 0.24304114626265383 0.3627576430830309 -0.49390654247190535
v 0.21326383903860352 0.3897058823529411 -0.47500000000000003
v 0.25669005140341394 0.37610983289464406 -0.47500000000000003
v 0.2935046416643906 0.34594763538779905 -0.47500000000000003
v -0.2029411764705883 0.39654192796335475 -0.47500000000000003
v -0.1352941176470588 0.4291129058243726 -0.47500000000000003
v -0.19291685304246126 0.3995122857065436 -0.47500000000000003
v -0.0676470588235294 0.44392455379991214 -0.47500000000000003
v -0.0676470588235294 0.41502793775986263 -0.5036629389049853
v -0.08692554783930025 0.4370229615127049 -0.47500000000000003
v -0.03661415364373782 0.420064159159259 -0.5001295899231866
v 0 0.44792108823176313 -0.47500000000000003
v 0 0.4310291725688465 -0.4924366757532855
v -0.00939506332485858 0.44669153012338 -0.47500000000000003
v 0.03711909124537983 0.42601803683211703 -0.4959524249527052
v 0.0676470588235294 0.44392455379991214 -0.47500000000000003
v 0.0676470588235294 0.41502793775986263 -0.5036629389049853
v 0.056989578289243115 0.4454565567663311 -0.47500000000000003
v 0.08568739022443432 0.40735403263643505 -0.5090468532931678
v 0.1352941176470588 0.4291129058243726 -0.47500000000000003
v 0.11681316915139492 0.43780316419541826 -0.47500000000000003
v 0.2029411764705884 0.39654192796335463 -0.47500000000000003
v 0.16868649206453556 0.42237233558742915 -0.47500000000000003
v 0.20851029133408763 0.39515392950201644 -0.47500000000000003
v -0.14873676647685743 -0.417562182039381 -0.4377975943831848
v -0.1352941176470588 -0.4262188338808359 -0.4285714285714286
v -0.1352941176470588 -0.41796840076028924 -0.4380825922794411
v -0.1352941176470588 -0.40441176470588236 -0.4401313701753164
v -0.15073835414162856 -0.40441176470588236 -0.43917135486117986
v -0.1903381607931065 -0.40441176470588236 -0.4285714285714286
v -0.15487166603823213 -0.4235637142189867 -0.4285714285714286
v -0.08983214791054908 -0.42611456924753205 -0.44379784064668126
v -0.0676470588235294 -0.4394726896783006 -0.4285714285714286
v -0.0676470588235294 -0.426511631589944 -0.444076414544056
v -0.0676470588235294 -0.40441176470588236 -0.4475798787563311
v -0.09374082145827514 -0.40441176470588236 -0.4464805016840957
v -0.10026098852948505 -0.4363166959399694 -0.4285714285714286
v -0.025041721847321965 -0.42890910129565385 -0.44575844884552224
v 0 -0.44343687832011514 -0.4285714285714286
v 0 -0.42906034960465933 -0.44586456273850705
v 0 -0.40441176470588236 -0.44983974412522937
v -0.030327341109289745 -0.40441176470588236 -0.44938615647563057
v -0.03849994668853368 -0.44207475603162183 -0.4285714285714286
v 0.044908530007954216 -0.4266559776776407 -0.44417768592621776
v 0.0676470588235294 -0.4394726896783006 -0.4285714285714286
v 0.0676470588235294 -0.426511631589944 -0.444076414544056
v 0.0676470588235294 -0.40441176470588236 -0.4475798787563311
v 0.03930440091053361 -0.40441176470588236 -0.44802399813283256
v 0.030387837129439314 -0.44086100331966616 -0.4285714285714286
v 0.1211352382775654 -0.418262842349952 -0.4382891687598076
v 0.1352941176470588 -0.4262188338808359 -0.4285714285714286
v 0.1352941176470588 -0.41796840076028924 -0.4380825922794411
v 0.1352941176470588 -0.40441176470588236 -0.4401313701753164
v 0.11716949817032225 -0.40441176470588236 -0.4410109965973875
v 0.110061976426127 -0.42909538111766343 -0.4285714285714286
v 0.1903381607931065 -0.40441176470588236 -0.4285714285714286
v -0.29013898942330224 -0.357361031852719 -0.44198980329984416
v -0.2705882352941176 -0.3730077037582665 -0.4285714285714286
v -0.2705882352941176 -0.3584503641448175 -0.4427540650031895
v -0.2705882352941176 -0.3382352941176471 -0.4457968361996237
v -0.29226344608987637 -0.3382352941176471 -0.4434478931237972
v -0.3201785450630722 -0.3382352941176471 -0.4285714285714286
v -0.2980570446051005 -0.3651069554001304 -0.4285714285714286
v -0.2386217949115525 -0.3731402469403295 -0.4530603002343264
v -0.2029411764705883 -0.4009322012209933 -0.4285714285714286
v -0.2029411764705883 -0.3746100170943948 -0.45409147231067065
v -0.2029411764705883 -0.3382352941176471 -0.46057458243369986
v -0.2434959261622508 -0.3382352941176471 -0.45640558907409146
v -0.25283306420599627 -0.3870425755979376 -0.4285714285714286
v -0.1352941176470588 -0.38322601025740266 -0.4601363437044
v -0.1795750725264045 -0.3815536195430939 -0.45896301561594843
v -0.1352941176470588 -0.3382352941176471 -0.4696166567901325
v -0.18772107476288138 -0.3382352941176471 -0.46455390534967944
v -0.2006066310221294 -0.40212797024543345 -0.4285714285714286
v -0.0676470588235294 -0.3875641089727969 -0.4631798986761528
v -0.11677211417946765 -0.3862924134875867 -0.4622876932722434
v -0.0676470588235294 -0.3382352941176471 -0.47479445599253933
v -0.1288652596114478 -0.3382352941176471 -0.47058764712462725
v 0 -0.38890321511644865 -0.4641193985420164
v -0.05131033394431875 -0.38843018601969803 -0.46378752733445483
v -0.06736779151500968 -0.3382352941176471 -0.4748083289590595
v 0.0676470588235294 -0.3875641089727969 -0.4631798986761528
v 0.016720842402335654 -0.3880544188775105 -0.46352389387914233
v 0.0676470588235294 -0.3382352941176471 -0.47479445599253933
v 0.1352941176470588 -0.38322601025740266 -0.4601363437044
v 0.08787423942608735 -0.3846243054207713 -0.4611173698348904
v 0.1352941176470588 -0.3382352941176471 -0.4696166567901325
v 0.06802067545689057 -0.3382352941176471 -0.47474357367710307
v 0.16386432162060036 -0.37646265212307006 -0.455391257521265
v 0.2029411764705884 -0.40093220122099327 -0.4285714285714286
v 0.2029411764705884 -0.3746100170943948 -0.45409147231067065
v 0.2029411764705884 -0.3382352941176471 -0.46057458243369986
v 0.14673908553157072 -0.3382352941176471 -0.46714491334634434
v 0.24861926216019825 -0.35972668087909 -0.4436495126167584
v 0.2705882352941176 -0.3730077037582665 -0.4285714285714286
v 0.2705882352941176 -0.3584503641448175 -0.4427540650031895
v 0.2705882352941176 -0.3382352941176471 -0.4457968361996237
v 0.23903510538240008 -0.3382352941176471 -0.45022745872822856
v 0.21129254883130524 -0.39624194391822454 -0.4285714285714286
v 0.3201785450630722 -0.3382352941176471 -0.4285714285714286
v -0.36537138750111825 -0.29860500183932925 -0.447195890179339
v -0.3382352941176471 -0.3259659136246091 -0.4285714285714286
v -0.3382352941176471 -0.30051260559257453 -0.4485342407490761
v -0.3382352941176471 -0.2720588235294118 -0.4527802585443832
v -0.3676953387290216 -0.2720588235294118 -0.44879090018358314
v -0.3971654644654018 -0.2720588235294118 -0.4285714285714286
v -0.3756706401880063 -0.30868035772867625 -0.4285714285714286
v -0.2705882352941176 -0.31829374425265444 -0.46100926184075125
v -0.31452683815579763 -0.31504223937235964 -0.4587280473056872
v -0.2705882352941176 -0.2720588235294118 -0.4698303479929103
v -0.3198376977489815 -0.2720588235294118 -0.462373078268711
v -0.33250013747839774 -0.3326248147966423 -0.4285714285714286
v -0.2029411764705883 -0.3282720167012788 -0.46800989108248453
v -0.2565152221332975 -0.3244682160255405 -0.4653411928306173
v -0.26579202246113864 -0.2720588235294118 -0.4717081893289182
v -0.1352941176470588 -0.3345783650088008 -0.4724343449744285
v -0.1951867818529489 -0.33064947329604333 -0.4696778844394463
v -0.0676470588235294 -0.3380981846392388 -0.47490380573102153
v -0.13213233493531626 -0.33514224581268154 -0.4728299565860401
v -0.06751466309653595 -0.3381057765586317 -0.4749091321252623
v 0.0676470588235294 -0.3380981846392388 -0.47490380573102153
v 0.06781419424352833 -0.3380717920763438 -0.47488528904403804
v 0.1352941176470588 -0.3345783650088008 -0.4724343449744285
v 0.14030929094378056 -0.33332914632737576 -0.4715579090106351
v 0.2029411764705884 -0.3282720167012788 -0.4680098910824845
v 0.2705882352941176 -0.31829374425265444 -0.46100926184075125
v 0.21819001170753421 -0.32331795529889573 -0.46453418451128875
v 0.2705882352941176 -0.2720588235294118 -0.4698303479929103
v 0.3053925791977385 -0.304187566385844 -0.4511125465754652
v 0.33823529411764697 -0.3259659136246092 -0.4285714285714286
v 0.33823529411764697 -0.3005126055925746 -0.44853424074907616
v 0.33823529411764697 -0.2720588235294118 -0.45278025854438325
v 0.28651170546256793 -0.2720588235294118 -0.4640711586732065
v 0.3971654644654019 -0.2720588235294118 -0.4285714285714286
v -0.43034433097833763 -0.2298125488470951 -0.4453605501435175
v -0.40588235294117647 -0.262248624831409 -0.4285714285714286
v -0.40588235294117647 -0.23208913736225523 -0.4469577757366934
v -0.40588235294117647 -0.20588235294117652 -0.4502914667696201
v -0.4319571498407204 -0.20588235294117652 -0.4464674848285691
v -0.4530276046777539 -0.20588235294117652 -0.4285714285714286
v -0.44012660180202634 -0.2393821616093993 -0.4285714285714286
v -0.3382352941176471 -0.25489453180419297 -0.46295775088484653
v -0.38349679475813736 -0.2501599079155692 -0.4596359988867962
v -0.3382352941176471 -0.20588235294117652 -0.47130302921062506
v -0.38765239640453675 -0.20588235294117652 -0.4624881354205051
v -0.40226837996156484 -0.2685234151797917 -0.4285714285714286
v -0.2705882352941176 -0.26809806966975874 -0.4722211853873546
v -0.32744410749289715 -0.2615022279182434 -0.46759362657121206
v -0.33520547127918043 -0.20588235294117652 -0.47292052531894063
v -0.2678540659727021 -0.26938409267150537 -0.4731234427949292
v 0.2705882352941176 -0.26809806966975874 -0.4722211853873546
v 0.2776990771975993 -0.265102565145571 -0.47011957745133715
v 0.33823529411764697 -0.254894531804193 -0.46295775088484653
v 0.33823529411764697 -0.20588235294117652 -0.4713030292106251
v 0.3733588009470773 -0.23769887119627356 -0.45089349375992527
v 0.4058823529411766 -0.2622486248314089 -0.4285714285714286
v 0.4058823529411766 -0.23208913736225517 -0.4469577757366933
v 0.4058823529411766 -0.20588235294117652 -0.4502914667696201
v 0.3524821178274608 -0.20588235294117652 -0.4652219004973017
v 0.4530276046777539 -0.20588235294117652 -0.4285714285714286
v -0.4830114068448239 -0.14898174710523063 -0.4350792574928761
v -0.47352941176470575 -0.1666487864406777 -0.4285714285714286
v -0.47352941176470575 -0.150145822518135 -0.43589595802065983
v -0.47352941176470575 -0.13970588235294112 -0.43682384866401347
v -0.483510802935326 -0.13970588235294112 -0.4354220107102704
v -0.49079134351289283 -0.13970588235294112 -0.4285714285714286
v -0.4876785694404553 -0.15354744964443523 -0.4285714285714286
v -0.40588235294117647 -0.18436757227695857 -0.45990550308954875
v -0.44626512134346297 -0.17921076448561282 -0.4562875522264141
v -0.40588235294117647 -0.13970588235294112 -0.4652867099116348
v -0.44856148126914314 -0.13970588235294112 -0.45786362534310765
v -0.4630094997399212 -0.19559113465606118 -0.4285714285714286
v -0.3382352941176471 -0.20267393076948367 -0.4727490117462092
v -0.3938084464683662 -0.19407092269603604 -0.4667132505264253
v -0.39867133599623994 -0.13970588235294112 -0.4700508237738169
v -0.3362707518364422 -0.20396051810086743 -0.4736516650802911
v 0.33823529411764697 -0.2026739307694837 -0.4727490117462092
v 0.3451020716472748 -0.1991648531839319 -0.47028708747190145
v 0.4058823529411766 -0.18436757227695855 -0.4599055030895487
v 0.4058823529411766 -0.13970588235294112 -0.4652867099116348
v 0.4594635375309284 -0.15346597671207124 -0.4382253360424373
v 0.47352941176470575 -0.1666487864406777 -0.4285714285714286
v 0.47352941176470575 -0.150145822518135 -0.43589595802065983
v 0.47352941176470575 -0.13970588235294112 -0.43682384866401347
v 0.45165137580167347 -0.13970588235294112 -0.44358709921686384
v 0.49079134351289283 -0.13970588235294112 -0.4285714285714286
v -0.47352941176470575 -0.10195289330673044 -0.4485129822882141
v -0.49897228016915024 -0.09841917433427104 -0.44603376992975846
v -0.47352941176470575 -0.07352941176470584 -0.450508725792998
v -0.49982841448374105 -0.07352941176470584 -0.44662136522020746
v -0.5173092580814987 -0.07352941176470584 -0.4285714285714286
v -0.5103328786926948 -0.10953280332469516 -0.4285714285714286
v -0.40588235294117647 -0.13001608495267597 -0.46820176118902035
v -0.45492580230215346 -0.12150669918305297 -0.46223168418874516
v -0.40588235294117647 -0.07352941176470584 -0.474420576881908
v -0.4571752688969005 -0.07352941176470584 -0.46377557275222064
v -0.40055919416611613 -0.13449844442081685 -0.4713465276730176
v -0.40545935777292585 -0.07352941176470584 -0.4747096834404243
v 0.4058823529411766 -0.13001608495267594 -0.46820176118902035
v 0.4058823529411766 -0.07352941176470584 -0.4744205768819079
v 0.47352941176470575 -0.10195289330673044 -0.4485129822882141
v 0.43126735456922966 -0.11487272858636738 -0.457577374659007
v 0.47352941176470575 -0.07352941176470584 -0.450508725792998
v 0.40874894872104106 -0.07352941176470584 -0.4730325538281055
v 0.5173092580814987 -0.07352941176470584 -0.4285714285714286
v 0.49686616842749204 -0.11687644648717195 -0.4285714285714286
v -0.47352941176470575 -0.04571106538609275 -0.45548300142960796
v -0.506996198285301 -0.04009218885966147 -0.4515408690094768
v -0.47352941176470575 -0.007352941176470562 -0.4570073089044239
v -0.5075711025351906 -0.007352941176470562 -0.451935446149929
v -0.5300699959648664 -0.007352941176470562 -0.4285714285714286
v -0.5234852016225862 -0.05622273560265788 -0.4285714285714286
v -0.40588235294117647 -0.07287233133329903 -0.4745390007132035
v -0.45986957472516815 -0.06016652770428862 -0.4656247702306279
v -0.4612964804859893 -0.007352941176470562 -0.4666041061720611
v -0.4055313427990159 -0.07318603227780966 -0.4747590893123681
v 0.4058823529411766 -0.07287233133329898 -0.4745390007132035
v 0.4077725588527419 -0.07168029728600066 -0.4737026847625593
v 0.47352941176470575 -0.04571106538609275 -0.45548300142960796
v 0.47352941176470575 -0.007352941176470562 -0.4570073089044239
v 0.5300699959648664 -0.007352941176470562 -0.4285714285714286
v 0.5254700414417333 -0.022717926211091928 -0.4285714285714286
v -0.47352941176470575 0.016167877562211837 -0.4584980922500038
v -0.5098931648134636 0.02325029273363211 -0.4535291597011661
v -0.47352941176470575 0.05882352941176472 -0.4588023957161352
v -0.5099900187749467 0.05882352941176472 -0.4535956340039231
v -0.5341992756876218 0.05882352941176472 -0.4285714285714286
v -0.5312889761476456 0.0023196077328019125 -0.4285714285714286
v -0.4620942944684563 0.0038335866133387218 -0.46715167415381637
v -0.46236469680443865 0.05882352941176472 -0.46733726085025146
v 0.47352941176470575 0.016167877562211837 -0.4584980922500038
v 0.47352941176470575 0.05882352941176472 -0.4588023957161352
v 0.5341992756876218 0.05882352941176472 -0.4285714285714286
v 0.5332901026129038 0.05110860421850578 -0.4285714285714286
v -0.47352941176470575 0.08322780665813923 -0.45787826897952777
v -0.508531512731769 0.09075881427135127 -0.4525946096699409
v -0.47352941176470575 0.125 -0.4565976713334661
v -0.5081264796042474 0.125 -0.4523166210948407
v -0.5308922751342143 0.125 -0.4285714285714286
v -0.533638909263651 0.06619723070755362 -0.4285714285714286
v -0.4618784954581401 0.07022116492905722 -0.4670035636529472
v -0.46070849951220977 0.125 -0.4662005540130385
v 0.47352941176470575 0.08322780665813923 -0.45787826897952777
v 0.47352941176470575 0.125 -0.4565976713334661
v 0.5308922751342143 0.125 -0.4285714285714286
v 0.5316243864417541 0.11565556985670333 -0.4285714285714286
v -0.47352941176470575 0.1570708019078354 -0.4524995326297409
v -0.5020957724006602 0.16323111779219296 -0.4481775332315091
v -0.47352941176470575 0.19117647058823528 -0.4503831377734591
v -0.5013142489373691 0.19117647058823528 -0.4476411460098093
v -0.5191545402933265 0.19117647058823528 -0.4285714285714286
v -0.5273562818400135 0.13851974986239082 -0.4285714285714286
v -0.45862528314523526 0.13958012582339507 -0.46477076886676094
v -0.40588235294117647 0.19117647058823528 -0.4721387237544181
v -0.45639697347066116 0.19117647058823528 -0.463241401046634
v -0.4036472451524399 0.19117647058823528 -0.4734659663934448
v 0.4058823529411766 0.19117647058823528 -0.47213872375441807
v 0.47352941176470575 0.1570708019078354 -0.4524995326297409
v 0.47352941176470575 0.19117647058823528 -0.4503831377734591
v 0.41801477725546776 0.19117647058823528 -0.4666730876600672
v 0.5191545402933265 0.19117647058823528 -0.4285714285714286
v 0.5241242146041089 0.17449491582115523 -0.4285714285714286
v -0.4872582653272348 0.24392254095225735 -0.4379940268239718
v -0.47352941176470575 0.24117096173862 -0.4399244998595714
v -0.47352941176470575 0.25735294117647056 -0.43875526060180636
v -0.48662109985320917 0.25735294117647056 -0.43755671760111575
v -0.4948620646834444 0.25735294117647056 -0.4285714285714286
v -0.5026713981374316 0.2288444762466302 -0.4285714285714286
v -0.40588235294117647 0.19695843036574545 -0.47094345044181035
v -0.45114931921307105 0.21307003938874752 -0.45963975014313274
v -0.40588235294117647 0.25735294117647056 -0.46336466273939786
v -0.44898229741684753 0.25735294117647056 -0.45815244636373703
v -0.40294528098874266 0.1940496931503988 -0.47298418353575195
v -0.3966250125452979 0.25735294117647056 -0.46864635954195916
v 0.4058823529411766 0.19695843036574553 -0.4709434504418103
v 0.4058823529411766 0.25735294117647056 -0.46336466273939786
v 0.43120388537486354 0.2159475349255378 -0.45762093581414653
v 0.47352941176470575 0.24117096173862 -0.4399244998595714
v 0.47352941176470575 0.25735294117647056 -0.43875526060180636
v 0.451635383625691 0.25735294117647056 -0.44359807521342326
v 0.4948620646834444 0.25735294117647056 -0.4285714285714286
v 0.5112558912306714 0.22808280919624518 -0.4285714285714286
v -0.47352941176470575 0.29225802073275226 -0.4285714285714286
v -0.40588235294117647 0.284572779193739 -0.45590290729582117
v -0.43677154748295355 0.2933117214520978 -0.44977177637805205
v -0.40588235294117647 0.32352941176470584 -0.45068796955890517
v -0.43499197102413223 0.32352941176470584 -0.4485503900507244
v -0.4579365935648262 0.32352941176470584 -0.4285714285714286
v -0.39235572692996457 0.2705855101004822 -0.46571619767553474
v -0.3382352941176471 0.32352941176470584 -0.4681195911520389
v -0.3867900001807789 0.32352941176470584 -0.46189624236009985
v -0.3321043329354758 0.32352941176470584 -0.47079210428180174
v 0.33823529411764697 0.32352941176470584 -0.4681195911520389
v 0.4058823529411766 0.2845727791937391 -0.45590290729582117
v 0.4058823529411766 0.32352941176470584 -0.4506879695589051
v 0.360370664325615 0.32352941176470584 -0.45980771175167423
v 0.47352941176470575 0.29225802073275226 -0.4285714285714286
v 0.4579365935648262 0.32352941176470584 -0.4285714285714286
v 0.4650471456012912 0.31523154269180026 -0.4285714285714286
v 0.49045659453578494 0.2739121417133959 -0.4285714285714286
v -0.40588235294117647 0.3883435433968009 -0.4285714285714286
v -0.3382352941176471 0.34233702203478145 -0.4618048194613121
v -0.3738879987616185 0.35482823650557777 -0.4530411420071978
v -0.3382352941176471 0.3897058823529411 -0.45325612669415205
v -0.3710022942523048 0.3897058823529411 -0.451060580837762
v -0.4047411776063317 0.3897058823529411 -0.4285714285714286
v -0.32802029756436535 0.3335223431755249 -0.4679890862165365
v -0.2705882352941176 0.3897058823529411 -0.4667889790959476
v -0.31909481282577873 0.3897058823529411 -0.46186321004502207
v -0.26243228400984114 0.3897058823529411 -0.4694022818825308
v 0.2705882352941176 0.3897058823529411 -0.4667889790959476
v 0.33823529411764697 0.3423370220347814 -0.46180481946131213
v 0.33823529411764697 0.3897058823529411 -0.45325612669415205
v 0.2925158748059004 0.3897058823529411 -0.45995028468290683
v 0.4058823529411766 0.3883435433968007 -0.4285714285714286
v 0.4047411776063317 0.3897058823529411 -0.4285714285714286
v 0.4053775342921496 0.38921203802237125 -0.4285714285714286
v 0.4424938779042909 0.35934503401123086 -0.4285714285714286
v -0.3382352941176471 0.45217705787461016 -0.4285714285714286
v -0.2705882352941176 0.4159807682335505 -0.456565873715509
v -0.3012061291430586 0.42593006548025586 -0.449585573107503
v -0.2705882352941176 0.4558823529411764 -0.4485685347901688
v -0.2976106342415966 0.4558823529411764 -0.4471178576627108
v -0.3331413781967619 0.4558823529411764 -0.4285714285714286
v -0.2547828338261827 0.4051676881367905 -0.46415219340244224
v -0.2029411764705883 0.4558823529411764 -0.46001500659633593
v -0.2449066373595217 0.4558823529411764 -0.45737381011321215
v -0.1352941176470588 0.4558823529411764 -0.4668267373086269
v -0.1864398157716667 0.4558823529411764 -0.46367453194266567
v -0.0676470588235294 0.4558823529411764 -0.4706810851310796
v -0.12522867620813177 0.4558823529411764 -0.4680917311863265
v 0 0.4558823529411764 -0.4719447162569885
v -0.061703426119026655 0.4558823529411764 -0.4709206744481519
v 0.0676470588235294 0.4558823529411764 -0.4706810851310796
v 0.004719746258296674 0.4558823529411764 -0.47176067104632435
v 0.1352941176470588 0.4558823529411764 -0.4668267373086269
v 0.07518246075794138 0.4558823529411764 -0.4698281868711024
v 0.2029411764705884 0.4558823529411764 -0.46001500659633593
v 0.15152145929973487 0.4558823529411764 -0.4638626009153994
v 0.2705882352941176 0.4159807682335505 -0.456565873715509
v 0.2705882352941176 0.4558823529411764 -0.4485685347901688
v 0.23725332554961057 0.4558823529411764 -0.45145035730911826
v 0.33823529411764697 0.4521770578746103 -0.4285714285714286
v 0.33314137819676193 0.4558823529411764 -0.4285714285714286
v 0.33648445298879676 0.45416957357599685 -0.4285714285714286
v 0.37903631988114683 0.42961992929549525 -0.4285714285714286
v -0.2705882352941176 0.49998391333430847 -0.4285714285714286
v -0.21026956210562436 0.5148897506255721 -0.4336011590849161
v -0.2029411764705883 0.5131277697367442 -0.43483734250215716
v -0.2029411764705883 0.5220588235294117 -0.4330439319826037
v -0.20913664853294944 0.5220588235294117 -0.4328236003906268
v -0.2193723996197663 0.5220588235294117 -0.4285714285714286
v -0.16437364732915488 0.49361145753605684 -0.4485297393159728
v -0.1352941176470588 0.4868261322975914 -0.45329023734041995
v -0.1352941176470588 0.5220588235294117 -0.4451463540829313
v -0.15829497388993777 0.5220588235294117 -0.4443577305269449
v -0.0676470588235294 0.4723183357150995 -0.46346872319670795
v -0.11092254279427338 0.47972411094933604 -0.45827292533395786
v -0.0676470588235294 0.5220588235294117 -0.4509490359137694
v -0.09903866035263606 0.5220588235294117 -0.450116596080536
v 0 0.4675473488123862 -0.4668159870236909
v -0.05233312393464205 0.47086337620204444 -0.464489504315391
v 0 0.5220588235294117 -0.4527028079756269
v -0.0346588985227534 0.5220588235294117 -0.45235905768176554
v 0.013165117344987223 0.4687612720830117 -0.4659643138719187
v 0.0676470588235294 0.4723183357150995 -0.46346872319670795
v 0.0676470588235294 0.5220588235294117 -0.4509490359137694
v 0.03454162677297225 0.5220588235294117 -0.45129285864339486
v 0.09065183135589804 0.47838702172284137 -0.4592110101563557
v 0.1352941176470588 0.4868261322975914 -0.45329023734041995
v 0.1352941176470588 0.5220588235294117 -0.4451463540829313
v 0.11001606702301038 0.5220588235294117 -0.44592064965190903
v 0.19004261957031077 0.5094406700400097 -0.43742416482907254
v 0.2029411764705884 0.5131277697367443 -0.4348373425021571
v 0.2029411764705884 0.5220588235294117 -0.4330439319826037
v 0.19597056647664496 0.5220588235294117 -0.4333556049958432
v 0.2705882352941176 0.49998391333430847 -0.4285714285714286
v 0.21937239961976626 0.5220588235294117 -0.4285714285714286
v 0.257860619094678 0.5096078946386555 -0.4285714285714286
v 0.30338498542271114 0.48796613024088753 -0.4285714285714286
v -0.2029411764705883 0.5306497415457435 -0.4285714285714286
v -0.1352941176470588 0.5549091680212808 -0.4285714285714286
v -0.19148110637861634 0.5332697616628624 -0.4285714285714286
v -0.0676470588235294 0.5670298885895455 -0.4285714285714286
v -0.09631251955371939 0.5601929955772437 -0.4285714285714286
v 0 0.5707513546697416 -0.4285714285714286
v -0.019515585962552935 0.5691439600238452 -0.4285714285714286
v 0.0676470588235294 0.5670298885895455 -0.4285714285714286
v 0.047720157297701474 0.5687415861032501 -0.4285714285714286
v 0.1352941176470588 0.5549091680212808 -0.4285714285714286
v 0.10863242019873698 0.5621531987877669 -0.4285714285714286
v 0.2029411764705884 0.5306497415457435 -0.4285714285714286
v 0.16363412967380506 0.5497827483381851 -0.4285714285714286
v 0.21014457459633404 0.5291056260437281 -0.4285714285714286
v -0.21582907988806763 -0.41701949630993823 -0.3909882815380837
v -0.2029411764705883 -0.42012138243940733 -0.3821428571428572
v -0.2029411764705883 -0.41874480817648535 -0.392198738434931
v -0.2029411764705883 -0.40441176470588236 -0.4168611665822511
v -0.22432925384583768 -0.40441176470588236 -0.3968222518631371
v -0.23223256073129311 -0.40441176470588236 -0.3821428571428572
v -0.2166335600998834 -0.41780648782149715 -0.3821428571428572
v -0.16734611590999074 -0.435766980397881 -0.4041412783108943
v -0.1352941176470588 -0.44266978090505443 -0.3821428571428572
v -0.1352941176470588 -0.43887404941817904 -0.4063211584806907
v -0.19659311990020292 -0.40441176470588236 -0.4242145326023132
v -0.16935051132666004 -0.4377278020011444 -0.3821428571428572
v -0.10959206028273924 -0.4454449183072833 -0.41093119665368133
v -0.0676470588235294 -0.4535142155730709 -0.3821428571428572
v -0.0676470588235294 -0.44834632069417213 -0.41296678372511764
v -0.11317303545817026 -0.4489480461962919 -0.3821428571428572
v -0.04661144733725749 -0.4500099197097212 -0.41413394366936
v 0 -0.4568020407542006 -0.3821428571428572
v 0 -0.4511882279487417 -0.41496062976721243
v -0.051639889507672856 -0.4549290479199102 -0.3821428571428572
v 0.021479183748683295 -0.4495759903225796 -0.4138295043215559
v 0.0676470588235294 -0.4535142155730709 -0.3821428571428572
v 0.0676470588235294 -0.44834632069417213 -0.41296678372511764
v 0.01541748604197376 -0.45550591199218676 -0.3821428571428572
v 0.09686494482126065 -0.44200552073111965 -0.4085181589891348
v 0.1352941176470588 -0.44266978090505443 -0.3821428571428572
v 0.1352941176470588 -0.43887404941817904 -0.4063211584806907
v 0.09085441191477028 -0.4478853898787733 -0.3821428571428572
v 0.1860179870564332 -0.42096705869799067 -0.39375784118176493
v 0.2029411764705884 -0.4201213824394073 -0.3821428571428572
v 0.2029411764705884 -0.4187448081764853 -0.392198738434931
v 0.2029411764705884 -0.40441176470588236 -0.416861166582251
v 0.1829081885083657 -0.4240092529297958 -0.3821428571428572
v 0.23223256073129311 -0.40441176470588236 -0.3821428571428572
v -0.34287994479459993 -0.34277897412770963 -0.38533064534039313
v -0.3382352941176471 -0.3446294569821978 -0.3821428571428572
v -0.3382352941176471 -0.3439383663988632 -0.38614406023539294
v -0.3382352941176471 -0.3382352941176471 -0.3948991704847036
v -0.3447650965083303 -0.3382352941176471 -0.38662449170292235
v -0.34601205204477387 -0.3382352941176471 -0.3821428571428572
v -0.34318004327210244 -0.3430725487252665 -0.3821428571428572
v -0.30831357093959905 -0.3751405137708354 -0.40803509061382426
v -0.2705882352941176 -0.38927785333171044 -0.3821428571428572
v -0.2705882352941176 -0.38265719578039786 -0.41330869926180297
v -0.3270810902981486 -0.3382352941176471 -0.42091590358972314
v -0.31039613036992336 -0.3771778001700657 -0.3821428571428572
v -0.2029411764705883 -0.4020185813785038 -0.4268924015385694
v -0.25746912198980265 -0.3915778495168786 -0.41956731664517516
v -0.26198736105763165 -0.3959978659962765 -0.3821428571428572
v -0.20125073994707018 -0.40275807680244075 -0.4274112221375854
v 0.2029411764705884 -0.40201858137850377 -0.42689240153856933
v 0.20774097910578437 -0.3997163056062341 -0.42527715409199285
v 0.2705882352941176 -0.38927785333171044 -0.3821428571428572
v 0.2705882352941176 -0.38265719578039786 -0.41330869926180297
v 0.32927208998959023 -0.3470036459820504 -0.3882946214667719
v 0.33823529411764697 -0.3446294569821979 -0.3821428571428572
v 0.33823529411764697 -0.3439383663988633 -0.386144060235393
v 0.33823529411764697 -0.3382352941176471 -0.39489917048470374
v 0.32460744113433915 -0.3515668894274047 -0.3821428571428572
v 0.34601205204477387 -0.3382352941176471 -0.3821428571428572
v -0.4155025463371347 -0.2814698822863274 -0.38874553646120114
v -0.40588235294117647 -0.2866404703376868 -0.3821428571428572
v -0.40588235294117647 -0.2845407040409691 -0.3908999860096958
v -0.40588235294117647 -0.2720588235294118 -0.408102910789329
v -0.4183658115995371 -0.2720588235294118 -0.3907106967810488
v -0.4202232250972688 -0.2720588235294118 -0.3821428571428572
v -0.41611454446420404 -0.2820685761062866 -0.3821428571428572
v -0.3382352941176471 -0.33009460653192824 -0.4228600255350989
v -0.3834124610914162 -0.3162538781776642 -0.41314954627702793
v -0.40023074400116443 -0.2720588235294118 -0.42469252926788
v -0.3862425245297508 -0.3190224184977741 -0.3821428571428572
v -0.33403099736844394 -0.33412239512386144 -0.4256858708646774
v 0.33823529411764697 -0.3300946065319283 -0.4228600255350989
v 0.37531713392814453 -0.3019595812595518 -0.40312084907416174
v 0.4058823529411766 -0.2866404703376867 -0.3821428571428572
v 0.4058823529411766 -0.284540704040969 -0.3908999860096957
v 0.4058823529411766 -0.2720588235294118 -0.4081029107893288
v 0.4202232250972688 -0.2720588235294118 -0.3821428571428572
v -0.40588235294117647 -0.2658878835346599 -0.4242419754322535
v -0.44879569991577783 -0.247862801068504 -0.41159580646393457
v -0.4597005894340724 -0.20588235294117652 -0.41908021821406843
v -0.4694102264161993 -0.20588235294117652 -0.3821428571428572
v -0.45144142424227757 -0.2504510096487755 -0.3821428571428572
v -0.4032429299115289 -0.2694767792612783 -0.42675989910076984
v 0.4058823529411766 -0.26588788353465986 -0.42424197543225345
v 0.4668401980493128 -0.20588235294117652 -0.3867339013388257
v 0.4694102264161993 -0.20588235294117652 -0.3821428571428572
v 0.45106692081563965 -0.22785652886961083 -0.3821428571428572
v -0.50194873243425 -0.1675073917035822 -0.40164804306822754
v -0.47352941176470575 -0.19805504036832944 -0.3821428571428572
v -0.47352941176470575 -0.1829132301135905 -0.4124565836669953
v -0.5062790671127575 -0.13970588235294112 -0.4046201050680728
v -0.5105116084115925 -0.13970588235294112 -0.3821428571428572
v -0.5037014273717356 -0.16922198457720947 -0.3821428571428572
v -0.46583687662078366 -0.19835704682212224 -0.42329176935774293
v -0.4714078809550787 -0.20380694236654134 -0.3821428571428572
v 0.47352941176470575 -0.1829132301135905 -0.4124565836669953
v 0.47352941176470575 -0.19805504036832944 -0.3821428571428572
v 0.4942083516695871 -0.13970588235294112 -0.41437874000317154
v 0.5105116084115925 -0.13970588235294112 -0.3821428571428572
v -0.5186362987417026 -0.11765571424220268 -0.41310131062706923
v -0.5245814238089668 -0.07352941176470584 -0.4171816604403158
v -0.531937653715888 -0.07352941176470584 -0.3821428571428572
v -0.5222368401471728 -0.12117798300842353 -0.3821428571428572
v 0.5086902168971988 -0.10530944254941524 -0.40443932318546283
v 0.5269935248752186 -0.07352941176470584 -0.3918771149148344
v 0.5319376537158879 -0.07352941176470584 -0.3821428571428572
v 0.5241142778797443 -0.09022068724040336 -0.3821428571428572
v -0.5437259741504269 -0.00984702074817978 -0.3838926716995167
v -0.5411764705882353 -0.017296547979511016 -0.3821428571428572
v -0.5411764705882353 -0.012596012374046277 -0.3858213293163944
v -0.5411764705882353 -0.007352941176470562 -0.38837795291089694
v -0.5438916469918516 -0.007352941176470562 -0.3840063788360224
v -0.5441604938493367 -0.007352941176470562 -0.3821428571428572
v -0.5439402238620191 -0.010056612857346062 -0.3821428571428572
v -0.5284238184851352 -0.0610539912290645 -0.4198188319416612
v -0.5334545671392742 -0.007352941176470562 -0.4232716128502472
v -0.5343060162766325 -0.06680831515552926 -0.3821428571428572
v 0.5411764705882351 -0.012596012374046665 -0.3858213293163947
v 0.5411764705882351 -0.01729654797951171 -0.3821428571428572
v 0.5411764705882351 -0.007352941176470562 -0.3883779529108974
v 0.544160493849337 -0.007352941176470562 -0.3821428571428572
v -0.5411764705882353 0.03466500730747095 -0.39909216947634585
v -0.5502538566708477 0.04994347780920902 -0.3883729885846502
v -0.5411764705882353 0.05882352941176472 -0.4035538099848902
v -0.5503419680059896 0.05882352941176472 -0.38843346251342764
v -0.5511822428723652 0.05882352941176472 -0.3821428571428572
v -0.5510568082387409 0.04915798171018307 -0.3821428571428572
v -0.5341876937399351 -0.000516094259655233 -0.4237747835916947
v -0.536316569996706 0.05882352941176472 -0.4252359067368696
v 0.5411764705882351 0.034665007307470574 -0.39909216947634607
v 0.5411764705882351 0.05882352941176472 -0.4035538099848905
v 0.5511822428723652 0.05882352941176472 -0.3821428571428572
v 0.5442029641143271 -0.004392240987902296 -0.3821428571428572
v -0.5449589264058298 0.12129977148278796 -0.38473889048350435
v -0.5411764705882353 0.10882767090928497 -0.3934891578699938
v -0.5411764705882353 0.125 -0.39070800292805075
v -0.544796869028485 0.125 -0.3846276647679976
v -0.5451229395032492 0.125 -0.3821428571428572
v -0.5453408362693122 0.12092616400764217 -0.3821428571428572
v -0.535970681062823 0.06391614959966806 -0.4249985109157885
v -0.5339718873223314 0.125 -0.42362666800694176
v 0.5411764705882351 0.10882767090928425 -0.3934891578699943
v 0.5411764705882351 0.125 -0.39070800292805113
v 0.5451229395032492 0.125 -0.3821428571428572
v 0.550704574060545 0.06814450019989383 -0.3821428571428572
v -0.5411764705882353 0.13865434553516445 -0.3821428571428572
v -0.5318896376756479 0.13408494524057454 -0.4221975463550255
v -0.5255997093594711 0.19117647058823528 -0.4178805458647302
v -0.5329489962850701 0.19117647058823528 -0.3821428571428572
v 0.5411764705882351 0.1386543455351651 -0.3821428571428572
v 0.5320476076820596 0.18224606122349837 -0.3884083189511329
v 0.5288233047632256 0.19117647058823528 -0.3906212721966681
v 0.5329489962850701 0.19117647058823528 -0.3821428571428572
v 0.5348195938639407 0.18495778683620814 -0.3821428571428572
v 0.5447364957855677 0.1284826333452166 -0.3821428571428572
v -0.516232155244027 0.21557851820756946 -0.4114512618289751
v -0.5080464474928227 0.25735294117647056 -0.40583312079476347
v -0.5124234092271809 0.25735294117647056 -0.3821428571428572
v -0.5267791125971996 0.2052608425359876 -0.3821428571428572
v 0.5155239592721214 0.23225809314983753 -0.3997490838536061
v 0.4988446658636085 0.25735294117647056 -0.411196673429014
v 0.5124234092271809 0.25735294117647056 -0.3821428571428572
v 0.5225990424081094 0.23917937013069535 -0.3821428571428572
v -0.47352941176470575 0.3189552882677214 -0.38535200410423354
v -0.47352941176470575 0.32142609940269523 -0.3821428571428572
v -0.46266042500486987 0.32352941176470584 -0.4211116581555164
v -0.4724729030607597 0.32352941176470584 -0.3821428571428572
v 0.47273504781544345 0.32275231659694925 -0.3826880572446801
v 0.47352941176470575 0.32142609940269523 -0.3821428571428572
v 0.47352941176470575 0.3189552882677214 -0.38535200410423354
v 0.47189063797938 0.32352941176470584 -0.38326760561042544
v 0.4724729030607597 0.32352941176470584 -0.3821428571428572
v 0.4729579722364976 0.32297039483493695 -0.3821428571428572
v 0.49175231783162865 0.2751796971115038 -0.41606440297891323
v 0.5042913074619447 0.28744610001072607 -0.3821428571428572
v -0.4404805636637138 0.35585980664611105 -0.4058888340673316
v -0.40588235294117647 0.3897058823529411 -0.42565494472029236
v -0.4241496226742536 0.3897058823529411 -0.3946803310900934
v -0.4268340031939132 0.3897058823529411 -0.3821428571428572
v -0.46856675505535966 0.32838418463254443 -0.3821428571428572
v -0.4051131240805285 0.3897058823529411 -0.4280434795707976
v 0.4058823529411766 0.3897058823529411 -0.42565494472029203
v 0.4457002518596743 0.36248170418497555 -0.4012429948416521
v 0.4268340031939131 0.3897058823529411 -0.3821428571428572
v 0.45264371969150974 0.36927422706394497 -0.3821428571428572
v -0.40588235294117647 0.4114493899799785 -0.3821428571428572
v -0.40057802748887983 0.39489489638236175 -0.42493088222062875
v -0.3382352941176471 0.4558823529411764 -0.4180199676973258
v -0.3541052772563484 0.4558823529411764 -0.3930349884274938
v -0.35705750274616993 0.4558823529411764 -0.3821428571428572
v -0.334921546832031 0.4558823529411764 -0.42629708649030706
v 0.33823529411764697 0.4558823529411764 -0.4180199676973262
v 0.4058823529411766 0.4114493899799784 -0.3821428571428572
v 0.38264817652861877 0.433153267320196 -0.3980892949912275
v 0.35705750274617004 0.4558823529411764 -0.3821428571428572
v 0.38831934616157515 0.4387011506567837 -0.3821428571428572
v 0.42052588788783085 0.4040310795833638 -0.3821428571428572
v -0.3382352941176471 0.4713878396248524 -0.3821428571428572
v -0.2705882352941176 0.5136777093341915 -0.3821428571428572
v -0.2705882352941176 0.5097167570471424 -0.3908018942621636
v -0.3012288635414136 0.49208429589618735 -0.3821428571428572
v -0.23867740609801977 0.5220588235294117 -0.40666989673187076
v -0.2509522159940794 0.5220588235294117 -0.3821428571428572
v 0.2640968054390416 0.5157085117146635 -0.38659815527320435
v 0.2705882352941176 0.5136777093341915 -0.3821428571428572
v 0.2705882352941176 0.5097167570471424 -0.3908018942621636
v 0.23080658611350255 0.5220588235294117 -0.40944641139414895
v 0.2509522159940794 0.5220588235294117 -0.3821428571428572
v 0.2657646080101891 0.5173400577081773 -0.3821428571428572
v 0.33823529411764697 0.4713878396248526 -0.3821428571428572
v 0.3061011104073476 0.49062320903020584 -0.4041976850930937
v 0.31361111523699753 0.4979699528852981 -0.3821428571428572
v 0.34987672264107417 0.4672707069314856 -0.3821428571428572
v -0.2029411764705883 0.5472346113965544 -0.3821428571428572
v -0.2029411764705883 0.5319584092670369 -0.421626004926936
v -0.18806411913928645 0.5366124665709026 -0.4183607774216842
v -0.1352941176470588 0.5680393248863149 -0.3821428571428572
v -0.1352941176470588 0.560223977956218 -0.4017952408624628
v -0.16938886607671816 0.5548817358712411 -0.3821428571428572
v -0.08710384987918704 0.5692014767805906 -0.39549674168726817
v -0.0676470588235294 0.578504624648144 -0.3821428571428572
v -0.0676470588235294 0.574625874336378 -0.3916910532433665
v -0.08081130272398074 0.5753572294324228 -0.3821428571428572
v -0.010357843940456087 0.5781026206976356 -0.38925181214546833
v 0 0.5817251711593586 -0.3821428571428572
v 0 0.579102049854741 -0.3885506253400071
v -0.007268791631408804 0.5811245196956166 -0.3821428571428572
v 0.055030191859492705 0.5758927068702198 -0.3908022596243855
v 0.0676470588235294 0.578504624648144 -0.3821428571428572
v 0.0676470588235294 0.574625874336378 -0.3916910532433665
v 0.05850612478087875 0.5792930760324453 -0.3821428571428572
v 0.11364571836182907 0.5670575122081831 -0.3970009200063223
v 0.1352941176470588 0.5680393248863149 -0.3821428571428572
v 0.1352941176470588 0.560223977956218 -0.4017952408624628
v 0.1191532993968728 0.5724453632207259 -0.3821428571428572
v 0.16637796952427908 0.5524669394962575 -0.40723748054389547
v 0.2029411764705884 0.5472346113965543 -0.3821428571428572
v 0.2029411764705884 0.5319584092670367 -0.4216260049269361
v 0.17499455745698697 0.5608962102999935 -0.3821428571428572
v 0.21066963040758097 0.5296192675982088 -0.42326711701839953
v 0.22394254062107535 0.5426036362853229 -0.3821428571428572
v -0.22487863255785084 -0.42587231957385663 -0.35077073849467405
v -0.2029411764705883 -0.434026939639126 -0.33571428571428574
v -0.2029411764705883 -0.4289335502945921 -0.352918459095571
v -0.24291211411247157 -0.40441176470588236 -0.3631477553380628
v -0.26249780503015835 -0.40441176470588236 -0.33571428571428574
v -0.2275922092063426 -0.4285269054256421 -0.33571428571428574
v -0.1724195573385428 -0.4407301296214645 -0.36119478935347193
v -0.1352941176470588 -0.4533565392687115 -0.33571428571428574
v -0.1352941176470588 -0.44555978762359444 -0.3645832160787758
v -0.17763992905794823 -0.4458370149991437 -0.33571428571428574
v -0.11480628851649588 -0.4505457937533496 -0.36808133466504844
v -0.0676470588235294 -0.46330140159222605 -0.33571428571428574
v -0.0676470588235294 -0.4548936369701315 -0.37113172625523516
v -0.12170164322401555 -0.4572912494454884 -0.33571428571428574
v -0.05282064640875346 -0.4560841361927064 -0.37196696539234325
v 0 -0.46628171525511813 -0.33571428571428574
v 0 -0.4578537965752146 -0.3732085366448331
v -0.06084919539973841 -0.4639381515099743 -0.33571428571428574
v 0.014125606985207977 -0.4567697067216316 -0.37244795296977967
v 0.0676470588235294 -0.46330140159222605 -0.33571428571428574
v 0.0676470588235294 -0.4548936369701315 -0.37113172625523516
v 0.004841988945220062 -0.4658515069781415 -0.33571428571428574
v 0.08816256375798165 -0.4505187195973709 -0.3680623397810126
v 0.1352941176470588 -0.4533565392687115 -0.33571428571428574
v 0.1352941176470588 -0.44555978762359444 -0.3645832160787758
v 0.07763593504534652 -0.4608165085553835 -0.33571428571428574
v 0.17296619870957708 -0.43373511251556723 -0.3562871741775885
v 0.2029411764705884 -0.43402693963912586 -0.33571428571428574
v 0.2029411764705884 -0.42893355029459207 -0.35291845909557096
v 0.1637808941230475 -0.442720736567607 -0.33571428571428574
v 0.25676157571000047 -0.40441176470588236 -0.34520401170214254
v 0.26249780503015835 -0.40441176470588236 -0.33571428571428574
v -0.35454388390387953 -0.35418934934330926 -0.34690744826943287
v -0.3382352941176471 -0.3632727497778014 -0.33571428571428574
v -0.3382352941176471 -0.3581619295922497 -0.349694560126626
v -0.36147233624645325 -0.3382352941176471 -0.35166269040517445
v -0.36970566473014976 -0.3382352941176471 -0.33571428571428574
v -0.3565055215430092 -0.35610834268593605 -0.33571428571428574
v -0.3125161862762553 -0.3792517679045209 -0.36449092287904483
v -0.2705882352941176 -0.4011991687650778 -0.33571428571428574
v -0.2705882352941176 -0.3907535401807988 -0.3725604202538303
v -0.31775369653807745 -0.38437541924760776 -0.33571428571428574
v -0.2625234930624645 -0.3965223429575261 -0.37660773902734374
v -0.2688383070658562 -0.40269987839562665 -0.33571428571428574
v 0.2705882352941176 -0.3907535401807988 -0.3725604202538303
v 0.2705882352941176 -0.4011991687650778 -0.33571428571428574
v 0.30413949613358077 -0.37158987910205965 -0.3591154389890641
v 0.33823529411764697 -0.3632727497778015 -0.33571428571428574
v 0.33823529411764697 -0.35816192959224974 -0.34969456012662603
v 0.2815347494604216 -0.3937032182388458 -0.33571428571428574
v 0.3502494213544211 -0.3382352941176471 -0.3738971362753818
v 0.3697056647301499 -0.3382352941176471 -0.33571428571428574
v -0.42613147525156875 -0.29186774752870864 -0.34961197525030036
v -0.40588235294117647 -0.3071132995165189 -0.33571428571428574
v -0.40588235294117647 -0.2987855990287128 -0.35446545201696994
v -0.43240437831682543 -0.2720588235294118 -0.3539172907081318
v -0.4402602933998845 -0.2720588235294118 -0.33571428571428574
v -0.4286358669463403 -0.29431769592576773 -0.33571428571428574
v -0.3875393898243311 -0.32029109106855924 -0.369553432146513
v -0.3935126187128733 -0.3261344671551766 -0.33571428571428574
v 0.4058823529411766 -0.3071132995165188 -0.33571428571428574
v 0.4058823529411766 -0.2987855990287127 -0.3544654520169699
v 0.42625876235187093 -0.2720588235294118 -0.36815780596346753
v 0.44026029339988443 -0.2720588235294118 -0.33571428571428574
v -0.4837521747604644 -0.21588288195876645 -0.34273052988218217
v -0.47352941176470575 -0.22656441041824119 -0.33571428571428574
v -0.47352941176470575 -0.2205084735694231 -0.34597578621854763
v -0.47352941176470575 -0.20588235294117652 -0.36726879415143904
v -0.48613969992655154 -0.20588235294117652 -0.3443691729309563
v -0.48933299292383414 -0.20588235294117652 -0.33571428571428574
v -0.4851223746062836 -0.21722329485141567 -0.33571428571428574
v -0.4531020762754107 -0.2520755605507536 -0.36812285359275093
v -0.4698296302998492 -0.20588235294117652 -0.37960356613747426
v -0.4591481087654948 -0.2579901575519228 -0.33571428571428574
v 0.47352941176470575 -0.2205084735694231 -0.34597578621854763
v 0.47352941176470575 -0.22656441041824119 -0.33571428571428574
v 0.47352941176470575 -0.20588235294117652 -0.36726879415143904
v 0.48933299292383414 -0.20588235294117652 -0.33571428571428574
v -0.47352941176470575 -0.19979685904190628 -0.3778733518992422
v -0.5084411041865188 -0.17385862493949739 -0.3596754162273934
v -0.5151334156648272 -0.13970588235294112 -0.36426858652772304
v -0.5251071173689841 -0.13970588235294112 -0.33571428571428574
v -0.5132100971966872 -0.17852394418857517 -0.33571428571428574
v -0.47157497054026754 -0.20397039956944346 -0.38080145493602224
v 0.47352941176470575 -0.19979685904190628 -0.3778733518992422
v 0.5214145664631372 -0.13970588235294112 -0.34927758016039334
v 0.5251071173689841 -0.13970588235294112 -0.33571428571428574
v 0.5011385746716823 -0.17887338922782983 -0.33571428571428574
v -0.5455075092484923 -0.07776629741060954 -0.3386868308817293
v -0.5411764705882353 -0.0872528807293125 -0.33571428571428574
v -0.5411764705882353 -0.08115396280197112 -0.3410635739023354
v -0.5411764705882353 -0.07352941176470584 -0.3469727843833426
v -0.5460193983040317 -0.07352941176470584 -0.33903815846332613
v -0.547116171016657 -0.07352941176470584 -0.33571428571428574
v -0.5462076458542744 -0.07845121365539626 -0.33571428571428574
v -0.5239486591238582 -0.12285258852909403 -0.37031880020612634
v -0.5329212873645214 -0.07352941176470584 -0.3764770326321716
v -0.5313442300135408 -0.13008738613856613 -0.33571428571428574
v 0.5411764705882351 -0.08115396280197121 -0.34106357390233544
v 0.5411764705882351 -0.08725288072931264 -0.33571428571428574
v 0.5411764705882351 -0.07352941176470584 -0.3469727843833427
v 0.5471161710166569 -0.07352941176470584 -0.33571428571428574
v -0.5411764705882353 -0.04686139841519145 -0.36343291761827723
v -0.5589683628584855 -0.02475805317997623 -0.34792549127865
v -0.5600381847636466 -0.007352941176470562 -0.3486597479278445
v -0.5641297074029614 -0.007352941176470562 -0.33571428571428574
v -0.5620242215313285 -0.027747480142539964 -0.33571428571428574
v -0.5349733665296884 -0.06746115779438831 -0.37788544721447564
v 0.5411764705882351 -0.04686139841519159 -0.36343291761827734
v 0.5450836386398048 -0.007352941176470562 -0.37946122938075505
v 0.5641297074029614 -0.007352941176470562 -0.33571428571428574
v 0.5479334247042653 -0.06691934795554595 -0.33571428571428574
v -0.5640606232351943 0.03643685834408737 -0.35142048986018004
v -0.56428510532456 0.05882352941176472 -0.35157455986561426
v -0.5693806236709228 0.05882352941176472 -0.33571428571428574
v -0.5685353709664245 0.03205938773744913 -0.33571428571428574
v 0.5452781143388284 -0.003340463594368433 -0.3793277538233506
v 0.554235698626588 0.05882352941176472 -0.3731798465947952
v 0.5693806236709228 0.05882352941176472 -0.33571428571428574
v 0.5649190611740802 0.015873506135769128 -0.33571428571428574
v -0.5613944047372587 0.1052215861585641 -0.3495905697109757
v -0.5605934401502307 0.125 -0.34904083935776714
v -0.5648959570021822 0.125 -0.33571428571428574
v -0.566210791922398 0.10050990304266684 -0.33571428571428574
v 0.5533698416869068 0.07075182722568268 -0.37377411486706075
v 0.5463662951249022 0.125 -0.378580896824213
v 0.5648959570021822 0.125 -0.33571428571428574
v 0.5680041179981244 0.08506796709535204 -0.33571428571428574
v -0.5485216937292163 0.18399092621118854 -0.3407555724042138
v -0.5411764705882353 0.19117647058823528 -0.3514186057736959
v -0.5478372391947653 0.19117647058823528 -0.3402858070249788
v -0.5492881317472154 0.19117647058823528 -0.33571428571428574
v -0.550676156619569 0.18188329947062612 -0.33571428571428574
v -0.5341952675149393 0.19117647058823528 -0.3773514103130485
v 0.5411764705882351 0.19117647058823528 -0.35141860577369605
v 0.5455605173616132 0.12928874140873933 -0.379133930630694
v 0.5492881317472154 0.19117647058823528 -0.33571428571428574
v 0.5621807533471861 0.14554766791636498 -0.33571428571428574
v -0.5411764705882353 0.21059544747496076 -0.33571428571428574
v -0.5301494774126254 0.20196374652089702 -0.3745746413297834
v -0.5176709427735718 0.25735294117647056 -0.3660101812203708
v -0.5280971448296278 0.25735294117647056 -0.33571428571428574
v 0.5411764705882351 0.21059544747496092 -0.33571428571428574
v 0.5313270685928457 0.24771765661576356 -0.342474279009258
v 0.5242866124749805 0.25735294117647056 -0.3473063933013331
v 0.5280971448296277 0.25735294117647056 -0.33571428571428574
v 0.5327843248729431 0.249143233411511 -0.33571428571428574
v 0.5479621565969149 0.1978146416836829 -0.33571428571428574
v -0.49684665596290156 0.30071906417951433 -0.3517177359248487
v -0.47352941176470575 0.32352941176470584 -0.3785284866309431
v -0.4900950210811388 0.32352941176470584 -0.3470838498724587
v -0.4946789294207161 0.32352941176470584 -0.33571428571428574
v -0.5099821442300047 0.28786913000517433 -0.33571428571428574
v -0.4726874023088077 0.32352941176470584 -0.38156495624300163
v 0.47352941176470575 0.32352941176470584 -0.3785284866309431
v 0.5099989103026943 0.2930296245288506 -0.35711254914007623
v 0.4946789294207161 0.32352941176470584 -0.33571428571428574
v 0.5153956262802128 0.2983090205938145 -0.33571428571428574
v -0.47352941176470575 0.3522702959609005 -0.33571428571428574
v -0.4710269908120079 0.3259774322619103 -0.38042535704799313
v -0.43838323694240294 0.3897058823529411 -0.35802079305674245
v -0.44835604164918696 0.3897058823529411 -0.33571428571428574
v 0.47352941176470575 0.3522702959609005 -0.33571428571428574
v 0.46022634667560164 0.3766920143309914 -0.34484465026301875
v 0.43633338889479084 0.3897058823529411 -0.36124323308773676
v 0.4483560416491869 0.3897058823529411 -0.33571428571428574
v 0.4625159995632216 0.378931892155837 -0.33571428571428574
v 0.4889618535632295 0.33862636569804433 -0.33571428571428574
v -0.40588235294117647 0.4231227907338109 -0.3586979785645326
v -0.40588235294117647 0.434551148618263 -0.33571428571428574
v -0.37108368720219553 0.4558823529411764 -0.3582593008437429
v -0.3830877913726015 0.4558823529411764 -0.33571428571428574
v 0.39614104523476357 0.44635281279359845 -0.34240009007179284
v 0.4058823529411766 0.4345511486182629 -0.33571428571428574
v 0.4058823529411766 0.4231227907338107 -0.3586979785645328
v 0.36837542006989893 0.4558823529411764 -0.36145662162904457
v 0.38308779137260157 0.4558823529411764 -0.33571428571428574
v 0.3980184287270773 0.44818938360129673 -0.33571428571428574
v 0.4230462168753264 0.40649661881026167 -0.3703626896601021
v 0.4337537484630811 0.4169713779721957 -0.33571428571428574
v -0.3382352941176471 0.4928476432148175 -0.33571428571428574
v -0.3382352941176471 0.47842984310310166 -0.3663238243625858
v -0.2705882352941176 0.5220588235294117 -0.35565260801673904
v -0.281422412200035 0.5220588235294117 -0.3431501648950551
v -0.28706764478189906 0.5220588235294117 -0.33571428571428574
v -0.25833560243831155 0.5220588235294117 -0.3737334414250524
v 0.2705882352941176 0.5220588235294117 -0.35565260801673904
v 0.3211127777204855 0.5053085357495798 -0.34746607491854875
v 0.33823529411764697 0.49284764321481767 -0.33571428571428574
v 0.33823529411764697 0.47842984310310194 -0.3663238243625856
v 0.28706764478189906 0.5220588235294117 -0.33571428571428574
v 0.3247484209199302 0.5088651432272975 -0.33571428571428574
v 0.35200176591890964 0.46934955361632463 -0.37269444016124526
v 0.3642693289257513 0.48135043047084364 -0.33571428571428574
v -0.2705882352941176 0.5324719880571805 -0.33571428571428574
v -0.2029411764705883 0.565877852969832 -0.33571428571428574
v -0.2029411764705883 0.5561102535637595 -0.35825280622987027
v -0.25394582165507024 0.5383394455676102 -0.33571428571428574
v -0.15039184337509687 0.5734657798184793 -0.3460763893971939
v -0.1352941176470588 0.5830531774138857 -0.33571428571428574
v -0.1352941176470588 0.5809249814502702 -0.34084310825235015
v -0.1443915614147811 0.5793356208666143 -0.33571428571428574
v -0.0676470588235294 0.588235294117647 -0.34756981721537117
v -0.07838270544485834 0.588235294117647 -0.3430825400724028
v -0.09471862506548528 0.588235294117647 -0.33571428571428574
v 0 0.588235294117647 -0.35842940271399537
v -0.027114240777825906 0.588235294117647 -0.3543237491052781
v 0.0676470588235294 0.588235294117647 -0.34756981721537117
v 0.04536917798212581 0.588235294117647 -0.35100438405574597
v 0.12978826438173502 0.5828491333146129 -0.33949314773800177
v 0.1352941176470588 0.5830531774138857 -0.33571428571428574
v 0.1352941176470588 0.5809249814502702 -0.34084310825235015
v 0.09471862506548528 0.588235294117647 -0.33571428571428574
v 0.13123536153474147 0.5842647718338583 -0.33571428571428574
v 0.18334614442341673 0.5690662410280226 -0.349163049945419
v 0.2029411764705884 0.565877852969832 -0.33571428571428574
v 0.2029411764705884 0.5561102535637595 -0.35825280622987027
v 0.18818530464312927 0.5738002021125239 -0.33571428571428574
v 0.2705882352941176 0.5324719880571805 -0.33571428571428574
v 0.228483128284858 0.547045515521632 -0.36461251133244227
v 0.23870448510162773 0.5570446689293416 -0.33571428571428574
v 0.27874557772507375 0.5300388324292601 -0.33571428571428574
v -0.0676470588235294 0.5943221364339397 -0.33571428571428574
v 0 0.5995341969270644 -0.33571428571428574
v -0.06118892482132808 0.5945530339024091 -0.33571428571428574
v 0.0676470588235294 0.5943221364339397 -0.33571428571428574
v 0.01116181306036249 0.5991544590680016 -0.33571428571428574
v 0.07331353965302904 0.5937785905812879 -0.33571428571428574
v -0.0008719043464996412 -0.5376176557865373 -0.28988413310738015
v 0 -0.5381261197243201 -0.28928571428571426
v 0 -0.5376249922462557 -0.28988928027435723
v 0 -0.5367647058823529 -0.29015387919472124
v -0.0012318474371322552 -0.5367647058823529 -0.2901311747938081
v -0.01958076487096265 -0.5367647058823529 -0.28928571428571426
v -0.001356748653980444 -0.5380919600003773 -0.28928571428571426
v 0.01958076487096265 -0.5367647058823529 -0.28928571428571426
v -0.2782602135101621 -0.4780934313750308 -0.2945512645520057
v -0.2705882352941176 -0.48384057696128924 -0.28928571428571426
v -0.2705882352941176 -0.4787018003427706 -0.29497808849445173
v -0.2705882352941176 -0.47058823529411764 -0.29739769624981194
v -0.28023976347838614 -0.47058823529411764 -0.2959098997786439
v -0.29391911366752327 -0.47058823529411764 -0.28928571428571426
v -0.28161310066234474 -0.481373429676079 -0.28928571428571426
v -0.2273511111897813 -0.4944675192585456 -0.30603911668615424
v -0.2029411764705883 -0.5110599912623892 -0.28928571428571426
v -0.2029411764705883 -0.4960904166381279 -0.30717772087944845
v -0.2029411764705883 -0.47058823529411764 -0.3146909847521692
v -0.23412743165553918 -0.47058823529411764 -0.31068994532880173
v -0.23696080034293437 -0.5038683021257606 -0.28928571428571426
v -0.1697539284789347 -0.5042989198035615 -0.3129367024653558
v -0.1352941176470588 -0.5266351750163712 -0.28928571428571426
v -0.1352941176470588 -0.505955451593611 -0.31409890413393027
v -0.1352941176470588 -0.47058823529411764 -0.3251536625506119
v -0.18040175123123164 -0.47058823529411764 -0.32024468019286395
v -0.18418936915445264 -0.5184205465513507 -0.28928571428571426
v -0.1077596302130049 -0.5098287942620828 -0.3168163921648264
v -0.0676470588235294 -0.5348967871202496 -0.28928571428571426
v -0.0676470588235294 -0.5109901622997899 -0.317631193232551
v -0.0676470588235294 -0.47058823529411764 -0.33095689331214423
v -0.12255511886244314 -0.47058823529411764 -0.3269710598403725
v -0.12686117979763673 -0.5285150927687878 -0.28928571428571426
v 0 -0.5125350495551451 -0.3187150665132923
v -0.0424535901357984 -0.5121189212965291 -0.31842311621121566
v 0 -0.47058823529411764 -0.33283286496942577
v -0.061152738092724666 -0.47058823529411764 -0.33125700347357817
v -0.0658673694251683 -0.5350237053839562 -0.28928571428571426
v 0.025914345829329378 -0.5114137153971394 -0.3179283527071994
v 0.0676470588235294 -0.5348967871202496 -0.28928571428571426
v 0.0676470588235294 -0.5109901622997899 -0.317631193232551
v 0.0676470588235294 -0.47058823529411764 -0.33095689331214423
v 0.004492296375687074 -0.47058823529411764 -0.3326310636676185
v 0.09791187617502654 -0.5071578193428449 -0.31494247007863085
v 0.1352941176470588 -0.5266351750163712 -0.28928571428571426
v 0.1352941176470588 -0.505955451593611 -0.31409890413393027
v 0.1352941176470588 -0.47058823529411764 -0.3251536625506119
v 0.0762076718907303 -0.47058823529411764 -0.32983883388866025
v 0.07005198216394806 -0.5344120634841173 -0.28928571428571426
v 0.17524718599354838 -0.4976801824999176 -0.3082930804205771
v 0.2029411764705884 -0.5110599912623892 -0.28928571428571426
v 0.2029411764705884 -0.4960904166381279 -0.30717772087944845
v 0.2029411764705884 -0.47058823529411764 -0.3146909847521692
v 0.15746734295977452 -0.47058823529411764 -0.32049601616735973
v 0.15087735709403297 -0.521520232510313 -0.28928571428571426
v 0.2615004840823786 -0.47947842669690577 -0.295522959682591
v 0.2705882352941176 -0.48384057696128924 -0.28928571428571426
v 0.2705882352941176 -0.4787018003427706 -0.29497808849445173
v 0.2705882352941176 -0.47058823529411764 -0.29739769624981194
v 0.2550131594292682 -0.47058823529411764 -0.2999754402674898
v 0.25161825419411943 -0.4891458255006376 -0.28928571428571426
v 0.29391911366752327 -0.47058823529411764 -0.28928571428571426
v -0.3630615661461122 -0.42869833516851125 -0.30632486372139994
v -0.3382352941176471 -0.44987405112140466 -0.28928571428571426
v -0.3382352941176471 -0.4315177439908164 -0.30830292514911245
v -0.3382352941176471 -0.40441176470588236 -0.3158004244330355
v -0.36849792101750856 -0.40441176470588236 -0.3100560265368615
v -0.40138607734976844 -0.40441176470588236 -0.28928571428571426
v -0.3721505989282388 -0.4375897802814612 -0.28928571428571426
v -0.2705882352941176 -0.44825092792216564 -0.3200427145104718
v -0.31163129712586163 -0.44456258606302324 -0.31745502069818454
v -0.2705882352941176 -0.40441176470588236 -0.33394213446733684
v -0.321156123452279 -0.40441176470588236 -0.323992246220353
v -0.32673157716564644 -0.45933459914542135 -0.28928571428571426
v -0.2029411764705883 -0.4580457006572013 -0.3269146026833063
v -0.2537885807524064 -0.454153790633748 -0.32418408803193116
v -0.2688911849192467 -0.40441176470588236 -0.33454953996010417
v -0.1352941176470588 -0.46422761676593916 -0.3312517565246748
v -0.19259955434503268 -0.46047143104085675 -0.3286164643175535
v -0.0676470588235294 -0.46771524355925703 -0.3336986311955423
v -0.12958186277881617 -0.46500015987953247 -0.3317937629631006
v 0 -0.46884783270575986 -0.3344932413586443
v -0.0648363854701293 -0.4678386635353567 -0.333785221083536
v 0.0018602642247104177 -0.4687684115960314 -0.33443752051658077
v 0.0676470588235294 -0.46771524355925703 -0.3336986311955423
v 0.07101074669348822 -0.4672976710735057 -0.33340566764204693
v 0.1352941176470588 -0.46422761676593916 -0.3312517565246748
v 0.1434866933934722 -0.4625737590204524 -0.3300914309318095
v 0.2029411764705884 -0.4580457006572013 -0.3269146026833063
v 0.2705882352941176 -0.44825092792216564 -0.3200427145104718
v 0.22087141252695772 -0.4530477869781041 -0.32340812991162227
v 0.2705882352941176 -0.40441176470588236 -0.33394213446733684
v 0.3065213728629731 -0.4354362528898025 -0.3110521012337979
v 0.33823529411764697 -0.44987405112140477 -0.28928571428571426
v 0.33823529411764697 -0.43151774399081644 -0.30830292514911245
v 0.33823529411764697 -0.40441176470588236 -0.3158004244330356
v 0.2760737258766515 -0.40441176470588236 -0.33194939932068324
v 0.4013860773497685 -0.40441176470588236 -0.28928571428571426
v -0.4745324499044166 -0.3392165270804077 -0.289974134872286
v -0.47352941176470575 -0.3403993333003607 -0.28928571428571426
v -0.47352941176470575 -0.3393801386672506 -0.2900889226840075
v -0.47352941176470575 -0.3382352941176471 -0.2903977893893045
v -0.4746973736933686 -0.3382352941176471 -0.29008732790756053
v -0.4756932244709089 -0.3382352941176471 -0.28928571428571426
v -0.4750089774445059 -0.33968269532614725 -0.28928571428571426
v -0.4370417234325039 -0.3687172869895979 -0.3106714934117496
v -0.40588235294117647 -0.4011874088373902 -0.28928571428571426
v -0.40588235294117647 -0.37327387660944755 -0.31386833882758064
v -0.40588235294117647 -0.3382352941176471 -0.3229784683365056
v -0.4426461891726914 -0.3382352941176471 -0.3145180366682137
v -0.4479046962620519 -0.3793441082358949 -0.28928571428571426
v -0.3382352941176471 -0.3914469877285338 -0.3266183628190666
v -0.38652875016325666 -0.3854788924231347 -0.32243122293813575
v -0.3960305946257271 -0.3382352941176471 -0.32895267519343385
v -0.40435515445850456 -0.40291776619022507 -0.28928571428571426
v -0.2705882352941176 -0.40324521519031314 -0.33489584938748956
v -0.3292729141262802 -0.39564421906215386 -0.3295630870245588
v -0.2697107370996998 -0.4035533425591693 -0.3351120276367506
v 0.2705882352941176 -0.40324521519031314 -0.33489584938748956
v 0.2724709030702942 -0.4025700244900574 -0.33442214416604027
v 0.33823529411764697 -0.39144698772853387 -0.32661836281906664
v 0.36196396623458393 -0.3811989332871398 -0.31942845795700914
v 0.4058823529411766 -0.4011874088373901 -0.28928571428571426
v 0.4058823529411766 -0.37327387660944755 -0.31386833882758064
v 0.4058823529411766 -0.3382352941176471 -0.3229784683365056
v 0.47199576090871753 -0.33973560473763553 -0.29033831316513475
v 0.47352941176470575 -0.3403993333003607 -0.28928571428571426
v 0.47352941176470575 -0.3393801386672506 -0.2900889226840075
v 0.47352941176470575 -0.3382352941176471 -0.2903977893893045
v 0.4700309553325095 -0.3382352941176471 -0.291686828793526
v 0.4541161538607143 -0.35722652467589966 -0.28928571428571426
v 0.4756932244709089 -0.3382352941176471 -0.28928571428571426
v -0.47352941176470575 -0.30654303770996816 -0.3134794010600094
v -0.5031509697816058 -0.3010364346329009 -0.30961603826625744
v -0.47352941176470575 -0.2720588235294118 -0.3212883362966416
v -0.5075084140211512 -0.2720588235294118 -0.31260670651762246
v -0.5322772217904784 -0.2720588235294118 -0.28928571428571426
v -0.5137349927562411 -0.3113903701515659 -0.28928571428571426
v -0.40588235294117647 -0.3290793993113521 -0.32929062618352006
v -0.45573846436160176 -0.3208311064406975 -0.3235037286456957
v -0.4634529626049526 -0.2720588235294118 -0.3287984619120949
v -0.4001301850999841 -0.3326081734034371 -0.33176636927669717
v 0.4058823529411766 -0.3290793993113521 -0.32929062618352
v 0.47352941176470575 -0.30654303770996816 -0.3134794010600094
v 0.42567304797742544 -0.31887483158218616 -0.32213123104654967
v 0.47352941176470575 -0.2720588235294118 -0.3212883362966416
v 0.5322772217904783 -0.2720588235294118 -0.28928571428571426
v 0.4822958175879098 -0.32965946233407795 -0.28928571428571426
v -0.5604516940026305 -0.22473854975960667 -0.3025149825297557
v -0.5411764705882353 -0.2576328878826431 -0.28928571428571426
v -0.5411764705882353 -0.22932117273315156 -0.30573009261595707
v -0.5411764705882353 -0.20588235294117652 -0.31003973484663655
v -0.5626911238895825 -0.20588235294117652 -0.3040519825453346
v -0.5766988706541468 -0.20588235294117652 -0.28928571428571426
v -0.568433193856183 -0.2325465387467775 -0.28928571428571426
v -0.47352941176470575 -0.2605958370030897 -0.3276719999291518
v -0.519846399566024 -0.25119244970333554 -0.321074702807737
v -0.5250720714621663 -0.20588235294117652 -0.3246612664383191
v -0.5367270153197118 -0.26770609554933444 -0.28928571428571426
v -0.4670358336546766 -0.265706410160905 -0.33125751316050794
v 0.47352941176470575 -0.2605958370030897 -0.3276719999291518
v 0.5042011454608415 -0.2420538666527573 -0.3146631889849503
v 0.5411764705882351 -0.25763288788264327 -0.28928571428571426
v 0.5411764705882351 -0.22932117273315158 -0.3057300926159571
v 0.5411764705882351 -0.20588235294117652 -0.3100397348466366
v 0.5766988706541468 -0.20588235294117652 -0.28928571428571426
v -0.5411764705882353 -0.1832511922889014 -0.31983655078046735
v -0.5767648825624997 -0.17452063319733033 -0.3137113013860635
v -0.5411764705882353 -0.13970588235294112 -0.3270403675671214
v -0.5798741834517996 -0.13970588235294112 -0.3158453246672289
v -0.6038939924459655 -0.13970588235294112 -0.28928571428571426
v -0.5901986438907821 -0.1876623562358675 -0.28928571428571426
v -0.5298060080724124 -0.1947590743930889 -0.327910334732929
v -0.5356298980073261 -0.13970588235294112 -0.33190747658266795
v 0.5411764705882351 -0.18325119228890144 -0.31983655078046735
v 0.5411764705882351 -0.13970588235294112 -0.32704036756712146
v 0.6038939924459656 -0.13970588235294112 -0.28928571428571426
v 0.5981620519744166 -0.15013558854165118 -0.28928571428571426
v -0.620186332469073 -0.0846451973642466 -0.29708440830951904
v -0.6088235294117647 -0.12202364416958303 -0.28928571428571426
v -0.6088235294117647 -0.08833256521719944 -0.299671418771432
v -0.6088235294117647 -0.07352941176470584 -0.3011997994221082
v -0.620857368983174 -0.07352941176470584 -0.2975449644263399
v -0.6283285536491087 -0.07352941176470584 -0.28928571428571426
v -0.6258774926812215 -0.09021263670221794 -0.28928571428571426
v -0.5411764705882353 -0.13105917377122225 -0.3296478647728258
v -0.5865953709059627 -0.11796094468422183 -0.32045831357210486
v -0.5892031700075893 -0.07352941176470584 -0.3222481384213579
v -0.6055152406918244 -0.13646951295299956 -0.28928571428571426
v -0.5368731641785324 -0.13549612608257955 -0.33276077417222255
v 0.5411764705882351 -0.13105917377122228 -0.32964786477282587
v 0.5760773114495661 -0.1055637554233784 -0.31176060301132263
v 0.6088235294117648 -0.12202364416958283 -0.28928571428571426
v 0.6088235294117648 -0.08833256521719936 -0.29967141877143194
v 0.6088235294117648 -0.07352941176470584 -0.30119979942210817
v 0.6283285536491087 -0.07352941176470584 -0.28928571428571426
v -0.6088235294117647 -0.03469609145032528 -0.3084693213032441
v -0.6295383834573922 -0.027617472308062684 -0.30350305200025984
v -0.6088235294117647 -0.007352941176470562 -0.3100878755741242
v -0.6302281394362709 -0.007352941176470562 -0.3039764559484965
v -0.6425649985905789 -0.007352941176470562 -0.28928571428571426
v -0.639432755866031 -0.03729674966433973 -0.28928571428571426
v -0.5922098204460421 -0.05727687038519459 -0.32431170906389845
v -0.593927599572098 -0.007352941176470562 -0.32549068169389334
v 0.6088235294117648 -0.03469609145032521 -0.30846932130324406
v 0.6088235294117648 -0.007352941176470562 -0.31008787557412415
v 0.6425649985905789 -0.007352941176470562 -0.28928571428571426
v 0.6310050146639911 -0.05183013271361479 -0.28928571428571426
v -0.6088235294117647 0.025610764095159035 -0.31258736868244397
v -0.6335073301258543 0.03467633306102493 -0.3062270806143286
v -0.6088235294117647 0.05882352941176472 -0.31318645413594953
v -0.6336768810786076 0.05882352941176472 -0.30634344943593883
v -0.6477832199232111 0.05882352941176472 -0.28928571428571426
v -0.6462062997607075 0.02225342798345112 -0.28928571428571426
v -0.5949702457753857 0.00619918411998714 -0.326206286696771
v -0.5955303637007779 0.05882352941176472 -0.32659071545922963
v 0.6088235294117648 0.02561076409515911 -0.31258736868244397
v 0.6088235294117648 0.05882352941176472 -0.3131864541359495
v 0.6477832199232111 0.05882352941176472 -0.28928571428571426
v 0.6441677008396215 0.027222878698606748 -0.28928571428571426
v -0.6088235294117647 0.09206631909061327 -0.31239156660626816
v -0.6326100126817771 0.10173061419237922 -0.3056112198840768
v -0.6088235294117647 0.125 -0.3114134162723429
v -0.6321616084238995 0.125 -0.3053034641667136
v -0.6455406676077842 0.125 -0.28928571428571426
v -0.6466460080193186 0.08799974918826248 -0.28928571428571426
v -0.5952644910591106 0.07208780606110017 -0.32640823765237104
v -0.5943270087749041 0.125 -0.3257648103703535
v 0.6088235294117648 0.09206631909061337 -0.3123915666062681
v 0.6088235294117648 0.125 -0.31141341627234287
v 0.6455406676077842 0.125 -0.28928571428571426
v 0.6466868372925749 0.09586372190386175 -0.28928571428571426
v -0.6262376419256973 0.17414092573764905 -0.3012376362285065
v -0.6088235294117647 0.16637805572259778 -0.3066839672549393
v -0.6088235294117647 0.19117647058823528 -0.30475808547695127
v -0.6254822290920301 0.19117647058823528 -0.3007191696563313
v -0.6352786336471287 0.19117647058823528 -0.28928571428571426
v -0.6384948004190288 0.1621502272115638 -0.28928571428571426
v -0.592580290792854 0.14089012473589083 -0.32456597597894643
v -0.5902352690087763 0.19117647058823528 -0.32295650450602353
v 0.6088235294117648 0.16637805572259787 -0.3066839672549393
v 0.6088235294117648 0.19117647058823528 -0.30475808547695127
v 0.6352786336471287 0.19117647058823528 -0.28928571428571426
v 0.6422326615844876 0.1576828466907072 -0.28928571428571426
v -0.6122122921255692 0.25403784721731393 -0.2916115421110273
v -0.6088235294117647 0.2524125798890208 -0.29275180903024245
v -0.6088235294117647 0.25735294117647056 -0.29216105286195626
v -0.6119931651105925 0.25735294117647056 -0.2914611474827359
v -0.6139473474260081 0.25735294117647056 -0.28928571428571426
v -0.6151775698908725 0.25113703201212595 -0.28928571428571426
v -0.5858481736519647 0.21365236209238733 -0.3199454856431187
v -0.5411764705882353 0.25735294117647056 -0.329011416583761
v -0.5827157025458484 0.25735294117647056 -0.3177955598218401
v -0.5366367249206568 0.25735294117647056 -0.3325984975387118
v 0.5411764705882351 0.25735294117647056 -0.329011416583761
v 0.6088235294117648 0.25241257988902094 -0.2927518090302424
v 0.6088235294117648 0.25735294117647056 -0.2921610528619562
v 0.5954713891698122 0.25735294117647056 -0.2984497608492903
v 0.6139473474260081 0.25735294117647056 -0.28928571428571426
v 0.6316029799102708 0.21346071564112165 -0.28928571428571426
v -0.6088235294117647 0.26797982961123595 -0.28928571428571426
v -0.5411764705882353 0.27275991388862936 -0.32490494930353303
v -0.57292948053379 0.2924666846440545 -0.31107892918623475
v -0.5411764705882353 0.32352941176470584 -0.31537434381395935
v -0.5700467650297981 0.32352941176470584 -0.30910041947697325
v -0.5898397653021032 0.32352941176470584 -0.28928571428571426
v -0.5350016847380301 0.26339349255167127 -0.3314763115748592
v -0.5273001931763605 0.32352941176470584 -0.3261905052545829
v 0.5411764705882351 0.2727599138886293 -0.3249049493035331
v 0.5411764705882351 0.32352941176470584 -0.3153743438139594
v 0.6088235294117648 0.2679798296112358 -0.28928571428571426
v 0.5898397653021032 0.32352941176470584 -0.28928571428571426
v 0.596766223621499 0.3117342213177068 -0.28928571428571426
v 0.613058514945257 0.26149586180706075 -0.28928571428571426
v -0.5486179520370513 0.3824261722399689 -0.29439306646021224
v -0.5411764705882353 0.3780884247789533 -0.29743637499635334
v -0.5411764705882353 0.3897058823529411 -0.294928864525153
v -0.5477975793011652 0.3897058823529411 -0.29383001560732147
v -0.5522557208058414 0.3897058823529411 -0.28928571428571426
v -0.5613706034458888 0.3699507523834974 -0.28928571428571426
v -0.5201912169493441 0.34405846423753406 -0.32131136318573006
v -0.47352941176470575 0.3897058823529411 -0.32594626332504223
v -0.5135071371989182 0.3897058823529411 -0.3167238426116799
v -0.4661297580521145 0.3897058823529411 -0.33063564139601653
v 0.47352941176470575 0.3897058823529411 -0.32594626332504223
v 0.5411764705882351 0.3780884247789532 -0.29743637499635345
v 0.5411764705882351 0.3897058823529411 -0.29492886452515304
v 0.5232915011644812 0.3897058823529411 -0.30156080199580626
v 0.5522557208058415 0.3897058823529411 -0.28928571428571426
v 0.57778951881398 0.35934652415945606 -0.28928571428571426
v -0.5411764705882353 0.4043450706420993 -0.28928571428571426
v -0.49393380617858523 0.43592153231890307 -0.3032899725635632
v -0.47352941176470575 0.42089293971448183 -0.31383384229555394
v -0.47352941176470575 0.4558823529411764 -0.30404263223575545
v -0.49105575372153704 0.4558823529411764 -0.30131466326850836
v -0.5053214404173415 0.4558823529411764 -0.28928571428571426
v -0.4609453776046173 0.4020163505530277 -0.3270774175485107
v -0.40588235294117647 0.4558823529411764 -0.32851838608363704
v -0.44951725517720753 0.4558823529411764 -0.31923389252845613
v -0.3998588778059646 0.4558823529411764 -0.3315801614755223
v 0.4058823529411766 0.4558823529411764 -0.32851838608363704
v 0.47352941176470575 0.42089293971448183 -0.31383384229555394
v 0.47352941176470575 0.4558823529411764 -0.30404263223575545
v 0.4340929800038585 0.4558823529411764 -0.3163523335998363
v 0.5411764705882351 0.40434507064209946 -0.28928571428571426
v 0.5053214404173415 0.4558823529411764 -0.28928571428571426
v 0.5241205183282983 0.4391971822521078 -0.28928571428571426
v 0.5493076195883402 0.3976602672443482 -0.28928571428571426
v -0.47352941176470575 0.48997089142994216 -0.28928571428571426
v -0.40588235294117647 0.48354611561575367 -0.31630574110767756
v -0.42732290606185197 0.5010843693896204 -0.30400112496791704
v -0.40588235294117647 0.5220588235294117 -0.3035312010297871
v -0.42324192363693125 0.5220588235294117 -0.3012002022477075
v -0.4406586895426329 0.5220588235294117 -0.28928571428571426
v -0.39411184316958037 0.4673969820655639 -0.32763576813812817
v -0.3382352941176471 0.5220588235294117 -0.3242588693460619
v -0.3789243957946958 0.5220588235294117 -0.3172120853125086
v -0.3276411361812555 0.5220588235294117 -0.3284431400498679
v 0.33823529411764697 0.5220588235294117 -0.32425886934606196
v 0.4058823529411766 0.4835461156157538 -0.3163057411076775
v 0.4058823529411766 0.5220588235294117 -0.30353120102978703
v 0.3739267622898626 0.5220588235294117 -0.3112179674967092
v 0.47352941176470575 0.48997089142994216 -0.28928571428571426
v 0.4406586895426329 0.5220588235294117 -0.28928571428571426
v 0.46037690532993464 0.5091922411475703 -0.28928571428571426
v 0.49450950200345845 0.47640635426169536 -0.28928571428571426
v -0.40588235294117647 0.5519470984544349 -0.28928571428571426
v -0.34580303044436017 0.5808320737980364 -0.29447971965280617
v -0.3382352941176471 0.5747981159530169 -0.29871306785518487
v -0.3382352941176471 0.588235294117647 -0.2938292437344032
v -0.3440503125898834 0.588235294117647 -0.29327676733653485
v -0.3510800444820412 0.588235294117647 -0.28928571428571426
v -0.3139209961685369 0.5458445497839759 -0.31902652221505173
v -0.2705882352941176 0.588235294117647 -0.3128806214701512
v -0.2997727795269587 0.588235294117647 -0.30931610023434125
v -0.2029411764705883 0.588235294117647 -0.3249860822649502
v -0.2472975345932368 0.588235294117647 -0.31972905324566875
v -0.1352941176470588 0.588235294117647 -0.3328360533213724
v -0.19087833049540248 0.588235294117647 -0.32743512745181347
v -0.13172041493205047 0.588235294117647 -0.33326152701858125
v 0.1352941176470588 0.588235294117647 -0.3328360533213724
v 0.2029411764705884 0.588235294117647 -0.3249860822649502
v 0.14096577099281396 0.588235294117647 -0.3318216292254289
v 0.2705882352941176 0.588235294117647 -0.3128806214701512
v 0.22705285036108686 0.588235294117647 -0.3191655902801237
v 0.33823529411764697 0.5747981159530168 -0.298713067855185
v 0.33823529411764697 0.588235294117647 -0.2938292437344033
v 0.32952822714758095 0.588235294117647 -0.29526168260989
v 0.4058823529411766 0.5519470984544349 -0.28928571428571426
v 0.3510800444820413 0.588235294117647 -0.28928571428571426
v 0.3881203031800877 0.5708593758731035 -0.28928571428571426
v 0.4263407623089013 0.5420724848674033 -0.28928571428571426
v -0.3382352941176471 0.5970204876284233 -0.28928571428571426
v -0.2705882352941176 0.6337260510767461 -0.28928571428571426
v -0.32205465239949105 0.6040641827549735 -0.28928571428571426
v -0.20600665043645228 0.6514129314784066 -0.29138965759768926
v -0.2029411764705883 0.6493434833768641 -0.29284155610702545
v -0.2029411764705883 0.6544117647058822 -0.29077472967825413
v -0.20492111952100978 0.6544117647058822 -0.2906446192985812
v -0.20914777153281847 0.6544117647058822 -0.28928571428571426
v -0.1352941176470588 0.6054028102898042 -0.3236697743681055
v -0.16675406082395433 0.6236357333371801 -0.31087778708724817
v -0.1352941176470588 0.6544117647058822 -0.30234075750695444
v -0.15273207245984632 0.6544117647058822 -0.3012540000423169
v -0.12322855785589548 0.6000385591307416 -0.3274332648638289
v -0.0676470588235294 0.6544117647058822 -0.3083937214626658
v -0.09382427231102689 0.6544117647058822 -0.3072520626730961
v 0 0.6544117647058822 -0.3102982299219446
v -0.02992843613995201 0.6544117647058822 -0.3098266595867373
v 0.0676470588235294 0.6544117647058822 -0.3083937214626658
v 0.039131042845429787 0.6544117647058822 -0.30885726562472055
v 0.1352941176470588 0.6054028102898042 -0.3236697743681055
v 0.1352941176470588 0.6544117647058822 -0.30234075750695444
v 0.11483976281922906 0.6544117647058822 -0.30332426216444214
v 0.18846119273944445 0.6402465632297631 -0.2992238397657851
v 0.2029411764705884 0.6493434833768642 -0.29284155610702534
v 0.2029411764705884 0.6544117647058822 -0.2907747296782541
v 0.2005074599832311 0.6544117647058822 -0.29095606007362096
v 0.2705882352941176 0.6337260510767461 -0.28928571428571426
v 0.20914777153281844 0.6544117647058822 -0.28928571428571426
v 0.25720089712453553 0.6413154556269433 -0.28928571428571426
v 0.33823529411764697 0.5970204876284234 -0.28928571428571426
v 0.3055673221078646 0.6224539660006604 -0.28928571428571426
v 0.3449074856375412 0.5947624379958043 -0.28928571428571426
v -0.2029411764705883 0.6570892360858234 -0.28928571428571426
v -0.1352941176470588 0.67798611050358 -0.28928571428571426
v -0.1995490488330916 0.657730150438216 -0.28928571428571426
v -0.0676470588235294 0.6888798675730562 -0.28928571428571426
v -0.10806614980499821 0.6810478202035503 -0.28928571428571426
v 0 0.692283735713767 -0.28928571428571426
v -0.031039348854673 0.6902236548928071 -0.28928571428571426
v 0.0676470588235294 0.6888798675730562 -0.28928571428571426
v 0.03735600189013982 0.6909556795984104 -0.28928571428571426
v 0.1352941176470588 0.67798611050358 -0.28928571428571426
v 0.0995576488174802 0.6856286462217038 -0.28928571428571426
v 0.2029411764705884 0.6570892360858233 -0.28928571428571426
v 0.15602849112272343 0.674695390932076 -0.28928571428571426
v 0.20521574217891675 0.6566368833335948 -0.28928571428571426
v 0 -0.5367647058823529 -0.2861939971863936
v 0.0037383369748712736 -0.5367647058823529 -0.2867199612687995
v -0.2705882352941176 -0.47058823529411764 -0.25891483095609846
v -0.22756379106225239 -0.4946755756555282 -0.2597565149837198
v -0.2029411764705883 -0.49575578969105616 -0.24285714285714288
v -0.2029411764705883 -0.5017633196761178 -0.26472918618546676
v -0.25787905628635394 -0.47058823529411764 -0.24285714285714288
v -0.22453825591507923 -0.4917158130115544 -0.24285714285714288
v -0.1794041625179837 -0.5137393661461094 -0.27313142831203224
v -0.1352941176470588 -0.5137477193030137 -0.24285714285714288
v -0.1352941176470588 -0.5234675034177388 -0.2799565658899057
v -0.1734177099009821 -0.5078830538033904 -0.24285714285714288
v -0.12475461084958023 -0.526454318797863 -0.28205207763278645
v -0.0676470588235294 -0.5230201978445604 -0.24285714285714288
v -0.0676470588235294 -0.5343641113169193 -0.28760148762234655
v -0.11626493601839788 -0.5181492021151847 -0.24285714285714288
v 0 -0.5259057257637078 -0.24285714285714288
v -0.06539878303014045 -0.5345653056496898 -0.28774264301136965
v -0.05457984699144017 -0.5239815638727005 -0.24285714285714288
v 0.0676470588235294 -0.5230201978445604 -0.24285714285714288
v 0.0676470588235294 -0.5343641113169193 -0.28760148762234655
v 0.011967531429963764 -0.5250573381791275 -0.24285714285714288
v 0.07094724132048066 -0.5335362664831614 -0.2870206821992974
v 0.1352941176470588 -0.5137477193030137 -0.24285714285714288
v 0.1352941176470588 -0.5234675034177388 -0.2799565658899057
v 0.08545010096975705 -0.519348686391478 -0.24285714285714288
v 0.15870141824297282 -0.5138662596472197 -0.27322045518106525
v 0.2029411764705884 -0.49575578969105616 -0.24285714285714288
v 0.2029411764705884 -0.5017633196761178 -0.2647291861854667
v 0.1710639339149808 -0.5017724943159076 -0.24285714285714288
v 0.2705882352941176 -0.47058823529411764 -0.25891483095609846
v 0.2627599564815666 -0.47058823529411764 -0.24822996775644032
v 0.25787905628635394 -0.47058823529411764 -0.24285714285714288
v 0.28710756536333903 -0.47058823529411764 -0.2779479132133604
v -0.3634747503863368 -0.42910253714264407 -0.2601798752651566
v -0.3382352941176471 -0.4337686121491498 -0.24285714285714288
v -0.3382352941176471 -0.44180535500976814 -0.26909201097510715
v -0.3986193385337545 -0.40441176470588236 -0.28430085036012337
v -0.37886956189943 -0.40441176470588236 -0.24285714285714288
v -0.36081819379237945 -0.42650373177899015 -0.24285714285714288
v -0.2705882352941176 -0.46616595745310613 -0.24285714285714288
v -0.32439305381003264 -0.45704691325406005 -0.2797852946957056
v -0.31825396747625473 -0.4510412853188425 -0.24285714285714288
v -0.26781855824898687 -0.46787876861953326 -0.24285714285714288
v 0.2705882352941176 -0.46616595745310613 -0.24285714285714288
v 0.33823529411764697 -0.43376861214914986 -0.24285714285714288
v 0.33823529411764697 -0.44180535500976825 -0.2690920109751072
v 0.2825245533197774 -0.45891140244292866 -0.24285714285714288
v 0.38677963689223815 -0.40441176470588236 -0.25596801318886764
v 0.37886956189943005 -0.40441176470588236 -0.24285714285714288
v -0.47352941176470575 -0.3382352941176471 -0.2851693984465519
v -0.44205120160789324 -0.3736178634655222 -0.26768110420914415
v -0.40588235294117647 -0.38536859075044405 -0.24285714285714288
v -0.40588235294117647 -0.3999036827229812 -0.28612290121199635
v -0.45782122256974217 -0.3382352941176471 -0.24285714285714288
v -0.4383710884265059 -0.3700177527445998 -0.24285714285714288
v -0.4041030224708945 -0.4026711153327805 -0.28806449678903007
v -0.39709453766015734 -0.3958149888874941 -0.24285714285714288
v 0.4058823529411766 -0.385368590750444 -0.24285714285714288
v 0.4058823529411766 -0.39990368272298116 -0.2861229012119963
v 0.47352941176470575 -0.3382352941176471 -0.2851693984465519
v 0.46170122606700964 -0.3382352941176471 -0.25097524546332567
v 0.45782122256974217 -0.3382352941176471 -0.24285714285714288
v 0.475310881634173 -0.3382352941176471 -0.28806302844362647
v -0.47352941176470575 -0.3214465105744493 -0.24285714285714288
v -0.5073391721700058 -0.3051335891432922 -0.26606197841481766
v -0.5288814857064156 -0.2720588235294118 -0.2808472308730368
v -0.5168868548676603 -0.2720588235294118 -0.24285714285714288
v -0.5039639198478253 -0.30183171187159386 -0.24285714285714288
v -0.4671613184151445 -0.3320056375800328 -0.24285714285714288
v 0.47352941176470575 -0.3214465105744493 -0.24285714285714288
v 0.47730014656591857 -0.3345465318121128 -0.2866977254935775
v 0.522476173341159 -0.2720588235294118 -0.2556918189180243
v 0.5168868548676603 -0.2720588235294118 -0.24285714285714288
v -0.5573277850705636 -0.22168255189128033 -0.2539423618030887
v -0.5411764705882353 -0.23221919148887293 -0.24285714285714288
v -0.5411764705882353 -0.24724844852845484 -0.27187907023742386
v -0.5641404526036834 -0.20588235294117652 -0.2586181367248883
v -0.5596425249700565 -0.20588235294117652 -0.24285714285714288
v -0.5555356969436933 -0.2199294222019507 -0.24285714285714288
v -0.5359487855243099 -0.2669447837929631 -0.285697768946809
v -0.5293793597058346 -0.2605181715792373 -0.24285714285714288
v 0.5411764705882351 -0.23221919148887304 -0.24285714285714288
v 0.5411764705882351 -0.24724844852845507 -0.27187907023742397
v 0.5714052333857961 -0.20588235294117652 -0.2685386441668915
v 0.5596425249700565 -0.20588235294117652 -0.24285714285714288
v -0.5859923869701877 -0.18354753968311205 -0.27361589292053257
v -0.6023737660804838 -0.13970588235294112 -0.28485901336579783
v -0.5913001655994458 -0.13970588235294112 -0.24285714285714288
v -0.5810320411252139 -0.17869502744346374 -0.24285714285714288
v 0.5829183259601718 -0.16504792920776024 -0.26063680112671433
v 0.5948338044299523 -0.13970588235294112 -0.25245878640056074
v 0.5913001655994458 -0.13970588235294112 -0.24285714285714288
v 0.5701438023041314 -0.17754474582779972 -0.24285714285714288
v -0.6089995811267912 -0.07370163626853615 -0.2429779733820524
v -0.6088235294117647 -0.07395024688809278 -0.24285714285714288
v -0.6088235294117647 -0.0749051064391275 -0.2438223127715784
v -0.6090350243821357 -0.07352941176470584 -0.2430022993430187
v -0.6089976629967739 -0.07352941176470584 -0.24285714285714288
v -0.6089752413103665 -0.07367782557855548 -0.24285714285714288
v -0.6048481333097027 -0.13581690790527182 -0.286557259197032
v -0.5972170682067499 -0.12835173552194845 -0.24285714285714288
v 0.6088235294117648 -0.07490510643912666 -0.24382231277157781
v 0.6088235294117648 -0.07395024688809253 -0.24285714285714288
v 0.6257377843093244 -0.07352941176470584 -0.27767686232186123
v 0.6089976629967739 -0.07352941176470584 -0.24285714285714288
v -0.6275221587370078 -0.025645078559860514 -0.25569067416421964
v -0.6301369551517652 -0.007352941176470562 -0.25748530151720533
v -0.6263786566581617 -0.007352941176470562 -0.24285714285714288
v -0.6250025032083032 -0.023180198151345185 -0.24285714285714288
v 0.6271542048117404 -0.055597229308207825 -0.27670472278448865
v 0.6379949591368562 -0.007352941176470562 -0.2692643292880583
v 0.6263786566581617 -0.007352941176470562 -0.24285714285714288
v 0.6090176078937535 -0.07333955238015166 -0.24285714285714288
v -0.6358604107676721 0.03237440634620319 -0.26141351173806066
v -0.6374131821090271 0.05882352941176472 -0.2624792336835248
v -0.6322769745329581 0.05882352941176472 -0.24285714285714288
v -0.6315887423214005 0.03655321243494704 -0.24285714285714288
v 0.6387477355556922 0.021920738746936848 -0.2687476721807205
v 0.6423848539323078 0.05882352941176472 -0.26625138907130425
v 0.632276974532958 0.05882352941176472 -0.24285714285714288
v 0.6269730735446805 0.010402047649207928 -0.24285714285714288
v -0.6347519426911875 0.09963524787882552 -0.26065273085326846
v -0.633704221932716 0.125 -0.25993364300351013
v -0.6290420829614056 0.125 -0.24285714285714288
v -0.6298366142982613 0.10444372130668804 -0.24285714285714288
v 0.6414477844793677 0.09073856154311552 -0.26689453301260785
v 0.6402926405791687 0.125 -0.2676873491677134
v 0.6290420829614055 0.125 -0.24285714285714288
v 0.6314349104822564 0.0809433587198545 -0.24285714285714288
v -0.6190039013634663 0.1812174110702663 -0.24984429255070206
v -0.6174220607266216 0.19117647058823528 -0.248758619318582
v -0.6157057435680007 0.19117647058823528 -0.24285714285714288
v -0.6165957064911363 0.1835732538801544 -0.24285714285714288
v 0.6380120122707796 0.15355395062294938 -0.2692526251185022
v 0.6313582784640004 0.19117647058823528 -0.27381931819706806
v 0.6157057435680007 0.19117647058823528 -0.24285714285714288
v 0.6271634734900434 0.1429412496417944 -0.24285714285714288
v -0.6088235294117647 0.23325195079416153 -0.25976609166504855
v -0.6088235294117647 0.20994293104824482 -0.24285714285714288
v -0.6088235294117647 0.25735294117647056 -0.2790786179035538
v -0.5977085326702146 0.25735294117647056 -0.24285714285714288
v 0.6022035111490709 0.25087683635427 -0.24740069576414708
v 0.6088235294117648 0.2099429310482446 -0.24285714285714288
v 0.6088235294117648 0.2332519507941614 -0.25976609166504866
v 0.6088235294117648 0.25735294117647056 -0.279078617903554
v 0.6001411856649664 0.25735294117647056 -0.2488161427578957
v 0.5977085326702146 0.25735294117647056 -0.24285714285714288
v 0.6009183726576821 0.2496196356561724 -0.24285714285714288
v 0.62900082761913 0.21091513187804917 -0.27543732017444805
v 0.6131668063231424 0.25735294117647056 -0.286304769573247
v 0.6147699266731501 0.19699359834393837 -0.24285714285714288
v -0.6088235294117647 0.2638241613033344 -0.2847455884189304
v -0.5810799025798582 0.32352941176470584 -0.2702442809631946
v -0.5715500230172328 0.32352941176470584 -0.24285714285714288
v -0.5871323452402746 0.27857257786597167 -0.24285714285714288
v 0.6088235294117648 0.2638241613033343 -0.2847455884189305
v 0.590095719666874 0.3052087283186171 -0.2557107017193194
v 0.58123880131385 0.32352941176470584 -0.26178951835291664
v 0.5715500230172329 0.32352941176470584 -0.24285714285714288
v 0.5859407579744844 0.3011440918804099 -0.24285714285714288
v 0.6126020158025772 0.2610492865587871 -0.2866924053032001
v -0.5411764705882353 0.37755387769459314 -0.25138283501426956
v -0.5411764705882353 0.37076815234879124 -0.24285714285714288
v -0.5411764705882353 0.3897058823529411 -0.269570172047506
v -0.5307063806964271 0.3897058823529411 -0.24285714285714288
v 0.5364889100760626 0.3851202253301636 -0.24607438159375822
v 0.5411764705882351 0.37076815234879135 -0.24285714285714288
v 0.5411764705882351 0.37755387769459325 -0.2513828350142695
v 0.5411764705882351 0.3897058823529411 -0.2695701720475058
v 0.5334072444663085 0.3897058823529411 -0.2481894378041795
v 0.5307063806964271 0.3897058823529411 -0.24285714285714288
v 0.5356319504515492 0.38428189526270484 -0.24285714285714288
v 0.5737252738020582 0.3553706322999674 -0.2669463182911339
v 0.5502015854978657 0.3897058823529411 -0.2830914584005331
v 0.5643284915817851 0.3461781279540482 -0.24285714285714288
v -0.5411764705882353 0.4001211574308587 -0.2819784895485086
v -0.4805200844442927 0.4558823529411764 -0.24765508901300848
v -0.47829491631567694 0.4558823529411764 -0.24285714285714288
v -0.4891184739901487 0.4406321833728083 -0.24285714285714288
v 0.5411764705882351 0.40012115743085885 -0.2819784895485085
v 0.5182489909501368 0.43345329677347144 -0.258593083850993
v 0.4984445661348001 0.4558823529411764 -0.2721855617522023
v 0.47829491631567694 0.4558823529411764 -0.24285714285714288
v 0.5127777993415956 0.4281010441129421 -0.24285714285714288
v 0.5485612530327629 0.39693012604867484 -0.28421727664521534
v -0.47352941176470575 0.48134093721764154 -0.2714242948409562
v -0.47352941176470575 0.4608562097784256 -0.24285714285714288
v -0.41102377237853827 0.5220588235294117 -0.24638588104241294
v -0.4090060107808787 0.5220588235294117 -0.24285714285714288
v 0.4538561248091356 0.5028132167250495 -0.25635961620242553
v 0.47352941176470575 0.4608562097784256 -0.24285714285714288
v 0.47352941176470575 0.48134093721764154 -0.2714242948409562
v 0.43184064095725905 0.5220588235294117 -0.2714696222001421
v 0.4090060107808788 0.5220588235294117 -0.24285714285714288
v 0.44915917672211825 0.49821837620514126 -0.24285714285714288
v 0.492463558517751 0.4744048878082859 -0.2762905390297422
v 0.47678268036767707 0.45906489831364833 -0.24285714285714288
v -0.40588235294117647 0.5452015939330375 -0.27304904044698
v -0.40588235294117647 0.5247147151778397 -0.24285714285714288
v -0.36363560032498815 0.5633871684800307 -0.2602902722727403
v -0.3382352941176471 0.574537174083914 -0.24285714285714288
v -0.3382352941176471 0.5783159750326144 -0.2498164111675943
v -0.3382352941176471 0.588235294117647 -0.27437024604819754
v -0.3981363429195231 0.5296364420288552 -0.24285714285714288
v -0.3115363194983636 0.588235294117647 -0.24285714285714288
v 0.33208791982619507 0.5822215583977484 -0.2470763034733257
v 0.33823529411764697 0.5745371740839141 -0.24285714285714288
v 0.33823529411764697 0.5783159750326144 -0.24981641116759423
v 0.33823529411764697 0.588235294117647 -0.2743702460481973
v 0.3225426566170168 0.588235294117647 -0.25362755555167477
v 0.31153631949836363 0.588235294117647 -0.24285714285714288
v 0.3307284292414369 0.5808916219561372 -0.24285714285714288
v 0.3820107165576061 0.5648826063511108 -0.2592410920520778
v 0.4058823529411766 0.5247147151778396 -0.24285714285714288
v 0.4058823529411766 0.5452015939330375 -0.27304904044698
v 0.3472137874945787 0.588235294117647 -0.2831234564090003
v 0.37566544230463916 0.5586752728427735 -0.24285714285714288
v 0.42432595552260516 0.5401014782286353 -0.2766272168618145
v 0.40779798652781063 0.5239328129076406 -0.24285714285714288
v -0.3382352941176471 0.5952907438386391 -0.2843357003544785
v -0.3282430263304549 0.5980103386920741 -0.2824276671398463
v -0.2705882352941176 0.6120342333817187 -0.24285714285714288
v -0.2705882352941176 0.6244987690969932 -0.2638437207287761
v -0.22248908222456693 0.6352888134248161 -0.25627356264481144
v -0.2029411764705883 0.638136044581234 -0.24285714285714288
v -0.2029411764705883 0.64245554999004 -0.25124547127682906
v -0.2029411764705883 0.6544117647058822 -0.28457091773756193
v -0.23455409283586187 0.6234860856528972 -0.24285714285714288
v -0.1363053017495382 0.6534225628665002 -0.24355115430636012
v -0.1352941176470588 0.6534625817727133 -0.24285714285714288
v -0.1352941176470588 0.6536944061960182 -0.2433604324783491
v -0.1352941176470588 0.6544117647058822 -0.24540590100535242
v -0.16089419753506445 0.6544117647058822 -0.2604273840225132
v -0.13677913664488547 0.6529590287297474 -0.24285714285714288
v -0.1280864000732042 0.6544117647058822 -0.24285714285714288
v 0.13467421488611192 0.6538053380919124 -0.24328260406884866
v 0.1352941176470588 0.6534625817727133 -0.24285714285714288
v 0.1352941176470588 0.6536944061960182 -0.2433604324783491
v 0.1352941176470588 0.6544117647058822 -0.24540590100535242
v 0.13294372689441325 0.6544117647058822 -0.24447029924327537
v 0.1280864000732042 0.6544117647058822 -0.24285714285714288
v 0.1345081975119698 0.6536429297911213 -0.24285714285714288
v 0.19364833725789066 0.6453209437369388 -0.24923514740995714
v 0.2029411764705884 0.638136044581234 -0.24285714285714288
v 0.2029411764705884 0.64245554999004 -0.25124547127682906
v 0.2029411764705884 0.6544117647058822 -0.28457091773756205
v 0.17197785876012142 0.6544117647058822 -0.2641083640186745
v 0.19113334795512096 0.6428606281146642 -0.24285714285714288
v 0.24967267402745247 0.6339508895537098 -0.25721223304327023
v 0.2705882352941176 0.6120342333817187 -0.24285714285714288
v 0.2705882352941176 0.6244987690969932 -0.2638437207287761
v 0.2065095427293823 0.6544117647058822 -0.2868366181888402
v 0.2436432723460812 0.6280525618219336 -0.24285714285714288
v 0.33823529411764697 0.5952907438386392 -0.28433570035447847
v 0.30136566680787147 0.6183436510332757 -0.2681620734020509
v 0.28945258932426626 0.6066895534949663 -0.24285714285714288
v 0.3442956446760733 0.5941638979248032 -0.2851262811384713
v -0.2029411764705883 0.6566325973194664 -0.28772760632507266
v -0.1352941176470588 0.6738019654609493 -0.27568179566073076
v -0.20036823729916278 0.6569287704170594 -0.28751981504072965
v -0.11394005283556384 0.6753016107171274 -0.2746296635921106
v -0.0676470588235294 0.6665522073565209 -0.24285714285714288
v -0.0676470588235294 0.6826507331121431 -0.26947361264195674
v -0.0380757042306816 0.6833402637641031 -0.26898984669248643
v 0 0.6707631043422152 -0.24285714285714288
v 0 0.6854085893266035 -0.2675387357422877
v -0.05480069180598102 0.6669788628752231 -0.24285714285714288
v 0.030971386392554694 0.6847098600899032 -0.2680289553020044
v 0.0676470588235294 0.6665522073565209 -0.24285714285714288
v 0.0676470588235294 0.6826507331121431 -0.26947361264195674
v 0.0161860252900462 0.6702459198809275 -0.24285714285714288
v 0.1352941176470588 0.6738019654609493 -0.27568179566073076
v 0.09475711154086248 0.6809324684510994 -0.27067912530891114
v 0.07900879850885494 0.6655265100502225 -0.24285714285714288
v 0.2029411764705884 0.6566325973194664 -0.28772760632507266
v 0.15334589649360209 0.6720711135775007 -0.27689613936308677
v 0.20497680630989007 0.6564031417225904 -0.287888589458119
v -0.22013026691098103 -0.48740364985537143 -0.20822605275567327
v -0.2029411764705883 -0.4911322679804583 -0.1964285714285714
v -0.2029411764705883 -0.4909925379745729 -0.21074397108692255
v -0.25424786093960383 -0.47058823529411764 -0.2316421654274921
v -0.24785761514465932 -0.47058823529411764 -0.1964285714285714
v -0.22057963116385698 -0.4878432453201414 -0.1964285714285714
v -0.16996917549922838 -0.5045094875408053 -0.22022729125878715
v -0.1352941176470588 -0.5099024036122861 -0.1964285714285714
v -0.1352941176470588 -0.5105781903928609 -0.22448501611689603
v -0.1701361715620277 -0.5046728532544132 -0.1964285714285714
v -0.11373098995890586 -0.5156703418395946 -0.22805760490968388
v -0.0676470588235294 -0.5195213554322717 -0.1964285714285714
v -0.0676470588235294 -0.5209746225352105 -0.2317790208897827
v -0.11310159029195084 -0.5150546247740951 -0.1964285714285714
v -0.052669268949397455 -0.5221125201359195 -0.23257735539694674
v 0 -0.522507419320052 -0.1964285714285714
v 0 -0.5242520865834902 -0.23407844804746458
v -0.051256695208470066 -0.5207306545197948 -0.1964285714285714
v 0.013828604946733875 -0.5232367227822872 -0.23336608169804912
v 0.0676470588235294 -0.5195213554322717 -0.1964285714285714
v 0.0676470588235294 -0.5209746225352105 -0.2317790208897827
v 0.01571530375334703 -0.5213910391671222 -0.1964285714285714
v 0.08827019195920292 -0.5165899017278897 -0.2287027564503607
v 0.1352941176470588 -0.5099024036122861 -0.1964285714285714
v 0.1352941176470588 -0.5105781903928609 -0.22448501611689603
v 0.08998933300451963 -0.5149081333139929 -0.1964285714285714
v 0.17635893927550322 -0.4965925977675705 -0.21467290192581928
v 0.2029411764705884 -0.4911322679804582 -0.1964285714285714
v 0.2029411764705884 -0.4909925379745729 -0.21074397108692253
v 0.1770418990989311 -0.4959244848968258 -0.1964285714285714
v 0.25240561087676233 -0.47058823529411764 -0.20890795029886805
v 0.24785761514465932 -0.47058823529411764 -0.1964285714285714
v -0.3567020478827641 -0.4224770673021925 -0.20910295832947473
v -0.3382352941176471 -0.4291652697202404 -0.1964285714285714
v -0.3382352941176471 -0.4291611837316587 -0.21379244953871923
v -0.37408031499009786 -0.40441176470588236 -0.2210302783006572
v -0.3726286033530073 -0.40441176470588236 -0.1964285714285714
v -0.3571522349996323 -0.422917467742607 -0.1964285714285714
v -0.3158265788773787 -0.4486666660373334 -0.22747724823571647
v -0.2705882352941176 -0.462744832419564 -0.1964285714285714
v -0.2705882352941176 -0.46542528579746584 -0.2392348830515554
v -0.31583053065677075 -0.4486705319084778 -0.1964285714285714
v -0.26745003023647457 -0.46751825208555386 -0.24070328162192828
v -0.2657343205871911 -0.46583984047212434 -0.1964285714285714
v 0.2705882352941176 -0.462744832419564 -0.1964285714285714
v 0.2705882352941176 -0.46542528579746584 -0.2392348830515554
v 0.2856303017493138 -0.4558731702835996 -0.2325332401037318
v 0.33823529411764697 -0.4291652697202405 -0.1964285714285714
v 0.33823529411764697 -0.42916118373165874 -0.21379244953871931
v 0.29172195615523955 -0.4499139431473679 -0.1964285714285714
v 0.37746314080830207 -0.40441176470588236 -0.21593368286138276
v 0.37262860335300735 -0.40441176470588236 -0.1964285714285714
v -0.43481734085492685 -0.36654126055501157 -0.21628767804018273
v -0.40588235294117647 -0.3810859338035704 -0.1964285714285714
v -0.40588235294117647 -0.3823675241047887 -0.2273911835782803
v -0.4551194211626181 -0.3382352941176471 -0.23022171452465412
v -0.45327939422152974 -0.3382352941176471 -0.1964285714285714
v -0.43555690355050264 -0.3672647458006836 -0.1964285714285714
v -0.3959435803398797 -0.3946890523785268 -0.23603581135128393
v -0.395192249932493 -0.39395405524086596 -0.1964285714285714
v 0.4058823529411766 -0.38108593380357036 -0.1964285714285714
v 0.4058823529411766 -0.38236752410478864 -0.22739118357828028
v 0.4561559494880393 -0.3382352941176471 -0.2083525936743581
v 0.45327939422152974 -0.3382352941176471 -0.1964285714285714
v -0.5002769221165013 -0.29822486626486394 -0.21478633474455533
v -0.47352941176470575 -0.31659918826138067 -0.1964285714285714
v -0.47352941176470575 -0.3184945097025045 -0.22900725918810633
v -0.5133078035070414 -0.2720588235294118 -0.22372988998464646
v -0.5128028700588029 -0.2720588235294118 -0.1964285714285714
v -0.5010042056228319 -0.2989363392601873 -0.1964285714285714
v -0.466317634858254 -0.33118029497003126 -0.23790744504246636
v -0.4654123248036248 -0.3302946655687635 -0.1964285714285714
v 0.47352941176470575 -0.31659918826138067 -0.1964285714285714
v 0.47352941176470575 -0.3184945097025045 -0.22900725918810633
v 0.5164063878388035 -0.2720588235294118 -0.2134291561727465
v 0.5128028700588029 -0.2720588235294118 -0.1964285714285714
v -0.5512151186588096 -0.21570276953195575 -0.20331845100495938
v -0.5411764705882353 -0.22527648255414837 -0.1964285714285714
v -0.5411764705882353 -0.22570047910814156 -0.2103327170885691
v -0.5543927109635682 -0.20588235294117652 -0.2054993451023248
v -0.5548575812805814 -0.20588235294117652 -0.1964285714285714
v -0.5514673372879572 -0.21594950514742625 -0.1964285714285714
v -0.5278045523561297 -0.25897759917191726 -0.2336795219587102
v -0.5274717835963403 -0.2586520645156015 -0.1964285714285714
v 0.5411764705882351 -0.2257004791081417 -0.2103327170885692
v 0.5411764705882351 -0.22527648255414853 -0.1964285714285714
v 0.5602274223371079 -0.20588235294117652 -0.22978180019720232
v 0.5548575812805815 -0.20588235294117652 -0.1964285714285714
v -0.5777519974767942 -0.17548628909174885 -0.22153165044214762
v -0.5886176036626896 -0.13970588235294112 -0.2289891006504795
v -0.5878213369020907 -0.13970588235294112 -0.1964285714285714
v -0.5784754757775079 -0.1761940396033166 -0.1964285714285714
v 0.5692271538156991 -0.1784414671751792 -0.22360496585941142
v 0.5905689353353002 -0.13970588235294112 -0.20895734562390883
v 0.5878213369020907 -0.13970588235294112 -0.1964285714285714
v 0.5624300238156632 -0.1850908334795621 -0.1964285714285714
v -0.6088235294117647 -0.07352941176470584 -0.2413556527291792
v -0.5955189250138824 -0.1266905084854476 -0.23372572182629822
v -0.6057939825658519 -0.07352941176470584 -0.1964285714285714
v -0.5949148890073817 -0.12609960369647952 -0.1964285714285714
v 0.6045788519662506 -0.07768181361357834 -0.199341843836828
v 0.6088235294117648 -0.07352941176470584 -0.24135565272918014
v 0.6062429393046558 -0.07352941176470584 -0.19819972178158715
v 0.6057939825658519 -0.07352941176470584 -0.1964285714285714
v 0.6037221704875333 -0.07851987158188883 -0.1964285714285714
v 0.6090050467119846 -0.07352941176470584 -0.24273256110761307
v -0.6088235294117647 -0.05426751800254365 -0.1964285714285714
v -0.6195325560769088 -0.017829162914111622 -0.20377855556831323
v -0.6205494464663313 -0.007352941176470562 -0.20447648344428324
v -0.6209398490605829 -0.007352941176470562 -0.1964285714285714
v -0.6199132268425053 -0.018201558228282032 -0.1964285714285714
v -0.6065012052878942 -0.07125757294787605 -0.1964285714285714
v 0.6088235294117648 -0.05426751800254319 -0.1964285714285714
v 0.6090254559195217 -0.07333187496363924 -0.24271855354591837
v 0.6269004000676737 -0.007352941176470562 -0.2304503465374041
v 0.6209398490605827 -0.007352941176470562 -0.1964285714285714
v -0.6257947796779748 0.04222121936873307 -0.20807654133177775
v -0.6263763541595725 0.05882352941176472 -0.20847569648840225
v -0.626675849720497 0.05882352941176472 -0.1964285714285714
v -0.6263052261561028 0.04172186955317307 -0.1964285714285714
v 0.6272789996136532 0.010701323151463878 -0.23019050026516347
v 0.6326293046949072 0.05882352941176472 -0.22651839646715993
v 0.626675849720497 0.05882352941176472 -0.1964285714285714
v 0.621224842950476 0.004778778589659976 -0.1964285714285714
v -0.6229358448853207 0.11119447399326036 -0.20611435316663318
v -0.6223266873849045 0.125 -0.20569626680765185
v -0.6225020800058177 0.125 -0.1964285714285714
v -0.6231934763291243 0.11094244323301782 -0.1964285714285714
v 0.6316786704045171 0.0811818195133703 -0.22717085043665133
v 0.6292717596186442 0.125 -0.22882279852260753
v 0.6225020800058177 0.125 -0.1964285714285714
v 0.6258705133404049 0.07549992673326056 -0.1964285714285714
v -0.6088235294117647 0.18706111333898845 -0.19931585381613823
v -0.6088235294117647 0.1844391751595153 -0.1964285714285714
v -0.6088235294117647 0.19117647058823528 -0.20473128773953658
v -0.6079080586398784 0.19117647058823528 -0.1964285714285714
v 0.6081887942506072 0.19055553401753772 -0.19686421264166398
v 0.6088235294117648 0.1844391751595149 -0.1964285714285714
v 0.6088235294117648 0.1870611133389882 -0.1993158538161384
v 0.6088235294117648 0.19117647058823528 -0.20473128773953697
v 0.6080606293751849 0.19117647058823528 -0.19695217673318058
v 0.6079080586398785 0.19117647058823528 -0.1964285714285714
v 0.6080831834482725 0.19045221910221027 -0.1964285714285714
v 0.6274355934167041 0.14320745391787543 -0.23008302439412548
v 0.6158320231985135 0.19117647058823528 -0.23804696544449852
v 0.6211154907501342 0.1370247447875353 -0.1964285714285714
v -0.6088235294117647 0.20608511636549626 -0.23239742629595342
v -0.5952279494972523 0.25735294117647056 -0.23352601502761736
v -0.5915698224665603 0.25735294117647056 -0.1964285714285714
v -0.6073879203888966 0.19258087071930188 -0.1964285714285714
v 0.6088235294117648 0.2060851163654961 -0.23239742629595353
v 0.5984988884794568 0.24725274896008234 -0.20351473803118028
v 0.5945414907148859 0.25735294117647056 -0.2062308402236342
v 0.5915698224665604 0.25735294117647056 -0.1964285714285714
v 0.596778456895894 0.24556971806311878 -0.1964285714285714
v 0.6148677603072357 0.1970893051598916 -0.23870877320528242
v -0.579223951028151 0.28630905046478816 -0.22254190427708512
v -0.5635564753432327 0.32352941176470584 -0.21178876102749827
v -0.5624539805598089 0.32352941176470584 -0.1964285714285714
v -0.5740314713443954 0.29138865015541876 -0.1964285714285714
v 0.5847981826568474 0.30002635515663456 -0.21291801749328176
v 0.5703071565534814 0.32352941176470584 -0.22286372174434968
v 0.562453980559809 0.32352941176470584 -0.1964285714285714
v 0.5808614766089955 0.2961752296750403 -0.1964285714285714
v -0.5411764705882353 0.363624010471223 -0.21472728154241175
v -0.5411764705882353 0.3554649902728744 -0.1964285714285714
v -0.527736833365015 0.3897058823529411 -0.23363304401760354
v -0.5217694229617132 0.3897058823529411 -0.1964285714285714
v 0.5326165309275792 0.381332028337082 -0.20230356107144398
v 0.5411764705882351 0.35546499027287465 -0.1964285714285714
v 0.5411764705882351 0.36362401047122317 -0.21472728154241166
v 0.5256805784075745 0.3897058823529411 -0.2070639508444906
v 0.5217694229617132 0.3897058823529411 -0.1964285714285714
v 0.5314000841245791 0.3801420260297993 -0.1964285714285714
v 0.5642054560575469 0.34605776711511943 -0.22705153481764634
v 0.5573082607652301 0.3393105108508965 -0.1964285714285714
v -0.47352941176470575 0.44934959193017776 -0.20101187359819267
v -0.47352941176470575 0.4473359945175432 -0.1964285714285714
v -0.47352941176470575 0.4558823529411764 -0.22736765298629283
v -0.466265486781591 0.4558823529411764 -0.1964285714285714
v 0.4708192094125785 0.45323106803148666 -0.19828867925409976
v 0.47352941176470575 0.4473359945175432 -0.1964285714285714
v 0.47352941176470575 0.44934959193017776 -0.20101187359819267
v 0.47352941176470575 0.4558823529411764 -0.22736765298629283
v 0.46786364637592753 0.4558823529411764 -0.20031718680409932
v 0.46626548678159097 0.4558823529411764 -0.1964285714285714
v 0.47053826216092354 0.45295622832878074 -0.1964285714285714
v 0.5116283492451693 0.4269765820620902 -0.2167084932199303
v 0.47799649711999753 0.4558823529411764 -0.239791224026337
v 0.506526917524222 0.4219860510307287 -0.1964285714285714
v -0.47352941176470575 0.4603690198345501 -0.23970935433829976
v -0.45530474803210086 0.47371082833176814 -0.230348910916442
v -0.40588235294117647 0.5127680339286839 -0.1964285714285714
v -0.40588235294117647 0.5147526775590144 -0.20155447066494533
v -0.40588235294117647 0.5220588235294117 -0.23449526552968558
v -0.3937760150813987 0.5220588235294117 -0.1964285714285714
v 0.40224333862570255 0.5184989182207957 -0.19892615578794953
v 0.4058823529411766 0.5127680339286838 -0.1964285714285714
v 0.4058823529411766 0.5147526775590144 -0.20155447066494536
v 0.4058823529411766 0.5220588235294117 -0.23449526552968575
v 0.39687211597686706 0.5220588235294117 -0.20261261605314407
v 0.3937760150813987 0.5220588235294117 -0.1964285714285714
v 0.4018938622148397 0.5181570391232125 -0.1964285714285714
v 0.47352941176470575 0.4603690198345501 -0.23970935433829976
v 0.44740294252177154 0.49650032100914987 -0.21436009224437413
v 0.408691424842076 0.5220588235294117 -0.2409291773599417
v 0.44288668032202344 0.49208223842243975 -0.1964285714285714
v 0.47676349361519654 0.4590461286644826 -0.24063747798460108
v -0.40588235294117647 0.5244711405534551 -0.24116469186567116
v -0.40095530039607996 0.5268787662365713 -0.23947553225942136
v -0.3382352941176471 0.5631748077035784 -0.1964285714285714
v -0.3382352941176471 0.5683464920800163 -0.21038230238195677
v -0.29449999172424435 0.588235294117647 -0.21284005643185716
v -0.287454424008942 0.588235294117647 -0.1964285714285714
v 0.32670481189399275 0.5769554745510287 -0.20434234960070674
v 0.33823529411764697 0.5631748077035784 -0.1964285714285714
v 0.33823529411764697 0.5683464920800163 -0.2103823023819567
v 0.3032158655848932 0.588235294117647 -0.22046364504887758
v 0.287454424008942 0.588235294117647 -0.1964285714285714
v 0.3252421468564467 0.5755246065795162 -0.1964285714285714
v 0.4058823529411766 0.524471140553455 -0.2411646918656712
v 0.37398560294741556 0.5570319517324461 -0.2183204402131092
v 0.36809341846510524 0.5512678582171425 -0.1964285714285714
v 0.40777255713056887 0.5239079363233824 -0.2415598288016904
v -0.2705882352941176 0.6096673697224967 -0.22782067076612134
v -0.2705882352941176 0.5978870116935543 -0.1964285714285714
v -0.24147008057936484 0.6167204454690356 -0.22287232238521626
v -0.2029411764705883 0.6274677454425623 -0.1964285714285714
v -0.2029411764705883 0.6325915017565418 -0.21173739083112456
v -0.2562312344734785 0.602280186224794 -0.1964285714285714
v -0.14799572696542485 0.6419862773292198 -0.2051461355880711
v -0.1352941176470588 0.6441994418361345 -0.1964285714285714
v -0.1352941176470588 0.6457863878487418 -0.20248002630294615
v -0.1517991481647919 0.6382655391994042 -0.1964285714285714
v -0.06972793579547744 0.6523761241898461 -0.19785675096521899
v -0.0676470588235294 0.6525132981421615 -0.1964285714285714
v -0.0676470588235294 0.6527576680129192 -0.1975890646639518
v -0.0676470588235294 0.6544117647058822 -0.2060117072466254
v -0.07016380723541181 0.6519497282159973 -0.1964285714285714
v -0.01708669590822763 0.6544117647058822 -0.1964285714285714
v 0.06606125676883708 0.6528604366089006 -0.1975169635220093
v 0.0676470588235294 0.6525132981421615 -0.1964285714285714
v 0.0676470588235294 0.6527576680129192 -0.1975890646639518
v 0.0676470588235294 0.6544117647058822 -0.2060117072466254
v 0.057048278613019365 0.6544117647058822 -0.20370288952336246
v 0.017086695908227627 0.6544117647058822 -0.1964285714285714
v 0.06585450851488697 0.6526581828822103 -0.1964285714285714
v 0.12798899090884644 0.6472654450706745 -0.20144233853771715
v 0.1352941176470588 0.6441994418361345 -0.1964285714285714
v 0.1352941176470588 0.6457863878487418 -0.20248002630294615
v 0.09800607337254899 0.6544117647058822 -0.22202067634989647
v 0.12701388750967108 0.6463115395714812 -0.1964285714285714
v 0.18658324570262175 0.6384094411285236 -0.20765559844633733
v 0.2029411764705884 0.6274677454425623 -0.1964285714285714
v 0.2029411764705884 0.6325915017565418 -0.21173739083112458
v 0.18401985027878054 0.6359017716921572 -0.1964285714285714
v 0.24102707875742063 0.6254932420069395 -0.2167174397348138
v 0.2705882352941176 0.5978870116935543 -0.1964285714285714
v 0.2705882352941176 0.6096673697224967 -0.22782067076612134
v 0.2354076268992504 0.619995952145686 -0.1964285714285714
v 0.2886309189706721 0.6058857455403633 -0.23047381027168154
v 0.2783528673933075 0.5958311298668545 -0.1964285714285714
v -0.0676470588235294 0.6654188752788737 -0.23513469385196478
v -0.05610360790825518 0.6657042710360418 -0.2349344638128087
v 0 0.6555873017503846 -0.1964285714285714
v 0 0.6692106542575003 -0.23247442987013467
v 0.0676470588235294 0.6654188752788737 -0.23513469385196478
v 0.014769276525585509 0.6688599700026507 -0.23272046549020375
v 0.0011658591531283425 0.6555522790948122 -0.1964285714285714
v 0.0781840077627192 0.6647196495376984 -0.23562526175291634
v -0.1451583296711563 -0.5464144785146222 -0.15677015794200483
v -0.1352941176470588 -0.5508980263326841 -0.15000000000000002
v -0.1352941176470588 -0.5471168422194663 -0.1572629273984193
v -0.1352941176470588 -0.5367647058823529 -0.1634412556676354
v -0.15073226778036872 -0.5367647058823529 -0.1605957490045388
v -0.17989896175786618 -0.5367647058823529 -0.15000000000000002
v -0.1481915595656888 -0.5493817686288388 -0.15000000000000002
v -0.08629427350637892 -0.5550065463329666 -0.16279824361773215
v -0.0676470588235294 -0.5623918577706623 -0.15000000000000002
v -0.0676470588235294 -0.5557829551216217 -0.1633429621646933
v -0.0676470588235294 -0.5367647058823529 -0.1749194701184862
v -0.09845315533728326 -0.5367647058823529 -0.1711433146880112
v -0.09185559457674089 -0.5604469691191903 -0.15000000000000002
v -0.021850523172062167 -0.5581402176811094 -0.16499678764293707
v 0 -0.5659098110160506 -0.15000000000000002
v 0 -0.558444318947043 -0.16521014122951275
v 0 -0.5367647058823529 -0.17854464065879172
v -0.039112052482445064 -0.5367647058823529 -0.1768439863311191
v -0.02894093501495964 -0.5650764901361178 -0.15000000000000002
v 0.04791483326010273 -0.5560679700204877 -0.16354292499850093
v 0.0676470588235294 -0.5623918577706623 -0.15000000000000002
v 0.0676470588235294 -0.5557829551216217 -0.1633429621646933
v 0.0676470588235294 -0.5367647058823529 -0.1749194701184862
v 0.028796959237479478 -0.5367647058823529 -0.17666419878421438
v 0.04062295440996168 -0.563201329765191 -0.15000000000000002
v 0.12418370223703537 -0.5476335905225932 -0.15762547144600988
v 0.1352941176470588 -0.5508980263326841 -0.15000000000000002
v 0.1352941176470588 -0.5471168422194663 -0.1572629273984193
v 0.1352941176470588 -0.5367647058823529 -0.1634412556676354
v 0.11088440285932483 -0.5367647058823529 -0.16675325145369319
v 0.11936630535873556 -0.5523462613817995 -0.15000000000000002
v 0.17989896175786618 -0.5367647058823529 -0.15000000000000002
v -0.3401513796978311 -0.47246266683994986 -0.15131507737025057
v -0.3382352941176471 -0.47375281228297744 -0.15000000000000002
v -0.3382352941176471 -0.472796561438834 -0.15154933358089623
v -0.3382352941176471 -0.47058823529411764 -0.15281305923912272
v -0.3409556106648988 -0.47058823529411764 -0.1518670495557225
v -0.34295410864282805 -0.47058823529411764 -0.15000000000000002
v -0.3407747975641912 -0.47307253214399775 -0.15000000000000002
v -0.2967737312579971 -0.4962044813457389 -0.16797203294415333
v -0.2705882352941176 -0.5106332279934167 -0.15000000000000002
v -0.2705882352941176 -0.4994964188780946 -0.1702816145144727
v -0.2705882352941176 -0.47058823529411764 -0.1877433508497356
v -0.30720343357950425 -0.47058823529411764 -0.1751303068977343
v -0.30297994334201217 -0.5022757757757536 -0.15000000000000002
v -0.24372554943550154 -0.5104859914554458 -0.1779917590846144
v -0.2029411764705883 -0.5319296030754391 -0.15000000000000002
v -0.2029411764705883 -0.5142399282955507 -0.18062547350259267
v -0.26347194577690375 -0.47058823529411764 -0.1915444099897383
v -0.25367430856424455 -0.5202184732118249 -0.15000000000000002
v -0.1352941176470588 -0.5229385644013566 -0.18672832613555487
v -0.1848910997816424 -0.5191070221649059 -0.1840401647569657
v -0.19937855863152099 -0.5332795362571784 -0.15000000000000002
v -0.0676470588235294 -0.5276793094517422 -0.19005437266296837
v -0.12307326165035232 -0.5248095206681835 -0.1880409652941859
v 0 -0.5291953023132477 -0.19111797400389763
v -0.058803203563141046 -0.5281131083450165 -0.1903587204579322
v 0.0676470588235294 -0.5276793094517422 -0.19005437266296837
v 0.008133255353231235 -0.528808260428105 -0.19084643033209903
v 0.1352941176470588 -0.5229385644013566 -0.18672832613555487
v 0.07847749950525061 -0.5261697095632778 -0.18899525655074412
v 0.15372434987109349 -0.5187351308805799 -0.1837792505543116
v 0.2029411764705884 -0.5319296030754391 -0.15000000000000002
v 0.2029411764705884 -0.5142399282955507 -0.18062547350259267
v 0.23693302221838872 -0.5035118133029829 -0.17309876425383883
v 0.2705882352941176 -0.5106332279934167 -0.15000000000000002
v 0.2705882352941176 -0.4994964188780946 -0.1702816145144727
v 0.2705882352941176 -0.47058823529411764 -0.1877433508497356
v 0.21198292114562464 -0.5279195208741653 -0.15000000000000002
v 0.3354837263023678 -0.47327998641776037 -0.1518884984073811
v 0.33823529411764697 -0.4737528122829775 -0.15000000000000002
v 0.33823529411764697 -0.472796561438834 -0.15154933358089626
v 0.33823529411764697 -0.47058823529411764 -0.15281305923912278
v 0.32525058504533017 -0.47058823529411764 -0.1589118655434224
v 0.3330067363898687 -0.47570312872346593 -0.15000000000000002
v 0.342954108642828 -0.47058823529411764 -0.15000000000000002
v -0.4227906848886255 -0.4209525242196912 -0.16160478683349763
v -0.40588235294117647 -0.4334487585309342 -0.15000000000000002
v -0.40588235294117647 -0.4245313483621924 -0.16411564440649057
v -0.40588235294117647 -0.40441176470588236 -0.17497230049916668
v -0.42828377856561384 -0.40441176470588236 -0.1653748915000021
v -0.4411697546536762 -0.40441176470588236 -0.15000000000000002
v -0.4273067113108079 -0.42537037615443485 -0.15000000000000002
v -0.3382352941176471 -0.4507883483143047 -0.1825372221506709
v -0.37905507167127633 -0.44434415579095443 -0.17801605850730454
v -0.39249725348710407 -0.40441176470588236 -0.18724190379083847
v -0.38771346937590023 -0.4528143274585213 -0.15000000000000002
v -0.2705882352941176 -0.46655714330230635 -0.19360040847558635
v -0.3251906618611883 -0.45782718199975575 -0.18747557848236832
v -0.2676426438769523 -0.4677066784729777 -0.19440690775405733
v 0.2705882352941176 -0.46655714330230635 -0.19360040847558635
v 0.33823529411764697 -0.4507883483143047 -0.18253722215067092
v 0.2776152981160196 -0.46371393470747435 -0.19160564942968833
v 0.3786829325353088 -0.43101989336379637 -0.16866792518539364
v 0.4058823529411766 -0.4334487585309341 -0.15000000000000002
v 0.4058823529411766 -0.42453134836219236 -0.16411564440649054
v 0.4058823529411766 -0.40441176470588236 -0.1749723004991666
v 0.4411697546536762 -0.40441176470588236 -0.15000000000000002
v -0.49357014268404764 -0.357840356973525 -0.16375466314650483
v -0.47352941176470575 -0.37598704734804683 -0.15000000000000002
v -0.47352941176470575 -0.3631291218491174 -0.16746519342430138
v -0.47352941176470575 -0.3382352941176471 -0.17988282162697566
v -0.4988976922931311 -0.3382352941176471 -0.16741114905832916
v -0.5108242088516429 -0.3382352941176471 -0.15000000000000002
v -0.4987245752342057 -0.36288273664215787 -0.15000000000000002
v -0.40588235294117647 -0.39348668461713576 -0.18876367396948251
v -0.45206342867950017 -0.38341243342687686 -0.1816957072613961
v -0.4644413837762633 -0.3382352941176471 -0.19019113607004415
v -0.461740886364714 -0.39287951159719475 -0.15000000000000002
v -0.3993874949531806 -0.3980580992828429 -0.1919709204492326
v 0.4058823529411766 -0.3934866846171357 -0.18876367396948246
v 0.43386434698653964 -0.3770380748788967 -0.17722353824836876
v 0.47352941176470575 -0.37598704734804683 -0.15000000000000002
v 0.47352941176470575 -0.3631291218491174 -0.16746519342430138
v 0.47352941176470575 -0.3382352941176471 -0.17988282162697566
v 0.5108242088516429 -0.3382352941176471 -0.15000000000000002
v -0.5536243341715129 -0.28423608138261824 -0.15854340947796391
v -0.5411764705882353 -0.29889717990056386 -0.15000000000000002
v -0.5411764705882353 -0.28859651490414784 -0.16160263426608468
v -0.5411764705882353 -0.2720588235294118 -0.16869784636934693
v -0.5564577912801838 -0.2720588235294118 -0.16048811140658584
v -0.5628357047106867 -0.2720588235294118 -0.15000000000000002
v -0.5573215813567856 -0.2878529536290806 -0.15000000000000002
v -0.47352941176470575 -0.3288061527457895 -0.18981320557720466
v -0.5186231841249482 -0.31617229649051853 -0.18094945245842725
v -0.5277718159990064 -0.2720588235294118 -0.18722848240925594
v -0.5278978849854854 -0.3252453734193048 -0.15000000000000002
v -0.46854701578517677 -0.3333612110941948 -0.19300897667243505
v 0.47352941176470575 -0.3288061527457895 -0.18981320557720466
v 0.5073054202941834 -0.3051935466431581 -0.17324690097821566
v 0.5411764705882351 -0.2988971799005641 -0.15000000000000002
v 0.5411764705882351 -0.288596514904148 -0.1616026342660848
v 0.5411764705882351 -0.2720588235294118 -0.16869784636934712
v 0.5628357047106868 -0.2720588235294118 -0.15000000000000002
v -0.5411764705882353 -0.25426347821578393 -0.18394358312916897
v -0.577745224691162 -0.24165613412882217 -0.17509843061101488
v -0.5834169538870007 -0.20588235294117652 -0.17899113915846943
v -0.6003210544836054 -0.20588235294117652 -0.15000000000000002
v -0.5854894194612896 -0.2492319768387297 -0.15000000000000002
v -0.5329914104347664 -0.2640516994662358 -0.19081087486361298
v 0.5411764705882351 -0.254263478215784 -0.18394358312916906
v 0.5759961447674241 -0.20588235294117652 -0.17253059629316544
v 0.6003210544836054 -0.20588235294117652 -0.15000000000000002
v 0.5840004164394739 -0.23016583302276533 -0.15000000000000002
v -0.6239036138323116 -0.15445813885130227 -0.16034999582900894
v -0.6088235294117647 -0.1842767182464419 -0.15000000000000002
v -0.6088235294117647 -0.16155954188949812 -0.1653322500240606
v -0.6088235294117647 -0.13970588235294112 -0.17187596687941367
v -0.6259580596727122 -0.13970588235294112 -0.16176003474431494
v -0.6322422075876608 -0.13970588235294112 -0.15000000000000002
v -0.6284219096604604 -0.15887821085710002 -0.15000000000000002
v -0.5917647292864466 -0.1891943962968436 -0.18472051295746802
v -0.5981853266300454 -0.13970588235294112 -0.18912719622745355
v -0.6037781066793748 -0.20094661331166472 -0.15000000000000002
v 0.6088235294117648 -0.161559541889498 -0.16533225002406052
v 0.6088235294117648 -0.18427671824644173 -0.15000000000000002
v 0.6088235294117648 -0.13970588235294112 -0.17187596687941356
v 0.6322422075876607 -0.13970588235294112 -0.15000000000000002
v -0.6088235294117647 -0.1185797929640033 -0.1816067753810944
v -0.6391349519990955 -0.10318189038274685 -0.17080380245900656
v -0.6088235294117647 -0.07352941176470584 -0.1927933985978134
v -0.6417389232395053 -0.07352941176470584 -0.17259100011158598
v -0.6528921952237181 -0.07352941176470584 -0.15000000000000002
v -0.6466343105362825 -0.11051821938651678 -0.15000000000000002
v -0.6008235460667574 -0.13187981168934698 -0.19093789962966887
v -0.6072189870660274 -0.07352941176470584 -0.19532731720991325
v 0.6088235294117648 -0.1185797929640032 -0.18160677538109432
v 0.6088235294117648 -0.07352941176470584 -0.1927933985978133
v 0.652892195223718 -0.07352941176470584 -0.15000000000000002
v 0.6384862352209117 -0.1106880179744277 -0.15000000000000002
v -0.6088235294117647 -0.06982641789025866 -0.1938305979484037
v -0.6477847275545243 -0.045467156750909316 -0.17674044965698718
v -0.6495342834757025 -0.007352941176470562 -0.17794123182649146
v -0.6636955220680183 -0.007352941176470562 -0.15000000000000002
v -0.6580812024159318 -0.05553979520228615 -0.15000000000000002
v -0.6074851992240031 -0.07222017571146083 -0.19551002803883444
v 0.6088235294117648 -0.06982641789025858 -0.19383059794840363
v 0.634715426859027 -0.007352941176470562 -0.17865804554085404
v 0.6636955220680183 -0.007352941176470562 -0.15000000000000002
v 0.6595464184074176 -0.023909194268958336 -0.15000000000000002
v -0.6516328875506187 0.01694480949332068 -0.17938157810151154
v -0.6520774898192471 0.05882352941176472 -0.1796867243790484
v -0.6676970660753323 0.05882352941176472 -0.15000000000000002
v -0.6650016451522477 0.0038666770569444706 -0.15000000000000002
v 0.6398944429604256 0.02304251772982822 -0.17510350343399353
v 0.6477669996506613 0.05882352941176472 -0.16970028905963924
v 0.6676970660753323 0.05882352941176472 -0.15000000000000002
v 0.6666442144163002 0.049210772414923 -0.15000000000000002
v -0.6513795812834016 0.08336907969079005 -0.1792077250423346
v -0.6503900977469833 0.125 -0.17852860745988602
v -0.6657541269945269 0.125 -0.15000000000000002
v -0.6673518347944059 0.06774404908219897 -0.15000000000000002
v 0.6446060119610303 0.09382813190561155 -0.17186978682177728
v 0.6398019927578731 0.125 -0.17516695528108708
v 0.6657541269945269 0.125 -0.15000000000000002
v 0.6661491795974614 0.11490296981081606 -0.15000000000000002
v -0.6464407042697352 0.15437706040109017 -0.17581799889320338
v -0.6088235294117647 0.19117647058823528 -0.19538765067661779
v -0.6442189936148359 0.19117647058823528 -0.1742931602139091
v -0.6574367362448951 0.19117647058823528 -0.15000000000000002
v -0.6633997119402287 0.13778672681039006 -0.15000000000000002
v -0.6083401929648631 0.19117647058823528 -0.19609684051315138
v 0.6088235294117648 0.19117647058823528 -0.19538765067661773
v 0.6318710807645571 0.14754651762773172 -0.1806102209659406
v 0.6574367362448951 0.19117647058823528 -0.15000000000000002
v 0.6605519548357093 0.17560389443646762 -0.15000000000000002
v -0.6088235294117647 0.19378709464001684 -0.19459699074462306
v -0.6345280897828611 0.23220717559605017 -0.16764194981991398
v -0.6088235294117647 0.25735294117647056 -0.17816370817995555
v -0.6319735579463688 0.25735294117647056 -0.16588868418058228
v -0.6407704428911609 0.25735294117647056 -0.15000000000000002
v -0.6485889407144093 0.21845199533692697 -0.15000000000000002
v -0.6082043302242282 0.1917822089238688 -0.1960035931042063
v -0.6002117527366034 0.25735294117647056 -0.1905180042074204
v 0.6088235294117648 0.19378709464001698 -0.19459699074462297
v 0.6088235294117648 0.25735294117647056 -0.17816370817995547
v 0.6407704428911609 0.25735294117647056 -0.15000000000000002
v 0.6504775343855287 0.2319249537147436 -0.15000000000000002
v -0.6101716012761328 0.3222106458104326 -0.15092522944728376
v -0.6088235294117647 0.3197680198895848 -0.15263894477587858
v -0.6088235294117647 0.32352941176470584 -0.15132091801908953
v -0.6099704204129525 0.32352941176470584 -0.1507871518983308
v -0.6104486411147048 0.32352941176470584 -0.15000000000000002
v -0.6111094654484641 0.32129316998967383 -0.15000000000000002
v -0.5963447907367073 0.26956040292380923 -0.18786397128202587
v -0.5873363629902026 0.32352941176470584 -0.1816811683876857
v 0.6088235294117648 0.319768019889585 -0.15263894477587847
v 0.6088235294117648 0.32352941176470584 -0.15132091801908948
v 0.6104486411147048 0.32352941176470584 -0.15000000000000002
v 0.6349644755181948 0.28292560584580434 -0.15000000000000002
v -0.6088235294117647 0.32619275039021994 -0.15000000000000002
v -0.5731132191601306 0.3584634109239131 -0.17191932122481013
v -0.5411764705882353 0.3897058823529411 -0.1799515075327944
v -0.5668150039118895 0.3897058823529411 -0.16759663311965095
v -0.5791623705195205 0.3897058823529411 -0.15000000000000002
v -0.5322234275214278 0.3897058823529411 -0.19028378100073154
v 0.5411764705882351 0.3897058823529411 -0.1799515075327945
v 0.6088235294117648 0.32619275039021983 -0.15000000000000002
v 0.5680007375819591 0.3497705425194357 -0.17801812731176095
v 0.5791623705195206 0.3897058823529411 -0.15000000000000002
v 0.5922281506182958 0.3734712726636781 -0.15000000000000002
v 0.6101154203167283 0.32479321808477885 -0.15000000000000002
v -0.5411764705882353 0.4408595314303903 -0.15000000000000002
v -0.5238264671868994 0.40667871176729137 -0.18452064983945585
v -0.47352941176470575 0.4558823529411764 -0.1911909042766399
v -0.5091261778537115 0.4558823529411764 -0.1744313208250629
v -0.5306565344729157 0.4558823529411764 -0.15000000000000002
v -0.47031735922225515 0.4558823529411764 -0.19422402605005717
v 0.47352941176470575 0.4558823529411764 -0.1911909042766399
v 0.5292167217508558 0.44418259864374 -0.15820839904677286
v 0.5411764705882351 0.4408595314303905 -0.15000000000000002
v 0.5306565344729157 0.4558823529411764 -0.15000000000000002
v 0.5360826852492764 0.45089930206610807 -0.15000000000000002
v 0.5685657174369235 0.4164997107918753 -0.15000000000000002
v -0.47352941176470575 0.5175489259552121 -0.15000000000000002
v -0.46587642524334366 0.463368970190335 -0.19117605583471728
v -0.40588235294117647 0.5220588235294117 -0.18957472358862115
v -0.4419013149963217 0.5220588235294117 -0.17472108886393511
v -0.46890556498292746 0.5220588235294117 -0.15000000000000002
v -0.4011207827199397 0.5220588235294117 -0.19316053720840576
v 0.4058823529411766 0.5220588235294117 -0.1895747235886211
v 0.4691518679492796 0.517776443709973 -0.15300446330189188
v 0.47352941176470575 0.5175489259552121 -0.15000000000000002
v 0.46890556498292746 0.5220588235294117 -0.15000000000000002
v 0.4716439682224418 0.5202143678902404 -0.15000000000000002
v 0.5105530927228076 0.4921011712697543 -0.15000000000000002
v -0.40588235294117647 0.576206950627594 -0.15000000000000002
v -0.3909208379842843 0.5366950881611541 -0.18615995402026964
v -0.3382352941176471 0.588235294117647 -0.17587883241108368
v -0.36377342960517256 0.588235294117647 -0.16752772653025816
v -0.3878211177349323 0.588235294117647 -0.15000000000000002
v -0.32197050851379866 0.588235294117647 -0.18526547323462578
v 0.33823529411764697 0.588235294117647 -0.17587883241108376
v 0.4058823529411766 0.5762069506275939 -0.15000000000000002
v 0.3911018793484916 0.5737761351682813 -0.16014436231050735
v 0.3878211177349323 0.588235294117647 -0.15000000000000002
v 0.39989409320441766 0.5823772139403828 -0.15000000000000002
v 0.44220123911180703 0.5575881686963329 -0.15000000000000002
v -0.3382352941176471 0.6219279955099069 -0.15000000000000002
v -0.2705882352941176 0.6395941405322497 -0.16039585695991365
v -0.2705882352941176 0.6524635305260525 -0.15000000000000002
v -0.2753716836059996 0.6497323044007802 -0.15000000000000002
v -0.2029411764705883 0.6544117647058822 -0.1712314970780646
v -0.2264910920932534 0.6544117647058822 -0.1661631408466118
v -0.26487504663038525 0.6544117647058822 -0.15000000000000002
v -0.1352941176470588 0.6544117647058822 -0.18603799942772836
v -0.17721821177149316 0.6544117647058822 -0.17877399006677014
v -0.0676470588235294 0.6544117647058822 -0.19438264535753194
v -0.12320074075747546 0.6544117647058822 -0.18812845871864
v -0.06489316883902504 0.6544117647058822 -0.19453847923423767
v 0.0676470588235294 0.6544117647058822 -0.19438264535753194
v 0.1352941176470588 0.6544117647058822 -0.18603799942772836
v 0.07153958769761623 0.6544117647058822 -0.19375699105225713
v 0.2029411764705884 0.6544117647058822 -0.1712314970780646
v 0.15951330227636967 0.6544117647058822 -0.1798060875680817
v 0.2671600786354922 0.6510581331920096 -0.15235286528433606
v 0.2705882352941176 0.6524635305260525 -0.15000000000000002
v 0.2705882352941176 0.6395941405322497 -0.16039585695991365
v 0.26487504663038525 0.6544117647058822 -0.15000000000000002
v 0.26931470385882195 0.6531659187365713 -0.15000000000000002
v 0.2851186627662846 0.6024498427317234 -0.18645582462313998
v 0.33823529411764697 0.6219279955099069 -0.15000000000000002
v 0.31945452590287615 0.6360392740609978 -0.15000000000000002
v 0.36332202548744486 0.6127766617620144 -0.15000000000000002
v -0.2029411764705883 0.6806804295994116 -0.15000000000000002
v -0.1352941176470588 0.69777945243822 -0.15000000000000002
v -0.16940767118434488 0.6872162807467725 -0.15000000000000002
v -0.0676470588235294 0.7068944940390978 -0.15000000000000002
v -0.0850206200270874 0.7035923602036805 -0.15000000000000002
v 0 0.7097708214411927 -0.15000000000000002
v 0 0.6589366249840164 -0.1932539869159757
v -0.01184452909489482 0.7090011959621554 -0.15000000000000002
v 0.0038113815331781847 0.658140290118774 -0.19381268534524104
v 0.0676470588235294 0.7068944940390978 -0.15000000000000002
v 0.05454519560743749 0.7077711951914191 -0.15000000000000002
v 0.1352941176470588 0.69777945243822 -0.15000000000000002
v 0.11606694057991265 0.7017790403371269 -0.15000000000000002
v 0.2029411764705884 0.6806804295994116 -0.15000000000000002
v 0.17318249480129522 0.6914764814872005 -0.15000000000000002
v 0.22498456737371494 0.675975951458941 -0.15000000000000002
v -0.1352941176470588 -0.5367647058823529 -0.13815037018041806
v -0.0676470588235294 -0.5367647058823529 -0.12793086112789206
v -0.1145761376976844 -0.5367647058823529 -0.13578051686704434
v 0 -0.5367647058823529 -0.12468573723709803
v -0.03359875400560489 -0.5367647058823529 -0.1266314429665798
v 0.0676470588235294 -0.5367647058823529 -0.12793086112789206
v 0.03499651250766608 -0.5367647058823529 -0.12598065445902426
v 0.1352941176470588 -0.5367647058823529 -0.13815037018041806
v 0.09557751468620088 -0.5367647058823529 -0.13083033929922241
v 0.14939557980146861 -0.5367647058823529 -0.1403216672791163
v -0.3382352941176471 -0.47058823529411764 -0.14755113242245133
v -0.2705882352941176 -0.47058823529411764 -0.11660041984442622
v -0.32992127299432245 -0.47058823529411764 -0.14429379295573064
v -0.22289678263680818 -0.49011002393498493 -0.11726766758613237
v -0.2029411764705883 -0.4834298250642373 -0.10357142857142865
v -0.2029411764705883 -0.5128725826626187 -0.1332375897410754
v -0.2307948027352368 -0.47058823529411764 -0.10357142857142865
v -0.21402980671742244 -0.4814358083616728 -0.10357142857142865
v -0.1927972745005953 -0.5268413235204032 -0.14303788094606076
v -0.1352941176470588 -0.5037344470760696 -0.10357142857142865
v -0.16474847683033778 -0.49940228232123834 -0.10357142857142865
v -0.0676470588235294 -0.5140323535641044 -0.10357142857142865
v -0.10805502358928819 -0.5101177660432296 -0.10357142857142865
v 0 -0.5172155030614117 -0.10357142857142865
v -0.0460507376349643 -0.5156378699370175 -0.10357142857142865
v 0.0676470588235294 -0.5140323535641044 -0.10357142857142865
v 0.021559645743682288 -0.5156737480896203 -0.10357142857142865
v 0.1352941176470588 -0.5037344470760696 -0.10357142857142865
v 0.09715107424292138 -0.507902082102513 -0.10357142857142865
v 0.2029411764705884 -0.4834298250642373 -0.10357142857142865
v 0.2029411764705884 -0.5128725826626186 -0.13323758974107536
v 0.18680334426465472 -0.4863752450607918 -0.10357142857142865
v 0.2705882352941176 -0.47058823529411764 -0.11660041984442622
v 0.259346639392058 -0.47058823529411764 -0.11128693383340124
v 0.23079480273523684 -0.47058823529411764 -0.10357142857142865
v 0.33823529411764697 -0.47058823529411764 -0.14755113242245127
v 0.3047243986561432 -0.47058823529411764 -0.12657114253724333
v 0.34076455522203636 -0.47058823529411764 -0.1482640785587887
v -0.40588235294117647 -0.40441176470588236 -0.1281420988349794
v -0.3382352941176471 -0.4208006514387012 -0.10357142857142865
v -0.35901280304273575 -0.42473758865433864 -0.11783176854796465
v -0.3609163254703438 -0.40441176470588236 -0.10357142857142865
v -0.35086773949474626 -0.4167695917052185 -0.10357142857142865
v -0.2705882352941176 -0.4569217635277541 -0.10357142857142865
v -0.3114635357290102 -0.44439847165305985 -0.10357142857142865
v -0.26207313787112363 -0.46225824868466703 -0.10357142857142865
v 0.2705882352941176 -0.4569217635277541 -0.10357142857142865
v 0.33823529411764697 -0.4208006514387013 -0.10357142857142865
v 0.3075865808424891 -0.43439420160549336 -0.10357142857142865
v 0.3435533517867771 -0.4653857875743164 -0.14635002874261568
v 0.4058823529411766 -0.40441176470588236 -0.12814209883497946
v 0.3893773051571966 -0.40441176470588236 -0.11489942720577509
v 0.3609163254703438 -0.40441176470588236 -0.10357142857142865
v 0.42687247871238815 -0.40441176470588236 -0.13559373355454113
v -0.47352941176470575 -0.3382352941176471 -0.12387997953809746
v -0.4447585540522166 -0.3762663604219255 -0.13025354175633508
v -0.40588235294117647 -0.3729338974515973 -0.10357142857142865
v -0.4442263589410782 -0.3382352941176471 -0.10357142857142865
v -0.43009520642603327 -0.3619217812223984 -0.10357142857142865
v -0.39149953281730526 -0.390341614584704 -0.10357142857142865
v 0.4058823529411766 -0.37293389745159716 -0.10357142857142865
v 0.4406273581519569 -0.37042208569533625 -0.12615327282117247
v 0.47352941176470575 -0.3382352941176471 -0.12387997953809746
v 0.46142501752743464 -0.3382352941176471 -0.11187910287713337
v 0.44422635894107815 -0.3382352941176471 -0.10357142857142865
v 0.4974077730011232 -0.3382352941176471 -0.1336114353004713
v -0.5411764705882353 -0.2720588235294118 -0.13380788626486645
v -0.5084012220263554 -0.30617255095928636 -0.12750518654603904
v -0.47352941176470575 -0.3069268501290766 -0.10357142857142865
v -0.5043143803047567 -0.2720588235294118 -0.10357142857142865
v -0.495233151409592 -0.29329074274723527 -0.10357142857142865
v -0.4618013834141334 -0.32676222290513063 -0.10357142857142865
v 0.47352941176470575 -0.3069268501290766 -0.10357142857142865
v 0.5067411488662332 -0.30574555130093545 -0.1272056090079579
v 0.5411764705882351 -0.2720588235294118 -0.1338078862648663
v 0.5251229655955918 -0.2720588235294118 -0.11458951740178322
v 0.5043143803047567 -0.2720588235294118 -0.10357142857142865
v 0.5555967279965143 -0.2720588235294118 -0.14010286680984574
v -0.5459535264761244 -0.21055555978802462 -0.10685009115286812
v -0.5411764705882353 -0.21114500963674954 -0.10357142857142865
v -0.5559048787839576 -0.20588235294117652 -0.1136800565566915
v -0.5449079491067599 -0.20588235294117652 -0.10357142857142865
v -0.5440093574747767 -0.20865365533018448 -0.10357142857142865
v -0.5234677029466013 -0.25473502909737855 -0.10357142857142865
v 0.5411764705882351 -0.21114500963674976 -0.10357142857142865
v 0.5591514966792267 -0.254474558875181 -0.13766310321084127
v 0.5813151013543253 -0.20588235294117652 -0.12245143664811836
v 0.5449079491067599 -0.20588235294117652 -0.10357142857142865
v -0.6088235294117647 -0.13970588235294112 -0.1310218611835443
v -0.5959662752618364 -0.1933046043162467 -0.14117561128219214
v -0.5809639623688603 -0.13970588235294112 -0.10357142857142865
v -0.5731047413328015 -0.17094006025523423 -0.10357142857142865
v 0.5885167673618309 -0.1595711930539633 -0.11750867830135212
v 0.6088235294117648 -0.13970588235294112 -0.13102186118354442
v 0.5957091428623001 -0.13970588235294112 -0.11257229635848352
v 0.5809639623688603 -0.13970588235294112 -0.10357142857142865
v 0.5469479482255732 -0.200236342208998 -0.10357142857142865
v 0.6250820437321493 -0.13970588235294112 -0.13884120600992245
v -0.6088235294117647 -0.0972060147808719 -0.12018263259229434
v -0.6088235294117647 -0.07352941176470584 -0.11233793040892165
v -0.6003189893525043 -0.07352941176470584 -0.10357142857142865
v -0.5904334825322727 -0.12171561910126416 -0.10357142857142865
v 0.6030889008476055 -0.07913937449051389 -0.10750730718223364
v 0.6088235294117648 -0.09720601478087215 -0.12018263259229452
v 0.6088235294117648 -0.07352941176470584 -0.11233793040892173
v 0.6046011276015515 -0.07352941176470584 -0.10646941242253774
v 0.6003189893525043 -0.07352941176470584 -0.10357142857142865
v 0.5944548970715838 -0.08758568253227406 -0.10357142857142865
v 0.6267541759224131 -0.12216503250556769 -0.13769356248803327
v 0.6401634485968367 -0.07352941176470584 -0.1284903039133512
v -0.6147813964882279 -0.013181289403445498 -0.10766052367670312
v -0.6088235294117647 -0.019374974561117017 -0.10357142857142865
v -0.6178950289038858 -0.007352941176470562 -0.10979751983776023
v -0.6119726016100078 -0.007352941176470562 -0.10357142857142865
v -0.6117120082062348 -0.010178626953669709 -0.10357142857142865
v -0.6022886637570597 -0.06713660840684232 -0.10357142857142865
v 0.6088235294117648 -0.019374974561116434 -0.10357142857142865
v 0.6416882212096939 -0.04137916978847067 -0.1274437984865144
v 0.6477351463193878 -0.007352941176470562 -0.12329357970004749
v 0.6119726016100078 -0.007352941176470562 -0.10357142857142865
v -0.6319495988077143 0.03620020065485746 -0.11944366874690959
v -0.6369480157357671 0.05882352941176472 -0.12287425924721912
v -0.618546600703999 0.05882352941176472 -0.10357142857142865
v -0.6183426298702831 0.04951136591973583 -0.10357142857142865
v 0.6481429057674986 0.031111666128051788 -0.123013719954605
v 0.6502801736980629 0.05882352941176472 -0.12154683730660898
v 0.618546600703999 0.05882352941176472 -0.10357142857142865
v 0.6120476492191383 -0.004198910930126873 -0.10357142857142865
v -0.6278722730869462 0.10636535944819205 -0.11664525575222089
v -0.6253938856548171 0.125 -0.11494425071339939
v -0.614286057812774 0.125 -0.10357142857142865
v -0.614548778544418 0.11939921280501303 -0.10357142857142865
v 0.6494536646040853 0.0985704007955566 -0.12211409975930797
v 0.6487288336464848 0.125 -0.12261157690722625
v 0.614286057812774 0.125 -0.10357142857142865
v 0.6181279933948813 0.06792572243872656 -0.10357142857142865
v -0.6088235294117647 0.18464631204745124 -0.1081529048809946
v -0.6088235294117647 0.14869560761926098 -0.10357142857142865
v -0.6088235294117647 0.19117647058823528 -0.10924798674370859
v -0.6030903014511965 0.19117647058823528 -0.10357142857142865
v 0.6063114578580387 0.18871900928567725 -0.10529555221544554
v 0.6088235294117648 0.14869560761926048 -0.10357142857142865
v 0.6088235294117648 0.18464631204745116 -0.10815290488099465
v 0.6088235294117648 0.19117647058823528 -0.10924798674370864
v 0.6059905700829993 0.19117647058823528 -0.10551578885607826
v 0.6030903014511966 0.19117647058823528 -0.10357142857142865
v 0.6041562881824646 0.18661069112478945 -0.10357142857142865
v 0.6468936647554063 0.16224252370573644 -0.1238711182889913
v 0.6428431440091571 0.19117647058823528 -0.1266511340806717
v 0.6137533698153029 0.129822669959983 -0.10357142857142865
v -0.6088235294117647 0.2363464733007472 -0.11830929968423773
v -0.6088235294117647 0.25735294117647056 -0.12466802791651153
v -0.5860347431438349 0.25735294117647056 -0.10357142857142865
v -0.5998895202204155 0.19991626218846814 -0.10357142857142865
v 0.6088235294117648 0.23634647330074715 -0.11830929968423776
v 0.6002090419591821 0.24892572519024847 -0.10948385629509556
v 0.6088235294117648 0.25735294117647056 -0.12466802791651159
v 0.5981507647255802 0.25735294117647056 -0.11089652483120128
v 0.586034743143835 0.25735294117647056 -0.10357142857142865
v 0.5928487169136414 0.24172540721091512 -0.10357142857142865
v 0.6404971023281295 0.22216148757163565 -0.12826130554497947
v 0.6311207158462578 0.25735294117647056 -0.13469665154651247
v -0.6088235294117647 0.28398207873047043 -0.1313173352398922
v -0.6088235294117647 0.32352941176470584 -0.14880949938323468
v -0.555314458875362 0.32352941176470584 -0.10357142857142865
v -0.5628416935532728 0.30233517190760384 -0.10357142857142865
v 0.6088235294117648 0.2839820787304703 -0.13131733523989225
v 0.5918844170226778 0.3069585409492947 -0.11519734111176469
v 0.6088235294117648 0.32352941176470584 -0.14880949938323473
v 0.585740286831708 0.32352941176470584 -0.11941427518693337
v 0.5553144588753621 0.32352941176470584 -0.10357142857142865
v 0.5766693850167143 0.2920742705086783 -0.10357142857142865
v 0.6290949869110865 0.2771837148171114 -0.13608698103307423
v 0.609936188530483 0.32352941176470584 -0.1492363426545443
v -0.6088235294117647 0.3247609698441109 -0.14913595449032221
v -0.6057868303564022 0.3265000956232126 -0.14791580592784134
v -0.5411764705882353 0.34474546480648227 -0.10357142857142865
v -0.5411764705882353 0.37482787551972563 -0.11400964923854173
v -0.5411764705882353 0.3897058823529411 -0.1226355212020609
v -0.5158272897826452 0.3897058823529411 -0.10357142857142865
v 0.5338091890955731 0.3824987591535978 -0.10862785468906316
v 0.5411764705882351 0.3447454648064826 -0.10357142857142865
v 0.5411764705882351 0.3748278755197257 -0.11400964923854168
v 0.5411764705882351 0.3897058823529411 -0.1226355212020608
v 0.5302245457496148 0.3897058823529411 -0.1110881223271277
v 0.5158272897826452 0.3897058823529411 -0.10357142857142865
v 0.5280152375459192 0.37683076307241464 -0.10357142857142865
v 0.6088235294117648 0.32476096984411085 -0.14913595449032224
v 0.5805327746106356 0.36203014396053224 -0.12298837518959488
v 0.5659855332239546 0.3897058823529411 -0.1329726619798324
v 0.5519958917337597 0.334113628102719 -0.10357142857142865
v 0.6098145011211142 0.3244988406108085 -0.14931986103178194
v -0.5411764705882353 0.41580346347881597 -0.1316902684799418
v -0.49132926254590503 0.43846945543782934 -0.11578809634361817
v -0.47352941176470575 0.44033127994273813 -0.10357142857142865
v -0.47352941176470575 0.4499203512714271 -0.10775429323496705
v -0.47352941176470575 0.4558823529411764 -0.11206533768866866
v -0.46013786621431113 0.4558823529411764 -0.10357142857142865
v 0.47018817533835167 0.45261375208930826 -0.10586463742305677
v 0.47352941176470575 0.44033127994273813 -0.10357142857142865
v 0.47352941176470575 0.4499203512714271 -0.10775429323496705
v 0.47352941176470575 0.4558823529411764 -0.11206533768866866
v 0.4680705332148685 0.4558823529411764 -0.10731805018482625
v 0.46013786621431113 0.4558823529411764 -0.10357142857142865
v 0.4676931404518688 0.450172957091662 -0.10357142857142865
v 0.5411764705882351 0.4158034634788161 -0.13169026847994175
v 0.5209735650524716 0.4361186410040165 -0.11743739789876942
v 0.507991054669343 0.4558823529411764 -0.12634775440396015
v 0.5026739565022724 0.4182168500309955 -0.10357142857142865
v 0.563076210264877 0.4111295407322646 -0.1349694333275223
v -0.47352941176470575 0.4900624776128051 -0.12601965856371453
v -0.4200308354558755 0.5082179167215539 -0.1132820330302749
v -0.40588235294117647 0.5071211756103465 -0.10357142857142865
v -0.40588235294117647 0.5158422287666017 -0.10793291251613027
v -0.40588235294117647 0.5220588235294117 -0.11330656502587041
v -0.38644243818370866 0.5220588235294117 -0.10357142857142865
v 0.40199149462065187 0.5182525490854202 -0.10624186238768939
v 0.4058823529411766 0.5071211756103464 -0.10357142857142865
v 0.4058823529411766 0.5158422287666016 -0.1079329125161303
v 0.4058823529411766 0.5220588235294117 -0.11330656502587047
v 0.39885124475821987 0.5220588235294117 -0.10839712704482438
v 0.38644243818370866 0.5220588235294117 -0.10357142857142865
v 0.39901347873408816 0.5153392726746513 -0.10357142857142865
v 0.47352941176470575 0.4900624776128051 -0.12601965856371453
v 0.4553685939205942 0.5042928060732156 -0.11603584081847418
v 0.44076811858041975 0.5220588235294117 -0.12605666395567466
v 0.43917468894056577 0.48845094250579635 -0.10357142857142865
v 0.5030349522485829 0.4847464686319258 -0.12974930295982348
v -0.40588235294117647 0.5542685932202865 -0.12740203459783067
v -0.36252845506564874 0.5644702453641671 -0.12024468499847324
v -0.3382352941176471 0.5577971046240608 -0.10357142857142865
v -0.3382352941176471 0.5752132659706037 -0.11270751816030657
v -0.3382352941176471 0.588235294117647 -0.12580339417962752
v -0.2772652557772028 0.588235294117647 -0.10357142857142865
v 0.3292323889870139 0.5794281043159407 -0.10975044109897496
v 0.33823529411764697 0.557797104624061 -0.10357142857142865
v 0.33823529411764697 0.5752132659706037 -0.11270751816030655
v 0.33823529411764697 0.588235294117647 -0.12580339417962746
v 0.32010059258210133 0.588235294117647 -0.11601791627129071
v 0.2772652557772028 0.588235294117647 -0.10357142857142865
v 0.32161845437159 0.5719796900182434 -0.10357142857142865
v 0.4058823529411766 0.5542685932202865 -0.1274020345978307
v 0.3845355673885496 0.5673525691205119 -0.11822248325195828
v 0.36302213187700116 0.588235294117647 -0.1329879156993253
v 0.3642248260169675 0.5474833656048338 -0.10357142857142865
v 0.434796618321867 0.5503445179235654 -0.13015511599648263
v -0.3382352941176471 0.6097540436212714 -0.13490271860221908
v -0.3124508210572446 0.6134592351549972 -0.1323032032722083
v -0.2705882352941176 0.5920972815838128 -0.10357142857142865
v -0.2705882352941176 0.6284103246449918 -0.1218137087411327
v -0.22339825252590595 0.6343994076952454 -0.11761184412492307
v -0.2029411764705883 0.6224478495891341 -0.10357142857142865
v -0.2029411764705883 0.6401703288771619 -0.11356303910522933
v -0.2029411764705883 0.6544117647058822 -0.1299733945776087
v -0.26485914089389223 0.5938398429874326 -0.10357142857142865
v -0.14405926291485016 0.6458371660743473 -0.10958725808752147
v -0.1352941176470588 0.6398514497738343 -0.10357142857142865
v -0.1352941176470588 0.6476378763620968 -0.10832390261579876
v -0.1352941176470588 0.6544117647058822 -0.11611050840451931
v -0.16351222974576754 0.6544117647058822 -0.12293851793110137
v -0.1580578455561558 0.6321429004469831 -0.10357142857142865
v -0.07065789279419882 0.6514663836476187 -0.10563787052024214
v -0.0676470588235294 0.6490326075856991 -0.10357142857142865
v -0.0676470588235294 0.6518454879388802 -0.1053718957635158
v -0.0676470588235294 0.6544117647058822 -0.10832686970825939
v -0.07652883026335047 0.6544117647058822 -0.10966730275838658
v -0.07463658836370018 0.647574181460063 -0.10357142857142865
v -0.0012843593084477939 0.6531553262519659 -0.10445292983592232
v 0 0.6519145279029575 -0.10357142857142865
v 0 0.6532104641166632 -0.10441424581021408
v 0 0.6544117647058822 -0.10579895954352479
v -0.0035109375031411594 0.6544117647058822 -0.10598110928010628
v -0.0027543033885325946 0.6517173374779699 -0.10357142857142865
v 0.06513665271855681 0.65195593264667 -0.105294409159003
v 0.0676470588235294 0.6490326075856991 -0.10357142857142865
v 0.0676470588235294 0.6518454879388802 -0.1053718957635158
v 0.0676470588235294 0.6544117647058822 -0.10832686970825939
v 0.061216160735303476 0.6544117647058822 -0.1079851816071365
v 0.06253496203521186 0.6494108004564412 -0.10357142857142865
v 0.1292135635475564 0.6484633965650647 -0.1077447281241927
v 0.1352941176470588 0.6398514497738343 -0.10357142857142865
v 0.1352941176470588 0.6476378763620968 -0.10832390261579876
v 0.1352941176470588 0.6544117647058822 -0.11611050840451931
v 0.12052296477060659 0.6544117647058822 -0.11370939374439738
v 0.12325058122586563 0.6426300442938455 -0.10357142857142865
v 0.19119788292256756 0.6429237601480358 -0.11163126668979076
v 0.2029411764705884 0.622447849589134 -0.10357142857142865
v 0.2029411764705884 0.6401703288771619 -0.11356303910522933
v 0.2029411764705884 0.6544117647058822 -0.1299733945776087
v 0.1755223932335884 0.6544117647058822 -0.12238991023409006
v 0.1798093507021196 0.6317828047149889 -0.10357142857142865
v 0.250938464301616 0.6351891626480002 -0.11705776207870464
v 0.2705882352941176 0.5920972815838128 -0.10357142857142865
v 0.2705882352941176 0.6284103246449918 -0.1218137087411327
v 0.22573152784507303 0.6544117647058822 -0.13435817498831953
v 0.23118827652087484 0.6158683267755359 -0.10357142857142865
v 0.33823529411764697 0.6097540436212715 -0.13490271860221903
v 0.3076088510457427 0.6244511138746716 -0.1245914407418971
v 0.2737164510354564 0.5912955051689567 -0.10357142857142865
v 0.35845208850740906 0.6080125929771968 -0.13612449826044287
v -0.2029411764705883 0.6722170825367911 -0.13750801510910846
v -0.1352941176470588 0.6832695385305914 -0.12975375233250577
v -0.18362094020445557 0.6733119958357947 -0.13673983784218846
v -0.0676470588235294 0.6890537928802933 -0.12569559293160382
v -0.10462439943310042 0.6844147499151895 -0.12895028656743857
v 0 0.6908702938805913 -0.1244211588964741
v -0.03176799588538044 0.6895108480149411 -0.1253749288530096
v 0.0676470588235294 0.6890537928802933 -0.12569559293160382
v 0.036804375652225454 0.6904160452352334 -0.12473985397782046
v 0.1352941176470588 0.6832695385305914 -0.12975375233250577
v 0.10187478977809496 0.68789541455274 -0.12650829645664916
v 0.2029411764705884 0.6722170825367911 -0.13750801510910846
v 0.16342753590171705 0.6819335869115262 -0.13069103902397688
v 0.2202546071925417 0.6713488164990975 -0.1381171795355538
v -0.2029411764705883 -0.47058823529411764 -0.08530564589091841
v -0.1379888265260607 -0.47322436354531516 -0.05899233124925288
v -0.1352941176470588 -0.4730925051036083 -0.05714285714285716
v -0.1352941176470588 -0.4739777617984645 -0.059520905896700504
v -0.14209415748312176 -0.47058823529411764 -0.05714285714285716
v -0.13751589687083077 -0.4727617149695468 -0.05714285714285716
v -0.08870367462770401 -0.4911870985808102 -0.07159475805193355
v -0.0676470588235294 -0.48833997822837355 -0.05714285714285716
v -0.0676470588235294 -0.49494022968873264 -0.07422790717844423
v -0.08440376811420705 -0.4869806682958675 -0.05714285714285716
v -0.029443890761676424 -0.4993920414740185 -0.07735124179605747
v 0 -0.4927927291758988 -0.05714285714285716
v 0 -0.5012257898728373 -0.07863777638697475
v -0.0221011536959332 -0.4922089291270958 -0.05714285714285716
v 0.040966795165832355 -0.4966884932201256 -0.0754544666718977
v 0.0676470588235294 -0.48833997822837355 -0.05714285714285716
v 0.0676470588235294 -0.49494022968873264 -0.07422790717844423
v 0.04896705127988481 -0.4888621557172482 -0.05714285714285716
v 0.13089535232988952 -0.474891375278305 -0.060161885512715584
v 0.1352941176470588 -0.4730925051036083 -0.05714285714285716
v 0.1352941176470588 -0.4739777617984645 -0.059520905896700504
v 0.13245627358181902 -0.47336438709706957 -0.05714285714285716
v 0.2029411764705884 -0.47058823529411764 -0.08530564589091845
v 0.18095943508159656 -0.47058823529411764 -0.07222970449368693
v 0.1420941574831218 -0.47058823529411764 -0.05714285714285716
v 0.21904942542933992 -0.47058823529411764 -0.09251576701899354
v -0.3382352941176471 -0.40441176470588236 -0.08159989187438502
v -0.2961103622322951 -0.4293790627975777 -0.07465959643893551
v -0.2705882352941176 -0.43121634695110433 -0.05714285714285716
v -0.2705882352941176 -0.44437642799990723 -0.08518155742215718
v -0.312741834360241 -0.40441176470588236 -0.05714285714285716
v -0.2923751386122584 -0.42572503969102005 -0.05714285714285716
v -0.2029411764705883 -0.45735100318627225 -0.05714285714285716
v -0.2578632162693405 -0.4581398471177053 -0.0948377975016282
v -0.24747859392317653 -0.4479809774312405 -0.05714285714285716
v -0.19376530968840763 -0.461611843876767 -0.05714285714285716
v 0.2029411764705884 -0.45735100318627225 -0.05714285714285716
v 0.2705882352941176 -0.43121634695110433 -0.05714285714285716
v 0.2705882352941176 -0.44437642799990723 -0.08518155742215718
v 0.23097826969829613 -0.44316064409309913 -0.05714285714285716
v 0.33823529411764697 -0.40441176470588236 -0.08159989187438488
v 0.3251428871091795 -0.40441176470588236 -0.06612863959276809
v 0.312741834360241 -0.40441176470588236 -0.05714285714285716
v 0.35477370855244705 -0.40441176470588236 -0.09222052922332052
v -0.40588235294117647 -0.3382352941176471 -0.059968437648800575
v -0.3382352941176471 -0.3908398415170611 -0.05714285714285716
v -0.38458440143985934 -0.3835768121502461 -0.0889538904292203
v -0.4037324588794933 -0.3382352941176471 -0.05714285714285716
v -0.37765051346389755 -0.37679366086941385 -0.05714285714285716
v -0.3314194189845552 -0.39774406077133595 -0.05714285714285716
v 0.33823529411764697 -0.39083984151706114 -0.05714285714285716
v 0.3974906951689276 -0.34644452454702107 -0.06290234896791003
v 0.4058823529411766 -0.3382352941176471 -0.05996843764880069
v 0.40460221117089135 -0.3382352941176471 -0.058021463761593284
v 0.4037324588794933 -0.3382352941176471 -0.05714285714285716
v 0.4353102666816873 -0.3382352941176471 -0.08337400951350038
v -0.47352941176470575 -0.2720588235294118 -0.06465049686455043
v -0.40588235294117647 -0.3363894083261694 -0.05714285714285716
v -0.45642614327508574 -0.32150383581258396 -0.09183284988755895
v -0.46894513811744293 -0.2720588235294118 -0.05714285714285716
v -0.4488310766584158 -0.31407387933975467 -0.05714285714285716
v -0.4051184888024073 -0.3374880357210251 -0.05714285714285716
v 0.4058823529411766 -0.33638940832616937 -0.05714285714285716
v 0.4639897517208866 -0.2813910996592349 -0.06369026357044738
v 0.47352941176470575 -0.2720588235294118 -0.06465049686455043
v 0.47061291928477034 -0.2720588235294118 -0.05914454918653955
v 0.46894513811744293 -0.2720588235294118 -0.05714285714285716
v 0.49854550515583507 -0.2720588235294118 -0.08640199801416285
v -0.5411764705882353 -0.20588235294117652 -0.09853440961153444
v -0.47352941176470575 -0.2657794286697099 -0.05714285714285716
v -0.5145082936986697 -0.24597038961570641 -0.08526811461927342
v -0.5197990027803981 -0.20588235294117652 -0.05714285714285716
v -0.5086491252583858 -0.24023859440238515 -0.05714285714285716
v -0.4714973429822776 -0.27007093015529726 -0.05714285714285716
v 0.47352941176470575 -0.2657794286697099 -0.05714285714285716
v 0.5100934669865475 -0.23628963907326234 -0.07847622296886025
v 0.5411764705882351 -0.20588235294117652 -0.09853440961153423
v 0.5275710856746638 -0.20588235294117652 -0.06648071449037042
v 0.5197990027803981 -0.20588235294117652 -0.05714285714285716
v 0.5442696436912433 -0.20588235294117652 -0.10144847436097894
v -0.5411764705882353 -0.15661795598479553 -0.05714285714285716
v -0.55074209572387 -0.14906355911606206 -0.06370808433222139
v -0.5552684041105639 -0.13970588235294112 -0.06681465002619452
v -0.5514324570398119 -0.13970588235294112 -0.05714285714285716
v -0.5492315768105206 -0.1475858775703942 -0.05714285714285716
v -0.5298274570857509 -0.1947800571235287 -0.05714285714285716
v 0.5411764705882351 -0.15661795598479572 -0.05714285714285716
v 0.5452064690112457 -0.20193996317953578 -0.10080549797675373
v 0.5744835200085426 -0.13970588235294112 -0.08071162136059651
v 0.5514324570398119 -0.13970588235294112 -0.05714285714285716
v -0.5798107880711585 -0.111323852780609 -0.08365895703020512
v -0.5936471425363596 -0.07352941176470584 -0.09315533695818483
v -0.5783056191335672 -0.07352941176470584 -0.05714285714285716
v -0.5733015880366003 -0.1049561570946281 -0.05714285714285716
v 0.5794731698712356 -0.10224172001087557 -0.07728704800763024
v 0.5891994865140547 -0.07352941176470584 -0.07061153254780718
v 0.5783056191335673 -0.07352941176470584 -0.05714285714285716
v 0.5542873050397034 -0.12688006604172222 -0.05714285714285716
v -0.6088235294117647 -0.007352941176470562 -0.0990551517253324
v -0.5985724302337823 -0.06350116256885356 -0.09653573627846561
v -0.590627727112227 -0.007352941176470562 -0.05714285714285716
v -0.5860487115800503 -0.051249698668463566 -0.05714285714285716
v 0.5933632791932018 -0.022477098998977804 -0.06775377421833051
v 0.6088235294117648 -0.007352941176470562 -0.09905515172533262
v 0.5966112695873329 -0.007352941176470562 -0.06552456341987403
v 0.590627727112227 -0.007352941176470562 -0.05714285714285716
v 0.5835651160423371 -0.03206225860308449 -0.05714285714285716
v 0.6114842941228836 -0.007352941176470562 -0.10174525154920112
v -0.6088235294117647 0.00011795350149713859 -0.09832994373387034
v -0.6088235294117647 0.05882352941176472 -0.08968223822155737
v -0.594568311561728 0.05882352941176472 -0.05714285714285716
v -0.5926065404843095 0.008511504513431207 -0.05714285714285716
v 0.6088235294117648 0.00011795350149677256 -0.0983299437338706
v 0.5981887637345795 0.048419954292779156 -0.06444187333744704
v 0.6088235294117648 0.05882352941176472 -0.0896822382215575
v 0.5991205455792935 0.05882352941176472 -0.06380235846887
v 0.594568311561728 0.05882352941176472 -0.05714285714285716
v 0.592754081473891 0.04310341729862733 -0.05714285714285716
v 0.6115371322508081 -0.004698329703493402 -0.1017089868713399
v 0.6171398613706947 0.05882352941176472 -0.09786363551887116
v -0.6088235294117647 0.0763210397549869 -0.09129539750523148
v -0.6088235294117647 0.125 -0.0958982863623045
v -0.5914465421222228 0.125 -0.05714285714285716
v -0.5935716425777101 0.07374385348855718 -0.05714285714285716
v 0.6088235294117648 0.0763210397549867 -0.09129539750523162
v 0.5976030228324815 0.11402341747678812 -0.06484388805596772
v 0.6088235294117648 0.125 -0.09589828636230469
v 0.5971394722440734 0.125 -0.06516203923621058
v 0.5914465421222228 0.125 -0.05714285714285716
v 0.5925389194522801 0.10906940330050416 -0.05714285714285716
v 0.6168492166418101 0.06667474518028743 -0.09806311528621112
v 0.6134930438365537 0.125 -0.10036657550348342
v -0.6088235294117647 0.1329961341330416 -0.09796144240189787
v -0.5984928795876877 0.19117647058823528 -0.09648113785366154
v -0.5802447517796978 0.19117647058823528 -0.05714285714285716
v -0.5860415682207113 0.1472867011651609 -0.05714285714285716
v 0.6088235294117648 0.13299613413304143 -0.09796144240189798
v 0.593182004629386 0.1758749789532996 -0.06787818936927237
v 0.5903449373987254 0.19117647058823528 -0.06982536905242764
v 0.5802447517796979 0.19117647058823528 -0.05714285714285716
v 0.5863356717053098 0.16917747935365976 -0.05714285714285716
v 0.6131182142125998 0.1292013220877734 -0.10062383434476857
v -0.5835865553087264 0.21586481481946843 -0.08625039976157935
v -0.5638258074871296 0.25735294117647056 -0.0726878989275021
v -0.5565225205030128 0.25735294117647056 -0.05714285714285716
v -0.5609845731771759 0.2379754495133765 -0.05714285714285716
v 0.5853803243838942 0.2344193710405103 -0.07323275873030867
v 0.5773227741763638 0.25735294117647056 -0.07876294070504226
v 0.5565225205030129 0.25735294117647056 -0.05714285714285716
v 0.5744628966262302 0.2237392786688825 -0.05714285714285716
v -0.5411764705882353 0.3049943936518278 -0.07014679048554306
v -0.5411764705882353 0.2835980987218385 -0.05714285714285716
v -0.5411764705882353 0.32352941176470584 -0.08588685337323981
v -0.5246662029391633 0.32352941176470584 -0.05714285714285716
v 0.5340995210760108 0.3166063089810081 -0.062000018143483195
v 0.5411764705882351 0.28359809872183883 -0.05714285714285716
v 0.5411764705882351 0.3049943936518279 -0.07014679048554298
v 0.5411764705882351 0.32352941176470584 -0.08588685337323954
v 0.5306026419753458 0.32352941176470584 -0.0644000500728216
v 0.5246662029391633 0.32352941176470584 -0.05714285714285716
v 0.5317608204544216 0.3143184496772795 -0.05714285714285716
v 0.5728009641369589 0.2882899457350046 -0.08186641902401268
v 0.5529232413609665 0.32352941176470584 -0.095509203910641
v 0.553578336950285 0.2694852017480411 -0.05714285714285716
v -0.5411764705882353 0.3369224849265819 -0.0941750185118267
v -0.4812364745929383 0.3897058823529411 -0.06243248722061925
v -0.47790398535917494 0.3897058823529411 -0.05714285714285716
v -0.48324176027175547 0.38020467185691426 -0.05714285714285716
v 0.5411764705882351 0.3369224849265821 -0.09417501851182657
v 0.520207488421929 0.36919274762503296 -0.07153461198370706
v 0.505520754112498 0.3897058823529411 -0.08161463770539729
v 0.47790398535917494 0.3897058823529411 -0.05714285714285716
v 0.5114723697744649 0.3606475228612093 -0.05714285714285716
v 0.550941899677479 0.333082548917227 -0.09686906885489793
v -0.47352941176470575 0.42327059234918357 -0.08002285425660455
v -0.47352941176470575 0.3945686522719383 -0.05714285714285716
v -0.43551420443598093 0.4558823529411764 -0.0774802459017137
v -0.41925696992416495 0.4558823529411764 -0.05714285714285716
v 0.45797242209514144 0.44066355869921126 -0.06782016992848985
v 0.47352941176470575 0.3945686522719383 -0.05714285714285716
v 0.47352941176470575 0.42327059234918357 -0.08002285425660455
v 0.44387129928477687 0.4558823529411764 -0.07749826974554139
v 0.41925696992416495 0.4558823529411764 -0.05714285714285716
v 0.4521501044328874 0.4349678131600497 -0.05714285714285716
v 0.4998125660090315 0.415417663678912 -0.08553236929193797
v 0.47668704720910654 0.3927948735485506 -0.05714285714285716
v -0.40588235294117647 0.49163907541938856 -0.07848496613433373
v -0.40588235294117647 0.46808773822322525 -0.05714285714285716
v -0.34313770659531856 0.5172629852360374 -0.06050755638995468
v -0.3382352941176471 0.519004899083304 -0.05714285714285716
v -0.3382352941176471 0.5201133183765885 -0.05850779885325058
v -0.3382352941176471 0.5220588235294117 -0.06167129541900998
v -0.3577730278327551 0.5029458231559364 -0.05714285714285716
v -0.33301885475807 0.5220588235294117 -0.05714285714285716
v 0.337077349100271 0.5209260512298047 -0.057937595803851216
v 0.33823529411764697 0.5190048990833042 -0.05714285714285716
v 0.33823529411764697 0.5201133183765885 -0.05850779885325055
v 0.33823529411764697 0.5220588235294117 -0.06167129541900989
v 0.3355509804603125 0.5220588235294117 -0.05898519664059292
v 0.33301885475807 0.5220588235294117 -0.05714285714285716
v 0.3367080834662692 0.5205648131095856 -0.05714285714285716
v 0.3891053352940652 0.5056465236572376 -0.06865751832301743
v 0.4058823529411766 0.46808773822322514 -0.05714285714285716
v 0.4058823529411766 0.4916390754193885 -0.07848496613433377
v 0.36931186027929064 0.5220588235294117 -0.08224248098843723
v 0.3825419802920434 0.4992258502856945 -0.05714285714285716
v 0.43555542896324484 0.48491036209319976 -0.08320574596000904
v 0.414723093774905 0.4645309037567803 -0.05714285714285716
v -0.3382352941176471 0.5482692193463649 -0.08518254769667737
v -0.30223821693809055 0.5572733555528908 -0.07886536007241625
v -0.2705882352941176 0.5614554249335051 -0.05714285714285716
v -0.2705882352941176 0.5715862923558409 -0.0688235853630449
v -0.2705882352941176 0.588235294117647 -0.09911852965906442
v -0.20546102180085868 0.5857702280336868 -0.05887231620493715
v -0.2029411764705883 0.5859335590225058 -0.05714285714285716
v -0.2029411764705883 0.5867020258605217 -0.05821857868198315
v -0.2029411764705883 0.588235294117647 -0.06112409667160384
v -0.23814338544775573 0.588235294117647 -0.0813033794532734
v -0.20784972633391324 0.5834334518600465 -0.05714285714285716
v -0.19358335647395014 0.588235294117647 -0.05714285714285716
v 0.20178072279288298 0.5871000676938047 -0.05793931758625126
v 0.2029411764705884 0.5859335590225058 -0.05714285714285716
v 0.2029411764705884 0.5867020258605217 -0.05821857868198315
v 0.2029411764705884 0.588235294117647 -0.06112409667160387
v 0.19958720768469124 0.588235294117647 -0.05944480466361266
v 0.1935833564739502 0.588235294117647 -0.05714285714285716
v 0.20135873772525786 0.5866872562146063 -0.05714285714285716
v 0.25902976255814847 0.576928092528112 -0.06507584619456269
v 0.2705882352941176 0.5614554249335051 -0.05714285714285716
v 0.2705882352941176 0.5715862923558409 -0.0688235853630449
v 0.2705882352941176 0.588235294117647 -0.09911852965906442
v 0.24021455764240993 0.588235294117647 -0.07798938745660691
v 0.2544589820917101 0.5724566768544221 -0.05714285714285716
v 0.33823529411764697 0.5482692193463649 -0.08518254769667734
v 0.31332222616357097 0.5638638145973552 -0.07424157769518885
v 0.27448763471589366 0.588235294117647 -0.10089513269499224
v 0.301635264505527 0.5524309173231818 -0.05714285714285716
v 0.3614063969247177 0.5447262067102417 -0.08766828037154471
v -0.2705882352941176 0.591287209301806 -0.10143024363270119
v -0.2670333521316178 0.5917128972113967 -0.10113158640089306
v -0.2029411764705883 0.6141000297923119 -0.08542505846317164
v -0.1734345491674518 0.61710047300115 -0.08331998560871695
v -0.1352941176470588 0.6088349362929781 -0.05714285714285716
v -0.1352941176470588 0.6267337050151124 -0.0765614323544767
v -0.09311718301676102 0.6294953388646773 -0.07462390511398821
v -0.0676470588235294 0.6210008408378264 -0.05714285714285716
v -0.0676470588235294 0.6334475420608138 -0.0718510895382862
v -0.11162835910512951 0.6113865796477952 -0.05714285714285716
v -0.02036203310423921 0.6344923844952135 -0.0711180413541518
v 0 0.6247088762106391 -0.05714285714285716
v 0 0.6355761452451899 -0.07035768857400962
v -0.032902648502783405 0.6222243911705506 -0.05714285714285716
v 0.04735798524650464 0.6345637579457494 -0.07106796664758536
v 0.0676470588235294 0.6210008408378264 -0.05714285714285716
v 0.0676470588235294 0.6334475420608138 -0.0718510895382862
v 0.03604208919041996 0.6234938596300144 -0.05714285714285716
v 0.11123335401680162 0.6308740611545437 -0.07365661106300263
v 0.1352941176470588 0.6088349362929781 -0.05714285714285716
v 0.1352941176470588 0.6267337050151124 -0.0765614323544767
v 0.0982017038318415 0.6181257077127349 -0.05714285714285716
v 0.2029411764705884 0.6141000297923118 -0.08542505846317168
v 0.17152981054078442 0.623683254557161 -0.07870158965989651
v 0.15373796787542382 0.6062781910801779 -0.05714285714285716
v 0.2705882352941176 0.591287209301806 -0.10143024363270119
v 0.22720475145081617 0.6119714000765655 -0.0869184780415207
v 0.2734019943541561 0.5909878845024673 -0.10164024611096743
v -0.14706075210910088 -0.48209907335481095 -0.01879014352829593
v -0.1352941176470588 -0.4846307755843473 -0.010714285714285676
v -0.1352941176470588 -0.4835628697352939 -0.019817124480952193
v -0.16298336295753516 -0.47058823529411764 -0.029718395073339333
v -0.1736395412317416 -0.47058823529411764 -0.010714285714285676
v -0.1481088859564175 -0.48312442168370767 -0.010714285714285676
v -0.09179469234036187 -0.49421092025623636 -0.027287661513105507
v -0.0676470588235294 -0.49764927355605815 -0.010714285714285676
v -0.0676470588235294 -0.49586536934428366 -0.028448401984402186
v -0.09335866084873132 -0.49574088944920647 -0.010714285714285676
v -0.028859654294362568 -0.49882050579947235 -0.03052168819582026
v 0 -0.5015130048390828 -0.010714285714285676
v 0 -0.49946711971017427 -0.030975344304598463
v -0.030739642047871774 -0.5006596242539922 -0.010714285714285676
v 0.041169184567235714 -0.496490503588318 -0.028886988231804037
v 0.0676470588235294 -0.49764927355605815 -0.010714285714285676
v 0.0676470588235294 -0.49586536934428366 -0.028448401984402186
v 0.039132177361176156 -0.49848322802902845 -0.010714285714285676
v 0.12084911989914383 -0.4847192113518605 -0.020628399075432284
v 0.1352941176470588 -0.4846307755843473 -0.010714285714285676
v 0.1352941176470588 -0.4835628697352939 -0.019817124480952193
v 0.1195264169575957 -0.4860131598816359 -0.010714285714285676
v 0.14708296748580926 -0.47058823529411764 -0.049051752129304835
v 0.17363954123174163 -0.47058823529411764 -0.010714285714285676
v -0.29813290325324765 -0.43135763553546613 -0.02961916651853335
v -0.2705882352941176 -0.43989020096118053 -0.010714285714285676
v -0.2705882352941176 -0.43723830150340476 -0.0337449670865157
v -0.31828414348086037 -0.40441176470588236 -0.04344967611574578
v -0.3269474291151265 -0.40441176470588236 -0.010714285714285676
v -0.2998036065602362 -0.4329920192053462 -0.010714285714285676
v -0.24994512758601786 -0.45039389079706355 -0.04297476147984458
v -0.2029411764705883 -0.4639193661133921 -0.010714285714285676
v -0.2029411764705883 -0.459029161679618 -0.049033157876811354
v -0.2521734458755507 -0.45257376738465 -0.010714285714285676
v -0.19461142076418037 -0.4624395612335012 -0.051425850897154825
v -0.19825910830845617 -0.46600795122246663 -0.010714285714285676
v 0.2029411764705884 -0.463919366113392 -0.010714285714285676
v 0.2029411764705884 -0.45902916167961794 -0.04903315787681134
v 0.22517463968511325 -0.4488381082364302 -0.04188324419127326
v 0.2705882352941176 -0.43989020096118053 -0.010714285714285676
v 0.2705882352941176 -0.43723830150340476 -0.0337449670865157
v 0.2168678671419016 -0.45696429876783295 -0.010714285714285676
v 0.3230452808197899 -0.40441176470588236 -0.02113972962368449
v 0.32694742911512653 -0.40441176470588236 -0.010714285714285676
v -0.4124447540757361 -0.3446550343579772 -0.015218293946390293
v -0.40588235294117647 -0.3482200697709848 -0.010714285714285676
v -0.40588235294117647 -0.34741725073658486 -0.017156229881857894
v -0.40588235294117647 -0.3382352941176471 -0.04686073439373545
v -0.415977497371418 -0.3382352941176471 -0.01764294074249495
v -0.41689050096366476 -0.3382352941176471 -0.010714285714285676
v -0.4130958231250009 -0.345291949732258 -0.010714285714285676
v -0.38066213431636176 -0.37973981170334625 -0.03983332821091909
v -0.3382352941176471 -0.39825818084831727 -0.010714285714285676
v -0.3382352941176471 -0.3927411396573476 -0.04895489480721845
v -0.40408842932947303 -0.3382352941176471 -0.05591162385656381
v -0.38219207905407854 -0.38123649677285176 -0.010714285714285676
v -0.3319463518514363 -0.3982595385758935 -0.0528265334135634
v -0.33507077355594184 -0.4013160380694316 -0.010714285714285676
v 0.33823529411764697 -0.39274113965734764 -0.0489548948072185
v 0.33823529411764697 -0.3982581808483174 -0.010714285714285676
v 0.38497678846601513 -0.3586863897998702 -0.025062514748480327
v 0.4058823529411766 -0.34822006977098474 -0.010714285714285676
v 0.4058823529411766 -0.3474172507365848 -0.017156229881857867
v 0.4058823529411766 -0.3382352941176471 -0.04686073439373508
v 0.37321105970599633 -0.37019634184771466 -0.010714285714285676
v 0.41689050096366487 -0.3382352941176471 -0.010714285714285676
v -0.4767934518553376 -0.27525190622676904 -0.01295451198766965
v -0.47352941176470575 -0.2776326382197167 -0.010714285714285676
v -0.47352941176470575 -0.27713090984001065 -0.014272797062356637
v -0.47352941176470575 -0.2720588235294118 -0.02911728937268533
v -0.4782095759143748 -0.2720588235294118 -0.013926448065456037
v -0.4786202133263116 -0.2720588235294118 -0.010714285714285676
v -0.4771374421975938 -0.2755884185181066 -0.010714285714285676
v -0.40588235294117647 -0.3366611013550288 -0.05603842349035353
v -0.4513330869974068 -0.31652149814963726 -0.04190873362244388
v -0.46959614337512107 -0.2720588235294118 -0.054443315794726034
v -0.45283498151616997 -0.3179907427875577 -0.010714285714285676
v -0.40516747896899796 -0.33753596088399423 -0.05665221382654832
v 0.4058823529411766 -0.3366611013550287 -0.056038423490353484
v 0.43127937293313817 -0.3133903832559454 -0.039711983173218834
v 0.47352941176470575 -0.2776326382197167 -0.010714285714285676
v 0.47352941176470575 -0.27713090984001065 -0.014272797062356637
v 0.47352941176470575 -0.2720588235294118 -0.02911728937268533
v 0.4786202133263116 -0.2720588235294118 -0.010714285714285676
v -0.47352941176470575 -0.26690113528653964 -0.05352428856611191
v -0.5122567275219965 -0.24376777052983045 -0.03729421360981752
v -0.5228164643129259 -0.20588235294117652 -0.04454173482346787
v -0.5268767374746242 -0.20588235294117652 -0.010714285714285676
v -0.5137466609421693 -0.24522531409304296 -0.010714285714285676
v -0.4716350572600304 -0.2702056506444033 -0.05584269457908928
v 0.47352941176470575 -0.26690113528653964 -0.05352428856611191
v 0.5242980613465865 -0.20588235294117652 -0.02229853553541717
v 0.5268767374746242 -0.20588235294117652 -0.010714285714285676
v 0.48513395798970477 -0.2607065500484345 -0.010714285714285676
v -0.5568518080940028 -0.15504045165206157 -0.02147282480985907
v -0.5411764705882353 -0.17382821201206186 -0.010714285714285676
v -0.5411764705882353 -0.16840987259491108 -0.0308526407729376
v -0.5604609747124252 -0.13970588235294112 -0.023949923638030952
v -0.5617323400341085 -0.13970588235294112 -0.010714285714285676
v -0.5581433303320855 -0.1563038973197512 -0.010714285714285676
v -0.5308268339482546 -0.195757708402065 -0.05003953510113131
v -0.5333953029489592 -0.19827034112014555 -0.010714285714285676
v 0.5411764705882351 -0.1684098725949113 -0.03085264077293777
v 0.5411764705882351 -0.1738282120120622 -0.010714285714285676
v 0.5522448247714498 -0.13970588235294112 -0.049546253805930404
v 0.5617323400341087 -0.13970588235294112 -0.010714285714285676
v -0.5777233985107207 -0.10928184125409382 -0.03579773624493568
v -0.582612750349361 -0.07352941176470584 -0.039153471513070755
v -0.5853719658885149 -0.07352941176470584 -0.010714285714285676
v -0.5792371842908893 -0.110762718647737 -0.010714285714285676
v 0.5562446819620835 -0.12496524079156773 -0.04680101020614757
v 0.5812161562597035 -0.07352941176470584 -0.029662203312439486
v 0.585371965888515 -0.07352941176470584 -0.010714285714285676
v 0.5675618626773514 -0.11389408574402315 -0.010714285714285676
v -0.5888016803992112 -0.05394282033938183 -0.04340115331747109
v -0.5930221060875639 -0.007352941176470562 -0.04629778088618518
v -0.5969934517370127 -0.007352941176470562 -0.010714285714285676
v -0.5911866928973335 -0.0562759847397189 -0.010714285714285676
v 0.5890046974792347 -0.026740928936554234 -0.024316651730090434
v 0.5950408719692258 -0.007352941176470562 -0.02017381147453752
v 0.5969934517370127 -0.007352941176470562 -0.010714285714285676
v 0.5924670237572827 -0.023353870621072532 -0.010714285714285676
v -0.5946679524411949 0.006494905859956461 -0.0474273835077766
v -0.596440396431018 0.05882352941176472 -0.048643874569114856
v -0.6010522408712047 0.05882352941176472 -0.010714285714285676
v -0.5983095356238363 0.0029324875291115195 -0.010714285714285676
v 0.5984819070034874 0.04870672488192818 -0.017812107305059888
v 0.5997630672656439 0.05882352941176472 -0.01693280165929413
v 0.6010522408712047 0.05882352941176472 -0.010714285714285676
v 0.6000266124197605 0.05021784974567369 -0.010714285714285676
v -0.5957987892067629 0.07156512309057084 -0.048203516815821745
v -0.5938955927244697 0.125 -0.04689728568977583
v -0.598630569911401 0.125 -0.010714285714285676
v -0.6006140906622547 0.06685450210150269 -0.010714285714285676
v 0.5976127097270936 0.11403289378673473 -0.018408668168671802
v 0.5967808838166224 0.125 -0.018979579740765362
v 0.598630569911401 0.125 -0.010714285714285676
v 0.5991573673680365 0.1155439719137441 -0.010714285714285676
v -0.5901581850095194 0.14325957604567466 -0.04433217045684412
v -0.5848491021295701 0.19117647058823528 -0.040688358915015516
v -0.589046710479065 0.19117647058823528 -0.010714285714285676
v -0.5957854469174734 0.13775464591832848 -0.010714285714285676
v 0.5903829030888025 0.17313672744620703 -0.023370740426629323
v 0.584805161952895 0.19117647058823528 -0.027198941641025466
v 0.589046710479065 0.19117647058823528 -0.010714285714285676
v 0.5929344779873259 0.17563283332519727 -0.010714285714285676
v -0.5723082536553695 0.22689793600210006 -0.032081130614399614
v -0.5666538614901074 0.25735294117647056 -0.028200321084825293
v -0.5692224649510071 0.25735294117647056 -0.010714285714285676
v -0.577106980572927 0.22220352923492429 -0.010714285714285676
v 0.5771472323306074 0.2263652592492515 -0.03245484986004893
v 0.5584890368210148 0.25735294117647056 -0.04526063000793697
v 0.5692224649510071 0.25735294117647056 -0.010714285714285676
v 0.5819068021767136 0.23102136018565972 -0.010714285714285676
v -0.5411764705882353 0.29869591874315116 -0.028137149072265326
v -0.5411764705882353 0.3085841791317503 -0.010714285714285676
v -0.5276194646223265 0.32352941176470584 -0.047838203979919766
v -0.5350854675289061 0.32352941176470584 -0.010714285714285676
v 0.5371172844727343 0.319558468825629 -0.01350024885566977
v 0.5411764705882351 0.30858417913175057 -0.010714285714285676
v 0.5411764705882351 0.2986959187431517 -0.028137149072264944
v 0.533528644716323 0.32352941176470584 -0.015963259371716082
v 0.5350854675289061 0.32352941176470584 -0.010714285714285676
v 0.5375903254891418 0.32002122634167973 -0.010714285714285676
v 0.5547320511814978 0.2706138352350971 -0.047839182263630285
v 0.5642017317741337 0.2798776532061539 -0.010714285714285676
v -0.5067939173537811 0.3571645181897153 -0.03354489358753303
v -0.49282277805264774 0.3897058823529411 -0.02395600605476758
v -0.4957265181400515 0.3897058823529411 -0.010714285714285676
v -0.5215720006189978 0.34270769760417724 -0.010714285714285676
v 0.5147879702458741 0.36389104506150094 -0.028825647750502444
v 0.4788074700730137 0.3897058823529411 -0.05352033886293151
v 0.4957265181400515 0.3897058823529411 -0.010714285714285676
v 0.5187326790346175 0.36774999931135866 -0.010714285714285676
v -0.47352941176470575 0.41541523848035466 -0.010714285714285676
v -0.47352941176470575 0.3962685207106347 -0.052538593406189625
v -0.43319669428150065 0.4558823529411764 -0.029461085205626226
v -0.4386602075097567 0.4558823529411764 -0.010714285714285676
v 0.45663425225335824 0.43935447950616247 -0.022310031838533556
v 0.47352941176470575 0.41541523848035466 -0.010714285714285676
v 0.47352941176470575 0.3962685207106347 -0.052538593406189625
v 0.4231241670584705 0.4558823529411764 -0.045309189689683324
v 0.43866020750975676 0.4558823529411764 -0.010714285714285676
v 0.45904718501382596 0.4417149572066201 -0.010714285714285676
v 0.4770253194456527 0.393125792040824 -0.054743491933263146
v 0.489714056969979 0.4055386874450563 -0.010714285714285676
v -0.40588235294117647 0.4864876370602028 -0.010714285714285676
v -0.40588235294117647 0.4716612442547346 -0.04607258736413854
v -0.3382352941176471 0.5220588235294117 -0.04658102677275458
v -0.35431739156776376 0.5220588235294117 -0.021751998560483786
v -0.3586355916800942 0.5220588235294117 -0.010714285714285676
v -0.3345420007323242 0.5220588235294117 -0.05460801913616039
v 0.33823529411764697 0.5220588235294117 -0.046581026772754844
v 0.3872369178701111 0.5038187240033695 -0.02351130792144549
v 0.4058823529411766 0.48648763706020276 -0.010714285714285676
v 0.4058823529411766 0.4716612442547345 -0.046072587364138606
v 0.3586355916800943 0.5220588235294117 -0.010714285714285676
v 0.39012050272880705 0.5066396222347025 -0.010714285714285676
v 0.4155807379666201 0.4653699035095451 -0.05048651214092229
v 0.4271934349223065 0.47673015053141227 -0.010714285714285676
v -0.3382352941176471 0.5372437085503202 -0.010714285714285676
v -0.2705882352941176 0.5752478037232946 -0.010714285714285676
v -0.2705882352941176 0.5709592279971644 -0.022834954325798885
v -0.3081042747027396 0.5515348207831254 -0.010714285714285676
v -0.2029411764705883 0.588235294117647 -0.04812846210715547
v -0.2248100869495077 0.588235294117647 -0.025723693216898103
v -0.23533978036151956 0.588235294117647 -0.010714285714285676
v -0.19774547048385763 0.588235294117647 -0.0535768601768091
v 0.2029411764705884 0.588235294117647 -0.0481284621071554
v 0.26112120912325343 0.5789740728635407 -0.017211840943357037
v 0.2705882352941176 0.5752478037232946 -0.010714285714285676
v 0.2705882352941176 0.5709592279971644 -0.022834954325798885
v 0.2353397803615196 0.588235294117647 -0.010714285714285676
v 0.2626191891870423 0.5804394881433342 -0.010714285714285676
v 0.33823529411764697 0.5372437085503204 -0.010714285714285676
v 0.3052287290495535 0.555946263072773 -0.03336785987592751
v 0.31137515214526806 0.5619590682751023 -0.010714285714285676
v 0.3500376831735484 0.5336046389101847 -0.010714285714285676
v -0.2029411764705883 0.6036138210219908 -0.010714285714285676
v -0.1352941176470588 0.6241529040925771 -0.010714285714285676
v -0.1352941176470588 0.6134390768925155 -0.0394602031960446
v -0.18327482406146461 0.6074741171265723 -0.010714285714285676
v -0.10452502802822386 0.6183354904838986 -0.03602494159701081
v -0.0676470588235294 0.6346113456879333 -0.010714285714285676
v -0.0676470588235294 0.628157848240916 -0.0291337001230398
v -0.09356527486086075 0.6290569881476233 -0.010714285714285676
v -0.024601468841052902 0.6303451104048522 -0.02759914476357977
v 0 0.6378517454929613 -0.010714285714285676
v 0 0.6326049313298727 -0.026013683098724153
v -0.018307605211936327 0.6365021509115967 -0.010714285714285676
v 0.04321052233009623 0.6305064572666541 -0.027485945854188586
v 0.0676470588235294 0.6346113456879333 -0.010714285714285676
v 0.0676470588235294 0.628157848240916 -0.0291337001230398
v 0.04887645500477145 0.6360492174918799 -0.010714285714285676
v 0.10340181108126284 0.6232127691523862 -0.032603104816897224
v 0.1352941176470588 0.6241529040925771 -0.010714285714285676
v 0.1352941176470588 0.6134390768925155 -0.0394602031960446
v 0.11048593119108185 0.6301428866511222 -0.010714285714285676
v 0.2029411764705884 0.6036138210219908 -0.010714285714285676
v 0.15642731114087416 0.6089090703615967 -0.042638398254244765
v 0.16689601894391848 0.6191501975602269 -0.010714285714285676
v 0.21614134191018317 0.6011484994389897 -0.010714285714285676
v -0.1352941176470588 -0.47058823529411764 -0.0020821989325005234
v -0.0676470588235294 -0.47058823529411764 0.006482398386052895
v -0.12140161240484956 -0.47058823529411764 -0.0011793675200986054
v 0 -0.47058823529411764 0.00909414924450858
v -0.04180675891026806 -0.47058823529411764 0.007020826959101743
v 0.0676470588235294 -0.47058823529411764 0.006482398386052895
v 0.028046474895415244 -0.47058823529411764 0.008535002956170112
v 0.1352941176470588 -0.47058823529411764 -0.0020821989325005234
v 0.09078539290688967 -0.47058823529411764 0.005166372150380828
v 0.14632117032239492 -0.47058823529411764 -0.0031460290644432006
v -0.2705882352941176 -0.40441176470588236 0.010576902710581166
v -0.2029411764705883 -0.40441176470588236 0.026565015723780096
v -0.22743876525730353 -0.40441176470588236 0.018900723224024613
v -0.14890572890879256 -0.41772747137496974 0.02637215500359267
v -0.1352941176470588 -0.40719847978790985 0.0357142857142857
v -0.14227252332805118 -0.40441176470588236 0.0357142857142857
v -0.1377384724580754 -0.4068029813688334 0.0357142857142857
v -0.0676470588235294 -0.42360301210617585 0.0357142857142857
v -0.08558817028712065 -0.4219628520072216 0.0357142857142857
v 0 -0.42838642320251746 0.0357142857142857
v -0.023740417572729586 -0.4276360862444222 0.0357142857142857
v 0.0676470588235294 -0.42360301210617585 0.0357142857142857
v 0.047333902378938406 -0.42428333079298225 0.0357142857142857
v 0.1352941176470588 -0.40719847978790985 0.0357142857142857
v 0.13208830355930756 -0.4075478871830303 0.0357142857142857
v 0.1605972352826663 -0.44583518543319733 0.00665213974369332
v 0.2029411764705884 -0.40441176470588236 0.026565015723780082
v 0.19346781364736845 -0.40441176470588236 0.029212381416361476
v 0.14227252332805118 -0.40441176470588236 0.0357142857142857
v 0.2705882352941176 -0.40441176470588236 0.010576902710581166
v 0.24772937556777108 -0.40441176470588236 0.020025440995271464
v 0.2957601216701465 -0.40441176470588236 0.006562071084168938
v -0.40588235294117647 -0.3382352941176471 -0.005536988131051069
v -0.3382352941176471 -0.3382352941176471 0.023222575546656597
v -0.3919161194344385 -0.3382352941176471 -0.0011287652018971885
v -0.3169747231447736 -0.38361338005850615 0.0038775968478417383
v -0.2705882352941176 -0.35611202894199884 0.0357142857142857
v -0.29615795085725494 -0.3382352941176471 0.0357142857142857
v -0.28450309493610954 -0.3518476568109001 0.0357142857142857
v -0.2029411764705883 -0.3885014171969256 0.0357142857142857
v -0.24373595620763652 -0.37814323081693346 0.0357142857142857
v -0.19237210957385467 -0.3940724601329908 0.0357142857142857
v 0.2029411764705884 -0.38850141719692555 0.0357142857142857
v 0.2705882352941176 -0.35611202894199884 0.0357142857142857
v 0.24116655306537899 -0.3670173745588045 0.0357142857142857
v 0.3099386349576933 -0.3659168085132539 0.016293286725621855
v 0.33823529411764697 -0.3382352941176471 0.023222575546656632
v 0.3281014856611193 -0.3382352941176471 0.028759094195985657
v 0.2961579508572549 -0.3382352941176471 0.0357142857142857
v 0.4058823529411766 -0.3382352941176471 -0.005536988131051092
v 0.37660495263636556 -0.3382352941176471 0.01562016935601485
v 0.41148863869867464 -0.3382352941176471 -0.006866493315505947
v -0.47352941176470575 -0.2720588235294118 -0.008159112880954235
v -0.40588235294117647 -0.3222631491896648 0.0004915683462987028
v -0.40588235294117647 -0.2720588235294118 0.025864976561840128
v -0.46467771240960676 -0.2720588235294118 -0.004639051063736358
v -0.3382352941176471 -0.31054683917898357 0.0357142857142857
v -0.38082570242395786 -0.2720588235294118 0.0357142857142857
v -0.3653885163434006 -0.298621758315475 0.0357142857142857
v -0.32553230215756007 -0.3258084541566924 0.0357142857142857
v 0.33823529411764697 -0.3105468391789836 0.0357142857142857
v 0.4058823529411766 -0.3222631491896649 0.0004915683462986369
v 0.39023089390385696 -0.2873700334572244 0.024972135256994953
v 0.4058823529411766 -0.2720588235294118 0.025864976561840086
v 0.39874142556078246 -0.2720588235294118 0.0308132144376798
v 0.38082570242395786 -0.2720588235294118 0.0357142857142857
v 0.41329543853287826 -0.33098336256054756 -0.005626422621844435
v 0.47352941176470575 -0.2720588235294118 -0.008159112880954235
v 0.44576760341009325 -0.2720588235294118 0.016660373769039172
v 0.4762035799848505 -0.2720588235294118 -0.00887890938927948
v -0.47352941176470575 -0.2659215129376963 -0.006408426537240813
v -0.47352941176470575 -0.20588235294117652 0.01937594700235143
v -0.40588235294117647 -0.2443506621087638 0.0357142857142857
v -0.4387075470353505 -0.20588235294117652 0.0357142857142857
v -0.42951901235546386 -0.22900517193341424 0.0357142857142857
v -0.39590043650629353 -0.26229390527789587 0.0357142857142857
v 0.4058823529411766 -0.24435066210876372 0.0357142857142857
v 0.47352941176470575 -0.2659215129376963 -0.006408426537240813
v 0.4543206362850075 -0.22467354634522924 0.022530623040331266
v 0.47352941176470575 -0.20588235294117652 0.01937594700235143
v 0.462965057115321 -0.20588235294117652 0.028463595100888063
v 0.4387075470353505 -0.20588235294117652 0.0357142857142857
v 0.4767633949502932 -0.2688951443261197 -0.008494688558960134
v 0.5056580191033728 -0.20588235294117652 0.011336714974675262
v -0.5411764705882353 -0.13970588235294112 0.0009477004640422275
v -0.47352941176470575 -0.13986289399158763 0.0356041283424099
v -0.47352941176470575 -0.13970588235294112 0.035660805307548615
v -0.4740885694254832 -0.13970588235294112 0.03533051601542913
v -0.47342767854864154 -0.13970588235294112 0.0357142857142857
v -0.4562199839886582 -0.1889492170733039 0.0357142857142857
v 0.4734746202905767 -0.1397594827080674 0.03567668038576853
v 0.47352941176470575 -0.13986289399158763 0.0356041283424099
v 0.47352941176470575 -0.13970588235294112 0.035660805307548615
v 0.47349431170649237 -0.13970588235294112 0.035690195301661
v 0.47342767854864154 -0.13970588235294112 0.0357142857142857
v 0.4732165460898313 -0.1400119466001009 0.0357142857142857
v 0.5100822208008124 -0.17012417018846335 0.014373201232855879
v 0.5411764705882351 -0.13970588235294112 0.0009477004640423385
v 0.5214216045569336 -0.13970588235294112 0.02215582176112533
v 0.553131966867931 -0.13970588235294112 -0.0025088053484074967
v -0.5411764705882353 -0.11904509702171694 0.003781058914922388
v -0.5411764705882353 -0.07352941176470584 0.015853924541140967
v -0.47352941176470575 -0.1394277365822667 0.0357142857142857
v -0.5055042312379248 -0.07352941176470584 0.0357142857142857
v -0.5004833963063878 -0.0998974401206991 0.0357142857142857
v -0.4734685562989349 -0.13964634983207833 0.0357142857142857
v 0.47352941176470575 -0.1394277365822667 0.0357142857142857
v 0.5411764705882351 -0.11904509702171676 0.0037810589149225183
v 0.5253736499784479 -0.0889886927960194 0.02486825045104668
v 0.5411764705882351 -0.07352941176470584 0.015853924541141037
v 0.5296079714853339 -0.07352941176470584 0.02777441521198388
v 0.5055042312379248 -0.07352941176470584 0.0357142857142857
v 0.5541183957770233 -0.12704530336390935 -0.0018317842648379878
v 0.5689656004462091 -0.07352941176470584 0.008358377946000736
v -0.5411764705882353 -0.0303884337619408 0.019552876630511355
v -0.5411764705882353 -0.007352941176470562 0.023553499362642276
v -0.5202252328806147 -0.007352941176470562 0.0357142857142857
v -0.5150783614547407 -0.047998652829765565 0.0357142857142857
v 0.5411764705882351 -0.030388433761940677 0.019552876630511445
v 0.5324885826853183 -0.015851961951063184 0.029751480662904846
v 0.5411764705882351 -0.007352941176470562 0.023553499362642345
v 0.5339778105806068 -0.007352941176470562 0.030773590491658773
v 0.5202252328806147 -0.007352941176470562 0.0357142857142857
v 0.5111759037557138 -0.03670132177350232 0.0357142857142857
v 0.5701481278628527 -0.045187573126493116 0.009169988377920692
v 0.5770213562163332 -0.007352941176470562 0.013887328334812595
v -0.5411764705882353 0.0435877638030978 0.02502506603328447
v -0.5411764705882353 0.05882352941176472 0.026142801583974452
v -0.5248073880710352 0.05882352941176472 0.0357142857142857
v -0.522592930626752 0.010826608785849942 0.0357142857142857
v 0.5411764705882351 0.04358776380309791 0.025025066033284547
v 0.5350062319059726 0.05278742635302966 0.031479432457204914
v 0.5411764705882351 0.05882352941176472 0.026142801583974522
v 0.5354544750598502 0.05882352941176472 0.03178707760318918
v 0.5248073880710352 0.05882352941176472 0.0357142857142857
v 0.5226150932341492 0.040665660261028455 0.0357142857142857
v 0.5773668125627657 0.02805065423339615 0.014124427255811266
v 0.579728191092839 0.05882352941176472 0.015745124942600698
v -0.5411764705882353 0.10930151788875751 0.024700430010842565
v -0.5411764705882353 0.125 0.02416943028152594
v -0.520921547417515 0.125 0.0357142857142857
v -0.5233841253816589 0.07622908450515464 0.0357142857142857
v 0.5411764705882351 0.1093015178887576 0.024700430010842628
v 0.5344366643033069 0.11840671124300498 0.03108851804667967
v 0.5411764705882351 0.125 0.02416943028152601
v 0.5342297251658692 0.125 0.030946488390239515
v 0.520921547417515 0.125 0.0357142857142857
v 0.5224678765299205 0.10669811450817049 0.0357142857142857
v 0.5790848619428417 0.0959078253021406 0.015303585370708174
v 0.5780448364829592 0.125 0.014589779076813643
v -0.5411764705882353 0.1697189912413548 0.020659990680442594
v -0.5411764705882353 0.19117647058823528 0.017497093649981338
v -0.5072342668125428 0.19117647058823528 0.0357142857142857
v -0.5134489086580382 0.15212478884475802 0.0357142857142857
v 0.5411764705882351 0.16971899124135492 0.020659990680442678
v 0.5315494973744226 0.18175877940080998 0.029106953166917485
v 0.5411764705882351 0.19117647058823528 0.017497093649981418
v 0.5301869746715004 0.19117647058823528 0.02817180559752061
v 0.5072342668125428 0.19117647058823528 0.0357142857142857
v 0.5152959227321586 0.16585854333772565 0.0357142857142857
v 0.5766447562231966 0.1596972359472447 0.013628854426479629
v 0.5716350145454846 0.19117647058823528 0.010190491349540712
v -0.5411764705882353 0.22582007728396492 0.013591228824623026
v -0.5411764705882353 0.25735294117647056 0.0050520744990448715
v -0.47789805477320974 0.25735294117647056 0.0357142857142857
v -0.4795285968622755 0.2514841731462393 0.0357142857142857
v 0.5411764705882351 0.225820077283965 0.013591228824623082
v 0.5266524727813455 0.24314468245233944 0.02574595181576831
v 0.5411764705882351 0.25735294117647056 0.0050520744990449375
v 0.5227918451418974 0.25735294117647056 0.023096266386209152
v 0.47789805477320974 0.25735294117647056 0.0357142857142857
v 0.5014886931614481 0.21852794151983104 0.0357142857142857
v 0.5699934272865554 0.21936697170615718 0.00906381189543095
v 0.5586154623829462 0.25735294117647056 0.0012547117597240722
v -0.5411764705882353 0.2763034121654267 0.002581124090664506
v -0.5100644596990882 0.28778860400281003 0.010638988840066768
v -0.47352941176470575 0.2641429289288337 0.0357142857142857
v -0.47352941176470575 0.3113593267609364 0.027175908616403018
v -0.47352941176470575 0.32352941176470584 0.022488830071744646
v -0.44352510089987973 0.32352941176470584 0.0357142857142857
v 0.4670017211833794 0.31714362750036484 0.031234100563748028
v 0.47352941176470575 0.2641429289288337 0.0357142857142857
v 0.47352941176470575 0.3113593267609364 0.027175908616403018
v 0.47352941176470575 0.32352941176470584 0.022488830071744646
v 0.46448405540434545 0.32352941176470584 0.029506137404845853
v 0.44352510089987973 0.32352941176470584 0.0357142857142857
v 0.45771011511822585 0.3080540128714102 0.0357142857142857
v 0.5411764705882351 0.2763034121654268 0.0025811240906645563
v 0.5192919118923869 0.3021206043448543 0.020694138286389892
v 0.510188504678602 0.32352941176470584 0.014446147621028166
v 0.47698769777022315 0.2607360470514332 0.0357142857142857
v 0.5574505623607103 0.2732732483451962 0.00045519963266150813
v -0.47352941176470575 0.3611380880540742 0.01567148399984258
v -0.47352941176470575 0.3897058823529411 0.0005205364726434004
v -0.41842720874867273 0.37743374080212955 0.027104307038954396
v -0.40588235294117647 0.36899331403304386 0.0357142857142857
v -0.40588235294117647 0.38434092621656 0.03195030061542785
v -0.40588235294117647 0.3897058823529411 0.029224863264930394
v -0.43863954597711435 0.3897058823529411 0.013231864407011538
v -0.38820574114325496 0.3897058823529411 0.0357142857142857
v 0.4026272133653539 0.38652150668094065 0.03348016817932666
v 0.4058823529411766 0.3689933140330438 0.0357142857142857
v 0.4058823529411766 0.38434092621656 0.03195030061542784
v 0.4058823529411766 0.3897058823529411 0.02922486326493038
v 0.40091158830025303 0.3897058823529411 0.03230267395762699
v 0.388205741143255 0.3897058823529411 0.0357142857142857
v 0.39841602458540554 0.3824018654831651 0.0357142857142857
v 0.47352941176470575 0.3611380880540742 0.01567148399984258
v 0.45814547032251235 0.37465637442036054 0.025155742053649816
v 0.47352941176470575 0.3897058823529411 0.0005205364726434004
v 0.44974849361725744 0.3897058823529411 0.019392599656564927
v 0.43272584201700015 0.34978934673018547 0.0357142857142857
v 0.5072452766601072 0.3565123230754247 0.012426106030694824
v 0.4866640949683835 0.3897058823529411 -0.0016994876148671064
v -0.47352941176470575 0.40276474008275476 -0.0015523569578132484
v -0.4570088799387425 0.4058672721826878 0.0006243401662667462
v -0.40588235294117647 0.4328013829214458 0.01952097024012551
v -0.40588235294117647 0.4558823529411764 0.004303503593147207
v -0.349511690009103 0.4448510960908391 0.027974895987541118
v -0.3382352941176471 0.4358055834876453 0.0357142857142857
v -0.3382352941176471 0.44999563380143015 0.031584238317828806
v -0.3382352941176471 0.4558823529411764 0.02784164137552704
v -0.36790420370426014 0.4558823529411764 0.015351462675026434
v -0.30978890398038383 0.4558823529411764 0.0357142857142857
v 0.33425492675979307 0.45198851530849327 0.03298241867675245
v 0.33823529411764697 0.4358055834876454 0.0357142857142857
v 0.33823529411764697 0.44999563380143015 0.03158423831782882
v 0.33823529411764697 0.4558823529411764 0.027841641375527068
v 0.3314929230574538 0.4558823529411764 0.03108675775061278
v 0.3097889039803838 0.4558823529411764 0.0357142857142857
v 0.3289809272067713 0.4468291679196676 0.0357142857142857
v 0.4058823529411766 0.43280138292144577 0.01952097024012549
v 0.39186310167914096 0.4421678680109242 0.026092377239410366
v 0.4058823529411766 0.4558823529411764 0.004303503593147188
v 0.38197219507209973 0.4558823529411764 0.019303897860043596
v 0.36946654089143777 0.42025818897947553 0.0357142857142857
v 0.47352941176470575 0.40276474008275476 -0.0015523569578132484
v 0.4455828206433574 0.4285432964094225 0.01653355081422982
v 0.4239261033185006 0.4558823529411764 0.001669778985678997
v 0.4854154741078502 0.401333552036452 -0.0025564603172828406
v -0.40588235294117647 0.4731439191787624 0.001396209963512739
v -0.3382352941176471 0.49676868782708883 0.017971047650116354
v -0.3857883277378543 0.4755395515096437 0.0030769551861310734
v -0.3382352941176471 0.5220588235294117 -0.0025912764297273023
v -0.2898018623474412 0.5032628840207256 0.022527293233588465
v -0.2705882352941176 0.4833433483100612 0.0357142857142857
v -0.2705882352941176 0.5103450748020688 0.027496068353197498
v -0.2705882352941176 0.5220588235294117 0.018429040078340272
v -0.3214259725437961 0.5220588235294117 0.000822546794475373
v -0.20683963210224665 0.5182451169332242 0.03303863759442081
v -0.2029411764705883 0.514106156434424 0.0357142857142857
v -0.2029411764705883 0.5193847063457945 0.03383815905530346
v -0.2029411764705883 0.5220588235294117 0.03179394969029541
v -0.21270297414656741 0.5220588235294117 0.029014418365244127
v -0.22229860170744942 0.5031222118846562 0.0357142857142857
v -0.1752682178128776 0.5220588235294117 0.0357142857142857
v 0.20075793499575212 0.5199230438257675 0.03421584979522106
v 0.2029411764705884 0.514106156434424 0.0357142857142857
v 0.2029411764705884 0.5193847063457945 0.033838159055303456
v 0.2029411764705884 0.5220588235294117 0.031793949690295385
v 0.19873777980375548 0.5220588235294117 0.032829345765931446
v 0.17526821781287757 0.5220588235294117 0.0357142857142857
v 0.1976952278887481 0.5169269173080462 0.0357142857142857
v 0.26186187500111147 0.5135221667210361 0.029725075699520605
v 0.2705882352941176 0.4833433483100612 0.0357142857142857
v 0.2705882352941176 0.5103450748020688 0.027496068353197498
v 0.2705882352941176 0.5220588235294117 0.018429040078340272
v 0.2540203028178225 0.5220588235294117 0.024343127089250863
v 0.24863684932392102 0.5005846416020454 0.0357142857142857
v 0.33823529411764697 0.4967686878270889 0.017971047650116378
v 0.3212466997491335 0.505439546429779 0.024054411939622745
v 0.33823529411764697 0.5220588235294117 -0.0025912764297272278
v 0.30573331368459017 0.5220588235294117 0.01340702585184611
v 0.2917395048769793 0.47657381231571505 0.0357142857142857
v 0.4058823529411766 0.47314391917876236 0.0013962099635127252
v 0.3770980278986162 0.4939002446834288 0.015958584365199303
v 0.3484128366677889 0.5220588235294117 -0.0037290779391883017
v 0.4220443047983702 0.47169295801886585 0.00037823403863294046
v -0.3382352941176471 0.5314487364426821 -0.004126442051324508
v -0.3278564445048957 0.5322120459766685 -0.0035909137750991743
v -0.2705882352941176 0.5538424439825533 0.011584698794108943
v -0.2029411764705883 0.5655953431301639 0.019830383592908705
v -0.2359133819027447 0.5559798757601027 0.013084293787246664
v -0.2029411764705883 0.588235294117647 -0.0018485497807558503
v -0.15565815508028383 0.5683139531503616 0.021737725861047434
v -0.1352941176470588 0.5376928513371046 0.0357142857142857
v -0.1352941176470588 0.5725983536792346 0.024743606867018597
v -0.1352941176470588 0.588235294117647 0.010278295995375393
v -0.18793842412468556 0.588235294117647 -0.00041736562594873496
v -0.08153342201848282 0.5746508083834534 0.026183583024581646
v -0.0676470588235294 0.5519478629607615 0.0357142857142857
v -0.0676470588235294 0.5764374287489039 0.027437053185739003
v -0.0676470588235294 0.588235294117647 0.01667169608312579
v -0.10166473886285997 0.588235294117647 0.01236674755064579
v -0.11700574124484238 0.53994962653158 0.0357142857142857
v -0.011309413486823586 0.5771717374457543 0.027952234842894365
v 0 0.5562443959724637 0.0357142857142857
v 0 0.5776693107276216 0.02830132593906154
v 0 0.588235294117647 0.018694881005199462
v -0.02648354629569414 0.588235294117647 0.017537690275315515
v -0.0357882250708941 0.5532250739395984 0.0357142857142857
v 0.05612250211315934 0.5769612712488067 0.027804574431702533
v 0.0676470588235294 0.5519478629607615 0.0357142857142857
v 0.0676470588235294 0.5764374287489039 0.027437053185739003
v 0.0676470588235294 0.588235294117647 0.01667169608312579
v 0.041617322720822914 0.588235294117647 0.017849156277334993
v 0.033632037961807554 0.55495973023118 0.0357142857142857
v 0.12134032828200805 0.5745848479996626 0.02613730605690616
v 0.1352941176470588 0.5376928513371046 0.0357142857142857
v 0.1352941176470588 0.5725983536792346 0.024743606867018597
v 0.1352941176470588 0.588235294117647 0.010278295995375393
v 0.10455410959200788 0.588235294117647 0.014616329875260094
v 0.09521020914944871 0.5490227749352024 0.0357142857142857
v 0.2029411764705884 0.5655953431301639 0.019830383592908694
v 0.1845428368797987 0.5702369184310049 0.023086853883340024
v 0.2029411764705884 0.588235294117647 -0.0018485497807558728
v 0.16275936876914038 0.588235294117647 0.008136088503043527
v 0.14908993064269632 0.5355547275468832 0.0357142857142857
v 0.2705882352941176 0.5538424439825533 0.011584698794108943
v 0.24543917763568224 0.5636329551039602 0.01845359707293718
v 0.21456154614841355 0.588235294117647 -0.0027388146000019414
v 0.33823529411764697 0.5314487364426822 -0.0041264420513244466
v 0.30153383618711793 0.5523316939682164 0.010524775768177286
v 0.3471774638910733 0.5308065983077634 -0.004576958012648393
v -0.2029411764705883 0.5984524258561448 -0.0035460758279110575
v -0.1921229625000679 0.5988183295235908 -0.003289362461226678
v -0.1352941176470588 0.611752921078679 0.005785382725041498
v -0.0676470588235294 0.6181506165238719 0.010273924608811848
v -0.11081393679333104 0.6121832971267285 0.006087329095260368
v 0 0.620059369229878 0.011613081269216133
v -0.03689924751428786 0.6183146747462528 0.010389025774355236
v 0.0676470588235294 0.6181506165238719 0.010273924608811848
v 0.03236237681652079 0.6198941410033738 0.011497159243636958
v 0.1352941176470588 0.611752921078679 0.005785382725041498
v 0.09775406030929006 0.6176877955711085 0.009949215305444452
v 0.2029411764705884 0.5984524258561447 -0.0035460758279110783
v 0.15869139166588858 0.611123931744763 0.005344091795532222
v 0.212965594688315 0.5980417902002056 -0.003834172589696908
v -0.1352941176470588 -0.40441176470588236 0.03872808897815754
v -0.0676470588235294 -0.40441176470588236 0.056444138487066774
v -0.12924257181382454 -0.40441176470588236 0.03986767586690921
v 0 -0.40441176470588236 0.061928543458083914
v -0.0341715566841308 -0.40441176470588236 0.05868970799008409
v 0.0676470588235294 -0.40441176470588236 0.056444138487066774
v 0.034932981401852116 -0.40441176470588236 0.059690027608103435
v 0.1352941176470588 -0.40441176470588236 0.03872808897815754
v 0.09220574041303937 -0.40441176470588236 0.05256977835801768
v 0.13854793460120018 -0.40441176470588236 0.03794749548715913
v -0.2705882352941176 -0.3382352941176471 0.05330065216835486
v -0.21742793382194958 -0.35240712196137014 0.07220008268741965
v -0.2029411764705883 -0.35142619876273806 0.08214285714285707
v -0.2029411764705883 -0.36217246234290834 0.06534884388005475
v -0.22390095010602534 -0.3382352941176471 0.08214285714285707
v -0.21360692780370943 -0.34866918129135255 0.08214285714285707
v -0.1352941176470588 -0.37941934896977697 0.08214285714285707
v -0.18480745666734588 -0.38667225620271045 0.04816009961651104
v -0.17218537011584037 -0.3743245628371073 0.08214285714285707
v -0.0676470588235294 -0.390606158172881 0.08214285714285707
v -0.11691360231240748 -0.3864308257915496 0.08214285714285707
v 0 -0.3938705313448994 0.08214285714285707
v -0.05499307968998141 -0.39203287207523757 0.08214285714285707
v 0.0676470588235294 -0.390606158172881 0.08214285714285707
v 0.012064896523147906 -0.3926091485419333 0.08214285714285707
v 0.1352941176470588 -0.37941934896977697 0.08214285714285707
v 0.08794824522011441 -0.3845519084483535 0.08214285714285707
v 0.2029411764705884 -0.35142619876273795 0.08214285714285707
v 0.2029411764705884 -0.3621724623429082 0.06534884388005485
v 0.1857013041135383 -0.3551003866408482 0.08214285714285707
v 0.2705882352941176 -0.3382352941176471 0.05330065216835486
v 0.2512760020125128 -0.3382352941176471 0.06888818771666248
v 0.22390095010602531 -0.3382352941176471 0.08214285714285707
v 0.28685159506040153 -0.3382352941176471 0.04687640530543087
v -0.3382352941176471 -0.2720588235294118 0.07056374043214911
v -0.2705882352941176 -0.3175757774380585 0.08214285714285707
v -0.3170674770153959 -0.3175276469524014 0.050242508011172346
v -0.3264791589752687 -0.2720588235294118 0.08214285714285707
v -0.3066782319936515 -0.3073642550833036 0.08214285714285707
v -0.26066053008855133 -0.3285234085904627 0.08214285714285707
v 0.2705882352941176 -0.3175757774380585 0.08214285714285707
v 0.3090234884634064 -0.3006355899302993 0.062093760715567756
v 0.33823529411764697 -0.2720588235294118 0.0705637404321492
v 0.33170881532871166 -0.2720588235294118 0.07766350368833935
v 0.3264791589752687 -0.2720588235294118 0.08214285714285707
v 0.36773168408733364 -0.2720588235294118 0.05595870243261094
v -0.40588235294117647 -0.20588235294117652 0.06518687615155391
v -0.3382352941176471 -0.26199611125741334 0.08214285714285707
v -0.38957934911918984 -0.2561102328339901 0.04690361442440695
v -0.3921968206638468 -0.20588235294117652 0.08214285714285707
v -0.378072887614632 -0.24485391179692262 0.08214285714285707
v -0.3344389469285864 -0.2683450056270698 0.08214285714285707
v 0.33823529411764697 -0.26199611125741346 0.08214285714285707
v 0.38425663680807326 -0.22703794481051667 0.06730036252976448
v 0.4058823529411766 -0.20588235294117652 0.06518687615155382
v 0.3976654620658962 -0.20588235294117652 0.07650331402659322
v 0.39219682066384687 -0.20588235294117652 0.08214285714285707
v 0.42989488855551006 -0.20588235294117652 0.05219493903965128
v -0.40588235294117647 -0.1837880982482484 0.08214285714285707
v -0.4410386779974653 -0.1740979394732238 0.05801382659180167
v -0.4732566848142885 -0.13970588235294112 0.03590146787590746
v -0.43932874980406805 -0.13970588235294112 0.08214285714285707
v -0.4320708543249421 -0.16532506848923362 0.08214285714285707
v -0.3999929533984368 -0.20012098382327903 0.08214285714285707
v 0.4058823529411766 -0.1837880982482482 0.08214285714285707
v 0.43700240204819785 -0.17543882664082946 0.05707307718214817
v 0.4548853135381554 -0.13970588235294112 0.06934675245941722
v 0.439328749804068 -0.13970588235294112 0.08214285714285707
v -0.47352941176470575 -0.07352941176470584 0.06674983918636261
v -0.4734308433735501 -0.13960945675289757 0.0357819366908242
v -0.46362779865103987 -0.07352941176470584 0.08214285714285707
v -0.45530971816419213 -0.1218822690480908 0.08214285714285707
v 0.4633572775887782 -0.08348041258898284 0.07516136132645956
v 0.47352941176470575 -0.07352941176470584 0.06674983918636261
v 0.4670568238623807 -0.07352941176470584 0.07770049091175818
v 0.46362779865103987 -0.07352941176470584 0.08214285714285707
v 0.4517241462698204 -0.09486064974883289 0.08214285714285707
v 0.49789336006201645 -0.07352941176470584 0.05243612600529706
v -0.47676054311003263 -0.010513830536029473 0.07992521730646812
v -0.47352941176470575 -0.014062510546278835 0.08214285714285707
v -0.47796808688322845 -0.007352941176470562 0.07909643726337409
v -0.4758660661355153 -0.007352941176470562 0.08214285714285707
v -0.4755952316005796 -0.009373851885477541 0.08214285714285707
v -0.46664089402848086 -0.06679064441405107 0.08214285714285707
v 0.47352941176470575 -0.014062510546278835 0.08214285714285707
v 0.49991153170978114 -0.04772081616626252 0.053821268657955446
v 0.5094996513207465 -0.007352941176470562 0.06040193460212727
v 0.4758660661355153 -0.007352941176470562 0.08214285714285707
v -0.4911268599460481 0.04160863445175596 0.0700651054407557
v -0.49344296031664975 0.05882352941176472 0.06847548375782724
v -0.48413428113223594 0.05882352941176472 0.08214285714285707
v -0.4838064390888 0.04876991572515082 0.08214285714285707
v 0.5101243005886883 0.02844640658612104 0.06083065350962771
v 0.5129433289030434 0.05882352941176472 0.06276545244587765
v 0.48413428113223594 0.05882352941176472 0.08214285714285707
v 0.4759512997004917 -0.004983702978419061 0.08214285714285707
v -0.4773283123886771 0.12128368417220192 0.07953553714938605
v -0.4767312748434403 0.125 0.07994530515403617
v -0.4751627312934142 0.125 0.08214285714285707
v -0.4752767500167384 0.12329064736214196 0.08214285714285707
v 0.5117987861592875 0.09626096088472513 0.06197991223975949
v 0.5099335949778324 0.125 0.060699765497208014
v 0.4751627312934142 0.125 0.08214285714285707
v 0.4835299945618857 0.06860670823509296 0.08214285714285707
v -0.47352941176470575 0.17590742893720562 0.07143029141308707
v -0.47352941176470575 0.12937525086914348 0.08214285714285707
v -0.47352941176470575 0.19117647058823528 0.06692775287418375
v -0.46276485411960133 0.19117647058823528 0.08214285714285707
v 0.468208257782351 0.18597099386636645 0.0784907607760856
v 0.47352941176470575 0.12937525086914348 0.08214285714285707
v 0.47352941176470575 0.17590742893720562 0.07143029141308707
v 0.47352941176470575 0.19117647058823528 0.06692775287418375
v 0.4668506382841561 0.19117647058823528 0.0775589784496848
v 0.46276485411960133 0.19117647058823528 0.08214285714285707
v 0.46590089302739035 0.18371378921477455 0.08214285714285707
v 0.5074635060314268 0.15819639656527051 0.05900445600293577
v 0.4994022976780133 0.19117647058823528 0.05347176331317069
v 0.4749450105339273 0.1263848248829341 0.08214285714285707
v -0.47352941176470575 0.22312372608539344 0.05812807449165694
v -0.47352941176470575 0.25735294117647056 0.03960503788627536
v -0.43732249773699755 0.25735294117647056 0.08214285714285707
v -0.45027211180199966 0.2139281770734913 0.08214285714285707
v 0.47352941176470575 0.22312372608539344 0.05812807449165694
v 0.46040207002580835 0.244510976431897 0.07313309775063245
v 0.47352941176470575 0.25735294117647056 0.03960503788627536
v 0.45484707969692856 0.25735294117647056 0.06932051122056276
v 0.4373224977369975 0.25735294117647056 0.08214285714285707
v 0.45365716551693247 0.23791270028190967 0.08214285714285707
v 0.49669005272344013 0.21383361935221457 0.051610253577267964
v 0.4768132563411698 0.25735294117647056 0.03796810450744891
v -0.47352941176470575 0.26119228334699074 0.03840791942757128
v -0.4634599866227301 0.26720346577188153 0.04262528868439943
v -0.40588235294117647 0.29865380831308747 0.08214285714285707
v -0.40588235294117647 0.3125206139143385 0.07441922436529774
v -0.40588235294117647 0.32352941176470584 0.06623702573753566
v -0.3904483480088569 0.32352941176470584 0.08214285714285707
v 0.4010387440347424 0.3187910987040637 0.07881851686856528
v 0.4058823529411766 0.2986538083130873 0.08214285714285707
v 0.4058823529411766 0.3125206139143384 0.0744192243652977
v 0.4058823529411766 0.32352941176470584 0.0662370257375356
v 0.3974755279353075 0.32352941176470584 0.07637295550839417
v 0.39044834800885697 0.32352941176470584 0.08214285714285707
v 0.3989977884165373 0.31679451168625444 0.08214285714285707
v 0.47352941176470575 0.26119228334699074 0.03840791942757128
v 0.44906246283524914 0.29959435302936777 0.06535032387139766
v 0.4331626920036063 0.32352941176470584 0.05443774823849992
v 0.43084222085526724 0.28177020326634195 0.08214285714285707
v 0.4763481307210551 0.2601103836337688 0.03764887232718383
v -0.40588235294117647 0.3515599378779609 0.0553801468921567
v -0.357138260803391 0.3712138497255829 0.06916908187096452
v -0.3382352941176471 0.3777735018563868 0.08214285714285707
v -0.3382352941176471 0.3833847713977593 0.07770804596477712
v -0.3382352941176471 0.3897058823529411 0.07139807728105299
v -0.32456750303847376 0.3897058823529411 0.08214285714285707
v 0.33501375983280746 0.38655438142211984 0.07993180410885231
v 0.33823529411764697 0.37777350185638686 0.08214285714285707
v 0.33823529411764697 0.38338477139775934 0.07770804596477715
v 0.33823529411764697 0.3897058823529411 0.0713980772810531
v 0.33155477002725975 0.3897058823529411 0.07755777694417515
v 0.32456750303847376 0.3897058823529411 0.08214285714285707
v 0.333611977753288 0.3851830728660682 0.08214285714285707
v 0.4058823529411766 0.35155993787796086 0.05538014689215666
v 0.38759127511678315 0.371812436655165 0.06958904285965542
v 0.3711269858622144 0.3897058823529411 0.058289018247047686
v 0.3764121179440193 0.36087630463833087 0.08214285714285707
v 0.42881818923614745 0.34596664292282964 0.05145596217760426
v -0.3382352941176471 0.4206121678522394 0.05739774315982514
v -0.29679756507850497 0.43024279119558007 0.06415446620388317
v -0.2705882352941176 0.43290570230813186 0.08214285714285707
v -0.2705882352941176 0.4435003691024362 0.07345581451313776
v -0.2705882352941176 0.4558823529411764 0.05831940383093525
v -0.2211298527171294 0.4558823529411764 0.08214285714285707
v 0.26299457294545264 0.44845377020878674 0.0769310578290218
v 0.2705882352941176 0.43290570230813186 0.08214285714285707
v 0.2705882352941176 0.4435003691024362 0.07345581451313776
v 0.2705882352941176 0.4558823529411764 0.05831940383093525
v 0.25271456653006963 0.4558823529411764 0.06987552547560673
v 0.22112985271712937 0.4558823529411764 0.08214285714285707
v 0.25919145722431874 0.4447333309163732 0.08214285714285707
v 0.33823529411764697 0.42061216785223954 0.057397743159825196
v 0.31838548516807375 0.4364640615774634 0.06851923050355371
v 0.2939026579520446 0.4558823529411764 0.05171579940186914
v 0.30510848248370676 0.42347568938623487 0.08214285714285707
v 0.36513628904285106 0.4160220730406407 0.054177390926925695
v -0.2705882352941176 0.47601256195368796 0.04983738473576203
v -0.24692706575953086 0.4790291492250113 0.051953784059452376
v -0.2029411764705883 0.46729911772943744 0.08214285714285707
v -0.2029411764705883 0.4963962668975834 0.06413833328370139
v -0.15721520296523936 0.5006142835442351 0.06709764020087602
v -0.1352941176470588 0.49465608145795664 0.08214285714285707
v -0.1352941176470588 0.5069812863099894 0.07156464849050052
v -0.1352941176470588 0.5220588235294117 0.049251251144195124
v -0.18833097097652973 0.4701749452723206 0.08214285714285707
v -0.07913388161906214 0.5108217142729122 0.07425904398194796
v -0.0676470588235294 0.5067014414871888 0.08214285714285707
v -0.0676470588235294 0.5130908875094499 0.0758510671098045
v -0.0676470588235294 0.5220588235294117 0.0621293365274369
v -0.11009299330052269 0.5220588235294117 0.0530107095670325
v -0.08989040932871004 0.5002990241221698 0.08214285714285707
v -0.007717082401171575 0.5145095037891352 0.0768463502774567
v 0 0.5102549150643108 0.08214285714285707
v 0 0.5150610704461854 0.07723332244002218
v 0 0.5220588235294117 0.06629019830141808
v -0.025950642893196638 0.5220588235294117 0.06433201217578735
v -0.013453005101414658 0.5088982750606365 0.08214285714285707
v 0.059134559703712675 0.5137313787382867 0.07630042762273442
v 0.0676470588235294 0.5067014414871888 0.08214285714285707
v 0.0676470588235294 0.5130908875094499 0.0758510671098045
v 0.0676470588235294 0.5220588235294117 0.0621293365274369
v 0.041471532729442456 0.5220588235294117 0.06417766687331294
v 0.053506277152062236 0.5082254501551503 0.08214285714285707
v 0.122817761330967 0.5098536923506263 0.07357989209361396
v 0.1352941176470588 0.49465608145795664 0.08214285714285707
v 0.1352941176470588 0.5069812863099894 0.07156464849050052
v 0.1352941176470588 0.5220588235294117 0.049251251144195124
v 0.09996770044829367 0.5220588235294117 0.05789708633252451
v 0.11475663889749177 0.501967811709183 0.08214285714285707
v 0.18396576357282757 0.5034959196076891 0.06911935947079145
v 0.2029411764705884 0.46729911772943733 0.08214285714285707
v 0.2029411764705884 0.4963962668975834 0.06413833328370137
v 0.15136074113591763 0.5220588235294117 0.04674137823303659
v 0.17027556238129712 0.4901033314855399 0.08214285714285707
v 0.2705882352941176 0.47601256195368796 0.04983738473576203
v 0.24095779415575608 0.4930725224157971 0.06180643636155924
v 0.21274249316493063 0.46547059753346776 0.08214285714285707
v 0.2887908171300669 0.4736892264763442 0.0482073620675304
v -0.1352941176470588 0.5342285161763608 0.04425238753960556
v -0.12226065276013458 0.5348089522231418 0.04465961409941069
v -0.0676470588235294 0.5449974462371288 0.05180773212192209
v 0 0.5481394449359513 0.054012118510619864
v -0.04387350384254929 0.5453155620977618 0.05203091817017576
v 0.0676470588235294 0.5449974462371288 0.05180773212192209
v 0.026319207396221806 0.5478058742431069 0.053778089548338535
v 0.1352941176470588 0.5342285161763608 0.04425238753960556
v 0.0902239678574463 0.544144930193026 0.05120961769098021
v 0.14694479565633406 0.5334562259297897 0.0437105585094715
v -0.2029411764705883 -0.3382352941176471 0.10567324974746428
v -0.15749106782804437 -0.3599497019033938 0.11333687580746019
v -0.1352941176470588 -0.3607370057162331 0.12857142857142856
v -0.1352941176470588 -0.36480740159367037 0.10992877538983759
v -0.18051105814777507 -0.3382352941176471 0.12857142857142856
v -0.15515713409950074 -0.35766650586460114 0.12857142857142856
v -0.10801784359938175 -0.37772845313750264 0.10086352970352985
v -0.0676470588235294 -0.3762659774130294 0.12857142857142856
v -0.0676470588235294 -0.3830279617691197 0.09714546174293504
v -0.10363213100972649 -0.37343808212588336 0.12857142857142856
v -0.04848502083352796 -0.3856662927591418 0.09529444222295125
v 0 -0.38052981961792426 0.12857142857142856
v 0 -0.38816362713076225 0.09354234414000484
v -0.041946920881994115 -0.37927032541525 0.12857142857142856
v 0.019088323736003457 -0.38573840452935726 0.09524384952067314
v 0.0676470588235294 -0.3762659774130294 0.12857142857142856
v 0.0676470588235294 -0.3830279617691197 0.09714546174293504
v 0.02743052353556416 -0.3775775568993522 0.12857142857142856
v 0.10234567237579387 -0.3704674688395367 0.10595774408400757
v 0.1352941176470588 -0.3607370057162331 0.12857142857142856
v 0.1352941176470588 -0.36480740159367037 0.10992877538983759
v 0.10959815616230449 -0.36337264774403716 0.12857142857142856
v 0.2029411764705884 -0.3382352941176471 0.10567324974746416
v 0.19157415092068317 -0.3382352941176471 0.12076983650146256
v 0.1805110581477751 -0.3382352941176471 0.12857142857142856
v 0.21869039769340615 -0.3382352941176471 0.09295210524920097
v -0.29222783874660707 -0.2932280008198906 0.11371940259937834
v -0.2705882352941176 -0.2971956081079426 0.12857142857142856
v -0.2705882352941176 -0.30351732962245465 0.10650054016964292
v -0.3153450073790616 -0.2720588235294118 0.09785327133300421
v -0.30101602679436273 -0.2720588235294118 0.12857142857142856
v -0.29016623205067876 -0.2912112116608303 0.12857142857142856
v -0.2029411764705883 -0.3313261558458594 0.12857142857142856
v -0.2563394981295631 -0.32429631210884374 0.09192226991728734
v -0.251442232769441 -0.31950550903915914 0.12857142857142856
v -0.19876064308686028 -0.3341456418944349 0.12857142857142856
v 0.2029411764705884 -0.33132615584585934 0.12857142857142856
v 0.2705882352941176 -0.2971956081079426 0.12857142857142856
v 0.2705882352941176 -0.30351732962245465 0.10650054016964292
v 0.22494685164012138 -0.31670800319092995 0.12857142857142856
v 0.31559417016762353 -0.2720588235294118 0.11303202362436277
v 0.30101602679436273 -0.2720588235294118 0.12857142857142856
v -0.36523322519851675 -0.23229337247680987 0.11004179264325402
v -0.3382352941176471 -0.2402585961193598 0.12857142857142856
v -0.3382352941176471 -0.25360178046045634 0.09509208418488616
v -0.38196278868597267 -0.20588235294117652 0.09855970093291934
v -0.3714419345524961 -0.20588235294117652 0.12857142857142856
v -0.3626363542838305 -0.2297529552776603 0.12857142857142856
v -0.3328057477243156 -0.2667473107533267 0.08586934705877712
v -0.32655428259381014 -0.26063174703870173 0.12857142857142856
v 0.33823529411764697 -0.2402585961193599 0.12857142857142856
v 0.33823529411764697 -0.2536017804604565 0.09509208418488604
v 0.38391609820051104 -0.20588235294117652 0.11349521025563017
v 0.37144193455249613 -0.20588235294117652 0.12857142857142856
v -0.41205375714434483 -0.14574312559517108 0.12433577537608628
v -0.40588235294117647 -0.14918721599969872 0.12857142857142856
v -0.40588235294117647 -0.15563750376784297 0.1173940052930371
v -0.41498167991812696 -0.13970588235294112 0.12232623831706188
v -0.4131047573585582 -0.13970588235294112 0.12857142857142856
v -0.4113797004995022 -0.14508372235565106 0.12857142857142856
v -0.3974039819455919 -0.19758829435853942 0.08796186332305644
v -0.39143012714601527 -0.19174430596764927 0.12857142857142856
v 0.4058823529411766 -0.15563750376784252 0.11739400529303742
v 0.4058823529411766 -0.14918721599969845 0.12857142857142856
v 0.43492057321694033 -0.13970588235294112 0.10207281577932856
v 0.41310475735855806 -0.13970588235294112 0.12857142857142856
v -0.44650280517534646 -0.11326681068943739 0.10069217408772797
v -0.457541025985691 -0.07352941176470584 0.09311625235143554
v -0.4479168155671888 -0.07352941176470584 0.12857142857142856
v -0.44215182387589796 -0.10901041593997692 0.12857142857142856
v 0.44081582112458373 -0.10553183739091229 0.10611893313209003
v 0.4564566200010542 -0.07352941176470584 0.11685376714358067
v 0.44791681556718876 -0.07352941176470584 0.12857142857142856
v 0.4156968932826131 -0.13010470158414447 0.12857142857142856
v -0.47352941176470575 -0.007352941176470562 0.08621412262252032
v -0.463264475793083 -0.06348762657507488 0.0891880461171696
v -0.4617894915565927 -0.007352941176470562 0.12857142857142856
v -0.45591044895209554 -0.05629346988280449 0.12857142857142856
v 0.46219470848348426 -0.018441237864622075 0.12079202041878892
v 0.47352941176470575 -0.007352941176470562 0.08621412262252032
v 0.4655838935396384 -0.007352941176470562 0.12311813811260902
v 0.4617894915565927 -0.007352941176470562 0.12857142857142856
v 0.4555020027150596 -0.024988450029385358 0.12857142857142856
v 0.4755669498800578 -0.007352941176470562 0.0835412916878658
v -0.47352941176470575 0.0004710141876783907 0.08763204487452984
v -0.47352941176470575 0.05882352941176472 0.10079203941126635
v -0.4658159131811011 0.05882352941176472 0.12857142857142856
v -0.46323301129952943 0.002719624495984582 0.12857142857142856
v 0.47352941176470575 0.0004710141876783907 0.08763204487452984
v 0.46763764954461506 0.053059848979067285 0.12452770356944083
v 0.47352941176470575 0.05882352941176472 0.10079203941126635
v 0.46828111820982954 0.05882352941176472 0.12496933889556627
v 0.4658159131811011 0.05882352941176472 0.12857142857142856
v 0.4646786231854476 0.05016514927988172 0.12857142857142856
v 0.4756208702477057 -0.00530694918223149 0.08357829914516449
v 0.48284689432865024 0.05882352941176472 0.0885377753000985
v -0.47352941176470575 0.0799013118903715 0.09693076167546692
v -0.47352941176470575 0.125 0.08504424539057215
v -0.46172769280987436 0.125 0.12857142857142856
v -0.46485338355386696 0.06731094831367224 0.12857142857142856
v 0.47352941176470575 0.0799013118903715 0.09693076167546692
v 0.4662376329901387 0.1178667381553148 0.1235668226423002
v 0.47352941176470575 0.125 0.08504424539057215
v 0.46548358534662126 0.125 0.12304929304845749
v 0.46172769280987436 0.125 0.12857142857142856
v 0.4629749268777845 0.11467496043670748 0.12857142857142856
v 0.48244908171667045 0.06754929349520844 0.08826474242044775
v 0.47496369254105086 0.125 0.08312725481854737
v -0.47352941176470575 0.12743186196017123 0.08384902061332641
v -0.45658601914313857 0.19117647058823528 0.09377170735828054
v -0.4476368610116469 0.19117647058823528 0.12857142857142856
v -0.45580959528023823 0.1423346030826313 0.12857142857142856
v 0.47352941176470575 0.12743186196017123 0.08384902061332641
v 0.46061891966442753 0.17854664135970222 0.11971050076347359
v 0.45594757921490797 0.19117647058823528 0.11650439443010766
v 0.4476368610116469 0.19117647058823528 0.12857142857142856
v 0.4552871932465941 0.1733308220379086 0.12857142857142856
v 0.4748158926817423 0.12625851394057924 0.08302581454243807
v -0.42330463883966657 0.2403094006235998 0.1166138969454462
v -0.41510308262518153 0.25735294117647056 0.1222429153411021
v -0.41355662555130085 0.25735294117647056 0.12857142857142856
v -0.4165360630781105 0.24693083343381775 0.12857142857142856
v 0.4505927507910544 0.2349149032674637 0.11282918610193482
v 0.43383219630603365 0.25735294117647056 0.10132582417277461
v 0.4135566255513008 0.25735294117647056 0.12857142857142856
v 0.4413764376459807 0.22589894475597855 0.12857142857142856
v -0.40588235294117647 0.2897517225908113 0.10487343077006124
v -0.40588235294117647 0.26717669097422586 0.12857142857142856
v -0.3805442058871615 0.32352941176470584 0.09953332453086117
v -0.3714502525919326 0.32352941176470584 0.12857142857142856
v 0.3947905817728396 0.3126787660565501 0.12095875332856373
v 0.4058823529411766 0.26717669097422564 0.12857142857142856
v 0.4058823529411766 0.28975172259081117 0.10487343077006113
v 0.3829853051645048 0.32352941176470584 0.11285637404147682
v 0.37145025259193265 0.32352941176470584 0.12857142857142856
v 0.3907203543982637 0.30869702188576936 0.12857142857142856
v 0.4292861038943793 0.28024791493503853 0.09820568000204287
v 0.41181549381041377 0.2631571007224635 0.12857142857142856
v -0.3382352941176471 0.3578546613080228 0.12857142857142856
v -0.3382352941176471 0.36891782438860926 0.11398679107899254
v -0.3140004993636958 0.3897058823529411 0.09877605478454413
v -0.30187289206898166 0.3897058823529411 0.12857142857142856
v 0.3292721073688981 0.3809375474900346 0.12241967617554812
v 0.33823529411764697 0.3578546613080229 0.12857142857142856
v 0.33823529411764697 0.3689178243886093 0.11398679107899257
v 0.3148834066635876 0.3897058823529411 0.11254420146786606
v 0.30187289206898166 0.3897058823529411 0.12857142857142856
v 0.32609056532907904 0.37782516940760297 0.12857142857142856
v 0.37441834254499595 0.35892587218276456 0.10697656429330464
v 0.3627292757779384 0.34749091556281697 0.12857142857142856
v -0.2705882352941176 0.4148839515395919 0.12857142857142856
v -0.2705882352941176 0.42776972060904606 0.10884796271301328
v -0.2132628051859414 0.44578510745876576 0.12148732935995948
v -0.2029411764705883 0.449731312493102 0.12857142857142856
v -0.2029411764705883 0.4516347248286794 0.12559134662583543
v -0.2029411764705883 0.4558823529411764 0.1063178116050432
v -0.22216406558913784 0.4370773527165083 0.12857142857142856
v -0.18402081324016167 0.4558823529411764 0.12857142857142856
v 0.20017846251179755 0.4531796979814897 0.12667528017114044
v 0.2029411764705884 0.44973131249310194 0.12857142857142856
v 0.2029411764705884 0.4516347248286794 0.1255913466258354
v 0.2029411764705884 0.4558823529411764 0.10631781160504303
v 0.19266038462120436 0.4558823529411764 0.12151535714685133
v 0.18402081324016165 0.4558823529411764 0.12857142857142856
v 0.1991695516488422 0.45219271996338123 0.12857142857142856
v 0.25573490385740943 0.44135192001396184 0.11837706134312881
v 0.2705882352941176 0.4148839515395919 0.12857142857142856
v 0.2705882352941176 0.42776972060904606 0.10884796271301328
v 0.21710536606955833 0.4558823529411764 0.09186424192972778
v 0.2505685269276185 0.4362978556261229 0.12857142857142856
v 0.30340684982457944 0.4218110487414364 0.10466743419637284
v 0.29084336364889224 0.40952068183043805 0.12857142857142856
v -0.2029411764705883 0.4663410782455313 0.08948056600718225
v -0.19057622097708649 0.46797850505438465 0.09062936386355241
v -0.1352941176470588 0.47881328624649 0.12857142857142856
v -0.1352941176470588 0.4912629627548525 0.10696544371054731
v -0.09574224055364844 0.49457440661951263 0.10928871067591205
v -0.0676470588235294 0.49393169387618674 0.12857142857142856
v -0.0676470588235294 0.5018965975115942 0.11442586682559469
v -0.10865162171650491 0.48194566417758783 0.12857142857142856
v -0.019229319454029455 0.5032475327591655 0.11537366584055739
v 0 0.49828662538925367 0.12857142857142856
v 0 0.5049992347193017 0.11660263769195459
v -0.027140462795815862 0.49550837079437443 0.12857142857142856
v 0.04890623187229002 0.503725405859721 0.11570893553967729
v 0.0676470588235294 0.49393169387618674 0.12857142857142856
v 0.0676470588235294 0.5018965975115942 0.11442586682559469
v 0.04179589385450416 0.4967696404075392 0.12857142857142856
v 0.11166178914110741 0.4989402412953288 0.11235172484529421
v 0.1352941176470588 0.47881328624649 0.12857142857142856
v 0.1352941176470588 0.4912629627548525 0.10696544371054731
v 0.10314209935398708 0.4906057621557546 0.12857142857142856
v 0.2029411764705884 0.4663410782455312 0.08948056600718221
v 0.16850051164473312 0.4883668688084664 0.10493358097355898
v 0.15612652477372405 0.4762618816520445 0.12857142857142856
v 0.2122100281983273 0.46494970789222534 0.08850439823549777
v -0.1352941176470588 -0.3382352941176471 0.14006162387413976
v -0.0676470588235294 -0.3382352941176471 0.1496667664445503
v -0.11675625982611772 -0.3382352941176471 0.14129461670319246
v 0 -0.3382352941176471 0.1525486851431453
v -0.035903694848924965 -0.3382352941176471 0.1503580231005825
v 0.0676470588235294 -0.3382352941176471 0.1496667664445503
v 0.03392242951274814 -0.3382352941176471 0.15185359292645134
v 0.1352941176470588 -0.3382352941176471 0.14006162387413976
v 0.09608928095179471 -0.3382352941176471 0.14809233257871623
v 0.15044965870439567 -0.3382352941176471 0.1389732129617125
v -0.2705882352941176 -0.2720588235294118 0.14029887284064102
v -0.2029411764705883 -0.2720588235294118 0.16008913142361245
v -0.24770869671648846 -0.2720588235294118 0.14427446591818643
v -0.1352941176470588 -0.29870143269319327 0.15630788372953738
v -0.1352941176470588 -0.2720588235294118 0.17118647122612582
v -0.14454292026129012 -0.2720588235294118 0.16865221932377286
v -0.0676470588235294 -0.28312842646747444 0.17499999999999993
v -0.09749459302446084 -0.2720588235294118 0.17499999999999993
v -0.07772247421534681 -0.2819152081518419 0.17499999999999993
v 0 -0.2911687093110947 0.17499999999999993
v -0.018712852903968867 -0.29036487528329435 0.17499999999999993
v 0.0676470588235294 -0.28312842646747444 0.17499999999999993
v 0.05575565369283433 -0.28369171985291786 0.17499999999999993
v 0.11946411256787687 -0.2875446980633941 0.16413530707298377
v 0.1352941176470588 -0.29870143269319327 0.15630788372953738
v 0.1352941176470588 -0.2720588235294118 0.17118647122612582
v 0.13100650834134908 -0.2720588235294118 0.17205726193614326
v 0.09749459302446083 -0.2720588235294118 0.17499999999999993
v 0.1577449312496151 -0.3162725416803638 0.14398021678933207
v 0.2029411764705884 -0.2720588235294118 0.16008913142361242
v 0.188672277787024 -0.2720588235294118 0.1652067496612803
v 0.2705882352941176 -0.2720588235294118 0.14029887284064102
v 0.24237542374633553 -0.2720588235294118 0.15563654859608736
v 0.2853403829434116 -0.2720588235294118 0.13869634978414278
v -0.3382352941176471 -0.20588235294117652 0.1431716314535033
v -0.2705882352941176 -0.24433986271357594 0.14801869949301497
v -0.2705882352941176 -0.20588235294117652 0.1661126705414948
v -0.3052246386019026 -0.20588235294117652 0.15122781015211031
v -0.2029411764705883 -0.231871899074861 0.17499999999999993
v -0.23520916537542846 -0.20588235294117652 0.17499999999999993
v -0.2232047651461449 -0.22570542881943845 0.17499999999999993
v -0.1352941176470588 -0.26401589164476685 0.17499999999999993
v -0.1831592156652339 -0.2527069053502608 0.17499999999999993
v -0.13060572736418863 -0.2674723547744301 0.17499999999999993
v 0.1352941176470588 -0.26401589164476685 0.17499999999999993
v 0.2029411764705884 -0.23187189907486094 0.17499999999999993
v 0.15836716795466987 -0.24948736127196625 0.17499999999999993
v 0.2705882352941176 -0.24433986271357594 0.14801869949301497
v 0.2535957914959879 -0.22250539578717302 0.16333748422550715
v 0.2705882352941176 -0.20588235294117652 0.1661126705414948
v 0.26322707426119973 -0.20588235294117652 0.16994777457057494
v 0.23520916537542846 -0.20588235294117652 0.17499999999999993
v 0.28801146785295995 -0.2550143568957617 0.14052960992392594
v 0.33823529411764697 -0.20588235294117652 0.14317163145350337
v 0.3159324111757288 -0.20588235294117652 0.15969274183178903
v 0.3562593604554325 -0.20588235294117652 0.1409419834181695
v -0.40588235294117647 -0.13970588235294112 0.13170535381585452
v -0.3382352941176471 -0.17768189126137182 0.1483565143848788
v -0.3382352941176471 -0.13970588235294112 0.1628928859792554
v -0.3981636179777185 -0.13970588235294112 0.13386906964883294
v -0.2705882352941176 -0.1737782697393673 0.17499999999999993
v -0.3012075352250234 -0.13970588235294112 0.17499999999999993
v -0.29346014700632506 -0.16208057859314406 0.17499999999999993
v -0.26010876436374336 -0.19563069659624516 0.17499999999999993
v 0.2705882352941176 -0.1737782697393673 0.17499999999999993
v 0.33823529411764697 -0.1776818912613717 0.14835651438487887
v 0.3224713984347417 -0.15512708465143543 0.16418068029216742
v 0.33823529411764697 -0.13970588235294112 0.1628928859792554
v 0.3295051188096839 -0.13970588235294112 0.16900817160540416
v 0.30120753522502336 -0.13970588235294112 0.17499999999999993
v 0.3581540862867896 -0.18639657799310227 0.14224240083658538
v 0.4058823529411766 -0.13970588235294112 0.13170535381585444
v 0.3797958516313121 -0.13970588235294112 0.15709591059167685
v 0.40963382105095714 -0.13970588235294112 0.13114619395112265
v -0.40588235294117647 -0.13452192804608826 0.13220842508512534
v -0.40588235294117647 -0.07352941176470584 0.14951692040571413
v -0.37344318829522916 -0.10797191693842745 0.15083557573526196
v -0.3382352941176471 -0.07663939426273468 0.17281807577122416
v -0.3382352941176471 -0.07352941176470584 0.1737408902430505
v -0.34506135124764226 -0.07352941176470584 0.17031503532382314
v -0.33514328787923003 -0.07352941176470584 0.17499999999999993
v -0.3209722166701574 -0.1228180891977882 0.17499999999999993
v 0.33686247803376235 -0.07487238402067992 0.17405778771882446
v 0.33823529411764697 -0.0766393942627346 0.1728180757712242
v 0.33823529411764697 -0.07352941176470584 0.17374089024305053
v 0.33733538362336024 -0.07352941176470584 0.17438235956758577
v 0.33514328787923 -0.07352941176470584 0.17499999999999993
v 0.3284531920648881 -0.08309885942501342 0.17499999999999993
v 0.4058823529411766 -0.13452192804608842 0.1322084250851252
v 0.38231739817507093 -0.09658208490546133 0.15882653725680324
v 0.4058823529411766 -0.07352941176470584 0.14951692040571407
v 0.3901844353455555 -0.07352941176470584 0.1642259633893408
v 0.40989773273457975 -0.13577779342461194 0.13132732588305
v 0.4315191099041693 -0.07352941176470584 0.1461668425118677
v -0.40588235294117647 -0.041154131141456544 0.15128551434202567
v -0.40588235294117647 -0.007352941176470562 0.1575269655532004
v -0.3382352941176471 -0.061357190483923685 0.17499999999999993
v -0.3600799177130844 -0.007352941176470562 0.17499999999999993
v -0.35788096589091667 -0.026571533128582105 0.17499999999999993
v -0.33645742867876166 -0.07179019557449183 0.17499999999999993
v 0.33823529411764697 -0.061357190483924004 0.17499999999999993
v 0.4058823529411766 -0.041154131141456614 0.1512855143420256
v 0.3919528144032252 -0.020979663659249033 0.16543966454382839
v 0.4058823529411766 -0.007352941176470562 0.15752696555320037
v 0.39484156434689766 -0.007352941176470562 0.1674223159026843
v 0.36007991771308445 -0.007352941176470562 0.17499999999999993
v 0.43232416003200835 -0.047662426567152916 0.14671937691637837
v 0.44147297372910843 -0.007352941176470562 0.15299853165879798
v -0.40588235294117647 0.03466838540410192 0.15805305769621114
v -0.40588235294117647 0.05882352941176472 0.1597010210877095
v -0.3664807799651793 0.05882352941176472 0.17499999999999993
v -0.3656849403471797 0.03197061462200454 0.17499999999999993
v 0.4058823529411766 0.034668385404101845 0.15805305769621109
v 0.39528305048202017 0.048454646571285676 0.16772532346747338
v 0.4058823529411766 0.05882352941176472 0.15970102108770945
v 0.396091491324427 0.05882352941176472 0.16828018503943581
v 0.36648077996517936 0.05882352941176472 0.17499999999999993
v 0.3608044923131943 0.01472562227569521 0.17499999999999993
v 0.44170978759859125 0.02769563620578302 0.15316106540151755
v 0.4443328989843935 0.05882352941176472 0.1549613996135123
v -0.40588235294117647 0.10166930884391112 0.15863148334763283
v -0.40588235294117647 0.125 0.15718735840496742
v -0.3566528382628654 0.125 0.17499999999999993
v -0.3580587382291752 0.105607500325679 0.17499999999999993
v 0.4058823529411766 0.10166930884391108 0.1586314833476328
v 0.39520123213042757 0.11455107746774557 0.1676691686361008
v 0.4058823529411766 0.125 0.15718735840496736
v 0.3944860147853302 0.125 0.16717828965080106
v 0.3566528382628655 0.125 0.17499999999999993
v 0.3648094820764692 0.08482001763235157 0.17499999999999993
v 0.4438945355482135 0.09600936022299661 0.15466053526756265
v 0.44165150228618455 0.125 0.15312106212809556
v -0.40588235294117647 0.1632062293516285 0.15537643392606315
v -0.40588235294117647 0.19117647058823528 0.14939616927943108
v -0.34703691048954405 0.18256619370268387 0.1689591390739464
v -0.3382352941176471 0.16529553773379835 0.17499999999999993
v -0.3382352941176471 0.1881044349188416 0.17284469878433006
v -0.3382352941176471 0.19117647058823528 0.1722293986226321
v -0.351816441006359 0.19117647058823528 0.16567877806706413
v -0.3304010448070296 0.19117647058823528 0.17499999999999993
v 0.3365826103958575 0.18955971477344125 0.17386570465057302
v 0.33823529411764697 0.16529553773379863 0.17499999999999993
v 0.33823529411764697 0.18810443491884163 0.1728446987843301
v 0.33823529411764697 0.19117647058823528 0.17222939862263215
v 0.3361720432636399 0.19117647058823528 0.17358391789212552
v 0.3304010448070296 0.19117647058823528 0.17499999999999993
v 0.33382982331872424 0.18686677089363693 0.17499999999999993
v 0.4058823529411766 0.16320622935162846 0.1553764339260631
v 0.3928653634467018 0.17844245912624915 0.16606597926000333
v 0.4058823529411766 0.19117647058823528 0.14939616927943106
v 0.38985002450675454 0.19117647058823528 0.16399644539128175
v 0.3545607355573123 0.14097054053880298 0.17499999999999993
v 0.44065592424520644 0.15901762410176845 0.1524377616713994
v 0.4320244426048526 0.19117647058823528 0.1465136702350075
v -0.40588235294117647 0.21856540320785697 0.14778715590138536
v -0.40588235294117647 0.25735294117647056 0.13208418789581888
v -0.3382352941176471 0.24465659623261363 0.16609240561081778
v -0.3710073214826155 0.22529334918900143 0.1525073973675216
v -0.3382352941176471 0.25735294117647056 0.16154046749427867
v -0.3984540250697531 0.25735294117647056 0.13366975298007627
v -0.29019730173930136 0.25735294117647056 0.17499999999999993
v -0.3114659119533854 0.2173639096619695 0.17499999999999993
v 0.33823529411764697 0.24465659623261365 0.16609240561081778
v 0.33111234853575733 0.25038484223766544 0.17011127026833034
v 0.33823529411764697 0.25735294117647056 0.1615404674942787
v 0.32816806879388005 0.25735294117647056 0.16809050684300464
v 0.29019730173930136 0.25735294117647056 0.17499999999999993
v 0.3159895340376504 0.2355907845764739 0.17499999999999993
v 0.4058823529411766 0.21856540320785695 0.1477871559013853
v 0.38805714644293365 0.2399152391673199 0.1627659297015165
v 0.4058823529411766 0.25735294117647056 0.1320841878958188
v 0.3801155175243145 0.25735294117647056 0.15731530861140833
v 0.4308312003690459 0.21558295176767273 0.1456947058433513
v 0.41017352514687916 0.25735294117647056 0.13151661197969028
v -0.40588235294117647 0.26176798535505447 0.13166896750306994
v -0.40050821266984854 0.2626102523114653 0.13225989130423438
v -0.3382352941176471 0.2991430547433649 0.15789084158185282
v -0.3382352941176471 0.32352941176470584 0.1435772965024053
v -0.2886968004596659 0.3058145110592782 0.16257145061619196
v -0.2705882352941176 0.2780749231007404 0.17499999999999993
v -0.2705882352941176 0.31457173052002363 0.16871540458706416
v -0.2705882352941176 0.32352941176470584 0.16403136721476094
v -0.3089729917160116 0.32352941176470584 0.148655182704228
v -0.21699811192350799 0.32352941176470584 0.17499999999999993
v 0.2647780064697453 0.31784549226260256 0.17101223425407985
v 0.2705882352941176 0.2780749231007404 0.17499999999999993
v 0.2705882352941176 0.31457173052002363 0.16871540458706416
v 0.2705882352941176 0.32352941176470584 0.16403136721476094
v 0.26111656905284597 0.32352941176470584 0.16849926012633212
v 0.21699811192350796 0.32352941176470584 0.17499999999999993
v 0.25353097691825854 0.30684296335353933 0.17499999999999993
v 0.33823529411764697 0.29914305474336494 0.15789084158185285
v 0.32470964361310883 0.31029779714070116 0.16571686720030143
v 0.33823529411764697 0.32352941176470584 0.14357729650240533
v 0.31587360630269984 0.32352941176470584 0.1596523819655176
v 0.28561527362468825 0.2720533047607245 0.17499999999999993
v 0.4058823529411766 0.26176798535505436 0.1316689675030699
v 0.37792321540199736 0.2961780815633349 0.15581065404919686
v 0.35740971278710054 0.32352941176470584 0.14173151095015285
v 0.40989700034045073 0.2612803136322822 0.13132682321502975
v -0.3382352941176471 0.342334728564785 0.14176500004069043
v -0.31690511887910316 0.34439588754154227 0.143211083005336
v -0.2705882352941176 0.3672955820890749 0.15927721791011284
v -0.2705882352941176 0.3897058823529411 0.14105254695487632
v -0.22256767411148226 0.37050604770424045 0.16152963981789567
v -0.2029411764705883 0.33449073682227826 0.17499999999999993
v -0.2029411764705883 0.3779901010710425 0.16678035662444565
v -0.2029411764705883 0.3897058823529411 0.15832524053260863
v -0.24925520940991638 0.3897058823529411 0.1432130395043741
v -0.14247735439811027 0.3826788029225647 0.1700698903044025
v -0.1352941176470588 0.37053382328355455 0.17499999999999993
v -0.1352941176470588 0.3846899274931001 0.17148086976500035
v -0.1352941176470588 0.3897058823529411 0.1679732974850952
v -0.15128228003628005 0.3897058823529411 0.1640267581117456
v -0.18505382044783128 0.3410279122217507 0.17499999999999993
v -0.06899664621522344 0.3883856338175883 0.1740737303926571
v -0.0676470588235294 0.38607498512551786 0.17499999999999993
v -0.0676470588235294 0.3886315602527715 0.17424626925670633
v -0.0676470588235294 0.3897058823529411 0.173481665365784
v -0.07051450110890499 0.3897058823529411 0.17303197284140365
v -0.07386603203766254 0.3836221042086804 0.17499999999999993
v -0.01204717883791448 0.3897058823529411 0.17499999999999993
v 0.06662048156866696 0.38870162199492353 0.17429542368532727
v 0.0676470588235294 0.38607498512551786 0.17499999999999993
v 0.0676470588235294 0.3886315602527715 0.17424626925670633
v 0.0676470588235294 0.3897058823529411 0.173481665365784
v 0.0656054034083018 0.3897058823529411 0.17359873960631889
v 0.012047178837914474 0.3897058823529411 0.17499999999999993
v 0.06451786873303572 0.38664471813397994 0.17499999999999993
v 0.13107703447658822 0.3855804749035677 0.17210566651964593
v 0.1352941176470588 0.37053382328355455 0.17499999999999993
v 0.1352941176470588 0.3846899274931001 0.17148086976500035
v 0.1352941176470588 0.3897058823529411 0.1679732974850952
v 0.1271846582005905 0.3897058823529411 0.16943419087680275
v 0.12247165953883299 0.3771621733340246 0.17499999999999993
v 0.19419413052225376 0.3811489895773964 0.16899659268763362
v 0.2029411764705884 0.33449073682227815 0.17499999999999993
v 0.2029411764705884 0.3779901010710425 0.16678035662444562
v 0.2029411764705884 0.3897058823529411 0.1583252405326086
v 0.18642867745021327 0.3897058823529411 0.16366688731831394
v 0.17420363846963638 0.3615930734389664 0.17499999999999993
v 0.2705882352941176 0.3672955820890749 0.15927721791011284
v 0.2562269593694887 0.3756568080788476 0.16514334789023907
v 0.2705882352941176 0.3897058823529411 0.14105254695487632
v 0.2426840335637131 0.3897058823529411 0.15584835843969122
v 0.2121941283341688 0.3325812125008171 0.17499999999999993
v 0.33823529411764697 0.34233472856478503 0.14176500004069045
v 0.3130263879530221 0.36504499588754724 0.15769823520999346
v 0.2868678995151134 0.3897058823529411 0.13974473848708097
v 0.35594665692122995 0.34085574494212395 0.14072736391177584
v -0.2705882352941176 0.40504829590366875 0.13933547109431998
v -0.2537799330424204 0.4061487867296014 0.14010756148330766
v -0.2029411764705883 0.426867420022896 0.15464349150812706
v -0.1352941176470588 0.4365432974128869 0.1614319642166603
v -0.1635329946136115 0.4282573646043314 0.15561865897637217
v -0.1352941176470588 0.4558823529411764 0.1410681756566639
v -0.0676470588235294 0.4407494266138092 0.164382931052863
v -0.08656283280565262 0.4373777914369254 0.16201743462717624
v -0.0676470588235294 0.4558823529411764 0.14942844011288597
v -0.11625259743044121 0.4558823529411764 0.14164029803687103
v -0.015167126266798267 0.4410449468106129 0.164590264270303
v 0 0.39134178114479196 0.17499999999999993
v 0 0.4419767348372736 0.16524399491757927
v 0 0.4558823529411764 0.15178567944752291
v -0.03683087105560967 0.4558823529411764 0.14972166924444177
v 0.0676470588235294 0.4407494266138092 0.164382931052863
v 0.05314406802181563 0.44169464454819557 0.165046083952861
v 0.0676470588235294 0.4558823529411764 0.14942844011288597
v 0.033392347338973984 0.4558823529411764 0.15148977876370573
v 0.0016311729731640445 0.39130159504407985 0.17499999999999993
v 0.1352941176470588 0.4365432974128869 0.1614319642166603
v 0.11907556505798163 0.44001637758229656 0.16386863316091282
v 0.1352941176470588 0.4558823529411764 0.1410681756566639
v 0.09700570918371348 0.4558823529411764 0.14872130971925676
v 0.2029411764705884 0.426867420022896 0.15464349150812703
v 0.18195070532225088 0.4353481963830202 0.16059349650999194
v 0.15238301880958097 0.4558823529411764 0.14030014645005398
v 0.2705882352941176 0.40504829590366875 0.13933547109431998
v 0.239402718595371 0.4253747822576199 0.15359627580613966
v 0.2853505405608092 0.40414726793992206 0.13870332131658028
v -0.1352941176470588 0.4710892199099417 0.13924037333364167
v -0.1193881916600653 0.47144249792845266 0.13948822870535887
v -0.0676470588235294 0.4817081166654114 0.14669045645414577
v 0 0.4847435343695109 0.1488200669703553
v -0.04106950571564077 0.4818821331554153 0.1468125442137993
v 0.0676470588235294 0.4817081166654114 0.14669045645414577
v 0.029319056308979026 0.4845640384608298 0.14869413492013775
v 0.1352941176470588 0.4710892199099417 0.13924037333364167
v 0.09356670060101867 0.481238524245242 0.1463609963752333
v 0.15036466450084554 0.47062527921118513 0.13891487843070452
v -0.0676470588235294 -0.2720588235294118 0.1864002121123256
v 0 -0.2720588235294118 0.19535234220966372
v -0.04797713187487279 -0.2720588235294118 0.18850016725358107
v 0.0676470588235294 -0.2720588235294118 0.1864002121123256
v 0.025878671751116297 -0.2720588235294118 0.19276144862421335
v 0.08016891632360328 -0.2720588235294118 0.1835941941227215
v -0.2029411764705883 -0.20588235294117652 0.19859504732940547
v -0.17102369106931992 -0.24083519650643193 0.19690610022882082
v -0.1352941176470588 -0.2383290993526712 0.22142857142857153
v -0.1352941176470588 -0.25682471185990874 0.18568805929828625
v -0.17868345977015251 -0.20588235294117652 0.22142857142857153
v -0.16277872231237167 -0.2327694662007217 0.22142857142857153
v -0.0676470588235294 -0.258264681159626 0.22142857142857153
v -0.12867074266398074 -0.2655794349590094 0.1795458567430442
v -0.11676283483456039 -0.2539303946910981 0.22142857142857153
v 0 -0.2627360940838892 0.22142857142857153
v -0.05606576423611026 -0.26072929621563223 0.22142857142857153
v 0.0676470588235294 -0.258264681159626 0.22142857142857153
v 0.011696123118609153 -0.26061696395685935 0.22142857142857153
v 0.1352941176470588 -0.2383290993526712 0.22142857142857153
v 0.1352941176470588 -0.25682471185990874 0.18568805929828625
v 0.09609092036748156 -0.24423330680163252 0.22142857142857153
v 0.2029411764705884 -0.20588235294117652 0.1985950473294054
v 0.18903974461601378 -0.20588235294117652 0.21188752658428273
v 0.17868345977015254 -0.20588235294117652 0.22142857142857153
v 0.22377465523751514 -0.20588235294117652 0.1892987540605305
v -0.2705882352941176 -0.13970588235294112 0.20018999806525337
v -0.2029411764705883 -0.19174796535187297 0.22142857142857153
v -0.2546704925341157 -0.1903106480672616 0.18592491040360373
v -0.25598315469972294 -0.13970588235294112 0.22142857142857153
v -0.24442619604441382 -0.1802890536751619 0.22142857142857153
v -0.19746323265481727 -0.20052349486053095 0.22142857142857153
v 0.2029411764705884 -0.1917479653518729 0.22142857142857153
v 0.23708735890867838 -0.17247847881695788 0.1984357339093724
v 0.2705882352941176 -0.13970588235294112 0.20018999806525337
v 0.2610556010399213 -0.13970588235294112 0.21488598704913864
v 0.2559831546997229 -0.13970588235294112 0.22142857142857153
v 0.2919261898622434 -0.13970588235294112 0.1896449936632168
v -0.2705882352941176 -0.11407099790776848 0.22142857142857153
v -0.3060628801628623 -0.1082328687015213 0.19708106672051995
v -0.3306239763571545 -0.07352941176470584 0.1802239168480399
v -0.30165812916937584 -0.07352941176470584 0.22142857142857153
v -0.2963330682288047 -0.09871457441820404 0.22142857142857153
v -0.2648820145819773 -0.1341237099171517 0.22142857142857153
v 0.2705882352941176 -0.11407099790776848 0.22142857142857153
v 0.29691237339107607 -0.11395400812765562 0.19306718794853364
v 0.3174104298049736 -0.07352941176470584 0.2071357297729789
v 0.3016581291693758 -0.07352941176470584 0.22142857142857153
v -0.3382352941176471 -0.007352941176470562 0.19319443837547595
v -0.33517050198568843 -0.07053124554865935 0.17710347534522622
v -0.32157625978206794 -0.007352941176470562 0.22142857142857153
v -0.31754369252962206 -0.053287627602507465 0.22142857142857153
v 0.3214596897826449 -0.023763858460711752 0.2099148802545483
v 0.33823529411764697 -0.007352941176470562 0.19319443837547606
v 0.3276345153900797 -0.007352941176470562 0.21415288168076912
v 0.3215762597820679 -0.007352941176470562 0.22142857142857153
v 0.30670791902314437 -0.03819493855152746 0.22142857142857153
v 0.35375020836774895 -0.007352941176470562 0.18564843493562894
v -0.3382352941176471 0.01983862876269065 0.1940772601795385
v -0.3382352941176471 0.05882352941176472 0.19819879792451353
v -0.32431428216650154 0.05882352941176472 0.22142857142857153
v -0.32341881669732786 0.007141438908624278 0.22142857142857153
v 0.33823529411764697 0.019838628762690852 0.19407726017953864
v 0.3283229998815432 0.04912671983296752 0.21462541296217727
v 0.33823529411764697 0.05882352941176472 0.19819879792451364
v 0.32947902707155075 0.05882352941176472 0.2154188353503502
v 0.3243142821665015 0.05882352941176472 0.22142857142857153
v 0.32255002193707333 0.04347924140902964 0.22142857142857153
v 0.3539443273745784 0.008014591357484061 0.18578166568255228
v 0.3586776829488804 0.05882352941176472 0.1890303351916229
v -0.3382352941176471 0.08805611496770815 0.19550921081861428
v -0.3382352941176471 0.125 0.1895744349049578
v -0.3152919687884376 0.125 0.22142857142857153
v -0.3186792609152624 0.07795443145757583 0.22142857142857153
v 0.33823529411764697 0.0880561149677083 0.1955092108186144
v 0.3275465935936565 0.11454366253087889 0.21409253783912463
v 0.33823529411764697 0.125 0.1895744349049579
v 0.3252723924930385 0.125 0.21253167310857624
v 0.31529196878843757 0.125 0.22142857142857153
v 0.3215646885350427 0.10869179888658281 0.22142857142857153
v 0.35790181087003947 0.07806251319127906 0.1884978267151513
v 0.3511963335216649 0.125 0.18389562021207437
v -0.3382352941176471 0.14131268573212377 0.18644477316444238
v -0.2901677002918026 0.19117647058823528 0.20799049141463238
v -0.2759215304662766 0.19117647058823528 0.22142857142857153
v -0.2778199985538349 0.18410191957329444 0.22142857142857153
v 0.33823529411764697 0.1413126857321239 0.18644477316444247
v 0.3213921391068253 0.1746994711211271 0.20986851783418764
v 0.31225921136991935 0.19117647058823528 0.20360026618867144
v 0.2759215304662766 0.19117647058823528 0.22142857142857153
v 0.309968488569907 0.16352416081327228 0.22142857142857153
v 0.35027361540874835 0.13677661865433827 0.18326232610351983
v -0.2705882352941176 0.2356309170408788 0.2061886751302674
v -0.2705882352941176 0.1976907412822261 0.22142857142857153
v -0.2705882352941176 0.25735294117647056 0.1884846846243344
v -0.22661168274931864 0.25735294117647056 0.22142857142857153
v 0.26210360226206214 0.24905275668859023 0.21560526739104277
v 0.2705882352941176 0.1976907412822261 0.22142857142857153
v 0.2705882352941176 0.2356309170408788 0.2061886751302674
v 0.2705882352941176 0.25735294117647056 0.1884846846243344
v 0.25212038473309567 0.25735294117647056 0.20875343175780794
v 0.22661168274931864 0.25735294117647056 0.22142857142857153
v 0.2575909429560619 0.24463819867185085 0.22142857142857153
v 0.3075537059817763 0.22733834408703182 0.20037071124836206
v 0.28372401410061354 0.25735294117647056 0.18401555005042114
v 0.27467390636065653 0.19517332271854512 0.22142857142857153
v -0.2705882352941176 0.2705101477512614 0.18423092905723418
v -0.2524035995518872 0.2751422587503916 0.18748075931376681
v -0.2029411764705883 0.2789195046095177 0.22142857142857153
v -0.2029411764705883 0.3040188021167297 0.20774017545332474
v -0.2029411764705883 0.32352941176470584 0.1831064412540632
v -0.14436430291560842 0.31465640443677684 0.21520338216040547
v -0.1352941176470588 0.31658736510580454 0.22142857142857153
v -0.1352941176470588 0.31947779642355095 0.21858600955430096
v -0.1352941176470588 0.32352941176470584 0.211944651119843
v -0.1783494459648163 0.32352941176470584 0.19187817528501738
v -0.1646374645183531 0.2948239637384397 0.22142857142857153
v -0.10647551271988041 0.32352941176470584 0.22142857142857153
v 0.13260287196717357 0.3208966714256877 0.21958147423833974
v 0.1352941176470588 0.31658736510580454 0.22142857142857153
v 0.1352941176470588 0.31947779642355095 0.21858600955430096
v 0.1352941176470588 0.32352941176470584 0.211944651119843
v 0.1266142615429958 0.32352941176470584 0.2154712788850997
v 0.1064755127198804 0.32352941176470584 0.22142857142857153
v 0.13121156708136472 0.319535612298266 0.22142857142857153
v 0.19281253234446777 0.3136209555543705 0.21447692437306637
v 0.2029411764705884 0.2789195046095176 0.22142857142857153
v 0.2029411764705884 0.30401880211672966 0.2077401754533247
v 0.2029411764705884 0.32352941176470584 0.1831064412540631
v 0.17524784456428263 0.32352941176470584 0.20242165729411943
v 0.1866803753756412 0.3076221063457358 0.22142857142857153
v 0.2705882352941176 0.2705101477512614 0.18423092905723418
v 0.24471410723723036 0.2982177647525335 0.20367024130257116
v 0.21139330158174974 0.32352941176470584 0.18080099270051753
v 0.21958485643304115 0.2736348020093048 0.22142857142857153
v 0.2820053936127537 0.26852190040122326 0.18283599996403282
v -0.2029411764705883 0.33108745180793 0.18030262491921434
v -0.19397458960268965 0.3323010728311284 0.18115408601802976
v -0.1352941176470588 0.3573007720605052 0.19869355754086243
v -0.09812099868172375 0.3598944194481858 0.2005132276128542
v -0.0676470588235294 0.3431651450812941 0.22142857142857153
v -0.0676470588235294 0.3685451844691512 0.20658249450057917
v -0.020673969105563537 0.36948134735836813 0.20723929449587103
v 0 0.3532227958026686 0.22142857142857153
v 0 0.3719141664733707 0.20894612949401575
v 0 0.3897058823529411 0.17629003536420826
v -0.04663340627184725 0.3440862457826558 0.22142857142857153
v 0.04857137136138287 0.37104488374866734 0.20833625177287463
v 0.0676470588235294 0.3431651450812941 0.22142857142857153
v 0.0676470588235294 0.3685451844691512 0.20658249450057917
v 0.001762966940185231 0.3897058823529411 0.1762099866266488
v 0.029255721781656703 0.3521491395945874 0.22142857142857153
v 0.1352941176470588 0.3573007720605052 0.19869355754086243
v 0.11128433398919352 0.3662180505137251 0.2049498068683596
v 0.08557019192713641 0.3410629115399736 0.22142857142857153
v 0.2029411764705884 0.33108745180792987 0.18030262491921428
v 0.16694682425506596 0.3544940160551476 0.1967243731688496
v 0.20994430216742982 0.33038029559857246 0.1798064931024905
v 0 0.39087479000632547 0.1758200907663426
v 0.0011781809100189988 0.39085845063448144 0.17580862727054092
v -0.1352941176470588 -0.20588235294117652 0.2559811544622555
v -0.09410208209846303 -0.23176226701448116 0.24970012377714182
v -0.0676470588235294 -0.22971745386432615 0.2678571428571428
v -0.0676470588235294 -0.23759501617458467 0.2456079410330692
v -0.11230398272666836 -0.20588235294117652 0.2678571428571428
v -0.08916626351713008 -0.22693374883709022 0.2678571428571428
v -0.041188153194553975 -0.24617511150106627 0.23958825510560117
v 0 -0.2394768733121081 0.2678571428571428
v 0 -0.24970939614494975 0.23710864587925756
v -0.03299749006999982 -0.23816250627052415 0.2678571428571428
v 0.03133021237632293 -0.24140970272648718 0.24293160538871855
v 0.0676470588235294 -0.22971745386432615 0.2678571428571428
v 0.0676470588235294 -0.23759501617458467 0.2456079410330692
v 0.042030347671301524 -0.23094217906835596 0.2678571428571428
v 0.1352941176470588 -0.20588235294117652 0.2559811544622555
v 0.12779127323449807 -0.20588235294117652 0.2627076751081493
v 0.11230398272666836 -0.20588235294117652 0.2678571428571428
v 0.16771343789860738 -0.20588235294117652 0.2436790986819634
v -0.21378716945094633 -0.1503160928772045 0.2604131538861517
v -0.2029411764705883 -0.15199783315321025 0.2678571428571428
v -0.2029411764705883 -0.16003391488648316 0.25359525336535627
v -0.22352383310883012 -0.13970588235294112 0.2537305369035669
v -0.2154513480750429 -0.13970588235294112 0.2678571428571428
v -0.21186865990449172 -0.14843929006002057 0.2678571428571428
v -0.1352941176470588 -0.19890177613859752 0.2678571428571428
v -0.19205392510241348 -0.19523178095057073 0.22890087749182192
v -0.18457034562814006 -0.1879108879866076 0.2678571428571428
v -0.13136788619350115 -0.20204147434530492 0.2678571428571428
v 0.1352941176470588 -0.19890177613859752 0.2678571428571428
v 0.2029411764705884 -0.1600339148864829 0.25359525336535643
v 0.2029411764705884 -0.15199783315321008 0.2678571428571428
v 0.17459665988643738 -0.16743421379395837 0.2678571428571428
v 0.24713390908539482 -0.13970588235294112 0.25175960840954115
v 0.21545134807504285 -0.13970588235294112 0.2678571428571428
v -0.2705882352941176 -0.07352941176470584 0.253333866184135
v -0.25912943299853547 -0.12849618445508904 0.2292931531283344
v -0.26192817023638437 -0.07352941176470584 0.2678571428571428
v -0.2515005077639187 -0.1210331054212248 0.2678571428571428
v 0.25939729706448655 -0.08447706872847538 0.2601764057492283
v 0.2705882352941176 -0.07352941176470584 0.253333866184135
v 0.2663809284540223 -0.07352941176470584 0.26496951921844386
v 0.26192817023638437 -0.07352941176470584 0.2678571428571428
v 0.22850576791139654 -0.11469704289997655 0.2678571428571428
v 0.2964843823323608 -0.07352941176470584 0.23920201396103033
v -0.2705882352941176 -0.04142194038375002 0.2678571428571428
v -0.2902683267576411 -0.02660520456470003 0.2543499993371469
v -0.29468655751286865 -0.007352941176470562 0.25131761114800005
v -0.28814422068816314 -0.007352941176470562 0.2678571428571428
v -0.2861825954488088 -0.022608293501711958 0.2678571428571428
v -0.26551209044125923 -0.06856361788690962 0.2678571428571428
v 0.2705882352941176 -0.04142194038375002 0.2678571428571428
v 0.2990337169009953 -0.04570231019276026 0.24095171253142852
v 0.31521456124858327 -0.007352941176470562 0.2520571988693693
v 0.2881442206881631 -0.007352941176470562 0.2678571428571428
v -0.30160770151361704 0.028478399414428306 0.24656738498599573
v -0.3029407162752348 0.05882352941176472 0.2456524897614072
v -0.29471907752038645 0.05882352941176472 0.2678571428571428
v -0.29420538065244467 0.03571980025687956 0.2678571428571428
v 0.3157168550304916 0.036794621609112746 0.2524019408749648
v 0.31794964893693933 0.05882352941176472 0.25393438638218513
v 0.29471907752038645 0.05882352941176472 0.2678571428571428
v 0.28857995280077525 0.010247652036564123 0.2678571428571428
v -0.2760207032498427 0.1196856291737472 0.26412864776951783
v -0.2749655253893803 0.125 0.26485285369238176
v -0.2736371389035175 0.125 0.2678571428571428
v -0.2739822994635258 0.12167971983427457 0.2678571428571428
v 0.3163152946916208 0.10355652230062654 0.25281267120139195
v 0.30919269232536023 0.125 0.24792417703075975
v 0.2736371389035175 0.125 0.2678571428571428
v 0.29300067698544247 0.08074874410979994 0.2678571428571428
v -0.2705882352941176 0.1701099085917744 0.2530771104723243
v -0.2705882352941176 0.1296760387058934 0.2678571428571428
v -0.2705882352941176 0.19117647058823528 0.2268261631627849
v -0.2467316936591005 0.19117647058823528 0.2678571428571428
v 0.2643982766886125 0.18512107630024116 0.26360875511858184
v 0.2705882352941176 0.1296760387058934 0.2678571428571428
v 0.2705882352941176 0.1701099085917744 0.2530771104723243
v 0.2705882352941176 0.19117647058823528 0.2268261631627849
v 0.2594362208355815 0.19117647058823528 0.26020312051137734
v 0.24673169365910047 0.19117647058823528 0.2678571428571428
v 0.2592494572912328 0.18008418775932622 0.2678571428571428
v 0.306044531910887 0.15968550755988312 0.2457634830816958
v 0.27487555025007987 0.19117647058823528 0.22437110746977545
v 0.27313431098050395 0.1274907262149432 0.2678571428571428
v -0.2705882352941176 0.19595057075165967 0.22477801947973594
v -0.2605740483414229 0.20097295782456706 0.22830166247374395
v -0.2029411764705883 0.2380287650319066 0.2678571428571428
v -0.2029411764705883 0.24874893865425868 0.26182068394473385
v -0.2029411764705883 0.25735294117647056 0.2428494927443653
v -0.17830276697527092 0.25735294117647056 0.2678571428571428
v 0.1989814906935492 0.25347933552501917 0.2651394703207277
v 0.2029411764705884 0.2380287650319065 0.2678571428571428
v 0.2029411764705884 0.24874893865425862 0.2618206839447338
v 0.2029411764705884 0.25735294117647056 0.24284949274436515
v 0.19269027357279417 0.25735294117647056 0.26082158527822197
v 0.17830276697527092 0.25735294117647056 0.2678571428571428
v 0.19584344868850356 0.25040951182443105 0.2678571428571428
v 0.2705882352941176 0.19595057075165967 0.22477801947973594
v 0.2536517511998039 0.24078464151898973 0.25623303420856103
v 0.22168517540984062 0.25735294117647056 0.23429324150799619
v 0.23814209024080515 0.22561214710257788 0.2678571428571428
v 0.27423974203263546 0.19474859674548106 0.22393472978016302
v -0.2029411764705883 0.2749108000789489 0.23374694227761186
v -0.18041166266473754 0.27939268294306363 0.23689137438227648
v -0.1352941176470588 0.29073008469637474 0.2678571428571428
v -0.1352941176470588 0.3080099198543016 0.2569688644057163
v -0.07789320957513904 0.31350600342073986 0.2608248468443921
v -0.0676470588235294 0.3118703433514048 0.2678571428571428
v -0.0676470588235294 0.3176326121059899 0.2637200230965834
v -0.0676470588235294 0.32352941176470584 0.2432214155746265
v -0.09227690851506978 0.2994349935881989 0.2678571428571428
v -0.0038569260524950744 0.31975633193074326 0.2652099979577595
v 0 0.317271549843421 0.2678571428571428
v 0 0.3203202328862803 0.2656056237075173
v 0 0.32352941176470584 0.25490655765175396
v -0.0278243330864563 0.32352941176470584 0.24876031797482348
v -0.007897758148330651 0.31580334401090415 0.2678571428571428
v 0.06249389227037245 0.31848827057140017 0.2643203422104109
v 0.0676470588235294 0.3118703433514048 0.2678571428571428
v 0.0676470588235294 0.3176326121059899 0.2637200230965834
v 0.0676470588235294 0.32352941176470584 0.2432214155746265
v 0.04160654996287094 0.32352941176470584 0.24998461969501393
v 0.057868705659581084 0.313963631495626 0.2678571428571428
v 0.12556919209140255 0.31401589763417254 0.2611825821496893
v 0.1352941176470588 0.29073008469637474 0.2678571428571428
v 0.1352941176470588 0.3080099198543016 0.2569688644057163
v 0.09065465501334052 0.32352941176470584 0.23721949924828656
v 0.11713103608719103 0.30576117980396567 0.2678571428571428
v 0.2029411764705884 0.2749108000789488 0.23374694227761178
v 0.18281178369551299 0.30383761448474084 0.254041627940088
v 0.16397279974306947 0.28540817366169835 0.2678571428571428
v 0.21798906340860918 0.27207370013757787 0.23175646898541188
v -0.0676470588235294 0.3402422313558543 0.2331540734274407
v 0 0.34922396372472947 0.23945554280369916
v -0.05005658717006331 0.3407374818604879 0.23350153489259634
v 0.0676470588235294 0.3402422313558543 0.2331540734274407
v 0.02563748961986818 0.34860956465370735 0.239024488217363
v 0.0835508329047636 0.3390874516267828 0.23234389463339372
v -0.0676470588235294 -0.20588235294117652 0.2811862824652528
v 0 -0.20588235294117652 0.2871008376320149
v -0.047691266732498766 -0.20588235294117652 0.28155350947862656
v 0.0676470588235294 -0.20588235294117652 0.2811862824652528
v 0.027411116870430675 -0.20588235294117652 0.2866703628210098
v 0.08581473465037626 -0.20588235294117652 0.2803262619805377
v -0.2029411764705883 -0.13970588235294112 0.27370748251789195
v -0.1352941176470588 -0.13970588235294112 0.3000885640321621
v -0.1919938636393846 -0.13970588235294112 0.27537067122886955
v -0.0676470588235294 -0.15929834336897217 0.30053989243002266
v -0.0676470588235294 -0.13970588235294112 0.312060610654443
v -0.07359139627303962 -0.13970588235294112 0.31020590504241685
v 0 -0.15075081341340602 0.3142857142857143
v -0.036012079747559274 -0.13970588235294112 0.3142857142857143
v -0.010934387461071643 -0.1504025657387721 0.3142857142857143
v 0.054177829512657406 -0.15288230233096808 0.30504130534874935
v 0.0676470588235294 -0.15929834336897217 0.30053989243002266
v 0.0676470588235294 -0.13970588235294112 0.312060610654443
v 0.06497795860645804 -0.13970588235294112 0.31245381631064356
v 0.036012079747559274 -0.13970588235294112 0.3142857142857143
v 0.09079024301631874 -0.18324228144823038 0.28374112952362246
v 0.1352941176470588 -0.13970588235294112 0.3000885640321621
v 0.1226378309198941 -0.13970588235294112 0.3055992566251447
v 0.2029411764705884 -0.13970588235294112 0.2737074825178919
v 0.17784277593615389 -0.13970588235294112 0.29705979342201855
v 0.21040645305101585 -0.13970588235294112 0.272980826472902
v -0.2029411764705883 -0.12921467972899903 0.27521763739648
v -0.2029411764705883 -0.07352941176470584 0.29936857061611094
v -0.1352941176470588 -0.10607867567016696 0.3142857142857143
v -0.16815252534939892 -0.07352941176470584 0.3142857142857143
v -0.1636751762527853 -0.1012934908355252 0.3142857142857143
v -0.0676470588235294 -0.13790319106827026 0.3142857142857143
v -0.1276158972217794 -0.1321945797629939 0.3142857142857143
v -0.0664612930843996 -0.13854589412987936 0.3142857142857143
v 0.0676470588235294 -0.13790319106827026 0.3142857142857143
v 0.1352941176470588 -0.10607867567016696 0.3142857142857143
v 0.08011516490205589 -0.12750882205873043 0.3142857142857143
v 0.2029411764705884 -0.1292146797289992 0.27521763739647986
v 0.181902206525628 -0.09411101279781922 0.2998459243545458
v 0.2029411764705884 -0.07352941176470584 0.29936857061611094
v 0.1934599577337152 -0.07352941176470584 0.3077784181961212
v 0.16815252534939895 -0.07352941176470584 0.3142857142857143
v 0.21100576782915978 -0.13181660819781693 0.27339215742311884
v 0.24371872378023018 -0.07352941176470584 0.29584421725289084
v -0.2705882352941176 -0.007352941176470562 0.2772963687004482
v -0.2029411764705883 -0.01993110429733043 0.30546103476282527
v -0.2029411764705883 -0.007352941176470562 0.3089561240510023
v -0.24359879219606728 -0.007352941176470562 0.2863809531822022
v -0.19688969162262654 -0.007352941176470562 0.3142857142857143
v -0.19175220751629451 -0.06258368126594022 0.3142857142857143
v 0.1978835610123272 -0.01230060847259562 0.31081449373827413
v 0.2029411764705884 -0.019931104297330512 0.3054610347628252
v 0.2029411764705884 -0.007352941176470562 0.30895612405100226
v 0.19977126106462723 -0.007352941176470562 0.3121100891157844
v 0.1968896916226266 -0.007352941176470562 0.3142857142857143
v 0.17965705256974135 -0.030130888470777405 0.3142857142857143
v 0.24494593702590464 -0.0324377981779833 0.2966864971513196
v 0.2705882352941176 -0.007352941176470562 0.2772963687004482
v 0.2535248435622082 -0.007352941176470562 0.30257450443244727
v 0.28247295699314806 -0.007352941176470562 0.2760140481226264
v -0.2705882352941176 0.006274424123823804 0.27741792930592074
v -0.2705882352941176 0.05882352941176472 0.2810484219105102
v -0.244370332141819 0.018295007559473754 0.28585141800204344
v -0.2029411764705883 0.050899645212117095 0.3087264177519932
v -0.2029411764705883 0.05882352941176472 0.30922846126499426
v -0.23730568067998017 0.05882352941176472 0.2907001384152931
v -0.1951654993849765 0.05882352941176472 0.3142857142857143
v -0.19548846204667308 -0.00006224228351003891 0.3142857142857143
v 0.2029411764705884 0.05089964521211704 0.3087264177519932
v 0.19962366434063605 0.05557813711072439 0.3120087882586352
v 0.2029411764705884 0.05882352941176472 0.30922846126499426
v 0.19972979642841382 0.05882352941176472 0.3120816304679485
v 0.19516549938497654 0.05882352941176472 0.3142857142857143
v 0.19662107559198033 0.05264082203051771 0.3142857142857143
v 0.2705882352941176 0.006274424123823804 0.27741792930592074
v 0.253729293254662 0.0423310861122972 0.3027148254946593
v 0.2705882352941176 0.05882352941176472 0.2810484219105102
v 0.2550453088842922 0.05882352941176472 0.3036180536131322
v 0.28251399746669825 0.00431356529670617 0.27604221565260967
v 0.2872790355914538 0.05882352941176472 0.27931263001773693
v -0.2705882352941176 0.07689768535126949 0.28053774115120805
v -0.2705882352941176 0.125 0.2694615321291732
v -0.24718477520034843 0.08171821863393022 0.2839197660892018
v -0.2029411764705883 0.11289737622831125 0.30579466713160885
v -0.2029411764705883 0.125 0.3034659769079065
v -0.2673430930165327 0.125 0.2700843988923796
v -0.16087302275510607 0.125 0.3142857142857143
v -0.1709307595986836 0.09013806765601926 0.3142857142857143
v 0.2029411764705884 0.11289737622831122 0.3057946671316088
v 0.19728443774323517 0.11946623385367622 0.3104032942274998
v 0.2029411764705884 0.125 0.30346597690790644
v 0.1953360493510818 0.125 0.3090660462937548
v 0.1608730227551061 0.125 0.3142857142857143
v 0.18994554494226848 0.11228688220055663 0.3142857142857143
v 0.2705882352941176 0.07689768535126949 0.28053774115120805
v 0.25438042180356185 0.10914453028097804 0.30316171807014647
v 0.2705882352941176 0.125 0.2694615321291732
v 0.25032114804008143 0.125 0.30037569477285087
v 0.2871174782058864 0.0749934409558864 0.2792017474642885
v 0.27260966876353954 0.125 0.2692445242134852
v -0.2705882352941176 0.12709601977452603 0.2693276837148261
v -0.2679871059120199 0.1275445830911825 0.26964239004175017
v -0.2029411764705883 0.17285441803918922 0.3014311948782883
v -0.2029411764705883 0.19117647058823528 0.29066294349510163
v -0.14903205510406403 0.17773718394551277 0.30485688143478834
v -0.1352941176470588 0.152812934527073 0.3142857142857143
v -0.1352941176470588 0.18482155435620065 0.3098271857546678
v -0.1352941176470588 0.19117647058823528 0.3066788275101966
v -0.16289992117442448 0.19117647058823528 0.29533887397655956
v -0.0689421369120654 0.18990954637118918 0.3133968563429613
v -0.0676470588235294 0.18888853724089769 0.3142857142857143
v -0.0676470588235294 0.19039489417976632 0.31373737020231224
v -0.0676470588235294 0.19117647058823528 0.3132986075861592
v -0.06999783331641864 0.19117647058823528 0.3126722945250667
v -0.08132465651352908 0.177796211978453 0.3142857142857143
v -0.04228147539468545 0.19117647058823528 0.3142857142857143
v 0.06696985597673044 0.1905139895424537 0.3138209259964516
v 0.0676470588235294 0.18888853724089769 0.3142857142857143
v 0.0676470588235294 0.19039489417976632 0.31373737020231224
v 0.0676470588235294 0.19117647058823528 0.3132986075861592
v 0.06640349801423438 0.19117647058823528 0.3134322144756081
v 0.04228147539468546 0.19117647058823528 0.3142857142857143
v 0.06620498585421873 0.18976574703130095 0.3142857142857143
v 0.13116252796503697 0.18713469807321392 0.31145005801327075
v 0.1352941176470588 0.152812934527073 0.3142857142857143
v 0.1352941176470588 0.18482155435620065 0.3098271857546678
v 0.1352941176470588 0.19117647058823528 0.3066788275101966
v 0.1281419078031458 0.19117647058823528 0.3093768994549541
v 0.12425981703746719 0.18038204607885222 0.3142857142857143
v 0.2029411764705884 0.17285441803918916 0.3014311948782883
v 0.1936304408660575 0.1820681422794551 0.30789542680558596
v 0.2029411764705884 0.19117647058823528 0.2906629434951016
v 0.18755578257001376 0.19117647058823528 0.30372617375146893
v 0.15731208422196355 0.14653931512762416 0.3142857142857143
v 0.2705882352941176 0.12709601977452603 0.2693276837148261
v 0.2490196323233403 0.17007675029073568 0.2994824184579447
v 0.23278949228585746 0.19117647058823528 0.28834309874277786
v 0.27259490723398355 0.12696304863682542 0.26923439285313777
v -0.2029411764705883 0.22068852683085458 0.28856242676069477
v -0.17038389307001284 0.22302598695836337 0.29020235910412157
v -0.1352941176470588 0.24183525241385295 0.3033987008998778
v -0.1352941176470588 0.25735294117647056 0.28645095142485455
v -0.0676470588235294 0.24813967199001147 0.307821801618389
v -0.08194717664608103 0.24336369548049613 0.3044710371466338
v -0.0676470588235294 0.25735294117647056 0.2990316462057346
v -0.10600989358035662 0.25735294117647056 0.28795594260478624
v -0.008843393145764052 0.24870179570778833 0.3082161804807023
v 0 0.20401794261890668 0.3142857142857143
v 0 0.2497577659980374 0.3089570358271945
v 0 0.25735294117647056 0.30200886011154937
v -0.021153227309875178 0.25735294117647056 0.29976750547986825
v 0.0676470588235294 0.24813967199001147 0.307821801618389
v 0.05936875094545318 0.24925459651313514 0.30860401850604086
v 0.0676470588235294 0.25735294117647056 0.2990316462057346
v 0.048785732799724126 0.25735294117647056 0.3013405184743448
v 0.012374024952679202 0.20328149499846493 0.3142857142857143
v 0.1352941176470588 0.24183525241385295 0.3033987008998778
v 0.1247415985336302 0.24702982465246434 0.30704314681966544
v 0.1352941176470588 0.25735294117647056 0.28645095142485455
v 0.11103419820683544 0.25735294117647056 0.29763527268233114
v 0.2029411764705884 0.22068852683085452 0.2885624267606947
v 0.18528862634994062 0.24008414214540214 0.30217014417185356
v 0.16011355498769092 0.25735294117647056 0.28489160140459524
v 0.23172366315117182 0.2193332510366322 0.2876115824733197
v -0.1352941176470588 0.28083715764009487 0.2843333709157491
v -0.1105273317220667 0.28158131871178893 0.2848554648739852
v -0.0676470588235294 0.29754047860546345 0.29605220879938865
v 0 0.3014688463414583 0.2988083017189279
v -0.026219245993995215 0.29788014937927576 0.29629051750101565
v 0.0676470588235294 0.29754047860546345 0.29605220879938865
v 0.04477079432307141 0.3011504573620839 0.2985849240540335
v 0.1352941176470588 0.28083715764009487 0.2843333709157491
v 0.10793668209893104 0.29676670307632 0.2955093377138626
v 0.15877317700010174 0.28032158619575165 0.28397165253733686
v 0 -0.13970588235294112 0.3304154824741802
v 0.014881829761790455 -0.13970588235294112 0.3244996409234649
v -0.14396448543691165 -0.08201129329825754 0.35476350533677803
v -0.1352941176470588 -0.0814741817869317 0.36071428571428577
v -0.1352941176470588 -0.08441494112780455 0.35307713654208
v -0.14619561205401585 -0.07352941176470584 0.35323220414926243
v -0.14333302629380945 -0.07352941176470584 0.36071428571428577
v -0.14267203478276402 -0.08074693939746097 0.36071428571428577
v -0.12569731984467303 -0.13031771058973768 0.3208723363798983
v -0.0676470588235294 -0.13127809084616424 0.36071428571428577
v -0.0676470588235294 -0.13739659825027917 0.3159058786878993
v -0.12226460756518999 -0.1269596224902434 0.36071428571428577
v 0 -0.13669033696204475 0.36071428571428577
v -0.06616965820104298 -0.13826059913529137 0.3152997066384146
v -0.06205480412869067 -0.13423519841233802 0.36071428571428577
v 0.0676470588235294 -0.13127809084616424 0.36071428571428577
v 0.0676470588235294 -0.13739659825027917 0.3159058786878993
v 0.004854928093014014 -0.13495649617499264 0.36071428571428577
v 0.10324783635513561 -0.10487903476767417 0.338719788305854
v 0.1352941176470588 -0.0814741817869317 0.36071428571428577
v 0.1352941176470588 -0.08441494112780455 0.35307713654208
v 0.12295849802961008 -0.08559686573829697 0.36071428571428577
v 0.1622646723146695 -0.07352941176470584 0.3327965608122421
v 0.14333302629380945 -0.07352941176470584 0.36071428571428577
v -0.18783972613589053 -0.0587562538285885 0.3246503742980379
v -0.19450522671469708 -0.007352941176470562 0.3200756052672421
v -0.18674624888044408 -0.007352941176470562 0.36071428571428577
v -0.18329127370601941 -0.05430668079936676 0.36071428571428577
v 0.16661891986084726 -0.04288558351208677 0.33578503505977403
v 0.19087698448310902 -0.007352941176470562 0.3524342036359226
v 0.18674624888044417 -0.007352941176470562 0.36071428571428577
v 0.1453894192024844 -0.06365357328657212 0.36071428571428577
v -0.1902211578443344 0.005090555305734313 0.3230159134049755
v -0.18972007174766176 0.05882352941176472 0.32335982653343714
v -0.17840560687629028 0.05882352941176472 0.36071428571428577
v -0.18004552166779048 0.015044982000179435 0.36071428571428577
v 0.1897848008054586 0.0459531619132682 0.35168459931057866
v 0.1871599232451819 0.05882352941176472 0.349883052910513
v 0.17840560687629034 0.05882352941176472 0.36071428571428577
v 0.18539813449038983 0.0416618579093966 0.36071428571428577
v -0.1352941176470588 0.10559602253109902 0.36071428571428577
v -0.1352941176470588 0.11298671721380904 0.35228591906111684
v -0.1352941176470588 0.125 0.3326077625209922
v -0.10968543802831016 0.125 0.36071428571428577
v 0.13173841747768067 0.12152159766039099 0.35827388280300454
v 0.1352941176470588 0.10559602253109902 0.36071428571428577
v 0.1352941176470588 0.11298671721380904 0.35228591906111684
v 0.1352941176470588 0.125 0.3326077625209922
v 0.12324282794226243 0.125 0.3524430589293168
v 0.10968543802831016 0.125 0.36071428571428577
v 0.13048034531044805 0.12029087488809821 0.36071428571428577
v 0.18396748341027516 0.1064387785279545 0.34769196842754907
v 0.1535963945326949 0.125 0.32684721488113533
v 0.17441620308775926 0.09709513473418897 0.36071428571428577
v -0.1352941176470588 0.14283336624426138 0.3267973775872437
v -0.11588736583582984 0.1439848659022892 0.32760525512509814
v -0.0676470588235294 0.15830288072184917 0.36071428571428577
v -0.0676470588235294 0.1739742742522036 0.3486454432055143
v -0.0164057815504152 0.1751273364628291 0.34945441701042934
v 0 0.1724884133321689 0.36071428571428577
v 0 0.1803898940807635 0.35314656060904365
v 0 0.19117647058823528 0.3215817466346419
v -0.03203883548454385 0.15983413152726847 0.36071428571428577
v 0.055738769359387985 0.17952705698201 0.35254120505721975
v 0.0676470588235294 0.15830288072184917 0.36071428571428577
v 0.0676470588235294 0.1739742742522036 0.3486454432055143
v 0.00982636918767069 0.19117647058823528 0.32102989934930193
v 0.047248370400152694 0.17122123191319286 0.36071428571428577
v 0.1352941176470588 0.14283336624426138 0.3267973775872437
v 0.1165584272926016 0.17284807785017933 0.34785531811076076
v 0.10022468417172983 0.15686941610150043 0.36071428571428577
v 0.15352378091897048 0.14283336624426138 0.3267973775872437
v 0 0.20009870163574697 0.32054543829047644
v 0.009120502848567514 0.20009870163574697 0.32054543829047644
v -0.1352941176470588 -0.07352941176470584 0.36850123333041
v -0.1034484681412681 -0.10855252957553718 0.3825710824247819
v -0.0676470588235294 -0.10975559137172858 0.40714285714285725
v -0.0676470588235294 -0.11638540625312792 0.3770756356128849
v -0.10986771431990848 -0.07352941176470584 0.40714285714285725
v -0.10167110562340967 -0.10681380537328437 0.40714285714285725
v -0.05437743534902288 -0.12672472895396736 0.3698216980989626
v 0 -0.12357714557325128 0.40714285714285725
v 0 -0.13212977622722244 0.36602958556756776
v -0.04935004834531756 -0.12180663297208172 0.40714285714285725
v 0.015137930233630852 -0.12489703755917181 0.37110398317277155
v 0.0676470588235294 -0.10975559137172858 0.40714285714285725
v 0.0676470588235294 -0.11638540625312792 0.3770756356128849
v 0.028285891177997825 -0.11203490185272585 0.40714285714285725
v 0.1352941176470588 -0.07352941176470584 0.36850123333041
v 0.1258875556071053 -0.07352941176470584 0.40068680058748546
v 0.10986771431990848 -0.07352941176470584 0.40714285714285725
v 0.14268237347577234 -0.07352941176470584 0.3657851072613221
v -0.1352941176470588 -0.026430479179832156 0.40714285714285725
v -0.1497208600913586 -0.021466058785024708 0.3972412730428875
v -0.15292789747780752 -0.007352941176470562 0.39504016974349243
v -0.14958730663202952 -0.007352941176470562 0.40714285714285725
v -0.14866919939688109 -0.020437260279557563 0.40714285714285725
v -0.12678510612021715 -0.06520537874931728 0.40714285714285725
v 0.1352941176470588 -0.026430479179832156 0.40714285714285725
v 0.14324976754858187 -0.06574671077408545 0.36617452990135596
v 0.18312625667763097 -0.007352941176470562 0.3935431761669455
v 0.14958730663202952 -0.007352941176470562 0.40714285714285725
v -0.1352941176470588 0.05487622876713091 0.4043734811350348
v -0.1352941176470588 0.03475553169061322 0.40714285714285725
v -0.1352941176470588 0.05882352941176472 0.40280329726304753
v -0.1322281008969281 0.05882352941176472 0.40714285714285725
v 0.13431543739962903 0.057866124821887785 0.4064711542401182
v 0.1352941176470588 0.03475553169061322 0.40714285714285725
v 0.1352941176470588 0.05487622876713091 0.4043734811350348
v 0.1352941176470588 0.05882352941176472 0.40280329726304753
v 0.13403016713088312 0.05882352941176472 0.40627536315504725
v 0.1322281008969281 0.05882352941176472 0.40714285714285725
v 0.13311333927499408 0.05669015926517969 0.40714285714285725
v 0.18255485002876415 0.03888038397954541 0.39315099955390337
v 0.17505966728497624 0.05882352941176472 0.38800679027944024
v 0.1491366618293888 0.006188678132330514 0.40714285714285725
v -0.1352941176470588 0.09970112450081312 0.38939348734818957
v -0.08057948876896265 0.1123487098359892 0.3982668726150909
v -0.0676470588235294 0.11850460139332594 0.40714285714285725
v -0.0676470588235294 0.12223228458298083 0.4052010631518692
v -0.0676470588235294 0.125 0.3951806129165638
v -0.025948807451815804 0.125 0.40714285714285725
v 0.06570859505393142 0.12310367674713242 0.40581242082894065
v 0.0676470588235294 0.11850460139332594 0.40714285714285725
v 0.0676470588235294 0.12223228458298083 0.4052010631518692
v 0.0676470588235294 0.125 0.3951806129165638
v 0.05873167358075938 0.125 0.40102391261288156
v 0.025948807451815804 0.125 0.40714285714285725
v 0.06354620395948275 0.120988294154737 0.40714285714285725
v 0.1352941176470588 0.09970112450081312 0.38939348734818957
v 0.1283556787289737 0.11821239671056893 0.4023807608667802
v 0.10308707791388226 0.125 0.38503802552474536
v 0.12029166465904645 0.11032368729433575 0.40714285714285725
v 0.17432632650601113 0.09700721199117449 0.38750347253983997
v -0.0676470588235294 0.1568789238317347 0.3830801338628997
v -0.03473007122408833 0.15720140091249668 0.3833063796878152
v 0 0.1362448580323219 0.40714285714285725
v 0 0.17028101571531198 0.39248287134312376
v 0.0676470588235294 0.1568789238317347 0.3830801338628997
v 0.04600107040479154 0.17000104713512215 0.39228644894241915
v 0.01130976965333984 0.13606390509565855 0.40714285714285725
v 0.10022468417172983 0.15686941610150043 0.3830734633601004
v -0.0676470588235294 -0.07352941176470584 0.4311922585106433
v 0 -0.07352941176470584 0.4404108762488444
v -0.03170532282602196 -0.07352941176470584 0.4318109430293452
v 0.0676470588235294 -0.07352941176470584 0.4311922585106433
v 0.04772935352421596 -0.07352941176470584 0.4399012022635147
v 0.10161727417089868 -0.07352941176470584 0.4304578186079771
v -0.1352941176470588 -0.007352941176470562 0.4165374082894208
v -0.0676470588235294 -0.035851181619090074 0.43357742495930507
v -0.0676470588235294 -0.007352941176470562 0.4464654780402516
v -0.11879755324391372 -0.007352941176470562 0.41846503333259344
v -0.023454456736784403 -0.030297518418977043 0.43747380453779705
v 0 -0.02007537868915129 0.44464552796729384
v 0 -0.007352941176470562 0.45013885380955876
v -0.007612531014003596 -0.007352941176470562 0.4483466790245503
v 0.0676470588235294 -0.035851181619090074 0.43357742495930507
v 0.05051345648357615 -0.024114073900337867 0.44181203069214386
v 0.0676470588235294 -0.007352941176470562 0.4464654780402516
v 0.060736781076052 -0.007352941176470562 0.44882866030374996
v 0.10213265078471725 -0.039793506585282926 0.43081153982429354
v 0.1352941176470588 -0.007352941176470562 0.4165374082894208
v 0.12265602103631626 -0.007352941176470562 0.4448974554317574
v 0.14865234024647409 -0.007352941176470562 0.4163110782436981
v -0.1352941176470588 0.0058651733173291625 0.41641651842263416
v -0.12013476468213723 0.007476860637039666 0.41754725778027235
v -0.0676470588235294 0.04771196466522114 0.44577569584448845
v -0.0676470588235294 0.05882352941176472 0.44320132304043325
v 0 0.05258347392389426 0.4491934848799385
v -0.009598912545896836 0.0494332888777352 0.4469833550539031
v 0 0.05882352941176472 0.44787891721058143
v -0.01290193216813925 0.05882352941176472 0.4447163757479541
v 0.0676470588235294 0.04771196466522114 0.44577569584448845
v 0.060021507820922484 0.05136375125704057 0.44833774294541573
v 0.0676470588235294 0.05882352941176472 0.44320132304043325
v 0.05779199945892744 0.05882352941176472 0.44680755242367376
v 0.1352941176470588 0.0058651733173291625 0.41641651842263416
v 0.12248857866545276 0.04629637171236752 0.44478253380454985
v 0.11840321918363803 0.05882352941176472 0.44197860695522984
v 0.14865234024647409 0.005714885279479142 0.4163110782436981
v -0.0676470588235294 0.10838908293701736 0.4419174200923201
v 0 0.11422318948280341 0.44601055516095095
v -0.016710723365192276 0.10865255322970321 0.442102267504014
v 0 0.125 0.41508759433406495
v 0.0676470588235294 0.10838908293701736 0.4419174200923201
v 0.056433009653653325 0.11402973450772994 0.44587482960701047
v 0.011372745224354512 0.125 0.4149483748278956
v 0.11822173986235116 0.108298760862786 0.44185405127198635
v 0 0.13605860369521602 0.4149014330687072
v 0.011304350443998596 0.13605860369521602 0.4149014330687072
f 1 2 3
f 1 3 4
f 1 4 5
f 1 5 6
f 1 6 7
f 1 7 2
f 8 9 10
f 8 10 11
f 8 11 12
f 12 4 3
f 12 3 8
f 13 2 3
f 13 3 8
f 8 13 9
f 14 15 16
f 14 16 17
f 14 17 18
f 18 11 10
f 18 10 14
f 19 9 10
f 19 10 14
f 14 19 15
f 20 21 22
f 20 22 23
f 20 23 24
f 24 17 16
f 24 16 20
f 25 15 16
f 25 16 20
f 20 25 21
f 26 27 28
f 26 28 29
f 26 29 30
f 23 22 26
f 23 26 30
f 21 22 26
f 21 26 31
f 26 31 27
f 28 29 32
f 28 27 32
f 33 4 5
f 33 5 34
f 34 33 35
f 34 35 36
f 34 36 37
f 34 37 38
f 38 6 5
f 38 5 34
f 39 11 12
f 39 12 40
f 40 39 41
f 40 41 42
f 42 35 33
f 42 33 40
f 33 4 40
f 4 12 40
f 43 17 18
f 43 18 44
f 44 43 45
f 44 45 46
f 46 41 39
f 46 39 44
f 39 11 44
f 11 18 44
f 47 23 24
f 47 24 48
f 48 47 49
f 48 49 50
f 50 45 43
f 50 43 48
f 43 17 48
f 17 24 48
f 51 29 30
f 51 30 52
f 52 51 53
f 52 53 54
f 49 47 52
f 49 52 54
f 47 23 52
f 23 30 52
f 51 53 55
f 55 51 29
f 55 29 56
f 29 32 56
f 35 36 57
f 35 57 58
f 57 58 59
f 57 59 60
f 57 60 61
f 57 61 62
f 62 37 36
f 62 36 57
f 63 41 42
f 63 42 64
f 64 63 65
f 64 65 66
f 66 59 58
f 66 58 64
f 58 35 64
f 35 42 64
f 67 45 46
f 67 46 68
f 68 67 69
f 68 69 70
f 65 63 68
f 65 68 70
f 63 41 68
f 41 46 68
f 49 50 71
f 49 71 72
f 71 72 73
f 71 73 74
f 69 67 71
f 69 71 74
f 67 45 71
f 45 50 71
f 53 54 75
f 53 75 76
f 75 76 77
f 75 77 78
f 73 72 75
f 73 75 78
f 72 49 75
f 49 54 75
f 76 77 79
f 80 79 76
f 80 76 53
f 53 55 80
f 60 59 81
f 60 61 81
f 65 66 82
f 65 82 83
f 82 83 84
f 82 84 85
f 82 85 86
f 86 81 59
f 86 59 82
f 59 66 82
f 69 70 87
f 69 87 88
f 87 88 89
f 87 89 90
f 90 84 83
f 90 83 87
f 83 65 87
f 65 70 87
f 73 74 91
f 73 91 92
f 91 92 93
f 91 93 94
f 89 88 91
f 89 91 94
f 88 69 91
f 69 74 91
f 78 77 95
f 92 93 96
f 97 96 92
f 97 92 73
f 97 73 78
f 97 78 95
f 77 95 98
f 77 79 98
f 85 84 99
f 85 86 99
f 90 89 100
f 84 99 101
f 100 101 84
f 100 84 90
f 94 93 102
f 89 100 103
f 103 89 94
f 103 94 102
f 93 102 104
f 93 96 104
f 105 106 107
f 105 107 108
f 105 108 109
f 105 109 110
f 105 110 111
f 105 111 106
f 112 113 114
f 112 114 115
f 112 115 116
f 116 108 107
f 116 107 112
f 117 106 107
f 117 107 112
f 112 117 113
f 118 119 120
f 118 120 121
f 118 121 122
f 122 115 114
f 122 114 118
f 113 114 118
f 113 118 123
f 118 123 119
f 120 121 124
f 120 119 124
f 125 126 127
f 127 2 7
f 127 7 125
f 128 6 7
f 128 7 125
f 125 128 129
f 125 129 130
f 125 130 126
f 131 108 109
f 131 109 132
f 131 9 13
f 131 13 132
f 13 2 132
f 2 127 132
f 133 126 127
f 133 127 132
f 133 110 109
f 133 109 132
f 134 115 116
f 134 116 135
f 134 15 19
f 134 19 135
f 19 9 135
f 9 131 135
f 131 108 135
f 108 116 135
f 136 121 122
f 136 122 137
f 21 25 137
f 21 137 136
f 25 15 137
f 15 134 137
f 134 115 137
f 115 122 137
f 138 139 140
f 140 27 31
f 140 31 138
f 31 21 138
f 21 136 138
f 136 121 138
f 139 124 121
f 139 121 138
f 27 32 141
f 142 141 27
f 142 27 140
f 140 139 142
f 128 6 143
f 6 38 143
f 144 37 38
f 144 38 143
f 143 144 145
f 143 145 146
f 146 129 128
f 146 128 143
f 141 32 147
f 32 56 147
f 55 56 147
f 55 147 148
f 147 148 149
f 147 149 150
f 142 141 147
f 142 147 150
f 144 37 151
f 37 62 151
f 152 61 62
f 152 62 151
f 151 152 153
f 151 153 154
f 154 145 144
f 154 144 151
f 148 55 155
f 55 80 155
f 79 80 155
f 79 155 156
f 155 156 157
f 155 157 158
f 158 149 148
f 158 148 155
f 152 61 159
f 81 61 159
f 81 159 160
f 159 160 161
f 159 161 162
f 159 162 163
f 163 153 152
f 163 152 159
f 81 86 164
f 81 160 164
f 97 95 165
f 97 96 165
f 156 79 166
f 79 98 166
f 98 95 166
f 167 165 95
f 167 95 166
f 166 167 168
f 168 157 156
f 168 156 166
f 161 160 169
f 161 162 169
f 170 164 86
f 170 86 171
f 86 99 171
f 160 169 172
f 170 172 160
f 170 160 164
f 173 174 175
f 100 101 173
f 100 173 175
f 101 99 173
f 99 171 173
f 170 171 173
f 170 173 176
f 173 176 174
f 177 178 179
f 102 103 177
f 102 177 179
f 103 100 177
f 100 175 177
f 180 174 175
f 180 175 177
f 177 180 178
f 181 165 96
f 181 96 182
f 96 104 182
f 104 102 182
f 102 179 182
f 178 179 182
f 178 182 183
f 182 183 181
f 165 181 184
f 165 167 184
f 185 186 187
f 185 187 188
f 185 188 189
f 185 189 190
f 185 190 191
f 185 191 186
f 192 193 194
f 194 106 111
f 194 111 192
f 195 110 111
f 195 111 192
f 195 188 187
f 195 187 192
f 196 186 187
f 196 187 192
f 192 196 193
f 197 198 199
f 199 113 117
f 199 117 197
f 117 106 197
f 106 194 197
f 200 193 194
f 200 194 197
f 197 200 198
f 201 202 203
f 203 119 123
f 203 123 201
f 123 113 201
f 113 199 201
f 204 198 199
f 204 199 201
f 201 204 202
f 205 206 207
f 205 207 208
f 124 119 205
f 124 205 208
f 119 203 205
f 202 203 205
f 202 205 209
f 205 209 206
f 207 208 210
f 207 206 210
f 211 212 213
f 211 213 214
f 211 214 215
f 211 215 216
f 211 216 217
f 211 217 212
f 218 188 189
f 218 189 219
f 218 126 130
f 218 130 219
f 220 129 130
f 220 130 219
f 220 214 213
f 220 213 219
f 221 212 213
f 221 213 219
f 221 190 189
f 221 189 219
f 195 110 222
f 110 133 222
f 133 126 222
f 126 218 222
f 218 188 222
f 188 195 222
f 124 208 223
f 124 139 223
f 224 225 226
f 224 226 227
f 142 139 224
f 142 224 227
f 139 223 224
f 223 208 224
f 210 208 224
f 210 224 225
f 226 227 228
f 226 225 228
f 229 214 215
f 229 215 230
f 230 229 231
f 230 231 232
f 230 232 233
f 230 233 234
f 234 216 215
f 234 215 230
f 220 129 235
f 129 146 235
f 236 145 146
f 236 146 235
f 236 231 229
f 236 229 235
f 229 214 235
f 214 220 235
f 142 227 237
f 237 142 150
f 237 150 238
f 150 149 238
f 237 238 239
f 239 237 227
f 239 227 240
f 227 228 240
f 241 231 232
f 241 232 242
f 242 241 243
f 242 243 244
f 242 244 245
f 242 245 246
f 246 233 232
f 246 232 242
f 236 145 247
f 145 154 247
f 153 154 247
f 153 247 248
f 243 241 247
f 243 247 248
f 241 231 247
f 231 236 247
f 149 238 249
f 250 249 149
f 250 149 158
f 158 157 250
f 249 250 251
f 251 249 238
f 251 238 252
f 238 239 252
f 243 244 253
f 243 253 254
f 253 254 255
f 253 255 256
f 253 256 257
f 253 257 258
f 245 244 253
f 245 253 258
f 248 153 259
f 153 163 259
f 162 163 259
f 162 259 260
f 260 255 254
f 260 254 259
f 254 243 259
f 243 248 259
f 157 250 261
f 262 261 157
f 262 157 168
f 168 167 262
f 261 262 263
f 264 263 261
f 264 261 250
f 250 251 264
f 256 255 265
f 256 257 265
f 260 162 266
f 169 162 266
f 169 266 267
f 266 267 268
f 266 268 269
f 269 265 255
f 269 255 266
f 255 260 266
f 172 170 270
f 271 270 172
f 271 172 169
f 169 267 271
f 176 174 272
f 273 272 176
f 273 176 170
f 170 270 273
f 180 178 274
f 274 180 174
f 274 174 275
f 174 272 275
f 183 181 276
f 277 276 183
f 277 183 178
f 178 274 277
f 278 262 167
f 278 167 279
f 167 184 279
f 184 181 279
f 280 276 181
f 280 181 279
f 279 280 281
f 279 281 278
f 262 278 282
f 262 263 282
f 268 267 283
f 268 269 283
f 271 270 284
f 267 283 285
f 284 285 267
f 284 267 271
f 273 272 286
f 270 284 287
f 286 287 270
f 286 270 273
f 275 274 288
f 272 286 289
f 289 272 275
f 289 275 288
f 277 276 290
f 274 288 291
f 291 274 277
f 291 277 290
f 276 290 292
f 276 280 292
f 293 294 295
f 293 295 296
f 293 296 297
f 293 297 298
f 293 298 299
f 293 299 294
f 300 301 302
f 300 302 303
f 300 303 304
f 304 296 295
f 304 295 300
f 305 294 295
f 305 295 300
f 300 305 301
f 306 307 308
f 306 308 309
f 306 309 310
f 303 302 306
f 303 306 310
f 301 302 306
f 301 306 311
f 306 311 307
f 308 309 312
f 308 307 312
f 313 314 315
f 313 315 316
f 313 316 317
f 313 317 318
f 313 318 319
f 313 319 314
f 320 321 322
f 320 322 323
f 320 323 324
f 324 316 315
f 324 315 320
f 325 314 315
f 325 315 320
f 320 325 321
f 326 296 297
f 326 297 327
f 327 326 328
f 327 328 329
f 329 323 322
f 329 322 327
f 330 321 322
f 330 322 327
f 330 298 297
f 330 297 327
f 331 303 304
f 331 304 332
f 332 331 333
f 332 333 334
f 334 328 326
f 334 326 332
f 326 296 332
f 296 304 332
f 335 309 310
f 335 310 336
f 336 335 337
f 336 337 338
f 338 333 331
f 338 331 336
f 331 303 336
f 303 310 336
f 339 340 341
f 339 341 342
f 339 342 343
f 343 337 335
f 343 335 339
f 335 309 339
f 340 312 309
f 340 309 339
f 344 345 346
f 344 346 347
f 344 347 348
f 342 341 344
f 342 344 348
f 349 340 341
f 349 341 344
f 344 349 345
f 346 347 350
f 346 345 350
f 351 352 353
f 351 353 354
f 351 354 355
f 351 355 356
f 351 356 357
f 351 357 352
f 358 316 317
f 358 317 359
f 359 358 360
f 359 360 361
f 361 354 353
f 361 353 359
f 362 352 353
f 362 353 359
f 362 318 317
f 362 317 359
f 363 323 324
f 363 324 364
f 363 186 191
f 363 191 364
f 365 190 191
f 365 191 364
f 365 360 358
f 365 358 364
f 358 316 364
f 316 324 364
f 366 328 329
f 366 329 367
f 366 193 196
f 366 196 367
f 196 186 367
f 186 363 367
f 363 323 367
f 323 329 367
f 368 333 334
f 368 334 369
f 368 198 200
f 368 200 369
f 200 193 369
f 193 366 369
f 366 328 369
f 328 334 369
f 337 338 370
f 337 370 371
f 371 202 204
f 371 204 370
f 204 198 370
f 198 368 370
f 368 333 370
f 333 338 370
f 372 342 343
f 372 343 373
f 372 206 209
f 372 209 373
f 209 202 373
f 202 371 373
f 371 337 373
f 337 343 373
f 374 347 348
f 374 348 375
f 375 374 376
f 376 210 206
f 376 206 375
f 206 372 375
f 372 342 375
f 342 348 375
f 377 378 379
f 377 379 380
f 377 380 381
f 376 374 377
f 376 377 381
f 374 347 377
f 378 350 347
f 378 347 377
f 379 380 382
f 379 378 382
f 383 354 355
f 383 355 384
f 384 383 385
f 384 385 386
f 384 386 387
f 384 387 388
f 388 356 355
f 388 355 384
f 389 360 361
f 389 361 390
f 389 212 217
f 389 217 390
f 391 216 217
f 391 217 390
f 391 385 383
f 391 383 390
f 383 354 390
f 354 361 390
f 365 190 392
f 190 221 392
f 221 212 392
f 212 389 392
f 389 360 392
f 360 365 392
f 210 376 393
f 210 225 393
f 394 380 381
f 394 381 395
f 395 394 396
f 396 228 225
f 396 225 395
f 225 393 395
f 393 376 395
f 376 381 395
f 394 396 397
f 398 397 394
f 398 394 380
f 380 382 398
f 399 400 401
f 399 401 402
f 399 402 403
f 399 403 404
f 399 404 405
f 399 405 400
f 406 385 386
f 406 386 407
f 407 406 408
f 407 408 409
f 409 402 401
f 409 401 407
f 410 400 401
f 410 401 407
f 410 387 386
f 410 386 407
f 391 216 411
f 216 234 411
f 412 233 234
f 412 234 411
f 412 408 406
f 412 406 411
f 406 385 411
f 385 391 411
f 228 396 413
f 413 228 240
f 413 240 414
f 240 239 414
f 415 416 417
f 415 417 418
f 415 418 419
f 414 413 415
f 414 415 419
f 413 396 415
f 416 397 396
f 416 396 415
f 417 418 420
f 417 416 420
f 421 402 403
f 421 403 422
f 422 421 423
f 422 423 424
f 422 424 425
f 422 425 426
f 426 404 403
f 426 403 422
f 427 408 409
f 427 409 428
f 428 427 429
f 428 429 430
f 430 423 421
f 430 421 428
f 421 402 428
f 402 409 428
f 412 233 431
f 233 246 431
f 432 245 246
f 432 246 431
f 432 429 427
f 432 427 431
f 427 408 431
f 408 412 431
f 239 414 433
f 433 239 252
f 433 252 434
f 252 251 434
f 435 418 419
f 435 419 436
f 436 435 437
f 436 437 438
f 434 433 436
f 434 436 438
f 433 414 436
f 414 419 436
f 435 437 439
f 439 435 418
f 439 418 440
f 418 420 440
f 423 424 441
f 423 441 442
f 441 442 443
f 441 443 444
f 441 444 445
f 441 445 446
f 425 424 441
f 425 441 446
f 447 429 430
f 447 430 448
f 448 447 449
f 448 449 450
f 450 443 442
f 450 442 448
f 442 423 448
f 423 430 448
f 432 245 451
f 245 258 451
f 452 257 258
f 452 258 451
f 452 449 447
f 452 447 451
f 447 429 451
f 429 432 451
f 251 434 453
f 453 251 264
f 453 264 454
f 264 263 454
f 437 438 455
f 437 455 456
f 455 456 457
f 455 457 458
f 454 453 455
f 454 455 458
f 453 434 455
f 434 438 455
f 456 457 459
f 460 459 456
f 460 456 437
f 437 439 460
f 444 443 461
f 444 445 461
f 449 450 462
f 449 462 463
f 462 463 464
f 462 464 465
f 462 465 466
f 466 461 443
f 466 443 462
f 443 450 462
f 452 257 467
f 468 265 257
f 468 257 467
f 467 468 469
f 469 464 463
f 469 463 467
f 463 449 467
f 449 452 467
f 265 269 470
f 265 468 470
f 281 278 471
f 281 280 471
f 263 454 472
f 472 263 282
f 472 282 473
f 473 282 278
f 473 278 474
f 278 471 474
f 458 457 475
f 472 473 476
f 477 476 472
f 477 472 454
f 477 454 458
f 477 458 475
f 457 475 478
f 457 459 478
f 465 464 479
f 465 466 479
f 480 468 469
f 480 469 481
f 481 480 482
f 481 482 483
f 481 483 484
f 484 479 464
f 484 464 481
f 464 469 481
f 470 269 485
f 486 283 269
f 486 269 485
f 485 486 487
f 482 480 485
f 482 485 487
f 480 468 485
f 468 470 485
f 285 284 488
f 488 285 283
f 488 283 489
f 283 486 489
f 287 286 490
f 490 287 284
f 490 284 491
f 284 488 491
f 289 288 492
f 492 289 286
f 492 286 493
f 286 490 493
f 291 290 494
f 494 291 288
f 494 288 495
f 288 492 495
f 280 471 496
f 496 280 292
f 496 292 497
f 497 292 290
f 497 290 498
f 290 494 498
f 474 473 499
f 496 497 500
f 501 500 496
f 501 496 471
f 499 501 471
f 499 471 474
f 473 499 502
f 473 476 502
f 483 482 503
f 483 484 503
f 486 487 504
f 486 504 505
f 504 505 506
f 504 506 507
f 504 507 508
f 508 503 482
f 508 482 504
f 482 487 504
f 509 488 489
f 509 489 510
f 510 509 511
f 510 511 512
f 512 506 505
f 512 505 510
f 505 486 510
f 486 489 510
f 513 490 491
f 513 491 514
f 514 513 515
f 514 515 516
f 511 509 514
f 511 514 516
f 509 488 514
f 488 491 514
f 492 493 517
f 492 517 518
f 517 518 519
f 517 519 520
f 515 513 517
f 515 517 520
f 513 490 517
f 490 493 517
f 494 495 521
f 494 521 522
f 521 522 523
f 521 523 524
f 519 518 521
f 519 521 524
f 518 492 521
f 492 495 521
f 498 497 525
f 522 523 526
f 527 526 522
f 527 522 494
f 525 527 494
f 525 494 498
f 497 525 528
f 497 500 528
f 507 506 529
f 507 508 529
f 512 511 530
f 506 529 531
f 530 531 506
f 530 506 512
f 516 515 532
f 511 530 533
f 532 533 511
f 532 511 516
f 520 519 534
f 515 532 535
f 534 535 515
f 534 515 520
f 524 523 536
f 519 534 537
f 537 519 524
f 537 524 536
f 523 536 538
f 523 526 538
f 539 540 541
f 539 541 542
f 539 542 543
f 539 543 544
f 539 544 545
f 539 545 540
f 546 547 548
f 548 294 299
f 548 299 546
f 549 298 299
f 549 299 546
f 549 542 541
f 549 541 546
f 550 540 541
f 550 541 546
f 546 550 547
f 551 552 553
f 553 301 305
f 553 305 551
f 305 294 551
f 294 548 551
f 554 547 548
f 554 548 551
f 551 554 552
f 555 556 557
f 557 307 311
f 557 311 555
f 311 301 555
f 301 553 555
f 558 552 553
f 558 553 555
f 555 558 556
f 559 560 561
f 559 561 562
f 562 312 307
f 562 307 559
f 307 557 559
f 563 556 557
f 563 557 559
f 559 563 560
f 561 562 564
f 561 560 564
f 565 566 567
f 565 567 568
f 565 568 569
f 565 569 570
f 565 570 571
f 565 571 566
f 572 573 574
f 574 314 319
f 574 319 572
f 575 318 319
f 575 319 572
f 575 568 567
f 575 567 572
f 576 566 567
f 576 567 572
f 572 576 573
f 577 542 543
f 577 543 578
f 577 321 325
f 577 325 578
f 325 314 578
f 314 574 578
f 579 573 574
f 579 574 578
f 579 544 543
f 579 543 578
f 549 298 580
f 298 330 580
f 330 321 580
f 321 577 580
f 577 542 580
f 542 549 580
f 312 562 581
f 312 340 581
f 582 583 584
f 345 349 582
f 345 582 584
f 349 340 582
f 340 581 582
f 581 562 582
f 583 564 562
f 583 562 582
f 585 586 587
f 585 587 588
f 350 345 585
f 350 585 588
f 345 584 585
f 589 583 584
f 589 584 585
f 585 589 586
f 587 588 590
f 587 586 590
f 591 592 593
f 591 593 594
f 591 594 595
f 591 595 596
f 591 596 597
f 591 597 592
f 598 568 569
f 598 569 599
f 598 352 357
f 598 357 599
f 600 356 357
f 600 357 599
f 600 594 593
f 600 593 599
f 601 592 593
f 601 593 599
f 601 570 569
f 601 569 599
f 575 318 602
f 318 362 602
f 362 352 602
f 352 598 602
f 598 568 602
f 568 575 602
f 350 588 603
f 350 378 603
f 604 605 606
f 604 606 607
f 382 378 604
f 382 604 607
f 378 603 604
f 603 588 604
f 590 588 604
f 590 604 605
f 606 607 608
f 606 605 608
f 609 594 595
f 609 595 610
f 610 609 611
f 610 611 612
f 610 612 613
f 610 613 614
f 614 596 595
f 614 595 610
f 600 356 615
f 356 388 615
f 616 387 388
f 616 388 615
f 616 611 609
f 616 609 615
f 609 594 615
f 594 600 615
f 382 607 617
f 617 382 398
f 617 398 618
f 398 397 618
f 617 618 619
f 619 617 607
f 619 607 620
f 607 608 620
f 621 611 612
f 621 612 622
f 621 400 405
f 621 405 622
f 623 404 405
f 623 405 622
f 622 623 624
f 622 624 625
f 625 613 612
f 625 612 622
f 616 387 626
f 387 410 626
f 410 400 626
f 400 621 626
f 621 611 626
f 611 616 626
f 397 618 627
f 397 416 627
f 416 420 628
f 628 416 627
f 628 627 629
f 629 627 618
f 629 618 630
f 618 619 630
f 623 404 631
f 404 426 631
f 632 425 426
f 632 426 631
f 631 632 633
f 631 633 634
f 634 624 623
f 634 623 631
f 628 420 635
f 420 440 635
f 439 440 635
f 439 635 636
f 635 636 637
f 635 637 638
f 629 628 635
f 629 635 638
f 632 425 639
f 425 446 639
f 640 445 446
f 640 446 639
f 639 640 641
f 639 641 642
f 642 633 632
f 642 632 639
f 636 439 643
f 439 460 643
f 644 459 460
f 644 460 643
f 643 644 645
f 643 645 646
f 637 636 643
f 637 643 646
f 640 445 647
f 648 461 445
f 648 445 647
f 647 648 649
f 647 649 650
f 647 650 651
f 641 640 647
f 641 647 651
f 461 466 652
f 461 648 652
f 477 475 653
f 477 476 653
f 644 459 654
f 459 478 654
f 478 475 654
f 653 475 654
f 653 654 655
f 654 655 656
f 645 644 654
f 645 654 656
f 649 648 657
f 649 650 657
f 652 466 658
f 659 479 466
f 659 466 658
f 658 659 660
f 658 660 661
f 661 657 648
f 661 648 658
f 648 652 658
f 479 484 662
f 479 659 662
f 501 499 663
f 501 500 663
f 664 653 476
f 664 476 665
f 476 502 665
f 502 499 665
f 666 663 499
f 666 499 665
f 665 666 667
f 665 667 664
f 653 664 668
f 653 655 668
f 660 659 669
f 660 661 669
f 662 484 670
f 503 484 670
f 503 670 671
f 670 671 672
f 670 672 673
f 669 659 670
f 669 670 673
f 659 662 670
f 503 508 674
f 503 671 674
f 527 525 675
f 527 526 675
f 676 663 500
f 676 500 677
f 500 528 677
f 528 525 677
f 678 675 525
f 678 525 677
f 677 678 679
f 677 679 676
f 663 676 680
f 663 666 680
f 672 671 681
f 672 673 681
f 682 674 508
f 682 508 683
f 508 529 683
f 671 681 684
f 682 684 671
f 682 671 674
f 531 530 685
f 686 685 531
f 686 531 529
f 687 686 529
f 687 529 683
f 683 682 687
f 533 532 688
f 689 688 533
f 689 533 530
f 530 685 689
f 535 534 690
f 691 690 535
f 691 535 532
f 532 688 691
f 692 693 694
f 536 537 692
f 536 692 694
f 537 534 692
f 695 690 534
f 695 534 692
f 692 695 696
f 692 696 693
f 697 675 526
f 697 526 698
f 526 538 698
f 538 536 698
f 536 694 698
f 699 693 694
f 699 694 698
f 698 699 697
f 675 697 700
f 675 678 700
f 686 685 701
f 686 687 701
f 689 688 702
f 685 701 703
f 702 703 685
f 702 685 689
f 691 690 704
f 688 702 705
f 705 688 691
f 705 691 704
f 690 704 706
f 690 695 706
f 707 708 709
f 707 709 710
f 707 710 711
f 707 711 712
f 707 712 713
f 707 713 708
f 709 710 714
f 709 708 714
f 715 716 717
f 715 717 718
f 715 718 719
f 715 719 720
f 715 720 721
f 715 721 716
f 722 723 724
f 724 540 545
f 724 545 722
f 725 544 545
f 725 545 722
f 725 718 717
f 725 717 722
f 726 716 717
f 726 717 722
f 722 726 723
f 727 728 729
f 729 547 550
f 729 550 727
f 550 540 727
f 540 724 727
f 730 723 724
f 730 724 727
f 727 730 728
f 731 710 711
f 731 711 732
f 731 552 554
f 731 554 732
f 554 547 732
f 547 729 732
f 733 728 729
f 733 729 732
f 733 712 711
f 733 711 732
f 734 735 736
f 556 558 734
f 556 734 736
f 558 552 734
f 552 731 734
f 731 710 734
f 735 714 710
f 735 710 734
f 737 738 739
f 739 560 563
f 739 563 737
f 563 556 737
f 556 736 737
f 740 735 736
f 740 736 737
f 737 740 738
f 741 742 743
f 741 743 744
f 744 564 560
f 744 560 741
f 560 739 741
f 745 738 739
f 745 739 741
f 741 745 742
f 743 744 746
f 743 742 746
f 747 748 749
f 749 566 571
f 749 571 747
f 750 570 571
f 750 571 747
f 747 750 751
f 747 751 752
f 747 752 748
f 753 718 719
f 753 719 754
f 753 573 576
f 753 576 754
f 576 566 754
f 566 749 754
f 755 748 749
f 755 749 754
f 755 720 719
f 755 719 754
f 725 544 756
f 544 579 756
f 579 573 756
f 573 753 756
f 753 718 756
f 718 725 756
f 564 744 757
f 564 583 757
f 758 759 760
f 586 589 758
f 586 758 760
f 589 583 758
f 583 757 758
f 757 744 758
f 746 744 758
f 746 758 759
f 586 590 761
f 762 761 586
f 762 586 760
f 760 759 762
f 763 764 765
f 765 592 597
f 765 597 763
f 766 596 597
f 766 597 763
f 763 766 767
f 763 767 768
f 763 768 764
f 750 570 769
f 570 601 769
f 601 592 769
f 592 765 769
f 770 764 765
f 770 765 769
f 770 751 750
f 770 750 769
f 771 772 761
f 771 761 590
f 590 605 771
f 761 762 772
f 605 608 773
f 774 773 605
f 774 605 771
f 771 772 774
f 766 596 775
f 596 614 775
f 776 613 614
f 776 614 775
f 775 776 777
f 775 777 778
f 778 767 766
f 778 766 775
f 773 608 779
f 608 620 779
f 619 620 779
f 619 779 780
f 779 780 781
f 779 781 782
f 774 773 779
f 774 779 782
f 783 784 785
f 783 785 786
f 783 786 787
f 783 787 788
f 783 788 789
f 783 789 784
f 776 613 790
f 613 625 790
f 791 624 625
f 791 625 790
f 791 786 785
f 791 785 790
f 792 784 785
f 792 785 790
f 792 777 776
f 792 776 790
f 793 794 780
f 793 780 619
f 795 793 619
f 795 619 630
f 630 629 795
f 780 781 794
f 793 795 796
f 793 794 796
f 797 786 787
f 797 787 798
f 798 797 799
f 798 799 800
f 798 800 801
f 798 801 802
f 802 788 787
f 802 787 798
f 791 624 803
f 624 634 803
f 804 633 634
f 804 634 803
f 804 799 797
f 804 797 803
f 797 786 803
f 786 791 803
f 629 795 805
f 806 805 629
f 806 629 638
f 638 637 806
f 805 806 807
f 807 805 795
f 807 795 808
f 795 796 808
f 799 800 809
f 799 809 810
f 809 810 811
f 809 811 812
f 809 812 813
f 809 813 814
f 801 800 809
f 801 809 814
f 804 633 815
f 633 642 815
f 641 642 815
f 641 815 816
f 816 811 810
f 816 810 815
f 810 799 815
f 799 804 815
f 637 806 817
f 818 817 637
f 818 637 646
f 646 645 818
f 817 818 819
f 820 819 817
f 820 817 806
f 806 807 820
f 812 811 821
f 812 813 821
f 816 641 822
f 641 651 822
f 823 650 651
f 823 651 822
f 822 823 824
f 824 821 811
f 824 811 822
f 811 816 822
f 825 818 645
f 825 645 826
f 645 656 826
f 655 656 826
f 655 826 827
f 826 827 828
f 826 828 829
f 826 829 825
f 818 825 830
f 818 819 830
f 823 650 831
f 832 657 650
f 832 650 831
f 831 832 833
f 831 833 834
f 831 834 835
f 835 824 823
f 835 823 831
f 657 661 836
f 657 832 836
f 667 664 837
f 667 666 837
f 827 655 838
f 655 668 838
f 668 664 838
f 839 837 664
f 839 664 838
f 838 839 840
f 840 828 827
f 840 827 838
f 833 832 841
f 833 834 841
f 836 661 842
f 669 661 842
f 669 842 843
f 842 843 844
f 842 844 845
f 845 841 832
f 845 832 842
f 832 836 842
f 669 673 846
f 669 843 846
f 679 676 847
f 679 678 847
f 848 837 666
f 848 666 849
f 666 680 849
f 680 676 849
f 850 847 676
f 850 676 849
f 849 850 851
f 849 851 848
f 837 848 852
f 837 839 852
f 844 843 853
f 844 845 853
f 846 673 854
f 681 673 854
f 681 854 855
f 854 855 856
f 854 856 857
f 853 843 854
f 853 854 857
f 843 846 854
f 684 682 858
f 859 858 684
f 859 684 681
f 681 855 859
f 682 687 860
f 682 858 860
f 696 693 861
f 696 695 861
f 699 697 862
f 863 862 699
f 863 699 693
f 693 861 863
f 864 847 678
f 864 678 865
f 678 700 865
f 700 697 865
f 866 862 697
f 866 697 865
f 865 866 867
f 865 867 864
f 847 864 868
f 847 850 868
f 856 855 869
f 856 857 869
f 859 858 870
f 855 869 871
f 870 871 855
f 870 855 859
f 872 860 687
f 872 687 873
f 687 701 873
f 858 870 874
f 872 874 858
f 872 858 860
f 875 876 877
f 702 703 875
f 702 875 877
f 703 701 875
f 701 873 875
f 872 873 875
f 872 875 878
f 875 878 876
f 879 880 881
f 881 704 705
f 881 705 879
f 705 702 879
f 702 877 879
f 876 877 879
f 876 879 882
f 879 882 880
f 861 695 883
f 861 883 884
f 695 706 883
f 706 704 883
f 704 881 883
f 880 881 883
f 880 883 885
f 883 885 884
f 863 862 886
f 861 884 887
f 887 861 863
f 887 863 886
f 862 886 888
f 862 866 888
f 889 890 891
f 889 891 892
f 889 892 893
f 889 893 894
f 889 894 895
f 889 895 890
f 896 897 898
f 896 898 899
f 896 899 900
f 900 892 891
f 900 891 896
f 901 890 891
f 901 891 896
f 896 901 897
f 902 903 904
f 902 904 905
f 902 905 906
f 906 899 898
f 906 898 902
f 907 897 898
f 907 898 902
f 902 907 903
f 908 909 910
f 908 910 911
f 908 911 912
f 912 905 904
f 912 904 908
f 913 903 904
f 913 904 908
f 908 913 909
f 914 915 916
f 914 916 917
f 914 917 918
f 911 910 914
f 911 914 918
f 909 910 914
f 909 914 919
f 914 919 915
f 916 917 920
f 916 915 920
f 921 922 923
f 921 923 924
f 921 924 925
f 921 925 926
f 921 926 927
f 921 927 922
f 928 929 930
f 928 930 931
f 928 931 932
f 932 924 923
f 932 923 928
f 933 922 923
f 933 923 928
f 928 933 929
f 934 892 893
f 934 893 935
f 935 934 936
f 935 936 937
f 937 931 930
f 937 930 935
f 938 929 930
f 938 930 935
f 938 894 893
f 938 893 935
f 939 899 900
f 939 900 940
f 940 939 941
f 940 941 942
f 942 936 934
f 942 934 940
f 934 892 940
f 892 900 940
f 943 905 906
f 943 906 944
f 943 708 713
f 943 713 944
f 945 712 713
f 945 713 944
f 945 941 939
f 945 939 944
f 939 899 944
f 899 906 944
f 946 911 912
f 946 912 947
f 947 946 948
f 948 714 708
f 948 708 947
f 708 943 947
f 943 905 947
f 905 912 947
f 949 917 918
f 949 918 950
f 950 949 951
f 950 951 952
f 952 948 946
f 952 946 950
f 946 911 950
f 911 918 950
f 953 954 955
f 953 955 956
f 953 956 957
f 957 951 949
f 957 949 953
f 949 917 953
f 954 920 917
f 954 917 953
f 958 959 960
f 958 960 961
f 958 961 962
f 956 955 958
f 956 958 962
f 963 954 955
f 963 955 958
f 958 963 959
f 960 961 964
f 960 959 964
f 965 966 967
f 965 967 968
f 965 968 969
f 965 969 970
f 965 970 971
f 965 971 966
f 972 924 925
f 972 925 973
f 973 972 974
f 973 974 975
f 975 968 967
f 975 967 973
f 976 966 967
f 976 967 973
f 976 926 925
f 976 925 973
f 977 931 932
f 977 932 978
f 977 716 721
f 977 721 978
f 979 720 721
f 979 721 978
f 979 974 972
f 979 972 978
f 972 924 978
f 924 932 978
f 980 936 937
f 980 937 981
f 980 723 726
f 980 726 981
f 726 716 981
f 716 977 981
f 977 931 981
f 931 937 981
f 982 941 942
f 982 942 983
f 982 728 730
f 982 730 983
f 730 723 983
f 723 980 983
f 980 936 983
f 936 942 983
f 945 712 984
f 712 733 984
f 733 728 984
f 728 982 984
f 982 941 984
f 941 945 984
f 714 948 985
f 714 735 985
f 951 952 986
f 951 986 987
f 738 740 986
f 738 986 987
f 740 735 986
f 735 985 986
f 985 948 986
f 948 952 986
f 956 957 988
f 956 988 989
f 742 745 988
f 742 988 989
f 745 738 988
f 738 987 988
f 987 951 988
f 951 957 988
f 990 961 962
f 990 962 991
f 991 990 992
f 992 746 742
f 992 742 991
f 742 989 991
f 989 956 991
f 956 962 991
f 993 994 995
f 993 995 996
f 993 996 997
f 997 992 990
f 997 990 993
f 990 961 993
f 994 964 961
f 994 961 993
f 995 996 998
f 995 994 998
f 999 1000 1001
f 999 1001 1002
f 999 1002 1003
f 999 1003 1004
f 999 1004 1005
f 999 1005 1000
f 1006 968 969
f 1006 969 1007
f 1007 1006 1008
f 1007 1008 1009
f 1009 1002 1001
f 1009 1001 1007
f 1010 1000 1001
f 1010 1001 1007
f 1010 970 969
f 1010 969 1007
f 1011 974 975
f 1011 975 1012
f 1011 748 752
f 1011 752 1012
f 1013 751 752
f 1013 752 1012
f 1013 1008 1006
f 1013 1006 1012
f 1006 968 1012
f 968 975 1012
f 979 720 1014
f 720 755 1014
f 755 748 1014
f 748 1011 1014
f 1011 974 1014
f 974 979 1014
f 746 992 1015
f 746 759 1015
f 996 997 1016
f 996 1016 1017
f 1016 1017 1018
f 1018 762 759
f 1018 759 1016
f 759 1015 1016
f 1015 992 1016
f 992 997 1016
f 1019 1020 1021
f 1019 1021 1022
f 1019 1022 1023
f 1023 1018 1017
f 1023 1017 1019
f 1017 996 1019
f 1020 998 996
f 1020 996 1019
f 1021 1022 1024
f 1021 1020 1024
f 1025 1026 1027
f 1025 1027 1028
f 1025 1028 1029
f 1025 1029 1030
f 1025 1030 1031
f 1025 1031 1026
f 1032 1002 1003
f 1032 1003 1033
f 1033 1032 1034
f 1033 1034 1035
f 1035 1028 1027
f 1035 1027 1033
f 1036 1026 1027
f 1036 1027 1033
f 1036 1004 1003
f 1036 1003 1033
f 1037 1008 1009
f 1037 1009 1038
f 1037 764 768
f 1037 768 1038
f 1039 767 768
f 1039 768 1038
f 1039 1034 1032
f 1039 1032 1038
f 1032 1002 1038
f 1002 1009 1038
f 1013 751 1040
f 751 770 1040
f 770 764 1040
f 764 1037 1040
f 1037 1008 1040
f 1008 1013 1040
f 762 1018 1041
f 762 772 1041
f 1022 1023 1042
f 1022 1042 1043
f 1042 1043 1044
f 774 772 1042
f 774 1042 1044
f 772 1041 1042
f 1041 1018 1042
f 1018 1023 1042
f 1045 1046 1047
f 1045 1047 1048
f 1045 1048 1049
f 1044 1043 1045
f 1044 1045 1049
f 1043 1022 1045
f 1024 1022 1045
f 1024 1045 1046
f 1047 1048 1050
f 1047 1046 1050
f 1051 1028 1029
f 1051 1029 1052
f 1052 1051 1053
f 1052 1053 1054
f 1052 1054 1055
f 1052 1055 1056
f 1056 1030 1029
f 1056 1029 1052
f 1057 1034 1035
f 1057 1035 1058
f 1058 1057 1059
f 1058 1059 1060
f 1060 1053 1051
f 1060 1051 1058
f 1051 1028 1058
f 1028 1035 1058
f 1039 767 1061
f 767 778 1061
f 1062 777 778
f 1062 778 1061
f 1062 1059 1057
f 1062 1057 1061
f 1057 1034 1061
f 1034 1039 1061
f 774 1044 1063
f 1063 774 782
f 1063 782 1064
f 782 781 1064
f 1065 1048 1049
f 1065 1049 1066
f 1066 1065 1067
f 1066 1067 1068
f 1068 1064 1063
f 1068 1063 1066
f 1063 1044 1066
f 1044 1049 1066
f 1065 1067 1069
f 1069 1065 1048
f 1069 1048 1070
f 1048 1050 1070
f 1071 1053 1054
f 1071 1054 1072
f 1072 1071 1073
f 1072 1073 1074
f 1072 1074 1075
f 1072 1075 1076
f 1076 1055 1054
f 1076 1054 1072
f 1077 1059 1060
f 1077 1060 1078
f 1077 784 789
f 1077 789 1078
f 1079 788 789
f 1079 789 1078
f 1079 1073 1071
f 1079 1071 1078
f 1071 1053 1078
f 1053 1060 1078
f 1062 777 1080
f 777 792 1080
f 792 784 1080
f 784 1077 1080
f 1077 1059 1080
f 1059 1062 1080
f 781 1064 1081
f 781 794 1081
f 1067 1068 1082
f 1067 1082 1083
f 1082 1083 1084
f 796 794 1082
f 796 1082 1084
f 794 1081 1082
f 1081 1064 1082
f 1064 1068 1082
f 1083 1084 1085
f 1086 1085 1083
f 1086 1083 1067
f 1067 1069 1086
f 1087 1073 1074
f 1087 1074 1088
f 1088 1087 1089
f 1088 1089 1090
f 1088 1090 1091
f 1088 1091 1092
f 1092 1075 1074
f 1092 1074 1088
f 1079 788 1093
f 788 802 1093
f 1094 801 802
f 1094 802 1093
f 1094 1089 1087
f 1094 1087 1093
f 1087 1073 1093
f 1073 1079 1093
f 796 1084 1095
f 1095 796 808
f 1095 808 1096
f 808 807 1096
f 1095 1096 1097
f 1098 1097 1095
f 1098 1095 1084
f 1084 1085 1098
f 1099 1089 1090
f 1099 1090 1100
f 1100 1099 1101
f 1100 1101 1102
f 1100 1102 1103
f 1100 1103 1104
f 1104 1091 1090
f 1104 1090 1100
f 1094 801 1105
f 801 814 1105
f 1106 813 814
f 1106 814 1105
f 1106 1101 1099
f 1106 1099 1105
f 1099 1089 1105
f 1089 1094 1105
f 807 1096 1107
f 1107 807 820
f 1107 820 1108
f 820 819 1108
f 1107 1108 1109
f 1110 1109 1107
f 1110 1107 1096
f 1096 1097 1110
f 1111 1101 1102
f 1111 1102 1112
f 1112 1111 1113
f 1112 1113 1114
f 1112 1114 1115
f 1112 1115 1116
f 1116 1103 1102
f 1116 1102 1112
f 1106 813 1117
f 1118 821 813
f 1118 813 1117
f 1117 1118 1119
f 1119 1113 1111
f 1119 1111 1117
f 1111 1101 1117
f 1101 1106 1117
f 821 824 1120
f 821 1118 1120
f 829 825 1121
f 829 828 1121
f 819 1108 1122
f 1122 819 830
f 1122 830 1123
f 1123 830 825
f 1123 825 1124
f 825 1121 1124
f 1122 1123 1125
f 1126 1125 1122
f 1126 1122 1108
f 1108 1109 1126
f 1113 1114 1127
f 1113 1127 1128
f 1127 1128 1129
f 1127 1129 1130
f 1127 1130 1131
f 1127 1131 1132
f 1115 1114 1127
f 1115 1127 1132
f 1133 1118 1119
f 1133 1119 1134
f 1134 1133 1135
f 1134 1135 1136
f 1136 1129 1128
f 1136 1128 1134
f 1128 1113 1134
f 1113 1119 1134
f 1120 824 1137
f 824 835 1137
f 834 835 1137
f 834 1137 1138
f 1135 1133 1137
f 1135 1137 1138
f 1133 1118 1137
f 1118 1120 1137
f 828 1121 1139
f 1140 1139 828
f 1140 828 840
f 840 839 1140
f 1123 1124 1141
f 1123 1141 1142
f 1141 1142 1143
f 1141 1143 1144
f 1140 1139 1141
f 1140 1141 1144
f 1139 1121 1141
f 1121 1124 1141
f 1142 1143 1145
f 1146 1145 1142
f 1146 1142 1123
f 1123 1125 1146
f 1130 1129 1147
f 1130 1131 1147
f 1148 1135 1136
f 1148 1136 1149
f 1149 1148 1150
f 1149 1150 1151
f 1149 1151 1152
f 1152 1147 1129
f 1152 1129 1149
f 1129 1136 1149
f 1138 834 1153
f 1154 841 834
f 1154 834 1153
f 1153 1154 1155
f 1155 1150 1148
f 1155 1148 1153
f 1148 1135 1153
f 1135 1138 1153
f 841 845 1156
f 841 1154 1156
f 851 848 1157
f 851 850 1157
f 839 1140 1158
f 1158 839 852
f 1158 852 1159
f 1159 852 848
f 1159 848 1160
f 848 1157 1160
f 1144 1143 1161
f 1158 1159 1162
f 1163 1162 1158
f 1163 1158 1140
f 1163 1140 1144
f 1163 1144 1161
f 1143 1161 1164
f 1143 1145 1164
f 1151 1150 1165
f 1151 1152 1165
f 1166 1154 1155
f 1166 1155 1167
f 1167 1166 1168
f 1167 1168 1169
f 1167 1169 1170
f 1170 1165 1150
f 1170 1150 1167
f 1150 1155 1167
f 1156 845 1171
f 1172 853 845
f 1172 845 1171
f 1171 1172 1173
f 1168 1166 1171
f 1168 1171 1173
f 1166 1154 1171
f 1154 1156 1171
f 853 857 1174
f 853 1172 1174
f 867 864 1175
f 867 866 1175
f 850 1157 1176
f 1177 1176 850
f 1177 850 868
f 1177 868 864
f 1177 864 1178
f 864 1175 1178
f 1160 1159 1179
f 1176 1177 1180
f 1181 1180 1176
f 1181 1176 1157
f 1179 1181 1157
f 1179 1157 1160
f 1159 1179 1182
f 1159 1162 1182
f 1169 1168 1183
f 1169 1170 1183
f 1184 1172 1173
f 1184 1173 1185
f 1185 1184 1186
f 1185 1186 1187
f 1185 1187 1188
f 1188 1183 1168
f 1188 1168 1185
f 1168 1173 1185
f 1174 857 1189
f 1190 869 857
f 1190 857 1189
f 1189 1190 1191
f 1186 1184 1189
f 1186 1189 1191
f 1184 1172 1189
f 1172 1174 1189
f 871 870 1192
f 1192 871 869
f 1192 869 1193
f 869 1190 1193
f 874 872 1194
f 1195 1194 874
f 1195 874 870
f 870 1192 1195
f 878 876 1196
f 1197 1196 878
f 1197 878 872
f 872 1194 1197
f 882 880 1198
f 1198 882 876
f 1198 876 1199
f 876 1196 1199
f 885 884 1200
f 1200 885 880
f 1200 880 1201
f 880 1198 1201
f 887 886 1202
f 1202 887 884
f 1202 884 1203
f 884 1200 1203
f 866 1175 1204
f 1204 866 888
f 1204 888 1205
f 1205 888 886
f 1205 886 1206
f 886 1202 1206
f 1178 1177 1207
f 1204 1205 1208
f 1209 1208 1204
f 1209 1204 1175
f 1207 1209 1175
f 1207 1175 1178
f 1177 1207 1210
f 1177 1180 1210
f 1187 1186 1211
f 1187 1188 1211
f 1190 1191 1212
f 1190 1212 1213
f 1212 1213 1214
f 1212 1214 1215
f 1212 1215 1216
f 1211 1186 1212
f 1211 1212 1216
f 1186 1191 1212
f 1192 1193 1217
f 1192 1217 1218
f 1217 1218 1219
f 1217 1219 1220
f 1220 1214 1213
f 1220 1213 1217
f 1213 1190 1217
f 1190 1193 1217
f 1221 1194 1195
f 1221 1195 1222
f 1222 1221 1223
f 1222 1223 1224
f 1219 1218 1222
f 1219 1222 1224
f 1218 1192 1222
f 1192 1195 1222
f 1225 1196 1197
f 1225 1197 1226
f 1226 1225 1227
f 1226 1227 1228
f 1223 1221 1226
f 1223 1226 1228
f 1221 1194 1226
f 1194 1197 1226
f 1198 1199 1229
f 1198 1229 1230
f 1229 1230 1231
f 1229 1231 1232
f 1227 1225 1229
f 1227 1229 1232
f 1225 1196 1229
f 1196 1199 1229
f 1200 1201 1233
f 1200 1233 1234
f 1233 1234 1235
f 1233 1235 1236
f 1231 1230 1233
f 1231 1233 1236
f 1230 1198 1233
f 1198 1201 1233
f 1202 1203 1237
f 1202 1237 1238
f 1237 1238 1239
f 1237 1239 1240
f 1235 1234 1237
f 1235 1237 1240
f 1234 1200 1237
f 1200 1203 1237
f 1206 1205 1241
f 1238 1239 1242
f 1243 1242 1238
f 1243 1238 1202
f 1241 1243 1202
f 1241 1202 1206
f 1205 1241 1244
f 1205 1208 1244
f 1215 1214 1245
f 1215 1216 1245
f 1220 1219 1246
f 1214 1245 1247
f 1246 1247 1214
f 1246 1214 1220
f 1224 1223 1248
f 1219 1246 1249
f 1248 1249 1219
f 1248 1219 1224
f 1228 1227 1250
f 1223 1248 1251
f 1250 1251 1223
f 1250 1223 1228
f 1232 1231 1252
f 1227 1250 1253
f 1252 1253 1227
f 1252 1227 1232
f 1236 1235 1254
f 1231 1252 1255
f 1254 1255 1231
f 1254 1231 1236
f 1240 1239 1256
f 1235 1254 1257
f 1257 1235 1240
f 1257 1240 1256
f 1239 1256 1258
f 1239 1242 1258
f 1259 1260 1261
f 1259 1261 1262
f 1259 1262 1263
f 1259 1263 1264
f 1259 1264 1265
f 1259 1265 1260
f 1266 1267 1268
f 1268 890 895
f 1268 895 1266
f 1269 894 895
f 1269 895 1266
f 1269 1262 1261
f 1269 1261 1266
f 1270 1260 1261
f 1270 1261 1266
f 1266 1270 1267
f 1271 1272 1273
f 1273 897 901
f 1273 901 1271
f 901 890 1271
f 890 1268 1271
f 1274 1267 1268
f 1274 1268 1271
f 1271 1274 1272
f 1275 1276 1277
f 1277 903 907
f 1277 907 1275
f 907 897 1275
f 897 1273 1275
f 1278 1272 1273
f 1278 1273 1275
f 1275 1278 1276
f 1279 1280 1281
f 1281 909 913
f 1281 913 1279
f 913 903 1279
f 903 1277 1279
f 1282 1276 1277
f 1282 1277 1279
f 1279 1282 1280
f 1283 1284 1285
f 1285 915 919
f 1285 919 1283
f 919 909 1283
f 909 1281 1283
f 1286 1280 1281
f 1286 1281 1283
f 1283 1286 1284
f 1287 1288 1289
f 1287 1289 1290
f 1290 920 915
f 1290 915 1287
f 915 1285 1287
f 1284 1285 1287
f 1284 1287 1291
f 1287 1291 1288
f 1289 1290 1292
f 1289 1288 1292
f 1293 1294 1295
f 1293 1295 1296
f 1293 1296 1297
f 1293 1297 1298
f 1293 1298 1299
f 1293 1299 1294
f 1300 1301 1302
f 1302 922 927
f 1302 927 1300
f 1303 926 927
f 1303 927 1300
f 1303 1296 1295
f 1303 1295 1300
f 1304 1294 1295
f 1304 1295 1300
f 1300 1304 1301
f 1305 1262 1263
f 1305 1263 1306
f 1305 929 933
f 1305 933 1306
f 933 922 1306
f 922 1302 1306
f 1307 1301 1302
f 1307 1302 1306
f 1307 1264 1263
f 1307 1263 1306
f 1269 894 1308
f 894 938 1308
f 938 929 1308
f 929 1305 1308
f 1305 1262 1308
f 1262 1269 1308
f 920 1290 1309
f 920 954 1309
f 1310 1311 1312
f 959 963 1310
f 959 1310 1312
f 963 954 1310
f 954 1309 1310
f 1309 1290 1310
f 1292 1290 1310
f 1292 1310 1311
f 1313 1314 1315
f 1313 1315 1316
f 964 959 1313
f 964 1313 1316
f 959 1312 1313
f 1311 1312 1313
f 1311 1313 1317
f 1313 1317 1314
f 1315 1316 1318
f 1315 1314 1318
f 1319 1320 1321
f 1319 1321 1322
f 1319 1322 1323
f 1319 1323 1324
f 1319 1324 1325
f 1319 1325 1320
f 1326 1296 1297
f 1326 1297 1327
f 1326 966 971
f 1326 971 1327
f 1328 970 971
f 1328 971 1327
f 1328 1322 1321
f 1328 1321 1327
f 1329 1320 1321
f 1329 1321 1327
f 1329 1298 1297
f 1329 1297 1327
f 1303 926 1330
f 926 976 1330
f 976 966 1330
f 966 1326 1330
f 1326 1296 1330
f 1296 1303 1330
f 964 1316 1331
f 964 994 1331
f 1332 1333 1334
f 1332 1334 1335
f 998 994 1332
f 998 1332 1335
f 994 1331 1332
f 1331 1316 1332
f 1333 1318 1316
f 1333 1316 1332
f 1334 1335 1336
f 1334 1333 1336
f 1337 1322 1323
f 1337 1323 1338
f 1337 1000 1005
f 1337 1005 1338
f 1339 1004 1005
f 1339 1005 1338
f 1338 1339 1340
f 1338 1340 1341
f 1341 1324 1323
f 1341 1323 1338
f 1328 970 1342
f 970 1010 1342
f 1010 1000 1342
f 1000 1337 1342
f 1337 1322 1342
f 1322 1328 1342
f 998 1335 1343
f 998 1020 1343
f 1020 1024 1344
f 1345 1344 1020
f 1345 1020 1343
f 1345 1343 1335
f 1345 1335 1346
f 1335 1336 1346
f 1347 1348 1349
f 1349 1026 1031
f 1349 1031 1347
f 1350 1030 1031
f 1350 1031 1347
f 1347 1350 1351
f 1347 1351 1352
f 1347 1352 1348
f 1339 1004 1353
f 1004 1036 1353
f 1036 1026 1353
f 1026 1349 1353
f 1354 1348 1349
f 1354 1349 1353
f 1354 1340 1339
f 1354 1339 1353
f 1355 1356 1344
f 1355 1344 1024
f 1024 1046 1355
f 1344 1345 1356
f 1046 1050 1357
f 1358 1357 1046
f 1358 1046 1355
f 1355 1356 1358
f 1350 1030 1359
f 1030 1056 1359
f 1360 1055 1056
f 1360 1056 1359
f 1359 1360 1361
f 1359 1361 1362
f 1362 1351 1350
f 1362 1350 1359
f 1357 1050 1363
f 1050 1070 1363
f 1069 1070 1363
f 1069 1363 1364
f 1363 1364 1365
f 1363 1365 1366
f 1358 1357 1363
f 1358 1363 1366
f 1367 1368 1369
f 1367 1369 1370
f 1367 1370 1371
f 1367 1371 1372
f 1367 1372 1373
f 1367 1373 1368
f 1360 1055 1374
f 1055 1076 1374
f 1375 1075 1076
f 1375 1076 1374
f 1375 1370 1369
f 1375 1369 1374
f 1376 1368 1369
f 1376 1369 1374
f 1376 1361 1360
f 1376 1360 1374
f 1377 1378 1364
f 1377 1364 1069
f 1379 1377 1069
f 1379 1069 1086
f 1086 1085 1379
f 1364 1365 1378
f 1377 1379 1380
f 1377 1378 1380
f 1381 1370 1371
f 1381 1371 1382
f 1382 1381 1383
f 1382 1383 1384
f 1382 1384 1385
f 1382 1385 1386
f 1386 1372 1371
f 1386 1371 1382
f 1375 1075 1387
f 1075 1092 1387
f 1388 1091 1092
f 1388 1092 1387
f 1388 1383 1381
f 1388 1381 1387
f 1381 1370 1387
f 1370 1375 1387
f 1085 1379 1389
f 1390 1389 1085
f 1390 1085 1098
f 1098 1097 1390
f 1389 1390 1391
f 1391 1389 1379
f 1391 1379 1392
f 1379 1380 1392
f 1383 1384 1393
f 1383 1393 1394
f 1393 1394 1395
f 1393 1395 1396
f 1393 1396 1397
f 1393 1397 1398
f 1385 1384 1393
f 1385 1393 1398
f 1388 1091 1399
f 1091 1104 1399
f 1103 1104 1399
f 1103 1399 1400
f 1400 1395 1394
f 1400 1394 1399
f 1394 1383 1399
f 1383 1388 1399
f 1097 1390 1401
f 1402 1401 1097
f 1402 1097 1110
f 1110 1109 1402
f 1401 1402 1403
f 1404 1403 1401
f 1404 1401 1390
f 1390 1391 1404
f 1396 1395 1405
f 1396 1397 1405
f 1400 1103 1406
f 1103 1116 1406
f 1115 1116 1406
f 1115 1406 1407
f 1406 1407 1408
f 1408 1405 1395
f 1408 1395 1406
f 1395 1400 1406
f 1409 1402 1109
f 1409 1109 1410
f 1109 1126 1410
f 1125 1126 1410
f 1125 1410 1411
f 1410 1411 1412
f 1410 1412 1413
f 1410 1413 1409
f 1402 1409 1414
f 1402 1403 1414
f 1407 1115 1415
f 1115 1132 1415
f 1416 1131 1132
f 1416 1132 1415
f 1415 1416 1417
f 1415 1417 1418
f 1418 1408 1407
f 1418 1407 1415
f 1411 1125 1419
f 1125 1146 1419
f 1420 1145 1146
f 1420 1146 1419
f 1419 1420 1421
f 1419 1421 1422
f 1422 1412 1411
f 1422 1411 1419
f 1423 1424 1416
f 1423 1416 1131
f 1131 1147 1423
f 1416 1417 1424
f 1147 1152 1425
f 1425 1147 1423
f 1425 1423 1426
f 1423 1424 1426
f 1427 1428 1429
f 1161 1163 1427
f 1161 1427 1429
f 1162 1163 1427
f 1162 1427 1430
f 1427 1430 1431
f 1427 1431 1432
f 1427 1432 1428
f 1420 1145 1433
f 1145 1164 1433
f 1164 1161 1433
f 1161 1429 1433
f 1434 1428 1429
f 1434 1429 1433
f 1421 1420 1433
f 1421 1433 1434
f 1425 1152 1435
f 1436 1165 1152
f 1436 1152 1435
f 1435 1436 1437
f 1435 1437 1438
f 1435 1438 1439
f 1439 1426 1425
f 1439 1425 1435
f 1165 1170 1440
f 1165 1436 1440
f 1181 1179 1441
f 1181 1180 1441
f 1430 1162 1442
f 1162 1182 1442
f 1182 1179 1442
f 1443 1441 1179
f 1443 1179 1442
f 1442 1443 1444
f 1444 1431 1430
f 1444 1430 1442
f 1437 1436 1445
f 1437 1438 1445
f 1440 1170 1446
f 1183 1170 1446
f 1183 1446 1447
f 1446 1447 1448
f 1446 1448 1449
f 1445 1436 1446
f 1445 1446 1449
f 1436 1440 1446
f 1183 1188 1450
f 1183 1447 1450
f 1209 1207 1451
f 1209 1208 1451
f 1452 1441 1180
f 1452 1180 1453
f 1180 1210 1453
f 1210 1207 1453
f 1454 1451 1207
f 1454 1207 1453
f 1453 1454 1455
f 1453 1455 1452
f 1441 1452 1456
f 1441 1443 1456
f 1448 1447 1457
f 1448 1449 1457
f 1458 1450 1188
f 1458 1188 1459
f 1188 1211 1459
f 1447 1457 1460
f 1460 1447 1450
f 1460 1450 1458
f 1211 1216 1461
f 1461 1211 1459
f 1461 1459 1462
f 1459 1458 1462
f 1463 1464 1465
f 1241 1243 1463
f 1241 1463 1465
f 1466 1242 1243
f 1466 1243 1463
f 1463 1466 1467
f 1463 1467 1468
f 1463 1468 1464
f 1469 1451 1208
f 1469 1208 1470
f 1208 1244 1470
f 1244 1241 1470
f 1241 1465 1470
f 1471 1464 1465
f 1471 1465 1470
f 1470 1471 1469
f 1451 1469 1472
f 1451 1454 1472
f 1473 1461 1216
f 1473 1216 1474
f 1216 1245 1474
f 1461 1462 1473
f 1475 1476 1477
f 1246 1247 1475
f 1246 1475 1477
f 1247 1245 1475
f 1245 1474 1475
f 1473 1474 1475
f 1473 1475 1478
f 1475 1478 1476
f 1479 1480 1481
f 1248 1249 1479
f 1248 1479 1481
f 1249 1246 1479
f 1246 1477 1479
f 1476 1477 1479
f 1476 1479 1482
f 1479 1482 1480
f 1483 1484 1485
f 1250 1251 1483
f 1250 1483 1485
f 1251 1248 1483
f 1248 1481 1483
f 1480 1481 1483
f 1480 1483 1486
f 1483 1486 1484
f 1487 1488 1489
f 1252 1253 1487
f 1252 1487 1489
f 1253 1250 1487
f 1250 1485 1487
f 1490 1484 1485
f 1490 1485 1487
f 1487 1490 1488
f 1491 1492 1493
f 1254 1255 1491
f 1254 1491 1493
f 1255 1252 1491
f 1252 1489 1491
f 1494 1488 1489
f 1494 1489 1491
f 1491 1494 1492
f 1495 1496 1497
f 1497 1256 1257
f 1497 1257 1495
f 1257 1254 1495
f 1254 1493 1495
f 1498 1492 1493
f 1498 1493 1495
f 1495 1498 1496
f 1466 1242 1499
f 1242 1258 1499
f 1258 1256 1499
f 1256 1497 1499
f 1496 1497 1499
f 1496 1499 1500
f 1467 1466 1499
f 1467 1499 1500
f 1501 1502 1503
f 1503 1260 1265
f 1503 1265 1501
f 1504 1264 1265
f 1504 1265 1501
f 1501 1504 1505
f 1501 1505 1506
f 1501 1506 1502
f 1507 1508 1509
f 1509 1267 1270
f 1509 1270 1507
f 1270 1260 1507
f 1260 1503 1507
f 1510 1502 1503
f 1510 1503 1507
f 1507 1510 1508
f 1511 1512 1513
f 1513 1272 1274
f 1513 1274 1511
f 1274 1267 1511
f 1267 1509 1511
f 1514 1508 1509
f 1514 1509 1511
f 1511 1514 1512
f 1515 1516 1517
f 1517 1276 1278
f 1517 1278 1515
f 1278 1272 1515
f 1272 1513 1515
f 1518 1512 1513
f 1518 1513 1515
f 1515 1518 1516
f 1519 1520 1521
f 1280 1282 1519
f 1280 1519 1521
f 1282 1276 1519
f 1276 1517 1519
f 1522 1516 1517
f 1522 1517 1519
f 1519 1522 1520
f 1523 1524 1525
f 1284 1286 1523
f 1284 1523 1525
f 1286 1280 1523
f 1280 1521 1523
f 1526 1520 1521
f 1526 1521 1523
f 1523 1526 1524
f 1527 1528 1529
f 1529 1288 1291
f 1529 1291 1527
f 1291 1284 1527
f 1284 1525 1527
f 1530 1524 1525
f 1530 1525 1527
f 1527 1530 1528
f 1288 1292 1531
f 1532 1531 1288
f 1532 1288 1529
f 1529 1528 1532
f 1533 1534 1535
f 1535 1294 1299
f 1535 1299 1533
f 1536 1298 1299
f 1536 1299 1533
f 1533 1536 1537
f 1533 1537 1538
f 1533 1538 1534
f 1539 1540 1541
f 1541 1301 1304
f 1541 1304 1539
f 1304 1294 1539
f 1294 1535 1539
f 1542 1534 1535
f 1542 1535 1539
f 1539 1542 1540
f 1504 1264 1543
f 1264 1307 1543
f 1307 1301 1543
f 1301 1541 1543
f 1544 1540 1541
f 1544 1541 1543
f 1544 1505 1504
f 1544 1504 1543
f 1545 1546 1531
f 1545 1531 1292
f 1292 1311 1545
f 1531 1532 1546
f 1547 1548 1549
f 1549 1314 1317
f 1549 1317 1547
f 1317 1311 1547
f 1311 1545 1547
f 1550 1546 1545
f 1550 1545 1547
f 1547 1550 1548
f 1314 1318 1551
f 1552 1551 1314
f 1552 1314 1549
f 1549 1548 1552
f 1553 1554 1555
f 1555 1320 1325
f 1555 1325 1553
f 1556 1324 1325
f 1556 1325 1553
f 1553 1556 1557
f 1553 1557 1558
f 1553 1558 1554
f 1536 1298 1559
f 1298 1329 1559
f 1329 1320 1559
f 1320 1555 1559
f 1560 1554 1555
f 1560 1555 1559
f 1560 1537 1536
f 1560 1536 1559
f 1561 1551 1318
f 1561 1318 1562
f 1318 1333 1562
f 1551 1552 1561
f 1333 1336 1563
f 1564 1563 1333
f 1564 1333 1562
f 1562 1561 1564
f 1565 1566 1567
f 1565 1567 1568
f 1565 1568 1569
f 1565 1569 1570
f 1565 1570 1571
f 1565 1571 1566
f 1556 1324 1572
f 1324 1341 1572
f 1573 1340 1341
f 1573 1341 1572
f 1573 1568 1567
f 1573 1567 1572
f 1574 1566 1567
f 1574 1567 1572
f 1574 1557 1556
f 1574 1556 1572
f 1575 1576 1563
f 1575 1563 1336
f 1575 1336 1346
f 1575 1346 1577
f 1346 1345 1577
f 1563 1564 1576
f 1575 1577 1578
f 1575 1576 1578
f 1579 1568 1569
f 1579 1569 1580
f 1579 1348 1352
f 1579 1352 1580
f 1581 1351 1352
f 1581 1352 1580
f 1580 1581 1582
f 1580 1582 1583
f 1583 1570 1569
f 1583 1569 1580
f 1573 1340 1584
f 1340 1354 1584
f 1354 1348 1584
f 1348 1579 1584
f 1579 1568 1584
f 1568 1573 1584
f 1345 1577 1585
f 1345 1356 1585
f 1356 1358 1586
f 1586 1356 1585
f 1586 1585 1587
f 1587 1585 1577
f 1587 1577 1588
f 1577 1578 1588
f 1589 1590 1591
f 1589 1591 1592
f 1589 1592 1593
f 1589 1593 1594
f 1589 1594 1595
f 1589 1595 1590
f 1581 1351 1596
f 1351 1362 1596
f 1597 1361 1362
f 1597 1362 1596
f 1597 1592 1591
f 1597 1591 1596
f 1598 1590 1591
f 1598 1591 1596
f 1598 1582 1581
f 1598 1581 1596
f 1599 1600 1586
f 1599 1586 1358
f 1601 1599 1358
f 1601 1358 1366
f 1366 1365 1601
f 1586 1587 1600
f 1599 1601 1602
f 1599 1600 1602
f 1603 1592 1593
f 1603 1593 1604
f 1603 1368 1373
f 1603 1373 1604
f 1605 1372 1373
f 1605 1373 1604
f 1604 1605 1606
f 1604 1606 1607
f 1607 1594 1593
f 1607 1593 1604
f 1597 1361 1608
f 1361 1376 1608
f 1376 1368 1608
f 1368 1603 1608
f 1603 1592 1608
f 1592 1597 1608
f 1365 1601 1609
f 1365 1378 1609
f 1378 1380 1610
f 1611 1610 1378
f 1611 1378 1609
f 1611 1609 1601
f 1611 1601 1612
f 1601 1602 1612
f 1605 1372 1613
f 1372 1386 1613
f 1614 1385 1386
f 1614 1386 1613
f 1613 1614 1615
f 1613 1615 1616
f 1616 1606 1605
f 1616 1605 1613
f 1610 1380 1617
f 1380 1392 1617
f 1391 1392 1617
f 1391 1617 1618
f 1617 1618 1619
f 1617 1619 1620
f 1611 1610 1617
f 1611 1617 1620
f 1614 1385 1621
f 1385 1398 1621
f 1622 1397 1398
f 1622 1398 1621
f 1621 1622 1623
f 1621 1623 1624
f 1615 1614 1621
f 1615 1621 1624
f 1618 1391 1625
f 1391 1404 1625
f 1626 1403 1404
f 1626 1404 1625
f 1625 1626 1627
f 1625 1627 1628
f 1619 1618 1625
f 1619 1625 1628
f 1622 1397 1629
f 1630 1405 1397
f 1630 1397 1629
f 1629 1630 1631
f 1629 1631 1632
f 1629 1632 1633
f 1623 1622 1629
f 1623 1629 1633
f 1405 1408 1634
f 1405 1630 1634
f 1413 1409 1635
f 1413 1412 1635
f 1626 1403 1636
f 1403 1414 1636
f 1414 1409 1636
f 1635 1409 1636
f 1635 1636 1637
f 1636 1637 1638
f 1627 1626 1636
f 1627 1636 1638
f 1631 1630 1639
f 1631 1632 1639
f 1634 1408 1640
f 1408 1418 1640
f 1417 1418 1640
f 1417 1640 1641
f 1640 1641 1642
f 1642 1639 1630
f 1642 1630 1640
f 1630 1634 1640
f 1643 1635 1412
f 1643 1412 1644
f 1412 1422 1644
f 1421 1422 1644
f 1421 1644 1645
f 1644 1645 1646
f 1644 1646 1647
f 1644 1647 1643
f 1635 1643 1648
f 1635 1637 1648
f 1641 1417 1649
f 1650 1424 1417
f 1650 1417 1649
f 1649 1650 1651
f 1649 1651 1652
f 1649 1652 1653
f 1642 1641 1649
f 1642 1649 1653
f 1424 1426 1654
f 1424 1650 1654
f 1432 1428 1655
f 1432 1431 1655
f 1645 1421 1656
f 1421 1434 1656
f 1434 1428 1656
f 1657 1655 1428
f 1657 1428 1656
f 1656 1657 1658
f 1658 1646 1645
f 1658 1645 1656
f 1651 1650 1659
f 1651 1652 1659
f 1654 1426 1660
f 1426 1439 1660
f 1438 1439 1660
f 1438 1660 1661
f 1660 1661 1662
f 1659 1650 1660
f 1659 1660 1662
f 1650 1654 1660
f 1663 1655 1431
f 1663 1431 1664
f 1431 1444 1664
f 1665 1443 1444
f 1665 1444 1664
f 1664 1665 1666
f 1664 1666 1667
f 1664 1667 1663
f 1655 1663 1668
f 1655 1657 1668
f 1669 1670 1661
f 1669 1661 1438
f 1438 1445 1669
f 1661 1662 1670
f 1445 1449 1671
f 1671 1445 1669
f 1671 1669 1672
f 1669 1670 1672
f 1673 1674 1675
f 1675 1452 1455
f 1675 1455 1673
f 1676 1454 1455
f 1676 1455 1673
f 1673 1676 1677
f 1673 1677 1678
f 1673 1678 1674
f 1665 1443 1679
f 1443 1456 1679
f 1456 1452 1679
f 1452 1675 1679
f 1680 1674 1675
f 1680 1675 1679
f 1666 1665 1679
f 1666 1679 1680
f 1681 1671 1449
f 1681 1449 1682
f 1449 1457 1682
f 1671 1672 1681
f 1460 1458 1683
f 1684 1683 1460
f 1684 1460 1457
f 1685 1684 1457
f 1685 1457 1682
f 1682 1681 1685
f 1458 1462 1686
f 1458 1683 1686
f 1468 1464 1687
f 1468 1467 1687
f 1688 1689 1690
f 1690 1469 1471
f 1690 1471 1688
f 1471 1464 1688
f 1691 1687 1464
f 1691 1464 1688
f 1688 1691 1692
f 1688 1692 1689
f 1676 1454 1693
f 1454 1472 1693
f 1472 1469 1693
f 1469 1690 1693
f 1689 1690 1693
f 1689 1693 1694
f 1677 1676 1693
f 1677 1693 1694
f 1684 1683 1695
f 1684 1685 1695
f 1696 1686 1462
f 1696 1462 1697
f 1462 1473 1697
f 1683 1695 1698
f 1696 1698 1683
f 1696 1683 1686
f 1699 1700 1701
f 1476 1478 1699
f 1476 1699 1701
f 1478 1473 1699
f 1473 1697 1699
f 1696 1697 1699
f 1696 1699 1702
f 1699 1702 1700
f 1482 1480 1703
f 1704 1703 1482
f 1704 1482 1476
f 1705 1704 1476
f 1705 1476 1701
f 1701 1700 1705
f 1486 1484 1706
f 1707 1706 1486
f 1707 1486 1480
f 1480 1703 1707
f 1490 1488 1708
f 1709 1708 1490
f 1709 1490 1484
f 1484 1706 1709
f 1710 1711 1712
f 1492 1494 1710
f 1492 1710 1712
f 1494 1488 1710
f 1713 1708 1488
f 1713 1488 1710
f 1710 1713 1714
f 1710 1714 1711
f 1715 1716 1717
f 1717 1496 1498
f 1717 1498 1715
f 1498 1492 1715
f 1492 1712 1715
f 1718 1711 1712
f 1718 1712 1715
f 1715 1718 1716
f 1719 1687 1467
f 1719 1467 1720
f 1467 1500 1720
f 1500 1496 1720
f 1496 1717 1720
f 1716 1717 1720
f 1716 1720 1721
f 1720 1721 1719
f 1687 1719 1722
f 1687 1691 1722
f 1704 1703 1723
f 1704 1705 1723
f 1707 1706 1724
f 1703 1723 1725
f 1724 1725 1703
f 1724 1703 1707
f 1709 1708 1726
f 1706 1724 1727
f 1727 1706 1709
f 1727 1709 1726
f 1708 1726 1728
f 1708 1713 1728
f 1729 1730 1731
f 1729 1731 1732
f 1729 1732 1733
f 1729 1733 1734
f 1729 1734 1735
f 1729 1735 1730
f 1731 1732 1736
f 1731 1730 1736
f 1737 1738 1739
f 1737 1739 1740
f 1737 1740 1741
f 1737 1741 1742
f 1737 1742 1743
f 1737 1743 1738
f 1744 1745 1746
f 1744 1746 1747
f 1744 1747 1748
f 1748 1740 1739
f 1748 1739 1744
f 1749 1738 1739
f 1749 1739 1744
f 1744 1749 1745
f 1750 1751 1752
f 1750 1752 1753
f 1750 1753 1754
f 1754 1747 1746
f 1754 1746 1750
f 1755 1745 1746
f 1755 1746 1750
f 1750 1755 1751
f 1756 1757 1758
f 1756 1758 1759
f 1756 1759 1760
f 1760 1753 1752
f 1760 1752 1756
f 1761 1751 1752
f 1761 1752 1756
f 1756 1761 1757
f 1762 1732 1733
f 1762 1733 1763
f 1763 1762 1764
f 1763 1764 1765
f 1765 1759 1758
f 1765 1758 1763
f 1766 1757 1758
f 1766 1758 1763
f 1766 1734 1733
f 1766 1733 1763
f 1767 1768 1769
f 1767 1769 1770
f 1767 1770 1771
f 1771 1764 1762
f 1771 1762 1767
f 1762 1732 1767
f 1768 1736 1732
f 1768 1732 1767
f 1772 1773 1774
f 1772 1774 1775
f 1772 1775 1776
f 1776 1770 1769
f 1776 1769 1772
f 1777 1768 1769
f 1777 1769 1772
f 1772 1777 1773
f 1778 1779 1780
f 1778 1780 1781
f 1778 1781 1782
f 1782 1775 1774
f 1782 1774 1778
f 1783 1773 1774
f 1783 1774 1778
f 1778 1783 1779
f 1784 1785 1786
f 1784 1786 1787
f 1784 1787 1788
f 1781 1780 1784
f 1781 1784 1788
f 1779 1780 1784
f 1779 1784 1789
f 1784 1789 1785
f 1786 1787 1790
f 1786 1785 1790
f 1791 1792 1793
f 1791 1793 1794
f 1791 1794 1795
f 1791 1795 1796
f 1791 1796 1797
f 1791 1797 1792
f 1798 1740 1741
f 1798 1741 1799
f 1799 1798 1800
f 1799 1800 1801
f 1801 1794 1793
f 1801 1793 1799
f 1802 1792 1793
f 1802 1793 1799
f 1802 1742 1741
f 1802 1741 1799
f 1803 1747 1748
f 1803 1748 1804
f 1803 1502 1506
f 1803 1506 1804
f 1805 1505 1506
f 1805 1506 1804
f 1805 1800 1798
f 1805 1798 1804
f 1798 1740 1804
f 1740 1748 1804
f 1806 1753 1754
f 1806 1754 1807
f 1806 1508 1510
f 1806 1510 1807
f 1510 1502 1807
f 1502 1803 1807
f 1803 1747 1807
f 1747 1754 1807
f 1808 1759 1760
f 1808 1760 1809
f 1808 1512 1514
f 1808 1514 1809
f 1514 1508 1809
f 1508 1806 1809
f 1806 1753 1809
f 1753 1760 1809
f 1810 1764 1765
f 1810 1765 1811
f 1810 1516 1518
f 1810 1518 1811
f 1518 1512 1811
f 1512 1808 1811
f 1808 1759 1811
f 1759 1765 1811
f 1770 1771 1812
f 1770 1812 1813
f 1520 1522 1812
f 1520 1812 1813
f 1522 1516 1812
f 1516 1810 1812
f 1810 1764 1812
f 1764 1771 1812
f 1775 1776 1814
f 1775 1814 1815
f 1524 1526 1814
f 1524 1814 1815
f 1526 1520 1814
f 1520 1813 1814
f 1813 1770 1814
f 1770 1776 1814
f 1781 1782 1816
f 1781 1816 1817
f 1817 1528 1530
f 1817 1530 1816
f 1530 1524 1816
f 1524 1815 1816
f 1815 1775 1816
f 1775 1782 1816
f 1818 1787 1788
f 1818 1788 1819
f 1819 1818 1820
f 1820 1532 1528
f 1820 1528 1819
f 1528 1817 1819
f 1817 1781 1819
f 1781 1788 1819
f 1821 1822 1823
f 1821 1823 1824
f 1821 1824 1825
f 1825 1820 1818
f 1825 1818 1821
f 1818 1787 1821
f 1822 1790 1787
f 1822 1787 1821
f 1823 1824 1826
f 1823 1822 1826
f 1827 1828 1829
f 1827 1829 1830
f 1827 1830 1831
f 1827 1831 1832
f 1827 1832 1833
f 1827 1833 1828
f 1834 1835 1836
f 1834 1836 1837
f 1834 1837 1838
f 1838 1830 1829
f 1838 1829 1834
f 1839 1828 1829
f 1839 1829 1834
f 1834 1839 1835
f 1840 1794 1795
f 1840 1795 1841
f 1840 1534 1538
f 1840 1538 1841
f 1842 1537 1538
f 1842 1538 1841
f 1842 1837 1836
f 1842 1836 1841
f 1843 1835 1836
f 1843 1836 1841
f 1843 1796 1795
f 1843 1795 1841
f 1844 1800 1801
f 1844 1801 1845
f 1844 1540 1542
f 1844 1542 1845
f 1542 1534 1845
f 1534 1840 1845
f 1840 1794 1845
f 1794 1801 1845
f 1805 1505 1846
f 1505 1544 1846
f 1544 1540 1846
f 1540 1844 1846
f 1844 1800 1846
f 1800 1805 1846
f 1532 1820 1847
f 1532 1546 1847
f 1824 1825 1848
f 1824 1848 1849
f 1548 1550 1848
f 1548 1848 1849
f 1550 1546 1848
f 1546 1847 1848
f 1847 1820 1848
f 1820 1825 1848
f 1850 1851 1852
f 1850 1852 1853
f 1853 1552 1548
f 1853 1548 1850
f 1548 1849 1850
f 1849 1824 1850
f 1851 1826 1824
f 1851 1824 1850
f 1854 1855 1856
f 1854 1856 1857
f 1854 1857 1858
f 1853 1852 1854
f 1853 1854 1858
f 1851 1852 1854
f 1851 1854 1859
f 1854 1859 1855
f 1856 1857 1860
f 1856 1855 1860
f 1861 1830 1831
f 1861 1831 1862
f 1862 1861 1863
f 1862 1863 1864
f 1862 1864 1865
f 1862 1865 1866
f 1866 1832 1831
f 1866 1831 1862
f 1867 1837 1838
f 1867 1838 1868
f 1867 1554 1558
f 1867 1558 1868
f 1869 1557 1558
f 1869 1558 1868
f 1869 1863 1861
f 1869 1861 1868
f 1861 1830 1868
f 1830 1838 1868
f 1842 1537 1870
f 1537 1560 1870
f 1560 1554 1870
f 1554 1867 1870
f 1867 1837 1870
f 1837 1842 1870
f 1552 1853 1871
f 1552 1561 1871
f 1872 1857 1858
f 1872 1858 1873
f 1873 1872 1874
f 1874 1564 1561
f 1874 1561 1873
f 1561 1871 1873
f 1871 1853 1873
f 1853 1858 1873
f 1872 1874 1875
f 1875 1872 1857
f 1875 1857 1876
f 1857 1860 1876
f 1877 1878 1879
f 1877 1879 1880
f 1877 1880 1881
f 1877 1881 1882
f 1877 1882 1883
f 1877 1883 1878
f 1884 1863 1864
f 1884 1864 1885
f 1884 1566 1571
f 1884 1571 1885
f 1886 1570 1571
f 1886 1571 1885
f 1886 1880 1879
f 1886 1879 1885
f 1887 1878 1879
f 1887 1879 1885
f 1887 1865 1864
f 1887 1864 1885
f 1869 1557 1888
f 1557 1574 1888
f 1574 1566 1888
f 1566 1884 1888
f 1884 1863 1888
f 1863 1869 1888
f 1564 1874 1889
f 1564 1576 1889
f 1890 1891 1892
f 1890 1892 1893
f 1893 1578 1576
f 1893 1576 1890
f 1576 1889 1890
f 1889 1874 1890
f 1891 1875 1874
f 1891 1874 1890
f 1892 1893 1894
f 1892 1891 1894
f 1895 1880 1881
f 1895 1881 1896
f 1896 1895 1897
f 1896 1897 1898
f 1896 1898 1899
f 1896 1899 1900
f 1900 1882 1881
f 1900 1881 1896
f 1886 1570 1901
f 1570 1583 1901
f 1902 1582 1583
f 1902 1583 1901
f 1902 1897 1895
f 1902 1895 1901
f 1895 1880 1901
f 1880 1886 1901
f 1578 1893 1903
f 1903 1578 1588
f 1903 1588 1904
f 1588 1587 1904
f 1903 1904 1905
f 1906 1905 1903
f 1906 1903 1893
f 1893 1894 1906
f 1907 1908 1909
f 1907 1909 1910
f 1907 1910 1911
f 1907 1911 1912
f 1907 1912 1913
f 1907 1913 1908
f 1914 1897 1898
f 1914 1898 1915
f 1914 1590 1595
f 1914 1595 1915
f 1916 1594 1595
f 1916 1595 1915
f 1916 1910 1909
f 1916 1909 1915
f 1917 1908 1909
f 1917 1909 1915
f 1917 1899 1898
f 1917 1898 1915
f 1902 1582 1918
f 1582 1598 1918
f 1598 1590 1918
f 1590 1914 1918
f 1914 1897 1918
f 1897 1902 1918
f 1587 1904 1919
f 1587 1600 1919
f 1920 1921 1922
f 1920 1922 1923
f 1923 1602 1600
f 1923 1600 1920
f 1600 1919 1920
f 1919 1904 1920
f 1921 1905 1904
f 1921 1904 1920
f 1922 1923 1924
f 1922 1921 1924
f 1925 1910 1911
f 1925 1911 1926
f 1926 1925 1927
f 1926 1927 1928
f 1926 1928 1929
f 1926 1929 1930
f 1930 1912 1911
f 1930 1911 1926
f 1916 1594 1931
f 1594 1607 1931
f 1932 1606 1607
f 1932 1607 1931
f 1932 1927 1925
f 1932 1925 1931
f 1925 1910 1931
f 1910 1916 1931
f 1602 1923 1933
f 1933 1602 1612
f 1933 1612 1934
f 1612 1611 1934
f 1933 1934 1935
f 1935 1933 1923
f 1935 1923 1936
f 1923 1924 1936
f 1937 1927 1928
f 1937 1928 1938
f 1938 1937 1939
f 1938 1939 1940
f 1938 1940 1941
f 1938 1941 1942
f 1942 1929 1928
f 1942 1928 1938
f 1932 1606 1943
f 1606 1616 1943
f 1944 1615 1616
f 1944 1616 1943
f 1944 1939 1937
f 1944 1937 1943
f 1937 1927 1943
f 1927 1932 1943
f 1611 1934 1945
f 1945 1611 1620
f 1945 1620 1946
f 1620 1619 1946
f 1945 1946 1947
f 1948 1947 1945
f 1948 1945 1934
f 1934 1935 1948
f 1949 1939 1940
f 1949 1940 1950
f 1950 1949 1951
f 1950 1951 1952
f 1950 1952 1953
f 1950 1953 1954
f 1954 1941 1940
f 1954 1940 1950
f 1944 1615 1955
f 1615 1624 1955
f 1956 1623 1624
f 1956 1624 1955
f 1956 1951 1949
f 1956 1949 1955
f 1949 1939 1955
f 1939 1944 1955
f 1619 1946 1957
f 1957 1619 1628
f 1957 1628 1958
f 1628 1627 1958
f 1957 1958 1959
f 1960 1959 1957
f 1960 1957 1946
f 1946 1947 1960
f 1951 1952 1961
f 1951 1961 1962
f 1961 1962 1963
f 1961 1963 1964
f 1961 1964 1965
f 1961 1965 1966
f 1966 1953 1952
f 1966 1952 1961
f 1956 1623 1967
f 1623 1633 1967
f 1968 1632 1633
f 1968 1633 1967
f 1968 1963 1962
f 1968 1962 1967
f 1962 1951 1967
f 1951 1956 1967
f 1627 1958 1969
f 1969 1627 1638
f 1969 1638 1970
f 1638 1637 1970
f 1969 1970 1971
f 1972 1971 1969
f 1972 1969 1958
f 1958 1959 1972
f 1963 1964 1973
f 1963 1973 1974
f 1973 1974 1975
f 1973 1975 1976
f 1973 1976 1977
f 1973 1977 1978
f 1965 1964 1973
f 1965 1973 1978
f 1968 1632 1979
f 1980 1639 1632
f 1980 1632 1979
f 1979 1980 1981
f 1981 1975 1974
f 1981 1974 1979
f 1974 1963 1979
f 1963 1968 1979
f 1639 1642 1982
f 1639 1980 1982
f 1647 1643 1983
f 1647 1646 1983
f 1637 1970 1984
f 1985 1984 1637
f 1985 1637 1648
f 1986 1985 1648
f 1986 1648 1643
f 1643 1983 1986
f 1984 1985 1987
f 1988 1987 1984
f 1988 1984 1970
f 1970 1971 1988
f 1976 1975 1989
f 1976 1977 1989
f 1990 1980 1981
f 1990 1981 1991
f 1991 1990 1992
f 1991 1992 1993
f 1991 1993 1994
f 1994 1989 1975
f 1994 1975 1991
f 1975 1981 1991
f 1982 1642 1995
f 1642 1653 1995
f 1996 1652 1653
f 1996 1653 1995
f 1992 1990 1995
f 1992 1995 1996
f 1990 1980 1995
f 1980 1982 1995
f 1646 1983 1997
f 1998 1997 1646
f 1998 1646 1658
f 1658 1657 1998
f 1986 1985 1999
f 1997 1998 2000
f 2000 1997 1983
f 2000 1983 2001
f 2001 1983 1986
f 2001 1986 1999
f 1985 1999 2002
f 1985 1987 2002
f 1992 1993 2003
f 1992 2003 2004
f 2003 2004 2005
f 2003 2005 2006
f 2003 2006 2007
f 2003 2007 2008
f 1994 1993 2003
f 1994 2003 2008
f 1996 1652 2009
f 2010 1659 1652
f 2010 1652 2009
f 2009 2010 2011
f 2011 2005 2004
f 2011 2004 2009
f 2004 1992 2009
f 1992 1996 2009
f 1659 1662 2012
f 1659 2010 2012
f 1667 1663 2013
f 1667 1666 2013
f 1657 1998 2014
f 2015 2014 1657
f 2015 1657 1668
f 2016 2015 1668
f 2016 1668 1663
f 1663 2013 2016
f 2014 2015 2017
f 2018 2017 2014
f 2018 2014 1998
f 1998 2000 2018
f 2006 2005 2019
f 2006 2007 2019
f 2010 2011 2020
f 2010 2020 2021
f 2020 2021 2022
f 2020 2022 2023
f 2020 2023 2024
f 2024 2019 2005
f 2024 2005 2020
f 2005 2011 2020
f 2012 1662 2025
f 2026 1670 1662
f 2026 1662 2025
f 2025 2026 2027
f 2027 2022 2021
f 2027 2021 2025
f 2021 2010 2025
f 2010 2012 2025
f 1670 1672 2028
f 1670 2026 2028
f 1678 1674 2029
f 1678 1677 2029
f 1666 2013 2030
f 2031 2030 1666
f 2031 1666 1680
f 2031 1680 1674
f 2031 1674 2032
f 1674 2029 2032
f 2016 2015 2033
f 2030 2031 2034
f 2035 2034 2030
f 2035 2030 2013
f 2035 2013 2016
f 2035 2016 2033
f 2015 2033 2036
f 2015 2017 2036
f 2023 2022 2037
f 2023 2024 2037
f 2038 2026 2027
f 2038 2027 2039
f 2039 2038 2040
f 2039 2040 2041
f 2039 2041 2042
f 2042 2037 2022
f 2042 2022 2039
f 2022 2027 2039
f 2028 1672 2043
f 1681 1672 2043
f 1681 2043 2044
f 2043 2044 2045
f 2040 2038 2043
f 2040 2043 2045
f 2038 2026 2043
f 2026 2028 2043
f 1681 1685 2046
f 1681 2044 2046
f 1692 1689 2047
f 1692 1691 2047
f 1677 2029 2048
f 2049 2048 1677
f 2049 1677 1694
f 2049 1694 1689
f 2049 1689 2050
f 1689 2047 2050
f 2032 2031 2051
f 2048 2049 2052
f 2053 2052 2048
f 2053 2048 2029
f 2053 2029 2032
f 2053 2032 2051
f 2031 2051 2054
f 2031 2034 2054
f 2041 2040 2055
f 2041 2042 2055
f 2044 2045 2056
f 2044 2056 2057
f 2056 2057 2058
f 2056 2058 2059
f 2056 2059 2060
f 2055 2040 2056
f 2055 2056 2060
f 2040 2045 2056
f 2046 1685 2061
f 2062 1695 1685
f 2062 1685 2061
f 2061 2062 2063
f 2063 2058 2057
f 2063 2057 2061
f 2057 2044 2061
f 2044 2046 2061
f 1698 1696 2064
f 2064 1698 1695
f 2064 1695 2065
f 1695 2062 2065
f 1702 1700 2066
f 2067 2066 1702
f 2067 1702 1696
f 1696 2064 2067
f 1700 1705 2068
f 1700 2066 2068
f 1714 1711 2069
f 1714 1713 2069
f 1718 1716 2070
f 2070 1718 1711
f 2070 1711 2071
f 1711 2069 2071
f 1721 1719 2072
f 2072 1721 1716
f 2072 1716 2073
f 1716 2070 2073
f 1691 2047 2074
f 2075 2074 1691
f 2075 1691 1722
f 2076 2075 1722
f 2076 1722 1719
f 1719 2072 2076
f 2050 2049 2077
f 2074 2075 2078
f 2079 2078 2074
f 2079 2074 2047
f 2079 2047 2050
f 2079 2050 2077
f 2049 2077 2080
f 2049 2052 2080
f 2059 2058 2081
f 2059 2060 2081
f 2063 2062 2082
f 2058 2081 2083
f 2082 2083 2058
f 2082 2058 2063
f 2064 2065 2084
f 2064 2084 2085
f 2084 2085 2086
f 2084 2086 2087
f 2084 2087 2088
f 2082 2062 2084
f 2082 2084 2088
f 2062 2065 2084
f 2089 2066 2067
f 2089 2067 2090
f 2090 2089 2091
f 2090 2091 2092
f 2092 2086 2085
f 2092 2085 2090
f 2085 2064 2090
f 2064 2067 2090
f 2068 1705 2093
f 2094 1723 1705
f 2094 1705 2093
f 2093 2094 2095
f 2091 2089 2093
f 2091 2093 2095
f 2089 2066 2093
f 2066 2068 2093
f 1725 1724 2096
f 2096 1725 1723
f 2096 1723 2097
f 1723 2094 2097
f 1727 1726 2098
f 2098 1727 1724
f 2098 1724 2099
f 1724 2096 2099
f 1713 2069 2100
f 2100 1713 1728
f 2100 1728 2101
f 2101 1728 1726
f 2101 1726 2102
f 1726 2098 2102
f 2070 2071 2103
f 2070 2103 2104
f 2103 2104 2105
f 2103 2105 2106
f 2101 2100 2103
f 2101 2103 2106
f 2100 2069 2103
f 2069 2071 2103
f 2073 2072 2107
f 2104 2105 2108
f 2109 2108 2104
f 2109 2104 2070
f 2109 2070 2073
f 2109 2073 2107
f 2076 2075 2110
f 2072 2107 2111
f 2111 2072 2076
f 2111 2076 2110
f 2075 2110 2112
f 2075 2078 2112
f 2087 2086 2113
f 2087 2088 2113
f 2092 2091 2114
f 2086 2113 2115
f 2114 2115 2086
f 2114 2086 2092
f 2095 2094 2116
f 2091 2114 2117
f 2116 2117 2091
f 2116 2091 2095
f 2097 2096 2118
f 2094 2116 2119
f 2118 2119 2094
f 2118 2094 2097
f 2099 2098 2120
f 2096 2118 2121
f 2120 2121 2096
f 2120 2096 2099
f 2102 2101 2122
f 2098 2120 2123
f 2123 2098 2102
f 2123 2102 2122
f 2106 2105 2124
f 2101 2122 2125
f 2125 2101 2106
f 2125 2106 2124
f 2105 2124 2126
f 2105 2108 2126
f 1735 1730 2127
f 1735 1734 2127
f 1730 1736 2128
f 1730 2127 2128
f 1743 1738 2129
f 1743 1742 2129
f 2130 2131 2132
f 1745 1749 2130
f 1745 2130 2132
f 1749 1738 2130
f 2133 2129 1738
f 2133 1738 2130
f 2130 2133 2134
f 2130 2134 2131
f 2135 2136 2137
f 2137 1751 1755
f 2137 1755 2135
f 1755 1745 2135
f 1745 2132 2135
f 2138 2131 2132
f 2138 2132 2135
f 2135 2138 2136
f 2139 2140 2141
f 2141 1757 1761
f 2141 1761 2139
f 1761 1751 2139
f 1751 2137 2139
f 2136 2137 2139
f 2136 2139 2142
f 2139 2142 2140
f 2143 2127 1734
f 2143 1734 2144
f 1734 1766 2144
f 1766 1757 2144
f 1757 2141 2144
f 2140 2141 2144
f 2140 2144 2145
f 2144 2145 2143
f 2146 2128 1736
f 2146 1736 2147
f 1736 1768 2147
f 2127 2143 2148
f 2148 2127 2128
f 2148 2128 2146
f 2149 2150 2151
f 1773 1777 2149
f 1773 2149 2151
f 1777 1768 2149
f 1768 2147 2149
f 2146 2147 2149
f 2146 2149 2152
f 2149 2152 2150
f 2153 2154 2155
f 1779 1783 2153
f 1779 2153 2155
f 1783 1773 2153
f 1773 2151 2153
f 2150 2151 2153
f 2150 2153 2156
f 2153 2156 2154
f 1789 1785 2157
f 2158 2157 1789
f 2158 1789 1779
f 2159 2158 1779
f 2159 1779 2155
f 2155 2154 2159
f 1785 1790 2160
f 1785 2157 2160
f 2161 2162 2163
f 2163 1792 1797
f 2163 1797 2161
f 2164 1796 1797
f 2164 1797 2161
f 2161 2164 2165
f 2161 2165 2166
f 2161 2166 2162
f 2167 2129 1742
f 2167 1742 2168
f 1742 1802 2168
f 1802 1792 2168
f 1792 2163 2168
f 2169 2162 2163
f 2169 2163 2168
f 2168 2169 2167
f 2129 2167 2170
f 2129 2133 2170
f 2158 2157 2171
f 2158 2159 2171
f 2172 2160 1790
f 2172 1790 2173
f 1790 1822 2173
f 2157 2171 2174
f 2172 2174 2157
f 2172 2157 2160
f 1822 1826 2175
f 2175 1822 2173
f 2175 2173 2176
f 2173 2172 2176
f 1833 1828 2177
f 1833 1832 2177
f 2178 2179 2180
f 2180 1835 1839
f 2180 1839 2178
f 1839 1828 2178
f 2181 2177 1828
f 2181 1828 2178
f 2178 2181 2182
f 2178 2182 2179
f 2164 1796 2183
f 1796 1843 2183
f 1843 1835 2183
f 1835 2180 2183
f 2179 2180 2183
f 2179 2183 2184
f 2165 2164 2183
f 2165 2183 2184
f 2185 2175 1826
f 2185 1826 2186
f 1826 1851 2186
f 2175 2176 2185
f 1859 1855 2187
f 2188 2187 1859
f 2188 1859 1851
f 2188 1851 2186
f 2188 2186 2189
f 2186 2185 2189
f 1855 1860 2190
f 1855 2187 2190
f 2191 2177 1832
f 2191 1832 2192
f 1832 1866 2192
f 2193 1865 1866
f 2193 1866 2192
f 2192 2193 2194
f 2192 2194 2195
f 2192 2195 2191
f 2177 2191 2196
f 2177 2181 2196
f 2188 2187 2197
f 2188 2189 2197
f 2190 1860 2198
f 1860 1876 2198
f 1875 1876 2198
f 1875 2198 2199
f 2198 2199 2200
f 2197 2187 2198
f 2197 2198 2200
f 2187 2190 2198
f 2201 2202 2203
f 2203 1878 1883
f 2203 1883 2201
f 1882 1883 2201
f 1882 2201 2204
f 2201 2204 2205
f 2201 2205 2206
f 2201 2206 2202
f 2193 1865 2207
f 1865 1887 2207
f 1887 1878 2207
f 1878 2203 2207
f 2202 2203 2207
f 2202 2207 2208
f 2194 2193 2207
f 2194 2207 2208
f 2209 2199 1875
f 2209 1875 2210
f 1875 1891 2210
f 2199 2200 2209
f 1891 1894 2211
f 2211 1891 2210
f 2211 2210 2212
f 2210 2209 2212
f 2204 1882 2213
f 1882 1900 2213
f 2214 1899 1900
f 2214 1900 2213
f 2213 2214 2215
f 2213 2215 2216
f 2216 2205 2204
f 2216 2204 2213
f 2211 1894 2217
f 1894 1906 2217
f 2218 1905 1906
f 2218 1906 2217
f 2217 2218 2219
f 2217 2219 2220
f 2220 2212 2211
f 2220 2211 2217
f 2221 2222 2223
f 1908 1913 2221
f 1908 2221 2223
f 1912 1913 2221
f 1912 2221 2224
f 2221 2224 2225
f 2221 2225 2226
f 2221 2226 2222
f 2214 1899 2227
f 1899 1917 2227
f 1917 1908 2227
f 1908 2223 2227
f 2228 2222 2223
f 2228 2223 2227
f 2215 2214 2227
f 2215 2227 2228
f 2229 2230 2218
f 2229 2218 1905
f 1905 1921 2229
f 2218 2219 2230
f 1921 1924 2231
f 2231 1921 2229
f 2231 2229 2232
f 2229 2230 2232
f 2224 1912 2233
f 1912 1930 2233
f 1929 1930 2233
f 1929 2233 2234
f 2233 2234 2235
f 2233 2235 2236
f 2236 2225 2224
f 2236 2224 2233
f 2231 1924 2237
f 1924 1936 2237
f 1935 1936 2237
f 1935 2237 2238
f 2237 2238 2239
f 2237 2239 2240
f 2240 2232 2231
f 2240 2231 2237
f 2234 1929 2241
f 1929 1942 2241
f 1941 1942 2241
f 1941 2241 2242
f 2241 2242 2243
f 2241 2243 2244
f 2244 2235 2234
f 2244 2234 2241
f 2238 1935 2245
f 1935 1948 2245
f 2246 1947 1948
f 2246 1948 2245
f 2245 2246 2247
f 2245 2247 2248
f 2248 2239 2238
f 2248 2238 2245
f 2242 1941 2249
f 1941 1954 2249
f 1953 1954 2249
f 1953 2249 2250
f 2249 2250 2251
f 2249 2251 2252
f 2243 2242 2249
f 2243 2249 2252
f 2246 1947 2253
f 1947 1960 2253
f 2254 1959 1960
f 2254 1960 2253
f 2253 2254 2255
f 2253 2255 2256
f 2256 2247 2246
f 2256 2246 2253
f 2250 1953 2257
f 1953 1966 2257
f 1965 1966 2257
f 1965 2257 2258
f 2257 2258 2259
f 2257 2259 2260
f 2251 2250 2257
f 2251 2257 2260
f 2254 1959 2261
f 1959 1972 2261
f 2262 1971 1972
f 2262 1972 2261
f 2261 2262 2263
f 2261 2263 2264
f 2264 2255 2254
f 2264 2254 2261
f 2265 2266 2258
f 2265 2258 1965
f 2265 1965 1978
f 2265 1978 2267
f 1978 1977 2267
f 2258 2259 2266
f 2265 2267 2268
f 2265 2266 2268
f 2269 2270 2271
f 2269 2271 2272
f 2269 2272 2273
f 2269 2273 2274
f 2269 2274 2275
f 2269 2275 2270
f 2262 1971 2276
f 1971 1988 2276
f 2277 1987 1988
f 2277 1988 2276
f 2277 2272 2271
f 2277 2271 2276
f 2278 2270 2271
f 2278 2271 2276
f 2278 2263 2262
f 2278 2262 2276
f 1977 2267 2279
f 1977 1989 2279
f 1989 1994 2280
f 2280 1989 2279
f 2280 2279 2281
f 2281 2279 2267
f 2281 2267 2282
f 2267 2268 2282
f 2283 2272 2273
f 2283 2273 2284
f 2283 1999 2001
f 2283 2001 2284
f 2285 2000 2001
f 2285 2001 2284
f 2284 2285 2286
f 2284 2286 2287
f 2287 2274 2273
f 2287 2273 2284
f 2277 1987 2288
f 1987 2002 2288
f 2002 1999 2288
f 1999 2283 2288
f 2283 2272 2288
f 2272 2277 2288
f 2289 2290 2280
f 2289 2280 1994
f 2289 1994 2008
f 2289 2008 2291
f 2008 2007 2291
f 2280 2281 2290
f 2289 2291 2292
f 2289 2290 2292
f 2293 2294 2295
f 2293 2295 2296
f 2293 2296 2297
f 2293 2297 2298
f 2293 2298 2299
f 2293 2299 2294
f 2285 2000 2300
f 2000 2018 2300
f 2301 2017 2018
f 2301 2018 2300
f 2301 2296 2295
f 2301 2295 2300
f 2302 2294 2295
f 2302 2295 2300
f 2302 2286 2285
f 2302 2285 2300
f 2007 2291 2303
f 2007 2019 2303
f 2019 2024 2304
f 2305 2304 2019
f 2305 2019 2303
f 2306 2305 2303
f 2306 2303 2291
f 2291 2292 2306
f 2307 2296 2297
f 2307 2297 2308
f 2307 2033 2035
f 2307 2035 2308
f 2309 2034 2035
f 2309 2035 2308
f 2308 2309 2310
f 2308 2310 2311
f 2311 2298 2297
f 2311 2297 2308
f 2301 2017 2312
f 2017 2036 2312
f 2036 2033 2312
f 2033 2307 2312
f 2307 2296 2312
f 2296 2301 2312
f 2313 2314 2304
f 2313 2304 2024
f 2024 2037 2313
f 2304 2305 2314
f 2037 2042 2315
f 2316 2315 2037
f 2316 2037 2313
f 2313 2314 2316
f 2317 2318 2319
f 2319 2051 2053
f 2319 2053 2317
f 2320 2052 2053
f 2320 2053 2317
f 2317 2320 2321
f 2317 2321 2322
f 2317 2322 2318
f 2309 2034 2323
f 2034 2054 2323
f 2054 2051 2323
f 2051 2319 2323
f 2324 2318 2319
f 2324 2319 2323
f 2324 2310 2309
f 2324 2309 2323
f 2325 2326 2315
f 2325 2315 2042
f 2042 2055 2325
f 2315 2316 2326
f 2327 2328 2329
f 2327 2329 2330
f 2330 2060 2055
f 2330 2055 2327
f 2055 2325 2327
f 2331 2326 2325
f 2331 2325 2327
f 2327 2331 2328
f 2329 2330 2332
f 2329 2328 2332
f 2333 2334 2335
f 2333 2335 2336
f 2333 2336 2337
f 2333 2337 2338
f 2333 2338 2339
f 2333 2339 2334
f 2340 2341 2342
f 2342 2077 2079
f 2342 2079 2340
f 2343 2078 2079
f 2343 2079 2340
f 2343 2336 2335
f 2343 2335 2340
f 2344 2334 2335
f 2344 2335 2340
f 2340 2344 2341
f 2320 2052 2345
f 2052 2080 2345
f 2080 2077 2345
f 2077 2342 2345
f 2346 2341 2342
f 2346 2342 2345
f 2346 2321 2320
f 2346 2320 2345
f 2060 2330 2347
f 2060 2081 2347
f 2348 2349 2350
f 2082 2083 2348
f 2082 2348 2350
f 2083 2081 2348
f 2081 2347 2348
f 2347 2330 2348
f 2332 2330 2348
f 2332 2348 2349
f 2351 2352 2353
f 2351 2353 2354
f 2354 2088 2082
f 2354 2082 2351
f 2082 2350 2351
f 2349 2350 2351
f 2349 2351 2355
f 2351 2355 2352
f 2356 2357 2358
f 2356 2358 2359
f 2356 2359 2360
f 2354 2353 2356
f 2354 2356 2360
f 2352 2353 2356
f 2352 2356 2361
f 2356 2361 2357
f 2358 2359 2362
f 2358 2357 2362
f 2363 2364 2365
f 2363 2365 2366
f 2363 2366 2367
f 2363 2367 2368
f 2363 2368 2369
f 2363 2369 2364
f 2370 2371 2372
f 2370 2372 2373
f 2370 2373 2374
f 2374 2366 2365
f 2374 2365 2370
f 2375 2364 2365
f 2375 2365 2370
f 2370 2375 2371
f 2376 2377 2378
f 2378 2107 2109
f 2378 2109 2376
f 2379 2108 2109
f 2379 2109 2376
f 2379 2373 2372
f 2379 2372 2376
f 2380 2371 2372
f 2380 2372 2376
f 2376 2380 2377
f 2381 2336 2337
f 2381 2337 2382
f 2381 2110 2111
f 2381 2111 2382
f 2111 2107 2382
f 2107 2378 2382
f 2383 2377 2378
f 2383 2378 2382
f 2383 2338 2337
f 2383 2337 2382
f 2343 2078 2384
f 2078 2112 2384
f 2112 2110 2384
f 2110 2381 2384
f 2381 2336 2384
f 2336 2343 2384
f 2088 2354 2385
f 2088 2113 2385
f 2386 2359 2360
f 2386 2360 2387
f 2114 2115 2387
f 2114 2387 2386
f 2115 2113 2387
f 2113 2385 2387
f 2385 2354 2387
f 2354 2360 2387
f 2388 2389 2390
f 2116 2117 2388
f 2116 2388 2390
f 2117 2114 2388
f 2114 2386 2388
f 2386 2359 2388
f 2389 2362 2359
f 2389 2359 2388
f 2391 2392 2393
f 2393 2118 2119
f 2393 2119 2391
f 2119 2116 2391
f 2116 2390 2391
f 2394 2389 2390
f 2394 2390 2391
f 2391 2394 2392
f 2395 2396 2397
f 2397 2120 2121
f 2397 2121 2395
f 2121 2118 2395
f 2118 2393 2395
f 2398 2392 2393
f 2398 2393 2395
f 2395 2398 2396
f 2399 2366 2367
f 2399 2367 2400
f 2399 2122 2123
f 2399 2123 2400
f 2123 2120 2400
f 2120 2397 2400
f 2401 2396 2397
f 2401 2397 2400
f 2401 2368 2367
f 2401 2367 2400
f 2402 2373 2374
f 2402 2374 2403
f 2402 2124 2125
f 2402 2125 2403
f 2125 2122 2403
f 2122 2399 2403
f 2399 2366 2403
f 2366 2374 2403
f 2379 2108 2404
f 2108 2126 2404
f 2126 2124 2404
f 2124 2402 2404
f 2402 2373 2404
f 2373 2379 2404
f 2405 2406 2407
f 2131 2134 2405
f 2131 2405 2407
f 2408 2133 2134
f 2408 2134 2405
f 2405 2408 2409
f 2405 2409 2410
f 2405 2410 2406
f 2411 2412 2413
f 2413 2136 2138
f 2413 2138 2411
f 2138 2131 2411
f 2131 2407 2411
f 2414 2406 2407
f 2414 2407 2411
f 2411 2414 2412
f 2415 2416 2417
f 2417 2140 2142
f 2417 2142 2415
f 2142 2136 2415
f 2136 2413 2415
f 2418 2412 2413
f 2418 2413 2415
f 2415 2418 2416
f 2419 2420 2421
f 2421 2143 2145
f 2421 2145 2419
f 2145 2140 2419
f 2140 2417 2419
f 2416 2417 2419
f 2416 2419 2422
f 2419 2422 2420
f 2423 2424 2425
f 2146 2148 2423
f 2146 2423 2425
f 2148 2143 2423
f 2143 2421 2423
f 2420 2421 2423
f 2420 2423 2426
f 2423 2426 2424
f 2427 2428 2429
f 2150 2152 2427
f 2150 2427 2429
f 2152 2146 2427
f 2146 2425 2427
f 2424 2425 2427
f 2424 2427 2430
f 2427 2430 2428
f 2431 2432 2433
f 2154 2156 2431
f 2154 2431 2433
f 2156 2150 2431
f 2150 2429 2431
f 2428 2429 2431
f 2428 2431 2434
f 2431 2434 2432
f 2154 2159 2435
f 2436 2435 2154
f 2436 2154 2433
f 2433 2432 2436
f 2437 2438 2439
f 2162 2166 2437
f 2162 2437 2439
f 2440 2165 2166
f 2440 2166 2437
f 2437 2440 2441
f 2437 2441 2442
f 2437 2442 2438
f 2443 2444 2445
f 2445 2167 2169
f 2445 2169 2443
f 2169 2162 2443
f 2162 2439 2443
f 2446 2438 2439
f 2446 2439 2443
f 2443 2446 2444
f 2408 2133 2447
f 2133 2170 2447
f 2170 2167 2447
f 2167 2445 2447
f 2444 2445 2447
f 2444 2447 2448
f 2409 2408 2447
f 2409 2447 2448
f 2449 2435 2159
f 2449 2159 2450
f 2159 2171 2450
f 2435 2436 2449
f 2451 2452 2453
f 2172 2174 2451
f 2172 2451 2453
f 2174 2171 2451
f 2171 2450 2451
f 2449 2450 2451
f 2449 2451 2454
f 2451 2454 2452
f 2172 2176 2455
f 2456 2455 2172
f 2456 2172 2453
f 2453 2452 2456
f 2457 2458 2459
f 2459 2179 2182
f 2459 2182 2457
f 2460 2181 2182
f 2460 2182 2457
f 2457 2460 2461
f 2457 2461 2462
f 2457 2462 2458
f 2440 2165 2463
f 2165 2184 2463
f 2184 2179 2463
f 2179 2459 2463
f 2464 2458 2459
f 2464 2459 2463
f 2464 2441 2440
f 2464 2440 2463
f 2465 2455 2176
f 2465 2176 2466
f 2176 2185 2466
f 2455 2456 2465
f 2185 2189 2467
f 2468 2467 2185
f 2468 2185 2466
f 2466 2465 2468
f 2469 2470 2471
f 2471 2191 2195
f 2471 2195 2469
f 2472 2194 2195
f 2472 2195 2469
f 2469 2472 2473
f 2469 2473 2474
f 2469 2474 2470
f 2460 2181 2475
f 2181 2196 2475
f 2196 2191 2475
f 2191 2471 2475
f 2476 2470 2471
f 2476 2471 2475
f 2476 2461 2460
f 2476 2460 2475
f 2477 2467 2189
f 2477 2189 2478
f 2189 2197 2478
f 2467 2468 2477
f 2197 2200 2479
f 2479 2197 2478
f 2479 2478 2480
f 2478 2477 2480
f 2481 2482 2483
f 2202 2206 2481
f 2202 2481 2483
f 2205 2206 2481
f 2205 2481 2484
f 2481 2484 2485
f 2481 2485 2486
f 2481 2486 2482
f 2472 2194 2487
f 2194 2208 2487
f 2208 2202 2487
f 2202 2483 2487
f 2488 2482 2483
f 2488 2483 2487
f 2488 2473 2472
f 2488 2472 2487
f 2489 2490 2479
f 2489 2479 2200
f 2200 2209 2489
f 2479 2480 2490
f 2209 2212 2491
f 2491 2209 2489
f 2491 2489 2492
f 2489 2490 2492
f 2484 2205 2493
f 2205 2216 2493
f 2494 2215 2216
f 2494 2216 2493
f 2493 2494 2495
f 2493 2495 2496
f 2496 2485 2484
f 2496 2484 2493
f 2491 2212 2497
f 2212 2220 2497
f 2219 2220 2497
f 2219 2497 2498
f 2497 2498 2499
f 2497 2499 2500
f 2500 2492 2491
f 2500 2491 2497
f 2226 2222 2501
f 2226 2225 2501
f 2494 2215 2502
f 2215 2228 2502
f 2228 2222 2502
f 2503 2501 2222
f 2503 2222 2502
f 2502 2503 2504
f 2504 2495 2494
f 2504 2494 2502
f 2498 2219 2505
f 2506 2230 2219
f 2506 2219 2505
f 2505 2506 2507
f 2505 2507 2508
f 2505 2508 2509
f 2499 2498 2505
f 2499 2505 2509
f 2230 2232 2510
f 2230 2506 2510
f 2511 2501 2225
f 2511 2225 2512
f 2225 2236 2512
f 2235 2236 2512
f 2235 2512 2513
f 2512 2513 2514
f 2512 2514 2515
f 2512 2515 2511
f 2501 2511 2516
f 2501 2503 2516
f 2507 2506 2517
f 2507 2508 2517
f 2510 2232 2518
f 2232 2240 2518
f 2239 2240 2518
f 2239 2518 2519
f 2518 2519 2520
f 2517 2506 2518
f 2517 2518 2520
f 2506 2510 2518
f 2513 2235 2521
f 2235 2244 2521
f 2243 2244 2521
f 2243 2521 2522
f 2521 2522 2523
f 2521 2523 2524
f 2524 2514 2513
f 2524 2513 2521
f 2519 2239 2525
f 2239 2248 2525
f 2247 2248 2525
f 2247 2525 2526
f 2525 2526 2527
f 2525 2527 2528
f 2528 2520 2519
f 2528 2519 2525
f 2522 2243 2529
f 2243 2252 2529
f 2251 2252 2529
f 2251 2529 2530
f 2529 2530 2531
f 2529 2531 2532
f 2523 2522 2529
f 2523 2529 2532
f 2526 2247 2533
f 2247 2256 2533
f 2534 2255 2256
f 2534 2256 2533
f 2533 2534 2535
f 2533 2535 2536
f 2536 2527 2526
f 2536 2526 2533
f 2537 2538 2530
f 2537 2530 2251
f 2539 2537 2251
f 2539 2251 2260
f 2260 2259 2539
f 2530 2531 2538
f 2537 2539 2540
f 2537 2538 2540
f 2541 2542 2543
f 2541 2543 2544
f 2541 2544 2545
f 2541 2545 2546
f 2541 2546 2547
f 2541 2547 2542
f 2534 2255 2548
f 2255 2264 2548
f 2549 2263 2264
f 2549 2264 2548
f 2549 2544 2543
f 2549 2543 2548
f 2550 2542 2543
f 2550 2543 2548
f 2550 2535 2534
f 2550 2534 2548
f 2259 2539 2551
f 2259 2266 2551
f 2266 2268 2552
f 2552 2266 2551
f 2552 2551 2553
f 2553 2551 2539
f 2553 2539 2554
f 2539 2540 2554
f 2555 2544 2545
f 2555 2545 2556
f 2555 2270 2275
f 2555 2275 2556
f 2557 2274 2275
f 2557 2275 2556
f 2556 2557 2558
f 2556 2558 2559
f 2559 2546 2545
f 2559 2545 2556
f 2549 2263 2560
f 2263 2278 2560
f 2278 2270 2560
f 2270 2555 2560
f 2555 2544 2560
f 2544 2549 2560
f 2552 2268 2561
f 2268 2282 2561
f 2281 2282 2561
f 2281 2561 2562
f 2561 2562 2563
f 2561 2563 2564
f 2553 2552 2561
f 2553 2561 2564
f 2557 2274 2565
f 2274 2287 2565
f 2566 2286 2287
f 2566 2287 2565
f 2565 2566 2567
f 2565 2567 2568
f 2568 2558 2557
f 2568 2557 2565
f 2569 2570 2562
f 2569 2562 2281
f 2281 2290 2569
f 2562 2563 2570
f 2290 2292 2571
f 2572 2571 2290
f 2572 2290 2569
f 2569 2570 2572
f 2573 2574 2575
f 2575 2294 2299
f 2575 2299 2573
f 2576 2298 2299
f 2576 2299 2573
f 2573 2576 2577
f 2573 2577 2578
f 2573 2578 2574
f 2566 2286 2579
f 2286 2302 2579
f 2302 2294 2579
f 2294 2575 2579
f 2580 2574 2575
f 2580 2575 2579
f 2580 2567 2566
f 2580 2566 2579
f 2581 2582 2571
f 2581 2571 2292
f 2581 2292 2306
f 2581 2306 2583
f 2306 2305 2583
f 2571 2572 2582
f 2581 2583 2584
f 2581 2582 2584
f 2585 2586 2587
f 2585 2587 2588
f 2585 2588 2589
f 2585 2589 2590
f 2585 2590 2591
f 2585 2591 2586
f 2576 2298 2592
f 2298 2311 2592
f 2593 2310 2311
f 2593 2311 2592
f 2593 2588 2587
f 2593 2587 2592
f 2594 2586 2587
f 2594 2587 2592
f 2594 2577 2576
f 2594 2576 2592
f 2305 2583 2595
f 2305 2314 2595
f 2596 2597 2598
f 2596 2598 2599
f 2599 2316 2314
f 2599 2314 2596
f 2314 2595 2596
f 2595 2583 2596
f 2584 2583 2596
f 2584 2596 2597
f 2598 2599 2600
f 2598 2597 2600
f 2601 2602 2603
f 2601 2603 2604
f 2601 2604 2605
f 2601 2605 2606
f 2601 2606 2607
f 2601 2607 2602
f 2608 2588 2589
f 2608 2589 2609
f 2608 2318 2322
f 2608 2322 2609
f 2610 2321 2322
f 2610 2322 2609
f 2610 2604 2603
f 2610 2603 2609
f 2611 2602 2603
f 2611 2603 2609
f 2611 2590 2589
f 2611 2589 2609
f 2593 2310 2612
f 2310 2324 2612
f 2324 2318 2612
f 2318 2608 2612
f 2608 2588 2612
f 2588 2593 2612
f 2316 2599 2613
f 2316 2326 2613
f 2614 2615 2616
f 2328 2331 2614
f 2328 2614 2616
f 2331 2326 2614
f 2326 2613 2614
f 2613 2599 2614
f 2600 2599 2614
f 2600 2614 2615
f 2328 2332 2617
f 2618 2617 2328
f 2618 2328 2616
f 2616 2615 2618
f 2619 2620 2621
f 2621 2334 2339
f 2621 2339 2619
f 2622 2338 2339
f 2622 2339 2619
f 2619 2622 2623
f 2619 2623 2624
f 2619 2624 2620
f 2625 2604 2605
f 2625 2605 2626
f 2625 2341 2344
f 2625 2344 2626
f 2344 2334 2626
f 2334 2621 2626
f 2627 2620 2621
f 2627 2621 2626
f 2627 2606 2605
f 2627 2605 2626
f 2610 2321 2628
f 2321 2346 2628
f 2346 2341 2628
f 2341 2625 2628
f 2625 2604 2628
f 2604 2610 2628
f 2629 2630 2617
f 2629 2617 2332
f 2332 2349 2629
f 2617 2618 2630
f 2631 2632 2633
f 2352 2355 2631
f 2352 2631 2633
f 2355 2349 2631
f 2349 2629 2631
f 2634 2630 2629
f 2634 2629 2631
f 2631 2634 2632
f 2635 2636 2637
f 2637 2357 2361
f 2637 2361 2635
f 2361 2352 2635
f 2352 2633 2635
f 2632 2633 2635
f 2632 2635 2638
f 2635 2638 2636
f 2639 2640 2641
f 2639 2641 2642
f 2642 2362 2357
f 2642 2357 2639
f 2357 2637 2639
f 2636 2637 2639
f 2636 2639 2643
f 2639 2643 2640
f 2641 2642 2644
f 2641 2640 2644
f 2645 2646 2647
f 2645 2647 2648
f 2645 2648 2649
f 2645 2649 2650
f 2645 2650 2651
f 2645 2651 2646
f 2652 2653 2654
f 2654 2364 2369
f 2654 2369 2652
f 2655 2368 2369
f 2655 2369 2652
f 2655 2648 2647
f 2655 2647 2652
f 2656 2646 2647
f 2656 2647 2652
f 2652 2656 2653
f 2657 2658 2659
f 2659 2371 2375
f 2659 2375 2657
f 2375 2364 2657
f 2364 2654 2657
f 2660 2653 2654
f 2660 2654 2657
f 2657 2660 2658
f 2661 2662 2663
f 2663 2377 2380
f 2663 2380 2661
f 2380 2371 2661
f 2371 2659 2661
f 2664 2658 2659
f 2664 2659 2661
f 2661 2664 2662
f 2622 2338 2665
f 2338 2383 2665
f 2383 2377 2665
f 2377 2663 2665
f 2666 2662 2663
f 2666 2663 2665
f 2666 2623 2622
f 2666 2622 2665
f 2362 2642 2667
f 2362 2389 2667
f 2668 2669 2670
f 2392 2394 2668
f 2392 2668 2670
f 2394 2389 2668
f 2389 2667 2668
f 2667 2642 2668
f 2669 2644 2642
f 2669 2642 2668
f 2671 2648 2649
f 2671 2649 2672
f 2671 2396 2398
f 2671 2398 2672
f 2398 2392 2672
f 2392 2670 2672
f 2673 2669 2670
f 2673 2670 2672
f 2673 2650 2649
f 2673 2649 2672
f 2655 2368 2674
f 2368 2401 2674
f 2401 2396 2674
f 2396 2671 2674
f 2671 2648 2674
f 2648 2655 2674
f 2675 2676 2677
f 2675 2677 2678
f 2675 2678 2679
f 2675 2679 2680
f 2675 2680 2681
f 2675 2681 2676
f 2682 2683 2684
f 2682 2684 2685
f 2682 2685 2686
f 2686 2678 2677
f 2686 2677 2682
f 2687 2676 2677
f 2687 2677 2682
f 2682 2687 2683
f 2688 2689 2690
f 2688 2690 2691
f 2688 2691 2692
f 2692 2685 2684
f 2692 2684 2688
f 2693 2683 2684
f 2693 2684 2688
f 2688 2693 2689
f 2694 2695 2696
f 2694 2696 2697
f 2694 2697 2698
f 2698 2691 2690
f 2698 2690 2694
f 2699 2689 2690
f 2699 2690 2694
f 2694 2699 2695
f 2700 2701 2702
f 2700 2702 2703
f 2700 2703 2704
f 2697 2696 2700
f 2697 2700 2704
f 2695 2696 2700
f 2695 2700 2705
f 2700 2705 2701
f 2702 2703 2706
f 2702 2701 2706
f 2707 2708 2709
f 2707 2709 2710
f 2707 2710 2711
f 2707 2711 2712
f 2707 2712 2713
f 2707 2713 2708
f 2714 2715 2716
f 2714 2716 2717
f 2714 2717 2718
f 2718 2710 2709
f 2718 2709 2714
f 2719 2708 2709
f 2719 2709 2714
f 2714 2719 2715
f 2720 2721 2722
f 2722 2406 2410
f 2722 2410 2720
f 2723 2409 2410
f 2723 2410 2720
f 2723 2717 2716
f 2723 2716 2720
f 2724 2715 2716
f 2724 2716 2720
f 2720 2724 2721
f 2725 2678 2679
f 2725 2679 2726
f 2725 2412 2414
f 2725 2414 2726
f 2414 2406 2726
f 2406 2722 2726
f 2727 2721 2722
f 2727 2722 2726
f 2727 2680 2679
f 2727 2679 2726
f 2728 2685 2686
f 2728 2686 2729
f 2728 2416 2418
f 2728 2418 2729
f 2418 2412 2729
f 2412 2725 2729
f 2725 2678 2729
f 2678 2686 2729
f 2730 2691 2692
f 2730 2692 2731
f 2730 2420 2422
f 2730 2422 2731
f 2422 2416 2731
f 2416 2728 2731
f 2728 2685 2731
f 2685 2692 2731
f 2732 2697 2698
f 2732 2698 2733
f 2732 2424 2426
f 2732 2426 2733
f 2426 2420 2733
f 2420 2730 2733
f 2730 2691 2733
f 2691 2698 2733
f 2734 2703 2704
f 2734 2704 2735
f 2734 2428 2430
f 2734 2430 2735
f 2430 2424 2735
f 2424 2732 2735
f 2732 2697 2735
f 2697 2704 2735
f 2736 2737 2738
f 2738 2432 2434
f 2738 2434 2736
f 2434 2428 2736
f 2428 2734 2736
f 2734 2703 2736
f 2737 2706 2703
f 2737 2703 2736
f 2739 2740 2741
f 2739 2741 2742
f 2742 2436 2432
f 2742 2432 2739
f 2432 2738 2739
f 2743 2737 2738
f 2743 2738 2739
f 2739 2743 2740
f 2744 2745 2746
f 2744 2746 2747
f 2744 2747 2748
f 2742 2741 2744
f 2742 2744 2748
f 2740 2741 2744
f 2740 2744 2749
f 2744 2749 2745
f 2746 2747 2750
f 2746 2745 2750
f 2751 2752 2753
f 2751 2753 2754
f 2751 2754 2755
f 2751 2755 2756
f 2751 2756 2757
f 2751 2757 2752
f 2758 2710 2711
f 2758 2711 2759
f 2758 2438 2442
f 2758 2442 2759
f 2760 2441 2442
f 2760 2442 2759
f 2760 2754 2753
f 2760 2753 2759
f 2761 2752 2753
f 2761 2753 2759
f 2761 2712 2711
f 2761 2711 2759
f 2762 2717 2718
f 2762 2718 2763
f 2762 2444 2446
f 2762 2446 2763
f 2446 2438 2763
f 2438 2758 2763
f 2758 2710 2763
f 2710 2718 2763
f 2723 2409 2764
f 2409 2448 2764
f 2448 2444 2764
f 2444 2762 2764
f 2762 2717 2764
f 2717 2723 2764
f 2436 2742 2765
f 2436 2449 2765
f 2766 2747 2748
f 2766 2748 2767
f 2452 2454 2767
f 2452 2767 2766
f 2454 2449 2767
f 2449 2765 2767
f 2765 2742 2767
f 2742 2748 2767
f 2768 2769 2770
f 2768 2770 2771
f 2771 2456 2452
f 2771 2452 2768
f 2452 2766 2768
f 2766 2747 2768
f 2769 2750 2747
f 2769 2747 2768
f 2770 2771 2772
f 2770 2769 2772
f 2773 2774 2775
f 2773 2775 2776
f 2773 2776 2777
f 2773 2777 2778
f 2773 2778 2779
f 2773 2779 2774
f 2780 2754 2755
f 2780 2755 2781
f 2780 2458 2462
f 2780 2462 2781
f 2782 2461 2462
f 2782 2462 2781
f 2782 2776 2775
f 2782 2775 2781
f 2783 2774 2775
f 2783 2775 2781
f 2783 2756 2755
f 2783 2755 2781
f 2760 2441 2784
f 2441 2464 2784
f 2464 2458 2784
f 2458 2780 2784
f 2780 2754 2784
f 2754 2760 2784
f 2456 2771 2785
f 2456 2465 2785
f 2786 2787 2788
f 2786 2788 2789
f 2789 2468 2465
f 2789 2465 2786
f 2465 2785 2786
f 2785 2771 2786
f 2787 2772 2771
f 2787 2771 2786
f 2788 2789 2790
f 2788 2787 2790
f 2791 2792 2793
f 2791 2793 2794
f 2791 2794 2795
f 2791 2795 2796
f 2791 2796 2797
f 2791 2797 2792
f 2798 2776 2777
f 2798 2777 2799
f 2798 2470 2474
f 2798 2474 2799
f 2800 2473 2474
f 2800 2474 2799
f 2800 2794 2793
f 2800 2793 2799
f 2801 2792 2793
f 2801 2793 2799
f 2801 2778 2777
f 2801 2777 2799
f 2782 2461 2802
f 2461 2476 2802
f 2476 2470 2802
f 2470 2798 2802
f 2798 2776 2802
f 2776 2782 2802
f 2468 2789 2803
f 2468 2477 2803
f 2804 2805 2806
f 2804 2806 2807
f 2480 2477 2804
f 2480 2804 2807
f 2477 2803 2804
f 2803 2789 2804
f 2790 2789 2804
f 2790 2804 2805
f 2806 2807 2808
f 2806 2805 2808
f 2809 2794 2795
f 2809 2795 2810
f 2809 2482 2486
f 2809 2486 2810
f 2811 2485 2486
f 2811 2486 2810
f 2810 2811 2812
f 2810 2812 2813
f 2813 2796 2795
f 2813 2795 2810
f 2800 2473 2814
f 2473 2488 2814
f 2488 2482 2814
f 2482 2809 2814
f 2809 2794 2814
f 2794 2800 2814
f 2480 2807 2815
f 2480 2490 2815
f 2490 2492 2816
f 2817 2816 2490
f 2817 2490 2815
f 2818 2817 2815
f 2818 2815 2807
f 2807 2808 2818
f 2819 2820 2821
f 2819 2821 2822
f 2819 2822 2823
f 2819 2823 2824
f 2819 2824 2825
f 2819 2825 2820
f 2811 2485 2826
f 2485 2496 2826
f 2827 2495 2496
f 2827 2496 2826
f 2827 2822 2821
f 2827 2821 2826
f 2828 2820 2821
f 2828 2821 2826
f 2828 2812 2811
f 2828 2811 2826
f 2829 2830 2816
f 2829 2816 2492
f 2829 2492 2500
f 2829 2500 2831
f 2500 2499 2831
f 2816 2817 2830
f 2829 2831 2832
f 2829 2830 2832
f 2833 2822 2823
f 2833 2823 2834
f 2834 2833 2835
f 2834 2835 2836
f 2834 2836 2837
f 2834 2837 2838
f 2838 2824 2823
f 2838 2823 2834
f 2827 2495 2839
f 2495 2504 2839
f 2840 2503 2504
f 2840 2504 2839
f 2840 2835 2833
f 2840 2833 2839
f 2833 2822 2839
f 2822 2827 2839
f 2499 2831 2841
f 2841 2499 2509
f 2841 2509 2842
f 2509 2508 2842
f 2841 2842 2843
f 2843 2841 2831
f 2843 2831 2844
f 2831 2832 2844
f 2845 2835 2836
f 2845 2836 2846
f 2845 2511 2515
f 2845 2515 2846
f 2847 2514 2515
f 2847 2515 2846
f 2846 2847 2848
f 2846 2848 2849
f 2849 2837 2836
f 2849 2836 2846
f 2840 2503 2850
f 2503 2516 2850
f 2516 2511 2850
f 2511 2845 2850
f 2845 2835 2850
f 2835 2840 2850
f 2508 2842 2851
f 2508 2517 2851
f 2517 2520 2852
f 2852 2517 2851
f 2852 2851 2853
f 2853 2851 2842
f 2853 2842 2854
f 2842 2843 2854
f 2847 2514 2855
f 2514 2524 2855
f 2856 2523 2524
f 2856 2524 2855
f 2855 2856 2857
f 2855 2857 2858
f 2858 2848 2847
f 2858 2847 2855
f 2852 2520 2859
f 2520 2528 2859
f 2527 2528 2859
f 2527 2859 2860
f 2859 2860 2861
f 2859 2861 2862
f 2853 2852 2859
f 2853 2859 2862
f 2856 2523 2863
f 2523 2532 2863
f 2864 2531 2532
f 2864 2532 2863
f 2863 2864 2865
f 2863 2865 2866
f 2866 2857 2856
f 2866 2856 2863
f 2860 2527 2867
f 2527 2536 2867
f 2535 2536 2867
f 2535 2867 2868
f 2867 2868 2869
f 2867 2869 2870
f 2861 2860 2867
f 2861 2867 2870
f 2864 2531 2871
f 2872 2538 2531
f 2872 2531 2871
f 2871 2872 2873
f 2871 2873 2874
f 2871 2874 2875
f 2875 2865 2864
f 2875 2864 2871
f 2538 2540 2876
f 2538 2872 2876
f 2547 2542 2877
f 2547 2546 2877
f 2868 2535 2878
f 2535 2550 2878
f 2550 2542 2878
f 2879 2877 2542
f 2879 2542 2878
f 2878 2879 2880
f 2869 2868 2878
f 2869 2878 2880
f 2881 2872 2873
f 2881 2873 2882
f 2882 2881 2883
f 2882 2883 2884
f 2882 2884 2885
f 2882 2885 2886
f 2886 2874 2873
f 2886 2873 2882
f 2876 2540 2887
f 2540 2554 2887
f 2553 2554 2887
f 2553 2887 2888
f 2883 2881 2887
f 2883 2887 2888
f 2881 2872 2887
f 2872 2876 2887
f 2546 2877 2889
f 2890 2889 2546
f 2890 2546 2559
f 2559 2558 2890
f 2889 2890 2891
f 2891 2889 2877
f 2891 2877 2892
f 2877 2879 2892
f 2883 2884 2893
f 2883 2893 2894
f 2893 2894 2895
f 2893 2895 2896
f 2893 2896 2897
f 2893 2897 2898
f 2885 2884 2893
f 2885 2893 2898
f 2888 2553 2899
f 2553 2564 2899
f 2900 2563 2564
f 2900 2564 2899
f 2900 2895 2894
f 2900 2894 2899
f 2894 2883 2899
f 2883 2888 2899
f 2558 2890 2901
f 2902 2901 2558
f 2902 2558 2568
f 2568 2567 2902
f 2901 2902 2903
f 2904 2903 2901
f 2904 2901 2890
f 2890 2891 2904
f 2896 2895 2905
f 2896 2897 2905
f 2900 2563 2906
f 2907 2570 2563
f 2907 2563 2906
f 2906 2907 2908
f 2906 2908 2909
f 2909 2905 2895
f 2909 2895 2906
f 2895 2900 2906
f 2570 2572 2910
f 2570 2907 2910
f 2578 2574 2911
f 2578 2577 2911
f 2912 2902 2567
f 2912 2567 2913
f 2567 2580 2913
f 2580 2574 2913
f 2911 2574 2913
f 2911 2913 2914
f 2913 2914 2915
f 2913 2915 2912
f 2902 2912 2916
f 2902 2903 2916
f 2908 2907 2917
f 2908 2909 2917
f 2910 2572 2918
f 2919 2582 2572
f 2919 2572 2918
f 2918 2919 2920
f 2918 2920 2921
f 2921 2917 2907
f 2921 2907 2918
f 2907 2910 2918
f 2582 2584 2922
f 2582 2919 2922
f 2591 2586 2923
f 2591 2590 2923
f 2911 2577 2924
f 2911 2924 2925
f 2577 2594 2924
f 2594 2586 2924
f 2926 2923 2586
f 2926 2586 2924
f 2924 2926 2927
f 2924 2927 2925
f 2911 2925 2928
f 2911 2914 2928
f 2920 2919 2929
f 2920 2921 2929
f 2922 2584 2930
f 2597 2584 2930
f 2597 2930 2931
f 2930 2931 2932
f 2930 2932 2933
f 2933 2929 2919
f 2933 2919 2930
f 2919 2922 2930
f 2597 2600 2934
f 2597 2931 2934
f 2607 2602 2935
f 2607 2606 2935
f 2923 2590 2936
f 2923 2936 2937
f 2590 2611 2936
f 2611 2602 2936
f 2935 2602 2936
f 2935 2936 2938
f 2936 2938 2939
f 2936 2939 2937
f 2923 2937 2940
f 2923 2926 2940
f 2932 2931 2941
f 2932 2933 2941
f 2934 2600 2942
f 2615 2600 2942
f 2615 2942 2943
f 2942 2943 2944
f 2942 2944 2945
f 2941 2931 2942
f 2941 2942 2945
f 2931 2934 2942
f 2615 2618 2946
f 2615 2943 2946
f 2624 2620 2947
f 2624 2623 2947
f 2948 2935 2606
f 2948 2606 2949
f 2606 2627 2949
f 2627 2620 2949
f 2947 2620 2949
f 2947 2949 2950
f 2949 2950 2951
f 2949 2951 2948
f 2935 2948 2952
f 2935 2938 2952
f 2944 2943 2953
f 2944 2945 2953
f 2954 2955 2946
f 2954 2946 2618
f 2618 2630 2954
f 2943 2953 2956
f 2955 2956 2943
f 2955 2943 2946
f 2634 2632 2957
f 2957 2634 2630
f 2957 2630 2958
f 2958 2630 2954
f 2958 2954 2959
f 2954 2955 2959
f 2638 2636 2960
f 2961 2960 2638
f 2961 2638 2632
f 2632 2957 2961
f 2643 2640 2962
f 2963 2962 2643
f 2963 2643 2636
f 2636 2960 2963
f 2640 2644 2964
f 2640 2962 2964
f 2651 2646 2965
f 2651 2650 2965
f 2656 2653 2966
f 2966 2656 2646
f 2966 2646 2967
f 2646 2965 2967
f 2660 2658 2968
f 2968 2660 2653
f 2968 2653 2969
f 2653 2966 2969
f 2970 2971 2972
f 2662 2664 2970
f 2662 2970 2972
f 2664 2658 2970
f 2968 2658 2970
f 2968 2970 2973
f 2970 2973 2974
f 2970 2974 2971
f 2947 2623 2975
f 2947 2975 2976
f 2623 2666 2975
f 2666 2662 2975
f 2662 2972 2975
f 2977 2971 2972
f 2977 2972 2975
f 2975 2977 2976
f 2947 2976 2978
f 2947 2950 2978
f 2958 2957 2979
f 2958 2959 2979
f 2961 2960 2980
f 2957 2979 2981
f 2980 2981 2957
f 2980 2957 2961
f 2963 2962 2982
f 2960 2980 2983
f 2983 2960 2963
f 2983 2963 2982
f 2984 2964 2644
f 2984 2644 2985
f 2644 2669 2985
f 2962 2982 2986
f 2986 2962 2964
f 2986 2964 2984
f 2965 2650 2987
f 2965 2987 2988
f 2650 2673 2987
f 2673 2669 2987
f 2669 2985 2987
f 2984 2985 2987
f 2984 2987 2989
f 2987 2989 2988
f 2967 2966 2990
f 2965 2988 2991
f 2991 2965 2967
f 2991 2967 2990
f 2969 2968 2992
f 2966 2990 2993
f 2993 2966 2969
f 2993 2969 2992
f 2968 2992 2994
f 2968 2973 2994
f 2681 2676 2995
f 2681 2680 2995
f 2687 2683 2996
f 2996 2687 2676
f 2996 2676 2997
f 2676 2995 2997
f 2693 2689 2998
f 2999 2998 2693
f 2999 2693 2683
f 2683 2996 2999
f 2699 2695 3000
f 3001 3000 2699
f 3001 2699 2689
f 2689 2998 3001
f 2705 2701 3002
f 3003 3002 2705
f 3003 2705 2695
f 2695 3000 3003
f 2701 2706 3004
f 2701 3002 3004
f 2713 2708 3005
f 2713 2712 3005
f 2719 2715 3006
f 3006 2719 2708
f 3006 2708 3007
f 2708 3005 3007
f 3008 3009 3010
f 3010 2721 2724
f 3010 2724 3008
f 2724 2715 3008
f 3006 2715 3008
f 3006 3008 3011
f 3008 3011 3012
f 3008 3012 3009
f 2995 2680 3013
f 2995 3013 3014
f 2680 2727 3013
f 2727 2721 3013
f 2721 3010 3013
f 3009 3010 3013
f 3009 3013 3015
f 3013 3015 3014
f 2997 2996 3016
f 2995 3014 3017
f 3017 2995 2997
f 3017 2997 3016
f 2999 2998 3018
f 2996 3016 3019
f 3019 2996 2999
f 3019 2999 3018
f 3001 3000 3020
f 2998 3018 3021
f 3021 2998 3001
f 3021 3001 3020
f 3003 3002 3022
f 3000 3020 3023
f 3023 3000 3003
f 3023 3003 3022
f 3024 3004 2706
f 3024 2706 3025
f 2706 2737 3025
f 3002 3022 3026
f 3024 3026 3002
f 3024 3002 3004
f 2743 2740 3027
f 3027 2743 2737
f 3027 2737 3028
f 3028 2737 3025
f 3028 3025 3029
f 3025 3024 3029
f 2749 2745 3030
f 3031 3030 2749
f 3031 2749 2740
f 2740 3027 3031
f 2745 2750 3032
f 2745 3030 3032
f 2757 2752 3033
f 2757 2756 3033
f 3034 3005 2712
f 3034 2712 3035
f 2712 2761 3035
f 2761 2752 3035
f 3033 2752 3035
f 3033 3035 3036
f 3035 3036 3037
f 3035 3037 3034
f 3007 3006 3038
f 3005 3034 3039
f 3039 3005 3007
f 3039 3007 3038
f 3006 3038 3040
f 3006 3011 3040
f 3028 3027 3041
f 3028 3029 3041
f 3031 3030 3042
f 3027 3041 3043
f 3042 3043 3027
f 3042 3027 3031
f 3032 2750 3044
f 2769 2750 3044
f 2769 3044 3045
f 3044 3045 3046
f 3044 3046 3047
f 3042 3030 3044
f 3042 3044 3047
f 3030 3032 3044
f 2769 2772 3048
f 2769 3045 3048
f 2779 2774 3049
f 2779 2778 3049
f 3033 2756 3050
f 3033 3050 3051
f 2756 2783 3050
f 2783 2774 3050
f 3049 2774 3050
f 3049 3050 3052
f 3050 3052 3053
f 3050 3053 3051
f 3033 3051 3054
f 3033 3036 3054
f 3046 3045 3055
f 3046 3047 3055
f 3048 2772 3056
f 2787 2772 3056
f 2787 3056 3057
f 3056 3057 3058
f 3056 3058 3059
f 3055 3045 3056
f 3055 3056 3059
f 3045 3048 3056
f 2787 2790 3060
f 2787 3057 3060
f 2797 2792 3061
f 2797 2796 3061
f 3049 2778 3062
f 3049 3062 3063
f 2778 2801 3062
f 2801 2792 3062
f 3064 3061 2792
f 3064 2792 3062
f 3062 3064 3065
f 3062 3065 3063
f 3049 3063 3066
f 3049 3052 3066
f 3058 3057 3067
f 3058 3059 3067
f 3060 2790 3068
f 3069 2805 2790
f 3069 2790 3068
f 3068 3069 3070
f 3068 3070 3071
f 3071 3067 3057
f 3071 3057 3068
f 3057 3060 3068
f 2805 2808 3072
f 2805 3069 3072
f 3061 2796 3073
f 3061 3073 3074
f 2796 2813 3073
f 2812 2813 3073
f 2812 3073 3075
f 3073 3075 3076
f 3073 3076 3077
f 3073 3077 3074
f 3061 3074 3078
f 3061 3064 3078
f 3070 3069 3079
f 3070 3071 3079
f 3072 2808 3080
f 2808 2818 3080
f 3081 2817 2818
f 3081 2818 3080
f 3080 3081 3082
f 3082 3079 3069
f 3082 3069 3080
f 3069 3072 3080
f 2825 2820 3083
f 2825 2824 3083
f 3075 2812 3084
f 2812 2828 3084
f 2828 2820 3084
f 3083 2820 3084
f 3083 3084 3085
f 3084 3085 3086
f 3086 3076 3075
f 3086 3075 3084
f 3081 2817 3087
f 3088 2830 2817
f 3088 2817 3087
f 3087 3088 3089
f 3087 3089 3090
f 3087 3090 3091
f 3091 3082 3081
f 3091 3081 3087
f 2830 2832 3092
f 2830 3088 3092
f 2824 3083 3093
f 3094 3093 2824
f 3094 2824 2838
f 2838 2837 3094
f 3093 3094 3095
f 3096 3095 3093
f 3096 3093 3083
f 3083 3085 3096
f 3088 3089 3097
f 3088 3097 3098
f 3097 3098 3099
f 3097 3099 3100
f 3097 3100 3101
f 3097 3101 3102
f 3090 3089 3097
f 3090 3097 3102
f 3092 2832 3103
f 2832 2844 3103
f 2843 2844 3103
f 2843 3103 3104
f 3104 3099 3098
f 3104 3098 3103
f 3098 3088 3103
f 3088 3092 3103
f 3094 2837 3105
f 3094 3105 3106
f 2837 2849 3105
f 2848 2849 3105
f 2848 3105 3107
f 3105 3107 3108
f 3105 3108 3109
f 3105 3109 3106
f 3094 3106 3110
f 3094 3095 3110
f 3100 3099 3111
f 3100 3101 3111
f 3104 2843 3112
f 2843 2854 3112
f 3113 2853 2854
f 3113 2854 3112
f 3112 3113 3114
f 3114 3111 3099
f 3114 3099 3112
f 3099 3104 3112
f 3107 2848 3115
f 2848 2858 3115
f 2857 2858 3115
f 2857 3115 3116
f 3115 3116 3117
f 3115 3117 3118
f 3118 3108 3107
f 3118 3107 3115
f 3113 2853 3119
f 2853 2862 3119
f 3120 2861 2862
f 3120 2862 3119
f 3119 3120 3121
f 3119 3121 3122
f 3122 3114 3113
f 3122 3113 3119
f 3116 2857 3123
f 2857 2866 3123
f 2865 2866 3123
f 2865 3123 3124
f 3123 3124 3125
f 3123 3125 3126
f 3117 3116 3123
f 3117 3123 3126
f 3120 2861 3127
f 2861 2870 3127
f 3128 2869 2870
f 3128 2870 3127
f 3127 3128 3129
f 3127 3129 3130
f 3130 3121 3120
f 3130 3120 3127
f 3131 3132 3124
f 3131 3124 2865
f 3133 3131 2865
f 3133 2865 2875
f 2875 2874 3133
f 3124 3125 3132
f 3131 3133 3134
f 3131 3132 3134
f 3135 3136 3137
f 3135 3137 3138
f 3135 3138 3139
f 3135 3139 3140
f 3135 3140 3141
f 3135 3141 3136
f 3128 2869 3142
f 2869 2880 3142
f 3143 2879 2880
f 3143 2880 3142
f 3143 3138 3137
f 3143 3137 3142
f 3144 3136 3137
f 3144 3137 3142
f 3144 3129 3128
f 3144 3128 3142
f 2874 3133 3145
f 3145 2874 2886
f 3145 2886 3146
f 2886 2885 3146
f 3145 3146 3147
f 3147 3145 3133
f 3147 3133 3148
f 3133 3134 3148
f 3149 3138 3139
f 3149 3139 3150
f 3150 3149 3151
f 3150 3151 3152
f 3150 3152 3153
f 3150 3153 3154
f 3154 3140 3139
f 3154 3139 3150
f 3143 2879 3155
f 2879 2892 3155
f 3156 2891 2892
f 3156 2892 3155
f 3156 3151 3149
f 3156 3149 3155
f 3149 3138 3155
f 3138 3143 3155
f 2885 3146 3157
f 3157 2885 2898
f 3157 2898 3158
f 2898 2897 3158
f 3157 3158 3159
f 3160 3159 3157
f 3160 3157 3146
f 3146 3147 3160
f 3161 3151 3152
f 3161 3152 3162
f 3162 3161 3163
f 3162 3163 3164
f 3162 3164 3165
f 3162 3165 3166
f 3166 3153 3152
f 3166 3152 3162
f 3156 2891 3167
f 2891 2904 3167
f 3168 2903 2904
f 3168 2904 3167
f 3168 3163 3161
f 3168 3161 3167
f 3161 3151 3167
f 3151 3156 3167
f 2897 3158 3169
f 2897 2905 3169
f 3170 3171 3172
f 3170 3172 3173
f 2909 2905 3170
f 2909 3170 3173
f 2905 3169 3170
f 3169 3158 3170
f 3159 3158 3170
f 3159 3170 3171
f 3172 3173 3174
f 3172 3171 3174
f 3175 3176 3177
f 3175 3177 3178
f 3175 3178 3179
f 3175 3179 3180
f 3175 3180 3181
f 3175 3181 3176
f 3182 3163 3164
f 3182 3164 3183
f 3182 2912 2915
f 3182 2915 3183
f 3184 2914 2915
f 3184 2915 3183
f 3184 3178 3177
f 3184 3177 3183
f 3185 3176 3177
f 3185 3177 3183
f 3185 3165 3164
f 3185 3164 3183
f 3168 2903 3186
f 2903 2916 3186
f 2916 2912 3186
f 2912 3182 3186
f 3182 3163 3186
f 3163 3168 3186
f 2909 3173 3187
f 2909 2917 3187
f 3188 3189 3190
f 3188 3190 3191
f 3191 2921 2917
f 3191 2917 3188
f 2917 3187 3188
f 3187 3173 3188
f 3174 3173 3188
f 3174 3188 3189
f 3190 3191 3192
f 3190 3189 3192
f 3193 3194 3195
f 3193 3195 3196
f 3193 3196 3197
f 3193 3197 3198
f 3193 3198 3199
f 3193 3199 3194
f 3200 3178 3179
f 3200 3179 3201
f 3200 2925 2927
f 3200 2927 3201
f 3202 2926 2927
f 3202 2927 3201
f 3202 3196 3195
f 3202 3195 3201
f 3203 3194 3195
f 3203 3195 3201
f 3203 3180 3179
f 3203 3179 3201
f 3184 2914 3204
f 2914 2928 3204
f 2928 2925 3204
f 2925 3200 3204
f 3200 3178 3204
f 3178 3184 3204
f 2921 3191 3205
f 2921 2929 3205
f 3206 3207 3208
f 3206 3208 3209
f 3209 2933 2929
f 3209 2929 3206
f 2929 3205 3206
f 3205 3191 3206
f 3207 3192 3191
f 3207 3191 3206
f 3208 3209 3210
f 3208 3207 3210
f 3211 3212 3213
f 3211 3213 3214
f 3211 3214 3215
f 3211 3215 3216
f 3211 3216 3217
f 3211 3217 3212
f 3218 3196 3197
f 3218 3197 3219
f 3218 2937 2939
f 3218 2939 3219
f 3220 2938 2939
f 3220 2939 3219
f 3220 3214 3213
f 3220 3213 3219
f 3221 3212 3213
f 3221 3213 3219
f 3221 3198 3197
f 3221 3197 3219
f 3202 2926 3222
f 2926 2940 3222
f 2940 2937 3222
f 2937 3218 3222
f 3218 3196 3222
f 3196 3202 3222
f 2933 3209 3223
f 2933 2941 3223
f 3224 3225 3226
f 3224 3226 3227
f 3227 2945 2941
f 3227 2941 3224
f 2941 3223 3224
f 3223 3209 3224
f 3225 3210 3209
f 3225 3209 3224
f 3226 3227 3228
f 3226 3225 3228
f 3229 3230 3231
f 3229 3231 3232
f 3229 3232 3233
f 3229 3233 3234
f 3229 3234 3235
f 3229 3235 3230
f 3236 3214 3215
f 3236 3215 3237
f 3236 2948 2951
f 3236 2951 3237
f 3238 2950 2951
f 3238 2951 3237
f 3238 3232 3231
f 3238 3231 3237
f 3239 3230 3231
f 3239 3231 3237
f 3239 3216 3215
f 3239 3215 3237
f 3220 2938 3240
f 2938 2952 3240
f 2952 2948 3240
f 2948 3236 3240
f 3236 3214 3240
f 3214 3220 3240
f 2945 3227 3241
f 2945 2953 3241
f 3242 3243 3244
f 3244 2955 2956
f 3244 2956 3242
f 2956 2953 3242
f 2953 3241 3242
f 3241 3227 3242
f 3243 3228 3227
f 3243 3227 3242
f 3245 3246 3247
f 3245 3247 3248
f 3248 2959 2955
f 3248 2955 3245
f 2955 3244 3245
f 3249 3243 3244
f 3249 3244 3245
f 3245 3249 3246
f 3250 3251 3252
f 3250 3252 3253
f 3250 3253 3254
f 3254 3248 3247
f 3254 3247 3250
f 3246 3247 3250
f 3246 3250 3255
f 3250 3255 3251
f 3256 3257 3258
f 3256 3258 3259
f 3256 3259 3260
f 3253 3252 3256
f 3253 3256 3260
f 3251 3252 3256
f 3251 3256 3261
f 3256 3261 3257
f 3262 3263 3264
f 3262 3264 3265
f 3262 3265 3266
f 3259 3258 3262
f 3259 3262 3266
f 3257 3258 3262
f 3257 3262 3267
f 3262 3267 3263
f 3268 3269 3270
f 3268 3270 3271
f 3268 3271 3272
f 3272 3265 3264
f 3272 3264 3268
f 3273 3263 3264
f 3273 3264 3268
f 3268 3273 3269
f 3274 3275 3276
f 3274 3276 3277
f 3274 3277 3278
f 3278 3271 3270
f 3278 3270 3274
f 3279 3269 3270
f 3279 3270 3274
f 3274 3279 3275
f 3280 3281 3282
f 3280 3282 3283
f 3280 3283 3284
f 3284 3277 3276
f 3284 3276 3280
f 3285 3275 3276
f 3285 3276 3280
f 3280 3285 3281
f 3286 3287 3288
f 3288 2971 2974
f 3288 2974 3286
f 3289 2973 2974
f 3289 2974 3286
f 3289 3283 3282
f 3289 3282 3286
f 3290 3281 3282
f 3290 3282 3286
f 3286 3290 3287
f 3291 3232 3233
f 3291 3233 3292
f 3291 2976 2977
f 3291 2977 3292
f 2977 2971 3292
f 2971 3288 3292
f 3293 3287 3288
f 3293 3288 3292
f 3293 3234 3233
f 3293 3233 3292
f 3238 2950 3294
f 2950 2978 3294
f 2978 2976 3294
f 2976 3291 3294
f 3291 3232 3294
f 3232 3238 3294
f 2959 3248 3295
f 2959 2979 3295
f 3296 3253 3254
f 3296 3254 3297
f 3296 2980 2981
f 3296 2981 3297
f 2981 2979 3297
f 2979 3295 3297
f 3295 3248 3297
f 3248 3254 3297
f 3298 3259 3260
f 3298 3260 3299
f 3298 2982 2983
f 3298 2983 3299
f 2983 2980 3299
f 2980 3296 3299
f 3296 3253 3299
f 3253 3260 3299
f 3300 3265 3266
f 3300 3266 3301
f 3300 2984 2986
f 3300 2986 3301
f 2986 2982 3301
f 2982 3298 3301
f 3298 3259 3301
f 3259 3266 3301
f 3302 3271 3272
f 3302 3272 3303
f 3302 2988 2989
f 3302 2989 3303
f 2989 2984 3303
f 2984 3300 3303
f 3300 3265 3303
f 3265 3272 3303
f 3304 3277 3278
f 3304 3278 3305
f 3304 2990 2991
f 3304 2991 3305
f 2991 2988 3305
f 2988 3302 3305
f 3302 3271 3305
f 3271 3278 3305
f 3306 3283 3284
f 3306 3284 3307
f 3306 2992 2993
f 3306 2993 3307
f 2993 2990 3307
f 2990 3304 3307
f 3304 3277 3307
f 3277 3284 3307
f 3289 2973 3308
f 2973 2994 3308
f 2994 2992 3308
f 2992 3306 3308
f 3306 3283 3308
f 3283 3289 3308
f 3012 3009 3309
f 3012 3011 3309
f 3310 3311 3312
f 3014 3015 3310
f 3014 3310 3312
f 3015 3009 3310
f 3309 3009 3310
f 3309 3310 3313
f 3310 3313 3314
f 3310 3314 3311
f 3315 3316 3317
f 3016 3017 3315
f 3016 3315 3317
f 3017 3014 3315
f 3014 3312 3315
f 3318 3311 3312
f 3318 3312 3315
f 3315 3318 3316
f 3319 3320 3321
f 3018 3019 3319
f 3018 3319 3321
f 3019 3016 3319
f 3016 3317 3319
f 3322 3316 3317
f 3322 3317 3319
f 3319 3322 3320
f 3323 3324 3325
f 3020 3021 3323
f 3020 3323 3325
f 3021 3018 3323
f 3018 3321 3323
f 3320 3321 3323
f 3320 3323 3326
f 3323 3326 3324
f 3327 3328 3329
f 3022 3023 3327
f 3022 3327 3329
f 3023 3020 3327
f 3020 3325 3327
f 3324 3325 3327
f 3324 3327 3330
f 3327 3330 3328
f 3026 3024 3331
f 3332 3331 3026
f 3332 3026 3022
f 3332 3022 3329
f 3332 3329 3333
f 3329 3328 3333
f 3024 3029 3334
f 3024 3331 3334
f 3037 3034 3335
f 3037 3036 3335
f 3336 3337 3338
f 3338 3038 3039
f 3338 3039 3336
f 3039 3034 3336
f 3339 3335 3034
f 3339 3034 3336
f 3336 3339 3340
f 3336 3340 3337
f 3341 3309 3011
f 3341 3011 3342
f 3011 3040 3342
f 3040 3038 3342
f 3038 3338 3342
f 3337 3338 3342
f 3337 3342 3343
f 3342 3343 3341
f 3309 3341 3344
f 3309 3313 3344
f 3332 3331 3345
f 3332 3333 3345
f 3346 3334 3029
f 3346 3029 3347
f 3029 3041 3347
f 3331 3345 3348
f 3348 3331 3334
f 3348 3334 3346
f 3043 3042 3349
f 3350 3349 3043
f 3350 3043 3041
f 3350 3041 3347
f 3350 3347 3351
f 3347 3346 3351
f 3042 3047 3352
f 3042 3349 3352
f 3053 3051 3353
f 3053 3052 3353
f 3354 3335 3036
f 3354 3036 3355
f 3036 3054 3355
f 3054 3051 3355
f 3356 3353 3051
f 3356 3051 3355
f 3355 3356 3357
f 3355 3357 3354
f 3335 3354 3358
f 3335 3339 3358
f 3350 3349 3359
f 3350 3351 3359
f 3352 3047 3360
f 3055 3047 3360
f 3055 3360 3361
f 3360 3361 3362
f 3360 3362 3363
f 3359 3349 3360
f 3359 3360 3363
f 3349 3352 3360
f 3055 3059 3364
f 3055 3361 3364
f 3065 3063 3365
f 3065 3064 3365
f 3366 3353 3052
f 3366 3052 3367
f 3052 3066 3367
f 3066 3063 3367
f 3368 3365 3063
f 3368 3063 3367
f 3367 3368 3369
f 3367 3369 3366
f 3353 3366 3370
f 3353 3356 3370
f 3362 3361 3371
f 3362 3363 3371
f 3364 3059 3372
f 3067 3059 3372
f 3067 3372 3373
f 3372 3373 3374
f 3372 3374 3375
f 3375 3371 3361
f 3375 3361 3372
f 3361 3364 3372
f 3067 3071 3376
f 3067 3373 3376
f 3077 3074 3377
f 3077 3076 3377
f 3378 3365 3064
f 3378 3064 3379
f 3064 3078 3379
f 3078 3074 3379
f 3380 3377 3074
f 3380 3074 3379
f 3379 3380 3381
f 3379 3381 3378
f 3365 3378 3382
f 3365 3368 3382
f 3374 3373 3383
f 3374 3375 3383
f 3376 3071 3384
f 3385 3079 3071
f 3385 3071 3384
f 3384 3385 3386
f 3384 3386 3387
f 3387 3383 3373
f 3387 3373 3384
f 3373 3376 3384
f 3079 3082 3388
f 3079 3385 3388
f 3389 3377 3076
f 3389 3076 3390
f 3076 3086 3390
f 3085 3086 3390
f 3085 3390 3391
f 3390 3391 3392
f 3390 3392 3393
f 3390 3393 3389
f 3377 3389 3394
f 3377 3380 3394
f 3386 3385 3395
f 3386 3387 3395
f 3388 3082 3396
f 3082 3091 3396
f 3090 3091 3396
f 3090 3396 3397
f 3396 3397 3398
f 3395 3385 3396
f 3395 3396 3398
f 3385 3388 3396
f 3391 3085 3399
f 3085 3096 3399
f 3400 3095 3096
f 3400 3096 3399
f 3399 3400 3401
f 3399 3401 3402
f 3402 3392 3391
f 3402 3391 3399
f 3397 3090 3403
f 3090 3102 3403
f 3404 3101 3102
f 3404 3102 3403
f 3403 3404 3405
f 3403 3405 3406
f 3406 3398 3397
f 3406 3397 3403
f 3109 3106 3407
f 3109 3108 3407
f 3400 3095 3408
f 3095 3110 3408
f 3110 3106 3408
f 3409 3407 3106
f 3409 3106 3408
f 3408 3409 3410
f 3401 3400 3408
f 3401 3408 3410
f 3404 3101 3411
f 3412 3111 3101
f 3412 3101 3411
f 3411 3412 3413
f 3411 3413 3414
f 3411 3414 3415
f 3415 3405 3404
f 3415 3404 3411
f 3111 3114 3416
f 3111 3412 3416
f 3108 3407 3417
f 3418 3417 3108
f 3418 3108 3118
f 3118 3117 3418
f 3417 3418 3419
f 3419 3417 3407
f 3419 3407 3420
f 3407 3409 3420
f 3421 3412 3413
f 3421 3413 3422
f 3422 3421 3423
f 3422 3423 3424
f 3422 3424 3425
f 3422 3425 3426
f 3414 3413 3422
f 3414 3422 3426
f 3416 3114 3427
f 3114 3122 3427
f 3121 3122 3427
f 3121 3427 3428
f 3423 3421 3427
f 3423 3427 3428
f 3421 3412 3427
f 3412 3416 3427
f 3117 3418 3429
f 3429 3117 3126
f 3429 3126 3430
f 3126 3125 3430
f 3429 3430 3431
f 3431 3429 3418
f 3431 3418 3432
f 3418 3419 3432
f 3433 3423 3424
f 3433 3424 3434
f 3434 3433 3435
f 3434 3435 3436
f 3434 3436 3437
f 3434 3437 3438
f 3438 3425 3424
f 3438 3424 3434
f 3428 3121 3439
f 3121 3130 3439
f 3440 3129 3130
f 3440 3130 3439
f 3440 3435 3433
f 3440 3433 3439
f 3433 3423 3439
f 3423 3428 3439
f 3125 3430 3441
f 3125 3132 3441
f 3132 3134 3442
f 3442 3132 3441
f 3442 3441 3443
f 3443 3441 3430
f 3443 3430 3444
f 3430 3431 3444
f 3445 3435 3436
f 3445 3436 3446
f 3445 3136 3141
f 3445 3141 3446
f 3447 3140 3141
f 3447 3141 3446
f 3446 3447 3448
f 3446 3448 3449
f 3449 3437 3436
f 3449 3436 3446
f 3440 3129 3450
f 3129 3144 3450
f 3144 3136 3450
f 3136 3445 3450
f 3445 3435 3450
f 3435 3440 3450
f 3442 3134 3451
f 3134 3148 3451
f 3147 3148 3451
f 3147 3451 3452
f 3451 3452 3453
f 3451 3453 3454
f 3443 3442 3451
f 3443 3451 3454
f 3447 3140 3455
f 3140 3154 3455
f 3456 3153 3154
f 3456 3154 3455
f 3455 3456 3457
f 3455 3457 3458
f 3458 3448 3447
f 3458 3447 3455
f 3459 3460 3452
f 3459 3452 3147
f 3459 3147 3160
f 3459 3160 3461
f 3160 3159 3461
f 3452 3453 3460
f 3459 3461 3462
f 3459 3460 3462
f 3463 3464 3465
f 3463 3465 3466
f 3463 3466 3467
f 3463 3467 3468
f 3463 3468 3469
f 3463 3469 3464
f 3456 3153 3470
f 3153 3166 3470
f 3471 3165 3166
f 3471 3166 3470
f 3471 3466 3465
f 3471 3465 3470
f 3472 3464 3465
f 3472 3465 3470
f 3472 3457 3456
f 3472 3456 3470
f 3159 3461 3473
f 3159 3171 3473
f 3171 3174 3474
f 3475 3474 3171
f 3475 3171 3473
f 3476 3475 3473
f 3476 3473 3461
f 3461 3462 3476
f 3477 3466 3467
f 3477 3467 3478
f 3477 3176 3181
f 3477 3181 3478
f 3479 3180 3181
f 3479 3181 3478
f 3478 3479 3480
f 3478 3480 3481
f 3481 3468 3467
f 3481 3467 3478
f 3471 3165 3482
f 3165 3185 3482
f 3185 3176 3482
f 3176 3477 3482
f 3477 3466 3482
f 3466 3471 3482
f 3483 3484 3474
f 3483 3474 3174
f 3174 3189 3483
f 3474 3475 3484
f 3189 3192 3485
f 3486 3485 3189
f 3486 3189 3483
f 3483 3484 3486
f 3487 3488 3489
f 3489 3194 3199
f 3489 3199 3487
f 3490 3198 3199
f 3490 3199 3487
f 3487 3490 3491
f 3487 3491 3492
f 3487 3492 3488
f 3479 3180 3493
f 3180 3203 3493
f 3203 3194 3493
f 3194 3489 3493
f 3494 3488 3489
f 3494 3489 3493
f 3494 3480 3479
f 3494 3479 3493
f 3495 3496 3485
f 3495 3485 3192
f 3192 3207 3495
f 3485 3486 3496
f 3497 3498 3499
f 3497 3499 3500
f 3210 3207 3497
f 3210 3497 3500
f 3207 3495 3497
f 3496 3495 3497
f 3496 3497 3501
f 3497 3501 3498
f 3499 3500 3502
f 3499 3498 3502
f 3503 3504 3505
f 3503 3505 3506
f 3503 3506 3507
f 3503 3507 3508
f 3503 3508 3509
f 3503 3509 3504
f 3510 3511 3512
f 3512 3212 3217
f 3512 3217 3510
f 3513 3216 3217
f 3513 3217 3510
f 3513 3506 3505
f 3513 3505 3510
f 3514 3504 3505
f 3514 3505 3510
f 3510 3514 3511
f 3490 3198 3515
f 3198 3221 3515
f 3221 3212 3515
f 3212 3512 3515
f 3516 3511 3512
f 3516 3512 3515
f 3516 3491 3490
f 3516 3490 3515
f 3210 3500 3517
f 3210 3225 3517
f 3518 3519 3520
f 3518 3520 3521
f 3521 3228 3225
f 3521 3225 3518
f 3225 3517 3518
f 3517 3500 3518
f 3519 3502 3500
f 3519 3500 3518
f 3522 3523 3524
f 3522 3524 3525
f 3522 3525 3526
f 3526 3521 3520
f 3526 3520 3522
f 3519 3520 3522
f 3519 3522 3527
f 3522 3527 3523
f 3524 3525 3528
f 3524 3523 3528
f 3529 3530 3531
f 3529 3531 3532
f 3529 3532 3533
f 3529 3533 3534
f 3529 3534 3535
f 3529 3535 3530
f 3536 3537 3538
f 3536 3538 3539
f 3536 3539 3540
f 3540 3532 3531
f 3540 3531 3536
f 3541 3530 3531
f 3541 3531 3536
f 3536 3541 3537
f 3542 3506 3507
f 3542 3507 3543
f 3542 3230 3235
f 3542 3235 3543
f 3544 3234 3235
f 3544 3235 3543
f 3544 3539 3538
f 3544 3538 3543
f 3545 3537 3538
f 3545 3538 3543
f 3545 3508 3507
f 3545 3507 3543
f 3513 3216 3546
f 3216 3239 3546
f 3239 3230 3546
f 3230 3542 3546
f 3542 3506 3546
f 3506 3513 3546
f 3228 3521 3547
f 3228 3243 3547
f 3525 3526 3548
f 3525 3548 3549
f 3246 3249 3548
f 3246 3548 3549
f 3249 3243 3548
f 3243 3547 3548
f 3547 3521 3548
f 3521 3526 3548
f 3550 3551 3552
f 3552 3251 3255
f 3552 3255 3550
f 3255 3246 3550
f 3246 3549 3550
f 3549 3525 3550
f 3551 3528 3525
f 3551 3525 3550
f 3553 3554 3555
f 3555 3257 3261
f 3555 3261 3553
f 3261 3251 3553
f 3251 3552 3553
f 3556 3551 3552
f 3556 3552 3553
f 3553 3556 3554
f 3557 3558 3559
f 3559 3263 3267
f 3559 3267 3557
f 3267 3257 3557
f 3257 3555 3557
f 3560 3554 3555
f 3560 3555 3557
f 3557 3560 3558
f 3561 3562 3563
f 3563 3269 3273
f 3563 3273 3561
f 3273 3263 3561
f 3263 3559 3561
f 3564 3558 3559
f 3564 3559 3561
f 3561 3564 3562
f 3565 3566 3567
f 3567 3275 3279
f 3567 3279 3565
f 3279 3269 3565
f 3269 3563 3565
f 3568 3562 3563
f 3568 3563 3565
f 3565 3568 3566
f 3569 3532 3533
f 3569 3533 3570
f 3569 3281 3285
f 3569 3285 3570
f 3285 3275 3570
f 3275 3567 3570
f 3571 3566 3567
f 3571 3567 3570
f 3571 3534 3533
f 3571 3533 3570
f 3572 3539 3540
f 3572 3540 3573
f 3572 3287 3290
f 3572 3290 3573
f 3290 3281 3573
f 3281 3569 3573
f 3569 3532 3573
f 3532 3540 3573
f 3544 3234 3574
f 3234 3293 3574
f 3293 3287 3574
f 3287 3572 3574
f 3572 3539 3574
f 3539 3544 3574
f 3575 3576 3577
f 3577 3311 3314
f 3577 3314 3575
f 3578 3313 3314
f 3578 3314 3575
f 3575 3578 3579
f 3575 3579 3580
f 3575 3580 3576
f 3581 3582 3583
f 3583 3316 3318
f 3583 3318 3581
f 3318 3311 3581
f 3311 3577 3581
f 3584 3576 3577
f 3584 3577 3581
f 3581 3584 3582
f 3585 3586 3587
f 3587 3320 3322
f 3587 3322 3585
f 3322 3316 3585
f 3316 3583 3585
f 3588 3582 3583
f 3588 3583 3585
f 3585 3588 3586
f 3589 3590 3591
f 3591 3324 3326
f 3591 3326 3589
f 3326 3320 3589
f 3320 3587 3589
f 3586 3587 3589
f 3586 3589 3592
f 3589 3592 3590
f 3593 3594 3595
f 3595 3328 3330
f 3595 3330 3593
f 3330 3324 3593
f 3324 3591 3593
f 3590 3591 3593
f 3590 3593 3596
f 3593 3596 3594
f 3328 3333 3597
f 3598 3597 3328
f 3598 3328 3595
f 3595 3594 3598
f 3599 3600 3601
f 3601 3337 3340
f 3601 3340 3599
f 3602 3339 3340
f 3602 3340 3599
f 3599 3602 3603
f 3599 3603 3604
f 3599 3604 3600
f 3605 3606 3607
f 3607 3341 3343
f 3607 3343 3605
f 3343 3337 3605
f 3337 3601 3605
f 3608 3600 3601
f 3608 3601 3605
f 3605 3608 3606
f 3578 3313 3609
f 3313 3344 3609
f 3344 3341 3609
f 3341 3607 3609
f 3610 3606 3607
f 3610 3607 3609
f 3610 3579 3578
f 3610 3578 3609
f 3611 3597 3333
f 3611 3333 3612
f 3333 3345 3612
f 3597 3598 3611
f 3613 3614 3615
f 3346 3348 3613
f 3346 3613 3615
f 3348 3345 3613
f 3345 3612 3613
f 3616 3611 3612
f 3616 3612 3613
f 3613 3616 3614
f 3346 3351 3617
f 3618 3617 3346
f 3618 3346 3615
f 3615 3614 3618
f 3619 3620 3621
f 3619 3621 3622
f 3619 3622 3623
f 3619 3623 3624
f 3619 3624 3625
f 3619 3625 3620
f 3626 3627 3628
f 3628 3354 3357
f 3628 3357 3626
f 3629 3356 3357
f 3629 3357 3626
f 3629 3622 3621
f 3629 3621 3626
f 3630 3620 3621
f 3630 3621 3626
f 3626 3630 3627
f 3602 3339 3631
f 3339 3358 3631
f 3358 3354 3631
f 3354 3628 3631
f 3632 3627 3628
f 3632 3628 3631
f 3632 3603 3602
f 3632 3602 3631
f 3633 3634 3617
f 3633 3617 3351
f 3351 3359 3633
f 3617 3618 3634
f 3635 3636 3637
f 3635 3637 3638
f 3638 3363 3359
f 3638 3359 3635
f 3359 3633 3635
f 3634 3633 3635
f 3634 3635 3639
f 3635 3639 3636
f 3637 3638 3640
f 3637 3636 3640
f 3641 3642 3643
f 3641 3643 3644
f 3641 3644 3645
f 3641 3645 3646
f 3641 3646 3647
f 3641 3647 3642
f 3648 3622 3623
f 3648 3623 3649
f 3648 3366 3369
f 3648 3369 3649
f 3650 3368 3369
f 3650 3369 3649
f 3650 3644 3643
f 3650 3643 3649
f 3651 3642 3643
f 3651 3643 3649
f 3651 3624 3623
f 3651 3623 3649
f 3629 3356 3652
f 3356 3370 3652
f 3370 3366 3652
f 3366 3648 3652
f 3648 3622 3652
f 3622 3629 3652
f 3363 3638 3653
f 3363 3371 3653
f 3654 3655 3656
f 3654 3656 3657
f 3375 3371 3654
f 3375 3654 3657
f 3371 3653 3654
f 3653 3638 3654
f 3640 3638 3654
f 3640 3654 3655
f 3656 3657 3658
f 3656 3655 3658
f 3659 3644 3645
f 3659 3645 3660
f 3659 3378 3381
f 3659 3381 3660
f 3661 3380 3381
f 3661 3381 3660
f 3660 3661 3662
f 3660 3662 3663
f 3663 3646 3645
f 3663 3645 3660
f 3650 3368 3664
f 3368 3382 3664
f 3382 3378 3664
f 3378 3659 3664
f 3659 3644 3664
f 3644 3650 3664
f 3375 3657 3665
f 3375 3383 3665
f 3383 3387 3666
f 3666 3383 3665
f 3666 3665 3667
f 3667 3665 3657
f 3667 3657 3668
f 3657 3658 3668
f 3669 3670 3671
f 3671 3389 3393
f 3671 3393 3669
f 3672 3392 3393
f 3672 3393 3669
f 3669 3672 3673
f 3669 3673 3674
f 3669 3674 3670
f 3661 3380 3675
f 3380 3394 3675
f 3394 3389 3675
f 3389 3671 3675
f 3676 3670 3671
f 3676 3671 3675
f 3676 3662 3661
f 3676 3661 3675
f 3677 3678 3666
f 3677 3666 3387
f 3387 3395 3677
f 3666 3667 3678
f 3395 3398 3679
f 3680 3679 3395
f 3680 3395 3677
f 3677 3678 3680
f 3672 3392 3681
f 3392 3402 3681
f 3682 3401 3402
f 3682 3402 3681
f 3681 3682 3683
f 3681 3683 3684
f 3684 3673 3672
f 3684 3672 3681
f 3679 3398 3685
f 3398 3406 3685
f 3405 3406 3685
f 3405 3685 3686
f 3685 3686 3687
f 3685 3687 3688
f 3680 3679 3685
f 3680 3685 3688
f 3682 3401 3689
f 3401 3410 3689
f 3690 3409 3410
f 3690 3410 3689
f 3689 3690 3691
f 3689 3691 3692
f 3692 3683 3682
f 3692 3682 3689
f 3686 3405 3693
f 3405 3415 3693
f 3414 3415 3693
f 3414 3693 3694
f 3693 3694 3695
f 3693 3695 3696
f 3687 3686 3693
f 3687 3693 3696
f 3690 3409 3697
f 3409 3420 3697
f 3698 3419 3420
f 3698 3420 3697
f 3697 3698 3699
f 3697 3699 3700
f 3700 3691 3690
f 3700 3690 3697
f 3694 3414 3701
f 3414 3426 3701
f 3425 3426 3701
f 3425 3701 3702
f 3701 3702 3703
f 3701 3703 3704
f 3695 3694 3701
f 3695 3701 3704
f 3698 3419 3705
f 3419 3432 3705
f 3431 3432 3705
f 3431 3705 3706
f 3705 3706 3707
f 3705 3707 3708
f 3708 3699 3698
f 3708 3698 3705
f 3702 3425 3709
f 3425 3438 3709
f 3437 3438 3709
f 3437 3709 3710
f 3709 3710 3711
f 3709 3711 3712
f 3712 3703 3702
f 3712 3702 3709
f 3706 3431 3713
f 3431 3444 3713
f 3443 3444 3713
f 3443 3713 3714
f 3713 3714 3715
f 3713 3715 3716
f 3716 3707 3706
f 3716 3706 3713
f 3710 3437 3717
f 3437 3449 3717
f 3448 3449 3717
f 3448 3717 3718
f 3717 3718 3719
f 3717 3719 3720
f 3720 3711 3710
f 3720 3710 3717
f 3714 3443 3721
f 3443 3454 3721
f 3722 3453 3454
f 3722 3454 3721
f 3721 3722 3723
f 3721 3723 3724
f 3715 3714 3721
f 3715 3721 3724
f 3718 3448 3725
f 3448 3458 3725
f 3726 3457 3458
f 3726 3458 3725
f 3725 3726 3727
f 3725 3727 3728
f 3728 3719 3718
f 3728 3718 3725
f 3729 3730 3722
f 3729 3722 3453
f 3453 3460 3729
f 3722 3723 3730
f 3460 3462 3731
f 3731 3460 3729
f 3731 3729 3732
f 3729 3730 3732
f 3733 3734 3735
f 3464 3469 3733
f 3464 3733 3735
f 3468 3469 3733
f 3468 3733 3736
f 3733 3736 3737
f 3733 3737 3738
f 3733 3738 3734
f 3726 3457 3739
f 3457 3472 3739
f 3472 3464 3739
f 3464 3735 3739
f 3740 3734 3735
f 3740 3735 3739
f 3727 3726 3739
f 3727 3739 3740
f 3731 3462 3741
f 3462 3476 3741
f 3742 3475 3476
f 3742 3476 3741
f 3741 3742 3743
f 3741 3743 3744
f 3744 3732 3731
f 3744 3731 3741
f 3736 3468 3745
f 3468 3481 3745
f 3746 3480 3481
f 3746 3481 3745
f 3745 3746 3747
f 3745 3747 3748
f 3748 3737 3736
f 3748 3736 3745
f 3749 3742 3475
f 3749 3475 3750
f 3475 3484 3750
f 3742 3743 3749
f 3484 3486 3751
f 3751 3484 3750
f 3751 3750 3752
f 3750 3749 3752
f 3753 3754 3755
f 3755 3488 3492
f 3755 3492 3753
f 3756 3491 3492
f 3756 3492 3753
f 3753 3756 3757
f 3753 3757 3758
f 3753 3758 3754
f 3746 3480 3759
f 3480 3494 3759
f 3494 3488 3759
f 3488 3755 3759
f 3754 3755 3759
f 3754 3759 3760
f 3747 3746 3759
f 3747 3759 3760
f 3761 3751 3486
f 3761 3486 3762
f 3486 3496 3762
f 3751 3752 3761
f 3501 3498 3763
f 3764 3763 3501
f 3764 3501 3496
f 3764 3496 3762
f 3764 3762 3765
f 3762 3761 3765
f 3498 3502 3766
f 3498 3763 3766
f 3509 3504 3767
f 3509 3508 3767
f 3768 3769 3770
f 3770 3511 3514
f 3770 3514 3768
f 3514 3504 3768
f 3771 3767 3504
f 3771 3504 3768
f 3768 3771 3772
f 3768 3772 3769
f 3756 3491 3773
f 3491 3516 3773
f 3516 3511 3773
f 3511 3770 3773
f 3769 3770 3773
f 3769 3773 3774
f 3757 3756 3773
f 3757 3773 3774
f 3764 3763 3775
f 3764 3765 3775
f 3776 3766 3502
f 3776 3502 3777
f 3502 3519 3777
f 3763 3775 3778
f 3778 3763 3766
f 3778 3766 3776
f 3527 3523 3779
f 3780 3779 3527
f 3780 3527 3519
f 3781 3780 3519
f 3781 3519 3777
f 3777 3776 3781
f 3523 3528 3782
f 3523 3779 3782
f 3535 3530 3783
f 3535 3534 3783
f 3784 3785 3786
f 3537 3541 3784
f 3537 3784 3786
f 3541 3530 3784
f 3787 3783 3530
f 3787 3530 3784
f 3784 3787 3788
f 3784 3788 3785
f 3789 3767 3508
f 3789 3508 3790
f 3508 3545 3790
f 3545 3537 3790
f 3537 3786 3790
f 3791 3785 3786
f 3791 3786 3790
f 3790 3791 3789
f 3767 3789 3792
f 3767 3771 3792
f 3780 3779 3793
f 3780 3781 3793
f 3794 3782 3528
f 3794 3528 3795
f 3528 3551 3795
f 3779 3793 3796
f 3796 3779 3782
f 3796 3782 3794
f 3797 3798 3799
f 3554 3556 3797
f 3554 3797 3799
f 3556 3551 3797
f 3551 3795 3797
f 3794 3795 3797
f 3794 3797 3800
f 3797 3800 3798
f 3801 3802 3803
f 3558 3560 3801
f 3558 3801 3803
f 3560 3554 3801
f 3554 3799 3801
f 3798 3799 3801
f 3798 3801 3804
f 3801 3804 3802
f 3805 3806 3807
f 3562 3564 3805
f 3562 3805 3807
f 3564 3558 3805
f 3558 3803 3805
f 3802 3803 3805
f 3802 3805 3808
f 3805 3808 3806
f 3809 3810 3811
f 3811 3566 3568
f 3811 3568 3809
f 3568 3562 3809
f 3562 3807 3809
f 3812 3806 3807
f 3812 3807 3809
f 3809 3812 3810
f 3813 3783 3534
f 3813 3534 3814
f 3534 3571 3814
f 3571 3566 3814
f 3566 3811 3814
f 3810 3811 3814
f 3810 3814 3815
f 3814 3815 3813
f 3783 3813 3816
f 3783 3787 3816
f 3580 3576 3817
f 3580 3579 3817
f 3584 3582 3818
f 3818 3584 3576
f 3818 3576 3819
f 3576 3817 3819
f 3588 3586 3820
f 3820 3588 3582
f 3820 3582 3821
f 3582 3818 3821
f 3592 3590 3822
f 3823 3822 3592
f 3823 3592 3586
f 3586 3820 3823
f 3596 3594 3824
f 3825 3824 3596
f 3825 3596 3590
f 3590 3822 3825
f 3594 3598 3826
f 3594 3824 3826
f 3604 3600 3827
f 3604 3603 3827
f 3608 3606 3828
f 3829 3828 3608
f 3829 3608 3600
f 3600 3827 3829
f 3817 3579 3830
f 3817 3830 3831
f 3579 3610 3830
f 3610 3606 3830
f 3828 3606 3830
f 3828 3830 3832
f 3830 3832 3833
f 3830 3833 3831
f 3819 3818 3834
f 3817 3831 3835
f 3835 3817 3819
f 3835 3819 3834
f 3821 3820 3836
f 3818 3834 3837
f 3836 3837 3818
f 3836 3818 3821
f 3823 3822 3838
f 3820 3836 3839
f 3838 3839 3820
f 3838 3820 3823
f 3825 3824 3840
f 3822 3838 3841
f 3840 3841 3822
f 3840 3822 3825
f 3826 3598 3842
f 3611 3598 3842
f 3611 3842 3843
f 3842 3843 3844
f 3842 3844 3845
f 3845 3840 3824
f 3845 3824 3842
f 3824 3826 3842
f 3616 3614 3846
f 3846 3616 3611
f 3846 3611 3847
f 3611 3843 3847
f 3614 3618 3848
f 3614 3846 3848
f 3625 3620 3849
f 3625 3624 3849
f 3630 3627 3850
f 3850 3630 3620
f 3850 3620 3851
f 3620 3849 3851
f 3827 3603 3852
f 3827 3852 3853
f 3603 3632 3852
f 3632 3627 3852
f 3850 3627 3852
f 3850 3852 3854
f 3852 3854 3855
f 3852 3855 3853
f 3829 3828 3856
f 3827 3853 3857
f 3857 3827 3829
f 3857 3829 3856
f 3828 3856 3858
f 3828 3832 3858
f 3844 3843 3859
f 3844 3845 3859
f 3847 3846 3860
f 3843 3859 3861
f 3860 3861 3843
f 3860 3843 3847
f 3848 3618 3862
f 3863 3634 3618
f 3863 3618 3862
f 3862 3863 3864
f 3862 3864 3865
f 3865 3860 3846
f 3865 3846 3862
f 3846 3848 3862
f 3639 3636 3866
f 3867 3866 3639
f 3867 3639 3634
f 3634 3863 3867
f 3636 3640 3868
f 3636 3866 3868
f 3647 3642 3869
f 3647 3646 3869
f 3624 3849 3870
f 3871 3870 3624
f 3871 3624 3651
f 3871 3651 3642
f 3871 3642 3872
f 3642 3869 3872
f 3851 3850 3873
f 3870 3871 3874
f 3874 3870 3849
f 3874 3849 3875
f 3875 3849 3851
f 3875 3851 3873
f 3850 3873 3876
f 3850 3854 3876
f 3864 3863 3877
f 3864 3865 3877
f 3878 3866 3867
f 3878 3867 3879
f 3879 3878 3880
f 3879 3880 3881
f 3879 3881 3882
f 3882 3877 3863
f 3882 3863 3879
f 3863 3867 3879
f 3868 3640 3883
f 3884 3655 3640
f 3884 3640 3883
f 3883 3884 3885
f 3880 3878 3883
f 3880 3883 3885
f 3878 3866 3883
f 3866 3868 3883
f 3655 3658 3886
f 3655 3884 3886
f 3646 3869 3887
f 3888 3887 3646
f 3888 3646 3663
f 3663 3662 3888
f 3872 3871 3889
f 3887 3888 3890
f 3890 3887 3869
f 3890 3869 3891
f 3891 3869 3872
f 3891 3872 3889
f 3871 3889 3892
f 3871 3874 3892
f 3881 3880 3893
f 3881 3882 3893
f 3894 3884 3885
f 3894 3885 3895
f 3895 3894 3896
f 3895 3896 3897
f 3895 3897 3898
f 3898 3893 3880
f 3898 3880 3895
f 3880 3885 3895
f 3886 3658 3899
f 3658 3668 3899
f 3667 3668 3899
f 3667 3899 3900
f 3896 3894 3899
f 3896 3899 3900
f 3894 3884 3899
f 3884 3886 3899
f 3674 3670 3901
f 3674 3673 3901
f 3662 3888 3902
f 3903 3902 3662
f 3903 3662 3676
f 3904 3903 3676
f 3904 3676 3670
f 3670 3901 3904
f 3902 3903 3905
f 3906 3905 3902
f 3906 3902 3888
f 3888 3890 3906
f 3896 3897 3907
f 3896 3907 3908
f 3907 3908 3909
f 3907 3909 3910
f 3907 3910 3911
f 3907 3911 3912
f 3898 3897 3907
f 3898 3907 3912
f 3900 3667 3913
f 3914 3678 3667
f 3914 3667 3913
f 3913 3914 3915
f 3915 3909 3908
f 3915 3908 3913
f 3908 3896 3913
f 3896 3900 3913
f 3678 3680 3916
f 3678 3914 3916
f 3673 3901 3917
f 3918 3917 3673
f 3918 3673 3684
f 3684 3683 3918
f 3904 3903 3919
f 3917 3918 3920
f 3920 3917 3901
f 3920 3901 3921
f 3921 3901 3904
f 3921 3904 3919
f 3903 3919 3922
f 3903 3905 3922
f 3910 3909 3923
f 3910 3911 3923
f 3924 3914 3915
f 3924 3915 3925
f 3925 3924 3926
f 3925 3926 3927
f 3925 3927 3928
f 3928 3923 3909
f 3928 3909 3925
f 3909 3915 3925
f 3916 3680 3929
f 3680 3688 3929
f 3687 3688 3929
f 3687 3929 3930
f 3926 3924 3929
f 3926 3929 3930
f 3924 3914 3929
f 3914 3916 3929
f 3683 3918 3931
f 3932 3931 3683
f 3932 3683 3692
f 3692 3691 3932
f 3931 3932 3933
f 3934 3933 3931
f 3934 3931 3918
f 3918 3920 3934
f 3935 3926 3927
f 3935 3927 3936
f 3936 3935 3937
f 3936 3937 3938
f 3936 3938 3939
f 3936 3939 3940
f 3940 3928 3927
f 3940 3927 3936
f 3930 3687 3941
f 3687 3696 3941
f 3942 3695 3696
f 3942 3696 3941
f 3942 3937 3935
f 3942 3935 3941
f 3935 3926 3941
f 3926 3930 3941
f 3691 3932 3943
f 3943 3691 3700
f 3943 3700 3944
f 3700 3699 3944
f 3943 3944 3945
f 3946 3945 3943
f 3946 3943 3932
f 3932 3933 3946
f 3947 3937 3938
f 3947 3938 3948
f 3948 3947 3949
f 3948 3949 3950
f 3948 3950 3951
f 3948 3951 3952
f 3952 3939 3938
f 3952 3938 3948
f 3942 3695 3953
f 3695 3704 3953
f 3954 3703 3704
f 3954 3704 3953
f 3954 3949 3947
f 3954 3947 3953
f 3947 3937 3953
f 3937 3942 3953
f 3699 3944 3955
f 3955 3699 3708
f 3955 3708 3956
f 3708 3707 3956
f 3955 3956 3957
f 3957 3955 3944
f 3957 3944 3958
f 3944 3945 3958
f 3959 3949 3950
f 3959 3950 3960
f 3960 3959 3961
f 3960 3961 3962
f 3960 3962 3963
f 3960 3963 3964
f 3964 3951 3950
f 3964 3950 3960
f 3954 3703 3965
f 3703 3712 3965
f 3966 3711 3712
f 3966 3712 3965
f 3966 3961 3959
f 3966 3959 3965
f 3959 3949 3965
f 3949 3954 3965
f 3707 3956 3967
f 3967 3707 3716
f 3967 3716 3968
f 3716 3715 3968
f 3967 3968 3969
f 3970 3969 3967
f 3970 3967 3956
f 3956 3957 3970
f 3971 3961 3962
f 3971 3962 3972
f 3972 3971 3973
f 3972 3973 3974
f 3972 3974 3975
f 3972 3975 3976
f 3976 3963 3962
f 3976 3962 3972
f 3966 3711 3977
f 3711 3720 3977
f 3978 3719 3720
f 3978 3720 3977
f 3978 3973 3971
f 3978 3971 3977
f 3971 3961 3977
f 3961 3966 3977
f 3715 3968 3979
f 3979 3715 3724
f 3979 3724 3980
f 3724 3723 3980
f 3979 3980 3981
f 3982 3981 3979
f 3982 3979 3968
f 3968 3969 3982
f 3983 3973 3974
f 3983 3974 3984
f 3984 3983 3985
f 3984 3985 3986
f 3984 3986 3987
f 3984 3987 3988
f 3988 3975 3974
f 3988 3974 3984
f 3978 3719 3989
f 3719 3728 3989
f 3990 3727 3728
f 3990 3728 3989
f 3990 3985 3983
f 3990 3983 3989
f 3983 3973 3989
f 3973 3978 3989
f 3723 3980 3991
f 3723 3730 3991
f 3992 3993 3994
f 3992 3994 3995
f 3995 3732 3730
f 3995 3730 3992
f 3730 3991 3992
f 3991 3980 3992
f 3993 3981 3980
f 3993 3980 3992
f 3994 3995 3996
f 3994 3993 3996
f 3997 3998 3999
f 3997 3999 4000
f 3997 4000 4001
f 3997 4001 4002
f 3997 4002 4003
f 3997 4003 3998
f 4004 3985 3986
f 4004 3986 4005
f 4004 3734 3738
f 4004 3738 4005
f 4006 3737 3738
f 4006 3738 4005
f 4006 4000 3999
f 4006 3999 4005
f 4007 3998 3999
f 4007 3999 4005
f 4007 3987 3986
f 4007 3986 4005
f 3990 3727 4008
f 3727 3740 4008
f 3740 3734 4008
f 3734 4004 4008
f 4004 3985 4008
f 3985 3990 4008
f 3732 3995 4009
f 4009 3732 3744
f 4009 3744 4010
f 3744 3743 4010
f 4011 4012 4013
f 4011 4013 4014
f 4011 4014 4015
f 4015 4010 4009
f 4015 4009 4011
f 4009 3995 4011
f 3996 3995 4011
f 3996 4011 4012
f 4013 4014 4016
f 4013 4012 4016
f 4017 4018 4019
f 4017 4019 4020
f 4017 4020 4021
f 4017 4021 4022
f 4017 4022 4023
f 4017 4023 4018
f 4024 4000 4001
f 4024 4001 4025
f 4025 4024 4026
f 4025 4026 4027
f 4027 4020 4019
f 4027 4019 4025
f 4028 4018 4019
f 4028 4019 4025
f 4028 4002 4001
f 4028 4001 4025
f 4006 3737 4029
f 3737 3748 4029
f 4030 3747 3748
f 4030 3748 4029
f 4030 4026 4024
f 4030 4024 4029
f 4024 4000 4029
f 4000 4006 4029
f 3743 4010 4031
f 3743 3749 4031
f 4014 4015 4032
f 4014 4032 4033
f 4032 4033 4034
f 3752 3749 4032
f 3752 4032 4034
f 3749 4031 4032
f 4031 4010 4032
f 4010 4015 4032
f 4035 4036 4037
f 4035 4037 4038
f 4035 4038 4039
f 4034 4033 4035
f 4034 4035 4039
f 4033 4014 4035
f 4036 4016 4014
f 4036 4014 4035
f 4037 4038 4040
f 4037 4036 4040
f 4041 4042 4043
f 4041 4043 4044
f 4041 4044 4045
f 4041 4045 4046
f 4041 4046 4047
f 4041 4047 4042
f 4048 4020 4021
f 4048 4021 4049
f 4049 4048 4050
f 4049 4050 4051
f 4051 4044 4043
f 4051 4043 4049
f 4052 4042 4043
f 4052 4043 4049
f 4052 4022 4021
f 4052 4021 4049
f 4053 4026 4027
f 4053 4027 4054
f 4053 3754 3758
f 4053 3758 4054
f 4055 3757 3758
f 4055 3758 4054
f 4055 4050 4048
f 4055 4048 4054
f 4048 4020 4054
f 4020 4027 4054
f 4030 3747 4056
f 3747 3760 4056
f 3760 3754 4056
f 3754 4053 4056
f 4053 4026 4056
f 4026 4030 4056
f 3752 4034 4057
f 3752 3761 4057
f 4058 4038 4039
f 4058 4039 4059
f 4059 4058 4060
f 4060 3765 3761
f 4060 3761 4059
f 3761 4057 4059
f 4057 4034 4059
f 4034 4039 4059
f 4061 4062 4063
f 4061 4063 4064
f 4061 4064 4065
f 4065 4060 4058
f 4065 4058 4061
f 4058 4038 4061
f 4062 4040 4038
f 4062 4038 4061
f 4066 4067 4068
f 4066 4068 4069
f 4066 4069 4070
f 4064 4063 4066
f 4064 4066 4070
f 4062 4063 4066
f 4062 4066 4071
f 4066 4071 4067
f 4068 4069 4072
f 4068 4067 4072
f 4073 4074 4075
f 4073 4075 4076
f 4073 4076 4077
f 4073 4077 4078
f 4073 4078 4079
f 4073 4079 4074
f 4080 4081 4082
f 4080 4082 4083
f 4080 4083 4084
f 4084 4076 4075
f 4084 4075 4080
f 4085 4074 4075
f 4085 4075 4080
f 4080 4085 4081
f 4086 4044 4045
f 4086 4045 4087
f 4087 4086 4088
f 4087 4088 4089
f 4089 4083 4082
f 4089 4082 4087
f 4090 4081 4082
f 4090 4082 4087
f 4090 4046 4045
f 4090 4045 4087
f 4091 4050 4051
f 4091 4051 4092
f 4091 3769 3772
f 4091 3772 4092
f 4093 3771 3772
f 4093 3772 4092
f 4093 4088 4086
f 4093 4086 4092
f 4086 4044 4092
f 4044 4051 4092
f 4055 3757 4094
f 3757 3774 4094
f 3774 3769 4094
f 3769 4091 4094
f 4091 4050 4094
f 4050 4055 4094
f 3765 4060 4095
f 3765 3775 4095
f 4064 4065 4096
f 4064 4096 4097
f 3776 3778 4096
f 3776 4096 4097
f 3778 3775 4096
f 3775 4095 4096
f 4095 4060 4096
f 4060 4065 4096
f 4098 4069 4070
f 4098 4070 4099
f 4099 4098 4100
f 4100 3781 3776
f 4100 3776 4099
f 3776 4097 4099
f 4097 4064 4099
f 4064 4070 4099
f 4101 4102 4103
f 4101 4103 4104
f 4101 4104 4105
f 4105 4100 4098
f 4105 4098 4101
f 4098 4069 4101
f 4102 4072 4069
f 4102 4069 4101
f 4106 4107 4108
f 4106 4108 4109
f 4106 4109 4110
f 4110 4104 4103
f 4110 4103 4106
f 4111 4102 4103
f 4111 4103 4106
f 4106 4111 4107
f 4112 4113 4114
f 4112 4114 4115
f 4112 4115 4116
f 4116 4109 4108
f 4116 4108 4112
f 4117 4107 4108
f 4117 4108 4112
f 4112 4117 4113
f 4118 4119 4120
f 4118 4120 4121
f 4118 4121 4122
f 4122 4115 4114
f 4122 4114 4118
f 4123 4113 4114
f 4123 4114 4118
f 4118 4123 4119
f 4124 4125 4126
f 4124 4126 4127
f 4124 4127 4128
f 4128 4121 4120
f 4128 4120 4124
f 4129 4119 4120
f 4129 4120 4124
f 4124 4129 4125
f 4130 4076 4077
f 4130 4077 4131
f 4131 4130 4132
f 4131 4132 4133
f 4133 4127 4126
f 4133 4126 4131
f 4134 4125 4126
f 4134 4126 4131
f 4134 4078 4077
f 4134 4077 4131
f 4135 4083 4084
f 4135 4084 4136
f 4135 3785 3788
f 4135 3788 4136
f 4137 3787 3788
f 4137 3788 4136
f 4137 4132 4130
f 4137 4130 4136
f 4130 4076 4136
f 4076 4084 4136
f 4138 4088 4089
f 4138 4089 4139
f 4138 3789 3791
f 4138 3791 4139
f 3791 3785 4139
f 3785 4135 4139
f 4135 4083 4139
f 4083 4089 4139
f 4093 3771 4140
f 3771 3792 4140
f 3792 3789 4140
f 3789 4138 4140
f 4138 4088 4140
f 4088 4093 4140
f 3781 4100 4141
f 3781 3793 4141
f 4104 4105 4142
f 4104 4142 4143
f 3794 3796 4142
f 3794 4142 4143
f 3796 3793 4142
f 3793 4141 4142
f 4141 4100 4142
f 4100 4105 4142
f 4144 4109 4110
f 4144 4110 4145
f 4144 3798 3800
f 4144 3800 4145
f 3800 3794 4145
f 3794 4143 4145
f 4143 4104 4145
f 4104 4110 4145
f 4146 4115 4116
f 4146 4116 4147
f 4146 3802 3804
f 4146 3804 4147
f 3804 3798 4147
f 3798 4144 4147
f 4144 4109 4147
f 4109 4116 4147
f 4148 4121 4122
f 4148 4122 4149
f 4148 3806 3808
f 4148 3808 4149
f 3808 3802 4149
f 3802 4146 4149
f 4146 4115 4149
f 4115 4122 4149
f 4150 4127 4128
f 4150 4128 4151
f 4150 3810 3812
f 4150 3812 4151
f 3812 3806 4151
f 3806 4148 4151
f 4148 4121 4151
f 4121 4128 4151
f 4152 4132 4133
f 4152 4133 4153
f 4152 3813 3815
f 4152 3815 4153
f 3815 3810 4153
f 3810 4150 4153
f 4150 4127 4153
f 4127 4133 4153
f 4137 3787 4154
f 3787 3816 4154
f 3816 3813 4154
f 3813 4152 4154
f 4152 4132 4154
f 4132 4137 4154
f 3833 3831 4155
f 3833 3832 4155
f 3835 3834 4156
f 4156 3835 3831
f 4156 3831 4157
f 3831 4155 4157
f 3837 3836 4158
f 4159 4158 3837
f 4159 3837 3834
f 3834 4156 4159
f 3839 3838 4160
f 4161 4160 3839
f 4161 3839 3836
f 3836 4158 4161
f 3841 3840 4162
f 4163 4162 3841
f 4163 3841 3838
f 3838 4160 4163
f 3840 3845 4164
f 3840 4162 4164
f 3855 3853 4165
f 3855 3854 4165
f 4166 4167 4168
f 3856 3857 4166
f 3856 4166 4168
f 3857 3853 4166
f 4165 3853 4166
f 4165 4166 4169
f 4166 4169 4170
f 4166 4170 4167
f 4171 4155 3832
f 4171 3832 4172
f 3832 3858 4172
f 3858 3856 4172
f 3856 4168 4172
f 4173 4167 4168
f 4173 4168 4172
f 4172 4173 4171
f 4157 4156 4174
f 4155 4171 4175
f 4175 4155 4157
f 4175 4157 4174
f 4159 4158 4176
f 4156 4174 4177
f 4177 4156 4159
f 4177 4159 4176
f 4161 4160 4178
f 4158 4176 4179
f 4179 4158 4161
f 4179 4161 4178
f 4163 4162 4180
f 4160 4178 4181
f 4181 4160 4163
f 4181 4163 4180
f 4182 4164 3845
f 4182 3845 4183
f 3845 3859 4183
f 4162 4180 4184
f 4184 4162 4164
f 4184 4164 4182
f 3861 3860 4185
f 4186 4185 3861
f 4186 3861 3859
f 4186 3859 4183
f 4186 4183 4187
f 4183 4182 4187
f 3860 3865 4188
f 3860 4185 4188
f 3875 3873 4189
f 3875 3874 4189
f 4190 4165 3854
f 4190 3854 4191
f 3854 3876 4191
f 3876 3873 4191
f 4192 4189 3873
f 4192 3873 4191
f 4191 4192 4193
f 4191 4193 4190
f 4165 4190 4194
f 4165 4169 4194
f 4186 4185 4195
f 4186 4187 4195
f 4188 3865 4196
f 3877 3865 4196
f 3877 4196 4197
f 4196 4197 4198
f 4196 4198 4199
f 4195 4185 4196
f 4195 4196 4199
f 4185 4188 4196
f 3877 3882 4200
f 3877 4197 4200
f 3891 3889 4201
f 3891 3890 4201
f 4202 4189 3874
f 4202 3874 4203
f 3874 3892 4203
f 3892 3889 4203
f 4204 4201 3889
f 4204 3889 4203
f 4203 4204 4205
f 4203 4205 4202
f 4189 4202 4206
f 4189 4192 4206
f 4198 4197 4207
f 4198 4199 4207
f 4200 3882 4208
f 3893 3882 4208
f 3893 4208 4209
f 4208 4209 4210
f 4208 4210 4211
f 4211 4207 4197
f 4211 4197 4208
f 4197 4200 4208
f 3893 3898 4212
f 3893 4209 4212
f 4213 4201 3890
f 4213 3890 4214
f 3890 3906 4214
f 4215 3905 3906
f 4215 3906 4214
f 4214 4215 4216
f 4214 4216 4217
f 4214 4217 4213
f 4201 4213 4218
f 4201 4204 4218
f 4210 4209 4219
f 4210 4211 4219
f 4212 3898 4220
f 3898 3912 4220
f 4221 3911 3912
f 4221 3912 4220
f 4220 4221 4222
f 4222 4219 4209
f 4222 4209 4220
f 4209 4212 4220
f 3921 3919 4223
f 3921 3920 4223
f 4215 3905 4224
f 3905 3922 4224
f 3922 3919 4224
f 4223 3919 4224
f 4223 4224 4225
f 4224 4225 4226
f 4216 4215 4224
f 4216 4224 4226
f 4221 3911 4227
f 4228 3923 3911
f 4228 3911 4227
f 4227 4228 4229
f 4227 4229 4230
f 4227 4230 4231
f 4222 4221 4227
f 4222 4227 4231
f 3923 3928 4232
f 3923 4228 4232
f 4223 3920 4233
f 4223 4233 4234
f 3920 3934 4233
f 3933 3934 4233
f 3933 4233 4235
f 4233 4235 4236
f 4233 4236 4237
f 4233 4237 4234
f 4223 4234 4238
f 4223 4225 4238
f 4229 4228 4239
f 4229 4230 4239
f 4232 3928 4240
f 3928 3940 4240
f 4241 3939 3940
f 4241 3940 4240
f 4240 4241 4242
f 4242 4239 4228
f 4242 4228 4240
f 4228 4232 4240
f 4235 3933 4243
f 3933 3946 4243
f 3945 3946 4243
f 3945 4243 4244
f 4243 4244 4245
f 4243 4245 4246
f 4246 4236 4235
f 4246 4235 4243
f 4241 3939 4247
f 3939 3952 4247
f 4248 3951 3952
f 4248 3952 4247
f 4247 4248 4249
f 4247 4249 4250
f 4250 4242 4241
f 4250 4241 4247
f 4244 3945 4251
f 3945 3958 4251
f 3957 3958 4251
f 3957 4251 4252
f 4251 4252 4253
f 4251 4253 4254
f 4245 4244 4251
f 4245 4251 4254
f 4248 3951 4255
f 3951 3964 4255
f 4256 3963 3964
f 4256 3964 4255
f 4255 4256 4257
f 4255 4257 4258
f 4258 4249 4248
f 4258 4248 4255
f 4259 4260 4252
f 4259 4252 3957
f 4261 4259 3957
f 4261 3957 3970
f 3970 3969 4261
f 4252 4253 4260
f 4259 4261 4262
f 4259 4260 4262
f 4263 4264 4265
f 4263 4265 4266
f 4263 4266 4267
f 4263 4267 4268
f 4263 4268 4269
f 4263 4269 4264
f 4256 3963 4270
f 3963 3976 4270
f 4271 3975 3976
f 4271 3976 4270
f 4271 4266 4265
f 4271 4265 4270
f 4272 4264 4265
f 4272 4265 4270
f 4272 4257 4256
f 4272 4256 4270
f 3969 4261 4273
f 4273 3969 3982
f 4273 3982 4274
f 3982 3981 4274
f 4273 4274 4275
f 4275 4273 4261
f 4275 4261 4276
f 4261 4262 4276
f 4277 4266 4267
f 4277 4267 4278
f 4278 4277 4279
f 4278 4279 4280
f 4278 4280 4281
f 4278 4281 4282
f 4282 4268 4267
f 4282 4267 4278
f 4271 3975 4283
f 3975 3988 4283
f 4284 3987 3988
f 4284 3988 4283
f 4284 4279 4277
f 4284 4277 4283
f 4277 4266 4283
f 4266 4271 4283
f 3981 4274 4285
f 3981 3993 4285
f 4286 4287 4288
f 4286 4288 4289
f 3996 3993 4286
f 3996 4286 4289
f 3993 4285 4286
f 4285 4274 4286
f 4275 4274 4286
f 4275 4286 4287
f 4288 4289 4290
f 4288 4287 4290
f 4291 4292 4293
f 4291 4293 4294
f 4291 4294 4295
f 4291 4295 4296
f 4291 4296 4297
f 4291 4297 4292
f 4298 4279 4280
f 4298 4280 4299
f 4298 3998 4003
f 4298 4003 4299
f 4300 4002 4003
f 4300 4003 4299
f 4300 4294 4293
f 4300 4293 4299
f 4301 4292 4293
f 4301 4293 4299
f 4301 4281 4280
f 4301 4280 4299
f 4284 3987 4302
f 3987 4007 4302
f 4007 3998 4302
f 3998 4298 4302
f 4298 4279 4302
f 4279 4284 4302
f 3996 4289 4303
f 3996 4012 4303
f 4304 4305 4306
f 4304 4306 4307
f 4016 4012 4304
f 4016 4304 4307
f 4012 4303 4304
f 4303 4289 4304
f 4290 4289 4304
f 4290 4304 4305
f 4306 4307 4308
f 4306 4305 4308
f 4309 4310 4311
f 4309 4311 4312
f 4309 4312 4313
f 4309 4313 4314
f 4309 4314 4315
f 4309 4315 4310
f 4316 4294 4295
f 4316 4295 4317
f 4316 4018 4023
f 4316 4023 4317
f 4318 4022 4023
f 4318 4023 4317
f 4318 4312 4311
f 4318 4311 4317
f 4319 4310 4311
f 4319 4311 4317
f 4319 4296 4295
f 4319 4295 4317
f 4300 4002 4320
f 4002 4028 4320
f 4028 4018 4320
f 4018 4316 4320
f 4316 4294 4320
f 4294 4300 4320
f 4016 4307 4321
f 4016 4036 4321
f 4322 4323 4324
f 4322 4324 4325
f 4325 4040 4036
f 4325 4036 4322
f 4036 4321 4322
f 4321 4307 4322
f 4323 4308 4307
f 4323 4307 4322
f 4324 4325 4326
f 4324 4323 4326
f 4327 4328 4329
f 4327 4329 4330
f 4327 4330 4331
f 4327 4331 4332
f 4327 4332 4333
f 4327 4333 4328
f 4334 4312 4313
f 4334 4313 4335
f 4334 4042 4047
f 4334 4047 4335
f 4336 4046 4047
f 4336 4047 4335
f 4336 4330 4329
f 4336 4329 4335
f 4337 4328 4329
f 4337 4329 4335
f 4337 4314 4313
f 4337 4313 4335
f 4318 4022 4338
f 4022 4052 4338
f 4052 4042 4338
f 4042 4334 4338
f 4334 4312 4338
f 4312 4318 4338
f 4040 4325 4339
f 4040 4062 4339
f 4340 4341 4342
f 4342 4067 4071
f 4342 4071 4340
f 4071 4062 4340
f 4062 4339 4340
f 4339 4325 4340
f 4341 4326 4325
f 4341 4325 4340
f 4343 4344 4345
f 4343 4345 4346
f 4346 4072 4067
f 4346 4067 4343
f 4067 4342 4343
f 4347 4341 4342
f 4347 4342 4343
f 4343 4347 4344
f 4348 4349 4350
f 4348 4350 4351
f 4348 4351 4352
f 4352 4346 4345
f 4352 4345 4348
f 4344 4345 4348
f 4344 4348 4353
f 4348 4353 4349
f 4354 4355 4356
f 4354 4356 4357
f 4354 4357 4358
f 4358 4351 4350
f 4358 4350 4354
f 4349 4350 4354
f 4349 4354 4359
f 4354 4359 4355
f 4360 4361 4362
f 4360 4362 4363
f 4360 4363 4364
f 4364 4357 4356
f 4364 4356 4360
f 4365 4355 4356
f 4365 4356 4360
f 4360 4365 4361
f 4366 4367 4368
f 4366 4368 4369
f 4366 4369 4370
f 4370 4363 4362
f 4370 4362 4366
f 4371 4361 4362
f 4371 4362 4366
f 4366 4371 4367
f 4372 4373 4374
f 4374 4074 4079
f 4374 4079 4372
f 4375 4078 4079
f 4375 4079 4372
f 4375 4369 4368
f 4375 4368 4372
f 4376 4367 4368
f 4376 4368 4372
f 4372 4376 4373
f 4377 4330 4331
f 4377 4331 4378
f 4377 4081 4085
f 4377 4085 4378
f 4085 4074 4378
f 4074 4374 4378
f 4379 4373 4374
f 4379 4374 4378
f 4379 4332 4331
f 4379 4331 4378
f 4336 4046 4380
f 4046 4090 4380
f 4090 4081 4380
f 4081 4377 4380
f 4377 4330 4380
f 4330 4336 4380
f 4072 4346 4381
f 4072 4102 4381
f 4351 4352 4382
f 4351 4382 4383
f 4107 4111 4382
f 4107 4382 4383
f 4111 4102 4382
f 4102 4381 4382
f 4381 4346 4382
f 4346 4352 4382
f 4384 4357 4358
f 4384 4358 4385
f 4384 4113 4117
f 4384 4117 4385
f 4117 4107 4385
f 4107 4383 4385
f 4383 4351 4385
f 4351 4358 4385
f 4386 4363 4364
f 4386 4364 4387
f 4386 4119 4123
f 4386 4123 4387
f 4123 4113 4387
f 4113 4384 4387
f 4384 4357 4387
f 4357 4364 4387
f 4388 4369 4370
f 4388 4370 4389
f 4388 4125 4129
f 4388 4129 4389
f 4129 4119 4389
f 4119 4386 4389
f 4386 4363 4389
f 4363 4370 4389
f 4375 4078 4390
f 4078 4134 4390
f 4134 4125 4390
f 4125 4388 4390
f 4388 4369 4390
f 4369 4375 4390
f 4170 4167 4391
f 4170 4169 4391
f 4392 4393 4394
f 4171 4173 4392
f 4171 4392 4394
f 4173 4167 4392
f 4395 4391 4167
f 4395 4167 4392
f 4392 4395 4396
f 4392 4396 4393
f 4397 4398 4399
f 4399 4174 4175
f 4399 4175 4397
f 4175 4171 4397
f 4171 4394 4397
f 4400 4393 4394
f 4400 4394 4397
f 4397 4400 4398
f 4401 4402 4403
f 4403 4176 4177
f 4403 4177 4401
f 4177 4174 4401
f 4174 4399 4401
f 4398 4399 4401
f 4398 4401 4404
f 4401 4404 4402
f 4405 4406 4407
f 4178 4179 4405
f 4178 4405 4407
f 4179 4176 4405
f 4176 4403 4405
f 4402 4403 4405
f 4402 4405 4408
f 4405 4408 4406
f 4409 4410 4411
f 4180 4181 4409
f 4180 4409 4411
f 4181 4178 4409
f 4178 4407 4409
f 4406 4407 4409
f 4406 4409 4412
f 4409 4412 4410
f 4184 4182 4413
f 4414 4413 4184
f 4414 4184 4180
f 4415 4414 4180
f 4415 4180 4411
f 4411 4410 4415
f 4182 4187 4416
f 4182 4413 4416
f 4417 4418 4419
f 4190 4193 4417
f 4190 4417 4419
f 4420 4192 4193
f 4420 4193 4417
f 4417 4420 4421
f 4417 4421 4422
f 4417 4422 4418
f 4423 4391 4169
f 4423 4169 4424
f 4169 4194 4424
f 4194 4190 4424
f 4190 4419 4424
f 4425 4418 4419
f 4425 4419 4424
f 4424 4425 4423
f 4391 4423 4426
f 4391 4395 4426
f 4414 4413 4427
f 4414 4415 4427
f 4428 4416 4187
f 4428 4187 4429
f 4187 4195 4429
f 4413 4427 4430
f 4428 4430 4413
f 4428 4413 4416
f 4195 4199 4431
f 4431 4195 4429
f 4431 4429 4432
f 4429 4428 4432
f 4433 4434 4435
f 4435 4202 4205
f 4435 4205 4433
f 4436 4204 4205
f 4436 4205 4433
f 4433 4436 4437
f 4433 4437 4438
f 4433 4438 4434
f 4420 4192 4439
f 4192 4206 4439
f 4206 4202 4439
f 4202 4435 4439
f 4434 4435 4439
f 4434 4439 4440
f 4421 4420 4439
f 4421 4439 4440
f 4441 4431 4199
f 4441 4199 4442
f 4199 4207 4442
f 4431 4432 4441
f 4207 4211 4443
f 4443 4207 4442
f 4443 4442 4444
f 4442 4441 4444
f 4445 4446 4447
f 4213 4217 4445
f 4213 4445 4447
f 4216 4217 4445
f 4216 4445 4448
f 4445 4448 4449
f 4445 4449 4450
f 4445 4450 4446
f 4436 4204 4451
f 4204 4218 4451
f 4218 4213 4451
f 4213 4447 4451
f 4452 4446 4447
f 4452 4447 4451
f 4437 4436 4451
f 4437 4451 4452
f 4453 4454 4443
f 4453 4443 4211
f 4211 4219 4453
f 4443 4444 4454
f 4219 4222 4455
f 4455 4219 4453
f 4455 4453 4456
f 4453 4454 4456
f 4448 4216 4457
f 4216 4226 4457
f 4458 4225 4226
f 4458 4226 4457
f 4457 4458 4459
f 4457 4459 4460
f 4460 4449 4448
f 4460 4448 4457
f 4455 4222 4461
f 4222 4231 4461
f 4462 4230 4231
f 4462 4231 4461
f 4461 4462 4463
f 4461 4463 4464
f 4464 4456 4455
f 4464 4455 4461
f 4237 4234 4465
f 4237 4236 4465
f 4458 4225 4466
f 4225 4238 4466
f 4238 4234 4466
f 4467 4465 4234
f 4467 4234 4466
f 4466 4467 4468
f 4459 4458 4466
f 4459 4466 4468
f 4462 4230 4469
f 4470 4239 4230
f 4470 4230 4469
f 4469 4470 4471
f 4469 4471 4472
f 4469 4472 4473
f 4463 4462 4469
f 4463 4469 4473
f 4239 4242 4474
f 4239 4470 4474
f 4236 4465 4475
f 4476 4475 4236
f 4476 4236 4246
f 4246 4245 4476
f 4475 4476 4477
f 4477 4475 4465
f 4477 4465 4478
f 4465 4467 4478
f 4479 4470 4471
f 4479 4471 4480
f 4480 4479 4481
f 4480 4481 4482
f 4480 4482 4483
f 4480 4483 4484
f 4472 4471 4480
f 4472 4480 4484
f 4474 4242 4485
f 4242 4250 4485
f 4249 4250 4485
f 4249 4485 4486
f 4481 4479 4485
f 4481 4485 4486
f 4479 4470 4485
f 4470 4474 4485
f 4245 4476 4487
f 4487 4245 4254
f 4487 4254 4488
f 4254 4253 4488
f 4487 4488 4489
f 4489 4487 4476
f 4489 4476 4490
f 4476 4477 4490
f 4491 4481 4482
f 4491 4482 4492
f 4492 4491 4493
f 4492 4493 4494
f 4492 4494 4495
f 4492 4495 4496
f 4496 4483 4482
f 4496 4482 4492
f 4486 4249 4497
f 4249 4258 4497
f 4498 4257 4258
f 4498 4258 4497
f 4498 4493 4491
f 4498 4491 4497
f 4491 4481 4497
f 4481 4486 4497
f 4253 4488 4499
f 4253 4260 4499
f 4260 4262 4500
f 4500 4260 4499
f 4500 4499 4501
f 4501 4499 4488
f 4501 4488 4502
f 4488 4489 4502
f 4503 4493 4494
f 4503 4494 4504
f 4503 4264 4269
f 4503 4269 4504
f 4505 4268 4269
f 4505 4269 4504
f 4504 4505 4506
f 4504 4506 4507
f 4507 4495 4494
f 4507 4494 4504
f 4498 4257 4508
f 4257 4272 4508
f 4272 4264 4508
f 4264 4503 4508
f 4503 4493 4508
f 4493 4498 4508
f 4500 4262 4509
f 4262 4276 4509
f 4275 4276 4509
f 4275 4509 4510
f 4509 4510 4511
f 4509 4511 4512
f 4501 4500 4509
f 4501 4509 4512
f 4505 4268 4513
f 4268 4282 4513
f 4514 4281 4282
f 4514 4282 4513
f 4513 4514 4515
f 4513 4515 4516
f 4516 4506 4505
f 4516 4505 4513
f 4517 4518 4510
f 4517 4510 4275
f 4275 4287 4517
f 4510 4511 4518
f 4287 4290 4519
f 4520 4519 4287
f 4520 4287 4517
f 4517 4518 4520
f 4521 4522 4523
f 4523 4292 4297
f 4523 4297 4521
f 4524 4296 4297
f 4524 4297 4521
f 4521 4524 4525
f 4521 4525 4526
f 4521 4526 4522
f 4514 4281 4527
f 4281 4301 4527
f 4301 4292 4527
f 4292 4523 4527
f 4528 4522 4523
f 4528 4523 4527
f 4528 4515 4514
f 4528 4514 4527
f 4529 4519 4290
f 4529 4290 4530
f 4290 4305 4530
f 4519 4520 4529
f 4305 4308 4531
f 4532 4531 4305
f 4532 4305 4530
f 4530 4529 4532
f 4533 4534 4535
f 4535 4310 4315
f 4535 4315 4533
f 4536 4314 4315
f 4536 4315 4533
f 4533 4536 4537
f 4533 4537 4538
f 4533 4538 4534
f 4524 4296 4539
f 4296 4319 4539
f 4319 4310 4539
f 4310 4535 4539
f 4540 4534 4535
f 4540 4535 4539
f 4540 4525 4524
f 4540 4524 4539
f 4541 4531 4308
f 4541 4308 4542
f 4308 4323 4542
f 4531 4532 4541
f 4543 4544 4545
f 4543 4545 4546
f 4546 4326 4323
f 4546 4323 4543
f 4323 4542 4543
f 4541 4542 4543
f 4541 4543 4547
f 4543 4547 4544
f 4545 4546 4548
f 4545 4544 4548
f 4549 4550 4551
f 4549 4551 4552
f 4549 4552 4553
f 4549 4553 4554
f 4549 4554 4555
f 4549 4555 4550
f 4556 4557 4558
f 4558 4328 4333
f 4558 4333 4556
f 4559 4332 4333
f 4559 4333 4556
f 4559 4552 4551
f 4559 4551 4556
f 4560 4550 4551
f 4560 4551 4556
f 4556 4560 4557
f 4536 4314 4561
f 4314 4337 4561
f 4337 4328 4561
f 4328 4558 4561
f 4562 4557 4558
f 4562 4558 4561
f 4562 4537 4536
f 4562 4536 4561
f 4326 4546 4563
f 4326 4341 4563
f 4564 4565 4566
f 4344 4347 4564
f 4344 4564 4566
f 4347 4341 4564
f 4341 4563 4564
f 4563 4546 4564
f 4565 4548 4546
f 4565 4546 4564
f 4567 4568 4569
f 4569 4349 4353
f 4569 4353 4567
f 4353 4344 4567
f 4344 4566 4567
f 4570 4565 4566
f 4570 4566 4567
f 4567 4570 4568
f 4571 4572 4573
f 4573 4355 4359
f 4573 4359 4571
f 4359 4349 4571
f 4349 4569 4571
f 4574 4568 4569
f 4574 4569 4571
f 4571 4574 4572
f 4575 4576 4577
f 4577 4361 4365
f 4577 4365 4575
f 4365 4355 4575
f 4355 4573 4575
f 4578 4572 4573
f 4578 4573 4575
f 4575 4578 4576
f 4579 4580 4581
f 4581 4367 4371
f 4581 4371 4579
f 4371 4361 4579
f 4361 4577 4579
f 4582 4576 4577
f 4582 4577 4579
f 4579 4582 4580
f 4583 4552 4553
f 4583 4553 4584
f 4583 4373 4376
f 4583 4376 4584
f 4376 4367 4584
f 4367 4581 4584
f 4585 4580 4581
f 4585 4581 4584
f 4585 4554 4553
f 4585 4553 4584
f 4559 4332 4586
f 4332 4379 4586
f 4379 4373 4586
f 4373 4583 4586
f 4583 4552 4586
f 4552 4559 4586
f 4396 4393 4587
f 4396 4395 4587
f 4400 4398 4588
f 4588 4400 4393
f 4588 4393 4589
f 4393 4587 4589
f 4404 4402 4590
f 4590 4404 4398
f 4590 4398 4591
f 4398 4588 4591
f 4408 4406 4592
f 4592 4408 4402
f 4592 4402 4593
f 4402 4590 4593
f 4412 4410 4594
f 4595 4594 4412
f 4595 4412 4406
f 4406 4592 4595
f 4410 4415 4596
f 4410 4594 4596
f 4422 4418 4597
f 4422 4421 4597
f 4425 4423 4598
f 4598 4425 4418
f 4598 4418 4599
f 4418 4597 4599
f 4395 4587 4600
f 4601 4600 4395
f 4601 4395 4426
f 4601 4426 4423
f 4601 4423 4602
f 4423 4598 4602
f 4589 4588 4603
f 4600 4601 4604
f 4605 4604 4600
f 4605 4600 4587
f 4603 4605 4587
f 4603 4587 4589
f 4591 4590 4606
f 4588 4603 4607
f 4606 4607 4588
f 4606 4588 4591
f 4593 4592 4608
f 4590 4606 4609
f 4608 4609 4590
f 4608 4590 4593
f 4594 4595 4610
f 4594 4610 4611
f 4610 4611 4612
f 4610 4612 4613
f 4610 4613 4614
f 4614 4608 4592
f 4614 4592 4610
f 4592 4595 4610
f 4596 4415 4615
f 4616 4427 4415
f 4616 4415 4615
f 4615 4616 4617
f 4617 4612 4611
f 4617 4611 4615
f 4611 4594 4615
f 4594 4596 4615
f 4430 4428 4618
f 4618 4430 4427
f 4618 4427 4619
f 4427 4616 4619
f 4428 4432 4620
f 4428 4618 4620
f 4438 4434 4621
f 4438 4437 4621
f 4421 4597 4622
f 4623 4622 4421
f 4623 4421 4440
f 4623 4440 4434
f 4623 4434 4624
f 4434 4621 4624
f 4599 4598 4625
f 4622 4623 4626
f 4627 4626 4622
f 4627 4622 4597
f 4627 4597 4599
f 4627 4599 4625
f 4602 4601 4628
f 4598 4625 4629
f 4629 4598 4602
f 4629 4602 4628
f 4601 4628 4630
f 4601 4604 4630
f 4613 4612 4631
f 4613 4614 4631
f 4617 4616 4632
f 4612 4631 4633
f 4632 4633 4612
f 4632 4612 4617
f 4634 4618 4619
f 4634 4619 4635
f 4635 4634 4636
f 4635 4636 4637
f 4635 4637 4638
f 4638 4632 4616
f 4638 4616 4635
f 4616 4619 4635
f 4620 4432 4639
f 4640 4441 4432
f 4640 4432 4639
f 4639 4640 4641
f 4636 4634 4639
f 4636 4639 4641
f 4634 4618 4639
f 4618 4620 4639
f 4441 4444 4642
f 4441 4640 4642
f 4450 4446 4643
f 4450 4449 4643
f 4437 4621 4644
f 4645 4644 4437
f 4645 4437 4452
f 4645 4452 4446
f 4645 4446 4646
f 4446 4643 4646
f 4624 4623 4647
f 4644 4645 4648
f 4649 4648 4644
f 4649 4644 4621
f 4649 4621 4624
f 4649 4624 4647
f 4623 4647 4650
f 4623 4626 4650
f 4637 4636 4651
f 4637 4638 4651
f 4652 4640 4641
f 4652 4641 4653
f 4653 4652 4654
f 4653 4654 4655
f 4653 4655 4656
f 4656 4651 4636
f 4656 4636 4653
f 4636 4641 4653
f 4642 4444 4657
f 4658 4454 4444
f 4658 4444 4657
f 4657 4658 4659
f 4654 4652 4657
f 4654 4657 4659
f 4652 4640 4657
f 4640 4642 4657
f 4454 4456 4660
f 4454 4658 4660
f 4449 4643 4661
f 4662 4661 4449
f 4662 4449 4460
f 4460 4459 4662
f 4645 4646 4663
f 4645 4663 4664
f 4663 4664 4665
f 4663 4665 4666
f 4662 4661 4663
f 4662 4663 4666
f 4661 4643 4663
f 4643 4646 4663
f 4664 4665 4667
f 4668 4667 4664
f 4668 4664 4645
f 4645 4648 4668
f 4654 4655 4669
f 4654 4669 4670
f 4669 4670 4671
f 4669 4671 4672
f 4669 4672 4673
f 4669 4673 4674
f 4656 4655 4669
f 4656 4669 4674
f 4675 4658 4659
f 4675 4659 4676
f 4676 4675 4677
f 4676 4677 4678
f 4678 4671 4670
f 4678 4670 4676
f 4670 4654 4676
f 4654 4659 4676
f 4660 4456 4679
f 4456 4464 4679
f 4463 4464 4679
f 4463 4679 4680
f 4677 4675 4679
f 4677 4679 4680
f 4675 4658 4679
f 4658 4660 4679
f 4459 4662 4681
f 4681 4459 4468
f 4681 4468 4682
f 4468 4467 4682
f 4666 4665 4683
f 4681 4682 4684
f 4685 4684 4681
f 4685 4681 4662
f 4685 4662 4666
f 4685 4666 4683
f 4665 4683 4686
f 4665 4667 4686
f 4672 4671 4687
f 4672 4673 4687
f 4688 4677 4678
f 4688 4678 4689
f 4689 4688 4690
f 4689 4690 4691
f 4689 4691 4692
f 4692 4687 4671
f 4692 4671 4689
f 4671 4678 4689
f 4680 4463 4693
f 4463 4473 4693
f 4694 4472 4473
f 4694 4473 4693
f 4690 4688 4693
f 4690 4693 4694
f 4688 4677 4693
f 4677 4680 4693
f 4467 4682 4695
f 4695 4467 4478
f 4695 4478 4696
f 4478 4477 4696
f 4695 4696 4697
f 4698 4697 4695
f 4698 4695 4682
f 4682 4684 4698
f 4699 4690 4691
f 4699 4691 4700
f 4700 4699 4701
f 4700 4701 4702
f 4700 4702 4703
f 4700 4703 4704
f 4704 4692 4691
f 4704 4691 4700
f 4694 4472 4705
f 4472 4484 4705
f 4706 4483 4484
f 4706 4484 4705
f 4706 4701 4699
f 4706 4699 4705
f 4699 4690 4705
f 4690 4694 4705
f 4477 4696 4707
f 4707 4477 4490
f 4707 4490 4708
f 4490 4489 4708
f 4707 4708 4709
f 4710 4709 4707
f 4710 4707 4696
f 4696 4697 4710
f 4711 4701 4702
f 4711 4702 4712
f 4712 4711 4713
f 4712 4713 4714
f 4712 4714 4715
f 4712 4715 4716
f 4716 4703 4702
f 4716 4702 4712
f 4706 4483 4717
f 4483 4496 4717
f 4718 4495 4496
f 4718 4496 4717
f 4718 4713 4711
f 4718 4711 4717
f 4711 4701 4717
f 4701 4706 4717
f 4489 4708 4719
f 4719 4489 4502
f 4719 4502 4720
f 4502 4501 4720
f 4721 4722 4723
f 4721 4723 4724
f 4721 4724 4725
f 4720 4719 4721
f 4720 4721 4725
f 4719 4708 4721
f 4709 4708 4721
f 4709 4721 4722
f 4723 4724 4726
f 4723 4722 4726
f 4727 4728 4729
f 4727 4729 4730
f 4727 4730 4731
f 4727 4731 4732
f 4727 4732 4733
f 4727 4733 4728
f 4734 4713 4714
f 4734 4714 4735
f 4735 4734 4736
f 4735 4736 4737
f 4737 4730 4729
f 4737 4729 4735
f 4738 4728 4729
f 4738 4729 4735
f 4738 4715 4714
f 4738 4714 4735
f 4718 4495 4739
f 4495 4507 4739
f 4740 4506 4507
f 4740 4507 4739
f 4740 4736 4734
f 4740 4734 4739
f 4734 4713 4739
f 4713 4718 4739
f 4501 4720 4741
f 4741 4501 4512
f 4741 4512 4742
f 4512 4511 4742
f 4743 4724 4725
f 4743 4725 4744
f 4744 4743 4745
f 4744 4745 4746
f 4746 4742 4741
f 4746 4741 4744
f 4741 4720 4744
f 4720 4725 4744
f 4743 4745 4747
f 4747 4743 4724
f 4747 4724 4748
f 4724 4726 4748
f 4749 4730 4731
f 4749 4731 4750
f 4750 4749 4751
f 4750 4751 4752
f 4750 4752 4753
f 4750 4753 4754
f 4754 4732 4731
f 4754 4731 4750
f 4755 4736 4737
f 4755 4737 4756
f 4756 4755 4757
f 4756 4757 4758
f 4758 4751 4749
f 4758 4749 4756
f 4749 4730 4756
f 4730 4737 4756
f 4740 4506 4759
f 4506 4516 4759
f 4760 4515 4516
f 4760 4516 4759
f 4760 4757 4755
f 4760 4755 4759
f 4755 4736 4759
f 4736 4740 4759
f 4511 4742 4761
f 4511 4518 4761
f 4745 4746 4762
f 4745 4762 4763
f 4762 4763 4764
f 4520 4518 4762
f 4520 4762 4764
f 4518 4761 4762
f 4761 4742 4762
f 4742 4746 4762
f 4765 4766 4767
f 4765 4767 4768
f 4765 4768 4769
f 4769 4764 4763
f 4769 4763 4765
f 4763 4745 4765
f 4766 4747 4745
f 4766 4745 4765
f 4767 4768 4770
f 4767 4766 4770
f 4771 4772 4773
f 4771 4773 4774
f 4771 4774 4775
f 4771 4775 4776
f 4771 4776 4777
f 4771 4777 4772
f 4778 4751 4752
f 4778 4752 4779
f 4779 4778 4780
f 4779 4780 4781
f 4781 4774 4773
f 4781 4773 4779
f 4782 4772 4773
f 4782 4773 4779
f 4782 4753 4752
f 4782 4752 4779
f 4783 4757 4758
f 4783 4758 4784
f 4783 4522 4526
f 4783 4526 4784
f 4785 4525 4526
f 4785 4526 4784
f 4785 4780 4778
f 4785 4778 4784
f 4778 4751 4784
f 4751 4758 4784
f 4760 4515 4786
f 4515 4528 4786
f 4528 4522 4786
f 4522 4783 4786
f 4783 4757 4786
f 4757 4760 4786
f 4520 4764 4787
f 4520 4529 4787
f 4768 4769 4788
f 4768 4788 4789
f 4788 4789 4790
f 4790 4532 4529
f 4790 4529 4788
f 4529 4787 4788
f 4787 4764 4788
f 4764 4769 4788
f 4791 4792 4793
f 4791 4793 4794
f 4791 4794 4795
f 4795 4790 4789
f 4795 4789 4791
f 4789 4768 4791
f 4792 4770 4768
f 4792 4768 4791
f 4796 4797 4798
f 4796 4798 4799
f 4796 4799 4800
f 4794 4793 4796
f 4794 4796 4800
f 4801 4792 4793
f 4801 4793 4796
f 4796 4801 4797
f 4802 4803 4804
f 4802 4804 4805
f 4802 4805 4806
f 4799 4798 4802
f 4799 4802 4806
f 4797 4798 4802
f 4797 4802 4807
f 4802 4807 4803
f 4804 4805 4808
f 4804 4803 4808
f 4809 4810 4811
f 4809 4811 4812
f 4809 4812 4813
f 4809 4813 4814
f 4809 4814 4815
f 4809 4815 4810
f 4816 4817 4818
f 4816 4818 4819
f 4816 4819 4820
f 4820 4812 4811
f 4820 4811 4816
f 4821 4810 4811
f 4821 4811 4816
f 4816 4821 4817
f 4822 4823 4824
f 4822 4824 4825
f 4822 4825 4826
f 4826 4819 4818
f 4826 4818 4822
f 4827 4817 4818
f 4827 4818 4822
f 4822 4827 4823
f 4828 4774 4775
f 4828 4775 4829
f 4829 4828 4830
f 4829 4830 4831
f 4831 4825 4824
f 4831 4824 4829
f 4832 4823 4824
f 4832 4824 4829
f 4832 4776 4775
f 4832 4775 4829
f 4833 4780 4781
f 4833 4781 4834
f 4833 4534 4538
f 4833 4538 4834
f 4835 4537 4538
f 4835 4538 4834
f 4835 4830 4828
f 4835 4828 4834
f 4828 4774 4834
f 4774 4781 4834
f 4785 4525 4836
f 4525 4540 4836
f 4540 4534 4836
f 4534 4833 4836
f 4833 4780 4836
f 4780 4785 4836
f 4532 4790 4837
f 4532 4541 4837
f 4794 4795 4838
f 4794 4838 4839
f 4839 4544 4547
f 4839 4547 4838
f 4547 4541 4838
f 4541 4837 4838
f 4837 4790 4838
f 4790 4795 4838
f 4840 4799 4800
f 4840 4800 4841
f 4841 4840 4842
f 4842 4548 4544
f 4842 4544 4841
f 4544 4839 4841
f 4839 4794 4841
f 4794 4800 4841
f 4843 4805 4806
f 4843 4806 4844
f 4844 4843 4845
f 4844 4845 4846
f 4846 4842 4840
f 4846 4840 4844
f 4840 4799 4844
f 4799 4806 4844
f 4847 4848 4849
f 4847 4849 4850
f 4847 4850 4851
f 4851 4845 4843
f 4851 4843 4847
f 4843 4805 4847
f 4848 4808 4805
f 4848 4805 4847
f 4852 4812 4813
f 4852 4813 4853
f 4853 4852 4854
f 4853 4854 4855
f 4855 4850 4849
f 4855 4849 4853
f 4856 4848 4849
f 4856 4849 4853
f 4856 4814 4813
f 4856 4813 4853
f 4857 4819 4820
f 4857 4820 4858
f 4858 4857 4859
f 4858 4859 4860
f 4860 4854 4852
f 4860 4852 4858
f 4852 4812 4858
f 4812 4820 4858
f 4861 4825 4826
f 4861 4826 4862
f 4861 4550 4555
f 4861 4555 4862
f 4863 4554 4555
f 4863 4555 4862
f 4863 4859 4857
f 4863 4857 4862
f 4857 4819 4862
f 4819 4826 4862
f 4864 4830 4831
f 4864 4831 4865
f 4864 4557 4560
f 4864 4560 4865
f 4560 4550 4865
f 4550 4861 4865
f 4861 4825 4865
f 4825 4831 4865
f 4835 4537 4866
f 4537 4562 4866
f 4562 4557 4866
f 4557 4864 4866
f 4864 4830 4866
f 4830 4835 4866
f 4548 4842 4867
f 4548 4565 4867
f 4845 4846 4868
f 4845 4868 4869
f 4568 4570 4868
f 4568 4868 4869
f 4570 4565 4868
f 4565 4867 4868
f 4867 4842 4868
f 4842 4846 4868
f 4870 4850 4851
f 4870 4851 4871
f 4870 4572 4574
f 4870 4574 4871
f 4574 4568 4871
f 4568 4869 4871
f 4869 4845 4871
f 4845 4851 4871
f 4872 4854 4855
f 4872 4855 4873
f 4872 4576 4578
f 4872 4578 4873
f 4578 4572 4873
f 4572 4870 4873
f 4870 4850 4873
f 4850 4855 4873
f 4874 4859 4860
f 4874 4860 4875
f 4874 4580 4582
f 4874 4582 4875
f 4582 4576 4875
f 4576 4872 4875
f 4872 4854 4875
f 4854 4860 4875
f 4863 4554 4876
f 4554 4585 4876
f 4585 4580 4876
f 4580 4874 4876
f 4874 4859 4876
f 4859 4863 4876
f 4605 4603 4877
f 4605 4604 4877
f 4607 4606 4878
f 4878 4607 4603
f 4878 4603 4879
f 4603 4877 4879
f 4609 4608 4880
f 4881 4880 4609
f 4881 4609 4606
f 4606 4878 4881
f 4608 4614 4882
f 4608 4880 4882
f 4627 4625 4883
f 4627 4626 4883
f 4884 4885 4886
f 4886 4628 4629
f 4886 4629 4884
f 4629 4625 4884
f 4887 4883 4625
f 4887 4625 4884
f 4884 4887 4888
f 4884 4888 4885
f 4889 4877 4604
f 4889 4604 4890
f 4604 4630 4890
f 4630 4628 4890
f 4628 4886 4890
f 4885 4886 4890
f 4885 4890 4891
f 4890 4891 4889
f 4879 4878 4892
f 4877 4889 4893
f 4893 4877 4879
f 4893 4879 4892
f 4881 4880 4894
f 4878 4892 4895
f 4895 4878 4881
f 4895 4881 4894
f 4896 4882 4614
f 4896 4614 4897
f 4614 4631 4897
f 4880 4894 4898
f 4898 4880 4882
f 4898 4882 4896
f 4633 4632 4899
f 4899 4633 4631
f 4899 4631 4900
f 4900 4631 4897
f 4900 4897 4901
f 4897 4896 4901
f 4632 4638 4902
f 4632 4899 4902
f 4649 4647 4903
f 4649 4648 4903
f 4904 4883 4626
f 4904 4626 4905
f 4626 4650 4905
f 4650 4647 4905
f 4906 4903 4647
f 4906 4647 4905
f 4905 4906 4907
f 4905 4907 4904
f 4883 4904 4908
f 4883 4887 4908
f 4900 4899 4909
f 4900 4901 4909
f 4902 4638 4910
f 4651 4638 4910
f 4651 4910 4911
f 4910 4911 4912
f 4910 4912 4913
f 4909 4899 4910
f 4909 4910 4913
f 4899 4902 4910
f 4651 4656 4914
f 4651 4911 4914
f 4915 4903 4648
f 4915 4648 4916
f 4648 4668 4916
f 4917 4667 4668
f 4917 4668 4916
f 4916 4917 4918
f 4916 4918 4919
f 4916 4919 4915
f 4903 4915 4920
f 4903 4906 4920
f 4912 4911 4921
f 4912 4913 4921
f 4914 4656 4922
f 4656 4674 4922
f 4923 4673 4674
f 4923 4674 4922
f 4922 4923 4924
f 4924 4921 4911
f 4924 4911 4922
f 4911 4914 4922
f 4685 4683 4925
f 4685 4684 4925
f 4917 4667 4926
f 4667 4686 4926
f 4686 4683 4926
f 4925 4683 4926
f 4925 4926 4927
f 4926 4927 4928
f 4918 4917 4926
f 4918 4926 4928
f 4923 4673 4929
f 4930 4687 4673
f 4930 4673 4929
f 4929 4930 4931
f 4929 4931 4932
f 4929 4932 4933
f 4933 4924 4923
f 4933 4923 4929
f 4687 4692 4934
f 4687 4930 4934
f 4684 4925 4935
f 4936 4935 4684
f 4936 4684 4698
f 4698 4697 4936
f 4935 4936 4937
f 4937 4935 4925
f 4937 4925 4938
f 4925 4927 4938
f 4939 4930 4931
f 4939 4931 4940
f 4940 4939 4941
f 4940 4941 4942
f 4940 4942 4943
f 4940 4943 4944
f 4944 4932 4931
f 4944 4931 4940
f 4934 4692 4945
f 4692 4704 4945
f 4703 4704 4945
f 4703 4945 4946
f 4946 4941 4939
f 4946 4939 4945
f 4939 4930 4945
f 4930 4934 4945
f 4697 4936 4947
f 4947 4697 4710
f 4947 4710 4948
f 4710 4709 4948
f 4947 4948 4949
f 4949 4947 4936
f 4949 4936 4950
f 4936 4937 4950
f 4951 4941 4942
f 4951 4942 4952
f 4952 4951 4953
f 4952 4953 4954
f 4952 4954 4955
f 4952 4955 4956
f 4956 4943 4942
f 4956 4942 4952
f 4946 4703 4957
f 4703 4716 4957
f 4958 4715 4716
f 4958 4716 4957
f 4958 4953 4951
f 4958 4951 4957
f 4951 4941 4957
f 4941 4946 4957
f 4709 4948 4959
f 4709 4722 4959
f 4722 4726 4960
f 4961 4960 4722
f 4961 4722 4959
f 4962 4961 4959
f 4962 4959 4948
f 4948 4949 4962
f 4963 4953 4954
f 4963 4954 4964
f 4963 4728 4733
f 4963 4733 4964
f 4965 4732 4733
f 4965 4733 4964
f 4964 4965 4966
f 4964 4966 4967
f 4967 4955 4954
f 4967 4954 4964
f 4958 4715 4968
f 4715 4738 4968
f 4738 4728 4968
f 4728 4963 4968
f 4963 4953 4968
f 4953 4958 4968
f 4969 4970 4960
f 4969 4960 4726
f 4969 4726 4748
f 4969 4748 4971
f 4748 4747 4971
f 4960 4961 4970
f 4969 4971 4972
f 4969 4970 4972
f 4973 4974 4975
f 4973 4975 4976
f 4973 4976 4977
f 4973 4977 4978
f 4973 4978 4979
f 4973 4979 4974
f 4965 4732 4980
f 4732 4754 4980
f 4981 4753 4754
f 4981 4754 4980
f 4981 4976 4975
f 4981 4975 4980
f 4982 4974 4975
f 4982 4975 4980
f 4982 4966 4965
f 4982 4965 4980
f 4747 4971 4983
f 4747 4766 4983
f 4984 4985 4986
f 4984 4986 4987
f 4987 4770 4766
f 4987 4766 4984
f 4766 4983 4984
f 4983 4971 4984
f 4972 4971 4984
f 4972 4984 4985
f 4988 4989 4990
f 4988 4990 4991
f 4988 4991 4992
f 4992 4987 4986
f 4992 4986 4988
f 4985 4986 4988
f 4985 4988 4993
f 4988 4993 4989
f 4990 4991 4994
f 4990 4989 4994
f 4995 4996 4997
f 4995 4997 4998
f 4995 4998 4999
f 4995 4999 5000
f 4995 5000 5001
f 4995 5001 4996
f 5002 5003 5004
f 5002 5004 5005
f 5002 5005 5006
f 5006 4998 4997
f 5006 4997 5002
f 5007 4996 4997
f 5007 4997 5002
f 5002 5007 5003
f 5008 4976 4977
f 5008 4977 5009
f 5008 4772 4777
f 5008 4777 5009
f 5010 4776 4777
f 5010 4777 5009
f 5010 5005 5004
f 5010 5004 5009
f 5011 5003 5004
f 5011 5004 5009
f 5011 4978 4977
f 5011 4977 5009
f 4981 4753 5012
f 4753 4782 5012
f 4782 4772 5012
f 4772 5008 5012
f 5008 4976 5012
f 4976 4981 5012
f 4770 4987 5013
f 4770 4792 5013
f 4991 4992 5014
f 4991 5014 5015
f 4797 4801 5014
f 4797 5014 5015
f 4801 4792 5014
f 4792 5013 5014
f 5013 4987 5014
f 4987 4992 5014
f 5016 5017 5018
f 5018 4803 4807
f 5018 4807 5016
f 4807 4797 5016
f 4797 5015 5016
f 5015 4991 5016
f 5017 4994 4991
f 5017 4991 5016
f 5019 5020 5021
f 5019 5021 5022
f 5022 4808 4803
f 5022 4803 5019
f 4803 5018 5019
f 5023 5017 5018
f 5023 5018 5019
f 5019 5023 5020
f 5024 5025 5026
f 5026 4810 4815
f 5026 4815 5024
f 5027 4814 4815
f 5027 4815 5024
f 5027 5022 5021
f 5027 5021 5024
f 5028 5020 5021
f 5028 5021 5024
f 5024 5028 5025
f 5029 4998 4999
f 5029 4999 5030
f 5029 4817 4821
f 5029 4821 5030
f 4821 4810 5030
f 4810 5026 5030
f 5031 5025 5026
f 5031 5026 5030
f 5031 5000 4999
f 5031 4999 5030
f 5032 5005 5006
f 5032 5006 5033
f 5032 4823 4827
f 5032 4827 5033
f 4827 4817 5033
f 4817 5029 5033
f 5029 4998 5033
f 4998 5006 5033
f 5010 4776 5034
f 4776 4832 5034
f 4832 4823 5034
f 4823 5032 5034
f 5032 5005 5034
f 5005 5010 5034
f 4808 5022 5035
f 4808 4848 5035
f 5027 4814 5036
f 4814 4856 5036
f 4856 4848 5036
f 4848 5035 5036
f 5035 5022 5036
f 5022 5027 5036
f 4888 4885 5037
f 4888 4887 5037
f 5038 5039 5040
f 4889 4891 5038
f 4889 5038 5040
f 4891 4885 5038
f 5041 5037 4885
f 5041 4885 5038
f 5038 5041 5042
f 5038 5042 5039
f 5043 5044 5045
f 4892 4893 5043
f 4892 5043 5045
f 4893 4889 5043
f 4889 5040 5043
f 5046 5039 5040
f 5046 5040 5043
f 5043 5046 5044
f 5047 5048 5049
f 4894 4895 5047
f 4894 5047 5049
f 4895 4892 5047
f 4892 5045 5047
f 5044 5045 5047
f 5044 5047 5050
f 5047 5050 5048
f 4898 4896 5051
f 5052 5051 4898
f 5052 4898 4894
f 5053 5052 4894
f 5053 4894 5049
f 5049 5048 5053
f 4896 4901 5054
f 4896 5051 5054
f 5055 5056 5057
f 4904 4907 5055
f 4904 5055 5057
f 4906 4907 5055
f 4906 5055 5058
f 5055 5058 5059
f 5055 5059 5060
f 5055 5060 5056
f 5061 5037 4887
f 5061 4887 5062
f 4887 4908 5062
f 4908 4904 5062
f 4904 5057 5062
f 5063 5056 5057
f 5063 5057 5062
f 5062 5063 5061
f 5037 5061 5064
f 5037 5041 5064
f 5052 5051 5065
f 5052 5053 5065
f 5066 5067 5054
f 5066 5054 4901
f 4901 4909 5066
f 5051 5065 5068
f 5067 5068 5051
f 5067 5051 5054
f 4909 4913 5069
f 5069 4909 5066
f 5069 5066 5070
f 5066 5067 5070
f 4919 4915 5071
f 4919 4918 5071
f 5058 4906 5072
f 4906 4920 5072
f 4920 4915 5072
f 5073 5071 4915
f 5073 4915 5072
f 5072 5073 5074
f 5074 5059 5058
f 5074 5058 5072
f 5069 4913 5075
f 4921 4913 5075
f 4921 5075 5076
f 5075 5076 5077
f 5075 5077 5078
f 5075 5078 5079
f 5079 5070 5069
f 5079 5069 5075
f 4921 4924 5080
f 4921 5076 5080
f 5081 5071 4918
f 5081 4918 5082
f 4918 4928 5082
f 4927 4928 5082
f 4927 5082 5083
f 5082 5083 5084
f 5082 5084 5085
f 5082 5085 5081
f 5071 5081 5086
f 5071 5073 5086
f 5077 5076 5087
f 5077 5078 5087
f 5080 4924 5088
f 4924 4933 5088
f 4932 4933 5088
f 4932 5088 5089
f 5088 5089 5090
f 5090 5087 5076
f 5090 5076 5088
f 5076 5080 5088
f 5083 4927 5091
f 4927 4938 5091
f 4937 4938 5091
f 4937 5091 5092
f 5091 5092 5093
f 5091 5093 5094
f 5094 5084 5083
f 5094 5083 5091
f 5089 4932 5095
f 4932 4944 5095
f 5096 4943 4944
f 5096 4944 5095
f 5095 5096 5097
f 5095 5097 5098
f 5098 5090 5089
f 5098 5089 5095
f 5092 4937 5099
f 4937 4950 5099
f 4949 4950 5099
f 4949 5099 5100
f 5099 5100 5101
f 5099 5101 5102
f 5093 5092 5099
f 5093 5099 5102
f 5096 4943 5103
f 4943 4956 5103
f 5104 4955 4956
f 5104 4956 5103
f 5103 5104 5105
f 5103 5105 5106
f 5106 5097 5096
f 5106 5096 5103
f 5107 5108 5100
f 5107 5100 4949
f 5107 4949 4962
f 5107 4962 5109
f 4962 4961 5109
f 5100 5101 5108
f 5107 5109 5110
f 5107 5108 5110
f 5111 5112 5113
f 5111 5113 5114
f 5111 5114 5115
f 5111 5115 5116
f 5111 5116 5117
f 5111 5117 5112
f 5104 4955 5118
f 4955 4967 5118
f 5119 4966 4967
f 5119 4967 5118
f 5119 5114 5113
f 5119 5113 5118
f 5120 5112 5113
f 5120 5113 5118
f 5120 5105 5104
f 5120 5104 5118
f 4961 5109 5121
f 4961 4970 5121
f 5122 5123 5124
f 5122 5124 5125
f 4972 4970 5122
f 4972 5122 5125
f 4970 5121 5122
f 5121 5109 5122
f 5110 5109 5122
f 5110 5122 5123
f 5124 5125 5126
f 5124 5123 5126
f 5127 5128 5129
f 5127 5129 5130
f 5127 5130 5131
f 5127 5131 5132
f 5127 5132 5133
f 5127 5133 5128
f 5134 5114 5115
f 5134 5115 5135
f 5134 4974 4979
f 5134 4979 5135
f 5136 4978 4979
f 5136 4979 5135
f 5136 5130 5129
f 5136 5129 5135
f 5137 5128 5129
f 5137 5129 5135
f 5137 5116 5115
f 5137 5115 5135
f 5119 4966 5138
f 4966 4982 5138
f 4982 4974 5138
f 4974 5134 5138
f 5134 5114 5138
f 5114 5119 5138
f 4972 5125 5139
f 4972 4985 5139
f 5140 5141 5142
f 4989 4993 5140
f 4989 5140 5142
f 4993 4985 5140
f 4985 5139 5140
f 5139 5125 5140
f 5126 5125 5140
f 5126 5140 5141
f 5143 5144 5145
f 5143 5145 5146
f 5146 4994 4989
f 5146 4989 5143
f 4989 5142 5143
f 5141 5142 5143
f 5141 5143 5147
f 5143 5147 5144
f 5148 5149 5150
f 5148 5150 5151
f 5148 5151 5152
f 5152 5146 5145
f 5152 5145 5148
f 5144 5145 5148
f 5144 5148 5153
f 5148 5153 5149
f 5154 5155 5156
f 5154 5156 5157
f 5154 5157 5158
f 5158 5151 5150
f 5158 5150 5154
f 5159 5149 5150
f 5159 5150 5154
f 5154 5159 5155
f 5160 5161 5162
f 5162 4996 5001
f 5162 5001 5160
f 5163 5000 5001
f 5163 5001 5160
f 5163 5157 5156
f 5163 5156 5160
f 5164 5155 5156
f 5164 5156 5160
f 5160 5164 5161
f 5165 5130 5131
f 5165 5131 5166
f 5165 5003 5007
f 5165 5007 5166
f 5007 4996 5166
f 4996 5162 5166
f 5167 5161 5162
f 5167 5162 5166
f 5167 5132 5131
f 5167 5131 5166
f 5136 4978 5168
f 4978 5011 5168
f 5011 5003 5168
f 5003 5165 5168
f 5165 5130 5168
f 5130 5136 5168
f 4994 5146 5169
f 4994 5017 5169
f 5170 5151 5152
f 5170 5152 5171
f 5020 5023 5171
f 5020 5171 5170
f 5023 5017 5171
f 5017 5169 5171
f 5169 5146 5171
f 5146 5152 5171
f 5172 5157 5158
f 5172 5158 5173
f 5172 5025 5028
f 5172 5028 5173
f 5028 5020 5173
f 5020 5170 5173
f 5170 5151 5173
f 5151 5158 5173
f 5163 5000 5174
f 5000 5031 5174
f 5031 5025 5174
f 5025 5172 5174
f 5172 5157 5174
f 5157 5163 5174
f 5042 5039 5175
f 5042 5041 5175
f 5046 5044 5176
f 5176 5046 5039
f 5176 5039 5177
f 5039 5175 5177
f 5050 5048 5178
f 5179 5178 5050
f 5179 5050 5044
f 5044 5176 5179
f 5048 5053 5180
f 5048 5178 5180
f 5060 5056 5181
f 5060 5059 5181
f 5063 5061 5182
f 5182 5063 5056
f 5182 5056 5183
f 5056 5181 5183
f 5041 5175 5184
f 5185 5184 5041
f 5185 5041 5064
f 5186 5185 5064
f 5186 5064 5061
f 5061 5182 5186
f 5177 5176 5187
f 5184 5185 5188
f 5189 5188 5184
f 5189 5184 5175
f 5187 5189 5175
f 5187 5175 5177
f 5178 5179 5190
f 5178 5190 5191
f 5190 5191 5192
f 5190 5192 5193
f 5190 5193 5194
f 5187 5176 5190
f 5187 5190 5194
f 5176 5179 5190
f 5180 5053 5195
f 5196 5065 5053
f 5196 5053 5195
f 5195 5196 5197
f 5197 5192 5191
f 5197 5191 5195
f 5191 5178 5195
f 5178 5180 5195
f 5068 5067 5198
f 5199 5198 5068
f 5199 5068 5065
f 5065 5196 5199
f 5067 5070 5200
f 5067 5198 5200
f 5059 5181 5201
f 5202 5201 5059
f 5202 5059 5074
f 5074 5073 5202
f 5183 5182 5203
f 5201 5202 5204
f 5204 5201 5181
f 5204 5181 5205
f 5205 5181 5183
f 5205 5183 5203
f 5186 5185 5206
f 5182 5203 5207
f 5207 5182 5186
f 5207 5186 5206
f 5185 5206 5208
f 5185 5188 5208
f 5193 5192 5209
f 5193 5194 5209
f 5197 5196 5210
f 5192 5209 5211
f 5210 5211 5192
f 5210 5192 5197
f 5212 5198 5199
f 5212 5199 5213
f 5213 5212 5214
f 5213 5214 5215
f 5213 5215 5216
f 5216 5210 5196
f 5216 5196 5213
f 5196 5199 5213
f 5200 5070 5217
f 5070 5079 5217
f 5078 5079 5217
f 5078 5217 5218
f 5214 5212 5217
f 5214 5217 5218
f 5212 5198 5217
f 5198 5200 5217
f 5085 5081 5219
f 5085 5084 5219
f 5073 5202 5220
f 5220 5073 5086
f 5220 5086 5221
f 5221 5086 5081
f 5221 5081 5222
f 5081 5219 5222
f 5220 5221 5223
f 5224 5223 5220
f 5224 5220 5202
f 5202 5204 5224
f 5214 5215 5225
f 5214 5225 5226
f 5225 5226 5227
f 5225 5227 5228
f 5225 5228 5229
f 5225 5229 5230
f 5216 5215 5225
f 5216 5225 5230
f 5218 5078 5231
f 5232 5087 5078
f 5232 5078 5231
f 5231 5232 5233
f 5233 5227 5226
f 5233 5226 5231
f 5226 5214 5231
f 5214 5218 5231
f 5087 5090 5234
f 5087 5232 5234
f 5084 5219 5235
f 5236 5235 5084
f 5236 5084 5094
f 5094 5093 5236
f 5221 5222 5237
f 5221 5237 5238
f 5237 5238 5239
f 5237 5239 5240
f 5236 5235 5237
f 5236 5237 5240
f 5235 5219 5237
f 5219 5222 5237
f 5238 5239 5241
f 5241 5238 5221
f 5241 5221 5242
f 5221 5223 5242
f 5243 5227 5228
f 5243 5228 5244
f 5244 5243 5245
f 5244 5245 5246
f 5244 5246 5247
f 5244 5247 5248
f 5248 5229 5228
f 5248 5228 5244
f 5249 5232 5233
f 5249 5233 5250
f 5250 5249 5251
f 5250 5251 5252
f 5252 5245 5243
f 5252 5243 5250
f 5243 5227 5250
f 5227 5233 5250
f 5234 5090 5253
f 5090 5098 5253
f 5097 5098 5253
f 5097 5253 5254
f 5251 5249 5253
f 5251 5253 5254
f 5249 5232 5253
f 5232 5234 5253
f 5093 5236 5255
f 5255 5093 5102
f 5255 5102 5256
f 5102 5101 5256
f 5239 5240 5257
f 5239 5257 5258
f 5257 5258 5259
f 5257 5259 5260
f 5260 5256 5255
f 5260 5255 5257
f 5255 5236 5257
f 5236 5240 5257
f 5258 5259 5261
f 5262 5261 5258
f 5262 5258 5239
f 5239 5241 5262
f 5263 5245 5246
f 5263 5246 5264
f 5264 5263 5265
f 5264 5265 5266
f 5264 5266 5267
f 5264 5267 5268
f 5268 5247 5246
f 5268 5246 5264
f 5269 5251 5252
f 5269 5252 5270
f 5270 5269 5271
f 5270 5271 5272
f 5272 5265 5263
f 5272 5263 5270
f 5263 5245 5270
f 5245 5252 5270
f 5254 5097 5273
f 5097 5106 5273
f 5274 5105 5106
f 5274 5106 5273
f 5274 5271 5269
f 5274 5269 5273
f 5269 5251 5273
f 5251 5254 5273
f 5101 5256 5275
f 5101 5108 5275
f 5259 5260 5276
f 5259 5276 5277
f 5276 5277 5278
f 5110 5108 5276
f 5110 5276 5278
f 5108 5275 5276
f 5275 5256 5276
f 5256 5260 5276
f 5279 5280 5281
f 5279 5281 5282
f 5279 5282 5283
f 5283 5278 5277
f 5283 5277 5279
f 5277 5259 5279
f 5280 5261 5259
f 5280 5259 5279
f 5284 5285 5286
f 5284 5286 5287
f 5284 5287 5288
f 5282 5281 5284
f 5282 5284 5288
f 5280 5281 5284
f 5280 5284 5289
f 5284 5289 5285
f 5286 5287 5290
f 5286 5285 5290
f 5291 5292 5293
f 5291 5293 5294
f 5291 5294 5295
f 5291 5295 5296
f 5291 5296 5297
f 5291 5297 5292
f 5298 5299 5300
f 5298 5300 5301
f 5298 5301 5302
f 5302 5294 5293
f 5302 5293 5298
f 5303 5292 5293
f 5303 5293 5298
f 5298 5303 5299
f 5304 5265 5266
f 5304 5266 5305
f 5305 5304 5306
f 5305 5306 5307
f 5307 5301 5300
f 5307 5300 5305
f 5308 5299 5300
f 5308 5300 5305
f 5308 5267 5266
f 5308 5266 5305
f 5309 5271 5272
f 5309 5272 5310
f 5309 5112 5117
f 5309 5117 5310
f 5311 5116 5117
f 5311 5117 5310
f 5311 5306 5304
f 5311 5304 5310
f 5304 5265 5310
f 5265 5272 5310
f 5274 5105 5312
f 5105 5120 5312
f 5120 5112 5312
f 5112 5309 5312
f 5309 5271 5312
f 5271 5274 5312
f 5110 5278 5313
f 5110 5123 5313
f 5282 5283 5314
f 5282 5314 5315
f 5314 5315 5316
f 5316 5126 5123
f 5316 5123 5314
f 5123 5313 5314
f 5313 5278 5314
f 5278 5283 5314
f 5317 5287 5288
f 5317 5288 5318
f 5318 5317 5319
f 5318 5319 5320
f 5320 5316 5315
f 5320 5315 5318
f 5315 5282 5318
f 5282 5288 5318
f 5321 5322 5323
f 5321 5323 5324
f 5321 5324 5325
f 5325 5319 5317
f 5325 5317 5321
f 5317 5287 5321
f 5322 5290 5287
f 5322 5287 5321
f 5326 5294 5295
f 5326 5295 5327
f 5327 5326 5328
f 5327 5328 5329
f 5329 5324 5323
f 5329 5323 5327
f 5330 5322 5323
f 5330 5323 5327
f 5330 5296 5295
f 5330 5295 5327
f 5331 5301 5302
f 5331 5302 5332
f 5332 5331 5333
f 5332 5333 5334
f 5334 5328 5326
f 5334 5326 5332
f 5326 5294 5332
f 5294 5302 5332
f 5335 5306 5307
f 5335 5307 5336
f 5335 5128 5133
f 5335 5133 5336
f 5337 5132 5133
f 5337 5133 5336
f 5337 5333 5331
f 5337 5331 5336
f 5331 5301 5336
f 5301 5307 5336
f 5311 5116 5338
f 5116 5137 5338
f 5137 5128 5338
f 5128 5335 5338
f 5335 5306 5338
f 5306 5311 5338
f 5126 5316 5339
f 5126 5141 5339
f 5319 5320 5340
f 5319 5340 5341
f 5341 5144 5147
f 5341 5147 5340
f 5147 5141 5340
f 5141 5339 5340
f 5339 5316 5340
f 5316 5320 5340
f 5342 5324 5325
f 5342 5325 5343
f 5342 5149 5153
f 5342 5153 5343
f 5153 5144 5343
f 5144 5341 5343
f 5341 5319 5343
f 5319 5325 5343
f 5344 5328 5329
f 5344 5329 5345
f 5344 5155 5159
f 5344 5159 5345
f 5159 5149 5345
f 5149 5342 5345
f 5342 5324 5345
f 5324 5329 5345
f 5346 5333 5334
f 5346 5334 5347
f 5346 5161 5164
f 5346 5164 5347
f 5164 5155 5347
f 5155 5344 5347
f 5344 5328 5347
f 5328 5334 5347
f 5337 5132 5348
f 5132 5167 5348
f 5167 5161 5348
f 5161 5346 5348
f 5346 5333 5348
f 5333 5337 5348
f 5189 5187 5349
f 5189 5188 5349
f 5187 5194 5350
f 5187 5349 5350
f 5351 5352 5353
f 5203 5205 5351
f 5203 5351 5353
f 5204 5205 5351
f 5204 5351 5354
f 5351 5354 5355
f 5351 5355 5356
f 5351 5356 5352
f 5357 5358 5359
f 5359 5206 5207
f 5359 5207 5357
f 5207 5203 5357
f 5203 5353 5357
f 5360 5352 5353
f 5360 5353 5357
f 5357 5360 5358
f 5361 5349 5188
f 5361 5188 5362
f 5188 5208 5362
f 5208 5206 5362
f 5206 5359 5362
f 5358 5359 5362
f 5358 5362 5363
f 5362 5363 5361
f 5364 5350 5194
f 5364 5194 5365
f 5194 5209 5365
f 5349 5361 5366
f 5366 5349 5350
f 5366 5350 5364
f 5367 5368 5369
f 5210 5211 5367
f 5210 5367 5369
f 5211 5209 5367
f 5209 5365 5367
f 5364 5365 5367
f 5364 5367 5370
f 5367 5370 5368
f 5210 5216 5371
f 5371 5210 5369
f 5371 5369 5372
f 5369 5368 5372
f 5354 5204 5373
f 5204 5224 5373
f 5374 5223 5224
f 5374 5224 5373
f 5373 5374 5375
f 5373 5375 5376
f 5376 5355 5354
f 5376 5354 5373
f 5371 5216 5377
f 5216 5230 5377
f 5378 5229 5230
f 5378 5230 5377
f 5377 5378 5379
f 5377 5379 5380
f 5380 5372 5371
f 5380 5371 5377
f 5374 5223 5381
f 5223 5242 5381
f 5241 5242 5381
f 5241 5381 5382
f 5381 5382 5383
f 5381 5383 5384
f 5375 5374 5381
f 5375 5381 5384
f 5378 5229 5385
f 5229 5248 5385
f 5386 5247 5248
f 5386 5248 5385
f 5385 5386 5387
f 5385 5387 5388
f 5388 5379 5378
f 5388 5378 5385
f 5389 5382 5241
f 5389 5241 5390
f 5390 5241 5262
f 5390 5262 5391
f 5262 5261 5391
f 5382 5383 5389
f 5390 5391 5392
f 5390 5389 5392
f 5393 5394 5395
f 5393 5395 5396
f 5393 5396 5397
f 5393 5397 5398
f 5393 5398 5399
f 5393 5399 5394
f 5386 5247 5400
f 5247 5268 5400
f 5401 5267 5268
f 5401 5268 5400
f 5401 5396 5395
f 5401 5395 5400
f 5402 5394 5395
f 5402 5395 5400
f 5402 5387 5386
f 5402 5386 5400
f 5261 5391 5403
f 5261 5280 5403
f 5404 5405 5406
f 5406 5285 5289
f 5406 5289 5404
f 5289 5280 5404
f 5280 5403 5404
f 5403 5391 5404
f 5392 5391 5404
f 5392 5404 5405
f 5407 5408 5409
f 5407 5409 5410
f 5410 5290 5285
f 5410 5285 5407
f 5285 5406 5407
f 5411 5405 5406
f 5411 5406 5407
f 5407 5411 5408
f 5412 5413 5414
f 5414 5292 5297
f 5414 5297 5412
f 5415 5296 5297
f 5415 5297 5412
f 5415 5410 5409
f 5415 5409 5412
f 5416 5408 5409
f 5416 5409 5412
f 5412 5416 5413
f 5417 5396 5397
f 5417 5397 5418
f 5417 5299 5303
f 5417 5303 5418
f 5303 5292 5418
f 5292 5414 5418
f 5419 5413 5414
f 5419 5414 5418
f 5419 5398 5397
f 5419 5397 5418
f 5401 5267 5420
f 5267 5308 5420
f 5308 5299 5420
f 5299 5417 5420
f 5417 5396 5420
f 5396 5401 5420
f 5290 5410 5421
f 5290 5322 5421
f 5415 5296 5422
f 5296 5330 5422
f 5330 5322 5422
f 5322 5421 5422
f 5421 5410 5422
f 5410 5415 5422
f 5356 5352 5423
f 5356 5355 5423
f 5424 5425 5426
f 5358 5360 5424
f 5358 5424 5426
f 5360 5352 5424
f 5427 5423 5352
f 5427 5352 5424
f 5424 5427 5428
f 5424 5428 5425
f 5429 5430 5431
f 5431 5361 5363
f 5431 5363 5429
f 5363 5358 5429
f 5358 5426 5429
f 5425 5426 5429
f 5425 5429 5432
f 5429 5432 5430
f 5433 5434 5435
f 5364 5366 5433
f 5364 5433 5435
f 5366 5361 5433
f 5361 5431 5433
f 5430 5431 5433
f 5430 5433 5436
f 5433 5436 5434
f 5370 5368 5437
f 5438 5437 5370
f 5438 5370 5364
f 5438 5364 5435
f 5438 5435 5439
f 5435 5434 5439
f 5368 5372 5440
f 5368 5437 5440
f 5441 5423 5355
f 5441 5355 5442
f 5355 5376 5442
f 5375 5376 5442
f 5375 5442 5443
f 5442 5443 5444
f 5442 5444 5445
f 5442 5445 5441
f 5423 5441 5446
f 5423 5427 5446
f 5438 5437 5447
f 5438 5439 5447
f 5440 5372 5448
f 5372 5380 5448
f 5379 5380 5448
f 5379 5448 5449
f 5448 5449 5450
f 5447 5437 5448
f 5447 5448 5450
f 5437 5440 5448
f 5451 5452 5443
f 5451 5443 5375
f 5453 5451 5375
f 5453 5375 5384
f 5384 5383 5453
f 5443 5444 5452
f 5451 5453 5454
f 5451 5452 5454
f 5455 5456 5457
f 5455 5457 5458
f 5455 5458 5459
f 5455 5459 5460
f 5455 5460 5461
f 5455 5461 5456
f 5449 5379 5462
f 5379 5388 5462
f 5463 5387 5388
f 5463 5388 5462
f 5463 5458 5457
f 5463 5457 5462
f 5464 5456 5457
f 5464 5457 5462
f 5464 5450 5449
f 5464 5449 5462
f 5383 5453 5465
f 5383 5389 5465
f 5466 5467 5468
f 5466 5468 5469
f 5392 5389 5466
f 5392 5466 5469
f 5389 5465 5466
f 5465 5453 5466
f 5467 5454 5453
f 5467 5453 5466
f 5468 5469 5470
f 5468 5467 5470
f 5471 5472 5473
f 5471 5473 5474
f 5471 5474 5475
f 5471 5475 5476
f 5471 5476 5477
f 5471 5477 5472
f 5478 5458 5459
f 5478 5459 5479
f 5478 5394 5399
f 5478 5399 5479
f 5480 5398 5399
f 5480 5399 5479
f 5480 5474 5473
f 5480 5473 5479
f 5481 5472 5473
f 5481 5473 5479
f 5481 5460 5459
f 5481 5459 5479
f 5463 5387 5482
f 5387 5402 5482
f 5402 5394 5482
f 5394 5478 5482
f 5478 5458 5482
f 5458 5463 5482
f 5392 5469 5483
f 5392 5405 5483
f 5484 5485 5486
f 5408 5411 5484
f 5408 5484 5486
f 5411 5405 5484
f 5405 5483 5484
f 5483 5469 5484
f 5485 5470 5469
f 5485 5469 5484
f 5487 5474 5475
f 5487 5475 5488
f 5487 5413 5416
f 5487 5416 5488
f 5416 5408 5488
f 5408 5486 5488
f 5489 5485 5486
f 5489 5486 5488
f 5489 5476 5475
f 5489 5475 5488
f 5480 5398 5490
f 5398 5419 5490
f 5419 5413 5490
f 5413 5487 5490
f 5487 5474 5490
f 5474 5480 5490
f 5428 5425 5491
f 5428 5427 5491
f 5432 5430 5492
f 5492 5432 5425
f 5492 5425 5493
f 5425 5491 5493
f 5436 5434 5494
f 5495 5494 5436
f 5495 5436 5430
f 5430 5492 5495
f 5434 5439 5496
f 5434 5494 5496
f 5445 5441 5497
f 5445 5444 5497
f 5427 5491 5498
f 5499 5498 5427
f 5499 5427 5446
f 5499 5446 5441
f 5499 5441 5500
f 5441 5497 5500
f 5492 5493 5501
f 5492 5501 5502
f 5501 5502 5503
f 5501 5503 5504
f 5499 5498 5501
f 5499 5501 5504
f 5498 5491 5501
f 5491 5493 5501
f 5505 5494 5495
f 5505 5495 5506
f 5506 5505 5507
f 5506 5507 5508
f 5508 5503 5502
f 5508 5502 5506
f 5502 5492 5506
f 5492 5495 5506
f 5496 5439 5509
f 5510 5447 5439
f 5510 5439 5509
f 5509 5510 5511
f 5507 5505 5509
f 5507 5509 5511
f 5505 5494 5509
f 5494 5496 5509
f 5447 5450 5512
f 5447 5510 5512
f 5444 5497 5513
f 5444 5452 5513
f 5499 5500 5514
f 5499 5514 5515
f 5514 5515 5516
f 5516 5454 5452
f 5516 5452 5514
f 5452 5513 5514
f 5513 5497 5514
f 5497 5500 5514
f 5517 5503 5504
f 5517 5504 5518
f 5518 5517 5519
f 5518 5519 5520
f 5516 5515 5518
f 5516 5518 5520
f 5515 5499 5518
f 5499 5504 5518
f 5521 5507 5508
f 5521 5508 5522
f 5522 5521 5523
f 5522 5523 5524
f 5524 5519 5517
f 5524 5517 5522
f 5517 5503 5522
f 5503 5508 5522
f 5525 5510 5511
f 5525 5511 5526
f 5525 5456 5461
f 5525 5461 5526
f 5527 5460 5461
f 5527 5461 5526
f 5527 5523 5521
f 5527 5521 5526
f 5521 5507 5526
f 5507 5511 5526
f 5512 5450 5528
f 5450 5464 5528
f 5464 5456 5528
f 5456 5525 5528
f 5525 5510 5528
f 5510 5512 5528
f 5454 5516 5529
f 5454 5467 5529
f 5530 5519 5520
f 5530 5520 5531
f 5531 5530 5532
f 5532 5470 5467
f 5532 5467 5531
f 5467 5529 5531
f 5529 5516 5531
f 5516 5520 5531
f 5533 5523 5524
f 5533 5524 5534
f 5533 5472 5477
f 5533 5477 5534
f 5535 5476 5477
f 5535 5477 5534
f 5535 5532 5530
f 5535 5530 5534
f 5530 5519 5534
f 5519 5524 5534
f 5527 5460 5536
f 5460 5481 5536
f 5481 5472 5536
f 5472 5533 5536
f 5533 5523 5536
f 5523 5527 5536
f 5470 5532 5537
f 5470 5485 5537
f 5535 5476 5538
f 5476 5489 5538
f 5489 5485 5538
f 5485 5537 5538
f 5537 5532 5538
f 5532 5535 5538
